protocol,target,variant_id,family,backend,row_uid,recording_key,study_set,true,pred,abs_error
main,fpos,source_reweighted_cluster_trust_pseudo_lightgbm_default,backend_sweep,lightgbm_default,PAIRED_BOYDEN::paired_boyden32c::419_1_8::IronClust::14,PAIRED_BOYDEN::paired_boyden32c::419_1_8,PAIRED_BOYDEN,0.0663265306122449,0.023401666,0.04292486417962581
main,fpos,source_reweighted_cluster_trust_pseudo_lightgbm_default,backend_sweep,lightgbm_default,PAIRED_BOYDEN::paired_boyden32c::419_1_8::IronClust::4,PAIRED_BOYDEN::paired_boyden32c::419_1_8,PAIRED_BOYDEN,0.05829903978052126,0.0965926,0.038293557882881295
main,fpos,source_reweighted_cluster_trust_pseudo_lightgbm_default,backend_sweep,lightgbm_default,PAIRED_BOYDEN::paired_boyden32c::419_1_8::JRClust::24,PAIRED_BOYDEN::paired_boyden32c::419_1_8,PAIRED_BOYDEN,0.08062093139709564,0.022222884,0.058398047397747954
main,fpos,source_reweighted_cluster_trust_pseudo_lightgbm_default,backend_sweep,lightgbm_default,PAIRED_BOYDEN::paired_boyden32c::419_1_8::JRClust::8,PAIRED_BOYDEN::paired_boyden32c::419_1_8,PAIRED_BOYDEN,0.03907637655417407,0.02056956,0.018506817367477064
main,fpos,source_reweighted_cluster_trust_pseudo_lightgbm_default,backend_sweep,lightgbm_default,PAIRED_BOYDEN::paired_boyden32c::419_1_8::KiloSort::17,PAIRED_BOYDEN::paired_boyden32c::419_1_8,PAIRED_BOYDEN,0.06424161521775405,0.016322486,0.04791912911517303
main,fpos,source_reweighted_cluster_trust_pseudo_lightgbm_default,backend_sweep,lightgbm_default,PAIRED_BOYDEN::paired_boyden32c::419_1_8::KiloSort2::27,PAIRED_BOYDEN::paired_boyden32c::419_1_8,PAIRED_BOYDEN,0.1342059838895282,0.045180466,0.08902551786346047
main,fpos,source_reweighted_cluster_trust_pseudo_lightgbm_default,backend_sweep,lightgbm_default,PAIRED_BOYDEN::paired_boyden32c::419_1_8::KiloSort2::46,PAIRED_BOYDEN::paired_boyden32c::419_1_8,PAIRED_BOYDEN,0.02341480088873697,0.027238933,0.0038241324807803574
main,fpos,source_reweighted_cluster_trust_pseudo_lightgbm_default,backend_sweep,lightgbm_default,PAIRED_BOYDEN::paired_boyden32c::419_1_8::MountainSort4::42,PAIRED_BOYDEN::paired_boyden32c::419_1_8,PAIRED_BOYDEN,0.16482219271063892,0.15240543,0.01241676680445758
main,fpos,source_reweighted_cluster_trust_pseudo_lightgbm_default,backend_sweep,lightgbm_default,PAIRED_BOYDEN::paired_boyden32c::419_1_8::SpykingCircus::24,PAIRED_BOYDEN::paired_boyden32c::419_1_8,PAIRED_BOYDEN,0.24721080446271285,0.18350992,0.06370088839558943
main,fpos,source_reweighted_cluster_trust_pseudo_lightgbm_default,backend_sweep,lightgbm_default,PAIRED_BOYDEN::paired_boyden32c::419_1_8::SpykingCircus::28,PAIRED_BOYDEN::paired_boyden32c::419_1_8,PAIRED_BOYDEN,0.029543112332531776,0.015293094,0.014250018002995815
main,fpos,source_reweighted_cluster_trust_pseudo_lightgbm_default,backend_sweep,lightgbm_default,PAIRED_BOYDEN::paired_boyden32c::419_1_8::Tridesclous::0,PAIRED_BOYDEN::paired_boyden32c::419_1_8,PAIRED_BOYDEN,0.15585806056898133,0.14125696,0.014601102322750248
main,fpos,source_reweighted_cluster_trust_pseudo_lightgbm_default,backend_sweep,lightgbm_default,PAIRED_CRCNS_HC1::paired_crcns::d11222_d11222.002::IronClust::2,PAIRED_CRCNS_HC1::paired_crcns::d11222_d11222.002,PAIRED_CRCNS_HC1,0.04466019417475728,0.31110224,0.2664420471029374
main,fpos,source_reweighted_cluster_trust_pseudo_lightgbm_default,backend_sweep,lightgbm_default,PAIRED_CRCNS_HC1::paired_crcns::d11222_d11222.002::JRClust::3,PAIRED_CRCNS_HC1::paired_crcns::d11222_d11222.002,PAIRED_CRCNS_HC1,0.039337474120082816,0.13499607,0.09565859733778004
main,fpos,source_reweighted_cluster_trust_pseudo_lightgbm_default,backend_sweep,lightgbm_default,PAIRED_CRCNS_HC1::paired_crcns::d11222_d11222.002::KiloSort::1,PAIRED_CRCNS_HC1::paired_crcns::d11222_d11222.002,PAIRED_CRCNS_HC1,0.03337783711615487,0.17339411,0.1400162766629131
main,fpos,source_reweighted_cluster_trust_pseudo_lightgbm_default,backend_sweep,lightgbm_default,PAIRED_CRCNS_HC1::paired_crcns::d11222_d11222.002::KiloSort2::10,PAIRED_CRCNS_HC1::paired_crcns::d11222_d11222.002,PAIRED_CRCNS_HC1,0.550417469492614,0.22216949,0.3282479808241723
main,fpos,source_reweighted_cluster_trust_pseudo_lightgbm_default,backend_sweep,lightgbm_default,PAIRED_CRCNS_HC1::paired_crcns::d11222_d11222.002::Klusta::2,PAIRED_CRCNS_HC1::paired_crcns::d11222_d11222.002,PAIRED_CRCNS_HC1,0.008777852802160702,0.12085612,0.11207826838028101
main,fpos,source_reweighted_cluster_trust_pseudo_lightgbm_default,backend_sweep,lightgbm_default,PAIRED_CRCNS_HC1::paired_crcns::d11222_d11222.002::MountainSort4::4,PAIRED_CRCNS_HC1::paired_crcns::d11222_d11222.002,PAIRED_CRCNS_HC1,0.360427807486631,0.2656712,0.09475661388693007
main,fpos,source_reweighted_cluster_trust_pseudo_lightgbm_default,backend_sweep,lightgbm_default,PAIRED_CRCNS_HC1::paired_crcns::d11222_d11222.002::SpykingCircus::4,PAIRED_CRCNS_HC1::paired_crcns::d11222_d11222.002,PAIRED_CRCNS_HC1,0.11986754966887417,0.13109297,0.011225415934000588
main,fpos,source_reweighted_cluster_trust_pseudo_lightgbm_default,backend_sweep,lightgbm_default,PAIRED_CRCNS_HC1::paired_crcns::d11222_d11222.002::Tridesclous::0,PAIRED_CRCNS_HC1::paired_crcns::d11222_d11222.002,PAIRED_CRCNS_HC1,0.021164021164021163,0.27739042,0.25622639927283797
main,fpos,source_reweighted_cluster_trust_pseudo_lightgbm_default,backend_sweep,lightgbm_default,PAIRED_ENGLISH::paired_english::m139_200114_191955::KiloSort2::25,PAIRED_ENGLISH::paired_english::m139_200114_191955,PAIRED_ENGLISH,0.7302739726027397,0.28385076,0.44642321333493273
main,fpos,source_reweighted_cluster_trust_pseudo_lightgbm_default,backend_sweep,lightgbm_default,PAIRED_ENGLISH::paired_english::m139_200114_191955::MountainSort4::36,PAIRED_ENGLISH::paired_english::m139_200114_191955,PAIRED_ENGLISH,0.8735255086994986,0.5586193,0.31490618830689
main,fpos,source_reweighted_cluster_trust_pseudo_lightgbm_default,backend_sweep,lightgbm_default,PAIRED_ENGLISH::paired_english::m139_200114_191955::SpykingCircus::42,PAIRED_ENGLISH::paired_english::m139_200114_191955,PAIRED_ENGLISH,0.5584045584045584,0.39706343,0.16134112428056546
main,fpos,source_reweighted_cluster_trust_pseudo_lightgbm_default,backend_sweep,lightgbm_default,PAIRED_ENGLISH::paired_english::m139_200114_222743::HerdingSpikes2::5,PAIRED_ENGLISH::paired_english::m139_200114_222743,PAIRED_ENGLISH,0.03257707969749855,0.31996736,0.28739027960692953
main,fpos,source_reweighted_cluster_trust_pseudo_lightgbm_default,backend_sweep,lightgbm_default,PAIRED_ENGLISH::paired_english::m139_200114_222743::IronClust::17,PAIRED_ENGLISH::paired_english::m139_200114_222743,PAIRED_ENGLISH,0.02675196277987787,0.31562075,0.28886878740894967
main,fpos,source_reweighted_cluster_trust_pseudo_lightgbm_default,backend_sweep,lightgbm_default,PAIRED_ENGLISH::paired_english::m139_200114_222743::KiloSort::88,PAIRED_ENGLISH::paired_english::m139_200114_222743,PAIRED_ENGLISH,0.015151515151515152,0.24404603,0.22889451727722632
main,fpos,source_reweighted_cluster_trust_pseudo_lightgbm_default,backend_sweep,lightgbm_default,PAIRED_ENGLISH::paired_english::m139_200114_222743::KiloSort2::26,PAIRED_ENGLISH::paired_english::m139_200114_222743,PAIRED_ENGLISH,0.028645087367516472,0.2443946,0.21574951302387146
main,fpos,source_reweighted_cluster_trust_pseudo_lightgbm_default,backend_sweep,lightgbm_default,PAIRED_ENGLISH::paired_english::m139_200114_222743::MountainSort4::46,PAIRED_ENGLISH::paired_english::m139_200114_222743,PAIRED_ENGLISH,0.039886039886039885,0.3844975,0.344611453619438
main,fpos,source_reweighted_cluster_trust_pseudo_lightgbm_default,backend_sweep,lightgbm_default,PAIRED_ENGLISH::paired_english::m139_200114_222743::SpykingCircus::44,PAIRED_ENGLISH::paired_english::m139_200114_222743,PAIRED_ENGLISH,0.028064146620847653,0.279727,0.25166286529817394
main,fpos,source_reweighted_cluster_trust_pseudo_lightgbm_default,backend_sweep,lightgbm_default,PAIRED_ENGLISH::paired_english::m139_200114_222743::Tridesclous::1,PAIRED_ENGLISH::paired_english::m139_200114_222743,PAIRED_ENGLISH,0.3089646722483153,0.38179487,0.07283019765143445
main,fpos,source_reweighted_cluster_trust_pseudo_lightgbm_default,backend_sweep,lightgbm_default,PAIRED_ENGLISH::paired_english::m14_190326_155432::IronClust::22,PAIRED_ENGLISH::paired_english::m14_190326_155432,PAIRED_ENGLISH,0.0481651376146789,0.18862616,0.14046101764254615
main,fpos,source_reweighted_cluster_trust_pseudo_lightgbm_default,backend_sweep,lightgbm_default,PAIRED_ENGLISH::paired_english::m14_190326_155432::MountainSort4::33,PAIRED_ENGLISH::paired_english::m14_190326_155432,PAIRED_ENGLISH,0.1981651376146789,0.52482593,0.32666079298071904
main,fpos,source_reweighted_cluster_trust_pseudo_lightgbm_default,backend_sweep,lightgbm_default,PAIRED_ENGLISH::paired_english::m14_190326_155432::SpykingCircus::38,PAIRED_ENGLISH::paired_english::m14_190326_155432,PAIRED_ENGLISH,0.013363028953229399,0.13597743,0.12261440317853788
main,fpos,source_reweighted_cluster_trust_pseudo_lightgbm_default,backend_sweep,lightgbm_default,PAIRED_ENGLISH::paired_english::m15_190315_142052_cell1::IronClust::40,PAIRED_ENGLISH::paired_english::m15_190315_142052_cell1,PAIRED_ENGLISH,0.2679960401640503,0.43835324,0.1703572003259094
main,fpos,source_reweighted_cluster_trust_pseudo_lightgbm_default,backend_sweep,lightgbm_default,PAIRED_ENGLISH::paired_english::m15_190315_142052_cell1::KiloSort2::48,PAIRED_ENGLISH::paired_english::m15_190315_142052_cell1,PAIRED_ENGLISH,0.8627861694595232,0.40647206,0.4563141123554125
main,fpos,source_reweighted_cluster_trust_pseudo_lightgbm_default,backend_sweep,lightgbm_default,PAIRED_ENGLISH::paired_english::m15_190315_142052_cell1::MountainSort4::62,PAIRED_ENGLISH::paired_english::m15_190315_142052_cell1,PAIRED_ENGLISH,0.8769885383524361,0.4994222,0.3775663457788887
main,fpos,source_reweighted_cluster_trust_pseudo_lightgbm_default,backend_sweep,lightgbm_default,PAIRED_ENGLISH::paired_english::m15_190315_142052_cell1::MountainSort4::64,PAIRED_ENGLISH::paired_english::m15_190315_142052_cell1,PAIRED_ENGLISH,0.14704761904761904,0.41661027,0.26956265169098265
main,fpos,source_reweighted_cluster_trust_pseudo_lightgbm_default,backend_sweep,lightgbm_default,PAIRED_ENGLISH::paired_english::m15_190315_142052_cell1::SpykingCircus::22,PAIRED_ENGLISH::paired_english::m15_190315_142052_cell1,PAIRED_ENGLISH,0.23500526131182042,0.71570086,0.4806956034800497
main,fpos,source_reweighted_cluster_trust_pseudo_lightgbm_default,backend_sweep,lightgbm_default,PAIRED_ENGLISH::paired_english::m15_190315_142052_cell1::SpykingCircus::57,PAIRED_ENGLISH::paired_english::m15_190315_142052_cell1,PAIRED_ENGLISH,0.6499202551834131,0.6831219,0.03320166444854489
main,fpos,source_reweighted_cluster_trust_pseudo_lightgbm_default,backend_sweep,lightgbm_default,PAIRED_ENGLISH::paired_english::m15_190315_150831_cell1::KiloSort::201,PAIRED_ENGLISH::paired_english::m15_190315_150831_cell1,PAIRED_ENGLISH,0.02662037037037037,0.036429286,0.009808915632742422
main,fpos,source_reweighted_cluster_trust_pseudo_lightgbm_default,backend_sweep,lightgbm_default,PAIRED_ENGLISH::paired_english::m15_190315_150831_cell1::KiloSort2::23,PAIRED_ENGLISH::paired_english::m15_190315_150831_cell1,PAIRED_ENGLISH,0.058163265306122446,0.20260209,0.14443882314526305
main,fpos,source_reweighted_cluster_trust_pseudo_lightgbm_default,backend_sweep,lightgbm_default,PAIRED_ENGLISH::paired_english::m15_190315_150831_cell1::SpykingCircus::11,PAIRED_ENGLISH::paired_english::m15_190315_150831_cell1,PAIRED_ENGLISH,0.031609195402298854,0.06201981,0.030410614678229406
main,fpos,source_reweighted_cluster_trust_pseudo_lightgbm_default,backend_sweep,lightgbm_default,PAIRED_ENGLISH::paired_english::m26_190524_100859_cell1::KiloSort::19,PAIRED_ENGLISH::paired_english::m26_190524_100859_cell1,PAIRED_ENGLISH,0.2440677966101695,0.40747356,0.16340576753777972
main,fpos,source_reweighted_cluster_trust_pseudo_lightgbm_default,backend_sweep,lightgbm_default,PAIRED_ENGLISH::paired_english::m26_190524_100859_cell1::KiloSort::8,PAIRED_ENGLISH::paired_english::m26_190524_100859_cell1,PAIRED_ENGLISH,0.6505139500734214,0.76435274,0.1138387887838479
main,fpos,source_reweighted_cluster_trust_pseudo_lightgbm_default,backend_sweep,lightgbm_default,PAIRED_ENGLISH::paired_english::m26_190524_100859_cell1::KiloSort2::0,PAIRED_ENGLISH::paired_english::m26_190524_100859_cell1,PAIRED_ENGLISH,0.38315988647114474,0.6399141,0.2567542089306192
main,fpos,source_reweighted_cluster_trust_pseudo_lightgbm_default,backend_sweep,lightgbm_default,PAIRED_ENGLISH::paired_english::m57_191105_141906::IronClust::6,PAIRED_ENGLISH::paired_english::m57_191105_141906,PAIRED_ENGLISH,0.31826625386996904,0.4014354,0.0831691511459764
main,fpos,source_reweighted_cluster_trust_pseudo_lightgbm_default,backend_sweep,lightgbm_default,PAIRED_ENGLISH::paired_english::m57_191105_141906::KiloSort::47,PAIRED_ENGLISH::paired_english::m57_191105_141906,PAIRED_ENGLISH,0.35376344086021505,0.3724928,0.01872934936195292
main,fpos,source_reweighted_cluster_trust_pseudo_lightgbm_default,backend_sweep,lightgbm_default,PAIRED_ENGLISH::paired_english::m57_191105_141906::MountainSort4::21,PAIRED_ENGLISH::paired_english::m57_191105_141906,PAIRED_ENGLISH,0.3323335332933413,0.5116502,0.179316671365167
main,fpos,source_reweighted_cluster_trust_pseudo_lightgbm_default,backend_sweep,lightgbm_default,PAIRED_ENGLISH::paired_english::m57_191105_141906::MountainSort4::57,PAIRED_ENGLISH::paired_english::m57_191105_141906,PAIRED_ENGLISH,0.23853211009174313,0.4448505,0.20631839430660281
main,fpos,source_reweighted_cluster_trust_pseudo_lightgbm_default,backend_sweep,lightgbm_default,PAIRED_ENGLISH::paired_english::m57_191105_141906::SpykingCircus::12,PAIRED_ENGLISH::paired_english::m57_191105_141906,PAIRED_ENGLISH,0.3535228677379481,0.39668953,0.043166666449368785
main,fpos,source_reweighted_cluster_trust_pseudo_lightgbm_default,backend_sweep,lightgbm_default,PAIRED_ENGLISH::paired_english::m57_191105_141906::SpykingCircus::30,PAIRED_ENGLISH::paired_english::m57_191105_141906,PAIRED_ENGLISH,0.2040332147093713,0.45492324,0.25089002762117985
main,fpos,source_reweighted_cluster_trust_pseudo_lightgbm_default,backend_sweep,lightgbm_default,PAIRED_ENGLISH::paired_english::m57_191105_153915::IronClust::4,PAIRED_ENGLISH::paired_english::m57_191105_153915,PAIRED_ENGLISH,0.21239873194786896,0.3838958,0.17149708247092377
main,fpos,source_reweighted_cluster_trust_pseudo_lightgbm_default,backend_sweep,lightgbm_default,PAIRED_ENGLISH::paired_english::m57_191105_153915::KiloSort::52,PAIRED_ENGLISH::paired_english::m57_191105_153915,PAIRED_ENGLISH,0.25900831536803204,0.48714486,0.22813654227700275
main,fpos,source_reweighted_cluster_trust_pseudo_lightgbm_default,backend_sweep,lightgbm_default,PAIRED_ENGLISH::paired_english::m57_191105_153915::KiloSort2::19,PAIRED_ENGLISH::paired_english::m57_191105_153915,PAIRED_ENGLISH,0.29264475743348983,0.49605063,0.20340586860601517
main,fpos,source_reweighted_cluster_trust_pseudo_lightgbm_default,backend_sweep,lightgbm_default,PAIRED_ENGLISH::paired_english::m57_191105_153915::MountainSort4::24,PAIRED_ENGLISH::paired_english::m57_191105_153915,PAIRED_ENGLISH,0.894797643343987,0.63150483,0.26329280964571433
main,fpos,source_reweighted_cluster_trust_pseudo_lightgbm_default,backend_sweep,lightgbm_default,PAIRED_ENGLISH::paired_english::m57_191105_153915::SpykingCircus::30,PAIRED_ENGLISH::paired_english::m57_191105_153915,PAIRED_ENGLISH,0.38353953738569124,0.5004034,0.1168638668501486
main,fpos,source_reweighted_cluster_trust_pseudo_lightgbm_default,backend_sweep,lightgbm_default,PAIRED_ENGLISH::paired_english::m57_191105_160026::HerdingSpikes2::1,PAIRED_ENGLISH::paired_english::m57_191105_160026,PAIRED_ENGLISH,0.13630229419703105,0.35231248,0.2160101812458553
main,fpos,source_reweighted_cluster_trust_pseudo_lightgbm_default,backend_sweep,lightgbm_default,PAIRED_ENGLISH::paired_english::m57_191105_160026::IronClust::2,PAIRED_ENGLISH::paired_english::m57_191105_160026,PAIRED_ENGLISH,0.5044008124576845,0.29396847,0.2104323435531893
main,fpos,source_reweighted_cluster_trust_pseudo_lightgbm_default,backend_sweep,lightgbm_default,PAIRED_ENGLISH::paired_english::m57_191105_160026::IronClust::3,PAIRED_ENGLISH::paired_english::m57_191105_160026,PAIRED_ENGLISH,0.05838815789473684,0.34564263,0.28725446839081614
main,fpos,source_reweighted_cluster_trust_pseudo_lightgbm_default,backend_sweep,lightgbm_default,PAIRED_ENGLISH::paired_english::m57_191105_160026::KiloSort::127,PAIRED_ENGLISH::paired_english::m57_191105_160026,PAIRED_ENGLISH,0.5003422313483915,0.5081867,0.007844466611508394
main,fpos,source_reweighted_cluster_trust_pseudo_lightgbm_default,backend_sweep,lightgbm_default,PAIRED_ENGLISH::paired_english::m57_191105_160026::KiloSort::6,PAIRED_ENGLISH::paired_english::m57_191105_160026,PAIRED_ENGLISH,0.02531645569620253,0.26863036,0.24331389990033983
main,fpos,source_reweighted_cluster_trust_pseudo_lightgbm_default,backend_sweep,lightgbm_default,PAIRED_ENGLISH::paired_english::m57_191105_160026::MountainSort4::23,PAIRED_ENGLISH::paired_english::m57_191105_160026,PAIRED_ENGLISH,0.6737967914438503,0.4189435,0.25485329688551595
main,fpos,source_reweighted_cluster_trust_pseudo_lightgbm_default,backend_sweep,lightgbm_default,PAIRED_ENGLISH::paired_english::m57_191105_160026::MountainSort4::25,PAIRED_ENGLISH::paired_english::m57_191105_160026,PAIRED_ENGLISH,0.14568081991215226,0.34996486,0.20428403718928817
main,fpos,source_reweighted_cluster_trust_pseudo_lightgbm_default,backend_sweep,lightgbm_default,PAIRED_ENGLISH::paired_english::m57_191105_160026::SpykingCircus::2,PAIRED_ENGLISH::paired_english::m57_191105_160026,PAIRED_ENGLISH,0.6860282574568289,0.6067151,0.07931317433457552
main,fpos,source_reweighted_cluster_trust_pseudo_lightgbm_default,backend_sweep,lightgbm_default,PAIRED_ENGLISH::paired_english::m57_191105_160026::SpykingCircus::4,PAIRED_ENGLISH::paired_english::m57_191105_160026,PAIRED_ENGLISH,0.056790123456790124,0.3855124,0.32872228813760074
main,fpos,source_reweighted_cluster_trust_pseudo_lightgbm_default,backend_sweep,lightgbm_default,PAIRED_ENGLISH::paired_english::m57_191105_160026::Tridesclous::0,PAIRED_ENGLISH::paired_english::m57_191105_160026,PAIRED_ENGLISH,0.8589226823012093,0.4642867,0.3946359675089577
main,fpos,source_reweighted_cluster_trust_pseudo_lightgbm_default,backend_sweep,lightgbm_default,PAIRED_KAMPFF::paired_kampff::2014_11_25_Pair_3_0::HerdingSpikes2::13,PAIRED_KAMPFF::paired_kampff::2014_11_25_Pair_3_0,PAIRED_KAMPFF,0.025714285714285714,0.08973946,0.06402517105851854
main,fpos,source_reweighted_cluster_trust_pseudo_lightgbm_default,backend_sweep,lightgbm_default,PAIRED_KAMPFF::paired_kampff::2014_11_25_Pair_3_0::IronClust::2,PAIRED_KAMPFF::paired_kampff::2014_11_25_Pair_3_0,PAIRED_KAMPFF,0.017241379310344827,0.08358154,0.06634015769794069
main,fpos,source_reweighted_cluster_trust_pseudo_lightgbm_default,backend_sweep,lightgbm_default,PAIRED_KAMPFF::paired_kampff::2014_11_25_Pair_3_0::KiloSort::11,PAIRED_KAMPFF::paired_kampff::2014_11_25_Pair_3_0,PAIRED_KAMPFF,0.6041426927502876,0.30724183,0.29690086550076067
main,fpos,source_reweighted_cluster_trust_pseudo_lightgbm_default,backend_sweep,lightgbm_default,PAIRED_KAMPFF::paired_kampff::2014_11_25_Pair_3_0::KiloSort2::7,PAIRED_KAMPFF::paired_kampff::2014_11_25_Pair_3_0,PAIRED_KAMPFF,0.005763688760806916,0.09515287,0.08938918105978787
main,fpos,source_reweighted_cluster_trust_pseudo_lightgbm_default,backend_sweep,lightgbm_default,PAIRED_KAMPFF::paired_kampff::2014_11_25_Pair_3_0::MountainSort4::5,PAIRED_KAMPFF::paired_kampff::2014_11_25_Pair_3_0,PAIRED_KAMPFF,0.025280898876404494,0.21810392,0.19282301657655265
main,fpos,source_reweighted_cluster_trust_pseudo_lightgbm_default,backend_sweep,lightgbm_default,PAIRED_KAMPFF::paired_kampff::2014_11_25_Pair_3_0::SpykingCircus::0,PAIRED_KAMPFF::paired_kampff::2014_11_25_Pair_3_0,PAIRED_KAMPFF,0.04696132596685083,0.1354037,0.08844236675546974
main,fpos,source_reweighted_cluster_trust_pseudo_lightgbm_default,backend_sweep,lightgbm_default,PAIRED_KAMPFF::paired_kampff::2015_09_03_Pair_9_0A::HerdingSpikes2::3,PAIRED_KAMPFF::paired_kampff::2015_09_03_Pair_9_0A,PAIRED_KAMPFF,0.009163346613545816,0.26007336,0.2509100171674295
main,fpos,source_reweighted_cluster_trust_pseudo_lightgbm_default,backend_sweep,lightgbm_default,PAIRED_KAMPFF::paired_kampff::2015_09_03_Pair_9_0A::HerdingSpikes2::5,PAIRED_KAMPFF::paired_kampff::2015_09_03_Pair_9_0A,PAIRED_KAMPFF,0.25625,0.28249064,0.02624064087867739
main,fpos,source_reweighted_cluster_trust_pseudo_lightgbm_default,backend_sweep,lightgbm_default,PAIRED_KAMPFF::paired_kampff::2015_09_03_Pair_9_0A::IronClust::4,PAIRED_KAMPFF::paired_kampff::2015_09_03_Pair_9_0A,PAIRED_KAMPFF,0.050854353132628156,0.09070436,0.03985000598154192
main,fpos,source_reweighted_cluster_trust_pseudo_lightgbm_default,backend_sweep,lightgbm_default,PAIRED_KAMPFF::paired_kampff::2015_09_03_Pair_9_0A::JRClust::28,PAIRED_KAMPFF::paired_kampff::2015_09_03_Pair_9_0A,PAIRED_KAMPFF,0.009279717189571365,0.10050004,0.0912203225667267
main,fpos,source_reweighted_cluster_trust_pseudo_lightgbm_default,backend_sweep,lightgbm_default,PAIRED_KAMPFF::paired_kampff::2015_09_03_Pair_9_0A::KiloSort::21,PAIRED_KAMPFF::paired_kampff::2015_09_03_Pair_9_0A,PAIRED_KAMPFF,0.029197080291970802,0.09345745,0.06426037266089099
main,fpos,source_reweighted_cluster_trust_pseudo_lightgbm_default,backend_sweep,lightgbm_default,PAIRED_KAMPFF::paired_kampff::2015_09_03_Pair_9_0A::KiloSort2::28,PAIRED_KAMPFF::paired_kampff::2015_09_03_Pair_9_0A,PAIRED_KAMPFF,0.04792983887415868,0.0998154,0.05188555958050746
main,fpos,source_reweighted_cluster_trust_pseudo_lightgbm_default,backend_sweep,lightgbm_default,PAIRED_KAMPFF::paired_kampff::2015_09_03_Pair_9_0A::KiloSort2::50,PAIRED_KAMPFF::paired_kampff::2015_09_03_Pair_9_0A,PAIRED_KAMPFF,0.6547535622518104,0.40153715,0.25321641210723334
main,fpos,source_reweighted_cluster_trust_pseudo_lightgbm_default,backend_sweep,lightgbm_default,PAIRED_KAMPFF::paired_kampff::2015_09_03_Pair_9_0A::MountainSort4::16,PAIRED_KAMPFF::paired_kampff::2015_09_03_Pair_9_0A,PAIRED_KAMPFF,0.020110410094637224,0.17974502,0.15963460838757104
main,fpos,source_reweighted_cluster_trust_pseudo_lightgbm_default,backend_sweep,lightgbm_default,PAIRED_KAMPFF::paired_kampff::2015_09_03_Pair_9_0A::MountainSort4::18,PAIRED_KAMPFF::paired_kampff::2015_09_03_Pair_9_0A,PAIRED_KAMPFF,0.2709109380291229,0.2389796,0.031931345109773246
main,fpos,source_reweighted_cluster_trust_pseudo_lightgbm_default,backend_sweep,lightgbm_default,PAIRED_KAMPFF::paired_kampff::2015_09_03_Pair_9_0A::SpykingCircus::8,PAIRED_KAMPFF::paired_kampff::2015_09_03_Pair_9_0A,PAIRED_KAMPFF,0.028595282821957838,0.07675203,0.04815674653738283
main,fpos,source_reweighted_cluster_trust_pseudo_lightgbm_default,backend_sweep,lightgbm_default,PAIRED_KAMPFF::paired_kampff::2015_09_03_Pair_9_0A::Tridesclous::0,PAIRED_KAMPFF::paired_kampff::2015_09_03_Pair_9_0A,PAIRED_KAMPFF,0.006899350649350649,0.05508318,0.048183831059700484
main,fpos,source_reweighted_cluster_trust_pseudo_lightgbm_default,backend_sweep,lightgbm_default,PAIRED_KAMPFF::paired_kampff::2015_09_03_Pair_9_0A::Tridesclous::2,PAIRED_KAMPFF::paired_kampff::2015_09_03_Pair_9_0A,PAIRED_KAMPFF,0.15755883526126846,0.18474911,0.02719027627189652
main,fpos,source_reweighted_cluster_trust_pseudo_lightgbm_default,backend_sweep,lightgbm_default,PAIRED_KAMPFF::paired_kampff::2015_09_03_Pair_9_0B::HerdingSpikes2::4,PAIRED_KAMPFF::paired_kampff::2015_09_03_Pair_9_0B,PAIRED_KAMPFF,0.05299492385786802,0.19456293,0.14156800303059786
main,fpos,source_reweighted_cluster_trust_pseudo_lightgbm_default,backend_sweep,lightgbm_default,PAIRED_KAMPFF::paired_kampff::2015_09_03_Pair_9_0B::IronClust::4,PAIRED_KAMPFF::paired_kampff::2015_09_03_Pair_9_0B,PAIRED_KAMPFF,0.04985754985754986,0.08501023,0.03515268068367939
main,fpos,source_reweighted_cluster_trust_pseudo_lightgbm_default,backend_sweep,lightgbm_default,PAIRED_KAMPFF::paired_kampff::2015_09_03_Pair_9_0B::JRClust::21,PAIRED_KAMPFF::paired_kampff::2015_09_03_Pair_9_0B,PAIRED_KAMPFF,0.0070407040704070405,0.09778321,0.09074250382296455
main,fpos,source_reweighted_cluster_trust_pseudo_lightgbm_default,backend_sweep,lightgbm_default,PAIRED_KAMPFF::paired_kampff::2015_09_03_Pair_9_0B::KiloSort::6,PAIRED_KAMPFF::paired_kampff::2015_09_03_Pair_9_0B,PAIRED_KAMPFF,0.040098704503392965,0.084610455,0.04451175023474714
main,fpos,source_reweighted_cluster_trust_pseudo_lightgbm_default,backend_sweep,lightgbm_default,PAIRED_KAMPFF::paired_kampff::2015_09_03_Pair_9_0B::KiloSort2::26,PAIRED_KAMPFF::paired_kampff::2015_09_03_Pair_9_0B,PAIRED_KAMPFF,0.05909764880321966,0.093724474,0.03462682550765528
main,fpos,source_reweighted_cluster_trust_pseudo_lightgbm_default,backend_sweep,lightgbm_default,PAIRED_KAMPFF::paired_kampff::2015_09_03_Pair_9_0B::MountainSort4::11,PAIRED_KAMPFF::paired_kampff::2015_09_03_Pair_9_0B,PAIRED_KAMPFF,0.06803218727139722,0.22171289,0.1536807000157427
main,fpos,source_reweighted_cluster_trust_pseudo_lightgbm_default,backend_sweep,lightgbm_default,PAIRED_KAMPFF::paired_kampff::2015_09_03_Pair_9_0B::MountainSort4::12,PAIRED_KAMPFF::paired_kampff::2015_09_03_Pair_9_0B,PAIRED_KAMPFF,0.16717909300538047,0.26287514,0.09569604670790688
main,fpos,source_reweighted_cluster_trust_pseudo_lightgbm_default,backend_sweep,lightgbm_default,PAIRED_KAMPFF::paired_kampff::2015_09_03_Pair_9_0B::SpykingCircus::8,PAIRED_KAMPFF::paired_kampff::2015_09_03_Pair_9_0B,PAIRED_KAMPFF,0.7944485429730727,0.6130885,0.18136005439427627
main,fpos,source_reweighted_cluster_trust_pseudo_lightgbm_default,backend_sweep,lightgbm_default,PAIRED_KAMPFF::paired_kampff::2015_09_03_Pair_9_0B::SpykingCircus::9,PAIRED_KAMPFF::paired_kampff::2015_09_03_Pair_9_0B,PAIRED_KAMPFF,0.04577033101757254,0.106750324,0.06097999335090433
main,fpos,source_reweighted_cluster_trust_pseudo_lightgbm_default,backend_sweep,lightgbm_default,PAIRED_KAMPFF::paired_kampff::2015_09_03_Pair_9_0B::Tridesclous::0,PAIRED_KAMPFF::paired_kampff::2015_09_03_Pair_9_0B,PAIRED_KAMPFF,0.008339124391938846,0.0832832,0.07494407646808465
main,fpos,source_reweighted_cluster_trust_pseudo_lightgbm_default,backend_sweep,lightgbm_default,PAIRED_KAMPFF::paired_kampff::2015_09_03_Pair_9_0B::Tridesclous::2,PAIRED_KAMPFF::paired_kampff::2015_09_03_Pair_9_0B,PAIRED_KAMPFF,0.13492450073063808,0.1619314,0.027006894800062603
main,fpos,source_reweighted_cluster_trust_pseudo_lightgbm_default,backend_sweep,lightgbm_default,PAIRED_KAMPFF::paired_kampff::c14::HerdingSpikes2::6,PAIRED_KAMPFF::paired_kampff::c14,PAIRED_KAMPFF,0.25090444775484144,0.13692394,0.11398050876520216
main,fpos,source_reweighted_cluster_trust_pseudo_lightgbm_default,backend_sweep,lightgbm_default,PAIRED_KAMPFF::paired_kampff::c14::IronClust::22,PAIRED_KAMPFF::paired_kampff::c14,PAIRED_KAMPFF,0.2240655987795576,0.11175715,0.11230844699704493
main,fpos,source_reweighted_cluster_trust_pseudo_lightgbm_default,backend_sweep,lightgbm_default,PAIRED_KAMPFF::paired_kampff::c14::KiloSort2::37,PAIRED_KAMPFF::paired_kampff::c14,PAIRED_KAMPFF,0.23899885489939474,0.14654261,0.09245624616144918
main,fpos,source_reweighted_cluster_trust_pseudo_lightgbm_default,backend_sweep,lightgbm_default,PAIRED_KAMPFF::paired_kampff::c14::MountainSort4::42,PAIRED_KAMPFF::paired_kampff::c14,PAIRED_KAMPFF,0.031842105263157894,0.06846502,0.03662291151912589
main,fpos,source_reweighted_cluster_trust_pseudo_lightgbm_default,backend_sweep,lightgbm_default,PAIRED_KAMPFF::paired_kampff::c14::SpykingCircus::14,PAIRED_KAMPFF::paired_kampff::c14,PAIRED_KAMPFF,0.0993841579953281,0.13058765,0.03120349433030209
main,fpos,source_reweighted_cluster_trust_pseudo_lightgbm_default,backend_sweep,lightgbm_default,PAIRED_KAMPFF::paired_kampff::c14::Tridesclous::8,PAIRED_KAMPFF::paired_kampff::c14,PAIRED_KAMPFF,0.7298130782302221,0.49733955,0.23247353154977168
main,fpos,source_reweighted_cluster_trust_pseudo_xgboost_default,backend_sweep,xgboost_default,PAIRED_BOYDEN::paired_boyden32c::419_1_8::IronClust::14,PAIRED_BOYDEN::paired_boyden32c::419_1_8,PAIRED_BOYDEN,0.0663265306122449,0.026576363,0.039750168061986266
main,fpos,source_reweighted_cluster_trust_pseudo_xgboost_default,backend_sweep,xgboost_default,PAIRED_BOYDEN::paired_boyden32c::419_1_8::IronClust::4,PAIRED_BOYDEN::paired_boyden32c::419_1_8,PAIRED_BOYDEN,0.05829903978052126,0.07798184,0.019682797313308846
main,fpos,source_reweighted_cluster_trust_pseudo_xgboost_default,backend_sweep,xgboost_default,PAIRED_BOYDEN::paired_boyden32c::419_1_8::JRClust::24,PAIRED_BOYDEN::paired_boyden32c::419_1_8,PAIRED_BOYDEN,0.08062093139709564,0.0144132385,0.06620769289405676
main,fpos,source_reweighted_cluster_trust_pseudo_xgboost_default,backend_sweep,xgboost_default,PAIRED_BOYDEN::paired_boyden32c::419_1_8::JRClust::8,PAIRED_BOYDEN::paired_boyden32c::419_1_8,PAIRED_BOYDEN,0.03907637655417407,0.016992532,0.022083844837350493
main,fpos,source_reweighted_cluster_trust_pseudo_xgboost_default,backend_sweep,xgboost_default,PAIRED_BOYDEN::paired_boyden32c::419_1_8::KiloSort::17,PAIRED_BOYDEN::paired_boyden32c::419_1_8,PAIRED_BOYDEN,0.06424161521775405,0.017239828,0.04700178755504768
main,fpos,source_reweighted_cluster_trust_pseudo_xgboost_default,backend_sweep,xgboost_default,PAIRED_BOYDEN::paired_boyden32c::419_1_8::KiloSort2::27,PAIRED_BOYDEN::paired_boyden32c::419_1_8,PAIRED_BOYDEN,0.1342059838895282,0.06819868,0.06600730301184266
main,fpos,source_reweighted_cluster_trust_pseudo_xgboost_default,backend_sweep,xgboost_default,PAIRED_BOYDEN::paired_boyden32c::419_1_8::KiloSort2::46,PAIRED_BOYDEN::paired_boyden32c::419_1_8,PAIRED_BOYDEN,0.02341480088873697,0.02527761,0.001862809979478592
main,fpos,source_reweighted_cluster_trust_pseudo_xgboost_default,backend_sweep,xgboost_default,PAIRED_BOYDEN::paired_boyden32c::419_1_8::MountainSort4::42,PAIRED_BOYDEN::paired_boyden32c::419_1_8,PAIRED_BOYDEN,0.16482219271063892,0.082427576,0.08239461652636615
main,fpos,source_reweighted_cluster_trust_pseudo_xgboost_default,backend_sweep,xgboost_default,PAIRED_BOYDEN::paired_boyden32c::419_1_8::SpykingCircus::24,PAIRED_BOYDEN::paired_boyden32c::419_1_8,PAIRED_BOYDEN,0.24721080446271285,0.13580392,0.11140688145188674
main,fpos,source_reweighted_cluster_trust_pseudo_xgboost_default,backend_sweep,xgboost_default,PAIRED_BOYDEN::paired_boyden32c::419_1_8::SpykingCircus::28,PAIRED_BOYDEN::paired_boyden32c::419_1_8,PAIRED_BOYDEN,0.029543112332531776,0.014145496,0.015397616031178799
main,fpos,source_reweighted_cluster_trust_pseudo_xgboost_default,backend_sweep,xgboost_default,PAIRED_BOYDEN::paired_boyden32c::419_1_8::Tridesclous::0,PAIRED_BOYDEN::paired_boyden32c::419_1_8,PAIRED_BOYDEN,0.15585806056898133,0.15317886,0.002679204792194523
main,fpos,source_reweighted_cluster_trust_pseudo_xgboost_default,backend_sweep,xgboost_default,PAIRED_CRCNS_HC1::paired_crcns::d11222_d11222.002::IronClust::2,PAIRED_CRCNS_HC1::paired_crcns::d11222_d11222.002,PAIRED_CRCNS_HC1,0.04466019417475728,0.43732658,0.3926663861112687
main,fpos,source_reweighted_cluster_trust_pseudo_xgboost_default,backend_sweep,xgboost_default,PAIRED_CRCNS_HC1::paired_crcns::d11222_d11222.002::JRClust::3,PAIRED_CRCNS_HC1::paired_crcns::d11222_d11222.002,PAIRED_CRCNS_HC1,0.039337474120082816,0.13728756,0.09795008300500874
main,fpos,source_reweighted_cluster_trust_pseudo_xgboost_default,backend_sweep,xgboost_default,PAIRED_CRCNS_HC1::paired_crcns::d11222_d11222.002::KiloSort::1,PAIRED_CRCNS_HC1::paired_crcns::d11222_d11222.002,PAIRED_CRCNS_HC1,0.03337783711615487,0.19558458,0.16220674318608358
main,fpos,source_reweighted_cluster_trust_pseudo_xgboost_default,backend_sweep,xgboost_default,PAIRED_CRCNS_HC1::paired_crcns::d11222_d11222.002::KiloSort2::10,PAIRED_CRCNS_HC1::paired_crcns::d11222_d11222.002,PAIRED_CRCNS_HC1,0.550417469492614,0.19610357,0.35431389664715507
main,fpos,source_reweighted_cluster_trust_pseudo_xgboost_default,backend_sweep,xgboost_default,PAIRED_CRCNS_HC1::paired_crcns::d11222_d11222.002::Klusta::2,PAIRED_CRCNS_HC1::paired_crcns::d11222_d11222.002,PAIRED_CRCNS_HC1,0.008777852802160702,0.18706705,0.17828919395935205
main,fpos,source_reweighted_cluster_trust_pseudo_xgboost_default,backend_sweep,xgboost_default,PAIRED_CRCNS_HC1::paired_crcns::d11222_d11222.002::MountainSort4::4,PAIRED_CRCNS_HC1::paired_crcns::d11222_d11222.002,PAIRED_CRCNS_HC1,0.360427807486631,0.34374228,0.016685526288129415
main,fpos,source_reweighted_cluster_trust_pseudo_xgboost_default,backend_sweep,xgboost_default,PAIRED_CRCNS_HC1::paired_crcns::d11222_d11222.002::SpykingCircus::4,PAIRED_CRCNS_HC1::paired_crcns::d11222_d11222.002,PAIRED_CRCNS_HC1,0.11986754966887417,0.20437783,0.08451028035965977
main,fpos,source_reweighted_cluster_trust_pseudo_xgboost_default,backend_sweep,xgboost_default,PAIRED_CRCNS_HC1::paired_crcns::d11222_d11222.002::Tridesclous::0,PAIRED_CRCNS_HC1::paired_crcns::d11222_d11222.002,PAIRED_CRCNS_HC1,0.021164021164021163,0.37317336,0.3520093348921922
main,fpos,source_reweighted_cluster_trust_pseudo_xgboost_default,backend_sweep,xgboost_default,PAIRED_ENGLISH::paired_english::m139_200114_191955::KiloSort2::25,PAIRED_ENGLISH::paired_english::m139_200114_191955,PAIRED_ENGLISH,0.7302739726027397,0.30764687,0.4226271019896416
main,fpos,source_reweighted_cluster_trust_pseudo_xgboost_default,backend_sweep,xgboost_default,PAIRED_ENGLISH::paired_english::m139_200114_191955::MountainSort4::36,PAIRED_ENGLISH::paired_english::m139_200114_191955,PAIRED_ENGLISH,0.8735255086994986,0.49051207,0.3830134356594901
main,fpos,source_reweighted_cluster_trust_pseudo_xgboost_default,backend_sweep,xgboost_default,PAIRED_ENGLISH::paired_english::m139_200114_191955::SpykingCircus::42,PAIRED_ENGLISH::paired_english::m139_200114_191955,PAIRED_ENGLISH,0.5584045584045584,0.33056554,0.22783901642190763
main,fpos,source_reweighted_cluster_trust_pseudo_xgboost_default,backend_sweep,xgboost_default,PAIRED_ENGLISH::paired_english::m139_200114_222743::HerdingSpikes2::5,PAIRED_ENGLISH::paired_english::m139_200114_222743,PAIRED_ENGLISH,0.03257707969749855,0.3399907,0.30741362555419516
main,fpos,source_reweighted_cluster_trust_pseudo_xgboost_default,backend_sweep,xgboost_default,PAIRED_ENGLISH::paired_english::m139_200114_222743::IronClust::17,PAIRED_ENGLISH::paired_english::m139_200114_222743,PAIRED_ENGLISH,0.02675196277987787,0.19293632,0.1661843533526676
main,fpos,source_reweighted_cluster_trust_pseudo_xgboost_default,backend_sweep,xgboost_default,PAIRED_ENGLISH::paired_english::m139_200114_222743::KiloSort::88,PAIRED_ENGLISH::paired_english::m139_200114_222743,PAIRED_ENGLISH,0.015151515151515152,0.19572663,0.18057511792038428
main,fpos,source_reweighted_cluster_trust_pseudo_xgboost_default,backend_sweep,xgboost_default,PAIRED_ENGLISH::paired_english::m139_200114_222743::KiloSort2::26,PAIRED_ENGLISH::paired_english::m139_200114_222743,PAIRED_ENGLISH,0.028645087367516472,0.2314131,0.20276800882198243
main,fpos,source_reweighted_cluster_trust_pseudo_xgboost_default,backend_sweep,xgboost_default,PAIRED_ENGLISH::paired_english::m139_200114_222743::MountainSort4::46,PAIRED_ENGLISH::paired_english::m139_200114_222743,PAIRED_ENGLISH,0.039886039886039885,0.37044698,0.33056094011350234
main,fpos,source_reweighted_cluster_trust_pseudo_xgboost_default,backend_sweep,xgboost_default,PAIRED_ENGLISH::paired_english::m139_200114_222743::SpykingCircus::44,PAIRED_ENGLISH::paired_english::m139_200114_222743,PAIRED_ENGLISH,0.028064146620847653,0.21599028,0.18792612852372936
main,fpos,source_reweighted_cluster_trust_pseudo_xgboost_default,backend_sweep,xgboost_default,PAIRED_ENGLISH::paired_english::m139_200114_222743::Tridesclous::1,PAIRED_ENGLISH::paired_english::m139_200114_222743,PAIRED_ENGLISH,0.3089646722483153,0.39538312,0.08641844733481457
main,fpos,source_reweighted_cluster_trust_pseudo_xgboost_default,backend_sweep,xgboost_default,PAIRED_ENGLISH::paired_english::m14_190326_155432::IronClust::22,PAIRED_ENGLISH::paired_english::m14_190326_155432,PAIRED_ENGLISH,0.0481651376146789,0.08331235,0.03514720991663976
main,fpos,source_reweighted_cluster_trust_pseudo_xgboost_default,backend_sweep,xgboost_default,PAIRED_ENGLISH::paired_english::m14_190326_155432::MountainSort4::33,PAIRED_ENGLISH::paired_english::m14_190326_155432,PAIRED_ENGLISH,0.1981651376146789,0.4666919,0.2685267736058716
main,fpos,source_reweighted_cluster_trust_pseudo_xgboost_default,backend_sweep,xgboost_default,PAIRED_ENGLISH::paired_english::m14_190326_155432::SpykingCircus::38,PAIRED_ENGLISH::paired_english::m14_190326_155432,PAIRED_ENGLISH,0.013363028953229399,0.11992127,0.1065582380793939
main,fpos,source_reweighted_cluster_trust_pseudo_xgboost_default,backend_sweep,xgboost_default,PAIRED_ENGLISH::paired_english::m15_190315_142052_cell1::IronClust::40,PAIRED_ENGLISH::paired_english::m15_190315_142052_cell1,PAIRED_ENGLISH,0.2679960401640503,0.46486303,0.19686699193853452
main,fpos,source_reweighted_cluster_trust_pseudo_xgboost_default,backend_sweep,xgboost_default,PAIRED_ENGLISH::paired_english::m15_190315_142052_cell1::KiloSort2::48,PAIRED_ENGLISH::paired_english::m15_190315_142052_cell1,PAIRED_ENGLISH,0.8627861694595232,0.43471506,0.4280711070796862
main,fpos,source_reweighted_cluster_trust_pseudo_xgboost_default,backend_sweep,xgboost_default,PAIRED_ENGLISH::paired_english::m15_190315_142052_cell1::MountainSort4::62,PAIRED_ENGLISH::paired_english::m15_190315_142052_cell1,PAIRED_ENGLISH,0.8769885383524361,0.4301501,0.44683844670433426
main,fpos,source_reweighted_cluster_trust_pseudo_xgboost_default,backend_sweep,xgboost_default,PAIRED_ENGLISH::paired_english::m15_190315_142052_cell1::MountainSort4::64,PAIRED_ENGLISH::paired_english::m15_190315_142052_cell1,PAIRED_ENGLISH,0.14704761904761904,0.49030513,0.34325750666572935
main,fpos,source_reweighted_cluster_trust_pseudo_xgboost_default,backend_sweep,xgboost_default,PAIRED_ENGLISH::paired_english::m15_190315_142052_cell1::SpykingCircus::22,PAIRED_ENGLISH::paired_english::m15_190315_142052_cell1,PAIRED_ENGLISH,0.23500526131182042,0.63958377,0.4045785051485983
main,fpos,source_reweighted_cluster_trust_pseudo_xgboost_default,backend_sweep,xgboost_default,PAIRED_ENGLISH::paired_english::m15_190315_142052_cell1::SpykingCircus::57,PAIRED_ENGLISH::paired_english::m15_190315_142052_cell1,PAIRED_ENGLISH,0.6499202551834131,0.6109211,0.03899917030258426
main,fpos,source_reweighted_cluster_trust_pseudo_xgboost_default,backend_sweep,xgboost_default,PAIRED_ENGLISH::paired_english::m15_190315_150831_cell1::KiloSort::201,PAIRED_ENGLISH::paired_english::m15_190315_150831_cell1,PAIRED_ENGLISH,0.02662037037037037,0.042876337,0.016255966353195685
main,fpos,source_reweighted_cluster_trust_pseudo_xgboost_default,backend_sweep,xgboost_default,PAIRED_ENGLISH::paired_english::m15_190315_150831_cell1::KiloSort2::23,PAIRED_ENGLISH::paired_english::m15_190315_150831_cell1,PAIRED_ENGLISH,0.058163265306122446,0.15248811,0.09432484714352354
main,fpos,source_reweighted_cluster_trust_pseudo_xgboost_default,backend_sweep,xgboost_default,PAIRED_ENGLISH::paired_english::m15_190315_150831_cell1::SpykingCircus::11,PAIRED_ENGLISH::paired_english::m15_190315_150831_cell1,PAIRED_ENGLISH,0.031609195402298854,0.05020927,0.018600073525275304
main,fpos,source_reweighted_cluster_trust_pseudo_xgboost_default,backend_sweep,xgboost_default,PAIRED_ENGLISH::paired_english::m26_190524_100859_cell1::KiloSort::19,PAIRED_ENGLISH::paired_english::m26_190524_100859_cell1,PAIRED_ENGLISH,0.2440677966101695,0.47508767,0.23101987586183062
main,fpos,source_reweighted_cluster_trust_pseudo_xgboost_default,backend_sweep,xgboost_default,PAIRED_ENGLISH::paired_english::m26_190524_100859_cell1::KiloSort::8,PAIRED_ENGLISH::paired_english::m26_190524_100859_cell1,PAIRED_ENGLISH,0.6505139500734214,0.6187965,0.03171742268770972
main,fpos,source_reweighted_cluster_trust_pseudo_xgboost_default,backend_sweep,xgboost_default,PAIRED_ENGLISH::paired_english::m26_190524_100859_cell1::KiloSort2::0,PAIRED_ENGLISH::paired_english::m26_190524_100859_cell1,PAIRED_ENGLISH,0.38315988647114474,0.6107719,0.22761200798381132
main,fpos,source_reweighted_cluster_trust_pseudo_xgboost_default,backend_sweep,xgboost_default,PAIRED_ENGLISH::paired_english::m57_191105_141906::IronClust::6,PAIRED_ENGLISH::paired_english::m57_191105_141906,PAIRED_ENGLISH,0.31826625386996904,0.41362125,0.09535499294475874
main,fpos,source_reweighted_cluster_trust_pseudo_xgboost_default,backend_sweep,xgboost_default,PAIRED_ENGLISH::paired_english::m57_191105_141906::KiloSort::47,PAIRED_ENGLISH::paired_english::m57_191105_141906,PAIRED_ENGLISH,0.35376344086021505,0.38750398,0.033740540730055946
main,fpos,source_reweighted_cluster_trust_pseudo_xgboost_default,backend_sweep,xgboost_default,PAIRED_ENGLISH::paired_english::m57_191105_141906::MountainSort4::21,PAIRED_ENGLISH::paired_english::m57_191105_141906,PAIRED_ENGLISH,0.3323335332933413,0.46098396,0.1286504285272611
main,fpos,source_reweighted_cluster_trust_pseudo_xgboost_default,backend_sweep,xgboost_default,PAIRED_ENGLISH::paired_english::m57_191105_141906::MountainSort4::57,PAIRED_ENGLISH::paired_english::m57_191105_141906,PAIRED_ENGLISH,0.23853211009174313,0.45410594,0.21557383334964786
main,fpos,source_reweighted_cluster_trust_pseudo_xgboost_default,backend_sweep,xgboost_default,PAIRED_ENGLISH::paired_english::m57_191105_141906::SpykingCircus::12,PAIRED_ENGLISH::paired_english::m57_191105_141906,PAIRED_ENGLISH,0.3535228677379481,0.4774635,0.12394064587479908
main,fpos,source_reweighted_cluster_trust_pseudo_xgboost_default,backend_sweep,xgboost_default,PAIRED_ENGLISH::paired_english::m57_191105_141906::SpykingCircus::30,PAIRED_ENGLISH::paired_english::m57_191105_141906,PAIRED_ENGLISH,0.2040332147093713,0.22484732,0.020814102032572057
main,fpos,source_reweighted_cluster_trust_pseudo_xgboost_default,backend_sweep,xgboost_default,PAIRED_ENGLISH::paired_english::m57_191105_153915::IronClust::4,PAIRED_ENGLISH::paired_english::m57_191105_153915,PAIRED_ENGLISH,0.21239873194786896,0.5005354,0.2881366965761484
main,fpos,source_reweighted_cluster_trust_pseudo_xgboost_default,backend_sweep,xgboost_default,PAIRED_ENGLISH::paired_english::m57_191105_153915::KiloSort::52,PAIRED_ENGLISH::paired_english::m57_191105_153915,PAIRED_ENGLISH,0.25900831536803204,0.5052475,0.2462391583487038
main,fpos,source_reweighted_cluster_trust_pseudo_xgboost_default,backend_sweep,xgboost_default,PAIRED_ENGLISH::paired_english::m57_191105_153915::KiloSort2::19,PAIRED_ENGLISH::paired_english::m57_191105_153915,PAIRED_ENGLISH,0.29264475743348983,0.48478058,0.1921358223718843
main,fpos,source_reweighted_cluster_trust_pseudo_xgboost_default,backend_sweep,xgboost_default,PAIRED_ENGLISH::paired_english::m57_191105_153915::MountainSort4::24,PAIRED_ENGLISH::paired_english::m57_191105_153915,PAIRED_ENGLISH,0.894797643343987,0.7242133,0.1705843412085195
main,fpos,source_reweighted_cluster_trust_pseudo_xgboost_default,backend_sweep,xgboost_default,PAIRED_ENGLISH::paired_english::m57_191105_153915::SpykingCircus::30,PAIRED_ENGLISH::paired_english::m57_191105_153915,PAIRED_ENGLISH,0.38353953738569124,0.52438813,0.14084859709383146
main,fpos,source_reweighted_cluster_trust_pseudo_xgboost_default,backend_sweep,xgboost_default,PAIRED_ENGLISH::paired_english::m57_191105_160026::HerdingSpikes2::1,PAIRED_ENGLISH::paired_english::m57_191105_160026,PAIRED_ENGLISH,0.13630229419703105,0.3866322,0.2503299098587551
main,fpos,source_reweighted_cluster_trust_pseudo_xgboost_default,backend_sweep,xgboost_default,PAIRED_ENGLISH::paired_english::m57_191105_160026::IronClust::2,PAIRED_ENGLISH::paired_english::m57_191105_160026,PAIRED_ENGLISH,0.5044008124576845,0.37549272,0.12890809066164877
main,fpos,source_reweighted_cluster_trust_pseudo_xgboost_default,backend_sweep,xgboost_default,PAIRED_ENGLISH::paired_english::m57_191105_160026::IronClust::3,PAIRED_ENGLISH::paired_english::m57_191105_160026,PAIRED_ENGLISH,0.05838815789473684,0.45155472,0.3931665577386555
main,fpos,source_reweighted_cluster_trust_pseudo_xgboost_default,backend_sweep,xgboost_default,PAIRED_ENGLISH::paired_english::m57_191105_160026::KiloSort::127,PAIRED_ENGLISH::paired_english::m57_191105_160026,PAIRED_ENGLISH,0.5003422313483915,0.41510025,0.08524198468052957
main,fpos,source_reweighted_cluster_trust_pseudo_xgboost_default,backend_sweep,xgboost_default,PAIRED_ENGLISH::paired_english::m57_191105_160026::KiloSort::6,PAIRED_ENGLISH::paired_english::m57_191105_160026,PAIRED_ENGLISH,0.02531645569620253,0.3728581,0.3475416513937938
main,fpos,source_reweighted_cluster_trust_pseudo_xgboost_default,backend_sweep,xgboost_default,PAIRED_ENGLISH::paired_english::m57_191105_160026::MountainSort4::23,PAIRED_ENGLISH::paired_english::m57_191105_160026,PAIRED_ENGLISH,0.6737967914438503,0.353466,0.3203307873106258
main,fpos,source_reweighted_cluster_trust_pseudo_xgboost_default,backend_sweep,xgboost_default,PAIRED_ENGLISH::paired_english::m57_191105_160026::MountainSort4::25,PAIRED_ENGLISH::paired_english::m57_191105_160026,PAIRED_ENGLISH,0.14568081991215226,0.3946719,0.24899106724719527
main,fpos,source_reweighted_cluster_trust_pseudo_xgboost_default,backend_sweep,xgboost_default,PAIRED_ENGLISH::paired_english::m57_191105_160026::SpykingCircus::2,PAIRED_ENGLISH::paired_english::m57_191105_160026,PAIRED_ENGLISH,0.6860282574568289,0.52737737,0.15865089043717562
main,fpos,source_reweighted_cluster_trust_pseudo_xgboost_default,backend_sweep,xgboost_default,PAIRED_ENGLISH::paired_english::m57_191105_160026::SpykingCircus::4,PAIRED_ENGLISH::paired_english::m57_191105_160026,PAIRED_ENGLISH,0.056790123456790124,0.4645073,0.4077171881257752
main,fpos,source_reweighted_cluster_trust_pseudo_xgboost_default,backend_sweep,xgboost_default,PAIRED_ENGLISH::paired_english::m57_191105_160026::Tridesclous::0,PAIRED_ENGLISH::paired_english::m57_191105_160026,PAIRED_ENGLISH,0.8589226823012093,0.6163002,0.24262245704333574
main,fpos,source_reweighted_cluster_trust_pseudo_xgboost_default,backend_sweep,xgboost_default,PAIRED_KAMPFF::paired_kampff::2014_11_25_Pair_3_0::HerdingSpikes2::13,PAIRED_KAMPFF::paired_kampff::2014_11_25_Pair_3_0,PAIRED_KAMPFF,0.025714285714285714,0.060862787,0.03514850135360445
main,fpos,source_reweighted_cluster_trust_pseudo_xgboost_default,backend_sweep,xgboost_default,PAIRED_KAMPFF::paired_kampff::2014_11_25_Pair_3_0::IronClust::2,PAIRED_KAMPFF::paired_kampff::2014_11_25_Pair_3_0,PAIRED_KAMPFF,0.017241379310344827,0.05806159,0.04082020924522959
main,fpos,source_reweighted_cluster_trust_pseudo_xgboost_default,backend_sweep,xgboost_default,PAIRED_KAMPFF::paired_kampff::2014_11_25_Pair_3_0::KiloSort::11,PAIRED_KAMPFF::paired_kampff::2014_11_25_Pair_3_0,PAIRED_KAMPFF,0.6041426927502876,0.36203617,0.24210652417500078
main,fpos,source_reweighted_cluster_trust_pseudo_xgboost_default,backend_sweep,xgboost_default,PAIRED_KAMPFF::paired_kampff::2014_11_25_Pair_3_0::KiloSort2::7,PAIRED_KAMPFF::paired_kampff::2014_11_25_Pair_3_0,PAIRED_KAMPFF,0.005763688760806916,0.061698414,0.05593472562451184
main,fpos,source_reweighted_cluster_trust_pseudo_xgboost_default,backend_sweep,xgboost_default,PAIRED_KAMPFF::paired_kampff::2014_11_25_Pair_3_0::MountainSort4::5,PAIRED_KAMPFF::paired_kampff::2014_11_25_Pair_3_0,PAIRED_KAMPFF,0.025280898876404494,0.18138592,0.15610502057530906
main,fpos,source_reweighted_cluster_trust_pseudo_xgboost_default,backend_sweep,xgboost_default,PAIRED_KAMPFF::paired_kampff::2014_11_25_Pair_3_0::SpykingCircus::0,PAIRED_KAMPFF::paired_kampff::2014_11_25_Pair_3_0,PAIRED_KAMPFF,0.04696132596685083,0.16040671,0.11344538275049537
main,fpos,source_reweighted_cluster_trust_pseudo_xgboost_default,backend_sweep,xgboost_default,PAIRED_KAMPFF::paired_kampff::2015_09_03_Pair_9_0A::HerdingSpikes2::3,PAIRED_KAMPFF::paired_kampff::2015_09_03_Pair_9_0A,PAIRED_KAMPFF,0.009163346613545816,0.17066441,0.1615010681499048
main,fpos,source_reweighted_cluster_trust_pseudo_xgboost_default,backend_sweep,xgboost_default,PAIRED_KAMPFF::paired_kampff::2015_09_03_Pair_9_0A::HerdingSpikes2::5,PAIRED_KAMPFF::paired_kampff::2015_09_03_Pair_9_0A,PAIRED_KAMPFF,0.25625,0.23606353,0.02018647491931913
main,fpos,source_reweighted_cluster_trust_pseudo_xgboost_default,backend_sweep,xgboost_default,PAIRED_KAMPFF::paired_kampff::2015_09_03_Pair_9_0A::IronClust::4,PAIRED_KAMPFF::paired_kampff::2015_09_03_Pair_9_0A,PAIRED_KAMPFF,0.050854353132628156,0.11592616,0.06507180827579623
main,fpos,source_reweighted_cluster_trust_pseudo_xgboost_default,backend_sweep,xgboost_default,PAIRED_KAMPFF::paired_kampff::2015_09_03_Pair_9_0A::JRClust::28,PAIRED_KAMPFF::paired_kampff::2015_09_03_Pair_9_0A,PAIRED_KAMPFF,0.009279717189571365,0.08118848,0.0719087603862076
main,fpos,source_reweighted_cluster_trust_pseudo_xgboost_default,backend_sweep,xgboost_default,PAIRED_KAMPFF::paired_kampff::2015_09_03_Pair_9_0A::KiloSort::21,PAIRED_KAMPFF::paired_kampff::2015_09_03_Pair_9_0A,PAIRED_KAMPFF,0.029197080291970802,0.06389208,0.03469500108791964
main,fpos,source_reweighted_cluster_trust_pseudo_xgboost_default,backend_sweep,xgboost_default,PAIRED_KAMPFF::paired_kampff::2015_09_03_Pair_9_0A::KiloSort2::28,PAIRED_KAMPFF::paired_kampff::2015_09_03_Pair_9_0A,PAIRED_KAMPFF,0.04792983887415868,0.063427985,0.015498145840349378
main,fpos,source_reweighted_cluster_trust_pseudo_xgboost_default,backend_sweep,xgboost_default,PAIRED_KAMPFF::paired_kampff::2015_09_03_Pair_9_0A::KiloSort2::50,PAIRED_KAMPFF::paired_kampff::2015_09_03_Pair_9_0A,PAIRED_KAMPFF,0.6547535622518104,0.39498806,0.25976550225425177
main,fpos,source_reweighted_cluster_trust_pseudo_xgboost_default,backend_sweep,xgboost_default,PAIRED_KAMPFF::paired_kampff::2015_09_03_Pair_9_0A::MountainSort4::16,PAIRED_KAMPFF::paired_kampff::2015_09_03_Pair_9_0A,PAIRED_KAMPFF,0.020110410094637224,0.10241494,0.08230453318319862
main,fpos,source_reweighted_cluster_trust_pseudo_xgboost_default,backend_sweep,xgboost_default,PAIRED_KAMPFF::paired_kampff::2015_09_03_Pair_9_0A::MountainSort4::18,PAIRED_KAMPFF::paired_kampff::2015_09_03_Pair_9_0A,PAIRED_KAMPFF,0.2709109380291229,0.20553696,0.06537397647364196
main,fpos,source_reweighted_cluster_trust_pseudo_xgboost_default,backend_sweep,xgboost_default,PAIRED_KAMPFF::paired_kampff::2015_09_03_Pair_9_0A::SpykingCircus::8,PAIRED_KAMPFF::paired_kampff::2015_09_03_Pair_9_0A,PAIRED_KAMPFF,0.028595282821957838,0.051169842,0.02257455965965532
main,fpos,source_reweighted_cluster_trust_pseudo_xgboost_default,backend_sweep,xgboost_default,PAIRED_KAMPFF::paired_kampff::2015_09_03_Pair_9_0A::Tridesclous::0,PAIRED_KAMPFF::paired_kampff::2015_09_03_Pair_9_0A,PAIRED_KAMPFF,0.006899350649350649,0.07215101,0.06525166206932687
main,fpos,source_reweighted_cluster_trust_pseudo_xgboost_default,backend_sweep,xgboost_default,PAIRED_KAMPFF::paired_kampff::2015_09_03_Pair_9_0A::Tridesclous::2,PAIRED_KAMPFF::paired_kampff::2015_09_03_Pair_9_0A,PAIRED_KAMPFF,0.15755883526126846,0.2102539,0.052695059067802585
main,fpos,source_reweighted_cluster_trust_pseudo_xgboost_default,backend_sweep,xgboost_default,PAIRED_KAMPFF::paired_kampff::2015_09_03_Pair_9_0B::HerdingSpikes2::4,PAIRED_KAMPFF::paired_kampff::2015_09_03_Pair_9_0B,PAIRED_KAMPFF,0.05299492385786802,0.17428064,0.12128571960526674
main,fpos,source_reweighted_cluster_trust_pseudo_xgboost_default,backend_sweep,xgboost_default,PAIRED_KAMPFF::paired_kampff::2015_09_03_Pair_9_0B::IronClust::4,PAIRED_KAMPFF::paired_kampff::2015_09_03_Pair_9_0B,PAIRED_KAMPFF,0.04985754985754986,0.08598878,0.03613123248869877
main,fpos,source_reweighted_cluster_trust_pseudo_xgboost_default,backend_sweep,xgboost_default,PAIRED_KAMPFF::paired_kampff::2015_09_03_Pair_9_0B::JRClust::21,PAIRED_KAMPFF::paired_kampff::2015_09_03_Pair_9_0B,PAIRED_KAMPFF,0.0070407040704070405,0.06477748,0.05773677450529944
main,fpos,source_reweighted_cluster_trust_pseudo_xgboost_default,backend_sweep,xgboost_default,PAIRED_KAMPFF::paired_kampff::2015_09_03_Pair_9_0B::KiloSort::6,PAIRED_KAMPFF::paired_kampff::2015_09_03_Pair_9_0B,PAIRED_KAMPFF,0.040098704503392965,0.06975963,0.029660925163412302
main,fpos,source_reweighted_cluster_trust_pseudo_xgboost_default,backend_sweep,xgboost_default,PAIRED_KAMPFF::paired_kampff::2015_09_03_Pair_9_0B::KiloSort2::26,PAIRED_KAMPFF::paired_kampff::2015_09_03_Pair_9_0B,PAIRED_KAMPFF,0.05909764880321966,0.06828675,0.009189097937121526
main,fpos,source_reweighted_cluster_trust_pseudo_xgboost_default,backend_sweep,xgboost_default,PAIRED_KAMPFF::paired_kampff::2015_09_03_Pair_9_0B::MountainSort4::11,PAIRED_KAMPFF::paired_kampff::2015_09_03_Pair_9_0B,PAIRED_KAMPFF,0.06803218727139722,0.10915586,0.04112367625208606
main,fpos,source_reweighted_cluster_trust_pseudo_xgboost_default,backend_sweep,xgboost_default,PAIRED_KAMPFF::paired_kampff::2015_09_03_Pair_9_0B::MountainSort4::12,PAIRED_KAMPFF::paired_kampff::2015_09_03_Pair_9_0B,PAIRED_KAMPFF,0.16717909300538047,0.20520505,0.03802596008566872
main,fpos,source_reweighted_cluster_trust_pseudo_xgboost_default,backend_sweep,xgboost_default,PAIRED_KAMPFF::paired_kampff::2015_09_03_Pair_9_0B::SpykingCircus::8,PAIRED_KAMPFF::paired_kampff::2015_09_03_Pair_9_0B,PAIRED_KAMPFF,0.7944485429730727,0.61221373,0.1822348121609999
main,fpos,source_reweighted_cluster_trust_pseudo_xgboost_default,backend_sweep,xgboost_default,PAIRED_KAMPFF::paired_kampff::2015_09_03_Pair_9_0B::SpykingCircus::9,PAIRED_KAMPFF::paired_kampff::2015_09_03_Pair_9_0B,PAIRED_KAMPFF,0.04577033101757254,0.078406654,0.03263632328073297
main,fpos,source_reweighted_cluster_trust_pseudo_xgboost_default,backend_sweep,xgboost_default,PAIRED_KAMPFF::paired_kampff::2015_09_03_Pair_9_0B::Tridesclous::0,PAIRED_KAMPFF::paired_kampff::2015_09_03_Pair_9_0B,PAIRED_KAMPFF,0.008339124391938846,0.10642169,0.09808256231698831
main,fpos,source_reweighted_cluster_trust_pseudo_xgboost_default,backend_sweep,xgboost_default,PAIRED_KAMPFF::paired_kampff::2015_09_03_Pair_9_0B::Tridesclous::2,PAIRED_KAMPFF::paired_kampff::2015_09_03_Pair_9_0B,PAIRED_KAMPFF,0.13492450073063808,0.1815596,0.04663510665595097
main,fpos,source_reweighted_cluster_trust_pseudo_xgboost_default,backend_sweep,xgboost_default,PAIRED_KAMPFF::paired_kampff::c14::HerdingSpikes2::6,PAIRED_KAMPFF::paired_kampff::c14,PAIRED_KAMPFF,0.25090444775484144,0.1701186,0.08078584762476027
main,fpos,source_reweighted_cluster_trust_pseudo_xgboost_default,backend_sweep,xgboost_default,PAIRED_KAMPFF::paired_kampff::c14::IronClust::22,PAIRED_KAMPFF::paired_kampff::c14,PAIRED_KAMPFF,0.2240655987795576,0.18538819,0.038677406245110874
main,fpos,source_reweighted_cluster_trust_pseudo_xgboost_default,backend_sweep,xgboost_default,PAIRED_KAMPFF::paired_kampff::c14::KiloSort2::37,PAIRED_KAMPFF::paired_kampff::c14,PAIRED_KAMPFF,0.23899885489939474,0.18738984,0.05160901918410085
main,fpos,source_reweighted_cluster_trust_pseudo_xgboost_default,backend_sweep,xgboost_default,PAIRED_KAMPFF::paired_kampff::c14::MountainSort4::42,PAIRED_KAMPFF::paired_kampff::c14,PAIRED_KAMPFF,0.031842105263157894,0.098786384,0.0669442786041059
main,fpos,source_reweighted_cluster_trust_pseudo_xgboost_default,backend_sweep,xgboost_default,PAIRED_KAMPFF::paired_kampff::c14::SpykingCircus::14,PAIRED_KAMPFF::paired_kampff::c14,PAIRED_KAMPFF,0.0993841579953281,0.15470321,0.05531905676926693
main,fpos,source_reweighted_cluster_trust_pseudo_xgboost_default,backend_sweep,xgboost_default,PAIRED_KAMPFF::paired_kampff::c14::Tridesclous::8,PAIRED_KAMPFF::paired_kampff::c14,PAIRED_KAMPFF,0.7298130782302221,0.34984055,0.37997252661546077
main,fpos,source_reweighted_anchor_stack_cluster_trust_pseudo_lightgbm_default,backend_sweep,lightgbm_default,PAIRED_BOYDEN::paired_boyden32c::419_1_8::IronClust::14,PAIRED_BOYDEN::paired_boyden32c::419_1_8,PAIRED_BOYDEN,0.0663265306122449,0.0235309,0.042795630133881865
main,fpos,source_reweighted_anchor_stack_cluster_trust_pseudo_lightgbm_default,backend_sweep,lightgbm_default,PAIRED_BOYDEN::paired_boyden32c::419_1_8::IronClust::4,PAIRED_BOYDEN::paired_boyden32c::419_1_8,PAIRED_BOYDEN,0.05829903978052126,0.099963695,0.04166465503034605
main,fpos,source_reweighted_anchor_stack_cluster_trust_pseudo_lightgbm_default,backend_sweep,lightgbm_default,PAIRED_BOYDEN::paired_boyden32c::419_1_8::JRClust::24,PAIRED_BOYDEN::paired_boyden32c::419_1_8,PAIRED_BOYDEN,0.08062093139709564,0.026149139,0.054471792588845214
main,fpos,source_reweighted_anchor_stack_cluster_trust_pseudo_lightgbm_default,backend_sweep,lightgbm_default,PAIRED_BOYDEN::paired_boyden32c::419_1_8::JRClust::8,PAIRED_BOYDEN::paired_boyden32c::419_1_8,PAIRED_BOYDEN,0.03907637655417407,0.023615895,0.015460481715006476
main,fpos,source_reweighted_anchor_stack_cluster_trust_pseudo_lightgbm_default,backend_sweep,lightgbm_default,PAIRED_BOYDEN::paired_boyden32c::419_1_8::KiloSort::17,PAIRED_BOYDEN::paired_boyden32c::419_1_8,PAIRED_BOYDEN,0.06424161521775405,0.017572125,0.046669489797779726
main,fpos,source_reweighted_anchor_stack_cluster_trust_pseudo_lightgbm_default,backend_sweep,lightgbm_default,PAIRED_BOYDEN::paired_boyden32c::419_1_8::KiloSort2::27,PAIRED_BOYDEN::paired_boyden32c::419_1_8,PAIRED_BOYDEN,0.1342059838895282,0.046983566,0.08722241775436013
main,fpos,source_reweighted_anchor_stack_cluster_trust_pseudo_lightgbm_default,backend_sweep,lightgbm_default,PAIRED_BOYDEN::paired_boyden32c::419_1_8::KiloSort2::46,PAIRED_BOYDEN::paired_boyden32c::419_1_8,PAIRED_BOYDEN,0.02341480088873697,0.026473042,0.0030582407350938264
main,fpos,source_reweighted_anchor_stack_cluster_trust_pseudo_lightgbm_default,backend_sweep,lightgbm_default,PAIRED_BOYDEN::paired_boyden32c::419_1_8::MountainSort4::42,PAIRED_BOYDEN::paired_boyden32c::419_1_8,PAIRED_BOYDEN,0.16482219271063892,0.15569718,0.00912501088976947
main,fpos,source_reweighted_anchor_stack_cluster_trust_pseudo_lightgbm_default,backend_sweep,lightgbm_default,PAIRED_BOYDEN::paired_boyden32c::419_1_8::SpykingCircus::24,PAIRED_BOYDEN::paired_boyden32c::419_1_8,PAIRED_BOYDEN,0.24721080446271285,0.17432861,0.07288219416169509
main,fpos,source_reweighted_anchor_stack_cluster_trust_pseudo_lightgbm_default,backend_sweep,lightgbm_default,PAIRED_BOYDEN::paired_boyden32c::419_1_8::SpykingCircus::28,PAIRED_BOYDEN::paired_boyden32c::419_1_8,PAIRED_BOYDEN,0.029543112332531776,0.017585037,0.01195807505638298
main,fpos,source_reweighted_anchor_stack_cluster_trust_pseudo_lightgbm_default,backend_sweep,lightgbm_default,PAIRED_BOYDEN::paired_boyden32c::419_1_8::Tridesclous::0,PAIRED_BOYDEN::paired_boyden32c::419_1_8,PAIRED_BOYDEN,0.15585806056898133,0.16212317,0.006265112906284176
main,fpos,source_reweighted_anchor_stack_cluster_trust_pseudo_lightgbm_default,backend_sweep,lightgbm_default,PAIRED_CRCNS_HC1::paired_crcns::d11222_d11222.002::IronClust::2,PAIRED_CRCNS_HC1::paired_crcns::d11222_d11222.002,PAIRED_CRCNS_HC1,0.04466019417475728,0.26239026,0.21773006175328227
main,fpos,source_reweighted_anchor_stack_cluster_trust_pseudo_lightgbm_default,backend_sweep,lightgbm_default,PAIRED_CRCNS_HC1::paired_crcns::d11222_d11222.002::JRClust::3,PAIRED_CRCNS_HC1::paired_crcns::d11222_d11222.002,PAIRED_CRCNS_HC1,0.039337474120082816,0.13085768,0.09152020214754109
main,fpos,source_reweighted_anchor_stack_cluster_trust_pseudo_lightgbm_default,backend_sweep,lightgbm_default,PAIRED_CRCNS_HC1::paired_crcns::d11222_d11222.002::KiloSort::1,PAIRED_CRCNS_HC1::paired_crcns::d11222_d11222.002,PAIRED_CRCNS_HC1,0.03337783711615487,0.17283645,0.13945861560639455
main,fpos,source_reweighted_anchor_stack_cluster_trust_pseudo_lightgbm_default,backend_sweep,lightgbm_default,PAIRED_CRCNS_HC1::paired_crcns::d11222_d11222.002::KiloSort2::10,PAIRED_CRCNS_HC1::paired_crcns::d11222_d11222.002,PAIRED_CRCNS_HC1,0.550417469492614,0.25267607,0.29774139975613334
main,fpos,source_reweighted_anchor_stack_cluster_trust_pseudo_lightgbm_default,backend_sweep,lightgbm_default,PAIRED_CRCNS_HC1::paired_crcns::d11222_d11222.002::Klusta::2,PAIRED_CRCNS_HC1::paired_crcns::d11222_d11222.002,PAIRED_CRCNS_HC1,0.008777852802160702,0.14841408,0.13963622257244257
main,fpos,source_reweighted_anchor_stack_cluster_trust_pseudo_lightgbm_default,backend_sweep,lightgbm_default,PAIRED_CRCNS_HC1::paired_crcns::d11222_d11222.002::MountainSort4::4,PAIRED_CRCNS_HC1::paired_crcns::d11222_d11222.002,PAIRED_CRCNS_HC1,0.360427807486631,0.2934268,0.06700099579153213
main,fpos,source_reweighted_anchor_stack_cluster_trust_pseudo_lightgbm_default,backend_sweep,lightgbm_default,PAIRED_CRCNS_HC1::paired_crcns::d11222_d11222.002::SpykingCircus::4,PAIRED_CRCNS_HC1::paired_crcns::d11222_d11222.002,PAIRED_CRCNS_HC1,0.11986754966887417,0.1718237,0.051956145633135414
main,fpos,source_reweighted_anchor_stack_cluster_trust_pseudo_lightgbm_default,backend_sweep,lightgbm_default,PAIRED_CRCNS_HC1::paired_crcns::d11222_d11222.002::Tridesclous::0,PAIRED_CRCNS_HC1::paired_crcns::d11222_d11222.002,PAIRED_CRCNS_HC1,0.021164021164021163,0.2587897,0.23762566718474898
main,fpos,source_reweighted_anchor_stack_cluster_trust_pseudo_lightgbm_default,backend_sweep,lightgbm_default,PAIRED_ENGLISH::paired_english::m139_200114_191955::KiloSort2::25,PAIRED_ENGLISH::paired_english::m139_200114_191955,PAIRED_ENGLISH,0.7302739726027397,0.28868127,0.44159270391072314
main,fpos,source_reweighted_anchor_stack_cluster_trust_pseudo_lightgbm_default,backend_sweep,lightgbm_default,PAIRED_ENGLISH::paired_english::m139_200114_191955::MountainSort4::36,PAIRED_ENGLISH::paired_english::m139_200114_191955,PAIRED_ENGLISH,0.8735255086994986,0.5748555,0.29867000227936313
main,fpos,source_reweighted_anchor_stack_cluster_trust_pseudo_lightgbm_default,backend_sweep,lightgbm_default,PAIRED_ENGLISH::paired_english::m139_200114_191955::SpykingCircus::42,PAIRED_ENGLISH::paired_english::m139_200114_191955,PAIRED_ENGLISH,0.5584045584045584,0.4112663,0.1471382613025839
main,fpos,source_reweighted_anchor_stack_cluster_trust_pseudo_lightgbm_default,backend_sweep,lightgbm_default,PAIRED_ENGLISH::paired_english::m139_200114_222743::HerdingSpikes2::5,PAIRED_ENGLISH::paired_english::m139_200114_222743,PAIRED_ENGLISH,0.03257707969749855,0.36795536,0.3353782771388204
main,fpos,source_reweighted_anchor_stack_cluster_trust_pseudo_lightgbm_default,backend_sweep,lightgbm_default,PAIRED_ENGLISH::paired_english::m139_200114_222743::IronClust::17,PAIRED_ENGLISH::paired_english::m139_200114_222743,PAIRED_ENGLISH,0.02675196277987787,0.2670084,0.24025643122303655
main,fpos,source_reweighted_anchor_stack_cluster_trust_pseudo_lightgbm_default,backend_sweep,lightgbm_default,PAIRED_ENGLISH::paired_english::m139_200114_222743::KiloSort::88,PAIRED_ENGLISH::paired_english::m139_200114_222743,PAIRED_ENGLISH,0.015151515151515152,0.23242787,0.2172763501152848
main,fpos,source_reweighted_anchor_stack_cluster_trust_pseudo_lightgbm_default,backend_sweep,lightgbm_default,PAIRED_ENGLISH::paired_english::m139_200114_222743::KiloSort2::26,PAIRED_ENGLISH::paired_english::m139_200114_222743,PAIRED_ENGLISH,0.028645087367516472,0.2666247,0.23797960173465638
main,fpos,source_reweighted_anchor_stack_cluster_trust_pseudo_lightgbm_default,backend_sweep,lightgbm_default,PAIRED_ENGLISH::paired_english::m139_200114_222743::MountainSort4::46,PAIRED_ENGLISH::paired_english::m139_200114_222743,PAIRED_ENGLISH,0.039886039886039885,0.35795078,0.31806473692937454
main,fpos,source_reweighted_anchor_stack_cluster_trust_pseudo_lightgbm_default,backend_sweep,lightgbm_default,PAIRED_ENGLISH::paired_english::m139_200114_222743::SpykingCircus::44,PAIRED_ENGLISH::paired_english::m139_200114_222743,PAIRED_ENGLISH,0.028064146620847653,0.26961336,0.24154920877733044
main,fpos,source_reweighted_anchor_stack_cluster_trust_pseudo_lightgbm_default,backend_sweep,lightgbm_default,PAIRED_ENGLISH::paired_english::m139_200114_222743::Tridesclous::1,PAIRED_ENGLISH::paired_english::m139_200114_222743,PAIRED_ENGLISH,0.3089646722483153,0.34965032,0.040685651142645385
main,fpos,source_reweighted_anchor_stack_cluster_trust_pseudo_lightgbm_default,backend_sweep,lightgbm_default,PAIRED_ENGLISH::paired_english::m14_190326_155432::IronClust::22,PAIRED_ENGLISH::paired_english::m14_190326_155432,PAIRED_ENGLISH,0.0481651376146789,0.1827335,0.1345683683496003
main,fpos,source_reweighted_anchor_stack_cluster_trust_pseudo_lightgbm_default,backend_sweep,lightgbm_default,PAIRED_ENGLISH::paired_english::m14_190326_155432::MountainSort4::33,PAIRED_ENGLISH::paired_english::m14_190326_155432,PAIRED_ENGLISH,0.1981651376146789,0.49641573,0.29825059667639775
main,fpos,source_reweighted_anchor_stack_cluster_trust_pseudo_lightgbm_default,backend_sweep,lightgbm_default,PAIRED_ENGLISH::paired_english::m14_190326_155432::SpykingCircus::38,PAIRED_ENGLISH::paired_english::m14_190326_155432,PAIRED_ENGLISH,0.013363028953229399,0.13400596,0.12064293484910825
main,fpos,source_reweighted_anchor_stack_cluster_trust_pseudo_lightgbm_default,backend_sweep,lightgbm_default,PAIRED_ENGLISH::paired_english::m15_190315_142052_cell1::IronClust::40,PAIRED_ENGLISH::paired_english::m15_190315_142052_cell1,PAIRED_ENGLISH,0.2679960401640503,0.4451031,0.17710706871885373
main,fpos,source_reweighted_anchor_stack_cluster_trust_pseudo_lightgbm_default,backend_sweep,lightgbm_default,PAIRED_ENGLISH::paired_english::m15_190315_142052_cell1::KiloSort2::48,PAIRED_ENGLISH::paired_english::m15_190315_142052_cell1,PAIRED_ENGLISH,0.8627861694595232,0.50347114,0.3593150333663836
main,fpos,source_reweighted_anchor_stack_cluster_trust_pseudo_lightgbm_default,backend_sweep,lightgbm_default,PAIRED_ENGLISH::paired_english::m15_190315_142052_cell1::MountainSort4::62,PAIRED_ENGLISH::paired_english::m15_190315_142052_cell1,PAIRED_ENGLISH,0.8769885383524361,0.5568047,0.3201838217653694
main,fpos,source_reweighted_anchor_stack_cluster_trust_pseudo_lightgbm_default,backend_sweep,lightgbm_default,PAIRED_ENGLISH::paired_english::m15_190315_142052_cell1::MountainSort4::64,PAIRED_ENGLISH::paired_english::m15_190315_142052_cell1,PAIRED_ENGLISH,0.14704761904761904,0.4341942,0.28714658814384825
main,fpos,source_reweighted_anchor_stack_cluster_trust_pseudo_lightgbm_default,backend_sweep,lightgbm_default,PAIRED_ENGLISH::paired_english::m15_190315_142052_cell1::SpykingCircus::22,PAIRED_ENGLISH::paired_english::m15_190315_142052_cell1,PAIRED_ENGLISH,0.23500526131182042,0.7407596,0.5057543498179403
main,fpos,source_reweighted_anchor_stack_cluster_trust_pseudo_lightgbm_default,backend_sweep,lightgbm_default,PAIRED_ENGLISH::paired_english::m15_190315_142052_cell1::SpykingCircus::57,PAIRED_ENGLISH::paired_english::m15_190315_142052_cell1,PAIRED_ENGLISH,0.6499202551834131,0.72146624,0.0715459880836462
main,fpos,source_reweighted_anchor_stack_cluster_trust_pseudo_lightgbm_default,backend_sweep,lightgbm_default,PAIRED_ENGLISH::paired_english::m15_190315_150831_cell1::KiloSort::201,PAIRED_ENGLISH::paired_english::m15_190315_150831_cell1,PAIRED_ENGLISH,0.02662037037037037,0.04180254,0.01518217005111553
main,fpos,source_reweighted_anchor_stack_cluster_trust_pseudo_lightgbm_default,backend_sweep,lightgbm_default,PAIRED_ENGLISH::paired_english::m15_190315_150831_cell1::KiloSort2::23,PAIRED_ENGLISH::paired_english::m15_190315_150831_cell1,PAIRED_ENGLISH,0.058163265306122446,0.17642272,0.1182594498809503
main,fpos,source_reweighted_anchor_stack_cluster_trust_pseudo_lightgbm_default,backend_sweep,lightgbm_default,PAIRED_ENGLISH::paired_english::m15_190315_150831_cell1::SpykingCircus::11,PAIRED_ENGLISH::paired_english::m15_190315_150831_cell1,PAIRED_ENGLISH,0.031609195402298854,0.04754594,0.01593674428161533
main,fpos,source_reweighted_anchor_stack_cluster_trust_pseudo_lightgbm_default,backend_sweep,lightgbm_default,PAIRED_ENGLISH::paired_english::m26_190524_100859_cell1::KiloSort::19,PAIRED_ENGLISH::paired_english::m26_190524_100859_cell1,PAIRED_ENGLISH,0.2440677966101695,0.37382868,0.1297608827130269
main,fpos,source_reweighted_anchor_stack_cluster_trust_pseudo_lightgbm_default,backend_sweep,lightgbm_default,PAIRED_ENGLISH::paired_english::m26_190524_100859_cell1::KiloSort::8,PAIRED_ENGLISH::paired_english::m26_190524_100859_cell1,PAIRED_ENGLISH,0.6505139500734214,0.7358599,0.08534592083722314
main,fpos,source_reweighted_anchor_stack_cluster_trust_pseudo_lightgbm_default,backend_sweep,lightgbm_default,PAIRED_ENGLISH::paired_english::m26_190524_100859_cell1::KiloSort2::0,PAIRED_ENGLISH::paired_english::m26_190524_100859_cell1,PAIRED_ENGLISH,0.38315988647114474,0.6114407,0.22828083170283597
main,fpos,source_reweighted_anchor_stack_cluster_trust_pseudo_lightgbm_default,backend_sweep,lightgbm_default,PAIRED_ENGLISH::paired_english::m57_191105_141906::IronClust::6,PAIRED_ENGLISH::paired_english::m57_191105_141906,PAIRED_ENGLISH,0.31826625386996904,0.41246223,0.09419598062710127
main,fpos,source_reweighted_anchor_stack_cluster_trust_pseudo_lightgbm_default,backend_sweep,lightgbm_default,PAIRED_ENGLISH::paired_english::m57_191105_141906::KiloSort::47,PAIRED_ENGLISH::paired_english::m57_191105_141906,PAIRED_ENGLISH,0.35376344086021505,0.41703245,0.06326900957733073
main,fpos,source_reweighted_anchor_stack_cluster_trust_pseudo_lightgbm_default,backend_sweep,lightgbm_default,PAIRED_ENGLISH::paired_english::m57_191105_141906::MountainSort4::21,PAIRED_ENGLISH::paired_english::m57_191105_141906,PAIRED_ENGLISH,0.3323335332933413,0.5314563,0.19912275838222632
main,fpos,source_reweighted_anchor_stack_cluster_trust_pseudo_lightgbm_default,backend_sweep,lightgbm_default,PAIRED_ENGLISH::paired_english::m57_191105_141906::MountainSort4::57,PAIRED_ENGLISH::paired_english::m57_191105_141906,PAIRED_ENGLISH,0.23853211009174313,0.4899096,0.25137747919887576
main,fpos,source_reweighted_anchor_stack_cluster_trust_pseudo_lightgbm_default,backend_sweep,lightgbm_default,PAIRED_ENGLISH::paired_english::m57_191105_141906::SpykingCircus::12,PAIRED_ENGLISH::paired_english::m57_191105_141906,PAIRED_ENGLISH,0.3535228677379481,0.4498611,0.09633824151879627
main,fpos,source_reweighted_anchor_stack_cluster_trust_pseudo_lightgbm_default,backend_sweep,lightgbm_default,PAIRED_ENGLISH::paired_english::m57_191105_141906::SpykingCircus::30,PAIRED_ENGLISH::paired_english::m57_191105_141906,PAIRED_ENGLISH,0.2040332147093713,0.46901715,0.264983933308512
main,fpos,source_reweighted_anchor_stack_cluster_trust_pseudo_lightgbm_default,backend_sweep,lightgbm_default,PAIRED_ENGLISH::paired_english::m57_191105_153915::IronClust::4,PAIRED_ENGLISH::paired_english::m57_191105_153915,PAIRED_ENGLISH,0.21239873194786896,0.35246846,0.1400697288503946
main,fpos,source_reweighted_anchor_stack_cluster_trust_pseudo_lightgbm_default,backend_sweep,lightgbm_default,PAIRED_ENGLISH::paired_english::m57_191105_153915::KiloSort::52,PAIRED_ENGLISH::paired_english::m57_191105_153915,PAIRED_ENGLISH,0.25900831536803204,0.50542796,0.24641964121308368
main,fpos,source_reweighted_anchor_stack_cluster_trust_pseudo_lightgbm_default,backend_sweep,lightgbm_default,PAIRED_ENGLISH::paired_english::m57_191105_153915::KiloSort2::19,PAIRED_ENGLISH::paired_english::m57_191105_153915,PAIRED_ENGLISH,0.29264475743348983,0.5055451,0.21290032227460953
main,fpos,source_reweighted_anchor_stack_cluster_trust_pseudo_lightgbm_default,backend_sweep,lightgbm_default,PAIRED_ENGLISH::paired_english::m57_191105_153915::MountainSort4::24,PAIRED_ENGLISH::paired_english::m57_191105_153915,PAIRED_ENGLISH,0.894797643343987,0.66311055,0.2316870891256948
main,fpos,source_reweighted_anchor_stack_cluster_trust_pseudo_lightgbm_default,backend_sweep,lightgbm_default,PAIRED_ENGLISH::paired_english::m57_191105_153915::SpykingCircus::30,PAIRED_ENGLISH::paired_english::m57_191105_153915,PAIRED_ENGLISH,0.38353953738569124,0.53949356,0.15595402340532438
main,fpos,source_reweighted_anchor_stack_cluster_trust_pseudo_lightgbm_default,backend_sweep,lightgbm_default,PAIRED_ENGLISH::paired_english::m57_191105_160026::HerdingSpikes2::1,PAIRED_ENGLISH::paired_english::m57_191105_160026,PAIRED_ENGLISH,0.13630229419703105,0.36008507,0.22378277593617818
main,fpos,source_reweighted_anchor_stack_cluster_trust_pseudo_lightgbm_default,backend_sweep,lightgbm_default,PAIRED_ENGLISH::paired_english::m57_191105_160026::IronClust::2,PAIRED_ENGLISH::paired_english::m57_191105_160026,PAIRED_ENGLISH,0.5044008124576845,0.29937485,0.20502596385348226
main,fpos,source_reweighted_anchor_stack_cluster_trust_pseudo_lightgbm_default,backend_sweep,lightgbm_default,PAIRED_ENGLISH::paired_english::m57_191105_160026::IronClust::3,PAIRED_ENGLISH::paired_english::m57_191105_160026,PAIRED_ENGLISH,0.05838815789473684,0.33055001,0.27216185707794993
main,fpos,source_reweighted_anchor_stack_cluster_trust_pseudo_lightgbm_default,backend_sweep,lightgbm_default,PAIRED_ENGLISH::paired_english::m57_191105_160026::KiloSort::127,PAIRED_ENGLISH::paired_english::m57_191105_160026,PAIRED_ENGLISH,0.5003422313483915,0.4891757,0.011166524246569609
main,fpos,source_reweighted_anchor_stack_cluster_trust_pseudo_lightgbm_default,backend_sweep,lightgbm_default,PAIRED_ENGLISH::paired_english::m57_191105_160026::KiloSort::6,PAIRED_ENGLISH::paired_english::m57_191105_160026,PAIRED_ENGLISH,0.02531645569620253,0.3129875,0.28767105069341536
main,fpos,source_reweighted_anchor_stack_cluster_trust_pseudo_lightgbm_default,backend_sweep,lightgbm_default,PAIRED_ENGLISH::paired_english::m57_191105_160026::MountainSort4::23,PAIRED_ENGLISH::paired_english::m57_191105_160026,PAIRED_ENGLISH,0.6737967914438503,0.45687485,0.21692194403174092
main,fpos,source_reweighted_anchor_stack_cluster_trust_pseudo_lightgbm_default,backend_sweep,lightgbm_default,PAIRED_ENGLISH::paired_english::m57_191105_160026::MountainSort4::25,PAIRED_ENGLISH::paired_english::m57_191105_160026,PAIRED_ENGLISH,0.14568081991215226,0.3846363,0.23895549281100753
main,fpos,source_reweighted_anchor_stack_cluster_trust_pseudo_lightgbm_default,backend_sweep,lightgbm_default,PAIRED_ENGLISH::paired_english::m57_191105_160026::SpykingCircus::2,PAIRED_ENGLISH::paired_english::m57_191105_160026,PAIRED_ENGLISH,0.6860282574568289,0.5519884,0.13403983458619295
main,fpos,source_reweighted_anchor_stack_cluster_trust_pseudo_lightgbm_default,backend_sweep,lightgbm_default,PAIRED_ENGLISH::paired_english::m57_191105_160026::SpykingCircus::4,PAIRED_ENGLISH::paired_english::m57_191105_160026,PAIRED_ENGLISH,0.056790123456790124,0.38828146,0.33149134111993106
main,fpos,source_reweighted_anchor_stack_cluster_trust_pseudo_lightgbm_default,backend_sweep,lightgbm_default,PAIRED_ENGLISH::paired_english::m57_191105_160026::Tridesclous::0,PAIRED_ENGLISH::paired_english::m57_191105_160026,PAIRED_ENGLISH,0.8589226823012093,0.45065773,0.4082649569670418
main,fpos,source_reweighted_anchor_stack_cluster_trust_pseudo_lightgbm_default,backend_sweep,lightgbm_default,PAIRED_KAMPFF::paired_kampff::2014_11_25_Pair_3_0::HerdingSpikes2::13,PAIRED_KAMPFF::paired_kampff::2014_11_25_Pair_3_0,PAIRED_KAMPFF,0.025714285714285714,0.09243968,0.06672539557729448
main,fpos,source_reweighted_anchor_stack_cluster_trust_pseudo_lightgbm_default,backend_sweep,lightgbm_default,PAIRED_KAMPFF::paired_kampff::2014_11_25_Pair_3_0::IronClust::2,PAIRED_KAMPFF::paired_kampff::2014_11_25_Pair_3_0,PAIRED_KAMPFF,0.017241379310344827,0.07932142,0.0620800423724898
main,fpos,source_reweighted_anchor_stack_cluster_trust_pseudo_lightgbm_default,backend_sweep,lightgbm_default,PAIRED_KAMPFF::paired_kampff::2014_11_25_Pair_3_0::KiloSort::11,PAIRED_KAMPFF::paired_kampff::2014_11_25_Pair_3_0,PAIRED_KAMPFF,0.6041426927502876,0.33149344,0.272649255460096
main,fpos,source_reweighted_anchor_stack_cluster_trust_pseudo_lightgbm_default,backend_sweep,lightgbm_default,PAIRED_KAMPFF::paired_kampff::2014_11_25_Pair_3_0::KiloSort2::7,PAIRED_KAMPFF::paired_kampff::2014_11_25_Pair_3_0,PAIRED_KAMPFF,0.005763688760806916,0.10326644,0.09750275157112896
main,fpos,source_reweighted_anchor_stack_cluster_trust_pseudo_lightgbm_default,backend_sweep,lightgbm_default,PAIRED_KAMPFF::paired_kampff::2014_11_25_Pair_3_0::MountainSort4::5,PAIRED_KAMPFF::paired_kampff::2014_11_25_Pair_3_0,PAIRED_KAMPFF,0.025280898876404494,0.23317915,0.20789825313546684
main,fpos,source_reweighted_anchor_stack_cluster_trust_pseudo_lightgbm_default,backend_sweep,lightgbm_default,PAIRED_KAMPFF::paired_kampff::2014_11_25_Pair_3_0::SpykingCircus::0,PAIRED_KAMPFF::paired_kampff::2014_11_25_Pair_3_0,PAIRED_KAMPFF,0.04696132596685083,0.16910326,0.12214193884180397
main,fpos,source_reweighted_anchor_stack_cluster_trust_pseudo_lightgbm_default,backend_sweep,lightgbm_default,PAIRED_KAMPFF::paired_kampff::2015_09_03_Pair_9_0A::HerdingSpikes2::3,PAIRED_KAMPFF::paired_kampff::2015_09_03_Pair_9_0A,PAIRED_KAMPFF,0.009163346613545816,0.21784909,0.20868574408183535
main,fpos,source_reweighted_anchor_stack_cluster_trust_pseudo_lightgbm_default,backend_sweep,lightgbm_default,PAIRED_KAMPFF::paired_kampff::2015_09_03_Pair_9_0A::HerdingSpikes2::5,PAIRED_KAMPFF::paired_kampff::2015_09_03_Pair_9_0A,PAIRED_KAMPFF,0.25625,0.31432194,0.05807193517684939
main,fpos,source_reweighted_anchor_stack_cluster_trust_pseudo_lightgbm_default,backend_sweep,lightgbm_default,PAIRED_KAMPFF::paired_kampff::2015_09_03_Pair_9_0A::IronClust::4,PAIRED_KAMPFF::paired_kampff::2015_09_03_Pair_9_0A,PAIRED_KAMPFF,0.050854353132628156,0.0962779,0.04542354690752153
main,fpos,source_reweighted_anchor_stack_cluster_trust_pseudo_lightgbm_default,backend_sweep,lightgbm_default,PAIRED_KAMPFF::paired_kampff::2015_09_03_Pair_9_0A::JRClust::28,PAIRED_KAMPFF::paired_kampff::2015_09_03_Pair_9_0A,PAIRED_KAMPFF,0.009279717189571365,0.11543816,0.1061584460909157
main,fpos,source_reweighted_anchor_stack_cluster_trust_pseudo_lightgbm_default,backend_sweep,lightgbm_default,PAIRED_KAMPFF::paired_kampff::2015_09_03_Pair_9_0A::KiloSort::21,PAIRED_KAMPFF::paired_kampff::2015_09_03_Pair_9_0A,PAIRED_KAMPFF,0.029197080291970802,0.11346646,0.08426937624050754
main,fpos,source_reweighted_anchor_stack_cluster_trust_pseudo_lightgbm_default,backend_sweep,lightgbm_default,PAIRED_KAMPFF::paired_kampff::2015_09_03_Pair_9_0A::KiloSort2::28,PAIRED_KAMPFF::paired_kampff::2015_09_03_Pair_9_0A,PAIRED_KAMPFF,0.04792983887415868,0.11546889,0.0675390506007101
main,fpos,source_reweighted_anchor_stack_cluster_trust_pseudo_lightgbm_default,backend_sweep,lightgbm_default,PAIRED_KAMPFF::paired_kampff::2015_09_03_Pair_9_0A::KiloSort2::50,PAIRED_KAMPFF::paired_kampff::2015_09_03_Pair_9_0A,PAIRED_KAMPFF,0.6547535622518104,0.4072743,0.24747925643134527
main,fpos,source_reweighted_anchor_stack_cluster_trust_pseudo_lightgbm_default,backend_sweep,lightgbm_default,PAIRED_KAMPFF::paired_kampff::2015_09_03_Pair_9_0A::MountainSort4::16,PAIRED_KAMPFF::paired_kampff::2015_09_03_Pair_9_0A,PAIRED_KAMPFF,0.020110410094637224,0.17275459,0.15264417564831323
main,fpos,source_reweighted_anchor_stack_cluster_trust_pseudo_lightgbm_default,backend_sweep,lightgbm_default,PAIRED_KAMPFF::paired_kampff::2015_09_03_Pair_9_0A::MountainSort4::18,PAIRED_KAMPFF::paired_kampff::2015_09_03_Pair_9_0A,PAIRED_KAMPFF,0.2709109380291229,0.30215627,0.03124533152120057
main,fpos,source_reweighted_anchor_stack_cluster_trust_pseudo_lightgbm_default,backend_sweep,lightgbm_default,PAIRED_KAMPFF::paired_kampff::2015_09_03_Pair_9_0A::SpykingCircus::8,PAIRED_KAMPFF::paired_kampff::2015_09_03_Pair_9_0A,PAIRED_KAMPFF,0.028595282821957838,0.092182435,0.06358715227335238
main,fpos,source_reweighted_anchor_stack_cluster_trust_pseudo_lightgbm_default,backend_sweep,lightgbm_default,PAIRED_KAMPFF::paired_kampff::2015_09_03_Pair_9_0A::Tridesclous::0,PAIRED_KAMPFF::paired_kampff::2015_09_03_Pair_9_0A,PAIRED_KAMPFF,0.006899350649350649,0.06302762,0.05612826966620111
main,fpos,source_reweighted_anchor_stack_cluster_trust_pseudo_lightgbm_default,backend_sweep,lightgbm_default,PAIRED_KAMPFF::paired_kampff::2015_09_03_Pair_9_0A::Tridesclous::2,PAIRED_KAMPFF::paired_kampff::2015_09_03_Pair_9_0A,PAIRED_KAMPFF,0.15755883526126846,0.19428462,0.03672578263957993
main,fpos,source_reweighted_anchor_stack_cluster_trust_pseudo_lightgbm_default,backend_sweep,lightgbm_default,PAIRED_KAMPFF::paired_kampff::2015_09_03_Pair_9_0B::HerdingSpikes2::4,PAIRED_KAMPFF::paired_kampff::2015_09_03_Pair_9_0B,PAIRED_KAMPFF,0.05299492385786802,0.2141343,0.1611393818576929
main,fpos,source_reweighted_anchor_stack_cluster_trust_pseudo_lightgbm_default,backend_sweep,lightgbm_default,PAIRED_KAMPFF::paired_kampff::2015_09_03_Pair_9_0B::IronClust::4,PAIRED_KAMPFF::paired_kampff::2015_09_03_Pair_9_0B,PAIRED_KAMPFF,0.04985754985754986,0.095622554,0.04576500456387501
main,fpos,source_reweighted_anchor_stack_cluster_trust_pseudo_lightgbm_default,backend_sweep,lightgbm_default,PAIRED_KAMPFF::paired_kampff::2015_09_03_Pair_9_0B::JRClust::21,PAIRED_KAMPFF::paired_kampff::2015_09_03_Pair_9_0B,PAIRED_KAMPFF,0.0070407040704070405,0.11230545,0.10526474338881385
main,fpos,source_reweighted_anchor_stack_cluster_trust_pseudo_lightgbm_default,backend_sweep,lightgbm_default,PAIRED_KAMPFF::paired_kampff::2015_09_03_Pair_9_0B::KiloSort::6,PAIRED_KAMPFF::paired_kampff::2015_09_03_Pair_9_0B,PAIRED_KAMPFF,0.040098704503392965,0.09847321,0.05837450910964033
main,fpos,source_reweighted_anchor_stack_cluster_trust_pseudo_lightgbm_default,backend_sweep,lightgbm_default,PAIRED_KAMPFF::paired_kampff::2015_09_03_Pair_9_0B::KiloSort2::26,PAIRED_KAMPFF::paired_kampff::2015_09_03_Pair_9_0B,PAIRED_KAMPFF,0.05909764880321966,0.1072063,0.048108651097788946
main,fpos,source_reweighted_anchor_stack_cluster_trust_pseudo_lightgbm_default,backend_sweep,lightgbm_default,PAIRED_KAMPFF::paired_kampff::2015_09_03_Pair_9_0B::MountainSort4::11,PAIRED_KAMPFF::paired_kampff::2015_09_03_Pair_9_0B,PAIRED_KAMPFF,0.06803218727139722,0.16617379,0.09814159865351428
main,fpos,source_reweighted_anchor_stack_cluster_trust_pseudo_lightgbm_default,backend_sweep,lightgbm_default,PAIRED_KAMPFF::paired_kampff::2015_09_03_Pair_9_0B::MountainSort4::12,PAIRED_KAMPFF::paired_kampff::2015_09_03_Pair_9_0B,PAIRED_KAMPFF,0.16717909300538047,0.2605022,0.09332309639243141
main,fpos,source_reweighted_anchor_stack_cluster_trust_pseudo_lightgbm_default,backend_sweep,lightgbm_default,PAIRED_KAMPFF::paired_kampff::2015_09_03_Pair_9_0B::SpykingCircus::8,PAIRED_KAMPFF::paired_kampff::2015_09_03_Pair_9_0B,PAIRED_KAMPFF,0.7944485429730727,0.6059331,0.1885154131856276
main,fpos,source_reweighted_anchor_stack_cluster_trust_pseudo_lightgbm_default,backend_sweep,lightgbm_default,PAIRED_KAMPFF::paired_kampff::2015_09_03_Pair_9_0B::SpykingCircus::9,PAIRED_KAMPFF::paired_kampff::2015_09_03_Pair_9_0B,PAIRED_KAMPFF,0.04577033101757254,0.121981196,0.07621086508790766
main,fpos,source_reweighted_anchor_stack_cluster_trust_pseudo_lightgbm_default,backend_sweep,lightgbm_default,PAIRED_KAMPFF::paired_kampff::2015_09_03_Pair_9_0B::Tridesclous::0,PAIRED_KAMPFF::paired_kampff::2015_09_03_Pair_9_0B,PAIRED_KAMPFF,0.008339124391938846,0.0773257,0.06898657732162317
main,fpos,source_reweighted_anchor_stack_cluster_trust_pseudo_lightgbm_default,backend_sweep,lightgbm_default,PAIRED_KAMPFF::paired_kampff::2015_09_03_Pair_9_0B::Tridesclous::2,PAIRED_KAMPFF::paired_kampff::2015_09_03_Pair_9_0B,PAIRED_KAMPFF,0.13492450073063808,0.18456022,0.049635723683233685
main,fpos,source_reweighted_anchor_stack_cluster_trust_pseudo_lightgbm_default,backend_sweep,lightgbm_default,PAIRED_KAMPFF::paired_kampff::c14::HerdingSpikes2::6,PAIRED_KAMPFF::paired_kampff::c14,PAIRED_KAMPFF,0.25090444775484144,0.16030893,0.09059552045724928
main,fpos,source_reweighted_anchor_stack_cluster_trust_pseudo_lightgbm_default,backend_sweep,lightgbm_default,PAIRED_KAMPFF::paired_kampff::c14::IronClust::22,PAIRED_KAMPFF::paired_kampff::c14,PAIRED_KAMPFF,0.2240655987795576,0.11957842,0.10448717766368235
main,fpos,source_reweighted_anchor_stack_cluster_trust_pseudo_lightgbm_default,backend_sweep,lightgbm_default,PAIRED_KAMPFF::paired_kampff::c14::KiloSort2::37,PAIRED_KAMPFF::paired_kampff::c14,PAIRED_KAMPFF,0.23899885489939474,0.18223299,0.05676586403845571
main,fpos,source_reweighted_anchor_stack_cluster_trust_pseudo_lightgbm_default,backend_sweep,lightgbm_default,PAIRED_KAMPFF::paired_kampff::c14::MountainSort4::42,PAIRED_KAMPFF::paired_kampff::c14,PAIRED_KAMPFF,0.031842105263157894,0.07666917,0.044827066189364384
main,fpos,source_reweighted_anchor_stack_cluster_trust_pseudo_lightgbm_default,backend_sweep,lightgbm_default,PAIRED_KAMPFF::paired_kampff::c14::SpykingCircus::14,PAIRED_KAMPFF::paired_kampff::c14,PAIRED_KAMPFF,0.0993841579953281,0.13539568,0.03601151790227017
main,fpos,source_reweighted_anchor_stack_cluster_trust_pseudo_lightgbm_default,backend_sweep,lightgbm_default,PAIRED_KAMPFF::paired_kampff::c14::Tridesclous::8,PAIRED_KAMPFF::paired_kampff::c14,PAIRED_KAMPFF,0.7298130782302221,0.52412564,0.20568744260629024
main,fpos,source_reweighted_anchor_stack_cluster_trust_pseudo_xgboost_default,backend_sweep,xgboost_default,PAIRED_BOYDEN::paired_boyden32c::419_1_8::IronClust::14,PAIRED_BOYDEN::paired_boyden32c::419_1_8,PAIRED_BOYDEN,0.0663265306122449,0.038821958,0.027504572606816588
main,fpos,source_reweighted_anchor_stack_cluster_trust_pseudo_xgboost_default,backend_sweep,xgboost_default,PAIRED_BOYDEN::paired_boyden32c::419_1_8::IronClust::4,PAIRED_BOYDEN::paired_boyden32c::419_1_8,PAIRED_BOYDEN,0.05829903978052126,0.084869914,0.02657087397632612
main,fpos,source_reweighted_anchor_stack_cluster_trust_pseudo_xgboost_default,backend_sweep,xgboost_default,PAIRED_BOYDEN::paired_boyden32c::419_1_8::JRClust::24,PAIRED_BOYDEN::paired_boyden32c::419_1_8,PAIRED_BOYDEN,0.08062093139709564,0.013083252,0.06753767927260729
main,fpos,source_reweighted_anchor_stack_cluster_trust_pseudo_xgboost_default,backend_sweep,xgboost_default,PAIRED_BOYDEN::paired_boyden32c::419_1_8::JRClust::8,PAIRED_BOYDEN::paired_boyden32c::419_1_8,PAIRED_BOYDEN,0.03907637655417407,0.017415807,0.021660569903058653
main,fpos,source_reweighted_anchor_stack_cluster_trust_pseudo_xgboost_default,backend_sweep,xgboost_default,PAIRED_BOYDEN::paired_boyden32c::419_1_8::KiloSort::17,PAIRED_BOYDEN::paired_boyden32c::419_1_8,PAIRED_BOYDEN,0.06424161521775405,0.01564448,0.048597135674783395
main,fpos,source_reweighted_anchor_stack_cluster_trust_pseudo_xgboost_default,backend_sweep,xgboost_default,PAIRED_BOYDEN::paired_boyden32c::419_1_8::KiloSort2::27,PAIRED_BOYDEN::paired_boyden32c::419_1_8,PAIRED_BOYDEN,0.1342059838895282,0.0852282,0.04897778661293595
main,fpos,source_reweighted_anchor_stack_cluster_trust_pseudo_xgboost_default,backend_sweep,xgboost_default,PAIRED_BOYDEN::paired_boyden32c::419_1_8::KiloSort2::46,PAIRED_BOYDEN::paired_boyden32c::419_1_8,PAIRED_BOYDEN,0.02341480088873697,0.024392223,0.000977422096888298
main,fpos,source_reweighted_anchor_stack_cluster_trust_pseudo_xgboost_default,backend_sweep,xgboost_default,PAIRED_BOYDEN::paired_boyden32c::419_1_8::MountainSort4::42,PAIRED_BOYDEN::paired_boyden32c::419_1_8,PAIRED_BOYDEN,0.16482219271063892,0.100521766,0.06430042706132022
main,fpos,source_reweighted_anchor_stack_cluster_trust_pseudo_xgboost_default,backend_sweep,xgboost_default,PAIRED_BOYDEN::paired_boyden32c::419_1_8::SpykingCircus::24,PAIRED_BOYDEN::paired_boyden32c::419_1_8,PAIRED_BOYDEN,0.24721080446271285,0.20713595,0.04007485890416487
main,fpos,source_reweighted_anchor_stack_cluster_trust_pseudo_xgboost_default,backend_sweep,xgboost_default,PAIRED_BOYDEN::paired_boyden32c::419_1_8::SpykingCircus::28,PAIRED_BOYDEN::paired_boyden32c::419_1_8,PAIRED_BOYDEN,0.029543112332531776,0.020867482,0.008675630504795875
main,fpos,source_reweighted_anchor_stack_cluster_trust_pseudo_xgboost_default,backend_sweep,xgboost_default,PAIRED_BOYDEN::paired_boyden32c::419_1_8::Tridesclous::0,PAIRED_BOYDEN::paired_boyden32c::419_1_8,PAIRED_BOYDEN,0.15585806056898133,0.15367556,0.002182504386119999
main,fpos,source_reweighted_anchor_stack_cluster_trust_pseudo_xgboost_default,backend_sweep,xgboost_default,PAIRED_CRCNS_HC1::paired_crcns::d11222_d11222.002::IronClust::2,PAIRED_CRCNS_HC1::paired_crcns::d11222_d11222.002,PAIRED_CRCNS_HC1,0.04466019417475728,0.46546328,0.4208030865030381
main,fpos,source_reweighted_anchor_stack_cluster_trust_pseudo_xgboost_default,backend_sweep,xgboost_default,PAIRED_CRCNS_HC1::paired_crcns::d11222_d11222.002::JRClust::3,PAIRED_CRCNS_HC1::paired_crcns::d11222_d11222.002,PAIRED_CRCNS_HC1,0.039337474120082816,0.1428497,0.10351222454267506
main,fpos,source_reweighted_anchor_stack_cluster_trust_pseudo_xgboost_default,backend_sweep,xgboost_default,PAIRED_CRCNS_HC1::paired_crcns::d11222_d11222.002::KiloSort::1,PAIRED_CRCNS_HC1::paired_crcns::d11222_d11222.002,PAIRED_CRCNS_HC1,0.03337783711615487,0.17154898,0.13817114037808492
main,fpos,source_reweighted_anchor_stack_cluster_trust_pseudo_xgboost_default,backend_sweep,xgboost_default,PAIRED_CRCNS_HC1::paired_crcns::d11222_d11222.002::KiloSort2::10,PAIRED_CRCNS_HC1::paired_crcns::d11222_d11222.002,PAIRED_CRCNS_HC1,0.550417469492614,0.14420097,0.4062165037304757
main,fpos,source_reweighted_anchor_stack_cluster_trust_pseudo_xgboost_default,backend_sweep,xgboost_default,PAIRED_CRCNS_HC1::paired_crcns::d11222_d11222.002::Klusta::2,PAIRED_CRCNS_HC1::paired_crcns::d11222_d11222.002,PAIRED_CRCNS_HC1,0.008777852802160702,0.15227559,0.14349773928653864
main,fpos,source_reweighted_anchor_stack_cluster_trust_pseudo_xgboost_default,backend_sweep,xgboost_default,PAIRED_CRCNS_HC1::paired_crcns::d11222_d11222.002::MountainSort4::4,PAIRED_CRCNS_HC1::paired_crcns::d11222_d11222.002,PAIRED_CRCNS_HC1,0.360427807486631,0.31310955,0.04731826058683547
main,fpos,source_reweighted_anchor_stack_cluster_trust_pseudo_xgboost_default,backend_sweep,xgboost_default,PAIRED_CRCNS_HC1::paired_crcns::d11222_d11222.002::SpykingCircus::4,PAIRED_CRCNS_HC1::paired_crcns::d11222_d11222.002,PAIRED_CRCNS_HC1,0.11986754966887417,0.17326823,0.0534006791004282
main,fpos,source_reweighted_anchor_stack_cluster_trust_pseudo_xgboost_default,backend_sweep,xgboost_default,PAIRED_CRCNS_HC1::paired_crcns::d11222_d11222.002::Tridesclous::0,PAIRED_CRCNS_HC1::paired_crcns::d11222_d11222.002,PAIRED_CRCNS_HC1,0.021164021164021163,0.34816787,0.3270038453044084
main,fpos,source_reweighted_anchor_stack_cluster_trust_pseudo_xgboost_default,backend_sweep,xgboost_default,PAIRED_ENGLISH::paired_english::m139_200114_191955::KiloSort2::25,PAIRED_ENGLISH::paired_english::m139_200114_191955,PAIRED_ENGLISH,0.7302739726027397,0.3293333,0.400940667243853
main,fpos,source_reweighted_anchor_stack_cluster_trust_pseudo_xgboost_default,backend_sweep,xgboost_default,PAIRED_ENGLISH::paired_english::m139_200114_191955::MountainSort4::36,PAIRED_ENGLISH::paired_english::m139_200114_191955,PAIRED_ENGLISH,0.8735255086994986,0.59583443,0.27769107466705845
main,fpos,source_reweighted_anchor_stack_cluster_trust_pseudo_xgboost_default,backend_sweep,xgboost_default,PAIRED_ENGLISH::paired_english::m139_200114_191955::SpykingCircus::42,PAIRED_ENGLISH::paired_english::m139_200114_191955,PAIRED_ENGLISH,0.5584045584045584,0.37974277,0.17866178701745816
main,fpos,source_reweighted_anchor_stack_cluster_trust_pseudo_xgboost_default,backend_sweep,xgboost_default,PAIRED_ENGLISH::paired_english::m139_200114_222743::HerdingSpikes2::5,PAIRED_ENGLISH::paired_english::m139_200114_222743,PAIRED_ENGLISH,0.03257707969749855,0.34567833,0.31310124977027487
main,fpos,source_reweighted_anchor_stack_cluster_trust_pseudo_xgboost_default,backend_sweep,xgboost_default,PAIRED_ENGLISH::paired_english::m139_200114_222743::IronClust::17,PAIRED_ENGLISH::paired_english::m139_200114_222743,PAIRED_ENGLISH,0.02675196277987787,0.24054201,0.2137900466929691
main,fpos,source_reweighted_anchor_stack_cluster_trust_pseudo_xgboost_default,backend_sweep,xgboost_default,PAIRED_ENGLISH::paired_english::m139_200114_222743::KiloSort::88,PAIRED_ENGLISH::paired_english::m139_200114_222743,PAIRED_ENGLISH,0.015151515151515152,0.20254482,0.1873933081374024
main,fpos,source_reweighted_anchor_stack_cluster_trust_pseudo_xgboost_default,backend_sweep,xgboost_default,PAIRED_ENGLISH::paired_english::m139_200114_222743::KiloSort2::26,PAIRED_ENGLISH::paired_english::m139_200114_222743,PAIRED_ENGLISH,0.028645087367516472,0.19847459,0.16982949864246277
main,fpos,source_reweighted_anchor_stack_cluster_trust_pseudo_xgboost_default,backend_sweep,xgboost_default,PAIRED_ENGLISH::paired_english::m139_200114_222743::MountainSort4::46,PAIRED_ENGLISH::paired_english::m139_200114_222743,PAIRED_ENGLISH,0.039886039886039885,0.3762899,0.33640386423154434
main,fpos,source_reweighted_anchor_stack_cluster_trust_pseudo_xgboost_default,backend_sweep,xgboost_default,PAIRED_ENGLISH::paired_english::m139_200114_222743::SpykingCircus::44,PAIRED_ENGLISH::paired_english::m139_200114_222743,PAIRED_ENGLISH,0.028064146620847653,0.20935939,0.1812952459029179
main,fpos,source_reweighted_anchor_stack_cluster_trust_pseudo_xgboost_default,backend_sweep,xgboost_default,PAIRED_ENGLISH::paired_english::m139_200114_222743::Tridesclous::1,PAIRED_ENGLISH::paired_english::m139_200114_222743,PAIRED_ENGLISH,0.3089646722483153,0.37936044,0.07039576514487317
main,fpos,source_reweighted_anchor_stack_cluster_trust_pseudo_xgboost_default,backend_sweep,xgboost_default,PAIRED_ENGLISH::paired_english::m14_190326_155432::IronClust::22,PAIRED_ENGLISH::paired_english::m14_190326_155432,PAIRED_ENGLISH,0.0481651376146789,0.07423863,0.02607349053435369
main,fpos,source_reweighted_anchor_stack_cluster_trust_pseudo_xgboost_default,backend_sweep,xgboost_default,PAIRED_ENGLISH::paired_english::m14_190326_155432::MountainSort4::33,PAIRED_ENGLISH::paired_english::m14_190326_155432,PAIRED_ENGLISH,0.1981651376146789,0.4247688,0.2266036678891663
main,fpos,source_reweighted_anchor_stack_cluster_trust_pseudo_xgboost_default,backend_sweep,xgboost_default,PAIRED_ENGLISH::paired_english::m14_190326_155432::SpykingCircus::38,PAIRED_ENGLISH::paired_english::m14_190326_155432,PAIRED_ENGLISH,0.013363028953229399,0.10883765,0.09547462027295926
main,fpos,source_reweighted_anchor_stack_cluster_trust_pseudo_xgboost_default,backend_sweep,xgboost_default,PAIRED_ENGLISH::paired_english::m15_190315_142052_cell1::IronClust::40,PAIRED_ENGLISH::paired_english::m15_190315_142052_cell1,PAIRED_ENGLISH,0.2679960401640503,0.5248217,0.2568256585015686
main,fpos,source_reweighted_anchor_stack_cluster_trust_pseudo_xgboost_default,backend_sweep,xgboost_default,PAIRED_ENGLISH::paired_english::m15_190315_142052_cell1::KiloSort2::48,PAIRED_ENGLISH::paired_english::m15_190315_142052_cell1,PAIRED_ENGLISH,0.8627861694595232,0.4688139,0.393972273280324
main,fpos,source_reweighted_anchor_stack_cluster_trust_pseudo_xgboost_default,backend_sweep,xgboost_default,PAIRED_ENGLISH::paired_english::m15_190315_142052_cell1::MountainSort4::62,PAIRED_ENGLISH::paired_english::m15_190315_142052_cell1,PAIRED_ENGLISH,0.8769885383524361,0.533829,0.34315956458229446
main,fpos,source_reweighted_anchor_stack_cluster_trust_pseudo_xgboost_default,backend_sweep,xgboost_default,PAIRED_ENGLISH::paired_english::m15_190315_142052_cell1::MountainSort4::64,PAIRED_ENGLISH::paired_english::m15_190315_142052_cell1,PAIRED_ENGLISH,0.14704761904761904,0.51087743,0.3638298113913763
main,fpos,source_reweighted_anchor_stack_cluster_trust_pseudo_xgboost_default,backend_sweep,xgboost_default,PAIRED_ENGLISH::paired_english::m15_190315_142052_cell1::SpykingCircus::22,PAIRED_ENGLISH::paired_english::m15_190315_142052_cell1,PAIRED_ENGLISH,0.23500526131182042,0.7016959,0.4666906577250448
main,fpos,source_reweighted_anchor_stack_cluster_trust_pseudo_xgboost_default,backend_sweep,xgboost_default,PAIRED_ENGLISH::paired_english::m15_190315_142052_cell1::SpykingCircus::57,PAIRED_ENGLISH::paired_english::m15_190315_142052_cell1,PAIRED_ENGLISH,0.6499202551834131,0.642707,0.007213264941408726
main,fpos,source_reweighted_anchor_stack_cluster_trust_pseudo_xgboost_default,backend_sweep,xgboost_default,PAIRED_ENGLISH::paired_english::m15_190315_150831_cell1::KiloSort::201,PAIRED_ENGLISH::paired_english::m15_190315_150831_cell1,PAIRED_ENGLISH,0.02662037037037037,0.035447262,0.008826891857164877
main,fpos,source_reweighted_anchor_stack_cluster_trust_pseudo_xgboost_default,backend_sweep,xgboost_default,PAIRED_ENGLISH::paired_english::m15_190315_150831_cell1::KiloSort2::23,PAIRED_ENGLISH::paired_english::m15_190315_150831_cell1,PAIRED_ENGLISH,0.058163265306122446,0.12964644,0.07148317007385954
main,fpos,source_reweighted_anchor_stack_cluster_trust_pseudo_xgboost_default,backend_sweep,xgboost_default,PAIRED_ENGLISH::paired_english::m15_190315_150831_cell1::SpykingCircus::11,PAIRED_ENGLISH::paired_english::m15_190315_150831_cell1,PAIRED_ENGLISH,0.031609195402298854,0.043117438,0.011508242109383657
main,fpos,source_reweighted_anchor_stack_cluster_trust_pseudo_xgboost_default,backend_sweep,xgboost_default,PAIRED_ENGLISH::paired_english::m26_190524_100859_cell1::KiloSort::19,PAIRED_ENGLISH::paired_english::m26_190524_100859_cell1,PAIRED_ENGLISH,0.2440677966101695,0.4580101,0.21394231066865435
main,fpos,source_reweighted_anchor_stack_cluster_trust_pseudo_xgboost_default,backend_sweep,xgboost_default,PAIRED_ENGLISH::paired_english::m26_190524_100859_cell1::KiloSort::8,PAIRED_ENGLISH::paired_english::m26_190524_100859_cell1,PAIRED_ENGLISH,0.6505139500734214,0.601084,0.049429956161678223
main,fpos,source_reweighted_anchor_stack_cluster_trust_pseudo_xgboost_default,backend_sweep,xgboost_default,PAIRED_ENGLISH::paired_english::m26_190524_100859_cell1::KiloSort2::0,PAIRED_ENGLISH::paired_english::m26_190524_100859_cell1,PAIRED_ENGLISH,0.38315988647114474,0.6570365,0.27387659681666654
main,fpos,source_reweighted_anchor_stack_cluster_trust_pseudo_xgboost_default,backend_sweep,xgboost_default,PAIRED_ENGLISH::paired_english::m57_191105_141906::IronClust::6,PAIRED_ENGLISH::paired_english::m57_191105_141906,PAIRED_ENGLISH,0.31826625386996904,0.4159706,0.09770433982090315
main,fpos,source_reweighted_anchor_stack_cluster_trust_pseudo_xgboost_default,backend_sweep,xgboost_default,PAIRED_ENGLISH::paired_english::m57_191105_141906::KiloSort::47,PAIRED_ENGLISH::paired_english::m57_191105_141906,PAIRED_ENGLISH,0.35376344086021505,0.38885504,0.035091599213179725
main,fpos,source_reweighted_anchor_stack_cluster_trust_pseudo_xgboost_default,backend_sweep,xgboost_default,PAIRED_ENGLISH::paired_english::m57_191105_141906::MountainSort4::21,PAIRED_ENGLISH::paired_english::m57_191105_141906,PAIRED_ENGLISH,0.3323335332933413,0.49506247,0.16272893714275488
main,fpos,source_reweighted_anchor_stack_cluster_trust_pseudo_xgboost_default,backend_sweep,xgboost_default,PAIRED_ENGLISH::paired_english::m57_191105_141906::MountainSort4::57,PAIRED_ENGLISH::paired_english::m57_191105_141906,PAIRED_ENGLISH,0.23853211009174313,0.43255052,0.1940184096130756
main,fpos,source_reweighted_anchor_stack_cluster_trust_pseudo_xgboost_default,backend_sweep,xgboost_default,PAIRED_ENGLISH::paired_english::m57_191105_141906::SpykingCircus::12,PAIRED_ENGLISH::paired_english::m57_191105_141906,PAIRED_ENGLISH,0.3535228677379481,0.5131534,0.15963050645715077
main,fpos,source_reweighted_anchor_stack_cluster_trust_pseudo_xgboost_default,backend_sweep,xgboost_default,PAIRED_ENGLISH::paired_english::m57_191105_141906::SpykingCircus::30,PAIRED_ENGLISH::paired_english::m57_191105_141906,PAIRED_ENGLISH,0.2040332147093713,0.2765615,0.07252828393259647
main,fpos,source_reweighted_anchor_stack_cluster_trust_pseudo_xgboost_default,backend_sweep,xgboost_default,PAIRED_ENGLISH::paired_english::m57_191105_153915::IronClust::4,PAIRED_ENGLISH::paired_english::m57_191105_153915,PAIRED_ENGLISH,0.21239873194786896,0.49276063,0.2803618965139688
main,fpos,source_reweighted_anchor_stack_cluster_trust_pseudo_xgboost_default,backend_sweep,xgboost_default,PAIRED_ENGLISH::paired_english::m57_191105_153915::KiloSort::52,PAIRED_ENGLISH::paired_english::m57_191105_153915,PAIRED_ENGLISH,0.25900831536803204,0.51665974,0.25765142126526874
main,fpos,source_reweighted_anchor_stack_cluster_trust_pseudo_xgboost_default,backend_sweep,xgboost_default,PAIRED_ENGLISH::paired_english::m57_191105_153915::KiloSort2::19,PAIRED_ENGLISH::paired_english::m57_191105_153915,PAIRED_ENGLISH,0.29264475743348983,0.5214825,0.22883776982252213
main,fpos,source_reweighted_anchor_stack_cluster_trust_pseudo_xgboost_default,backend_sweep,xgboost_default,PAIRED_ENGLISH::paired_english::m57_191105_153915::MountainSort4::24,PAIRED_ENGLISH::paired_english::m57_191105_153915,PAIRED_ENGLISH,0.894797643343987,0.7065703,0.18822731606203513
main,fpos,source_reweighted_anchor_stack_cluster_trust_pseudo_xgboost_default,backend_sweep,xgboost_default,PAIRED_ENGLISH::paired_english::m57_191105_153915::SpykingCircus::30,PAIRED_ENGLISH::paired_english::m57_191105_153915,PAIRED_ENGLISH,0.38353953738569124,0.523086,0.13954647402406828
main,fpos,source_reweighted_anchor_stack_cluster_trust_pseudo_xgboost_default,backend_sweep,xgboost_default,PAIRED_ENGLISH::paired_english::m57_191105_160026::HerdingSpikes2::1,PAIRED_ENGLISH::paired_english::m57_191105_160026,PAIRED_ENGLISH,0.13630229419703105,0.4038314,0.26752909832959554
main,fpos,source_reweighted_anchor_stack_cluster_trust_pseudo_xgboost_default,backend_sweep,xgboost_default,PAIRED_ENGLISH::paired_english::m57_191105_160026::IronClust::2,PAIRED_ENGLISH::paired_english::m57_191105_160026,PAIRED_ENGLISH,0.5044008124576845,0.41685456,0.08754625208247091
main,fpos,source_reweighted_anchor_stack_cluster_trust_pseudo_xgboost_default,backend_sweep,xgboost_default,PAIRED_ENGLISH::paired_english::m57_191105_160026::IronClust::3,PAIRED_ENGLISH::paired_english::m57_191105_160026,PAIRED_ENGLISH,0.05838815789473684,0.49544436,0.4370561995004353
main,fpos,source_reweighted_anchor_stack_cluster_trust_pseudo_xgboost_default,backend_sweep,xgboost_default,PAIRED_ENGLISH::paired_english::m57_191105_160026::KiloSort::127,PAIRED_ENGLISH::paired_english::m57_191105_160026,PAIRED_ENGLISH,0.5003422313483915,0.4778002,0.022542040899630522
main,fpos,source_reweighted_anchor_stack_cluster_trust_pseudo_xgboost_default,backend_sweep,xgboost_default,PAIRED_ENGLISH::paired_english::m57_191105_160026::KiloSort::6,PAIRED_ENGLISH::paired_english::m57_191105_160026,PAIRED_ENGLISH,0.02531645569620253,0.45579204,0.4304755839365947
main,fpos,source_reweighted_anchor_stack_cluster_trust_pseudo_xgboost_default,backend_sweep,xgboost_default,PAIRED_ENGLISH::paired_english::m57_191105_160026::MountainSort4::23,PAIRED_ENGLISH::paired_english::m57_191105_160026,PAIRED_ENGLISH,0.6737967914438503,0.42680585,0.24699093760016133
main,fpos,source_reweighted_anchor_stack_cluster_trust_pseudo_xgboost_default,backend_sweep,xgboost_default,PAIRED_ENGLISH::paired_english::m57_191105_160026::MountainSort4::25,PAIRED_ENGLISH::paired_english::m57_191105_160026,PAIRED_ENGLISH,0.14568081991215226,0.5056076,0.3599267850683165
main,fpos,source_reweighted_anchor_stack_cluster_trust_pseudo_xgboost_default,backend_sweep,xgboost_default,PAIRED_ENGLISH::paired_english::m57_191105_160026::SpykingCircus::2,PAIRED_ENGLISH::paired_english::m57_191105_160026,PAIRED_ENGLISH,0.6860282574568289,0.51579785,0.1702304039869803
main,fpos,source_reweighted_anchor_stack_cluster_trust_pseudo_xgboost_default,backend_sweep,xgboost_default,PAIRED_ENGLISH::paired_english::m57_191105_160026::SpykingCircus::4,PAIRED_ENGLISH::paired_english::m57_191105_160026,PAIRED_ENGLISH,0.056790123456790124,0.51807,0.4612798590718964
main,fpos,source_reweighted_anchor_stack_cluster_trust_pseudo_xgboost_default,backend_sweep,xgboost_default,PAIRED_ENGLISH::paired_english::m57_191105_160026::Tridesclous::0,PAIRED_ENGLISH::paired_english::m57_191105_160026,PAIRED_ENGLISH,0.8589226823012093,0.61131823,0.247604451672242
main,fpos,source_reweighted_anchor_stack_cluster_trust_pseudo_xgboost_default,backend_sweep,xgboost_default,PAIRED_KAMPFF::paired_kampff::2014_11_25_Pair_3_0::HerdingSpikes2::13,PAIRED_KAMPFF::paired_kampff::2014_11_25_Pair_3_0,PAIRED_KAMPFF,0.025714285714285714,0.06504327,0.039328984873635425
main,fpos,source_reweighted_anchor_stack_cluster_trust_pseudo_xgboost_default,backend_sweep,xgboost_default,PAIRED_KAMPFF::paired_kampff::2014_11_25_Pair_3_0::IronClust::2,PAIRED_KAMPFF::paired_kampff::2014_11_25_Pair_3_0,PAIRED_KAMPFF,0.017241379310344827,0.06372645,0.0464850682122954
main,fpos,source_reweighted_anchor_stack_cluster_trust_pseudo_xgboost_default,backend_sweep,xgboost_default,PAIRED_KAMPFF::paired_kampff::2014_11_25_Pair_3_0::KiloSort::11,PAIRED_KAMPFF::paired_kampff::2014_11_25_Pair_3_0,PAIRED_KAMPFF,0.6041426927502876,0.31098533,0.2931573659833199
main,fpos,source_reweighted_anchor_stack_cluster_trust_pseudo_xgboost_default,backend_sweep,xgboost_default,PAIRED_KAMPFF::paired_kampff::2014_11_25_Pair_3_0::KiloSort2::7,PAIRED_KAMPFF::paired_kampff::2014_11_25_Pair_3_0,PAIRED_KAMPFF,0.005763688760806916,0.07456304,0.06879935256857693
main,fpos,source_reweighted_anchor_stack_cluster_trust_pseudo_xgboost_default,backend_sweep,xgboost_default,PAIRED_KAMPFF::paired_kampff::2014_11_25_Pair_3_0::MountainSort4::5,PAIRED_KAMPFF::paired_kampff::2014_11_25_Pair_3_0,PAIRED_KAMPFF,0.025280898876404494,0.20004418,0.1747632860467675
main,fpos,source_reweighted_anchor_stack_cluster_trust_pseudo_xgboost_default,backend_sweep,xgboost_default,PAIRED_KAMPFF::paired_kampff::2014_11_25_Pair_3_0::SpykingCircus::0,PAIRED_KAMPFF::paired_kampff::2014_11_25_Pair_3_0,PAIRED_KAMPFF,0.04696132596685083,0.18825956,0.14129823092268318
main,fpos,source_reweighted_anchor_stack_cluster_trust_pseudo_xgboost_default,backend_sweep,xgboost_default,PAIRED_KAMPFF::paired_kampff::2015_09_03_Pair_9_0A::HerdingSpikes2::3,PAIRED_KAMPFF::paired_kampff::2015_09_03_Pair_9_0A,PAIRED_KAMPFF,0.009163346613545816,0.2120148,0.2028514477361246
main,fpos,source_reweighted_anchor_stack_cluster_trust_pseudo_xgboost_default,backend_sweep,xgboost_default,PAIRED_KAMPFF::paired_kampff::2015_09_03_Pair_9_0A::HerdingSpikes2::5,PAIRED_KAMPFF::paired_kampff::2015_09_03_Pair_9_0A,PAIRED_KAMPFF,0.25625,0.29873836,0.042488360404968284
main,fpos,source_reweighted_anchor_stack_cluster_trust_pseudo_xgboost_default,backend_sweep,xgboost_default,PAIRED_KAMPFF::paired_kampff::2015_09_03_Pair_9_0A::IronClust::4,PAIRED_KAMPFF::paired_kampff::2015_09_03_Pair_9_0A,PAIRED_KAMPFF,0.050854353132628156,0.16327219,0.11241783398113375
main,fpos,source_reweighted_anchor_stack_cluster_trust_pseudo_xgboost_default,backend_sweep,xgboost_default,PAIRED_KAMPFF::paired_kampff::2015_09_03_Pair_9_0A::JRClust::28,PAIRED_KAMPFF::paired_kampff::2015_09_03_Pair_9_0A,PAIRED_KAMPFF,0.009279717189571365,0.12642053,0.11714081050703813
main,fpos,source_reweighted_anchor_stack_cluster_trust_pseudo_xgboost_default,backend_sweep,xgboost_default,PAIRED_KAMPFF::paired_kampff::2015_09_03_Pair_9_0A::KiloSort::21,PAIRED_KAMPFF::paired_kampff::2015_09_03_Pair_9_0A,PAIRED_KAMPFF,0.029197080291970802,0.088102624,0.05890554352833407
main,fpos,source_reweighted_anchor_stack_cluster_trust_pseudo_xgboost_default,backend_sweep,xgboost_default,PAIRED_KAMPFF::paired_kampff::2015_09_03_Pair_9_0A::KiloSort2::28,PAIRED_KAMPFF::paired_kampff::2015_09_03_Pair_9_0A,PAIRED_KAMPFF,0.04792983887415868,0.09081341,0.04288357438820857
main,fpos,source_reweighted_anchor_stack_cluster_trust_pseudo_xgboost_default,backend_sweep,xgboost_default,PAIRED_KAMPFF::paired_kampff::2015_09_03_Pair_9_0A::KiloSort2::50,PAIRED_KAMPFF::paired_kampff::2015_09_03_Pair_9_0A,PAIRED_KAMPFF,0.6547535622518104,0.45297638,0.2017771864335578
main,fpos,source_reweighted_anchor_stack_cluster_trust_pseudo_xgboost_default,backend_sweep,xgboost_default,PAIRED_KAMPFF::paired_kampff::2015_09_03_Pair_9_0A::MountainSort4::16,PAIRED_KAMPFF::paired_kampff::2015_09_03_Pair_9_0A,PAIRED_KAMPFF,0.020110410094637224,0.15338445,0.1332740370031411
main,fpos,source_reweighted_anchor_stack_cluster_trust_pseudo_xgboost_default,backend_sweep,xgboost_default,PAIRED_KAMPFF::paired_kampff::2015_09_03_Pair_9_0A::MountainSort4::18,PAIRED_KAMPFF::paired_kampff::2015_09_03_Pair_9_0A,PAIRED_KAMPFF,0.2709109380291229,0.26241615,0.008494783882928458
main,fpos,source_reweighted_anchor_stack_cluster_trust_pseudo_xgboost_default,backend_sweep,xgboost_default,PAIRED_KAMPFF::paired_kampff::2015_09_03_Pair_9_0A::SpykingCircus::8,PAIRED_KAMPFF::paired_kampff::2015_09_03_Pair_9_0A,PAIRED_KAMPFF,0.028595282821957838,0.066824056,0.03822877338617586
main,fpos,source_reweighted_anchor_stack_cluster_trust_pseudo_xgboost_default,backend_sweep,xgboost_default,PAIRED_KAMPFF::paired_kampff::2015_09_03_Pair_9_0A::Tridesclous::0,PAIRED_KAMPFF::paired_kampff::2015_09_03_Pair_9_0A,PAIRED_KAMPFF,0.006899350649350649,0.10623637,0.09933701776838921
main,fpos,source_reweighted_anchor_stack_cluster_trust_pseudo_xgboost_default,backend_sweep,xgboost_default,PAIRED_KAMPFF::paired_kampff::2015_09_03_Pair_9_0A::Tridesclous::2,PAIRED_KAMPFF::paired_kampff::2015_09_03_Pair_9_0A,PAIRED_KAMPFF,0.15755883526126846,0.2693463,0.1117874615259935
main,fpos,source_reweighted_anchor_stack_cluster_trust_pseudo_xgboost_default,backend_sweep,xgboost_default,PAIRED_KAMPFF::paired_kampff::2015_09_03_Pair_9_0B::HerdingSpikes2::4,PAIRED_KAMPFF::paired_kampff::2015_09_03_Pair_9_0B,PAIRED_KAMPFF,0.05299492385786802,0.19454339,0.14154846760827272
main,fpos,source_reweighted_anchor_stack_cluster_trust_pseudo_xgboost_default,backend_sweep,xgboost_default,PAIRED_KAMPFF::paired_kampff::2015_09_03_Pair_9_0B::IronClust::4,PAIRED_KAMPFF::paired_kampff::2015_09_03_Pair_9_0B,PAIRED_KAMPFF,0.04985754985754986,0.09319779,0.043340242910928535
main,fpos,source_reweighted_anchor_stack_cluster_trust_pseudo_xgboost_default,backend_sweep,xgboost_default,PAIRED_KAMPFF::paired_kampff::2015_09_03_Pair_9_0B::JRClust::21,PAIRED_KAMPFF::paired_kampff::2015_09_03_Pair_9_0B,PAIRED_KAMPFF,0.0070407040704070405,0.08680732,0.07976661396138084
main,fpos,source_reweighted_anchor_stack_cluster_trust_pseudo_xgboost_default,backend_sweep,xgboost_default,PAIRED_KAMPFF::paired_kampff::2015_09_03_Pair_9_0B::KiloSort::6,PAIRED_KAMPFF::paired_kampff::2015_09_03_Pair_9_0B,PAIRED_KAMPFF,0.040098704503392965,0.078571275,0.03847257037320158
main,fpos,source_reweighted_anchor_stack_cluster_trust_pseudo_xgboost_default,backend_sweep,xgboost_default,PAIRED_KAMPFF::paired_kampff::2015_09_03_Pair_9_0B::KiloSort2::26,PAIRED_KAMPFF::paired_kampff::2015_09_03_Pair_9_0B,PAIRED_KAMPFF,0.05909764880321966,0.07992845,0.020830801483168737
main,fpos,source_reweighted_anchor_stack_cluster_trust_pseudo_xgboost_default,backend_sweep,xgboost_default,PAIRED_KAMPFF::paired_kampff::2015_09_03_Pair_9_0B::MountainSort4::11,PAIRED_KAMPFF::paired_kampff::2015_09_03_Pair_9_0B,PAIRED_KAMPFF,0.06803218727139722,0.13148133,0.06344914729567279
main,fpos,source_reweighted_anchor_stack_cluster_trust_pseudo_xgboost_default,backend_sweep,xgboost_default,PAIRED_KAMPFF::paired_kampff::2015_09_03_Pair_9_0B::MountainSort4::12,PAIRED_KAMPFF::paired_kampff::2015_09_03_Pair_9_0B,PAIRED_KAMPFF,0.16717909300538047,0.262482,0.0953028944709684
main,fpos,source_reweighted_anchor_stack_cluster_trust_pseudo_xgboost_default,backend_sweep,xgboost_default,PAIRED_KAMPFF::paired_kampff::2015_09_03_Pair_9_0B::SpykingCircus::8,PAIRED_KAMPFF::paired_kampff::2015_09_03_Pair_9_0B,PAIRED_KAMPFF,0.7944485429730727,0.5831906,0.21125792302754653
main,fpos,source_reweighted_anchor_stack_cluster_trust_pseudo_xgboost_default,backend_sweep,xgboost_default,PAIRED_KAMPFF::paired_kampff::2015_09_03_Pair_9_0B::SpykingCircus::9,PAIRED_KAMPFF::paired_kampff::2015_09_03_Pair_9_0B,PAIRED_KAMPFF,0.04577033101757254,0.07679475,0.03102441997091089
main,fpos,source_reweighted_anchor_stack_cluster_trust_pseudo_xgboost_default,backend_sweep,xgboost_default,PAIRED_KAMPFF::paired_kampff::2015_09_03_Pair_9_0B::Tridesclous::0,PAIRED_KAMPFF::paired_kampff::2015_09_03_Pair_9_0B,PAIRED_KAMPFF,0.008339124391938846,0.12814344,0.1198043202653869
main,fpos,source_reweighted_anchor_stack_cluster_trust_pseudo_xgboost_default,backend_sweep,xgboost_default,PAIRED_KAMPFF::paired_kampff::2015_09_03_Pair_9_0B::Tridesclous::2,PAIRED_KAMPFF::paired_kampff::2015_09_03_Pair_9_0B,PAIRED_KAMPFF,0.13492450073063808,0.20915404,0.07422953889071507
main,fpos,source_reweighted_anchor_stack_cluster_trust_pseudo_xgboost_default,backend_sweep,xgboost_default,PAIRED_KAMPFF::paired_kampff::c14::HerdingSpikes2::6,PAIRED_KAMPFF::paired_kampff::c14,PAIRED_KAMPFF,0.25090444775484144,0.23282535,0.01807909401319563
main,fpos,source_reweighted_anchor_stack_cluster_trust_pseudo_xgboost_default,backend_sweep,xgboost_default,PAIRED_KAMPFF::paired_kampff::c14::IronClust::22,PAIRED_KAMPFF::paired_kampff::c14,PAIRED_KAMPFF,0.2240655987795576,0.20178857,0.02227702432238901
main,fpos,source_reweighted_anchor_stack_cluster_trust_pseudo_xgboost_default,backend_sweep,xgboost_default,PAIRED_KAMPFF::paired_kampff::c14::KiloSort2::37,PAIRED_KAMPFF::paired_kampff::c14,PAIRED_KAMPFF,0.23899885489939474,0.22378974,0.015209118270862326
main,fpos,source_reweighted_anchor_stack_cluster_trust_pseudo_xgboost_default,backend_sweep,xgboost_default,PAIRED_KAMPFF::paired_kampff::c14::MountainSort4::42,PAIRED_KAMPFF::paired_kampff::c14,PAIRED_KAMPFF,0.031842105263157894,0.13193119,0.10008908045919318
main,fpos,source_reweighted_anchor_stack_cluster_trust_pseudo_xgboost_default,backend_sweep,xgboost_default,PAIRED_KAMPFF::paired_kampff::c14::SpykingCircus::14,PAIRED_KAMPFF::paired_kampff::c14,PAIRED_KAMPFF,0.0993841579953281,0.22060397,0.12121981467808804
main,fpos,source_reweighted_anchor_stack_cluster_trust_pseudo_xgboost_default,backend_sweep,xgboost_default,PAIRED_KAMPFF::paired_kampff::c14::Tridesclous::8,PAIRED_KAMPFF::paired_kampff::c14,PAIRED_KAMPFF,0.7298130782302221,0.41229725,0.3175158293898901
