protocol,target,variant_id,family,backend,row_uid,recording_key,study_set,true,pred,abs_error
main,fpos,reference_anchor_stack_xgboost,signal_embedding_stack,xgboost_default,PAIRED_BOYDEN::paired_boyden32c::419_1_8::IronClust::14,PAIRED_BOYDEN::paired_boyden32c::419_1_8,PAIRED_BOYDEN,0.0663265306122449,0.03360979,0.032716741747393904
main,fpos,reference_anchor_stack_xgboost,signal_embedding_stack,xgboost_default,PAIRED_BOYDEN::paired_boyden32c::419_1_8::IronClust::4,PAIRED_BOYDEN::paired_boyden32c::419_1_8,PAIRED_BOYDEN,0.05829903978052126,0.0756166,0.0173175583487512
main,fpos,reference_anchor_stack_xgboost,signal_embedding_stack,xgboost_default,PAIRED_BOYDEN::paired_boyden32c::419_1_8::JRClust::24,PAIRED_BOYDEN::paired_boyden32c::419_1_8,PAIRED_BOYDEN,0.08062093139709564,0.018366968,0.062253963137880286
main,fpos,reference_anchor_stack_xgboost,signal_embedding_stack,xgboost_default,PAIRED_BOYDEN::paired_boyden32c::419_1_8::JRClust::8,PAIRED_BOYDEN::paired_boyden32c::419_1_8,PAIRED_BOYDEN,0.03907637655417407,0.0178986,0.021177776005668288
main,fpos,reference_anchor_stack_xgboost,signal_embedding_stack,xgboost_default,PAIRED_BOYDEN::paired_boyden32c::419_1_8::KiloSort::17,PAIRED_BOYDEN::paired_boyden32c::419_1_8,PAIRED_BOYDEN,0.06424161521775405,0.018065754,0.046175860893556284
main,fpos,reference_anchor_stack_xgboost,signal_embedding_stack,xgboost_default,PAIRED_BOYDEN::paired_boyden32c::419_1_8::KiloSort2::27,PAIRED_BOYDEN::paired_boyden32c::419_1_8,PAIRED_BOYDEN,0.1342059838895282,0.054442134,0.0797638501350364
main,fpos,reference_anchor_stack_xgboost,signal_embedding_stack,xgboost_default,PAIRED_BOYDEN::paired_boyden32c::419_1_8::KiloSort2::46,PAIRED_BOYDEN::paired_boyden32c::419_1_8,PAIRED_BOYDEN,0.02341480088873697,0.02663272,0.0032179197158019486
main,fpos,reference_anchor_stack_xgboost,signal_embedding_stack,xgboost_default,PAIRED_BOYDEN::paired_boyden32c::419_1_8::MountainSort4::42,PAIRED_BOYDEN::paired_boyden32c::419_1_8,PAIRED_BOYDEN,0.16482219271063892,0.07805993,0.08676226608157245
main,fpos,reference_anchor_stack_xgboost,signal_embedding_stack,xgboost_default,PAIRED_BOYDEN::paired_boyden32c::419_1_8::SpykingCircus::24,PAIRED_BOYDEN::paired_boyden32c::419_1_8,PAIRED_BOYDEN,0.24721080446271285,0.13748413,0.10972667121915206
main,fpos,reference_anchor_stack_xgboost,signal_embedding_stack,xgboost_default,PAIRED_BOYDEN::paired_boyden32c::419_1_8::SpykingCircus::28,PAIRED_BOYDEN::paired_boyden32c::419_1_8,PAIRED_BOYDEN,0.029543112332531776,0.011210042,0.018333070280560818
main,fpos,reference_anchor_stack_xgboost,signal_embedding_stack,xgboost_default,PAIRED_BOYDEN::paired_boyden32c::419_1_8::Tridesclous::0,PAIRED_BOYDEN::paired_boyden32c::419_1_8,PAIRED_BOYDEN,0.15585806056898133,0.1508525,0.005005559176616825
main,fpos,reference_anchor_stack_xgboost,signal_embedding_stack,xgboost_default,PAIRED_CRCNS_HC1::paired_crcns::d11222_d11222.002::IronClust::2,PAIRED_CRCNS_HC1::paired_crcns::d11222_d11222.002,PAIRED_CRCNS_HC1,0.04466019417475728,0.47179204,0.4271318480806443
main,fpos,reference_anchor_stack_xgboost,signal_embedding_stack,xgboost_default,PAIRED_CRCNS_HC1::paired_crcns::d11222_d11222.002::JRClust::3,PAIRED_CRCNS_HC1::paired_crcns::d11222_d11222.002,PAIRED_CRCNS_HC1,0.039337474120082816,0.16049637,0.12115889488416676
main,fpos,reference_anchor_stack_xgboost,signal_embedding_stack,xgboost_default,PAIRED_CRCNS_HC1::paired_crcns::d11222_d11222.002::KiloSort::1,PAIRED_CRCNS_HC1::paired_crcns::d11222_d11222.002,PAIRED_CRCNS_HC1,0.03337783711615487,0.20620781,0.1728299747162731
main,fpos,reference_anchor_stack_xgboost,signal_embedding_stack,xgboost_default,PAIRED_CRCNS_HC1::paired_crcns::d11222_d11222.002::KiloSort2::10,PAIRED_CRCNS_HC1::paired_crcns::d11222_d11222.002,PAIRED_CRCNS_HC1,0.550417469492614,0.21711889,0.333298580399215
main,fpos,reference_anchor_stack_xgboost,signal_embedding_stack,xgboost_default,PAIRED_CRCNS_HC1::paired_crcns::d11222_d11222.002::Klusta::2,PAIRED_CRCNS_HC1::paired_crcns::d11222_d11222.002,PAIRED_CRCNS_HC1,0.008777852802160702,0.18270825,0.1739303956938949
main,fpos,reference_anchor_stack_xgboost,signal_embedding_stack,xgboost_default,PAIRED_CRCNS_HC1::paired_crcns::d11222_d11222.002::MountainSort4::4,PAIRED_CRCNS_HC1::paired_crcns::d11222_d11222.002,PAIRED_CRCNS_HC1,0.360427807486631,0.38188815,0.02146034368219224
main,fpos,reference_anchor_stack_xgboost,signal_embedding_stack,xgboost_default,PAIRED_CRCNS_HC1::paired_crcns::d11222_d11222.002::SpykingCircus::4,PAIRED_CRCNS_HC1::paired_crcns::d11222_d11222.002,PAIRED_CRCNS_HC1,0.11986754966887417,0.22173299,0.10186543928471622
main,fpos,reference_anchor_stack_xgboost,signal_embedding_stack,xgboost_default,PAIRED_CRCNS_HC1::paired_crcns::d11222_d11222.002::Tridesclous::0,PAIRED_CRCNS_HC1::paired_crcns::d11222_d11222.002,PAIRED_CRCNS_HC1,0.021164021164021163,0.35715213,0.3359881130160478
main,fpos,reference_anchor_stack_xgboost,signal_embedding_stack,xgboost_default,PAIRED_ENGLISH::paired_english::m139_200114_191955::KiloSort2::25,PAIRED_ENGLISH::paired_english::m139_200114_191955,PAIRED_ENGLISH,0.7302739726027397,0.34562153,0.38465244636143725
main,fpos,reference_anchor_stack_xgboost,signal_embedding_stack,xgboost_default,PAIRED_ENGLISH::paired_english::m139_200114_191955::MountainSort4::36,PAIRED_ENGLISH::paired_english::m139_200114_191955,PAIRED_ENGLISH,0.8735255086994986,0.54224646,0.3312790477848868
main,fpos,reference_anchor_stack_xgboost,signal_embedding_stack,xgboost_default,PAIRED_ENGLISH::paired_english::m139_200114_191955::SpykingCircus::42,PAIRED_ENGLISH::paired_english::m139_200114_191955,PAIRED_ENGLISH,0.5584045584045584,0.3901817,0.16822286795007535
main,fpos,reference_anchor_stack_xgboost,signal_embedding_stack,xgboost_default,PAIRED_ENGLISH::paired_english::m139_200114_222743::HerdingSpikes2::5,PAIRED_ENGLISH::paired_english::m139_200114_222743,PAIRED_ENGLISH,0.03257707969749855,0.29859814,0.2660210607806356
main,fpos,reference_anchor_stack_xgboost,signal_embedding_stack,xgboost_default,PAIRED_ENGLISH::paired_english::m139_200114_222743::IronClust::17,PAIRED_ENGLISH::paired_english::m139_200114_222743,PAIRED_ENGLISH,0.02675196277987787,0.2374688,0.21071683120834997
main,fpos,reference_anchor_stack_xgboost,signal_embedding_stack,xgboost_default,PAIRED_ENGLISH::paired_english::m139_200114_222743::KiloSort::88,PAIRED_ENGLISH::paired_english::m139_200114_222743,PAIRED_ENGLISH,0.015151515151515152,0.22663762,0.21148610160206305
main,fpos,reference_anchor_stack_xgboost,signal_embedding_stack,xgboost_default,PAIRED_ENGLISH::paired_english::m139_200114_222743::KiloSort2::26,PAIRED_ENGLISH::paired_english::m139_200114_222743,PAIRED_ENGLISH,0.028645087367516472,0.24330766,0.21466257762290863
main,fpos,reference_anchor_stack_xgboost,signal_embedding_stack,xgboost_default,PAIRED_ENGLISH::paired_english::m139_200114_222743::MountainSort4::46,PAIRED_ENGLISH::paired_english::m139_200114_222743,PAIRED_ENGLISH,0.039886039886039885,0.35973024,0.31984420379682144
main,fpos,reference_anchor_stack_xgboost,signal_embedding_stack,xgboost_default,PAIRED_ENGLISH::paired_english::m139_200114_222743::SpykingCircus::44,PAIRED_ENGLISH::paired_english::m139_200114_222743,PAIRED_ENGLISH,0.028064146620847653,0.24966295,0.2215988040141087
main,fpos,reference_anchor_stack_xgboost,signal_embedding_stack,xgboost_default,PAIRED_ENGLISH::paired_english::m139_200114_222743::Tridesclous::1,PAIRED_ENGLISH::paired_english::m139_200114_222743,PAIRED_ENGLISH,0.3089646722483153,0.36314574,0.05418106659178784
main,fpos,reference_anchor_stack_xgboost,signal_embedding_stack,xgboost_default,PAIRED_ENGLISH::paired_english::m14_190326_155432::IronClust::22,PAIRED_ENGLISH::paired_english::m14_190326_155432,PAIRED_ENGLISH,0.0481651376146789,0.07141153,0.023246390078592735
main,fpos,reference_anchor_stack_xgboost,signal_embedding_stack,xgboost_default,PAIRED_ENGLISH::paired_english::m14_190326_155432::MountainSort4::33,PAIRED_ENGLISH::paired_english::m14_190326_155432,PAIRED_ENGLISH,0.1981651376146789,0.38786414,0.18969900504164738
main,fpos,reference_anchor_stack_xgboost,signal_embedding_stack,xgboost_default,PAIRED_ENGLISH::paired_english::m14_190326_155432::SpykingCircus::38,PAIRED_ENGLISH::paired_english::m14_190326_155432,PAIRED_ENGLISH,0.013363028953229399,0.11106701,0.09770398299917081
main,fpos,reference_anchor_stack_xgboost,signal_embedding_stack,xgboost_default,PAIRED_ENGLISH::paired_english::m15_190315_142052_cell1::IronClust::40,PAIRED_ENGLISH::paired_english::m15_190315_142052_cell1,PAIRED_ENGLISH,0.2679960401640503,0.48719808,0.2192020444287689
main,fpos,reference_anchor_stack_xgboost,signal_embedding_stack,xgboost_default,PAIRED_ENGLISH::paired_english::m15_190315_142052_cell1::KiloSort2::48,PAIRED_ENGLISH::paired_english::m15_190315_142052_cell1,PAIRED_ENGLISH,0.8627861694595232,0.39683267,0.46595349471777825
main,fpos,reference_anchor_stack_xgboost,signal_embedding_stack,xgboost_default,PAIRED_ENGLISH::paired_english::m15_190315_142052_cell1::MountainSort4::62,PAIRED_ENGLISH::paired_english::m15_190315_142052_cell1,PAIRED_ENGLISH,0.8769885383524361,0.5367022,0.34028632268089676
main,fpos,reference_anchor_stack_xgboost,signal_embedding_stack,xgboost_default,PAIRED_ENGLISH::paired_english::m15_190315_142052_cell1::MountainSort4::64,PAIRED_ENGLISH::paired_english::m15_190315_142052_cell1,PAIRED_ENGLISH,0.14704761904761904,0.4938754,0.34682779508545286
main,fpos,reference_anchor_stack_xgboost,signal_embedding_stack,xgboost_default,PAIRED_ENGLISH::paired_english::m15_190315_142052_cell1::SpykingCircus::22,PAIRED_ENGLISH::paired_english::m15_190315_142052_cell1,PAIRED_ENGLISH,0.23500526131182042,0.6720968,0.4370915275713888
main,fpos,reference_anchor_stack_xgboost,signal_embedding_stack,xgboost_default,PAIRED_ENGLISH::paired_english::m15_190315_142052_cell1::SpykingCircus::57,PAIRED_ENGLISH::paired_english::m15_190315_142052_cell1,PAIRED_ENGLISH,0.6499202551834131,0.63624424,0.013676017760470005
main,fpos,reference_anchor_stack_xgboost,signal_embedding_stack,xgboost_default,PAIRED_ENGLISH::paired_english::m15_190315_150831_cell1::KiloSort::201,PAIRED_ENGLISH::paired_english::m15_190315_150831_cell1,PAIRED_ENGLISH,0.02662037037037037,0.037311513,0.010691142606514471
main,fpos,reference_anchor_stack_xgboost,signal_embedding_stack,xgboost_default,PAIRED_ENGLISH::paired_english::m15_190315_150831_cell1::KiloSort2::23,PAIRED_ENGLISH::paired_english::m15_190315_150831_cell1,PAIRED_ENGLISH,0.058163265306122446,0.16167665,0.10351337997280821
main,fpos,reference_anchor_stack_xgboost,signal_embedding_stack,xgboost_default,PAIRED_ENGLISH::paired_english::m15_190315_150831_cell1::SpykingCircus::11,PAIRED_ENGLISH::paired_english::m15_190315_150831_cell1,PAIRED_ENGLISH,0.031609195402298854,0.049378,0.017768804797495916
main,fpos,reference_anchor_stack_xgboost,signal_embedding_stack,xgboost_default,PAIRED_ENGLISH::paired_english::m26_190524_100859_cell1::KiloSort::19,PAIRED_ENGLISH::paired_english::m26_190524_100859_cell1,PAIRED_ENGLISH,0.2440677966101695,0.5120398,0.2679719840065907
main,fpos,reference_anchor_stack_xgboost,signal_embedding_stack,xgboost_default,PAIRED_ENGLISH::paired_english::m26_190524_100859_cell1::KiloSort::8,PAIRED_ENGLISH::paired_english::m26_190524_100859_cell1,PAIRED_ENGLISH,0.6505139500734214,0.64527,0.005243960106075196
main,fpos,reference_anchor_stack_xgboost,signal_embedding_stack,xgboost_default,PAIRED_ENGLISH::paired_english::m26_190524_100859_cell1::KiloSort2::0,PAIRED_ENGLISH::paired_english::m26_190524_100859_cell1,PAIRED_ENGLISH,0.38315988647114474,0.64762825,0.2644683612667398
main,fpos,reference_anchor_stack_xgboost,signal_embedding_stack,xgboost_default,PAIRED_ENGLISH::paired_english::m57_191105_141906::IronClust::6,PAIRED_ENGLISH::paired_english::m57_191105_141906,PAIRED_ENGLISH,0.31826625386996904,0.40749484,0.08922858913616499
main,fpos,reference_anchor_stack_xgboost,signal_embedding_stack,xgboost_default,PAIRED_ENGLISH::paired_english::m57_191105_141906::KiloSort::47,PAIRED_ENGLISH::paired_english::m57_191105_141906,PAIRED_ENGLISH,0.35376344086021505,0.3755061,0.02174266217857279
main,fpos,reference_anchor_stack_xgboost,signal_embedding_stack,xgboost_default,PAIRED_ENGLISH::paired_english::m57_191105_141906::MountainSort4::21,PAIRED_ENGLISH::paired_english::m57_191105_141906,PAIRED_ENGLISH,0.3323335332933413,0.46186376,0.12953022288646826
main,fpos,reference_anchor_stack_xgboost,signal_embedding_stack,xgboost_default,PAIRED_ENGLISH::paired_english::m57_191105_141906::MountainSort4::57,PAIRED_ENGLISH::paired_english::m57_191105_141906,PAIRED_ENGLISH,0.23853211009174313,0.40505257,0.16652046239704166
main,fpos,reference_anchor_stack_xgboost,signal_embedding_stack,xgboost_default,PAIRED_ENGLISH::paired_english::m57_191105_141906::SpykingCircus::12,PAIRED_ENGLISH::paired_english::m57_191105_141906,PAIRED_ENGLISH,0.3535228677379481,0.47956112,0.12603825253373463
main,fpos,reference_anchor_stack_xgboost,signal_embedding_stack,xgboost_default,PAIRED_ENGLISH::paired_english::m57_191105_141906::SpykingCircus::30,PAIRED_ENGLISH::paired_english::m57_191105_141906,PAIRED_ENGLISH,0.2040332147093713,0.24744152,0.04340830061712864
main,fpos,reference_anchor_stack_xgboost,signal_embedding_stack,xgboost_default,PAIRED_ENGLISH::paired_english::m57_191105_153915::IronClust::4,PAIRED_ENGLISH::paired_english::m57_191105_153915,PAIRED_ENGLISH,0.21239873194786896,0.48807248,0.27567375278380524
main,fpos,reference_anchor_stack_xgboost,signal_embedding_stack,xgboost_default,PAIRED_ENGLISH::paired_english::m57_191105_153915::KiloSort::52,PAIRED_ENGLISH::paired_english::m57_191105_153915,PAIRED_ENGLISH,0.25900831536803204,0.5391839,0.28017559929337543
main,fpos,reference_anchor_stack_xgboost,signal_embedding_stack,xgboost_default,PAIRED_ENGLISH::paired_english::m57_191105_153915::KiloSort2::19,PAIRED_ENGLISH::paired_english::m57_191105_153915,PAIRED_ENGLISH,0.29264475743348983,0.5137716,0.2211268361372194
main,fpos,reference_anchor_stack_xgboost,signal_embedding_stack,xgboost_default,PAIRED_ENGLISH::paired_english::m57_191105_153915::MountainSort4::24,PAIRED_ENGLISH::paired_english::m57_191105_153915,PAIRED_ENGLISH,0.894797643343987,0.73971117,0.15508647791582542
main,fpos,reference_anchor_stack_xgboost,signal_embedding_stack,xgboost_default,PAIRED_ENGLISH::paired_english::m57_191105_153915::SpykingCircus::30,PAIRED_ENGLISH::paired_english::m57_191105_153915,PAIRED_ENGLISH,0.38353953738569124,0.5134193,0.12987973312975065
main,fpos,reference_anchor_stack_xgboost,signal_embedding_stack,xgboost_default,PAIRED_ENGLISH::paired_english::m57_191105_160026::HerdingSpikes2::1,PAIRED_ENGLISH::paired_english::m57_191105_160026,PAIRED_ENGLISH,0.13630229419703105,0.4381666,0.30186429434781453
main,fpos,reference_anchor_stack_xgboost,signal_embedding_stack,xgboost_default,PAIRED_ENGLISH::paired_english::m57_191105_160026::IronClust::2,PAIRED_ENGLISH::paired_english::m57_191105_160026,PAIRED_ENGLISH,0.5044008124576845,0.39521423,0.10918658263552572
main,fpos,reference_anchor_stack_xgboost,signal_embedding_stack,xgboost_default,PAIRED_ENGLISH::paired_english::m57_191105_160026::IronClust::3,PAIRED_ENGLISH::paired_english::m57_191105_160026,PAIRED_ENGLISH,0.05838815789473684,0.46192288,0.4035347260926899
main,fpos,reference_anchor_stack_xgboost,signal_embedding_stack,xgboost_default,PAIRED_ENGLISH::paired_english::m57_191105_160026::KiloSort::127,PAIRED_ENGLISH::paired_english::m57_191105_160026,PAIRED_ENGLISH,0.5003422313483915,0.45382997,0.046512257412310576
main,fpos,reference_anchor_stack_xgboost,signal_embedding_stack,xgboost_default,PAIRED_ENGLISH::paired_english::m57_191105_160026::KiloSort::6,PAIRED_ENGLISH::paired_english::m57_191105_160026,PAIRED_ENGLISH,0.02531645569620253,0.39202833,0.36671187606038924
main,fpos,reference_anchor_stack_xgboost,signal_embedding_stack,xgboost_default,PAIRED_ENGLISH::paired_english::m57_191105_160026::MountainSort4::23,PAIRED_ENGLISH::paired_english::m57_191105_160026,PAIRED_ENGLISH,0.6737967914438503,0.4057064,0.26809038580420186
main,fpos,reference_anchor_stack_xgboost,signal_embedding_stack,xgboost_default,PAIRED_ENGLISH::paired_english::m57_191105_160026::MountainSort4::25,PAIRED_ENGLISH::paired_english::m57_191105_160026,PAIRED_ENGLISH,0.14568081991215226,0.43802515,0.2923443268106413
main,fpos,reference_anchor_stack_xgboost,signal_embedding_stack,xgboost_default,PAIRED_ENGLISH::paired_english::m57_191105_160026::SpykingCircus::2,PAIRED_ENGLISH::paired_english::m57_191105_160026,PAIRED_ENGLISH,0.6860282574568289,0.5250653,0.16096295460801302
main,fpos,reference_anchor_stack_xgboost,signal_embedding_stack,xgboost_default,PAIRED_ENGLISH::paired_english::m57_191105_160026::SpykingCircus::4,PAIRED_ENGLISH::paired_english::m57_191105_160026,PAIRED_ENGLISH,0.056790123456790124,0.49733117,0.44054104877106937
main,fpos,reference_anchor_stack_xgboost,signal_embedding_stack,xgboost_default,PAIRED_ENGLISH::paired_english::m57_191105_160026::Tridesclous::0,PAIRED_ENGLISH::paired_english::m57_191105_160026,PAIRED_ENGLISH,0.8589226823012093,0.55559933,0.30332335044543535
main,fpos,reference_anchor_stack_xgboost,signal_embedding_stack,xgboost_default,PAIRED_KAMPFF::paired_kampff::2014_11_25_Pair_3_0::HerdingSpikes2::13,PAIRED_KAMPFF::paired_kampff::2014_11_25_Pair_3_0,PAIRED_KAMPFF,0.025714285714285714,0.07059643,0.044882141011101856
main,fpos,reference_anchor_stack_xgboost,signal_embedding_stack,xgboost_default,PAIRED_KAMPFF::paired_kampff::2014_11_25_Pair_3_0::IronClust::2,PAIRED_KAMPFF::paired_kampff::2014_11_25_Pair_3_0,PAIRED_KAMPFF,0.017241379310344827,0.065024644,0.047783264826084006
main,fpos,reference_anchor_stack_xgboost,signal_embedding_stack,xgboost_default,PAIRED_KAMPFF::paired_kampff::2014_11_25_Pair_3_0::KiloSort::11,PAIRED_KAMPFF::paired_kampff::2014_11_25_Pair_3_0,PAIRED_KAMPFF,0.6041426927502876,0.36422294,0.23991974896748125
main,fpos,reference_anchor_stack_xgboost,signal_embedding_stack,xgboost_default,PAIRED_KAMPFF::paired_kampff::2014_11_25_Pair_3_0::KiloSort2::7,PAIRED_KAMPFF::paired_kampff::2014_11_25_Pair_3_0,PAIRED_KAMPFF,0.005763688760806916,0.07235835,0.0665946587147218
main,fpos,reference_anchor_stack_xgboost,signal_embedding_stack,xgboost_default,PAIRED_KAMPFF::paired_kampff::2014_11_25_Pair_3_0::MountainSort4::5,PAIRED_KAMPFF::paired_kampff::2014_11_25_Pair_3_0,PAIRED_KAMPFF,0.025280898876404494,0.19893216,0.17365125709035423
main,fpos,reference_anchor_stack_xgboost,signal_embedding_stack,xgboost_default,PAIRED_KAMPFF::paired_kampff::2014_11_25_Pair_3_0::SpykingCircus::0,PAIRED_KAMPFF::paired_kampff::2014_11_25_Pair_3_0,PAIRED_KAMPFF,0.04696132596685083,0.1835781,0.13661677781389564
main,fpos,reference_anchor_stack_xgboost,signal_embedding_stack,xgboost_default,PAIRED_KAMPFF::paired_kampff::2015_09_03_Pair_9_0A::HerdingSpikes2::3,PAIRED_KAMPFF::paired_kampff::2015_09_03_Pair_9_0A,PAIRED_KAMPFF,0.009163346613545816,0.23962772,0.23046437231193026
main,fpos,reference_anchor_stack_xgboost,signal_embedding_stack,xgboost_default,PAIRED_KAMPFF::paired_kampff::2015_09_03_Pair_9_0A::HerdingSpikes2::5,PAIRED_KAMPFF::paired_kampff::2015_09_03_Pair_9_0A,PAIRED_KAMPFF,0.25625,0.34068605,0.08443605303764345
main,fpos,reference_anchor_stack_xgboost,signal_embedding_stack,xgboost_default,PAIRED_KAMPFF::paired_kampff::2015_09_03_Pair_9_0A::IronClust::4,PAIRED_KAMPFF::paired_kampff::2015_09_03_Pair_9_0A,PAIRED_KAMPFF,0.050854353132628156,0.17899224,0.1281378884883893
main,fpos,reference_anchor_stack_xgboost,signal_embedding_stack,xgboost_default,PAIRED_KAMPFF::paired_kampff::2015_09_03_Pair_9_0A::JRClust::28,PAIRED_KAMPFF::paired_kampff::2015_09_03_Pair_9_0A,PAIRED_KAMPFF,0.009279717189571365,0.12306284,0.11378312440464784
main,fpos,reference_anchor_stack_xgboost,signal_embedding_stack,xgboost_default,PAIRED_KAMPFF::paired_kampff::2015_09_03_Pair_9_0A::KiloSort::21,PAIRED_KAMPFF::paired_kampff::2015_09_03_Pair_9_0A,PAIRED_KAMPFF,0.029197080291970802,0.09264574,0.06344866170717853
main,fpos,reference_anchor_stack_xgboost,signal_embedding_stack,xgboost_default,PAIRED_KAMPFF::paired_kampff::2015_09_03_Pair_9_0A::KiloSort2::28,PAIRED_KAMPFF::paired_kampff::2015_09_03_Pair_9_0A,PAIRED_KAMPFF,0.04792983887415868,0.105423756,0.0574939170696165
main,fpos,reference_anchor_stack_xgboost,signal_embedding_stack,xgboost_default,PAIRED_KAMPFF::paired_kampff::2015_09_03_Pair_9_0A::KiloSort2::50,PAIRED_KAMPFF::paired_kampff::2015_09_03_Pair_9_0A,PAIRED_KAMPFF,0.6547535622518104,0.50754815,0.14720540885138922
main,fpos,reference_anchor_stack_xgboost,signal_embedding_stack,xgboost_default,PAIRED_KAMPFF::paired_kampff::2015_09_03_Pair_9_0A::MountainSort4::16,PAIRED_KAMPFF::paired_kampff::2015_09_03_Pair_9_0A,PAIRED_KAMPFF,0.020110410094637224,0.1538895,0.13377909696064538
main,fpos,reference_anchor_stack_xgboost,signal_embedding_stack,xgboost_default,PAIRED_KAMPFF::paired_kampff::2015_09_03_Pair_9_0A::MountainSort4::18,PAIRED_KAMPFF::paired_kampff::2015_09_03_Pair_9_0A,PAIRED_KAMPFF,0.2709109380291229,0.29216167,0.021250735278295907
main,fpos,reference_anchor_stack_xgboost,signal_embedding_stack,xgboost_default,PAIRED_KAMPFF::paired_kampff::2015_09_03_Pair_9_0A::SpykingCircus::8,PAIRED_KAMPFF::paired_kampff::2015_09_03_Pair_9_0A,PAIRED_KAMPFF,0.028595282821957838,0.07512187,0.04652658930509829
main,fpos,reference_anchor_stack_xgboost,signal_embedding_stack,xgboost_default,PAIRED_KAMPFF::paired_kampff::2015_09_03_Pair_9_0A::Tridesclous::0,PAIRED_KAMPFF::paired_kampff::2015_09_03_Pair_9_0A,PAIRED_KAMPFF,0.006899350649350649,0.11271844,0.10581908994293832
main,fpos,reference_anchor_stack_xgboost,signal_embedding_stack,xgboost_default,PAIRED_KAMPFF::paired_kampff::2015_09_03_Pair_9_0A::Tridesclous::2,PAIRED_KAMPFF::paired_kampff::2015_09_03_Pair_9_0A,PAIRED_KAMPFF,0.15755883526126846,0.33171308,0.1741542451449205
main,fpos,reference_anchor_stack_xgboost,signal_embedding_stack,xgboost_default,PAIRED_KAMPFF::paired_kampff::2015_09_03_Pair_9_0B::HerdingSpikes2::4,PAIRED_KAMPFF::paired_kampff::2015_09_03_Pair_9_0B,PAIRED_KAMPFF,0.05299492385786802,0.22245204,0.16945712062913149
main,fpos,reference_anchor_stack_xgboost,signal_embedding_stack,xgboost_default,PAIRED_KAMPFF::paired_kampff::2015_09_03_Pair_9_0B::IronClust::4,PAIRED_KAMPFF::paired_kampff::2015_09_03_Pair_9_0B,PAIRED_KAMPFF,0.04985754985754986,0.10446214,0.05460458945090275
main,fpos,reference_anchor_stack_xgboost,signal_embedding_stack,xgboost_default,PAIRED_KAMPFF::paired_kampff::2015_09_03_Pair_9_0B::JRClust::21,PAIRED_KAMPFF::paired_kampff::2015_09_03_Pair_9_0B,PAIRED_KAMPFF,0.0070407040704070405,0.09903637,0.09199566912762534
main,fpos,reference_anchor_stack_xgboost,signal_embedding_stack,xgboost_default,PAIRED_KAMPFF::paired_kampff::2015_09_03_Pair_9_0B::KiloSort::6,PAIRED_KAMPFF::paired_kampff::2015_09_03_Pair_9_0B,PAIRED_KAMPFF,0.040098704503392965,0.09381479,0.053716085745477885
main,fpos,reference_anchor_stack_xgboost,signal_embedding_stack,xgboost_default,PAIRED_KAMPFF::paired_kampff::2015_09_03_Pair_9_0B::KiloSort2::26,PAIRED_KAMPFF::paired_kampff::2015_09_03_Pair_9_0B,PAIRED_KAMPFF,0.05909764880321966,0.10035844,0.04126079266883387
main,fpos,reference_anchor_stack_xgboost,signal_embedding_stack,xgboost_default,PAIRED_KAMPFF::paired_kampff::2015_09_03_Pair_9_0B::MountainSort4::11,PAIRED_KAMPFF::paired_kampff::2015_09_03_Pair_9_0B,PAIRED_KAMPFF,0.06803218727139722,0.13555694,0.06752474899264087
main,fpos,reference_anchor_stack_xgboost,signal_embedding_stack,xgboost_default,PAIRED_KAMPFF::paired_kampff::2015_09_03_Pair_9_0B::MountainSort4::12,PAIRED_KAMPFF::paired_kampff::2015_09_03_Pair_9_0B,PAIRED_KAMPFF,0.16717909300538047,0.24320497,0.07602587318209664
main,fpos,reference_anchor_stack_xgboost,signal_embedding_stack,xgboost_default,PAIRED_KAMPFF::paired_kampff::2015_09_03_Pair_9_0B::SpykingCircus::8,PAIRED_KAMPFF::paired_kampff::2015_09_03_Pair_9_0B,PAIRED_KAMPFF,0.7944485429730727,0.60800683,0.18644170798924697
main,fpos,reference_anchor_stack_xgboost,signal_embedding_stack,xgboost_default,PAIRED_KAMPFF::paired_kampff::2015_09_03_Pair_9_0B::SpykingCircus::9,PAIRED_KAMPFF::paired_kampff::2015_09_03_Pair_9_0B,PAIRED_KAMPFF,0.04577033101757254,0.10102203,0.05525169641534601
main,fpos,reference_anchor_stack_xgboost,signal_embedding_stack,xgboost_default,PAIRED_KAMPFF::paired_kampff::2015_09_03_Pair_9_0B::Tridesclous::0,PAIRED_KAMPFF::paired_kampff::2015_09_03_Pair_9_0B,PAIRED_KAMPFF,0.008339124391938846,0.15055479,0.14221566670093377
main,fpos,reference_anchor_stack_xgboost,signal_embedding_stack,xgboost_default,PAIRED_KAMPFF::paired_kampff::2015_09_03_Pair_9_0B::Tridesclous::2,PAIRED_KAMPFF::paired_kampff::2015_09_03_Pair_9_0B,PAIRED_KAMPFF,0.13492450073063808,0.21603478,0.08111028418242497
main,fpos,reference_anchor_stack_xgboost,signal_embedding_stack,xgboost_default,PAIRED_KAMPFF::paired_kampff::c14::HerdingSpikes2::6,PAIRED_KAMPFF::paired_kampff::c14,PAIRED_KAMPFF,0.25090444775484144,0.24786963,0.00303482206724226
main,fpos,reference_anchor_stack_xgboost,signal_embedding_stack,xgboost_default,PAIRED_KAMPFF::paired_kampff::c14::IronClust::22,PAIRED_KAMPFF::paired_kampff::c14,PAIRED_KAMPFF,0.2240655987795576,0.19858044,0.025485154920457248
main,fpos,reference_anchor_stack_xgboost,signal_embedding_stack,xgboost_default,PAIRED_KAMPFF::paired_kampff::c14::KiloSort2::37,PAIRED_KAMPFF::paired_kampff::c14,PAIRED_KAMPFF,0.23899885489939474,0.25803873,0.01903987452985026
main,fpos,reference_anchor_stack_xgboost,signal_embedding_stack,xgboost_default,PAIRED_KAMPFF::paired_kampff::c14::MountainSort4::42,PAIRED_KAMPFF::paired_kampff::c14,PAIRED_KAMPFF,0.031842105263157894,0.12251188,0.0906697733464994
main,fpos,reference_anchor_stack_xgboost,signal_embedding_stack,xgboost_default,PAIRED_KAMPFF::paired_kampff::c14::SpykingCircus::14,PAIRED_KAMPFF::paired_kampff::c14,PAIRED_KAMPFF,0.0993841579953281,0.23755848,0.13817432608212551
main,fpos,reference_anchor_stack_xgboost,signal_embedding_stack,xgboost_default,PAIRED_KAMPFF::paired_kampff::c14::Tridesclous::8,PAIRED_KAMPFF::paired_kampff::c14,PAIRED_KAMPFF,0.7298130782302221,0.4261135,0.3036995919402441
main,fpos,wf_embed_anchor_stack_xgboost,signal_embedding_stack,xgboost_default,PAIRED_BOYDEN::paired_boyden32c::419_1_8::IronClust::14,PAIRED_BOYDEN::paired_boyden32c::419_1_8,PAIRED_BOYDEN,0.0663265306122449,0.028216979,0.03810955207718879
main,fpos,wf_embed_anchor_stack_xgboost,signal_embedding_stack,xgboost_default,PAIRED_BOYDEN::paired_boyden32c::419_1_8::IronClust::4,PAIRED_BOYDEN::paired_boyden32c::419_1_8,PAIRED_BOYDEN,0.05829903978052126,0.0882743,0.029975260317897927
main,fpos,wf_embed_anchor_stack_xgboost,signal_embedding_stack,xgboost_default,PAIRED_BOYDEN::paired_boyden32c::419_1_8::JRClust::24,PAIRED_BOYDEN::paired_boyden32c::419_1_8,PAIRED_BOYDEN,0.08062093139709564,0.016281279,0.06433965259315105
main,fpos,wf_embed_anchor_stack_xgboost,signal_embedding_stack,xgboost_default,PAIRED_BOYDEN::paired_boyden32c::419_1_8::JRClust::8,PAIRED_BOYDEN::paired_boyden32c::419_1_8,PAIRED_BOYDEN,0.03907637655417407,0.017941013,0.0211353635756203
main,fpos,wf_embed_anchor_stack_xgboost,signal_embedding_stack,xgboost_default,PAIRED_BOYDEN::paired_boyden32c::419_1_8::KiloSort::17,PAIRED_BOYDEN::paired_boyden32c::419_1_8,PAIRED_BOYDEN,0.06424161521775405,0.017337207,0.04690440846664588
main,fpos,wf_embed_anchor_stack_xgboost,signal_embedding_stack,xgboost_default,PAIRED_BOYDEN::paired_boyden32c::419_1_8::KiloSort2::27,PAIRED_BOYDEN::paired_boyden32c::419_1_8,PAIRED_BOYDEN,0.1342059838895282,0.058591906,0.07561407790822594
main,fpos,wf_embed_anchor_stack_xgboost,signal_embedding_stack,xgboost_default,PAIRED_BOYDEN::paired_boyden32c::419_1_8::KiloSort2::46,PAIRED_BOYDEN::paired_boyden32c::419_1_8,PAIRED_BOYDEN,0.02341480088873697,0.037211087,0.013796285712281937
main,fpos,wf_embed_anchor_stack_xgboost,signal_embedding_stack,xgboost_default,PAIRED_BOYDEN::paired_boyden32c::419_1_8::MountainSort4::42,PAIRED_BOYDEN::paired_boyden32c::419_1_8,PAIRED_BOYDEN,0.16482219271063892,0.090386264,0.0744359286844739
main,fpos,wf_embed_anchor_stack_xgboost,signal_embedding_stack,xgboost_default,PAIRED_BOYDEN::paired_boyden32c::419_1_8::SpykingCircus::24,PAIRED_BOYDEN::paired_boyden32c::419_1_8,PAIRED_BOYDEN,0.24721080446271285,0.14057542,0.10663538062600478
main,fpos,wf_embed_anchor_stack_xgboost,signal_embedding_stack,xgboost_default,PAIRED_BOYDEN::paired_boyden32c::419_1_8::SpykingCircus::28,PAIRED_BOYDEN::paired_boyden32c::419_1_8,PAIRED_BOYDEN,0.029543112332531776,0.019153362,0.010389750192472305
main,fpos,wf_embed_anchor_stack_xgboost,signal_embedding_stack,xgboost_default,PAIRED_BOYDEN::paired_boyden32c::419_1_8::Tridesclous::0,PAIRED_BOYDEN::paired_boyden32c::419_1_8,PAIRED_BOYDEN,0.15585806056898133,0.14332077,0.012537291497402347
main,fpos,wf_embed_anchor_stack_xgboost,signal_embedding_stack,xgboost_default,PAIRED_CRCNS_HC1::paired_crcns::d11222_d11222.002::IronClust::2,PAIRED_CRCNS_HC1::paired_crcns::d11222_d11222.002,PAIRED_CRCNS_HC1,0.04466019417475728,0.40750992,0.3628497288065049
main,fpos,wf_embed_anchor_stack_xgboost,signal_embedding_stack,xgboost_default,PAIRED_CRCNS_HC1::paired_crcns::d11222_d11222.002::JRClust::3,PAIRED_CRCNS_HC1::paired_crcns::d11222_d11222.002,PAIRED_CRCNS_HC1,0.039337474120082816,0.13855088,0.09921340345102314
main,fpos,wf_embed_anchor_stack_xgboost,signal_embedding_stack,xgboost_default,PAIRED_CRCNS_HC1::paired_crcns::d11222_d11222.002::KiloSort::1,PAIRED_CRCNS_HC1::paired_crcns::d11222_d11222.002,PAIRED_CRCNS_HC1,0.03337783711615487,0.20766595,0.17428811294373586
main,fpos,wf_embed_anchor_stack_xgboost,signal_embedding_stack,xgboost_default,PAIRED_CRCNS_HC1::paired_crcns::d11222_d11222.002::KiloSort2::10,PAIRED_CRCNS_HC1::paired_crcns::d11222_d11222.002,PAIRED_CRCNS_HC1,0.550417469492614,0.18285301,0.3675644562155602
main,fpos,wf_embed_anchor_stack_xgboost,signal_embedding_stack,xgboost_default,PAIRED_CRCNS_HC1::paired_crcns::d11222_d11222.002::Klusta::2,PAIRED_CRCNS_HC1::paired_crcns::d11222_d11222.002,PAIRED_CRCNS_HC1,0.008777852802160702,0.17330319,0.16452533409130243
main,fpos,wf_embed_anchor_stack_xgboost,signal_embedding_stack,xgboost_default,PAIRED_CRCNS_HC1::paired_crcns::d11222_d11222.002::MountainSort4::4,PAIRED_CRCNS_HC1::paired_crcns::d11222_d11222.002,PAIRED_CRCNS_HC1,0.360427807486631,0.33987492,0.020552884257413473
main,fpos,wf_embed_anchor_stack_xgboost,signal_embedding_stack,xgboost_default,PAIRED_CRCNS_HC1::paired_crcns::d11222_d11222.002::SpykingCircus::4,PAIRED_CRCNS_HC1::paired_crcns::d11222_d11222.002,PAIRED_CRCNS_HC1,0.11986754966887417,0.18234056,0.062473012674723244
main,fpos,wf_embed_anchor_stack_xgboost,signal_embedding_stack,xgboost_default,PAIRED_CRCNS_HC1::paired_crcns::d11222_d11222.002::Tridesclous::0,PAIRED_CRCNS_HC1::paired_crcns::d11222_d11222.002,PAIRED_CRCNS_HC1,0.021164021164021163,0.33951047,0.31834644946471724
main,fpos,wf_embed_anchor_stack_xgboost,signal_embedding_stack,xgboost_default,PAIRED_ENGLISH::paired_english::m139_200114_191955::KiloSort2::25,PAIRED_ENGLISH::paired_english::m139_200114_191955,PAIRED_ENGLISH,0.7302739726027397,0.32218397,0.408090005966082
main,fpos,wf_embed_anchor_stack_xgboost,signal_embedding_stack,xgboost_default,PAIRED_ENGLISH::paired_english::m139_200114_191955::MountainSort4::36,PAIRED_ENGLISH::paired_english::m139_200114_191955,PAIRED_ENGLISH,0.8735255086994986,0.516738,0.35678751116760776
main,fpos,wf_embed_anchor_stack_xgboost,signal_embedding_stack,xgboost_default,PAIRED_ENGLISH::paired_english::m139_200114_191955::SpykingCircus::42,PAIRED_ENGLISH::paired_english::m139_200114_191955,PAIRED_ENGLISH,0.5584045584045584,0.3397431,0.21866145084726163
main,fpos,wf_embed_anchor_stack_xgboost,signal_embedding_stack,xgboost_default,PAIRED_ENGLISH::paired_english::m139_200114_222743::HerdingSpikes2::5,PAIRED_ENGLISH::paired_english::m139_200114_222743,PAIRED_ENGLISH,0.03257707969749855,0.35224608,0.319668996171108
main,fpos,wf_embed_anchor_stack_xgboost,signal_embedding_stack,xgboost_default,PAIRED_ENGLISH::paired_english::m139_200114_222743::IronClust::17,PAIRED_ENGLISH::paired_english::m139_200114_222743,PAIRED_ENGLISH,0.02675196277987787,0.25749183,0.23073986423123052
main,fpos,wf_embed_anchor_stack_xgboost,signal_embedding_stack,xgboost_default,PAIRED_ENGLISH::paired_english::m139_200114_222743::KiloSort::88,PAIRED_ENGLISH::paired_english::m139_200114_222743,PAIRED_ENGLISH,0.015151515151515152,0.21715045,0.20199893460129248
main,fpos,wf_embed_anchor_stack_xgboost,signal_embedding_stack,xgboost_default,PAIRED_ENGLISH::paired_english::m139_200114_222743::KiloSort2::26,PAIRED_ENGLISH::paired_english::m139_200114_222743,PAIRED_ENGLISH,0.028645087367516472,0.24032661,0.21168152582027344
main,fpos,wf_embed_anchor_stack_xgboost,signal_embedding_stack,xgboost_default,PAIRED_ENGLISH::paired_english::m139_200114_222743::MountainSort4::46,PAIRED_ENGLISH::paired_english::m139_200114_222743,PAIRED_ENGLISH,0.039886039886039885,0.3597129,0.3198268588451918
main,fpos,wf_embed_anchor_stack_xgboost,signal_embedding_stack,xgboost_default,PAIRED_ENGLISH::paired_english::m139_200114_222743::SpykingCircus::44,PAIRED_ENGLISH::paired_english::m139_200114_222743,PAIRED_ENGLISH,0.028064146620847653,0.24329378,0.21522963048734478
main,fpos,wf_embed_anchor_stack_xgboost,signal_embedding_stack,xgboost_default,PAIRED_ENGLISH::paired_english::m139_200114_222743::Tridesclous::1,PAIRED_ENGLISH::paired_english::m139_200114_222743,PAIRED_ENGLISH,0.3089646722483153,0.41192544,0.10296076281790784
main,fpos,wf_embed_anchor_stack_xgboost,signal_embedding_stack,xgboost_default,PAIRED_ENGLISH::paired_english::m14_190326_155432::IronClust::22,PAIRED_ENGLISH::paired_english::m14_190326_155432,PAIRED_ENGLISH,0.0481651376146789,0.09486415,0.04669901475720449
main,fpos,wf_embed_anchor_stack_xgboost,signal_embedding_stack,xgboost_default,PAIRED_ENGLISH::paired_english::m14_190326_155432::MountainSort4::33,PAIRED_ENGLISH::paired_english::m14_190326_155432,PAIRED_ENGLISH,0.1981651376146789,0.5229505,0.3247853328328614
main,fpos,wf_embed_anchor_stack_xgboost,signal_embedding_stack,xgboost_default,PAIRED_ENGLISH::paired_english::m14_190326_155432::SpykingCircus::38,PAIRED_ENGLISH::paired_english::m14_190326_155432,PAIRED_ENGLISH,0.013363028953229399,0.13675483,0.12339179675802091
main,fpos,wf_embed_anchor_stack_xgboost,signal_embedding_stack,xgboost_default,PAIRED_ENGLISH::paired_english::m15_190315_142052_cell1::IronClust::40,PAIRED_ENGLISH::paired_english::m15_190315_142052_cell1,PAIRED_ENGLISH,0.2679960401640503,0.48993206,0.2219360200776489
main,fpos,wf_embed_anchor_stack_xgboost,signal_embedding_stack,xgboost_default,PAIRED_ENGLISH::paired_english::m15_190315_142052_cell1::KiloSort2::48,PAIRED_ENGLISH::paired_english::m15_190315_142052_cell1,PAIRED_ENGLISH,0.8627861694595232,0.44692573,0.4158604399463549
main,fpos,wf_embed_anchor_stack_xgboost,signal_embedding_stack,xgboost_default,PAIRED_ENGLISH::paired_english::m15_190315_142052_cell1::MountainSort4::62,PAIRED_ENGLISH::paired_english::m15_190315_142052_cell1,PAIRED_ENGLISH,0.8769885383524361,0.48064247,0.3963460706152382
main,fpos,wf_embed_anchor_stack_xgboost,signal_embedding_stack,xgboost_default,PAIRED_ENGLISH::paired_english::m15_190315_142052_cell1::MountainSort4::64,PAIRED_ENGLISH::paired_english::m15_190315_142052_cell1,PAIRED_ENGLISH,0.14704761904761904,0.5091778,0.36213018494560606
main,fpos,wf_embed_anchor_stack_xgboost,signal_embedding_stack,xgboost_default,PAIRED_ENGLISH::paired_english::m15_190315_142052_cell1::SpykingCircus::22,PAIRED_ENGLISH::paired_english::m15_190315_142052_cell1,PAIRED_ENGLISH,0.23500526131182042,0.6888807,0.4538754206797567
main,fpos,wf_embed_anchor_stack_xgboost,signal_embedding_stack,xgboost_default,PAIRED_ENGLISH::paired_english::m15_190315_142052_cell1::SpykingCircus::57,PAIRED_ENGLISH::paired_english::m15_190315_142052_cell1,PAIRED_ENGLISH,0.6499202551834131,0.6534907,0.0035704669959997215
main,fpos,wf_embed_anchor_stack_xgboost,signal_embedding_stack,xgboost_default,PAIRED_ENGLISH::paired_english::m15_190315_150831_cell1::KiloSort::201,PAIRED_ENGLISH::paired_english::m15_190315_150831_cell1,PAIRED_ENGLISH,0.02662037037037037,0.03230044,0.005680068361538428
main,fpos,wf_embed_anchor_stack_xgboost,signal_embedding_stack,xgboost_default,PAIRED_ENGLISH::paired_english::m15_190315_150831_cell1::KiloSort2::23,PAIRED_ENGLISH::paired_english::m15_190315_150831_cell1,PAIRED_ENGLISH,0.058163265306122446,0.16090706,0.10274379460179076
main,fpos,wf_embed_anchor_stack_xgboost,signal_embedding_stack,xgboost_default,PAIRED_ENGLISH::paired_english::m15_190315_150831_cell1::SpykingCircus::11,PAIRED_ENGLISH::paired_english::m15_190315_150831_cell1,PAIRED_ENGLISH,0.031609195402298854,0.038746983,0.007137787410582616
main,fpos,wf_embed_anchor_stack_xgboost,signal_embedding_stack,xgboost_default,PAIRED_ENGLISH::paired_english::m26_190524_100859_cell1::KiloSort::19,PAIRED_ENGLISH::paired_english::m26_190524_100859_cell1,PAIRED_ENGLISH,0.2440677966101695,0.34099463,0.09692682967347613
main,fpos,wf_embed_anchor_stack_xgboost,signal_embedding_stack,xgboost_default,PAIRED_ENGLISH::paired_english::m26_190524_100859_cell1::KiloSort::8,PAIRED_ENGLISH::paired_english::m26_190524_100859_cell1,PAIRED_ENGLISH,0.6505139500734214,0.6342589,0.016255024158656983
main,fpos,wf_embed_anchor_stack_xgboost,signal_embedding_stack,xgboost_default,PAIRED_ENGLISH::paired_english::m26_190524_100859_cell1::KiloSort2::0,PAIRED_ENGLISH::paired_english::m26_190524_100859_cell1,PAIRED_ENGLISH,0.38315988647114474,0.6313308,0.24817090166438383
main,fpos,wf_embed_anchor_stack_xgboost,signal_embedding_stack,xgboost_default,PAIRED_ENGLISH::paired_english::m57_191105_141906::IronClust::6,PAIRED_ENGLISH::paired_english::m57_191105_141906,PAIRED_ENGLISH,0.31826625386996904,0.40372798,0.08546172459797224
main,fpos,wf_embed_anchor_stack_xgboost,signal_embedding_stack,xgboost_default,PAIRED_ENGLISH::paired_english::m57_191105_141906::KiloSort::47,PAIRED_ENGLISH::paired_english::m57_191105_141906,PAIRED_ENGLISH,0.35376344086021505,0.398005,0.044241567837294715
main,fpos,wf_embed_anchor_stack_xgboost,signal_embedding_stack,xgboost_default,PAIRED_ENGLISH::paired_english::m57_191105_141906::MountainSort4::21,PAIRED_ENGLISH::paired_english::m57_191105_141906,PAIRED_ENGLISH,0.3323335332933413,0.46887952,0.1365459875997556
main,fpos,wf_embed_anchor_stack_xgboost,signal_embedding_stack,xgboost_default,PAIRED_ENGLISH::paired_english::m57_191105_141906::MountainSort4::57,PAIRED_ENGLISH::paired_english::m57_191105_141906,PAIRED_ENGLISH,0.23853211009174313,0.488731,0.2501988867554096
main,fpos,wf_embed_anchor_stack_xgboost,signal_embedding_stack,xgboost_default,PAIRED_ENGLISH::paired_english::m57_191105_141906::SpykingCircus::12,PAIRED_ENGLISH::paired_english::m57_191105_141906,PAIRED_ENGLISH,0.3535228677379481,0.51719195,0.16366907876855213
main,fpos,wf_embed_anchor_stack_xgboost,signal_embedding_stack,xgboost_default,PAIRED_ENGLISH::paired_english::m57_191105_141906::SpykingCircus::30,PAIRED_ENGLISH::paired_english::m57_191105_141906,PAIRED_ENGLISH,0.2040332147093713,0.27445158,0.0704183689145148
main,fpos,wf_embed_anchor_stack_xgboost,signal_embedding_stack,xgboost_default,PAIRED_ENGLISH::paired_english::m57_191105_153915::IronClust::4,PAIRED_ENGLISH::paired_english::m57_191105_153915,PAIRED_ENGLISH,0.21239873194786896,0.44414762,0.2317488846769632
main,fpos,wf_embed_anchor_stack_xgboost,signal_embedding_stack,xgboost_default,PAIRED_ENGLISH::paired_english::m57_191105_153915::KiloSort::52,PAIRED_ENGLISH::paired_english::m57_191105_153915,PAIRED_ENGLISH,0.25900831536803204,0.52771395,0.2687056390806679
main,fpos,wf_embed_anchor_stack_xgboost,signal_embedding_stack,xgboost_default,PAIRED_ENGLISH::paired_english::m57_191105_153915::KiloSort2::19,PAIRED_ENGLISH::paired_english::m57_191105_153915,PAIRED_ENGLISH,0.29264475743348983,0.5237867,0.23114196618024918
main,fpos,wf_embed_anchor_stack_xgboost,signal_embedding_stack,xgboost_default,PAIRED_ENGLISH::paired_english::m57_191105_153915::MountainSort4::24,PAIRED_ENGLISH::paired_english::m57_191105_153915,PAIRED_ENGLISH,0.894797643343987,0.71244305,0.18235458962160545
main,fpos,wf_embed_anchor_stack_xgboost,signal_embedding_stack,xgboost_default,PAIRED_ENGLISH::paired_english::m57_191105_153915::SpykingCircus::30,PAIRED_ENGLISH::paired_english::m57_191105_153915,PAIRED_ENGLISH,0.38353953738569124,0.5153744,0.13183488468767302
main,fpos,wf_embed_anchor_stack_xgboost,signal_embedding_stack,xgboost_default,PAIRED_ENGLISH::paired_english::m57_191105_160026::HerdingSpikes2::1,PAIRED_ENGLISH::paired_english::m57_191105_160026,PAIRED_ENGLISH,0.13630229419703105,0.35899776,0.2226954680061855
main,fpos,wf_embed_anchor_stack_xgboost,signal_embedding_stack,xgboost_default,PAIRED_ENGLISH::paired_english::m57_191105_160026::IronClust::2,PAIRED_ENGLISH::paired_english::m57_191105_160026,PAIRED_ENGLISH,0.5044008124576845,0.38365334,0.1207474697338381
main,fpos,wf_embed_anchor_stack_xgboost,signal_embedding_stack,xgboost_default,PAIRED_ENGLISH::paired_english::m57_191105_160026::IronClust::3,PAIRED_ENGLISH::paired_english::m57_191105_160026,PAIRED_ENGLISH,0.05838815789473684,0.42205533,0.3636671759580311
main,fpos,wf_embed_anchor_stack_xgboost,signal_embedding_stack,xgboost_default,PAIRED_ENGLISH::paired_english::m57_191105_160026::KiloSort::127,PAIRED_ENGLISH::paired_english::m57_191105_160026,PAIRED_ENGLISH,0.5003422313483915,0.47116688,0.02917535240971658
main,fpos,wf_embed_anchor_stack_xgboost,signal_embedding_stack,xgboost_default,PAIRED_ENGLISH::paired_english::m57_191105_160026::KiloSort::6,PAIRED_ENGLISH::paired_english::m57_191105_160026,PAIRED_ENGLISH,0.02531645569620253,0.397959,0.3726425382155406
main,fpos,wf_embed_anchor_stack_xgboost,signal_embedding_stack,xgboost_default,PAIRED_ENGLISH::paired_english::m57_191105_160026::MountainSort4::23,PAIRED_ENGLISH::paired_english::m57_191105_160026,PAIRED_ENGLISH,0.6737967914438503,0.4531045,0.22069229544165303
main,fpos,wf_embed_anchor_stack_xgboost,signal_embedding_stack,xgboost_default,PAIRED_ENGLISH::paired_english::m57_191105_160026::MountainSort4::25,PAIRED_ENGLISH::paired_english::m57_191105_160026,PAIRED_ENGLISH,0.14568081991215226,0.38192856,0.2362477432058287
main,fpos,wf_embed_anchor_stack_xgboost,signal_embedding_stack,xgboost_default,PAIRED_ENGLISH::paired_english::m57_191105_160026::SpykingCircus::2,PAIRED_ENGLISH::paired_english::m57_191105_160026,PAIRED_ENGLISH,0.6860282574568289,0.51116943,0.17485882386307894
main,fpos,wf_embed_anchor_stack_xgboost,signal_embedding_stack,xgboost_default,PAIRED_ENGLISH::paired_english::m57_191105_160026::SpykingCircus::4,PAIRED_ENGLISH::paired_english::m57_191105_160026,PAIRED_ENGLISH,0.056790123456790124,0.43571335,0.37892322731606753
main,fpos,wf_embed_anchor_stack_xgboost,signal_embedding_stack,xgboost_default,PAIRED_ENGLISH::paired_english::m57_191105_160026::Tridesclous::0,PAIRED_ENGLISH::paired_english::m57_191105_160026,PAIRED_ENGLISH,0.8589226823012093,0.54784083,0.31108184863726884
main,fpos,wf_embed_anchor_stack_xgboost,signal_embedding_stack,xgboost_default,PAIRED_KAMPFF::paired_kampff::2014_11_25_Pair_3_0::HerdingSpikes2::13,PAIRED_KAMPFF::paired_kampff::2014_11_25_Pair_3_0,PAIRED_KAMPFF,0.025714285714285714,0.06622312,0.04050883646522249
main,fpos,wf_embed_anchor_stack_xgboost,signal_embedding_stack,xgboost_default,PAIRED_KAMPFF::paired_kampff::2014_11_25_Pair_3_0::IronClust::2,PAIRED_KAMPFF::paired_kampff::2014_11_25_Pair_3_0,PAIRED_KAMPFF,0.017241379310344827,0.06086638,0.04362499893739306
main,fpos,wf_embed_anchor_stack_xgboost,signal_embedding_stack,xgboost_default,PAIRED_KAMPFF::paired_kampff::2014_11_25_Pair_3_0::KiloSort::11,PAIRED_KAMPFF::paired_kampff::2014_11_25_Pair_3_0,PAIRED_KAMPFF,0.6041426927502876,0.31416604,0.2899766535218483
main,fpos,wf_embed_anchor_stack_xgboost,signal_embedding_stack,xgboost_default,PAIRED_KAMPFF::paired_kampff::2014_11_25_Pair_3_0::KiloSort2::7,PAIRED_KAMPFF::paired_kampff::2014_11_25_Pair_3_0,PAIRED_KAMPFF,0.005763688760806916,0.06096443,0.05520074285287679
main,fpos,wf_embed_anchor_stack_xgboost,signal_embedding_stack,xgboost_default,PAIRED_KAMPFF::paired_kampff::2014_11_25_Pair_3_0::MountainSort4::5,PAIRED_KAMPFF::paired_kampff::2014_11_25_Pair_3_0,PAIRED_KAMPFF,0.025280898876404494,0.17477442,0.1494935243652108
main,fpos,wf_embed_anchor_stack_xgboost,signal_embedding_stack,xgboost_default,PAIRED_KAMPFF::paired_kampff::2014_11_25_Pair_3_0::SpykingCircus::0,PAIRED_KAMPFF::paired_kampff::2014_11_25_Pair_3_0,PAIRED_KAMPFF,0.04696132596685083,0.16345821,0.11649688724325508
main,fpos,wf_embed_anchor_stack_xgboost,signal_embedding_stack,xgboost_default,PAIRED_KAMPFF::paired_kampff::2015_09_03_Pair_9_0A::HerdingSpikes2::3,PAIRED_KAMPFF::paired_kampff::2015_09_03_Pair_9_0A,PAIRED_KAMPFF,0.009163346613545816,0.20029593,0.19113257852683505
main,fpos,wf_embed_anchor_stack_xgboost,signal_embedding_stack,xgboost_default,PAIRED_KAMPFF::paired_kampff::2015_09_03_Pair_9_0A::HerdingSpikes2::5,PAIRED_KAMPFF::paired_kampff::2015_09_03_Pair_9_0A,PAIRED_KAMPFF,0.25625,0.25465444,0.001595562696456887
main,fpos,wf_embed_anchor_stack_xgboost,signal_embedding_stack,xgboost_default,PAIRED_KAMPFF::paired_kampff::2015_09_03_Pair_9_0A::IronClust::4,PAIRED_KAMPFF::paired_kampff::2015_09_03_Pair_9_0A,PAIRED_KAMPFF,0.050854353132628156,0.12670724,0.07585288780651217
main,fpos,wf_embed_anchor_stack_xgboost,signal_embedding_stack,xgboost_default,PAIRED_KAMPFF::paired_kampff::2015_09_03_Pair_9_0A::JRClust::28,PAIRED_KAMPFF::paired_kampff::2015_09_03_Pair_9_0A,PAIRED_KAMPFF,0.009279717189571365,0.09060862,0.08132890196392824
main,fpos,wf_embed_anchor_stack_xgboost,signal_embedding_stack,xgboost_default,PAIRED_KAMPFF::paired_kampff::2015_09_03_Pair_9_0A::KiloSort::21,PAIRED_KAMPFF::paired_kampff::2015_09_03_Pair_9_0A,PAIRED_KAMPFF,0.029197080291970802,0.06472752,0.035530442140833306
main,fpos,wf_embed_anchor_stack_xgboost,signal_embedding_stack,xgboost_default,PAIRED_KAMPFF::paired_kampff::2015_09_03_Pair_9_0A::KiloSort2::28,PAIRED_KAMPFF::paired_kampff::2015_09_03_Pair_9_0A,PAIRED_KAMPFF,0.04792983887415868,0.07277099,0.024841151557150068
main,fpos,wf_embed_anchor_stack_xgboost,signal_embedding_stack,xgboost_default,PAIRED_KAMPFF::paired_kampff::2015_09_03_Pair_9_0A::KiloSort2::50,PAIRED_KAMPFF::paired_kampff::2015_09_03_Pair_9_0A,PAIRED_KAMPFF,0.6547535622518104,0.42708704,0.2276665234963935
main,fpos,wf_embed_anchor_stack_xgboost,signal_embedding_stack,xgboost_default,PAIRED_KAMPFF::paired_kampff::2015_09_03_Pair_9_0A::MountainSort4::16,PAIRED_KAMPFF::paired_kampff::2015_09_03_Pair_9_0A,PAIRED_KAMPFF,0.020110410094637224,0.120870106,0.10075969582758491
main,fpos,wf_embed_anchor_stack_xgboost,signal_embedding_stack,xgboost_default,PAIRED_KAMPFF::paired_kampff::2015_09_03_Pair_9_0A::MountainSort4::18,PAIRED_KAMPFF::paired_kampff::2015_09_03_Pair_9_0A,PAIRED_KAMPFF,0.2709109380291229,0.22855479,0.042356152777505485
main,fpos,wf_embed_anchor_stack_xgboost,signal_embedding_stack,xgboost_default,PAIRED_KAMPFF::paired_kampff::2015_09_03_Pair_9_0A::SpykingCircus::8,PAIRED_KAMPFF::paired_kampff::2015_09_03_Pair_9_0A,PAIRED_KAMPFF,0.028595282821957838,0.059879143,0.031283859969074956
main,fpos,wf_embed_anchor_stack_xgboost,signal_embedding_stack,xgboost_default,PAIRED_KAMPFF::paired_kampff::2015_09_03_Pair_9_0A::Tridesclous::0,PAIRED_KAMPFF::paired_kampff::2015_09_03_Pair_9_0A,PAIRED_KAMPFF,0.006899350649350649,0.069055185,0.06215583407259607
main,fpos,wf_embed_anchor_stack_xgboost,signal_embedding_stack,xgboost_default,PAIRED_KAMPFF::paired_kampff::2015_09_03_Pair_9_0A::Tridesclous::2,PAIRED_KAMPFF::paired_kampff::2015_09_03_Pair_9_0A,PAIRED_KAMPFF,0.15755883526126846,0.22076112,0.063202285058098
main,fpos,wf_embed_anchor_stack_xgboost,signal_embedding_stack,xgboost_default,PAIRED_KAMPFF::paired_kampff::2015_09_03_Pair_9_0B::HerdingSpikes2::4,PAIRED_KAMPFF::paired_kampff::2015_09_03_Pair_9_0B,PAIRED_KAMPFF,0.05299492385786802,0.16939658,0.11640165540772646
main,fpos,wf_embed_anchor_stack_xgboost,signal_embedding_stack,xgboost_default,PAIRED_KAMPFF::paired_kampff::2015_09_03_Pair_9_0B::IronClust::4,PAIRED_KAMPFF::paired_kampff::2015_09_03_Pair_9_0B,PAIRED_KAMPFF,0.04985754985754986,0.09139602,0.041538469005174446
main,fpos,wf_embed_anchor_stack_xgboost,signal_embedding_stack,xgboost_default,PAIRED_KAMPFF::paired_kampff::2015_09_03_Pair_9_0B::JRClust::21,PAIRED_KAMPFF::paired_kampff::2015_09_03_Pair_9_0B,PAIRED_KAMPFF,0.0070407040704070405,0.06492587,0.05788516771904837
main,fpos,wf_embed_anchor_stack_xgboost,signal_embedding_stack,xgboost_default,PAIRED_KAMPFF::paired_kampff::2015_09_03_Pair_9_0B::KiloSort::6,PAIRED_KAMPFF::paired_kampff::2015_09_03_Pair_9_0B,PAIRED_KAMPFF,0.040098704503392965,0.06267331,0.02257460345187208
main,fpos,wf_embed_anchor_stack_xgboost,signal_embedding_stack,xgboost_default,PAIRED_KAMPFF::paired_kampff::2015_09_03_Pair_9_0B::KiloSort2::26,PAIRED_KAMPFF::paired_kampff::2015_09_03_Pair_9_0B,PAIRED_KAMPFF,0.05909764880321966,0.0724143,0.013316652532591955
main,fpos,wf_embed_anchor_stack_xgboost,signal_embedding_stack,xgboost_default,PAIRED_KAMPFF::paired_kampff::2015_09_03_Pair_9_0B::MountainSort4::11,PAIRED_KAMPFF::paired_kampff::2015_09_03_Pair_9_0B,PAIRED_KAMPFF,0.06803218727139722,0.11774296,0.049710775863845244
main,fpos,wf_embed_anchor_stack_xgboost,signal_embedding_stack,xgboost_default,PAIRED_KAMPFF::paired_kampff::2015_09_03_Pair_9_0B::MountainSort4::12,PAIRED_KAMPFF::paired_kampff::2015_09_03_Pair_9_0B,PAIRED_KAMPFF,0.16717909300538047,0.2280299,0.06085081374434487
main,fpos,wf_embed_anchor_stack_xgboost,signal_embedding_stack,xgboost_default,PAIRED_KAMPFF::paired_kampff::2015_09_03_Pair_9_0B::SpykingCircus::8,PAIRED_KAMPFF::paired_kampff::2015_09_03_Pair_9_0B,PAIRED_KAMPFF,0.7944485429730727,0.5604801,0.2339684251752211
main,fpos,wf_embed_anchor_stack_xgboost,signal_embedding_stack,xgboost_default,PAIRED_KAMPFF::paired_kampff::2015_09_03_Pair_9_0B::SpykingCircus::9,PAIRED_KAMPFF::paired_kampff::2015_09_03_Pair_9_0B,PAIRED_KAMPFF,0.04577033101757254,0.07782696,0.032056630857389315
main,fpos,wf_embed_anchor_stack_xgboost,signal_embedding_stack,xgboost_default,PAIRED_KAMPFF::paired_kampff::2015_09_03_Pair_9_0B::Tridesclous::0,PAIRED_KAMPFF::paired_kampff::2015_09_03_Pair_9_0B,PAIRED_KAMPFF,0.008339124391938846,0.1024658,0.0941266765490516
main,fpos,wf_embed_anchor_stack_xgboost,signal_embedding_stack,xgboost_default,PAIRED_KAMPFF::paired_kampff::2015_09_03_Pair_9_0B::Tridesclous::2,PAIRED_KAMPFF::paired_kampff::2015_09_03_Pair_9_0B,PAIRED_KAMPFF,0.13492450073063808,0.18474545,0.04982094511687321
main,fpos,wf_embed_anchor_stack_xgboost,signal_embedding_stack,xgboost_default,PAIRED_KAMPFF::paired_kampff::c14::HerdingSpikes2::6,PAIRED_KAMPFF::paired_kampff::c14,PAIRED_KAMPFF,0.25090444775484144,0.18327889,0.06762555929086744
main,fpos,wf_embed_anchor_stack_xgboost,signal_embedding_stack,xgboost_default,PAIRED_KAMPFF::paired_kampff::c14::IronClust::22,PAIRED_KAMPFF::paired_kampff::c14,PAIRED_KAMPFF,0.2240655987795576,0.18465625,0.03940935128295267
main,fpos,wf_embed_anchor_stack_xgboost,signal_embedding_stack,xgboost_default,PAIRED_KAMPFF::paired_kampff::c14::KiloSort2::37,PAIRED_KAMPFF::paired_kampff::c14,PAIRED_KAMPFF,0.23899885489939474,0.18337739,0.055621469759929404
main,fpos,wf_embed_anchor_stack_xgboost,signal_embedding_stack,xgboost_default,PAIRED_KAMPFF::paired_kampff::c14::MountainSort4::42,PAIRED_KAMPFF::paired_kampff::c14,PAIRED_KAMPFF,0.031842105263157894,0.08108838,0.049246273762301396
main,fpos,wf_embed_anchor_stack_xgboost,signal_embedding_stack,xgboost_default,PAIRED_KAMPFF::paired_kampff::c14::SpykingCircus::14,PAIRED_KAMPFF::paired_kampff::c14,PAIRED_KAMPFF,0.0993841579953281,0.16649406,0.06710989858712277
main,fpos,wf_embed_anchor_stack_xgboost,signal_embedding_stack,xgboost_default,PAIRED_KAMPFF::paired_kampff::c14::Tridesclous::8,PAIRED_KAMPFF::paired_kampff::c14,PAIRED_KAMPFF,0.7298130782302221,0.34500787,0.38480521160920467
main,fpos,acg_embed_anchor_stack_xgboost,signal_embedding_stack,xgboost_default,PAIRED_BOYDEN::paired_boyden32c::419_1_8::IronClust::14,PAIRED_BOYDEN::paired_boyden32c::419_1_8,PAIRED_BOYDEN,0.0663265306122449,0.025830263,0.04049626734031707
main,fpos,acg_embed_anchor_stack_xgboost,signal_embedding_stack,xgboost_default,PAIRED_BOYDEN::paired_boyden32c::419_1_8::IronClust::4,PAIRED_BOYDEN::paired_boyden32c::419_1_8,PAIRED_BOYDEN,0.05829903978052126,0.05775224,0.0005467993313311229
main,fpos,acg_embed_anchor_stack_xgboost,signal_embedding_stack,xgboost_default,PAIRED_BOYDEN::paired_boyden32c::419_1_8::JRClust::24,PAIRED_BOYDEN::paired_boyden32c::419_1_8,PAIRED_BOYDEN,0.08062093139709564,0.011665379,0.06895555269987913
main,fpos,acg_embed_anchor_stack_xgboost,signal_embedding_stack,xgboost_default,PAIRED_BOYDEN::paired_boyden32c::419_1_8::JRClust::8,PAIRED_BOYDEN::paired_boyden32c::419_1_8,PAIRED_BOYDEN,0.03907637655417407,0.011670388,0.027405988272828703
main,fpos,acg_embed_anchor_stack_xgboost,signal_embedding_stack,xgboost_default,PAIRED_BOYDEN::paired_boyden32c::419_1_8::KiloSort::17,PAIRED_BOYDEN::paired_boyden32c::419_1_8,PAIRED_BOYDEN,0.06424161521775405,0.012772667,0.051468947996029066
main,fpos,acg_embed_anchor_stack_xgboost,signal_embedding_stack,xgboost_default,PAIRED_BOYDEN::paired_boyden32c::419_1_8::KiloSort2::27,PAIRED_BOYDEN::paired_boyden32c::419_1_8,PAIRED_BOYDEN,0.1342059838895282,0.07721106,0.05699492425961106
main,fpos,acg_embed_anchor_stack_xgboost,signal_embedding_stack,xgboost_default,PAIRED_BOYDEN::paired_boyden32c::419_1_8::KiloSort2::46,PAIRED_BOYDEN::paired_boyden32c::419_1_8,PAIRED_BOYDEN,0.02341480088873697,0.019689552,0.0037252484027941284
main,fpos,acg_embed_anchor_stack_xgboost,signal_embedding_stack,xgboost_default,PAIRED_BOYDEN::paired_boyden32c::419_1_8::MountainSort4::42,PAIRED_BOYDEN::paired_boyden32c::419_1_8,PAIRED_BOYDEN,0.16482219271063892,0.09335192,0.07147026978135196
main,fpos,acg_embed_anchor_stack_xgboost,signal_embedding_stack,xgboost_default,PAIRED_BOYDEN::paired_boyden32c::419_1_8::SpykingCircus::24,PAIRED_BOYDEN::paired_boyden32c::419_1_8,PAIRED_BOYDEN,0.24721080446271285,0.1263072,0.12090360009698256
main,fpos,acg_embed_anchor_stack_xgboost,signal_embedding_stack,xgboost_default,PAIRED_BOYDEN::paired_boyden32c::419_1_8::SpykingCircus::28,PAIRED_BOYDEN::paired_boyden32c::419_1_8,PAIRED_BOYDEN,0.029543112332531776,0.013375704,0.01616740815580782
main,fpos,acg_embed_anchor_stack_xgboost,signal_embedding_stack,xgboost_default,PAIRED_BOYDEN::paired_boyden32c::419_1_8::Tridesclous::0,PAIRED_BOYDEN::paired_boyden32c::419_1_8,PAIRED_BOYDEN,0.15585806056898133,0.14813285,0.007725214809589542
main,fpos,acg_embed_anchor_stack_xgboost,signal_embedding_stack,xgboost_default,PAIRED_CRCNS_HC1::paired_crcns::d11222_d11222.002::IronClust::2,PAIRED_CRCNS_HC1::paired_crcns::d11222_d11222.002,PAIRED_CRCNS_HC1,0.04466019417475728,0.37306827,0.32840807889271706
main,fpos,acg_embed_anchor_stack_xgboost,signal_embedding_stack,xgboost_default,PAIRED_CRCNS_HC1::paired_crcns::d11222_d11222.002::JRClust::3,PAIRED_CRCNS_HC1::paired_crcns::d11222_d11222.002,PAIRED_CRCNS_HC1,0.039337474120082816,0.11808799,0.07875051795202259
main,fpos,acg_embed_anchor_stack_xgboost,signal_embedding_stack,xgboost_default,PAIRED_CRCNS_HC1::paired_crcns::d11222_d11222.002::KiloSort::1,PAIRED_CRCNS_HC1::paired_crcns::d11222_d11222.002,PAIRED_CRCNS_HC1,0.03337783711615487,0.17727081,0.1438929776602657
main,fpos,acg_embed_anchor_stack_xgboost,signal_embedding_stack,xgboost_default,PAIRED_CRCNS_HC1::paired_crcns::d11222_d11222.002::KiloSort2::10,PAIRED_CRCNS_HC1::paired_crcns::d11222_d11222.002,PAIRED_CRCNS_HC1,0.550417469492614,0.16807713,0.3823403433472512
main,fpos,acg_embed_anchor_stack_xgboost,signal_embedding_stack,xgboost_default,PAIRED_CRCNS_HC1::paired_crcns::d11222_d11222.002::Klusta::2,PAIRED_CRCNS_HC1::paired_crcns::d11222_d11222.002,PAIRED_CRCNS_HC1,0.008777852802160702,0.15031707,0.14153922006618647
main,fpos,acg_embed_anchor_stack_xgboost,signal_embedding_stack,xgboost_default,PAIRED_CRCNS_HC1::paired_crcns::d11222_d11222.002::MountainSort4::4,PAIRED_CRCNS_HC1::paired_crcns::d11222_d11222.002,PAIRED_CRCNS_HC1,0.360427807486631,0.31353402,0.046893786109067526
main,fpos,acg_embed_anchor_stack_xgboost,signal_embedding_stack,xgboost_default,PAIRED_CRCNS_HC1::paired_crcns::d11222_d11222.002::SpykingCircus::4,PAIRED_CRCNS_HC1::paired_crcns::d11222_d11222.002,PAIRED_CRCNS_HC1,0.11986754966887417,0.18491915,0.0650515990146738
main,fpos,acg_embed_anchor_stack_xgboost,signal_embedding_stack,xgboost_default,PAIRED_CRCNS_HC1::paired_crcns::d11222_d11222.002::Tridesclous::0,PAIRED_CRCNS_HC1::paired_crcns::d11222_d11222.002,PAIRED_CRCNS_HC1,0.021164021164021163,0.3002348,0.27907077345267806
main,fpos,acg_embed_anchor_stack_xgboost,signal_embedding_stack,xgboost_default,PAIRED_ENGLISH::paired_english::m139_200114_191955::KiloSort2::25,PAIRED_ENGLISH::paired_english::m139_200114_191955,PAIRED_ENGLISH,0.7302739726027397,0.28748146,0.44279251560772936
main,fpos,acg_embed_anchor_stack_xgboost,signal_embedding_stack,xgboost_default,PAIRED_ENGLISH::paired_english::m139_200114_191955::MountainSort4::36,PAIRED_ENGLISH::paired_english::m139_200114_191955,PAIRED_ENGLISH,0.8735255086994986,0.56247336,0.31105215197571323
main,fpos,acg_embed_anchor_stack_xgboost,signal_embedding_stack,xgboost_default,PAIRED_ENGLISH::paired_english::m139_200114_191955::SpykingCircus::42,PAIRED_ENGLISH::paired_english::m139_200114_191955,PAIRED_ENGLISH,0.5584045584045584,0.33074588,0.22765868256913968
main,fpos,acg_embed_anchor_stack_xgboost,signal_embedding_stack,xgboost_default,PAIRED_ENGLISH::paired_english::m139_200114_222743::HerdingSpikes2::5,PAIRED_ENGLISH::paired_english::m139_200114_222743,PAIRED_ENGLISH,0.03257707969749855,0.33080885,0.29823176844512533
main,fpos,acg_embed_anchor_stack_xgboost,signal_embedding_stack,xgboost_default,PAIRED_ENGLISH::paired_english::m139_200114_222743::IronClust::17,PAIRED_ENGLISH::paired_english::m139_200114_222743,PAIRED_ENGLISH,0.02675196277987787,0.24938269,0.2226307268153446
main,fpos,acg_embed_anchor_stack_xgboost,signal_embedding_stack,xgboost_default,PAIRED_ENGLISH::paired_english::m139_200114_222743::KiloSort::88,PAIRED_ENGLISH::paired_english::m139_200114_222743,PAIRED_ENGLISH,0.015151515151515152,0.19486456,0.1797130410418366
main,fpos,acg_embed_anchor_stack_xgboost,signal_embedding_stack,xgboost_default,PAIRED_ENGLISH::paired_english::m139_200114_222743::KiloSort2::26,PAIRED_ENGLISH::paired_english::m139_200114_222743,PAIRED_ENGLISH,0.028645087367516472,0.22323686,0.1945917714772406
main,fpos,acg_embed_anchor_stack_xgboost,signal_embedding_stack,xgboost_default,PAIRED_ENGLISH::paired_english::m139_200114_222743::MountainSort4::46,PAIRED_ENGLISH::paired_english::m139_200114_222743,PAIRED_ENGLISH,0.039886039886039885,0.31043178,0.27054573854489883
main,fpos,acg_embed_anchor_stack_xgboost,signal_embedding_stack,xgboost_default,PAIRED_ENGLISH::paired_english::m139_200114_222743::SpykingCircus::44,PAIRED_ENGLISH::paired_english::m139_200114_222743,PAIRED_ENGLISH,0.028064146620847653,0.25658944,0.2285252958706837
main,fpos,acg_embed_anchor_stack_xgboost,signal_embedding_stack,xgboost_default,PAIRED_ENGLISH::paired_english::m139_200114_222743::Tridesclous::1,PAIRED_ENGLISH::paired_english::m139_200114_222743,PAIRED_ENGLISH,0.3089646722483153,0.39107716,0.0821124885869508
main,fpos,acg_embed_anchor_stack_xgboost,signal_embedding_stack,xgboost_default,PAIRED_ENGLISH::paired_english::m14_190326_155432::IronClust::22,PAIRED_ENGLISH::paired_english::m14_190326_155432,PAIRED_ENGLISH,0.0481651376146789,0.07113399,0.022968855951357323
main,fpos,acg_embed_anchor_stack_xgboost,signal_embedding_stack,xgboost_default,PAIRED_ENGLISH::paired_english::m14_190326_155432::MountainSort4::33,PAIRED_ENGLISH::paired_english::m14_190326_155432,PAIRED_ENGLISH,0.1981651376146789,0.40597382,0.20780868426375432
main,fpos,acg_embed_anchor_stack_xgboost,signal_embedding_stack,xgboost_default,PAIRED_ENGLISH::paired_english::m14_190326_155432::SpykingCircus::38,PAIRED_ENGLISH::paired_english::m14_190326_155432,PAIRED_ENGLISH,0.013363028953229399,0.11514153,0.10177850436195233
main,fpos,acg_embed_anchor_stack_xgboost,signal_embedding_stack,xgboost_default,PAIRED_ENGLISH::paired_english::m15_190315_142052_cell1::IronClust::40,PAIRED_ENGLISH::paired_english::m15_190315_142052_cell1,PAIRED_ENGLISH,0.2679960401640503,0.5048005,0.23680445832151487
main,fpos,acg_embed_anchor_stack_xgboost,signal_embedding_stack,xgboost_default,PAIRED_ENGLISH::paired_english::m15_190315_142052_cell1::KiloSort2::48,PAIRED_ENGLISH::paired_english::m15_190315_142052_cell1,PAIRED_ENGLISH,0.8627861694595232,0.4616974,0.4010887698432818
main,fpos,acg_embed_anchor_stack_xgboost,signal_embedding_stack,xgboost_default,PAIRED_ENGLISH::paired_english::m15_190315_142052_cell1::MountainSort4::62,PAIRED_ENGLISH::paired_english::m15_190315_142052_cell1,PAIRED_ENGLISH,0.8769885383524361,0.5451796,0.3318089328684273
main,fpos,acg_embed_anchor_stack_xgboost,signal_embedding_stack,xgboost_default,PAIRED_ENGLISH::paired_english::m15_190315_142052_cell1::MountainSort4::64,PAIRED_ENGLISH::paired_english::m15_190315_142052_cell1,PAIRED_ENGLISH,0.14704761904761904,0.47724387,0.33019625144913084
main,fpos,acg_embed_anchor_stack_xgboost,signal_embedding_stack,xgboost_default,PAIRED_ENGLISH::paired_english::m15_190315_142052_cell1::SpykingCircus::22,PAIRED_ENGLISH::paired_english::m15_190315_142052_cell1,PAIRED_ENGLISH,0.23500526131182042,0.57100683,0.3360015731951681
main,fpos,acg_embed_anchor_stack_xgboost,signal_embedding_stack,xgboost_default,PAIRED_ENGLISH::paired_english::m15_190315_142052_cell1::SpykingCircus::57,PAIRED_ENGLISH::paired_english::m15_190315_142052_cell1,PAIRED_ENGLISH,0.6499202551834131,0.5149429,0.1349773707382227
main,fpos,acg_embed_anchor_stack_xgboost,signal_embedding_stack,xgboost_default,PAIRED_ENGLISH::paired_english::m15_190315_150831_cell1::KiloSort::201,PAIRED_ENGLISH::paired_english::m15_190315_150831_cell1,PAIRED_ENGLISH,0.02662037037037037,0.03955167,0.012931301224010962
main,fpos,acg_embed_anchor_stack_xgboost,signal_embedding_stack,xgboost_default,PAIRED_ENGLISH::paired_english::m15_190315_150831_cell1::KiloSort2::23,PAIRED_ENGLISH::paired_english::m15_190315_150831_cell1,PAIRED_ENGLISH,0.058163265306122446,0.15812154,0.09995827583634123
main,fpos,acg_embed_anchor_stack_xgboost,signal_embedding_stack,xgboost_default,PAIRED_ENGLISH::paired_english::m15_190315_150831_cell1::SpykingCircus::11,PAIRED_ENGLISH::paired_english::m15_190315_150831_cell1,PAIRED_ENGLISH,0.031609195402298854,0.04550018,0.013890986213053777
main,fpos,acg_embed_anchor_stack_xgboost,signal_embedding_stack,xgboost_default,PAIRED_ENGLISH::paired_english::m26_190524_100859_cell1::KiloSort::19,PAIRED_ENGLISH::paired_english::m26_190524_100859_cell1,PAIRED_ENGLISH,0.2440677966101695,0.48809865,0.2440308545605611
main,fpos,acg_embed_anchor_stack_xgboost,signal_embedding_stack,xgboost_default,PAIRED_ENGLISH::paired_english::m26_190524_100859_cell1::KiloSort::8,PAIRED_ENGLISH::paired_english::m26_190524_100859_cell1,PAIRED_ENGLISH,0.6505139500734214,0.47959706,0.1709168882009391
main,fpos,acg_embed_anchor_stack_xgboost,signal_embedding_stack,xgboost_default,PAIRED_ENGLISH::paired_english::m26_190524_100859_cell1::KiloSort2::0,PAIRED_ENGLISH::paired_english::m26_190524_100859_cell1,PAIRED_ENGLISH,0.38315988647114474,0.5656861,0.182526220210679
main,fpos,acg_embed_anchor_stack_xgboost,signal_embedding_stack,xgboost_default,PAIRED_ENGLISH::paired_english::m57_191105_141906::IronClust::6,PAIRED_ENGLISH::paired_english::m57_191105_141906,PAIRED_ENGLISH,0.31826625386996904,0.39699486,0.07872860511020979
main,fpos,acg_embed_anchor_stack_xgboost,signal_embedding_stack,xgboost_default,PAIRED_ENGLISH::paired_english::m57_191105_141906::KiloSort::47,PAIRED_ENGLISH::paired_english::m57_191105_141906,PAIRED_ENGLISH,0.35376344086021505,0.38750196,0.03373851417213358
main,fpos,acg_embed_anchor_stack_xgboost,signal_embedding_stack,xgboost_default,PAIRED_ENGLISH::paired_english::m57_191105_141906::MountainSort4::21,PAIRED_ENGLISH::paired_english::m57_191105_141906,PAIRED_ENGLISH,0.3323335332933413,0.47144422,0.1391106860574735
main,fpos,acg_embed_anchor_stack_xgboost,signal_embedding_stack,xgboost_default,PAIRED_ENGLISH::paired_english::m57_191105_141906::MountainSort4::57,PAIRED_ENGLISH::paired_english::m57_191105_141906,PAIRED_ENGLISH,0.23853211009174313,0.41849715,0.1799650350841907
main,fpos,acg_embed_anchor_stack_xgboost,signal_embedding_stack,xgboost_default,PAIRED_ENGLISH::paired_english::m57_191105_141906::SpykingCircus::12,PAIRED_ENGLISH::paired_english::m57_191105_141906,PAIRED_ENGLISH,0.3535228677379481,0.4474268,0.09390392822152455
main,fpos,acg_embed_anchor_stack_xgboost,signal_embedding_stack,xgboost_default,PAIRED_ENGLISH::paired_english::m57_191105_141906::SpykingCircus::30,PAIRED_ENGLISH::paired_english::m57_191105_141906,PAIRED_ENGLISH,0.2040332147093713,0.30961886,0.10558564577379825
main,fpos,acg_embed_anchor_stack_xgboost,signal_embedding_stack,xgboost_default,PAIRED_ENGLISH::paired_english::m57_191105_153915::IronClust::4,PAIRED_ENGLISH::paired_english::m57_191105_153915,PAIRED_ENGLISH,0.21239873194786896,0.42634416,0.21394542431738983
main,fpos,acg_embed_anchor_stack_xgboost,signal_embedding_stack,xgboost_default,PAIRED_ENGLISH::paired_english::m57_191105_153915::KiloSort::52,PAIRED_ENGLISH::paired_english::m57_191105_153915,PAIRED_ENGLISH,0.25900831536803204,0.5345294,0.2755210725828652
main,fpos,acg_embed_anchor_stack_xgboost,signal_embedding_stack,xgboost_default,PAIRED_ENGLISH::paired_english::m57_191105_153915::KiloSort2::19,PAIRED_ENGLISH::paired_english::m57_191105_153915,PAIRED_ENGLISH,0.29264475743348983,0.5465392,0.2538944299978456
main,fpos,acg_embed_anchor_stack_xgboost,signal_embedding_stack,xgboost_default,PAIRED_ENGLISH::paired_english::m57_191105_153915::MountainSort4::24,PAIRED_ENGLISH::paired_english::m57_191105_153915,PAIRED_ENGLISH,0.894797643343987,0.69841015,0.19638748995501
main,fpos,acg_embed_anchor_stack_xgboost,signal_embedding_stack,xgboost_default,PAIRED_ENGLISH::paired_english::m57_191105_153915::SpykingCircus::30,PAIRED_ENGLISH::paired_english::m57_191105_153915,PAIRED_ENGLISH,0.38353953738569124,0.5159555,0.1324159703695883
main,fpos,acg_embed_anchor_stack_xgboost,signal_embedding_stack,xgboost_default,PAIRED_ENGLISH::paired_english::m57_191105_160026::HerdingSpikes2::1,PAIRED_ENGLISH::paired_english::m57_191105_160026,PAIRED_ENGLISH,0.13630229419703105,0.40196177,0.26565947943692586
main,fpos,acg_embed_anchor_stack_xgboost,signal_embedding_stack,xgboost_default,PAIRED_ENGLISH::paired_english::m57_191105_160026::IronClust::2,PAIRED_ENGLISH::paired_english::m57_191105_160026,PAIRED_ENGLISH,0.5044008124576845,0.37388033,0.13052048570979025
main,fpos,acg_embed_anchor_stack_xgboost,signal_embedding_stack,xgboost_default,PAIRED_ENGLISH::paired_english::m57_191105_160026::IronClust::3,PAIRED_ENGLISH::paired_english::m57_191105_160026,PAIRED_ENGLISH,0.05838815789473684,0.39029837,0.331910208651894
main,fpos,acg_embed_anchor_stack_xgboost,signal_embedding_stack,xgboost_default,PAIRED_ENGLISH::paired_english::m57_191105_160026::KiloSort::127,PAIRED_ENGLISH::paired_english::m57_191105_160026,PAIRED_ENGLISH,0.5003422313483915,0.49452665,0.005815576866503691
main,fpos,acg_embed_anchor_stack_xgboost,signal_embedding_stack,xgboost_default,PAIRED_ENGLISH::paired_english::m57_191105_160026::KiloSort::6,PAIRED_ENGLISH::paired_english::m57_191105_160026,PAIRED_ENGLISH,0.02531645569620253,0.34971645,0.32439999904813643
main,fpos,acg_embed_anchor_stack_xgboost,signal_embedding_stack,xgboost_default,PAIRED_ENGLISH::paired_english::m57_191105_160026::MountainSort4::23,PAIRED_ENGLISH::paired_english::m57_191105_160026,PAIRED_ENGLISH,0.6737967914438503,0.4049867,0.2688100820875423
main,fpos,acg_embed_anchor_stack_xgboost,signal_embedding_stack,xgboost_default,PAIRED_ENGLISH::paired_english::m57_191105_160026::MountainSort4::25,PAIRED_ENGLISH::paired_english::m57_191105_160026,PAIRED_ENGLISH,0.14568081991215226,0.40274337,0.25706254942874435
main,fpos,acg_embed_anchor_stack_xgboost,signal_embedding_stack,xgboost_default,PAIRED_ENGLISH::paired_english::m57_191105_160026::SpykingCircus::2,PAIRED_ENGLISH::paired_english::m57_191105_160026,PAIRED_ENGLISH,0.6860282574568289,0.53013575,0.1558925066862601
main,fpos,acg_embed_anchor_stack_xgboost,signal_embedding_stack,xgboost_default,PAIRED_ENGLISH::paired_english::m57_191105_160026::SpykingCircus::4,PAIRED_ENGLISH::paired_english::m57_191105_160026,PAIRED_ENGLISH,0.056790123456790124,0.42581862,0.36902849865548404
main,fpos,acg_embed_anchor_stack_xgboost,signal_embedding_stack,xgboost_default,PAIRED_ENGLISH::paired_english::m57_191105_160026::Tridesclous::0,PAIRED_ENGLISH::paired_english::m57_191105_160026,PAIRED_ENGLISH,0.8589226823012093,0.5892972,0.2696255068937996
main,fpos,acg_embed_anchor_stack_xgboost,signal_embedding_stack,xgboost_default,PAIRED_KAMPFF::paired_kampff::2014_11_25_Pair_3_0::HerdingSpikes2::13,PAIRED_KAMPFF::paired_kampff::2014_11_25_Pair_3_0,PAIRED_KAMPFF,0.025714285714285714,0.08933819,0.06362390513931002
main,fpos,acg_embed_anchor_stack_xgboost,signal_embedding_stack,xgboost_default,PAIRED_KAMPFF::paired_kampff::2014_11_25_Pair_3_0::IronClust::2,PAIRED_KAMPFF::paired_kampff::2014_11_25_Pair_3_0,PAIRED_KAMPFF,0.017241379310344827,0.08285021,0.06560883105828844
main,fpos,acg_embed_anchor_stack_xgboost,signal_embedding_stack,xgboost_default,PAIRED_KAMPFF::paired_kampff::2014_11_25_Pair_3_0::KiloSort::11,PAIRED_KAMPFF::paired_kampff::2014_11_25_Pair_3_0,PAIRED_KAMPFF,0.6041426927502876,0.3462457,0.25789698666889727
main,fpos,acg_embed_anchor_stack_xgboost,signal_embedding_stack,xgboost_default,PAIRED_KAMPFF::paired_kampff::2014_11_25_Pair_3_0::KiloSort2::7,PAIRED_KAMPFF::paired_kampff::2014_11_25_Pair_3_0,PAIRED_KAMPFF,0.005763688760806916,0.09354398,0.08778028778452694
main,fpos,acg_embed_anchor_stack_xgboost,signal_embedding_stack,xgboost_default,PAIRED_KAMPFF::paired_kampff::2014_11_25_Pair_3_0::MountainSort4::5,PAIRED_KAMPFF::paired_kampff::2014_11_25_Pair_3_0,PAIRED_KAMPFF,0.025280898876404494,0.18772538,0.16244448118665245
main,fpos,acg_embed_anchor_stack_xgboost,signal_embedding_stack,xgboost_default,PAIRED_KAMPFF::paired_kampff::2014_11_25_Pair_3_0::SpykingCircus::0,PAIRED_KAMPFF::paired_kampff::2014_11_25_Pair_3_0,PAIRED_KAMPFF,0.04696132596685083,0.18124993,0.1342886054878077
main,fpos,acg_embed_anchor_stack_xgboost,signal_embedding_stack,xgboost_default,PAIRED_KAMPFF::paired_kampff::2015_09_03_Pair_9_0A::HerdingSpikes2::3,PAIRED_KAMPFF::paired_kampff::2015_09_03_Pair_9_0A,PAIRED_KAMPFF,0.009163346613545816,0.16977698,0.1606136294950052
main,fpos,acg_embed_anchor_stack_xgboost,signal_embedding_stack,xgboost_default,PAIRED_KAMPFF::paired_kampff::2015_09_03_Pair_9_0A::HerdingSpikes2::5,PAIRED_KAMPFF::paired_kampff::2015_09_03_Pair_9_0A,PAIRED_KAMPFF,0.25625,0.26647136,0.010221356153488181
main,fpos,acg_embed_anchor_stack_xgboost,signal_embedding_stack,xgboost_default,PAIRED_KAMPFF::paired_kampff::2015_09_03_Pair_9_0A::IronClust::4,PAIRED_KAMPFF::paired_kampff::2015_09_03_Pair_9_0A,PAIRED_KAMPFF,0.050854353132628156,0.1683695,0.11751514869651919
main,fpos,acg_embed_anchor_stack_xgboost,signal_embedding_stack,xgboost_default,PAIRED_KAMPFF::paired_kampff::2015_09_03_Pair_9_0A::JRClust::28,PAIRED_KAMPFF::paired_kampff::2015_09_03_Pair_9_0A,PAIRED_KAMPFF,0.009279717189571365,0.1208554,0.11157568128655244
main,fpos,acg_embed_anchor_stack_xgboost,signal_embedding_stack,xgboost_default,PAIRED_KAMPFF::paired_kampff::2015_09_03_Pair_9_0A::KiloSort::21,PAIRED_KAMPFF::paired_kampff::2015_09_03_Pair_9_0A,PAIRED_KAMPFF,0.029197080291970802,0.11927567,0.09007858648134845
main,fpos,acg_embed_anchor_stack_xgboost,signal_embedding_stack,xgboost_default,PAIRED_KAMPFF::paired_kampff::2015_09_03_Pair_9_0A::KiloSort2::28,PAIRED_KAMPFF::paired_kampff::2015_09_03_Pair_9_0A,PAIRED_KAMPFF,0.04792983887415868,0.11278951,0.06485967280644435
main,fpos,acg_embed_anchor_stack_xgboost,signal_embedding_stack,xgboost_default,PAIRED_KAMPFF::paired_kampff::2015_09_03_Pair_9_0A::KiloSort2::50,PAIRED_KAMPFF::paired_kampff::2015_09_03_Pair_9_0A,PAIRED_KAMPFF,0.6547535622518104,0.43010888,0.22464468721557074
main,fpos,acg_embed_anchor_stack_xgboost,signal_embedding_stack,xgboost_default,PAIRED_KAMPFF::paired_kampff::2015_09_03_Pair_9_0A::MountainSort4::16,PAIRED_KAMPFF::paired_kampff::2015_09_03_Pair_9_0A,PAIRED_KAMPFF,0.020110410094637224,0.10876227,0.08865186160765236
main,fpos,acg_embed_anchor_stack_xgboost,signal_embedding_stack,xgboost_default,PAIRED_KAMPFF::paired_kampff::2015_09_03_Pair_9_0A::MountainSort4::18,PAIRED_KAMPFF::paired_kampff::2015_09_03_Pair_9_0A,PAIRED_KAMPFF,0.2709109380291229,0.25428578,0.016625155453515617
main,fpos,acg_embed_anchor_stack_xgboost,signal_embedding_stack,xgboost_default,PAIRED_KAMPFF::paired_kampff::2015_09_03_Pair_9_0A::SpykingCircus::8,PAIRED_KAMPFF::paired_kampff::2015_09_03_Pair_9_0A,PAIRED_KAMPFF,0.028595282821957838,0.112409085,0.08381380221336626
main,fpos,acg_embed_anchor_stack_xgboost,signal_embedding_stack,xgboost_default,PAIRED_KAMPFF::paired_kampff::2015_09_03_Pair_9_0A::Tridesclous::0,PAIRED_KAMPFF::paired_kampff::2015_09_03_Pair_9_0A,PAIRED_KAMPFF,0.006899350649350649,0.077777,0.07087764763212823
main,fpos,acg_embed_anchor_stack_xgboost,signal_embedding_stack,xgboost_default,PAIRED_KAMPFF::paired_kampff::2015_09_03_Pair_9_0A::Tridesclous::2,PAIRED_KAMPFF::paired_kampff::2015_09_03_Pair_9_0A,PAIRED_KAMPFF,0.15755883526126846,0.26576895,0.10821010995586411
main,fpos,acg_embed_anchor_stack_xgboost,signal_embedding_stack,xgboost_default,PAIRED_KAMPFF::paired_kampff::2015_09_03_Pair_9_0B::HerdingSpikes2::4,PAIRED_KAMPFF::paired_kampff::2015_09_03_Pair_9_0B,PAIRED_KAMPFF,0.05299492385786802,0.19536695,0.1423720249851343
main,fpos,acg_embed_anchor_stack_xgboost,signal_embedding_stack,xgboost_default,PAIRED_KAMPFF::paired_kampff::2015_09_03_Pair_9_0B::IronClust::4,PAIRED_KAMPFF::paired_kampff::2015_09_03_Pair_9_0B,PAIRED_KAMPFF,0.04985754985754986,0.10944279,0.05958524297530155
main,fpos,acg_embed_anchor_stack_xgboost,signal_embedding_stack,xgboost_default,PAIRED_KAMPFF::paired_kampff::2015_09_03_Pair_9_0B::JRClust::21,PAIRED_KAMPFF::paired_kampff::2015_09_03_Pair_9_0B,PAIRED_KAMPFF,0.0070407040704070405,0.10621641,0.09917570424191367
main,fpos,acg_embed_anchor_stack_xgboost,signal_embedding_stack,xgboost_default,PAIRED_KAMPFF::paired_kampff::2015_09_03_Pair_9_0B::KiloSort::6,PAIRED_KAMPFF::paired_kampff::2015_09_03_Pair_9_0B,PAIRED_KAMPFF,0.040098704503392965,0.10544438,0.0653456746474745
main,fpos,acg_embed_anchor_stack_xgboost,signal_embedding_stack,xgboost_default,PAIRED_KAMPFF::paired_kampff::2015_09_03_Pair_9_0B::KiloSort2::26,PAIRED_KAMPFF::paired_kampff::2015_09_03_Pair_9_0B,PAIRED_KAMPFF,0.05909764880321966,0.11737246,0.058274811860098974
main,fpos,acg_embed_anchor_stack_xgboost,signal_embedding_stack,xgboost_default,PAIRED_KAMPFF::paired_kampff::2015_09_03_Pair_9_0B::MountainSort4::11,PAIRED_KAMPFF::paired_kampff::2015_09_03_Pair_9_0B,PAIRED_KAMPFF,0.06803218727139722,0.11173036,0.04369817222328891
main,fpos,acg_embed_anchor_stack_xgboost,signal_embedding_stack,xgboost_default,PAIRED_KAMPFF::paired_kampff::2015_09_03_Pair_9_0B::MountainSort4::12,PAIRED_KAMPFF::paired_kampff::2015_09_03_Pair_9_0B,PAIRED_KAMPFF,0.16717909300538047,0.2226296,0.055450513718404926
main,fpos,acg_embed_anchor_stack_xgboost,signal_embedding_stack,xgboost_default,PAIRED_KAMPFF::paired_kampff::2015_09_03_Pair_9_0B::SpykingCircus::8,PAIRED_KAMPFF::paired_kampff::2015_09_03_Pair_9_0B,PAIRED_KAMPFF,0.7944485429730727,0.45843408,0.33601446785596145
main,fpos,acg_embed_anchor_stack_xgboost,signal_embedding_stack,xgboost_default,PAIRED_KAMPFF::paired_kampff::2015_09_03_Pair_9_0B::SpykingCircus::9,PAIRED_KAMPFF::paired_kampff::2015_09_03_Pair_9_0B,PAIRED_KAMPFF,0.04577033101757254,0.10678882,0.061018490500848635
main,fpos,acg_embed_anchor_stack_xgboost,signal_embedding_stack,xgboost_default,PAIRED_KAMPFF::paired_kampff::2015_09_03_Pair_9_0B::Tridesclous::0,PAIRED_KAMPFF::paired_kampff::2015_09_03_Pair_9_0B,PAIRED_KAMPFF,0.008339124391938846,0.10996158,0.10162245236787637
main,fpos,acg_embed_anchor_stack_xgboost,signal_embedding_stack,xgboost_default,PAIRED_KAMPFF::paired_kampff::2015_09_03_Pair_9_0B::Tridesclous::2,PAIRED_KAMPFF::paired_kampff::2015_09_03_Pair_9_0B,PAIRED_KAMPFF,0.13492450073063808,0.16955751,0.034633011075849957
main,fpos,acg_embed_anchor_stack_xgboost,signal_embedding_stack,xgboost_default,PAIRED_KAMPFF::paired_kampff::c14::HerdingSpikes2::6,PAIRED_KAMPFF::paired_kampff::c14,PAIRED_KAMPFF,0.25090444775484144,0.20438877,0.04651568027399122
main,fpos,acg_embed_anchor_stack_xgboost,signal_embedding_stack,xgboost_default,PAIRED_KAMPFF::paired_kampff::c14::IronClust::22,PAIRED_KAMPFF::paired_kampff::c14,PAIRED_KAMPFF,0.2240655987795576,0.17237812,0.05168747597300852
main,fpos,acg_embed_anchor_stack_xgboost,signal_embedding_stack,xgboost_default,PAIRED_KAMPFF::paired_kampff::c14::KiloSort2::37,PAIRED_KAMPFF::paired_kampff::c14,PAIRED_KAMPFF,0.23899885489939474,0.19696665,0.042032206797588095
main,fpos,acg_embed_anchor_stack_xgboost,signal_embedding_stack,xgboost_default,PAIRED_KAMPFF::paired_kampff::c14::MountainSort4::42,PAIRED_KAMPFF::paired_kampff::c14,PAIRED_KAMPFF,0.031842105263157894,0.10121661,0.06937450153262992
main,fpos,acg_embed_anchor_stack_xgboost,signal_embedding_stack,xgboost_default,PAIRED_KAMPFF::paired_kampff::c14::SpykingCircus::14,PAIRED_KAMPFF::paired_kampff::c14,PAIRED_KAMPFF,0.0993841579953281,0.18075942,0.08137525703515133
main,fpos,acg_embed_anchor_stack_xgboost,signal_embedding_stack,xgboost_default,PAIRED_KAMPFF::paired_kampff::c14::Tridesclous::8,PAIRED_KAMPFF::paired_kampff::c14,PAIRED_KAMPFF,0.7298130782302221,0.38893598,0.34087709504922237
main,fpos,wf_acg_embed_anchor_stack_xgboost,signal_embedding_stack,xgboost_default,PAIRED_BOYDEN::paired_boyden32c::419_1_8::IronClust::14,PAIRED_BOYDEN::paired_boyden32c::419_1_8,PAIRED_BOYDEN,0.0663265306122449,0.033883568,0.03244296271277934
main,fpos,wf_acg_embed_anchor_stack_xgboost,signal_embedding_stack,xgboost_default,PAIRED_BOYDEN::paired_boyden32c::419_1_8::IronClust::4,PAIRED_BOYDEN::paired_boyden32c::419_1_8,PAIRED_BOYDEN,0.05829903978052126,0.06339877,0.005099731207466256
main,fpos,wf_acg_embed_anchor_stack_xgboost,signal_embedding_stack,xgboost_default,PAIRED_BOYDEN::paired_boyden32c::419_1_8::JRClust::24,PAIRED_BOYDEN::paired_boyden32c::419_1_8,PAIRED_BOYDEN,0.08062093139709564,0.011139212,0.06948171922089191
main,fpos,wf_acg_embed_anchor_stack_xgboost,signal_embedding_stack,xgboost_default,PAIRED_BOYDEN::paired_boyden32c::419_1_8::JRClust::8,PAIRED_BOYDEN::paired_boyden32c::419_1_8,PAIRED_BOYDEN,0.03907637655417407,0.015539351,0.023537025634748583
main,fpos,wf_acg_embed_anchor_stack_xgboost,signal_embedding_stack,xgboost_default,PAIRED_BOYDEN::paired_boyden32c::419_1_8::KiloSort::17,PAIRED_BOYDEN::paired_boyden32c::419_1_8,PAIRED_BOYDEN,0.06424161521775405,0.016173178,0.04806843688769023
main,fpos,wf_acg_embed_anchor_stack_xgboost,signal_embedding_stack,xgboost_default,PAIRED_BOYDEN::paired_boyden32c::419_1_8::KiloSort2::27,PAIRED_BOYDEN::paired_boyden32c::419_1_8,PAIRED_BOYDEN,0.1342059838895282,0.0632564,0.0709495860461673
main,fpos,wf_acg_embed_anchor_stack_xgboost,signal_embedding_stack,xgboost_default,PAIRED_BOYDEN::paired_boyden32c::419_1_8::KiloSort2::46,PAIRED_BOYDEN::paired_boyden32c::419_1_8,PAIRED_BOYDEN,0.02341480088873697,0.02226353,0.0011512702469427642
main,fpos,wf_acg_embed_anchor_stack_xgboost,signal_embedding_stack,xgboost_default,PAIRED_BOYDEN::paired_boyden32c::419_1_8::MountainSort4::42,PAIRED_BOYDEN::paired_boyden32c::419_1_8,PAIRED_BOYDEN,0.16482219271063892,0.083731756,0.08109043709635821
main,fpos,wf_acg_embed_anchor_stack_xgboost,signal_embedding_stack,xgboost_default,PAIRED_BOYDEN::paired_boyden32c::419_1_8::SpykingCircus::24,PAIRED_BOYDEN::paired_boyden32c::419_1_8,PAIRED_BOYDEN,0.24721080446271285,0.19025268,0.05695812785653456
main,fpos,wf_acg_embed_anchor_stack_xgboost,signal_embedding_stack,xgboost_default,PAIRED_BOYDEN::paired_boyden32c::419_1_8::SpykingCircus::28,PAIRED_BOYDEN::paired_boyden32c::419_1_8,PAIRED_BOYDEN,0.029543112332531776,0.014744697,0.01479841519386467
main,fpos,wf_acg_embed_anchor_stack_xgboost,signal_embedding_stack,xgboost_default,PAIRED_BOYDEN::paired_boyden32c::419_1_8::Tridesclous::0,PAIRED_BOYDEN::paired_boyden32c::419_1_8,PAIRED_BOYDEN,0.15585806056898133,0.17320867,0.017350608259029232
main,fpos,wf_acg_embed_anchor_stack_xgboost,signal_embedding_stack,xgboost_default,PAIRED_CRCNS_HC1::paired_crcns::d11222_d11222.002::IronClust::2,PAIRED_CRCNS_HC1::paired_crcns::d11222_d11222.002,PAIRED_CRCNS_HC1,0.04466019417475728,0.44316694,0.39850674722958535
main,fpos,wf_acg_embed_anchor_stack_xgboost,signal_embedding_stack,xgboost_default,PAIRED_CRCNS_HC1::paired_crcns::d11222_d11222.002::JRClust::3,PAIRED_CRCNS_HC1::paired_crcns::d11222_d11222.002,PAIRED_CRCNS_HC1,0.039337474120082816,0.12510662,0.08576914368825916
main,fpos,wf_acg_embed_anchor_stack_xgboost,signal_embedding_stack,xgboost_default,PAIRED_CRCNS_HC1::paired_crcns::d11222_d11222.002::KiloSort::1,PAIRED_CRCNS_HC1::paired_crcns::d11222_d11222.002,PAIRED_CRCNS_HC1,0.03337783711615487,0.15346743,0.12008959454831199
main,fpos,wf_acg_embed_anchor_stack_xgboost,signal_embedding_stack,xgboost_default,PAIRED_CRCNS_HC1::paired_crcns::d11222_d11222.002::KiloSort2::10,PAIRED_CRCNS_HC1::paired_crcns::d11222_d11222.002,PAIRED_CRCNS_HC1,0.550417469492614,0.15327269,0.3971447811037896
main,fpos,wf_acg_embed_anchor_stack_xgboost,signal_embedding_stack,xgboost_default,PAIRED_CRCNS_HC1::paired_crcns::d11222_d11222.002::Klusta::2,PAIRED_CRCNS_HC1::paired_crcns::d11222_d11222.002,PAIRED_CRCNS_HC1,0.008777852802160702,0.13874465,0.12996679946911005
main,fpos,wf_acg_embed_anchor_stack_xgboost,signal_embedding_stack,xgboost_default,PAIRED_CRCNS_HC1::paired_crcns::d11222_d11222.002::MountainSort4::4,PAIRED_CRCNS_HC1::paired_crcns::d11222_d11222.002,PAIRED_CRCNS_HC1,0.360427807486631,0.32442406,0.03600374928770217
main,fpos,wf_acg_embed_anchor_stack_xgboost,signal_embedding_stack,xgboost_default,PAIRED_CRCNS_HC1::paired_crcns::d11222_d11222.002::SpykingCircus::4,PAIRED_CRCNS_HC1::paired_crcns::d11222_d11222.002,PAIRED_CRCNS_HC1,0.11986754966887417,0.16220966,0.04234211014596043
main,fpos,wf_acg_embed_anchor_stack_xgboost,signal_embedding_stack,xgboost_default,PAIRED_CRCNS_HC1::paired_crcns::d11222_d11222.002::Tridesclous::0,PAIRED_CRCNS_HC1::paired_crcns::d11222_d11222.002,PAIRED_CRCNS_HC1,0.021164021164021163,0.36572257,0.3445585456790117
main,fpos,wf_acg_embed_anchor_stack_xgboost,signal_embedding_stack,xgboost_default,PAIRED_ENGLISH::paired_english::m139_200114_191955::KiloSort2::25,PAIRED_ENGLISH::paired_english::m139_200114_191955,PAIRED_ENGLISH,0.7302739726027397,0.29300442,0.43726954922284167
main,fpos,wf_acg_embed_anchor_stack_xgboost,signal_embedding_stack,xgboost_default,PAIRED_ENGLISH::paired_english::m139_200114_191955::MountainSort4::36,PAIRED_ENGLISH::paired_english::m139_200114_191955,PAIRED_ENGLISH,0.8735255086994986,0.54028857,0.33323694115646885
main,fpos,wf_acg_embed_anchor_stack_xgboost,signal_embedding_stack,xgboost_default,PAIRED_ENGLISH::paired_english::m139_200114_191955::SpykingCircus::42,PAIRED_ENGLISH::paired_english::m139_200114_191955,PAIRED_ENGLISH,0.5584045584045584,0.31483248,0.2435720796428854
main,fpos,wf_acg_embed_anchor_stack_xgboost,signal_embedding_stack,xgboost_default,PAIRED_ENGLISH::paired_english::m139_200114_222743::HerdingSpikes2::5,PAIRED_ENGLISH::paired_english::m139_200114_222743,PAIRED_ENGLISH,0.03257707969749855,0.32228675,0.2897096751490743
main,fpos,wf_acg_embed_anchor_stack_xgboost,signal_embedding_stack,xgboost_default,PAIRED_ENGLISH::paired_english::m139_200114_222743::IronClust::17,PAIRED_ENGLISH::paired_english::m139_200114_222743,PAIRED_ENGLISH,0.02675196277987787,0.21394415,0.18719218921768835
main,fpos,wf_acg_embed_anchor_stack_xgboost,signal_embedding_stack,xgboost_default,PAIRED_ENGLISH::paired_english::m139_200114_222743::KiloSort::88,PAIRED_ENGLISH::paired_english::m139_200114_222743,PAIRED_ENGLISH,0.015151515151515152,0.15712182,0.1419703070864533
main,fpos,wf_acg_embed_anchor_stack_xgboost,signal_embedding_stack,xgboost_default,PAIRED_ENGLISH::paired_english::m139_200114_222743::KiloSort2::26,PAIRED_ENGLISH::paired_english::m139_200114_222743,PAIRED_ENGLISH,0.028645087367516472,0.1985567,0.16991161894180207
main,fpos,wf_acg_embed_anchor_stack_xgboost,signal_embedding_stack,xgboost_default,PAIRED_ENGLISH::paired_english::m139_200114_222743::MountainSort4::46,PAIRED_ENGLISH::paired_english::m139_200114_222743,PAIRED_ENGLISH,0.039886039886039885,0.3185803,0.2786942597298201
main,fpos,wf_acg_embed_anchor_stack_xgboost,signal_embedding_stack,xgboost_default,PAIRED_ENGLISH::paired_english::m139_200114_222743::SpykingCircus::44,PAIRED_ENGLISH::paired_english::m139_200114_222743,PAIRED_ENGLISH,0.028064146620847653,0.20818335,0.18011920155801586
main,fpos,wf_acg_embed_anchor_stack_xgboost,signal_embedding_stack,xgboost_default,PAIRED_ENGLISH::paired_english::m139_200114_222743::Tridesclous::1,PAIRED_ENGLISH::paired_english::m139_200114_222743,PAIRED_ENGLISH,0.3089646722483153,0.37217525,0.06321057422881177
main,fpos,wf_acg_embed_anchor_stack_xgboost,signal_embedding_stack,xgboost_default,PAIRED_ENGLISH::paired_english::m14_190326_155432::IronClust::22,PAIRED_ENGLISH::paired_english::m14_190326_155432,PAIRED_ENGLISH,0.0481651376146789,0.07490476,0.02673962459378286
main,fpos,wf_acg_embed_anchor_stack_xgboost,signal_embedding_stack,xgboost_default,PAIRED_ENGLISH::paired_english::m14_190326_155432::MountainSort4::33,PAIRED_ENGLISH::paired_english::m14_190326_155432,PAIRED_ENGLISH,0.1981651376146789,0.43844405,0.24027891055159611
main,fpos,wf_acg_embed_anchor_stack_xgboost,signal_embedding_stack,xgboost_default,PAIRED_ENGLISH::paired_english::m14_190326_155432::SpykingCircus::38,PAIRED_ENGLISH::paired_english::m14_190326_155432,PAIRED_ENGLISH,0.013363028953229399,0.12023082,0.10686778735145429
main,fpos,wf_acg_embed_anchor_stack_xgboost,signal_embedding_stack,xgboost_default,PAIRED_ENGLISH::paired_english::m15_190315_142052_cell1::IronClust::40,PAIRED_ENGLISH::paired_english::m15_190315_142052_cell1,PAIRED_ENGLISH,0.2679960401640503,0.52226734,0.2542713014497192
main,fpos,wf_acg_embed_anchor_stack_xgboost,signal_embedding_stack,xgboost_default,PAIRED_ENGLISH::paired_english::m15_190315_142052_cell1::KiloSort2::48,PAIRED_ENGLISH::paired_english::m15_190315_142052_cell1,PAIRED_ENGLISH,0.8627861694595232,0.51410747,0.3486787037155047
main,fpos,wf_acg_embed_anchor_stack_xgboost,signal_embedding_stack,xgboost_default,PAIRED_ENGLISH::paired_english::m15_190315_142052_cell1::MountainSort4::62,PAIRED_ENGLISH::paired_english::m15_190315_142052_cell1,PAIRED_ENGLISH,0.8769885383524361,0.55514663,0.32184190377373123
main,fpos,wf_acg_embed_anchor_stack_xgboost,signal_embedding_stack,xgboost_default,PAIRED_ENGLISH::paired_english::m15_190315_142052_cell1::MountainSort4::64,PAIRED_ENGLISH::paired_english::m15_190315_142052_cell1,PAIRED_ENGLISH,0.14704761904761904,0.49214122,0.34509359794571287
main,fpos,wf_acg_embed_anchor_stack_xgboost,signal_embedding_stack,xgboost_default,PAIRED_ENGLISH::paired_english::m15_190315_142052_cell1::SpykingCircus::22,PAIRED_ENGLISH::paired_english::m15_190315_142052_cell1,PAIRED_ENGLISH,0.23500526131182042,0.6652792,0.4302739483019796
main,fpos,wf_acg_embed_anchor_stack_xgboost,signal_embedding_stack,xgboost_default,PAIRED_ENGLISH::paired_english::m15_190315_142052_cell1::SpykingCircus::57,PAIRED_ENGLISH::paired_english::m15_190315_142052_cell1,PAIRED_ENGLISH,0.6499202551834131,0.6016213,0.04829892539901981
main,fpos,wf_acg_embed_anchor_stack_xgboost,signal_embedding_stack,xgboost_default,PAIRED_ENGLISH::paired_english::m15_190315_150831_cell1::KiloSort::201,PAIRED_ENGLISH::paired_english::m15_190315_150831_cell1,PAIRED_ENGLISH,0.02662037037037037,0.028793992,0.002173622104304808
main,fpos,wf_acg_embed_anchor_stack_xgboost,signal_embedding_stack,xgboost_default,PAIRED_ENGLISH::paired_english::m15_190315_150831_cell1::KiloSort2::23,PAIRED_ENGLISH::paired_english::m15_190315_150831_cell1,PAIRED_ENGLISH,0.058163265306122446,0.14473282,0.08656955270134672
main,fpos,wf_acg_embed_anchor_stack_xgboost,signal_embedding_stack,xgboost_default,PAIRED_ENGLISH::paired_english::m15_190315_150831_cell1::SpykingCircus::11,PAIRED_ENGLISH::paired_english::m15_190315_150831_cell1,PAIRED_ENGLISH,0.031609195402298854,0.037959296,0.006350100854004934
main,fpos,wf_acg_embed_anchor_stack_xgboost,signal_embedding_stack,xgboost_default,PAIRED_ENGLISH::paired_english::m26_190524_100859_cell1::KiloSort::19,PAIRED_ENGLISH::paired_english::m26_190524_100859_cell1,PAIRED_ENGLISH,0.2440677966101695,0.4408301,0.19676231489343157
main,fpos,wf_acg_embed_anchor_stack_xgboost,signal_embedding_stack,xgboost_default,PAIRED_ENGLISH::paired_english::m26_190524_100859_cell1::KiloSort::8,PAIRED_ENGLISH::paired_english::m26_190524_100859_cell1,PAIRED_ENGLISH,0.6505139500734214,0.5370424,0.11347157069414893
main,fpos,wf_acg_embed_anchor_stack_xgboost,signal_embedding_stack,xgboost_default,PAIRED_ENGLISH::paired_english::m26_190524_100859_cell1::KiloSort2::0,PAIRED_ENGLISH::paired_english::m26_190524_100859_cell1,PAIRED_ENGLISH,0.38315988647114474,0.57844317,0.1952832831226663
main,fpos,wf_acg_embed_anchor_stack_xgboost,signal_embedding_stack,xgboost_default,PAIRED_ENGLISH::paired_english::m57_191105_141906::IronClust::6,PAIRED_ENGLISH::paired_english::m57_191105_141906,PAIRED_ENGLISH,0.31826625386996904,0.37898538,0.06071912129597029
main,fpos,wf_acg_embed_anchor_stack_xgboost,signal_embedding_stack,xgboost_default,PAIRED_ENGLISH::paired_english::m57_191105_141906::KiloSort::47,PAIRED_ENGLISH::paired_english::m57_191105_141906,PAIRED_ENGLISH,0.35376344086021505,0.3733801,0.01961665390640177
main,fpos,wf_acg_embed_anchor_stack_xgboost,signal_embedding_stack,xgboost_default,PAIRED_ENGLISH::paired_english::m57_191105_141906::MountainSort4::21,PAIRED_ENGLISH::paired_english::m57_191105_141906,PAIRED_ENGLISH,0.3323335332933413,0.47629032,0.14395678209629187
main,fpos,wf_acg_embed_anchor_stack_xgboost,signal_embedding_stack,xgboost_default,PAIRED_ENGLISH::paired_english::m57_191105_141906::MountainSort4::57,PAIRED_ENGLISH::paired_english::m57_191105_141906,PAIRED_ENGLISH,0.23853211009174313,0.44522896,0.20669685399860416
main,fpos,wf_acg_embed_anchor_stack_xgboost,signal_embedding_stack,xgboost_default,PAIRED_ENGLISH::paired_english::m57_191105_141906::SpykingCircus::12,PAIRED_ENGLISH::paired_english::m57_191105_141906,PAIRED_ENGLISH,0.3535228677379481,0.50923294,0.15571007055169422
main,fpos,wf_acg_embed_anchor_stack_xgboost,signal_embedding_stack,xgboost_default,PAIRED_ENGLISH::paired_english::m57_191105_141906::SpykingCircus::30,PAIRED_ENGLISH::paired_english::m57_191105_141906,PAIRED_ENGLISH,0.2040332147093713,0.25597858,0.05194536958017948
main,fpos,wf_acg_embed_anchor_stack_xgboost,signal_embedding_stack,xgboost_default,PAIRED_ENGLISH::paired_english::m57_191105_153915::IronClust::4,PAIRED_ENGLISH::paired_english::m57_191105_153915,PAIRED_ENGLISH,0.21239873194786896,0.44783095,0.23543221330550324
main,fpos,wf_acg_embed_anchor_stack_xgboost,signal_embedding_stack,xgboost_default,PAIRED_ENGLISH::paired_english::m57_191105_153915::KiloSort::52,PAIRED_ENGLISH::paired_english::m57_191105_153915,PAIRED_ENGLISH,0.25900831536803204,0.49537343,0.23636511249985737
main,fpos,wf_acg_embed_anchor_stack_xgboost,signal_embedding_stack,xgboost_default,PAIRED_ENGLISH::paired_english::m57_191105_153915::KiloSort2::19,PAIRED_ENGLISH::paired_english::m57_191105_153915,PAIRED_ENGLISH,0.29264475743348983,0.5213093,0.22866455872480485
main,fpos,wf_acg_embed_anchor_stack_xgboost,signal_embedding_stack,xgboost_default,PAIRED_ENGLISH::paired_english::m57_191105_153915::MountainSort4::24,PAIRED_ENGLISH::paired_english::m57_191105_153915,PAIRED_ENGLISH,0.894797643343987,0.6865964,0.20820124975878196
main,fpos,wf_acg_embed_anchor_stack_xgboost,signal_embedding_stack,xgboost_default,PAIRED_ENGLISH::paired_english::m57_191105_153915::SpykingCircus::30,PAIRED_ENGLISH::paired_english::m57_191105_153915,PAIRED_ENGLISH,0.38353953738569124,0.51707804,0.13353850464464323
main,fpos,wf_acg_embed_anchor_stack_xgboost,signal_embedding_stack,xgboost_default,PAIRED_ENGLISH::paired_english::m57_191105_160026::HerdingSpikes2::1,PAIRED_ENGLISH::paired_english::m57_191105_160026,PAIRED_ENGLISH,0.13630229419703105,0.38210815,0.24580585771565816
main,fpos,wf_acg_embed_anchor_stack_xgboost,signal_embedding_stack,xgboost_default,PAIRED_ENGLISH::paired_english::m57_191105_160026::IronClust::2,PAIRED_ENGLISH::paired_english::m57_191105_160026,PAIRED_ENGLISH,0.5044008124576845,0.34141466,0.16298615224230673
main,fpos,wf_acg_embed_anchor_stack_xgboost,signal_embedding_stack,xgboost_default,PAIRED_ENGLISH::paired_english::m57_191105_160026::IronClust::3,PAIRED_ENGLISH::paired_english::m57_191105_160026,PAIRED_ENGLISH,0.05838815789473684,0.4343094,0.3759212352727589
main,fpos,wf_acg_embed_anchor_stack_xgboost,signal_embedding_stack,xgboost_default,PAIRED_ENGLISH::paired_english::m57_191105_160026::KiloSort::127,PAIRED_ENGLISH::paired_english::m57_191105_160026,PAIRED_ENGLISH,0.5003422313483915,0.43063933,0.0697029047759733
main,fpos,wf_acg_embed_anchor_stack_xgboost,signal_embedding_stack,xgboost_default,PAIRED_ENGLISH::paired_english::m57_191105_160026::KiloSort::6,PAIRED_ENGLISH::paired_english::m57_191105_160026,PAIRED_ENGLISH,0.02531645569620253,0.38896453,0.3636480781096446
main,fpos,wf_acg_embed_anchor_stack_xgboost,signal_embedding_stack,xgboost_default,PAIRED_ENGLISH::paired_english::m57_191105_160026::MountainSort4::23,PAIRED_ENGLISH::paired_english::m57_191105_160026,PAIRED_ENGLISH,0.6737967914438503,0.35412726,0.3196695333814876
main,fpos,wf_acg_embed_anchor_stack_xgboost,signal_embedding_stack,xgboost_default,PAIRED_ENGLISH::paired_english::m57_191105_160026::MountainSort4::25,PAIRED_ENGLISH::paired_english::m57_191105_160026,PAIRED_ENGLISH,0.14568081991215226,0.43243974,0.2867589245603514
main,fpos,wf_acg_embed_anchor_stack_xgboost,signal_embedding_stack,xgboost_default,PAIRED_ENGLISH::paired_english::m57_191105_160026::SpykingCircus::2,PAIRED_ENGLISH::paired_english::m57_191105_160026,PAIRED_ENGLISH,0.6860282574568289,0.49795082,0.18807743534188448
main,fpos,wf_acg_embed_anchor_stack_xgboost,signal_embedding_stack,xgboost_default,PAIRED_ENGLISH::paired_english::m57_191105_160026::SpykingCircus::4,PAIRED_ENGLISH::paired_english::m57_191105_160026,PAIRED_ENGLISH,0.056790123456790124,0.4589643,0.40217416477792056
main,fpos,wf_acg_embed_anchor_stack_xgboost,signal_embedding_stack,xgboost_default,PAIRED_ENGLISH::paired_english::m57_191105_160026::Tridesclous::0,PAIRED_ENGLISH::paired_english::m57_191105_160026,PAIRED_ENGLISH,0.8589226823012093,0.61787975,0.24104293395678789
main,fpos,wf_acg_embed_anchor_stack_xgboost,signal_embedding_stack,xgboost_default,PAIRED_KAMPFF::paired_kampff::2014_11_25_Pair_3_0::HerdingSpikes2::13,PAIRED_KAMPFF::paired_kampff::2014_11_25_Pair_3_0,PAIRED_KAMPFF,0.025714285714285714,0.067346,0.04163171346698488
main,fpos,wf_acg_embed_anchor_stack_xgboost,signal_embedding_stack,xgboost_default,PAIRED_KAMPFF::paired_kampff::2014_11_25_Pair_3_0::IronClust::2,PAIRED_KAMPFF::paired_kampff::2014_11_25_Pair_3_0,PAIRED_KAMPFF,0.017241379310344827,0.06340484,0.046163463900829184
main,fpos,wf_acg_embed_anchor_stack_xgboost,signal_embedding_stack,xgboost_default,PAIRED_KAMPFF::paired_kampff::2014_11_25_Pair_3_0::KiloSort::11,PAIRED_KAMPFF::paired_kampff::2014_11_25_Pair_3_0,PAIRED_KAMPFF,0.6041426927502876,0.3380233,0.2661193878110176
main,fpos,wf_acg_embed_anchor_stack_xgboost,signal_embedding_stack,xgboost_default,PAIRED_KAMPFF::paired_kampff::2014_11_25_Pair_3_0::KiloSort2::7,PAIRED_KAMPFF::paired_kampff::2014_11_25_Pair_3_0,PAIRED_KAMPFF,0.005763688760806916,0.07147646,0.06571277074236691
main,fpos,wf_acg_embed_anchor_stack_xgboost,signal_embedding_stack,xgboost_default,PAIRED_KAMPFF::paired_kampff::2014_11_25_Pair_3_0::MountainSort4::5,PAIRED_KAMPFF::paired_kampff::2014_11_25_Pair_3_0,PAIRED_KAMPFF,0.025280898876404494,0.1937281,0.16844720535733726
main,fpos,wf_acg_embed_anchor_stack_xgboost,signal_embedding_stack,xgboost_default,PAIRED_KAMPFF::paired_kampff::2014_11_25_Pair_3_0::SpykingCircus::0,PAIRED_KAMPFF::paired_kampff::2014_11_25_Pair_3_0,PAIRED_KAMPFF,0.04696132596685083,0.20020284,0.15324151161955207
main,fpos,wf_acg_embed_anchor_stack_xgboost,signal_embedding_stack,xgboost_default,PAIRED_KAMPFF::paired_kampff::2015_09_03_Pair_9_0A::HerdingSpikes2::3,PAIRED_KAMPFF::paired_kampff::2015_09_03_Pair_9_0A,PAIRED_KAMPFF,0.009163346613545816,0.22346109,0.21429774490485629
main,fpos,wf_acg_embed_anchor_stack_xgboost,signal_embedding_stack,xgboost_default,PAIRED_KAMPFF::paired_kampff::2015_09_03_Pair_9_0A::HerdingSpikes2::5,PAIRED_KAMPFF::paired_kampff::2015_09_03_Pair_9_0A,PAIRED_KAMPFF,0.25625,0.2816888,0.025438809394836448
main,fpos,wf_acg_embed_anchor_stack_xgboost,signal_embedding_stack,xgboost_default,PAIRED_KAMPFF::paired_kampff::2015_09_03_Pair_9_0A::IronClust::4,PAIRED_KAMPFF::paired_kampff::2015_09_03_Pair_9_0A,PAIRED_KAMPFF,0.050854353132628156,0.17114902,0.12029466229400759
main,fpos,wf_acg_embed_anchor_stack_xgboost,signal_embedding_stack,xgboost_default,PAIRED_KAMPFF::paired_kampff::2015_09_03_Pair_9_0A::JRClust::28,PAIRED_KAMPFF::paired_kampff::2015_09_03_Pair_9_0A,PAIRED_KAMPFF,0.009279717189571365,0.13295539,0.12367567004511644
main,fpos,wf_acg_embed_anchor_stack_xgboost,signal_embedding_stack,xgboost_default,PAIRED_KAMPFF::paired_kampff::2015_09_03_Pair_9_0A::KiloSort::21,PAIRED_KAMPFF::paired_kampff::2015_09_03_Pair_9_0A,PAIRED_KAMPFF,0.029197080291970802,0.092452556,0.06325547560288089
main,fpos,wf_acg_embed_anchor_stack_xgboost,signal_embedding_stack,xgboost_default,PAIRED_KAMPFF::paired_kampff::2015_09_03_Pair_9_0A::KiloSort2::28,PAIRED_KAMPFF::paired_kampff::2015_09_03_Pair_9_0A,PAIRED_KAMPFF,0.04792983887415868,0.1016053,0.05367546471137065
main,fpos,wf_acg_embed_anchor_stack_xgboost,signal_embedding_stack,xgboost_default,PAIRED_KAMPFF::paired_kampff::2015_09_03_Pair_9_0A::KiloSort2::50,PAIRED_KAMPFF::paired_kampff::2015_09_03_Pair_9_0A,PAIRED_KAMPFF,0.6547535622518104,0.49909207,0.1556614900033515
main,fpos,wf_acg_embed_anchor_stack_xgboost,signal_embedding_stack,xgboost_default,PAIRED_KAMPFF::paired_kampff::2015_09_03_Pair_9_0A::MountainSort4::16,PAIRED_KAMPFF::paired_kampff::2015_09_03_Pair_9_0A,PAIRED_KAMPFF,0.020110410094637224,0.16399479,0.14388437902889795
main,fpos,wf_acg_embed_anchor_stack_xgboost,signal_embedding_stack,xgboost_default,PAIRED_KAMPFF::paired_kampff::2015_09_03_Pair_9_0A::MountainSort4::18,PAIRED_KAMPFF::paired_kampff::2015_09_03_Pair_9_0A,PAIRED_KAMPFF,0.2709109380291229,0.26013115,0.010779787545037833
main,fpos,wf_acg_embed_anchor_stack_xgboost,signal_embedding_stack,xgboost_default,PAIRED_KAMPFF::paired_kampff::2015_09_03_Pair_9_0A::SpykingCircus::8,PAIRED_KAMPFF::paired_kampff::2015_09_03_Pair_9_0A,PAIRED_KAMPFF,0.028595282821957838,0.079218864,0.050623581618960134
main,fpos,wf_acg_embed_anchor_stack_xgboost,signal_embedding_stack,xgboost_default,PAIRED_KAMPFF::paired_kampff::2015_09_03_Pair_9_0A::Tridesclous::0,PAIRED_KAMPFF::paired_kampff::2015_09_03_Pair_9_0A,PAIRED_KAMPFF,0.006899350649350649,0.10809831,0.10119896256304406
main,fpos,wf_acg_embed_anchor_stack_xgboost,signal_embedding_stack,xgboost_default,PAIRED_KAMPFF::paired_kampff::2015_09_03_Pair_9_0A::Tridesclous::2,PAIRED_KAMPFF::paired_kampff::2015_09_03_Pair_9_0A,PAIRED_KAMPFF,0.15755883526126846,0.26159543,0.10403659272869126
main,fpos,wf_acg_embed_anchor_stack_xgboost,signal_embedding_stack,xgboost_default,PAIRED_KAMPFF::paired_kampff::2015_09_03_Pair_9_0B::HerdingSpikes2::4,PAIRED_KAMPFF::paired_kampff::2015_09_03_Pair_9_0B,PAIRED_KAMPFF,0.05299492385786802,0.249705,0.19671007785397737
main,fpos,wf_acg_embed_anchor_stack_xgboost,signal_embedding_stack,xgboost_default,PAIRED_KAMPFF::paired_kampff::2015_09_03_Pair_9_0B::IronClust::4,PAIRED_KAMPFF::paired_kampff::2015_09_03_Pair_9_0B,PAIRED_KAMPFF,0.04985754985754986,0.111049384,0.06119183402115803
main,fpos,wf_acg_embed_anchor_stack_xgboost,signal_embedding_stack,xgboost_default,PAIRED_KAMPFF::paired_kampff::2015_09_03_Pair_9_0B::JRClust::21,PAIRED_KAMPFF::paired_kampff::2015_09_03_Pair_9_0B,PAIRED_KAMPFF,0.0070407040704070405,0.09141208,0.08437137824408424
main,fpos,wf_acg_embed_anchor_stack_xgboost,signal_embedding_stack,xgboost_default,PAIRED_KAMPFF::paired_kampff::2015_09_03_Pair_9_0B::KiloSort::6,PAIRED_KAMPFF::paired_kampff::2015_09_03_Pair_9_0B,PAIRED_KAMPFF,0.040098704503392965,0.08788047,0.04778176535525343
main,fpos,wf_acg_embed_anchor_stack_xgboost,signal_embedding_stack,xgboost_default,PAIRED_KAMPFF::paired_kampff::2015_09_03_Pair_9_0B::KiloSort2::26,PAIRED_KAMPFF::paired_kampff::2015_09_03_Pair_9_0B,PAIRED_KAMPFF,0.05909764880321966,0.10058358,0.04148593431331171
main,fpos,wf_acg_embed_anchor_stack_xgboost,signal_embedding_stack,xgboost_default,PAIRED_KAMPFF::paired_kampff::2015_09_03_Pair_9_0B::MountainSort4::11,PAIRED_KAMPFF::paired_kampff::2015_09_03_Pair_9_0B,PAIRED_KAMPFF,0.06803218727139722,0.15610304,0.08807085747690906
main,fpos,wf_acg_embed_anchor_stack_xgboost,signal_embedding_stack,xgboost_default,PAIRED_KAMPFF::paired_kampff::2015_09_03_Pair_9_0B::MountainSort4::12,PAIRED_KAMPFF::paired_kampff::2015_09_03_Pair_9_0B,PAIRED_KAMPFF,0.16717909300538047,0.23465623,0.06747713660983101
main,fpos,wf_acg_embed_anchor_stack_xgboost,signal_embedding_stack,xgboost_default,PAIRED_KAMPFF::paired_kampff::2015_09_03_Pair_9_0B::SpykingCircus::8,PAIRED_KAMPFF::paired_kampff::2015_09_03_Pair_9_0B,PAIRED_KAMPFF,0.7944485429730727,0.568295,0.22615354098943008
main,fpos,wf_acg_embed_anchor_stack_xgboost,signal_embedding_stack,xgboost_default,PAIRED_KAMPFF::paired_kampff::2015_09_03_Pair_9_0B::SpykingCircus::9,PAIRED_KAMPFF::paired_kampff::2015_09_03_Pair_9_0B,PAIRED_KAMPFF,0.04577033101757254,0.10224223,0.05647190035144602
main,fpos,wf_acg_embed_anchor_stack_xgboost,signal_embedding_stack,xgboost_default,PAIRED_KAMPFF::paired_kampff::2015_09_03_Pair_9_0B::Tridesclous::0,PAIRED_KAMPFF::paired_kampff::2015_09_03_Pair_9_0B,PAIRED_KAMPFF,0.008339124391938846,0.14116706,0.13282793514880975
main,fpos,wf_acg_embed_anchor_stack_xgboost,signal_embedding_stack,xgboost_default,PAIRED_KAMPFF::paired_kampff::2015_09_03_Pair_9_0B::Tridesclous::2,PAIRED_KAMPFF::paired_kampff::2015_09_03_Pair_9_0B,PAIRED_KAMPFF,0.13492450073063808,0.22243142,0.08750692054926915
main,fpos,wf_acg_embed_anchor_stack_xgboost,signal_embedding_stack,xgboost_default,PAIRED_KAMPFF::paired_kampff::c14::HerdingSpikes2::6,PAIRED_KAMPFF::paired_kampff::c14,PAIRED_KAMPFF,0.25090444775484144,0.20642093,0.044483519515019054
main,fpos,wf_acg_embed_anchor_stack_xgboost,signal_embedding_stack,xgboost_default,PAIRED_KAMPFF::paired_kampff::c14::IronClust::22,PAIRED_KAMPFF::paired_kampff::c14,PAIRED_KAMPFF,0.2240655987795576,0.1856894,0.03837619417273844
main,fpos,wf_acg_embed_anchor_stack_xgboost,signal_embedding_stack,xgboost_default,PAIRED_KAMPFF::paired_kampff::c14::KiloSort2::37,PAIRED_KAMPFF::paired_kampff::c14,PAIRED_KAMPFF,0.23899885489939474,0.2218772,0.017121652507770285
main,fpos,wf_acg_embed_anchor_stack_xgboost,signal_embedding_stack,xgboost_default,PAIRED_KAMPFF::paired_kampff::c14::MountainSort4::42,PAIRED_KAMPFF::paired_kampff::c14,PAIRED_KAMPFF,0.031842105263157894,0.10663977,0.07479766739042182
main,fpos,wf_acg_embed_anchor_stack_xgboost,signal_embedding_stack,xgboost_default,PAIRED_KAMPFF::paired_kampff::c14::SpykingCircus::14,PAIRED_KAMPFF::paired_kampff::c14,PAIRED_KAMPFF,0.0993841579953281,0.17785981,0.07847565497960171
main,fpos,wf_acg_embed_anchor_stack_xgboost,signal_embedding_stack,xgboost_default,PAIRED_KAMPFF::paired_kampff::c14::Tridesclous::8,PAIRED_KAMPFF::paired_kampff::c14,PAIRED_KAMPFF,0.7298130782302221,0.42661017,0.30320290643533077
