comparison,row_uid,recording_key,study_set,dataset_type,domain_label,pc1,pc2,pc3
hybrid_vs_paired_all,HYBRID_JANELIA::hybrid_static_tetrode::rec_4c_1200s_21::JRClust::6,HYBRID_JANELIA::hybrid_static_tetrode::rec_4c_1200s_21,HYBRID_JANELIA,hybrid,domain_a,-2.5722342540044063,-2.0983137526133224,1.2889918651035979
hybrid_vs_paired_all,HYBRID_JANELIA::hybrid_drift_siprobe::rec_16c_600s_32::MountainSort4::90,HYBRID_JANELIA::hybrid_drift_siprobe::rec_16c_600s_32,HYBRID_JANELIA,hybrid,domain_a,-4.156464588734423,-2.9244784033326203,3.2702385216889764
hybrid_vs_paired_all,HYBRID_JANELIA::hybrid_static_siprobe::rec_32c_600s_22::SpykingCircus::23,HYBRID_JANELIA::hybrid_static_siprobe::rec_32c_600s_22,HYBRID_JANELIA,hybrid,domain_a,-2.59525809257023,-2.109602180511785,1.3680534235673045
hybrid_vs_paired_all,HYBRID_JANELIA::hybrid_static_siprobe::rec_64c_1200s_11::Tridesclous::59,HYBRID_JANELIA::hybrid_static_siprobe::rec_64c_1200s_11,HYBRID_JANELIA,hybrid,domain_a,-3.166631528288045,-1.846853500720728,1.4254323282449117
hybrid_vs_paired_all,HYBRID_JANELIA::hybrid_static_siprobe::rec_32c_600s_32::KiloSort2::9,HYBRID_JANELIA::hybrid_static_siprobe::rec_32c_600s_32,HYBRID_JANELIA,hybrid,domain_a,-4.750867633411016,-0.9377979806967255,3.2567099027145208
hybrid_vs_paired_all,HYBRID_JANELIA::hybrid_drift_siprobe::rec_16c_600s_12::KiloSort2::9,HYBRID_JANELIA::hybrid_drift_siprobe::rec_16c_600s_12,HYBRID_JANELIA,hybrid,domain_a,-3.0878351029736453,-1.9479296131025599,1.9580111609840785
hybrid_vs_paired_all,HYBRID_JANELIA::hybrid_drift_siprobe::rec_16c_600s_22::JRClust::22,HYBRID_JANELIA::hybrid_drift_siprobe::rec_16c_600s_22,HYBRID_JANELIA,hybrid,domain_a,-2.8304981484025413,-1.2350616172328226,1.2396679234303418
hybrid_vs_paired_all,HYBRID_JANELIA::hybrid_static_siprobe::rec_32c_600s_21::KiloSort2::2,HYBRID_JANELIA::hybrid_static_siprobe::rec_32c_600s_21,HYBRID_JANELIA,hybrid,domain_a,-2.998755954972313,-2.1028362534962337,1.735795181790729
hybrid_vs_paired_all,HYBRID_JANELIA::hybrid_static_siprobe::rec_32c_600s_31::HerdingSpikes2::70,HYBRID_JANELIA::hybrid_static_siprobe::rec_32c_600s_31,HYBRID_JANELIA,hybrid,domain_a,-1.71693194705182,0.8899708283840971,1.6731263137455514
hybrid_vs_paired_all,HYBRID_JANELIA::hybrid_drift_siprobe::rec_32c_600s_31::IronClust::22,HYBRID_JANELIA::hybrid_drift_siprobe::rec_32c_600s_31,HYBRID_JANELIA,hybrid,domain_a,-3.161509574419023,-1.8888986538980017,2.4013119209945506
hybrid_vs_paired_all,HYBRID_JANELIA::hybrid_drift_siprobe::rec_64c_1200s_11::MountainSort4::41,HYBRID_JANELIA::hybrid_drift_siprobe::rec_64c_1200s_11,HYBRID_JANELIA,hybrid,domain_a,-3.9224021671154223,-2.859655770511562,2.8828707333168944
hybrid_vs_paired_all,HYBRID_JANELIA::hybrid_drift_siprobe::rec_32c_600s_32::JRClust::95,HYBRID_JANELIA::hybrid_drift_siprobe::rec_32c_600s_32,HYBRID_JANELIA,hybrid,domain_a,-2.7461764860470166,-0.9029473547324072,1.4219983545623276
hybrid_vs_paired_all,HYBRID_JANELIA::hybrid_drift_siprobe::rec_32c_600s_11::IronClust::24,HYBRID_JANELIA::hybrid_drift_siprobe::rec_32c_600s_11,HYBRID_JANELIA,hybrid,domain_a,-3.236264963902845,-2.4708940369405146,2.389154867093407
hybrid_vs_paired_all,HYBRID_JANELIA::hybrid_drift_siprobe::rec_64c_600s_11::Tridesclous::84,HYBRID_JANELIA::hybrid_drift_siprobe::rec_64c_600s_11,HYBRID_JANELIA,hybrid,domain_a,-3.000594151892244,-0.5163120073438011,0.5491923536430384
hybrid_vs_paired_all,HYBRID_JANELIA::hybrid_static_siprobe::rec_32c_1200s_21::Tridesclous::16,HYBRID_JANELIA::hybrid_static_siprobe::rec_32c_1200s_21,HYBRID_JANELIA,hybrid,domain_a,-2.5844985763730235,-0.8727426313709217,-1.024577651207245
hybrid_vs_paired_all,HYBRID_JANELIA::hybrid_drift_siprobe::rec_64c_600s_12::Tridesclous::56,HYBRID_JANELIA::hybrid_drift_siprobe::rec_64c_600s_12,HYBRID_JANELIA,hybrid,domain_a,-3.2783065986760107,-2.8266726770097526,2.2394130127634058
hybrid_vs_paired_all,HYBRID_JANELIA::hybrid_static_siprobe::rec_32c_600s_31::KiloSort::101,HYBRID_JANELIA::hybrid_static_siprobe::rec_32c_600s_31,HYBRID_JANELIA,hybrid,domain_a,-2.928200640127035,-1.9766637868165213,0.46054704644671035
hybrid_vs_paired_all,HYBRID_JANELIA::hybrid_static_tetrode::rec_4c_1200s_21::HerdingSpikes2::13,HYBRID_JANELIA::hybrid_static_tetrode::rec_4c_1200s_21,HYBRID_JANELIA,hybrid,domain_a,-2.0649119281377044,-1.201372572012265,2.0044946738163336
hybrid_vs_paired_all,HYBRID_JANELIA::hybrid_static_siprobe::rec_32c_1200s_21::MountainSort4::45,HYBRID_JANELIA::hybrid_static_siprobe::rec_32c_1200s_21,HYBRID_JANELIA,hybrid,domain_a,-4.005496509373136,-1.6070158280928881,2.4806501904919216
hybrid_vs_paired_all,HYBRID_JANELIA::hybrid_static_siprobe::rec_64c_600s_11::SpykingCircus::75,HYBRID_JANELIA::hybrid_static_siprobe::rec_64c_600s_11,HYBRID_JANELIA,hybrid,domain_a,-2.9994308305032296,-2.117532789500148,0.03183388817487938
hybrid_vs_paired_all,HYBRID_JANELIA::hybrid_drift_siprobe::rec_32c_600s_22::IronClust::19,HYBRID_JANELIA::hybrid_drift_siprobe::rec_32c_600s_22,HYBRID_JANELIA,hybrid,domain_a,-3.3479491054044366,-1.5893133663153691,2.5315608047938323
hybrid_vs_paired_all,HYBRID_JANELIA::hybrid_drift_siprobe::rec_32c_600s_21::JRClust::73,HYBRID_JANELIA::hybrid_drift_siprobe::rec_32c_600s_21,HYBRID_JANELIA,hybrid,domain_a,-2.3983637615469187,-0.487751136035886,2.159062781330228
hybrid_vs_paired_all,HYBRID_JANELIA::hybrid_drift_siprobe::rec_32c_600s_12::JRClust::27,HYBRID_JANELIA::hybrid_drift_siprobe::rec_32c_600s_12,HYBRID_JANELIA,hybrid,domain_a,-2.542731117059483,-1.6032563055971183,1.3837542537573508
hybrid_vs_paired_all,HYBRID_JANELIA::hybrid_static_siprobe::rec_16c_1200s_21::HerdingSpikes2::7,HYBRID_JANELIA::hybrid_static_siprobe::rec_16c_1200s_21,HYBRID_JANELIA,hybrid,domain_a,-3.0805802406977145,-1.6333288963767016,-0.19875379738875934
hybrid_vs_paired_all,HYBRID_JANELIA::hybrid_drift_siprobe::rec_32c_1200s_11::MountainSort4::41,HYBRID_JANELIA::hybrid_drift_siprobe::rec_32c_1200s_11,HYBRID_JANELIA,hybrid,domain_a,-2.671084500872144,-2.497142444641185,4.296268063134581
hybrid_vs_paired_all,HYBRID_JANELIA::hybrid_static_tetrode::rec_4c_600s_21::MountainSort4::8,HYBRID_JANELIA::hybrid_static_tetrode::rec_4c_600s_21,HYBRID_JANELIA,hybrid,domain_a,-2.4054450084942025,-2.2710572844526897,1.3599108165512064
hybrid_vs_paired_all,HYBRID_JANELIA::hybrid_drift_siprobe::rec_64c_600s_11::MountainSort4::229,HYBRID_JANELIA::hybrid_drift_siprobe::rec_64c_600s_11,HYBRID_JANELIA,hybrid,domain_a,-2.6114900725517343,-1.6091515744631282,1.566326714533888
hybrid_vs_paired_all,HYBRID_JANELIA::hybrid_static_siprobe::rec_64c_600s_12::IronClust::17,HYBRID_JANELIA::hybrid_static_siprobe::rec_64c_600s_12,HYBRID_JANELIA,hybrid,domain_a,-3.026242952301394,-2.543173167607697,1.843283868281691
hybrid_vs_paired_all,HYBRID_JANELIA::hybrid_static_siprobe::rec_32c_600s_12::MountainSort4::26,HYBRID_JANELIA::hybrid_static_siprobe::rec_32c_600s_12,HYBRID_JANELIA,hybrid,domain_a,-2.8417746690416457,-3.4306536248478916,4.641562125692145
hybrid_vs_paired_all,HYBRID_JANELIA::hybrid_static_siprobe::rec_64c_1200s_11::JRClust::51,HYBRID_JANELIA::hybrid_static_siprobe::rec_64c_1200s_11,HYBRID_JANELIA,hybrid,domain_a,-2.9250256736445577,-2.3666364214959126,1.8454588407740016
hybrid_vs_paired_all,HYBRID_JANELIA::hybrid_drift_siprobe::rec_32c_600s_32::Tridesclous::22,HYBRID_JANELIA::hybrid_drift_siprobe::rec_32c_600s_32,HYBRID_JANELIA,hybrid,domain_a,-2.736497182752878,-1.8135684314107332,1.9995198283092384
hybrid_vs_paired_all,HYBRID_JANELIA::hybrid_static_siprobe::rec_32c_600s_11::MountainSort4::54,HYBRID_JANELIA::hybrid_static_siprobe::rec_32c_600s_11,HYBRID_JANELIA,hybrid,domain_a,-3.995688656385554,-2.6359863248460282,2.9996591866774707
hybrid_vs_paired_all,HYBRID_JANELIA::hybrid_static_siprobe::rec_64c_600s_11::HerdingSpikes2::125,HYBRID_JANELIA::hybrid_static_siprobe::rec_64c_600s_11,HYBRID_JANELIA,hybrid,domain_a,-2.4906375706150836,0.4162408634479322,1.4423903383210086
hybrid_vs_paired_all,HYBRID_JANELIA::hybrid_drift_tetrode::rec_4c_600s_22::Tridesclous::7,HYBRID_JANELIA::hybrid_drift_tetrode::rec_4c_600s_22,HYBRID_JANELIA,hybrid,domain_a,-2.302322268077407,-1.0793288270281807,0.6143243312858738
hybrid_vs_paired_all,HYBRID_JANELIA::hybrid_static_siprobe::rec_32c_1200s_31::MountainSort4::145,HYBRID_JANELIA::hybrid_static_siprobe::rec_32c_1200s_31,HYBRID_JANELIA,hybrid,domain_a,-2.2566118569414795,-1.2493616502942269,-0.39942886842602826
hybrid_vs_paired_all,HYBRID_JANELIA::hybrid_drift_siprobe::rec_32c_600s_11::JRClust::85,HYBRID_JANELIA::hybrid_drift_siprobe::rec_32c_600s_11,HYBRID_JANELIA,hybrid,domain_a,-3.169044651960707,-1.9278504569516355,2.9898849333725517
hybrid_vs_paired_all,HYBRID_JANELIA::hybrid_drift_siprobe::rec_64c_1200s_11::MountainSort4::12,HYBRID_JANELIA::hybrid_drift_siprobe::rec_64c_1200s_11,HYBRID_JANELIA,hybrid,domain_a,-3.4907290775577042,-2.793968403016697,2.3780620253365217
hybrid_vs_paired_all,HYBRID_JANELIA::hybrid_drift_siprobe::rec_32c_600s_31::SpykingCircus::11,HYBRID_JANELIA::hybrid_drift_siprobe::rec_32c_600s_31,HYBRID_JANELIA,hybrid,domain_a,-2.7637095585072413,-1.7903398126237113,1.9199974411287557
hybrid_vs_paired_all,HYBRID_JANELIA::hybrid_drift_siprobe::rec_32c_600s_31::KiloSort::92,HYBRID_JANELIA::hybrid_drift_siprobe::rec_32c_600s_31,HYBRID_JANELIA,hybrid,domain_a,-2.848866264795012,-1.836564276963449,1.613332077238973
hybrid_vs_paired_all,HYBRID_JANELIA::hybrid_static_siprobe::rec_32c_1200s_21::HerdingSpikes2::0,HYBRID_JANELIA::hybrid_static_siprobe::rec_32c_1200s_21,HYBRID_JANELIA,hybrid,domain_a,-2.580702350081591,-1.3997044122730797,0.585957977654186
hybrid_vs_paired_all,HYBRID_JANELIA::hybrid_drift_siprobe::rec_32c_600s_32::KiloSort2::0,HYBRID_JANELIA::hybrid_drift_siprobe::rec_32c_600s_32,HYBRID_JANELIA,hybrid,domain_a,-3.0979822302371067,-1.8977831003768841,1.1831794573923693
hybrid_vs_paired_all,HYBRID_JANELIA::hybrid_static_siprobe::rec_16c_1200s_11::Tridesclous::4,HYBRID_JANELIA::hybrid_static_siprobe::rec_16c_1200s_11,HYBRID_JANELIA,hybrid,domain_a,-2.722226148085188,-2.3104434308459694,2.2552873260745443
hybrid_vs_paired_all,HYBRID_JANELIA::hybrid_static_tetrode::rec_4c_600s_21::IronClust::6,HYBRID_JANELIA::hybrid_static_tetrode::rec_4c_600s_21,HYBRID_JANELIA,hybrid,domain_a,-2.431023999847209,-1.9302729822252158,1.9948516409574608
hybrid_vs_paired_all,HYBRID_JANELIA::hybrid_drift_siprobe::rec_64c_1200s_11::KiloSort::107,HYBRID_JANELIA::hybrid_drift_siprobe::rec_64c_1200s_11,HYBRID_JANELIA,hybrid,domain_a,-2.988812810367626,-2.1180901772511334,1.255647868727097
hybrid_vs_paired_all,HYBRID_JANELIA::hybrid_drift_siprobe::rec_64c_600s_11::JRClust::37,HYBRID_JANELIA::hybrid_drift_siprobe::rec_64c_600s_11,HYBRID_JANELIA,hybrid,domain_a,-2.477752535395604,-2.1001727945908915,0.9041085556052267
hybrid_vs_paired_all,HYBRID_JANELIA::hybrid_static_siprobe::rec_32c_600s_12::KiloSort2::27,HYBRID_JANELIA::hybrid_static_siprobe::rec_32c_600s_12,HYBRID_JANELIA,hybrid,domain_a,-2.8826755857923905,-1.9095337492150661,1.9697457028303147
hybrid_vs_paired_all,HYBRID_JANELIA::hybrid_static_siprobe::rec_64c_600s_11::IronClust::12,HYBRID_JANELIA::hybrid_static_siprobe::rec_64c_600s_11,HYBRID_JANELIA,hybrid,domain_a,-3.7067918976606347,-2.93840621389642,2.3003687377862536
hybrid_vs_paired_all,HYBRID_JANELIA::hybrid_drift_siprobe::rec_64c_600s_12::KiloSort2::52,HYBRID_JANELIA::hybrid_drift_siprobe::rec_64c_600s_12,HYBRID_JANELIA,hybrid,domain_a,-3.555866277936939,-1.1688661628286505,1.0970505459338367
hybrid_vs_paired_all,HYBRID_JANELIA::hybrid_static_siprobe::rec_64c_600s_11::Tridesclous::14,HYBRID_JANELIA::hybrid_static_siprobe::rec_64c_600s_11,HYBRID_JANELIA,hybrid,domain_a,-2.6048869323556145,-2.4646095505259336,0.000757420268882493
hybrid_vs_paired_all,HYBRID_JANELIA::hybrid_drift_siprobe::rec_64c_600s_11::SpykingCircus::54,HYBRID_JANELIA::hybrid_drift_siprobe::rec_64c_600s_11,HYBRID_JANELIA,hybrid,domain_a,-3.469265150963022,-2.3874837404517835,1.344950222122972
hybrid_vs_paired_all,HYBRID_JANELIA::hybrid_drift_siprobe::rec_32c_600s_12::MountainSort4::2,HYBRID_JANELIA::hybrid_drift_siprobe::rec_32c_600s_12,HYBRID_JANELIA,hybrid,domain_a,-2.8457136494316337,-1.749971346446104,0.9488184916089429
hybrid_vs_paired_all,HYBRID_JANELIA::hybrid_drift_siprobe::rec_32c_1200s_11::MountainSort4::68,HYBRID_JANELIA::hybrid_drift_siprobe::rec_32c_1200s_11,HYBRID_JANELIA,hybrid,domain_a,-2.3492934477541647,-1.3585356430230326,1.2587263103073567
hybrid_vs_paired_all,HYBRID_JANELIA::hybrid_drift_siprobe::rec_32c_600s_22::MountainSort4::66,HYBRID_JANELIA::hybrid_drift_siprobe::rec_32c_600s_22,HYBRID_JANELIA,hybrid,domain_a,-2.0696541902092855,-2.252756873569953,4.143151060980134
hybrid_vs_paired_all,HYBRID_JANELIA::hybrid_drift_siprobe::rec_16c_600s_21::MountainSort4::95,HYBRID_JANELIA::hybrid_drift_siprobe::rec_16c_600s_21,HYBRID_JANELIA,hybrid,domain_a,-2.36719992286831,-1.2217314726359625,1.0037349162712104
hybrid_vs_paired_all,HYBRID_JANELIA::hybrid_drift_siprobe::rec_16c_1200s_21::KiloSort2::35,HYBRID_JANELIA::hybrid_drift_siprobe::rec_16c_1200s_21,HYBRID_JANELIA,hybrid,domain_a,-2.3222510769341826,-1.679148366575759,1.1013706131988328
hybrid_vs_paired_all,HYBRID_JANELIA::hybrid_static_tetrode::rec_4c_1200s_31::MountainSort4::16,HYBRID_JANELIA::hybrid_static_tetrode::rec_4c_1200s_31,HYBRID_JANELIA,hybrid,domain_a,-3.519780024755891,-2.5196317282067966,3.020937607895258
hybrid_vs_paired_all,HYBRID_JANELIA::hybrid_drift_siprobe::rec_32c_600s_22::MountainSort4::48,HYBRID_JANELIA::hybrid_drift_siprobe::rec_32c_600s_22,HYBRID_JANELIA,hybrid,domain_a,-2.7151107093083744,-1.3400250684944683,2.5903050493386934
hybrid_vs_paired_all,HYBRID_JANELIA::hybrid_static_siprobe::rec_32c_600s_11::SpykingCircus::21,HYBRID_JANELIA::hybrid_static_siprobe::rec_32c_600s_11,HYBRID_JANELIA,hybrid,domain_a,-2.408645767642327,-2.2719216429075333,1.5676332712032273
hybrid_vs_paired_all,HYBRID_JANELIA::hybrid_drift_siprobe::rec_64c_600s_12::IronClust::89,HYBRID_JANELIA::hybrid_drift_siprobe::rec_64c_600s_12,HYBRID_JANELIA,hybrid,domain_a,-3.2534514807006336,-1.9828469758787066,1.9034416363902231
hybrid_vs_paired_all,HYBRID_JANELIA::hybrid_drift_siprobe::rec_32c_1200s_31::HerdingSpikes2::21,HYBRID_JANELIA::hybrid_drift_siprobe::rec_32c_1200s_31,HYBRID_JANELIA,hybrid,domain_a,-2.774692933509008,-1.6405457040441098,1.5504389016848537
hybrid_vs_paired_all,HYBRID_JANELIA::hybrid_drift_siprobe::rec_64c_600s_11::KiloSort::177,HYBRID_JANELIA::hybrid_drift_siprobe::rec_64c_600s_11,HYBRID_JANELIA,hybrid,domain_a,-2.8254269550941933,-2.075264963324747,2.602185744745934
hybrid_vs_paired_all,HYBRID_JANELIA::hybrid_drift_siprobe::rec_32c_600s_12::MountainSort4::142,HYBRID_JANELIA::hybrid_drift_siprobe::rec_32c_600s_12,HYBRID_JANELIA,hybrid,domain_a,-2.939743788669938,-1.3132502376548023,1.1031669633158991
hybrid_vs_paired_all,HYBRID_JANELIA::hybrid_static_siprobe::rec_16c_1200s_31::Tridesclous::4,HYBRID_JANELIA::hybrid_static_siprobe::rec_16c_1200s_31,HYBRID_JANELIA,hybrid,domain_a,-2.5287633188618814,-2.2305431599802645,1.3263455735020067
hybrid_vs_paired_all,HYBRID_JANELIA::hybrid_drift_siprobe::rec_16c_1200s_31::Tridesclous::16,HYBRID_JANELIA::hybrid_drift_siprobe::rec_16c_1200s_31,HYBRID_JANELIA,hybrid,domain_a,-2.5544621430337258,-1.926081854121997,1.7526538333640755
hybrid_vs_paired_all,HYBRID_JANELIA::hybrid_static_siprobe::rec_32c_600s_32::MountainSort4::74,HYBRID_JANELIA::hybrid_static_siprobe::rec_32c_600s_32,HYBRID_JANELIA,hybrid,domain_a,-2.2492031714813416,-1.5512488252394148,0.5281962699564439
hybrid_vs_paired_all,HYBRID_JANELIA::hybrid_drift_siprobe::rec_32c_1200s_11::JRClust::61,HYBRID_JANELIA::hybrid_drift_siprobe::rec_32c_1200s_11,HYBRID_JANELIA,hybrid,domain_a,-2.2010163911965104,-1.4103013518767158,0.5965001440365294
hybrid_vs_paired_all,HYBRID_JANELIA::hybrid_drift_siprobe::rec_64c_1200s_11::JRClust::118,HYBRID_JANELIA::hybrid_drift_siprobe::rec_64c_1200s_11,HYBRID_JANELIA,hybrid,domain_a,-2.6564289406267214,-2.145334860958739,1.6130526563245529
hybrid_vs_paired_all,HYBRID_JANELIA::hybrid_static_siprobe::rec_32c_1200s_21::JRClust::40,HYBRID_JANELIA::hybrid_static_siprobe::rec_32c_1200s_21,HYBRID_JANELIA,hybrid,domain_a,-2.942366305015346,-2.2683644267871528,2.2279881821295073
hybrid_vs_paired_all,HYBRID_JANELIA::hybrid_drift_siprobe::rec_32c_600s_22::MountainSort4::26,HYBRID_JANELIA::hybrid_drift_siprobe::rec_32c_600s_22,HYBRID_JANELIA,hybrid,domain_a,-2.680352685367844,-1.662588753527874,1.2892208274621448
hybrid_vs_paired_all,HYBRID_JANELIA::hybrid_static_siprobe::rec_16c_600s_32::SpykingCircus::13,HYBRID_JANELIA::hybrid_static_siprobe::rec_16c_600s_32,HYBRID_JANELIA,hybrid,domain_a,-3.0399510352934818,-1.5193568612920176,0.22962151299746872
hybrid_vs_paired_all,HYBRID_JANELIA::hybrid_drift_siprobe::rec_32c_1200s_21::KiloSort::7,HYBRID_JANELIA::hybrid_drift_siprobe::rec_32c_1200s_21,HYBRID_JANELIA,hybrid,domain_a,-2.6516238587663765,-1.4436072052994147,-0.4285185341033272
hybrid_vs_paired_all,HYBRID_JANELIA::hybrid_drift_siprobe::rec_16c_600s_12::Tridesclous::19,HYBRID_JANELIA::hybrid_drift_siprobe::rec_16c_600s_12,HYBRID_JANELIA,hybrid,domain_a,-2.6235017277089154,-1.2114207495450244,5.3389243522216665
hybrid_vs_paired_all,HYBRID_JANELIA::hybrid_static_siprobe::rec_16c_600s_31::MountainSort4::18,HYBRID_JANELIA::hybrid_static_siprobe::rec_16c_600s_31,HYBRID_JANELIA,hybrid,domain_a,-1.512285065802497,-0.4193198780841204,0.5817529749168628
hybrid_vs_paired_all,HYBRID_JANELIA::hybrid_drift_siprobe::rec_16c_600s_31::KiloSort::0,HYBRID_JANELIA::hybrid_drift_siprobe::rec_16c_600s_31,HYBRID_JANELIA,hybrid,domain_a,-1.9773266131324485,-0.47681268328550364,1.755907982717429
hybrid_vs_paired_all,HYBRID_JANELIA::hybrid_drift_siprobe::rec_32c_600s_32::KiloSort::95,HYBRID_JANELIA::hybrid_drift_siprobe::rec_32c_600s_32,HYBRID_JANELIA,hybrid,domain_a,-2.8411221291340913,-1.2964942577141014,1.0232803562070387
hybrid_vs_paired_all,HYBRID_JANELIA::hybrid_static_siprobe::rec_16c_600s_32::MountainSort4::55,HYBRID_JANELIA::hybrid_static_siprobe::rec_16c_600s_32,HYBRID_JANELIA,hybrid,domain_a,-4.1266761904702935,-2.9497114461544314,3.2844702130759647
hybrid_vs_paired_all,HYBRID_JANELIA::hybrid_static_siprobe::rec_64c_600s_12::Tridesclous::28,HYBRID_JANELIA::hybrid_static_siprobe::rec_64c_600s_12,HYBRID_JANELIA,hybrid,domain_a,-3.006302724705884,-1.5704570302002898,-1.3523362148071416
hybrid_vs_paired_all,HYBRID_JANELIA::hybrid_static_siprobe::rec_16c_1200s_21::MountainSort4::9,HYBRID_JANELIA::hybrid_static_siprobe::rec_16c_1200s_21,HYBRID_JANELIA,hybrid,domain_a,-2.684448740204748,-2.2430170758731247,1.8199859664866178
hybrid_vs_paired_all,HYBRID_JANELIA::hybrid_drift_siprobe::rec_16c_600s_32::SpykingCircus::20,HYBRID_JANELIA::hybrid_drift_siprobe::rec_16c_600s_32,HYBRID_JANELIA,hybrid,domain_a,-3.1449719450723763,-1.7439183422234874,2.2984924843232974
hybrid_vs_paired_all,HYBRID_JANELIA::hybrid_drift_siprobe::rec_32c_600s_12::KiloSort::38,HYBRID_JANELIA::hybrid_drift_siprobe::rec_32c_600s_12,HYBRID_JANELIA,hybrid,domain_a,-2.9792790178930892,-2.4163557529225996,2.70629569260164
hybrid_vs_paired_all,HYBRID_JANELIA::hybrid_drift_siprobe::rec_64c_1200s_11::MountainSort4::4,HYBRID_JANELIA::hybrid_drift_siprobe::rec_64c_1200s_11,HYBRID_JANELIA,hybrid,domain_a,-3.8948354868851767,-3.016579314194274,2.912685156820571
hybrid_vs_paired_all,HYBRID_JANELIA::hybrid_drift_siprobe::rec_32c_600s_32::SpykingCircus::43,HYBRID_JANELIA::hybrid_drift_siprobe::rec_32c_600s_32,HYBRID_JANELIA,hybrid,domain_a,-2.984690317923167,-1.7912206750191229,0.94297220848436
hybrid_vs_paired_all,HYBRID_JANELIA::hybrid_drift_siprobe::rec_16c_1200s_11::MountainSort4::21,HYBRID_JANELIA::hybrid_drift_siprobe::rec_16c_1200s_11,HYBRID_JANELIA,hybrid,domain_a,-2.188954041186069,-1.57195004572713,0.942440496812935
hybrid_vs_paired_all,HYBRID_JANELIA::hybrid_static_siprobe::rec_16c_600s_12::JRClust::12,HYBRID_JANELIA::hybrid_static_siprobe::rec_16c_600s_12,HYBRID_JANELIA,hybrid,domain_a,-3.313497985772944,-2.61416051243588,2.0592572985171955
hybrid_vs_paired_all,HYBRID_JANELIA::hybrid_static_siprobe::rec_64c_1200s_11::IronClust::70,HYBRID_JANELIA::hybrid_static_siprobe::rec_64c_1200s_11,HYBRID_JANELIA,hybrid,domain_a,-3.3941654138677917,-2.957250925954281,2.8245782447006853
hybrid_vs_paired_all,HYBRID_JANELIA::hybrid_drift_siprobe::rec_16c_600s_32::KiloSort2::9,HYBRID_JANELIA::hybrid_drift_siprobe::rec_16c_600s_32,HYBRID_JANELIA,hybrid,domain_a,-3.3626817596995404,-2.4167388666970093,2.4179308936169437
hybrid_vs_paired_all,HYBRID_JANELIA::hybrid_drift_siprobe::rec_32c_1200s_31::MountainSort4::208,HYBRID_JANELIA::hybrid_drift_siprobe::rec_32c_1200s_31,HYBRID_JANELIA,hybrid,domain_a,-2.0692936695298876,-0.26084050522091773,-0.6577071195698213
hybrid_vs_paired_all,HYBRID_JANELIA::hybrid_static_siprobe::rec_64c_1200s_11::MountainSort4::91,HYBRID_JANELIA::hybrid_static_siprobe::rec_64c_1200s_11,HYBRID_JANELIA,hybrid,domain_a,-3.6851713968630504,-2.9579859626194036,2.505288359691271
hybrid_vs_paired_all,HYBRID_JANELIA::hybrid_drift_tetrode::rec_4c_600s_11::KiloSort::28,HYBRID_JANELIA::hybrid_drift_tetrode::rec_4c_600s_11,HYBRID_JANELIA,hybrid,domain_a,-2.5882112826959434,-1.5234148813426955,2.5606345698798525
hybrid_vs_paired_all,HYBRID_JANELIA::hybrid_drift_siprobe::rec_64c_600s_11::JRClust::61,HYBRID_JANELIA::hybrid_drift_siprobe::rec_64c_600s_11,HYBRID_JANELIA,hybrid,domain_a,-2.539817205085051,-1.9546733299410612,1.6716882638004695
hybrid_vs_paired_all,HYBRID_JANELIA::hybrid_drift_siprobe::rec_64c_600s_12::HerdingSpikes2::181,HYBRID_JANELIA::hybrid_drift_siprobe::rec_64c_600s_12,HYBRID_JANELIA,hybrid,domain_a,-1.3993357218533446,1.0648552577727253,0.7529898052949437
hybrid_vs_paired_all,HYBRID_JANELIA::hybrid_static_siprobe::rec_32c_600s_12::MountainSort4::70,HYBRID_JANELIA::hybrid_static_siprobe::rec_32c_600s_12,HYBRID_JANELIA,hybrid,domain_a,-3.607874735565711,-1.6679288801795193,3.4558217671485583
hybrid_vs_paired_all,HYBRID_JANELIA::hybrid_drift_siprobe::rec_64c_600s_12::KiloSort::486,HYBRID_JANELIA::hybrid_drift_siprobe::rec_64c_600s_12,HYBRID_JANELIA,hybrid,domain_a,-2.4283168107148856,-2.0611161778720213,3.5764407917906453
hybrid_vs_paired_all,HYBRID_JANELIA::hybrid_drift_siprobe::rec_32c_1200s_21::SpykingCircus::7,HYBRID_JANELIA::hybrid_drift_siprobe::rec_32c_1200s_21,HYBRID_JANELIA,hybrid,domain_a,-2.8707845706790645,-1.421852659956429,3.080206524985686
hybrid_vs_paired_all,HYBRID_JANELIA::hybrid_static_siprobe::rec_64c_600s_12::IronClust::49,HYBRID_JANELIA::hybrid_static_siprobe::rec_64c_600s_12,HYBRID_JANELIA,hybrid,domain_a,-2.9798096729584658,-2.0676010127915005,-0.4130869626955237
hybrid_vs_paired_all,HYBRID_JANELIA::hybrid_static_siprobe::rec_64c_600s_12::MountainSort4::76,HYBRID_JANELIA::hybrid_static_siprobe::rec_64c_600s_12,HYBRID_JANELIA,hybrid,domain_a,-3.248381737576076,-2.319371333128248,1.1184698345482391
hybrid_vs_paired_all,HYBRID_JANELIA::hybrid_drift_siprobe::rec_16c_600s_31::IronClust::22,HYBRID_JANELIA::hybrid_drift_siprobe::rec_16c_600s_31,HYBRID_JANELIA,hybrid,domain_a,-3.1979230607527844,-1.4731259858004673,1.300969454243851
hybrid_vs_paired_all,HYBRID_JANELIA::hybrid_drift_siprobe::rec_32c_1200s_21::JRClust::9,HYBRID_JANELIA::hybrid_drift_siprobe::rec_32c_1200s_21,HYBRID_JANELIA,hybrid,domain_a,-2.381426422987285,-1.0873764917675846,2.256427882647873
hybrid_vs_paired_all,HYBRID_JANELIA::hybrid_drift_siprobe::rec_64c_600s_12::KiloSort2::73,HYBRID_JANELIA::hybrid_drift_siprobe::rec_64c_600s_12,HYBRID_JANELIA,hybrid,domain_a,-2.257573948142597,0.220476425591251,1.0456681206399603
hybrid_vs_paired_all,HYBRID_JANELIA::hybrid_drift_siprobe::rec_16c_600s_12::KiloSort2::36,HYBRID_JANELIA::hybrid_drift_siprobe::rec_16c_600s_12,HYBRID_JANELIA,hybrid,domain_a,-3.1865670554304573,-0.8848277682970904,2.479955143807704
hybrid_vs_paired_all,HYBRID_JANELIA::hybrid_drift_siprobe::rec_32c_600s_21::HerdingSpikes2::52,HYBRID_JANELIA::hybrid_drift_siprobe::rec_32c_600s_21,HYBRID_JANELIA,hybrid,domain_a,-2.4338712633242876,-0.5074584191649132,-0.9692813883714062
hybrid_vs_paired_all,HYBRID_JANELIA::hybrid_drift_siprobe::rec_32c_600s_31::MountainSort4::172,HYBRID_JANELIA::hybrid_drift_siprobe::rec_32c_600s_31,HYBRID_JANELIA,hybrid,domain_a,-4.08748403758541,-3.080382377055234,3.1258577276702
hybrid_vs_paired_all,HYBRID_JANELIA::hybrid_drift_siprobe::rec_32c_1200s_11::MountainSort4::42,HYBRID_JANELIA::hybrid_drift_siprobe::rec_32c_1200s_11,HYBRID_JANELIA,hybrid,domain_a,-2.868465380511957,-1.0540026076327271,0.46934857650073275
hybrid_vs_paired_all,HYBRID_JANELIA::hybrid_drift_siprobe::rec_32c_600s_32::JRClust::42,HYBRID_JANELIA::hybrid_drift_siprobe::rec_32c_600s_32,HYBRID_JANELIA,hybrid,domain_a,-2.8883049285984645,-1.5808198003595246,0.7170692543883063
hybrid_vs_paired_all,HYBRID_JANELIA::hybrid_drift_siprobe::rec_32c_600s_31::JRClust::11,HYBRID_JANELIA::hybrid_drift_siprobe::rec_32c_600s_31,HYBRID_JANELIA,hybrid,domain_a,-2.4879229582456137,-1.5689667327958978,1.1713303293575354
hybrid_vs_paired_all,HYBRID_JANELIA::hybrid_drift_siprobe::rec_32c_600s_22::JRClust::72,HYBRID_JANELIA::hybrid_drift_siprobe::rec_32c_600s_22,HYBRID_JANELIA,hybrid,domain_a,-2.5941750573272437,-1.803775875714876,1.9753046066478528
hybrid_vs_paired_all,HYBRID_JANELIA::hybrid_drift_siprobe::rec_64c_600s_12::JRClust::3,HYBRID_JANELIA::hybrid_drift_siprobe::rec_64c_600s_12,HYBRID_JANELIA,hybrid,domain_a,-3.263898623000008,-2.183237825026045,1.3235642204488465
hybrid_vs_paired_all,HYBRID_JANELIA::hybrid_drift_siprobe::rec_64c_600s_12::JRClust::69,HYBRID_JANELIA::hybrid_drift_siprobe::rec_64c_600s_12,HYBRID_JANELIA,hybrid,domain_a,-3.1361571735277383,-1.972226879983453,2.161056405589628
hybrid_vs_paired_all,HYBRID_JANELIA::hybrid_drift_tetrode::rec_4c_1200s_11::MountainSort4::9,HYBRID_JANELIA::hybrid_drift_tetrode::rec_4c_1200s_11,HYBRID_JANELIA,hybrid,domain_a,-2.7973699474263993,-1.9818480668836755,2.3133107735941447
hybrid_vs_paired_all,HYBRID_JANELIA::hybrid_static_siprobe::rec_32c_600s_31::SpykingCircus::40,HYBRID_JANELIA::hybrid_static_siprobe::rec_32c_600s_31,HYBRID_JANELIA,hybrid,domain_a,-3.2566915099578395,-2.209108765057181,0.5947065272244312
hybrid_vs_paired_all,HYBRID_JANELIA::hybrid_drift_tetrode::rec_4c_1200s_31::SpykingCircus::12,HYBRID_JANELIA::hybrid_drift_tetrode::rec_4c_1200s_31,HYBRID_JANELIA,hybrid,domain_a,-2.459639889322945,-2.295725484469845,2.0346868240867138
hybrid_vs_paired_all,HYBRID_JANELIA::hybrid_static_siprobe::rec_64c_600s_12::MountainSort4::218,HYBRID_JANELIA::hybrid_static_siprobe::rec_64c_600s_12,HYBRID_JANELIA,hybrid,domain_a,-2.363259381910513,-1.4054607910621026,1.1456596067044515
hybrid_vs_paired_all,HYBRID_JANELIA::hybrid_static_siprobe::rec_16c_1200s_31::HerdingSpikes2::26,HYBRID_JANELIA::hybrid_static_siprobe::rec_16c_1200s_31,HYBRID_JANELIA,hybrid,domain_a,-3.1732348535927914,-1.88049238647888,1.8443202745202765
hybrid_vs_paired_all,HYBRID_JANELIA::hybrid_drift_siprobe::rec_32c_1200s_21::JRClust::35,HYBRID_JANELIA::hybrid_drift_siprobe::rec_32c_1200s_21,HYBRID_JANELIA,hybrid,domain_a,-1.6725072043807359,-1.048549404073101,1.9042308100137766
hybrid_vs_paired_all,HYBRID_JANELIA::hybrid_drift_siprobe::rec_64c_1200s_11::JRClust::55,HYBRID_JANELIA::hybrid_drift_siprobe::rec_64c_1200s_11,HYBRID_JANELIA,hybrid,domain_a,-2.545386444958444,-2.2084635176785463,1.8095945638853328
hybrid_vs_paired_all,HYBRID_JANELIA::hybrid_drift_siprobe::rec_32c_1200s_31::MountainSort4::128,HYBRID_JANELIA::hybrid_drift_siprobe::rec_32c_1200s_31,HYBRID_JANELIA,hybrid,domain_a,-2.272172603827724,-0.9460648157656353,-0.49102085902324183
hybrid_vs_paired_all,HYBRID_JANELIA::hybrid_drift_siprobe::rec_32c_1200s_31::IronClust::36,HYBRID_JANELIA::hybrid_drift_siprobe::rec_32c_1200s_31,HYBRID_JANELIA,hybrid,domain_a,-2.87040100158794,-1.9174308640574071,1.0785592108934925
hybrid_vs_paired_all,HYBRID_JANELIA::hybrid_static_siprobe::rec_64c_600s_11::HerdingSpikes2::68,HYBRID_JANELIA::hybrid_static_siprobe::rec_64c_600s_11,HYBRID_JANELIA,hybrid,domain_a,-3.3837036810121535,-1.7376130415899493,3.315578844114184
hybrid_vs_paired_all,HYBRID_JANELIA::hybrid_drift_siprobe::rec_16c_1200s_11::SpykingCircus::16,HYBRID_JANELIA::hybrid_drift_siprobe::rec_16c_1200s_11,HYBRID_JANELIA,hybrid,domain_a,-2.7289024160888884,-2.235906340877697,2.022929392640583
hybrid_vs_paired_all,HYBRID_JANELIA::hybrid_drift_siprobe::rec_64c_600s_12::SpykingCircus::98,HYBRID_JANELIA::hybrid_drift_siprobe::rec_64c_600s_12,HYBRID_JANELIA,hybrid,domain_a,-3.003107223936201,-2.065816342868555,-0.02037777650081106
hybrid_vs_paired_all,HYBRID_JANELIA::hybrid_drift_siprobe::rec_32c_600s_31::KiloSort2::13,HYBRID_JANELIA::hybrid_drift_siprobe::rec_32c_600s_31,HYBRID_JANELIA,hybrid,domain_a,-2.867982340483352,-1.9741556589435978,1.4803047775369162
hybrid_vs_paired_all,HYBRID_JANELIA::hybrid_drift_siprobe::rec_32c_1200s_21::MountainSort4::1,HYBRID_JANELIA::hybrid_drift_siprobe::rec_32c_1200s_21,HYBRID_JANELIA,hybrid,domain_a,-2.9658186542326166,-1.9154684265088326,1.9828125554040503
hybrid_vs_paired_all,HYBRID_JANELIA::hybrid_drift_siprobe::rec_64c_1200s_11::JRClust::44,HYBRID_JANELIA::hybrid_drift_siprobe::rec_64c_1200s_11,HYBRID_JANELIA,hybrid,domain_a,-2.4291865189935025,-1.6346462000145916,0.8471385532813199
hybrid_vs_paired_all,HYBRID_JANELIA::hybrid_drift_siprobe::rec_64c_1200s_11::KiloSort2::5,HYBRID_JANELIA::hybrid_drift_siprobe::rec_64c_1200s_11,HYBRID_JANELIA,hybrid,domain_a,-3.192228852037886,-2.7426681873675456,2.6875364102907975
hybrid_vs_paired_all,HYBRID_JANELIA::hybrid_static_siprobe::rec_32c_600s_21::HerdingSpikes2::11,HYBRID_JANELIA::hybrid_static_siprobe::rec_32c_600s_21,HYBRID_JANELIA,hybrid,domain_a,-3.1070352682965723,-2.2616840536929588,3.21053911954336
hybrid_vs_paired_all,HYBRID_JANELIA::hybrid_static_siprobe::rec_16c_1200s_31::SpykingCircus::7,HYBRID_JANELIA::hybrid_static_siprobe::rec_16c_1200s_31,HYBRID_JANELIA,hybrid,domain_a,-1.9265004606713818,-1.9637037639463328,0.3767336897355634
hybrid_vs_paired_all,HYBRID_JANELIA::hybrid_static_siprobe::rec_64c_600s_12::MountainSort4::96,HYBRID_JANELIA::hybrid_static_siprobe::rec_64c_600s_12,HYBRID_JANELIA,hybrid,domain_a,-2.3338222458140847,-1.5532192866119445,-0.5556788555918813
hybrid_vs_paired_all,HYBRID_JANELIA::hybrid_static_siprobe::rec_16c_600s_11::Tridesclous::13,HYBRID_JANELIA::hybrid_static_siprobe::rec_16c_600s_11,HYBRID_JANELIA,hybrid,domain_a,-2.830957704719036,-2.8371282579227164,3.9785438853269475
hybrid_vs_paired_all,HYBRID_JANELIA::hybrid_static_siprobe::rec_32c_600s_31::SpykingCircus::15,HYBRID_JANELIA::hybrid_static_siprobe::rec_32c_600s_31,HYBRID_JANELIA,hybrid,domain_a,-3.8062070375450308,-2.918166874360869,2.595295393790552
hybrid_vs_paired_all,HYBRID_JANELIA::hybrid_drift_siprobe::rec_32c_1200s_31::JRClust::34,HYBRID_JANELIA::hybrid_drift_siprobe::rec_32c_1200s_31,HYBRID_JANELIA,hybrid,domain_a,-2.426199069577651,-1.7523840410435634,1.6271896256071219
hybrid_vs_paired_all,HYBRID_JANELIA::hybrid_drift_siprobe::rec_32c_1200s_21::MountainSort4::133,HYBRID_JANELIA::hybrid_drift_siprobe::rec_32c_1200s_21,HYBRID_JANELIA,hybrid,domain_a,-2.9569152104596554,-1.6734529264300997,3.3113133131966572
hybrid_vs_paired_all,HYBRID_JANELIA::hybrid_static_siprobe::rec_64c_1200s_11::MountainSort4::127,HYBRID_JANELIA::hybrid_static_siprobe::rec_64c_1200s_11,HYBRID_JANELIA,hybrid,domain_a,-3.4069741052073037,-2.6203157884887722,2.2832573206506948
hybrid_vs_paired_all,HYBRID_JANELIA::hybrid_drift_siprobe::rec_64c_600s_12::MountainSort4::237,HYBRID_JANELIA::hybrid_drift_siprobe::rec_64c_600s_12,HYBRID_JANELIA,hybrid,domain_a,-2.20979779903215,-1.4480488105623368,0.6169154994492207
hybrid_vs_paired_all,HYBRID_JANELIA::hybrid_drift_siprobe::rec_16c_600s_11::JRClust::4,HYBRID_JANELIA::hybrid_drift_siprobe::rec_16c_600s_11,HYBRID_JANELIA,hybrid,domain_a,-3.1722283398608218,-1.790989695619692,1.0504440733727214
hybrid_vs_paired_all,HYBRID_JANELIA::hybrid_drift_siprobe::rec_32c_1200s_11::MountainSort4::107,HYBRID_JANELIA::hybrid_drift_siprobe::rec_32c_1200s_11,HYBRID_JANELIA,hybrid,domain_a,-2.1118744950019988,-0.30933809089668735,-0.741669741756502
hybrid_vs_paired_all,HYBRID_JANELIA::hybrid_static_siprobe::rec_32c_1200s_11::MountainSort4::93,HYBRID_JANELIA::hybrid_static_siprobe::rec_32c_1200s_11,HYBRID_JANELIA,hybrid,domain_a,-2.1309643868698394,-0.5864062460476444,-1.5166859796444947
hybrid_vs_paired_all,HYBRID_JANELIA::hybrid_static_siprobe::rec_16c_600s_12::SpykingCircus::17,HYBRID_JANELIA::hybrid_static_siprobe::rec_16c_600s_12,HYBRID_JANELIA,hybrid,domain_a,-2.4960397836192176,-1.5529129679551097,0.7251148909170656
hybrid_vs_paired_all,HYBRID_JANELIA::hybrid_static_siprobe::rec_32c_600s_32::MountainSort4::96,HYBRID_JANELIA::hybrid_static_siprobe::rec_32c_600s_32,HYBRID_JANELIA,hybrid,domain_a,-3.6678671322165783,-1.0199044538744064,1.8925411430889727
hybrid_vs_paired_all,HYBRID_JANELIA::hybrid_drift_siprobe::rec_16c_600s_31::IronClust::24,HYBRID_JANELIA::hybrid_drift_siprobe::rec_16c_600s_31,HYBRID_JANELIA,hybrid,domain_a,-2.8438813873748545,-2.084903429589181,2.8541793055352893
hybrid_vs_paired_all,HYBRID_JANELIA::hybrid_drift_siprobe::rec_16c_600s_32::MountainSort4::13,HYBRID_JANELIA::hybrid_drift_siprobe::rec_16c_600s_32,HYBRID_JANELIA,hybrid,domain_a,-2.799643357079702,-1.2263839116593331,0.9340866255541024
hybrid_vs_paired_all,HYBRID_JANELIA::hybrid_drift_siprobe::rec_32c_1200s_21::MountainSort4::9,HYBRID_JANELIA::hybrid_drift_siprobe::rec_32c_1200s_21,HYBRID_JANELIA,hybrid,domain_a,-3.901407610887783,-2.8773969639375645,3.128703070696403
hybrid_vs_paired_all,HYBRID_JANELIA::hybrid_static_tetrode::rec_4c_600s_21::HerdingSpikes2::15,HYBRID_JANELIA::hybrid_static_tetrode::rec_4c_600s_21,HYBRID_JANELIA,hybrid,domain_a,-2.3653792594966174,-1.5760516655217203,2.4469141266162646
hybrid_vs_paired_all,HYBRID_JANELIA::hybrid_drift_siprobe::rec_16c_600s_32::SpykingCircus::11,HYBRID_JANELIA::hybrid_drift_siprobe::rec_16c_600s_32,HYBRID_JANELIA,hybrid,domain_a,-2.178853657159945,-1.870921415482896,1.0538240913489652
hybrid_vs_paired_all,HYBRID_JANELIA::hybrid_static_siprobe::rec_64c_600s_11::KiloSort2::43,HYBRID_JANELIA::hybrid_static_siprobe::rec_64c_600s_11,HYBRID_JANELIA,hybrid,domain_a,-3.6774094942948357,-3.070678713408129,1.8988713558061319
hybrid_vs_paired_all,HYBRID_JANELIA::hybrid_drift_siprobe::rec_16c_600s_31::HerdingSpikes2::46,HYBRID_JANELIA::hybrid_drift_siprobe::rec_16c_600s_31,HYBRID_JANELIA,hybrid,domain_a,-2.9959446768638753,-1.629127494603826,2.3529711932980346
hybrid_vs_paired_all,HYBRID_JANELIA::hybrid_static_tetrode::rec_4c_600s_22::KiloSort::24,HYBRID_JANELIA::hybrid_static_tetrode::rec_4c_600s_22,HYBRID_JANELIA,hybrid,domain_a,-3.340192187718331,-2.37912901950744,3.646464125489524
hybrid_vs_paired_all,HYBRID_JANELIA::hybrid_drift_siprobe::rec_32c_600s_32::Tridesclous::42,HYBRID_JANELIA::hybrid_drift_siprobe::rec_32c_600s_32,HYBRID_JANELIA,hybrid,domain_a,-3.5547805738983254,-2.063352332277795,3.675604356135158
hybrid_vs_paired_all,HYBRID_JANELIA::hybrid_drift_siprobe::rec_32c_600s_11::KiloSort2::11,HYBRID_JANELIA::hybrid_drift_siprobe::rec_32c_600s_11,HYBRID_JANELIA,hybrid,domain_a,-3.4997814304246213,-2.426481654580779,2.1989487023079963
hybrid_vs_paired_all,HYBRID_JANELIA::hybrid_drift_siprobe::rec_32c_600s_32::HerdingSpikes2::97,HYBRID_JANELIA::hybrid_drift_siprobe::rec_32c_600s_32,HYBRID_JANELIA,hybrid,domain_a,-1.5209942331100186,0.7638384419554544,2.2334567022181098
hybrid_vs_paired_all,HYBRID_JANELIA::hybrid_static_siprobe::rec_16c_600s_32::KiloSort::37,HYBRID_JANELIA::hybrid_static_siprobe::rec_16c_600s_32,HYBRID_JANELIA,hybrid,domain_a,-2.3501544952761115,-1.5816743398811461,0.3235570061475688
hybrid_vs_paired_all,HYBRID_JANELIA::hybrid_drift_siprobe::rec_32c_1200s_21::JRClust::20,HYBRID_JANELIA::hybrid_drift_siprobe::rec_32c_1200s_21,HYBRID_JANELIA,hybrid,domain_a,-2.6656420813159323,-1.854610487385108,2.477308142348261
hybrid_vs_paired_all,HYBRID_JANELIA::hybrid_static_siprobe::rec_16c_1200s_31::JRClust::29,HYBRID_JANELIA::hybrid_static_siprobe::rec_16c_1200s_31,HYBRID_JANELIA,hybrid,domain_a,-2.619421843006185,-1.839674180565813,1.6942308051053259
hybrid_vs_paired_all,HYBRID_JANELIA::hybrid_drift_siprobe::rec_16c_600s_32::MountainSort4::79,HYBRID_JANELIA::hybrid_drift_siprobe::rec_16c_600s_32,HYBRID_JANELIA,hybrid,domain_a,-2.510939849047036,-0.8942414094274475,0.49534947582851124
hybrid_vs_paired_all,HYBRID_JANELIA::hybrid_static_siprobe::rec_16c_1200s_21::SpykingCircus::17,HYBRID_JANELIA::hybrid_static_siprobe::rec_16c_1200s_21,HYBRID_JANELIA,hybrid,domain_a,-3.678129746024657,-2.6969140837687338,3.0254714704254995
hybrid_vs_paired_all,HYBRID_JANELIA::hybrid_drift_siprobe::rec_32c_600s_32::Tridesclous::49,HYBRID_JANELIA::hybrid_drift_siprobe::rec_32c_600s_32,HYBRID_JANELIA,hybrid,domain_a,-2.9279376958921923,-1.8032656574695336,1.432167458008988
hybrid_vs_paired_all,HYBRID_JANELIA::hybrid_static_siprobe::rec_64c_600s_11::MountainSort4::168,HYBRID_JANELIA::hybrid_static_siprobe::rec_64c_600s_11,HYBRID_JANELIA,hybrid,domain_a,-2.5630955797590245,-2.066364590193005,1.3224246672853868
hybrid_vs_paired_all,HYBRID_JANELIA::hybrid_static_siprobe::rec_32c_600s_12::HerdingSpikes2::0,HYBRID_JANELIA::hybrid_static_siprobe::rec_32c_600s_12,HYBRID_JANELIA,hybrid,domain_a,-2.988920637694568,-1.3513809501396283,2.430222517441489
hybrid_vs_paired_all,HYBRID_JANELIA::hybrid_drift_siprobe::rec_32c_600s_12::MountainSort4::53,HYBRID_JANELIA::hybrid_drift_siprobe::rec_32c_600s_12,HYBRID_JANELIA,hybrid,domain_a,-3.7447751419528195,-2.83049152150773,2.761865308992625
hybrid_vs_paired_all,HYBRID_JANELIA::hybrid_drift_siprobe::rec_16c_1200s_11::KiloSort2::16,HYBRID_JANELIA::hybrid_drift_siprobe::rec_16c_1200s_11,HYBRID_JANELIA,hybrid,domain_a,-2.6169848129541378,-0.943525050124235,1.710253667904962
hybrid_vs_paired_all,HYBRID_JANELIA::hybrid_drift_siprobe::rec_32c_600s_21::JRClust::49,HYBRID_JANELIA::hybrid_drift_siprobe::rec_32c_600s_21,HYBRID_JANELIA,hybrid,domain_a,-2.948950512692131,-0.5275372132097567,1.3803181372419082
hybrid_vs_paired_all,HYBRID_JANELIA::hybrid_drift_siprobe::rec_32c_600s_11::SpykingCircus::14,HYBRID_JANELIA::hybrid_drift_siprobe::rec_32c_600s_11,HYBRID_JANELIA,hybrid,domain_a,-3.135386242521953,-2.2142555644307804,2.411917259120451
hybrid_vs_paired_all,HYBRID_JANELIA::hybrid_drift_siprobe::rec_32c_600s_21::HerdingSpikes2::87,HYBRID_JANELIA::hybrid_drift_siprobe::rec_32c_600s_21,HYBRID_JANELIA,hybrid,domain_a,-3.1277323211937706,-0.8968787862088716,2.5680474513661724
hybrid_vs_paired_all,HYBRID_JANELIA::hybrid_drift_siprobe::rec_64c_600s_12::KiloSort::111,HYBRID_JANELIA::hybrid_drift_siprobe::rec_64c_600s_12,HYBRID_JANELIA,hybrid,domain_a,-3.1305027443475764,-2.0372174911920338,3.145104972400482
hybrid_vs_paired_all,HYBRID_JANELIA::hybrid_static_siprobe::rec_64c_1200s_11::MountainSort4::139,HYBRID_JANELIA::hybrid_static_siprobe::rec_64c_1200s_11,HYBRID_JANELIA,hybrid,domain_a,-4.04044929328792,-2.9677895664351315,2.903486684166519
hybrid_vs_paired_all,HYBRID_JANELIA::hybrid_drift_siprobe::rec_16c_600s_32::MountainSort4::29,HYBRID_JANELIA::hybrid_drift_siprobe::rec_16c_600s_32,HYBRID_JANELIA,hybrid,domain_a,-2.5317559019001252,-1.914879866420459,1.6573506981819426
hybrid_vs_paired_all,HYBRID_JANELIA::hybrid_drift_siprobe::rec_16c_600s_31::MountainSort4::56,HYBRID_JANELIA::hybrid_drift_siprobe::rec_16c_600s_31,HYBRID_JANELIA,hybrid,domain_a,-1.5581117814653285,-0.820859548482276,0.8250476415347644
hybrid_vs_paired_all,HYBRID_JANELIA::hybrid_drift_siprobe::rec_16c_600s_32::MountainSort4::5,HYBRID_JANELIA::hybrid_drift_siprobe::rec_16c_600s_32,HYBRID_JANELIA,hybrid,domain_a,-2.580159671605994,-1.8250769923879886,1.0259013592415456
hybrid_vs_paired_all,HYBRID_JANELIA::hybrid_static_siprobe::rec_32c_600s_31::JRClust::54,HYBRID_JANELIA::hybrid_static_siprobe::rec_32c_600s_31,HYBRID_JANELIA,hybrid,domain_a,-3.2474646797567774,-2.642826530131648,2.575940448688824
hybrid_vs_paired_all,HYBRID_JANELIA::hybrid_drift_tetrode::rec_4c_600s_12::JRClust::1,HYBRID_JANELIA::hybrid_drift_tetrode::rec_4c_600s_12,HYBRID_JANELIA,hybrid,domain_a,-1.616495163475424,-1.5482112063698963,0.9739211350866505
hybrid_vs_paired_all,HYBRID_JANELIA::hybrid_static_siprobe::rec_64c_600s_12::HerdingSpikes2::32,HYBRID_JANELIA::hybrid_static_siprobe::rec_64c_600s_12,HYBRID_JANELIA,hybrid,domain_a,-3.0932094148722573,-1.7311268992359266,0.6387402209701057
hybrid_vs_paired_all,HYBRID_JANELIA::hybrid_static_siprobe::rec_64c_1200s_11::SpykingCircus::11,HYBRID_JANELIA::hybrid_static_siprobe::rec_64c_1200s_11,HYBRID_JANELIA,hybrid,domain_a,-2.8771938876894367,-2.44823779505796,1.6463028130429134
hybrid_vs_paired_all,HYBRID_JANELIA::hybrid_drift_siprobe::rec_32c_1200s_21::MountainSort4::122,HYBRID_JANELIA::hybrid_drift_siprobe::rec_32c_1200s_21,HYBRID_JANELIA,hybrid,domain_a,-2.1066058500156397,-1.369023603184724,0.9201098272616185
hybrid_vs_paired_all,HYBRID_JANELIA::hybrid_static_tetrode::rec_4c_600s_31::MountainSort4::3,HYBRID_JANELIA::hybrid_static_tetrode::rec_4c_600s_31,HYBRID_JANELIA,hybrid,domain_a,-1.8912514715709214,-1.8884544000737187,0.4432490538945627
hybrid_vs_paired_all,HYBRID_JANELIA::hybrid_static_siprobe::rec_32c_600s_32::HerdingSpikes2::55,HYBRID_JANELIA::hybrid_static_siprobe::rec_32c_600s_32,HYBRID_JANELIA,hybrid,domain_a,-1.8103404357528678,0.40969470022693005,3.0103635714603327
hybrid_vs_paired_all,HYBRID_JANELIA::hybrid_drift_siprobe::rec_32c_600s_11::KiloSort2::23,HYBRID_JANELIA::hybrid_drift_siprobe::rec_32c_600s_11,HYBRID_JANELIA,hybrid,domain_a,-3.0617878941421552,-1.3571943673489193,0.11206946979989561
hybrid_vs_paired_all,HYBRID_JANELIA::hybrid_static_siprobe::rec_32c_600s_21::MountainSort4::123,HYBRID_JANELIA::hybrid_static_siprobe::rec_32c_600s_21,HYBRID_JANELIA,hybrid,domain_a,-3.292685656646756,-2.7145196866730306,2.2192402481734455
hybrid_vs_paired_all,HYBRID_JANELIA::hybrid_drift_siprobe::rec_64c_600s_11::KiloSort2::63,HYBRID_JANELIA::hybrid_drift_siprobe::rec_64c_600s_11,HYBRID_JANELIA,hybrid,domain_a,-3.3177750338417575,-1.819266865540049,0.5067260213688418
hybrid_vs_paired_all,HYBRID_JANELIA::hybrid_drift_siprobe::rec_64c_1200s_11::Tridesclous::90,HYBRID_JANELIA::hybrid_drift_siprobe::rec_64c_1200s_11,HYBRID_JANELIA,hybrid,domain_a,-2.170758483164741,-0.7754591053004214,3.879605687683712
hybrid_vs_paired_all,HYBRID_JANELIA::hybrid_drift_siprobe::rec_32c_600s_32::JRClust::66,HYBRID_JANELIA::hybrid_drift_siprobe::rec_32c_600s_32,HYBRID_JANELIA,hybrid,domain_a,-2.5736398309822643,-1.4708552435166193,-0.3371853907219031
hybrid_vs_paired_all,HYBRID_JANELIA::hybrid_drift_siprobe::rec_32c_600s_22::MountainSort4::8,HYBRID_JANELIA::hybrid_drift_siprobe::rec_32c_600s_22,HYBRID_JANELIA,hybrid,domain_a,-3.7247660856007543,-2.847792339698713,3.0250745886084913
hybrid_vs_paired_all,HYBRID_JANELIA::hybrid_drift_siprobe::rec_16c_600s_32::KiloSort::73,HYBRID_JANELIA::hybrid_drift_siprobe::rec_16c_600s_32,HYBRID_JANELIA,hybrid,domain_a,-2.716595426630039,-1.4160924572602231,0.7084513835110533
hybrid_vs_paired_all,HYBRID_JANELIA::hybrid_static_siprobe::rec_32c_1200s_31::SpykingCircus::21,HYBRID_JANELIA::hybrid_static_siprobe::rec_32c_1200s_31,HYBRID_JANELIA,hybrid,domain_a,-3.203494303837758,-2.3554026380699247,1.2407590152639258
hybrid_vs_paired_all,HYBRID_JANELIA::hybrid_drift_siprobe::rec_64c_1200s_11::HerdingSpikes2::171,HYBRID_JANELIA::hybrid_drift_siprobe::rec_64c_1200s_11,HYBRID_JANELIA,hybrid,domain_a,-2.1241071843104447,0.0013582300783475396,-1.17737915008735
hybrid_vs_paired_all,HYBRID_JANELIA::hybrid_drift_siprobe::rec_16c_1200s_11::SpykingCircus::19,HYBRID_JANELIA::hybrid_drift_siprobe::rec_16c_1200s_11,HYBRID_JANELIA,hybrid,domain_a,-3.0609970308514924,-1.696432399763375,1.3281738686174538
hybrid_vs_paired_all,HYBRID_JANELIA::hybrid_static_siprobe::rec_32c_600s_21::KiloSort::2,HYBRID_JANELIA::hybrid_static_siprobe::rec_32c_600s_21,HYBRID_JANELIA,hybrid,domain_a,-3.417187649058275,-2.543180264384627,1.0133516290716469
hybrid_vs_paired_all,HYBRID_JANELIA::hybrid_drift_siprobe::rec_64c_1200s_11::JRClust::5,HYBRID_JANELIA::hybrid_drift_siprobe::rec_64c_1200s_11,HYBRID_JANELIA,hybrid,domain_a,-2.9045794773093965,-1.5221344638632368,1.137130790979551
hybrid_vs_paired_all,HYBRID_JANELIA::hybrid_drift_siprobe::rec_32c_600s_11::HerdingSpikes2::8,HYBRID_JANELIA::hybrid_drift_siprobe::rec_32c_600s_11,HYBRID_JANELIA,hybrid,domain_a,-2.7786353275106523,-1.9493273408348664,2.054350696688802
hybrid_vs_paired_all,HYBRID_JANELIA::hybrid_static_siprobe::rec_32c_600s_21::MountainSort4::109,HYBRID_JANELIA::hybrid_static_siprobe::rec_32c_600s_21,HYBRID_JANELIA,hybrid,domain_a,-3.148149665063876,-1.6694605928746415,3.198981706442372
hybrid_vs_paired_all,HYBRID_JANELIA::hybrid_static_siprobe::rec_64c_600s_11::IronClust::21,HYBRID_JANELIA::hybrid_static_siprobe::rec_64c_600s_11,HYBRID_JANELIA,hybrid,domain_a,-3.1768089287278034,-2.9559213799104596,1.268390284257131
hybrid_vs_paired_all,HYBRID_JANELIA::hybrid_static_siprobe::rec_64c_600s_11::HerdingSpikes2::154,HYBRID_JANELIA::hybrid_static_siprobe::rec_64c_600s_11,HYBRID_JANELIA,hybrid,domain_a,-3.2214233463255013,-1.498224873935204,3.5528385498830346
hybrid_vs_paired_all,HYBRID_JANELIA::hybrid_static_tetrode::rec_4c_600s_21::HerdingSpikes2::16,HYBRID_JANELIA::hybrid_static_tetrode::rec_4c_600s_21,HYBRID_JANELIA,hybrid,domain_a,-3.4661581836800837,-0.3055776986624243,4.567951841615962
hybrid_vs_paired_all,HYBRID_JANELIA::hybrid_drift_siprobe::rec_32c_600s_21::HerdingSpikes2::18,HYBRID_JANELIA::hybrid_drift_siprobe::rec_32c_600s_21,HYBRID_JANELIA,hybrid,domain_a,-2.5696649866768593,-1.250083631288483,0.6533693738312183
hybrid_vs_paired_all,HYBRID_JANELIA::hybrid_static_siprobe::rec_32c_600s_32::KiloSort2::31,HYBRID_JANELIA::hybrid_static_siprobe::rec_32c_600s_32,HYBRID_JANELIA,hybrid,domain_a,-2.640043498397372,-1.6398338472963534,-0.19358427278825155
hybrid_vs_paired_all,HYBRID_JANELIA::hybrid_drift_siprobe::rec_32c_600s_31::KiloSort2::45,HYBRID_JANELIA::hybrid_drift_siprobe::rec_32c_600s_31,HYBRID_JANELIA,hybrid,domain_a,-3.5337460082340595,-2.053292461083678,1.9331491666956602
hybrid_vs_paired_all,HYBRID_JANELIA::hybrid_drift_siprobe::rec_64c_600s_12::SpykingCircus::29,HYBRID_JANELIA::hybrid_drift_siprobe::rec_64c_600s_12,HYBRID_JANELIA,hybrid,domain_a,-2.974521904667516,-2.2072923657928127,0.49656026606463055
hybrid_vs_paired_all,HYBRID_JANELIA::hybrid_static_siprobe::rec_64c_1200s_11::MountainSort4::270,HYBRID_JANELIA::hybrid_static_siprobe::rec_64c_1200s_11,HYBRID_JANELIA,hybrid,domain_a,-1.9081421661490823,-0.6160836050621634,-0.4816542568229022
hybrid_vs_paired_all,HYBRID_JANELIA::hybrid_static_siprobe::rec_32c_600s_32::IronClust::40,HYBRID_JANELIA::hybrid_static_siprobe::rec_32c_600s_32,HYBRID_JANELIA,hybrid,domain_a,-2.2749845243620577,-1.7718465890244186,0.6332291172928614
hybrid_vs_paired_all,HYBRID_JANELIA::hybrid_drift_siprobe::rec_16c_600s_31::KiloSort2::9,HYBRID_JANELIA::hybrid_drift_siprobe::rec_16c_600s_31,HYBRID_JANELIA,hybrid,domain_a,-2.647415069192269,-1.9440493370395797,1.934281791156867
hybrid_vs_paired_all,HYBRID_JANELIA::hybrid_static_siprobe::rec_32c_600s_22::KiloSort::68,HYBRID_JANELIA::hybrid_static_siprobe::rec_32c_600s_22,HYBRID_JANELIA,hybrid,domain_a,-3.1523366890084175,-1.782297543835309,1.1766212119437194
hybrid_vs_paired_all,HYBRID_JANELIA::hybrid_drift_siprobe::rec_16c_1200s_21::JRClust::27,HYBRID_JANELIA::hybrid_drift_siprobe::rec_16c_1200s_21,HYBRID_JANELIA,hybrid,domain_a,-2.769509296795959,-2.556658565842093,3.6369869139081703
hybrid_vs_paired_all,HYBRID_JANELIA::hybrid_drift_siprobe::rec_64c_600s_12::SpykingCircus::43,HYBRID_JANELIA::hybrid_drift_siprobe::rec_64c_600s_12,HYBRID_JANELIA,hybrid,domain_a,-2.790625383035357,-2.2338321221879656,1.1849191700141504
hybrid_vs_paired_all,HYBRID_JANELIA::hybrid_static_siprobe::rec_32c_1200s_31::MountainSort4::61,HYBRID_JANELIA::hybrid_static_siprobe::rec_32c_1200s_31,HYBRID_JANELIA,hybrid,domain_a,-2.13361137444471,-1.6317797856209129,0.43873778237356464
hybrid_vs_paired_all,HYBRID_JANELIA::hybrid_drift_tetrode::rec_4c_1200s_21::SpykingCircus::9,HYBRID_JANELIA::hybrid_drift_tetrode::rec_4c_1200s_21,HYBRID_JANELIA,hybrid,domain_a,-2.385373026736577,-1.7358210281213822,1.4187389511386563
hybrid_vs_paired_all,HYBRID_JANELIA::hybrid_drift_siprobe::rec_32c_600s_31::KiloSort::166,HYBRID_JANELIA::hybrid_drift_siprobe::rec_32c_600s_31,HYBRID_JANELIA,hybrid,domain_a,-2.6526533050199452,-1.1118765004298206,0.8924500387921525
hybrid_vs_paired_all,HYBRID_JANELIA::hybrid_drift_siprobe::rec_64c_600s_11::KiloSort::111,HYBRID_JANELIA::hybrid_drift_siprobe::rec_64c_600s_11,HYBRID_JANELIA,hybrid,domain_a,-3.0402720467593407,-2.1240002015223958,0.7667083850603045
hybrid_vs_paired_all,HYBRID_JANELIA::hybrid_drift_siprobe::rec_16c_600s_32::SpykingCircus::18,HYBRID_JANELIA::hybrid_drift_siprobe::rec_16c_600s_32,HYBRID_JANELIA,hybrid,domain_a,-2.9333967410334147,-1.5249643895621015,0.44990102644303104
hybrid_vs_paired_all,HYBRID_JANELIA::hybrid_static_siprobe::rec_64c_1200s_11::MountainSort4::251,HYBRID_JANELIA::hybrid_static_siprobe::rec_64c_1200s_11,HYBRID_JANELIA,hybrid,domain_a,-2.715114730195891,-2.516991544127543,1.6010267423250604
hybrid_vs_paired_all,HYBRID_JANELIA::hybrid_static_siprobe::rec_16c_1200s_31::SpykingCircus::11,HYBRID_JANELIA::hybrid_static_siprobe::rec_16c_1200s_31,HYBRID_JANELIA,hybrid,domain_a,-2.7522812576540225,-2.49600083589354,1.8604834758670665
hybrid_vs_paired_all,HYBRID_JANELIA::hybrid_drift_siprobe::rec_32c_600s_31::Tridesclous::39,HYBRID_JANELIA::hybrid_drift_siprobe::rec_32c_600s_31,HYBRID_JANELIA,hybrid,domain_a,-3.011888385129138,-2.43407863792591,2.9322300956626592
hybrid_vs_paired_all,HYBRID_JANELIA::hybrid_static_siprobe::rec_64c_600s_12::Tridesclous::27,HYBRID_JANELIA::hybrid_static_siprobe::rec_64c_600s_12,HYBRID_JANELIA,hybrid,domain_a,-2.9378395994412227,-2.088136591097002,-0.665136046667687
hybrid_vs_paired_all,HYBRID_JANELIA::hybrid_static_siprobe::rec_64c_600s_11::MountainSort4::135,HYBRID_JANELIA::hybrid_static_siprobe::rec_64c_600s_11,HYBRID_JANELIA,hybrid,domain_a,-2.2500446057593173,-1.5139864525501576,1.5012379781548326
hybrid_vs_paired_all,HYBRID_JANELIA::hybrid_static_siprobe::rec_16c_1200s_11::MountainSort4::46,HYBRID_JANELIA::hybrid_static_siprobe::rec_16c_1200s_11,HYBRID_JANELIA,hybrid,domain_a,-2.621312819549396,-1.978932008616934,2.104177239999119
hybrid_vs_paired_all,HYBRID_JANELIA::hybrid_static_siprobe::rec_16c_1200s_31::KiloSort::64,HYBRID_JANELIA::hybrid_static_siprobe::rec_16c_1200s_31,HYBRID_JANELIA,hybrid,domain_a,-2.7486328413836367,-2.3472600378828354,1.549993958963451
hybrid_vs_paired_all,HYBRID_JANELIA::hybrid_static_tetrode::rec_4c_600s_21::SpykingCircus::10,HYBRID_JANELIA::hybrid_static_tetrode::rec_4c_600s_21,HYBRID_JANELIA,hybrid,domain_a,-2.7892783899456948,-2.6491551252507946,2.879266444946757
hybrid_vs_paired_all,HYBRID_JANELIA::hybrid_static_siprobe::rec_16c_600s_32::HerdingSpikes2::29,HYBRID_JANELIA::hybrid_static_siprobe::rec_16c_600s_32,HYBRID_JANELIA,hybrid,domain_a,-2.8163906110528902,-2.070059768508886,1.8225597100145845
hybrid_vs_paired_all,HYBRID_JANELIA::hybrid_static_siprobe::rec_32c_600s_21::KiloSort::19,HYBRID_JANELIA::hybrid_static_siprobe::rec_32c_600s_21,HYBRID_JANELIA,hybrid,domain_a,-3.342879814479157,-2.407619529230299,0.5284456563458814
hybrid_vs_paired_all,HYBRID_JANELIA::hybrid_static_siprobe::rec_16c_600s_31::KiloSort::9,HYBRID_JANELIA::hybrid_static_siprobe::rec_16c_600s_31,HYBRID_JANELIA,hybrid,domain_a,-2.758933756965996,-1.7532876407201057,0.4426208157622367
hybrid_vs_paired_all,HYBRID_JANELIA::hybrid_drift_siprobe::rec_32c_600s_32::HerdingSpikes2::17,HYBRID_JANELIA::hybrid_drift_siprobe::rec_32c_600s_32,HYBRID_JANELIA,hybrid,domain_a,-2.0359469523637395,-1.2701389213245267,0.7417329743005628
hybrid_vs_paired_all,HYBRID_JANELIA::hybrid_drift_siprobe::rec_64c_1200s_11::JRClust::120,HYBRID_JANELIA::hybrid_drift_siprobe::rec_64c_1200s_11,HYBRID_JANELIA,hybrid,domain_a,-2.604737204062037,-1.7894527206252209,1.5636515040031225
hybrid_vs_paired_all,HYBRID_JANELIA::hybrid_static_siprobe::rec_32c_600s_32::MountainSort4::73,HYBRID_JANELIA::hybrid_static_siprobe::rec_32c_600s_32,HYBRID_JANELIA,hybrid,domain_a,-2.422684261321817,-1.0743851399989666,0.315486425576294
hybrid_vs_paired_all,HYBRID_JANELIA::hybrid_drift_siprobe::rec_16c_600s_32::Tridesclous::17,HYBRID_JANELIA::hybrid_drift_siprobe::rec_16c_600s_32,HYBRID_JANELIA,hybrid,domain_a,-2.406212939490168,-1.4454317070876546,0.21901514560881502
hybrid_vs_paired_all,HYBRID_JANELIA::hybrid_drift_siprobe::rec_64c_600s_11::MountainSort4::223,HYBRID_JANELIA::hybrid_drift_siprobe::rec_64c_600s_11,HYBRID_JANELIA,hybrid,domain_a,-3.0568983051334517,-2.561964054334278,1.6153027571394631
hybrid_vs_paired_all,HYBRID_JANELIA::hybrid_drift_siprobe::rec_32c_600s_32::JRClust::0,HYBRID_JANELIA::hybrid_drift_siprobe::rec_32c_600s_32,HYBRID_JANELIA,hybrid,domain_a,-1.3952023486168594,2.66301785640592,3.089475699818243
hybrid_vs_paired_all,HYBRID_JANELIA::hybrid_static_siprobe::rec_32c_600s_11::JRClust::47,HYBRID_JANELIA::hybrid_static_siprobe::rec_32c_600s_11,HYBRID_JANELIA,hybrid,domain_a,-2.5590794091277385,-1.9019742088993041,1.9584250035302928
hybrid_vs_paired_all,HYBRID_JANELIA::hybrid_drift_siprobe::rec_16c_600s_22::IronClust::23,HYBRID_JANELIA::hybrid_drift_siprobe::rec_16c_600s_22,HYBRID_JANELIA,hybrid,domain_a,-3.4007763164650653,-1.94012201787591,3.7238738167424343
hybrid_vs_paired_all,HYBRID_JANELIA::hybrid_static_siprobe::rec_64c_600s_11::IronClust::35,HYBRID_JANELIA::hybrid_static_siprobe::rec_64c_600s_11,HYBRID_JANELIA,hybrid,domain_a,-2.904785743695937,-2.418389391022672,1.910128605199154
hybrid_vs_paired_all,HYBRID_JANELIA::hybrid_static_siprobe::rec_32c_600s_21::KiloSort2::33,HYBRID_JANELIA::hybrid_static_siprobe::rec_32c_600s_21,HYBRID_JANELIA,hybrid,domain_a,-2.978086609290055,-1.9143034137243626,1.0597986544918647
hybrid_vs_paired_all,HYBRID_JANELIA::hybrid_static_siprobe::rec_32c_600s_11::IronClust::3,HYBRID_JANELIA::hybrid_static_siprobe::rec_32c_600s_11,HYBRID_JANELIA,hybrid,domain_a,-3.39592251813071,-2.697133469126026,1.6082234579495378
hybrid_vs_paired_all,HYBRID_JANELIA::hybrid_static_siprobe::rec_32c_600s_11::MountainSort4::91,HYBRID_JANELIA::hybrid_static_siprobe::rec_32c_600s_11,HYBRID_JANELIA,hybrid,domain_a,-3.958625832679807,-2.9358445342155726,2.911513609162723
hybrid_vs_paired_all,HYBRID_JANELIA::hybrid_static_siprobe::rec_64c_1200s_11::MountainSort4::36,HYBRID_JANELIA::hybrid_static_siprobe::rec_64c_1200s_11,HYBRID_JANELIA,hybrid,domain_a,-2.5656277926753237,-2.199300483219067,2.108740958366548
hybrid_vs_paired_all,HYBRID_JANELIA::hybrid_drift_siprobe::rec_16c_600s_12::HerdingSpikes2::16,HYBRID_JANELIA::hybrid_drift_siprobe::rec_16c_600s_12,HYBRID_JANELIA,hybrid,domain_a,-2.505559760377709,-1.2399633942012225,2.101964815738627
hybrid_vs_paired_all,HYBRID_JANELIA::hybrid_static_siprobe::rec_16c_1200s_31::KiloSort::10,HYBRID_JANELIA::hybrid_static_siprobe::rec_16c_1200s_31,HYBRID_JANELIA,hybrid,domain_a,-1.8467510613523512,-1.7532913310590665,0.31858258157760133
hybrid_vs_paired_all,HYBRID_JANELIA::hybrid_drift_siprobe::rec_64c_600s_11::MountainSort4::325,HYBRID_JANELIA::hybrid_drift_siprobe::rec_64c_600s_11,HYBRID_JANELIA,hybrid,domain_a,-4.054799864575841,-3.1057133454224757,2.6727800619686946
hybrid_vs_paired_all,HYBRID_JANELIA::hybrid_drift_siprobe::rec_16c_600s_22::JRClust::29,HYBRID_JANELIA::hybrid_drift_siprobe::rec_16c_600s_22,HYBRID_JANELIA,hybrid,domain_a,-3.6736096467904806,-1.9493957482809217,5.760106963400521
hybrid_vs_paired_all,HYBRID_JANELIA::hybrid_drift_siprobe::rec_32c_600s_12::MountainSort4::138,HYBRID_JANELIA::hybrid_drift_siprobe::rec_32c_600s_12,HYBRID_JANELIA,hybrid,domain_a,-2.6105550235435224,-1.1593721386740736,0.5097482658656579
hybrid_vs_paired_all,HYBRID_JANELIA::hybrid_drift_siprobe::rec_32c_600s_12::Tridesclous::13,HYBRID_JANELIA::hybrid_drift_siprobe::rec_32c_600s_12,HYBRID_JANELIA,hybrid,domain_a,-2.7443240446763677,-2.0037603255505076,1.4803099699774565
hybrid_vs_paired_all,HYBRID_JANELIA::hybrid_drift_siprobe::rec_16c_600s_11::HerdingSpikes2::1,HYBRID_JANELIA::hybrid_drift_siprobe::rec_16c_600s_11,HYBRID_JANELIA,hybrid,domain_a,-2.9733967290408483,-2.0762034695793816,2.824640446151201
hybrid_vs_paired_all,HYBRID_JANELIA::hybrid_static_siprobe::rec_32c_600s_11::SpykingCircus::31,HYBRID_JANELIA::hybrid_static_siprobe::rec_32c_600s_11,HYBRID_JANELIA,hybrid,domain_a,-3.35218873123986,-2.392032506874661,1.4962678230379958
hybrid_vs_paired_all,HYBRID_JANELIA::hybrid_static_siprobe::rec_32c_600s_31::Tridesclous::6,HYBRID_JANELIA::hybrid_static_siprobe::rec_32c_600s_31,HYBRID_JANELIA,hybrid,domain_a,-2.574023112806087,-2.06760185887816,1.5609715908601396
hybrid_vs_paired_all,HYBRID_JANELIA::hybrid_drift_siprobe::rec_32c_600s_11::MountainSort4::96,HYBRID_JANELIA::hybrid_drift_siprobe::rec_32c_600s_11,HYBRID_JANELIA,hybrid,domain_a,-2.629045961641136,-1.0214560254909537,1.5860435525862755
hybrid_vs_paired_all,HYBRID_JANELIA::hybrid_drift_siprobe::rec_32c_1200s_21::MountainSort4::176,HYBRID_JANELIA::hybrid_drift_siprobe::rec_32c_1200s_21,HYBRID_JANELIA,hybrid,domain_a,-2.7277574872218637,-1.6681534601871186,1.5286792763965389
hybrid_vs_paired_all,HYBRID_JANELIA::hybrid_drift_siprobe::rec_16c_600s_21::SpykingCircus::30,HYBRID_JANELIA::hybrid_drift_siprobe::rec_16c_600s_21,HYBRID_JANELIA,hybrid,domain_a,-2.71698634834509,-1.4647497199957424,0.11013113548661664
hybrid_vs_paired_all,HYBRID_JANELIA::hybrid_drift_siprobe::rec_32c_1200s_11::IronClust::31,HYBRID_JANELIA::hybrid_drift_siprobe::rec_32c_1200s_11,HYBRID_JANELIA,hybrid,domain_a,-3.2501324470616146,-1.5613609949892833,0.1598670384553524
hybrid_vs_paired_all,HYBRID_JANELIA::hybrid_static_siprobe::rec_64c_1200s_11::HerdingSpikes2::126,HYBRID_JANELIA::hybrid_static_siprobe::rec_64c_1200s_11,HYBRID_JANELIA,hybrid,domain_a,-2.253500063233653,-0.8486167481543413,1.9177616330522729
hybrid_vs_paired_all,HYBRID_JANELIA::hybrid_drift_tetrode::rec_4c_1200s_31::IronClust::0,HYBRID_JANELIA::hybrid_drift_tetrode::rec_4c_1200s_31,HYBRID_JANELIA,hybrid,domain_a,-2.906516997988383,-0.9338969284140772,1.858883131272921
hybrid_vs_paired_all,HYBRID_JANELIA::hybrid_static_siprobe::rec_32c_600s_22::HerdingSpikes2::4,HYBRID_JANELIA::hybrid_static_siprobe::rec_32c_600s_22,HYBRID_JANELIA,hybrid,domain_a,-2.7461412552785007,-1.92267302971531,1.5247153510236064
hybrid_vs_paired_all,HYBRID_JANELIA::hybrid_static_siprobe::rec_32c_600s_22::JRClust::51,HYBRID_JANELIA::hybrid_static_siprobe::rec_32c_600s_22,HYBRID_JANELIA,hybrid,domain_a,-2.8807121089814958,-0.7768666488671753,3.1664648690964703
hybrid_vs_paired_all,HYBRID_JANELIA::hybrid_drift_siprobe::rec_16c_600s_32::MountainSort4::53,HYBRID_JANELIA::hybrid_drift_siprobe::rec_16c_600s_32,HYBRID_JANELIA,hybrid,domain_a,-1.7908931069272,-1.44875991610575,0.8674117756784616
hybrid_vs_paired_all,HYBRID_JANELIA::hybrid_drift_siprobe::rec_64c_600s_12::JRClust::35,HYBRID_JANELIA::hybrid_drift_siprobe::rec_64c_600s_12,HYBRID_JANELIA,hybrid,domain_a,-2.6282604793034676,-2.3193068143873754,1.4226554018713622
hybrid_vs_paired_all,HYBRID_JANELIA::hybrid_drift_siprobe::rec_16c_600s_31::IronClust::18,HYBRID_JANELIA::hybrid_drift_siprobe::rec_16c_600s_31,HYBRID_JANELIA,hybrid,domain_a,-3.107018395890266,-1.357547321860294,2.149547526340017
hybrid_vs_paired_all,HYBRID_JANELIA::hybrid_drift_siprobe::rec_32c_600s_11::IronClust::17,HYBRID_JANELIA::hybrid_drift_siprobe::rec_32c_600s_11,HYBRID_JANELIA,hybrid,domain_a,-2.9914529105932184,-1.923907578936284,2.9769023620706947
hybrid_vs_paired_all,HYBRID_JANELIA::hybrid_drift_siprobe::rec_64c_600s_12::Tridesclous::7,HYBRID_JANELIA::hybrid_drift_siprobe::rec_64c_600s_12,HYBRID_JANELIA,hybrid,domain_a,-2.781043022234249,-1.686619483308509,0.7330661633924785
hybrid_vs_paired_all,HYBRID_JANELIA::hybrid_static_siprobe::rec_32c_600s_21::Tridesclous::39,HYBRID_JANELIA::hybrid_static_siprobe::rec_32c_600s_21,HYBRID_JANELIA,hybrid,domain_a,-3.1004615938385767,-2.454558672137777,1.5661168324123405
hybrid_vs_paired_all,HYBRID_JANELIA::hybrid_static_siprobe::rec_32c_600s_11::HerdingSpikes2::59,HYBRID_JANELIA::hybrid_static_siprobe::rec_32c_600s_11,HYBRID_JANELIA,hybrid,domain_a,-2.811586730391298,-0.8588503727077171,3.6505962982064855
hybrid_vs_paired_all,HYBRID_JANELIA::hybrid_drift_siprobe::rec_32c_1200s_21::SpykingCircus::21,HYBRID_JANELIA::hybrid_drift_siprobe::rec_32c_1200s_21,HYBRID_JANELIA,hybrid,domain_a,-2.6207500819615497,-1.6059472404387876,2.249881713692837
hybrid_vs_paired_all,HYBRID_JANELIA::hybrid_drift_tetrode::rec_4c_600s_12::IronClust::0,HYBRID_JANELIA::hybrid_drift_tetrode::rec_4c_600s_12,HYBRID_JANELIA,hybrid,domain_a,-2.9268332858438746,-1.52688990134116,2.653858326372342
hybrid_vs_paired_all,HYBRID_JANELIA::hybrid_drift_siprobe::rec_64c_1200s_11::MountainSort4::138,HYBRID_JANELIA::hybrid_drift_siprobe::rec_64c_1200s_11,HYBRID_JANELIA,hybrid,domain_a,-3.7599948487175725,-2.7463354045592507,2.400569462146307
hybrid_vs_paired_all,HYBRID_JANELIA::hybrid_static_siprobe::rec_32c_1200s_11::HerdingSpikes2::45,HYBRID_JANELIA::hybrid_static_siprobe::rec_32c_1200s_11,HYBRID_JANELIA,hybrid,domain_a,-1.36781286508184,1.18224708082885,1.2284216859974824
hybrid_vs_paired_all,HYBRID_JANELIA::hybrid_static_siprobe::rec_16c_600s_32::JRClust::25,HYBRID_JANELIA::hybrid_static_siprobe::rec_16c_600s_32,HYBRID_JANELIA,hybrid,domain_a,-2.676271932247142,-1.89240846281965,-0.39819151713206036
hybrid_vs_paired_all,HYBRID_JANELIA::hybrid_drift_siprobe::rec_64c_600s_11::KiloSort2::92,HYBRID_JANELIA::hybrid_drift_siprobe::rec_64c_600s_11,HYBRID_JANELIA,hybrid,domain_a,-2.7209281968997723,-2.1923374711274013,2.034450731749271
hybrid_vs_paired_all,HYBRID_JANELIA::hybrid_static_siprobe::rec_32c_1200s_31::IronClust::39,HYBRID_JANELIA::hybrid_static_siprobe::rec_32c_1200s_31,HYBRID_JANELIA,hybrid,domain_a,-2.6632363472065776,-1.786494599176437,0.06932476311419071
hybrid_vs_paired_all,HYBRID_JANELIA::hybrid_static_siprobe::rec_32c_1200s_31::MountainSort4::72,HYBRID_JANELIA::hybrid_static_siprobe::rec_32c_1200s_31,HYBRID_JANELIA,hybrid,domain_a,-3.754917428296831,-2.3432956114567953,2.8820713483723956
hybrid_vs_paired_all,HYBRID_JANELIA::hybrid_drift_tetrode::rec_4c_1200s_11::KiloSort::1,HYBRID_JANELIA::hybrid_drift_tetrode::rec_4c_1200s_11,HYBRID_JANELIA,hybrid,domain_a,-2.3919653930588254,-1.382964228256492,0.8822364333546008
hybrid_vs_paired_all,HYBRID_JANELIA::hybrid_drift_siprobe::rec_16c_600s_22::SpykingCircus::29,HYBRID_JANELIA::hybrid_drift_siprobe::rec_16c_600s_22,HYBRID_JANELIA,hybrid,domain_a,-3.0937662626530646,-2.3778244440790117,3.6755181386898244
hybrid_vs_paired_all,HYBRID_JANELIA::hybrid_drift_siprobe::rec_32c_600s_21::JRClust::56,HYBRID_JANELIA::hybrid_drift_siprobe::rec_32c_600s_21,HYBRID_JANELIA,hybrid,domain_a,-2.8515024007264387,-2.2319899267484082,1.8777198777255242
hybrid_vs_paired_all,HYBRID_JANELIA::hybrid_static_siprobe::rec_16c_600s_11::MountainSort4::13,HYBRID_JANELIA::hybrid_static_siprobe::rec_16c_600s_11,HYBRID_JANELIA,hybrid,domain_a,-3.5646411339186,-2.7706640422902025,2.981359640723925
hybrid_vs_paired_all,HYBRID_JANELIA::hybrid_static_siprobe::rec_16c_1200s_21::HerdingSpikes2::34,HYBRID_JANELIA::hybrid_static_siprobe::rec_16c_1200s_21,HYBRID_JANELIA,hybrid,domain_a,-1.8698312774303096,0.25234253325361666,0.855716681394495
hybrid_vs_paired_all,HYBRID_JANELIA::hybrid_drift_siprobe::rec_32c_1200s_31::JRClust::26,HYBRID_JANELIA::hybrid_drift_siprobe::rec_32c_1200s_31,HYBRID_JANELIA,hybrid,domain_a,-2.5728832488567157,-0.8622922435414027,2.835846902737272
hybrid_vs_paired_all,HYBRID_JANELIA::hybrid_static_siprobe::rec_16c_600s_31::SpykingCircus::23,HYBRID_JANELIA::hybrid_static_siprobe::rec_16c_600s_31,HYBRID_JANELIA,hybrid,domain_a,-3.7620547832010107,-2.656629904502696,4.410106268638791
hybrid_vs_paired_all,HYBRID_JANELIA::hybrid_drift_siprobe::rec_32c_600s_22::KiloSort::224,HYBRID_JANELIA::hybrid_drift_siprobe::rec_32c_600s_22,HYBRID_JANELIA,hybrid,domain_a,-2.9079779920633824,-2.110986123994365,1.8898413351307373
hybrid_vs_paired_all,HYBRID_JANELIA::hybrid_drift_siprobe::rec_16c_600s_11::SpykingCircus::29,HYBRID_JANELIA::hybrid_drift_siprobe::rec_16c_600s_11,HYBRID_JANELIA,hybrid,domain_a,-2.7539288660065817,-1.0666412781146075,-0.1391563348120442
hybrid_vs_paired_all,HYBRID_JANELIA::hybrid_static_siprobe::rec_32c_600s_21::KiloSort2::15,HYBRID_JANELIA::hybrid_static_siprobe::rec_32c_600s_21,HYBRID_JANELIA,hybrid,domain_a,-3.6104487155147478,-2.7491718394851095,2.357484953706664
hybrid_vs_paired_all,HYBRID_JANELIA::hybrid_drift_siprobe::rec_32c_600s_31::MountainSort4::114,HYBRID_JANELIA::hybrid_drift_siprobe::rec_32c_600s_31,HYBRID_JANELIA,hybrid,domain_a,-2.327593607108347,-1.6620428573857902,1.6001758153478907
hybrid_vs_paired_all,HYBRID_JANELIA::hybrid_drift_siprobe::rec_16c_1200s_31::SpykingCircus::10,HYBRID_JANELIA::hybrid_drift_siprobe::rec_16c_1200s_31,HYBRID_JANELIA,hybrid,domain_a,-2.9142688038657854,-0.6473260491693297,0.8310967326737129
hybrid_vs_paired_all,HYBRID_JANELIA::hybrid_drift_siprobe::rec_64c_1200s_11::SpykingCircus::98,HYBRID_JANELIA::hybrid_drift_siprobe::rec_64c_1200s_11,HYBRID_JANELIA,hybrid,domain_a,-2.95716439222657,-2.1841647453478403,-0.1481664595453966
hybrid_vs_paired_all,HYBRID_JANELIA::hybrid_drift_siprobe::rec_16c_1200s_21::JRClust::22,HYBRID_JANELIA::hybrid_drift_siprobe::rec_16c_1200s_21,HYBRID_JANELIA,hybrid,domain_a,-2.944524804185897,-1.3361420327025861,3.839866634203771
hybrid_vs_paired_all,HYBRID_JANELIA::hybrid_drift_siprobe::rec_64c_600s_12::MountainSort4::295,HYBRID_JANELIA::hybrid_drift_siprobe::rec_64c_600s_12,HYBRID_JANELIA,hybrid,domain_a,-2.540114568677702,-1.5726143539934883,0.3575631930314253
hybrid_vs_paired_all,HYBRID_JANELIA::hybrid_static_siprobe::rec_32c_1200s_11::IronClust::2,HYBRID_JANELIA::hybrid_static_siprobe::rec_32c_1200s_11,HYBRID_JANELIA,hybrid,domain_a,-2.9947925327824056,-2.8909243058483574,2.16784986474124
hybrid_vs_paired_all,HYBRID_JANELIA::hybrid_drift_siprobe::rec_16c_600s_22::JRClust::17,HYBRID_JANELIA::hybrid_drift_siprobe::rec_16c_600s_22,HYBRID_JANELIA,hybrid,domain_a,-2.2927509181939563,-1.712961474026712,3.401675805623319
hybrid_vs_paired_all,HYBRID_JANELIA::hybrid_static_siprobe::rec_32c_600s_21::HerdingSpikes2::13,HYBRID_JANELIA::hybrid_static_siprobe::rec_32c_600s_21,HYBRID_JANELIA,hybrid,domain_a,-3.7154308069284956,-2.2749665059172854,2.423489494897633
hybrid_vs_paired_all,HYBRID_JANELIA::hybrid_drift_siprobe::rec_16c_600s_31::Tridesclous::8,HYBRID_JANELIA::hybrid_drift_siprobe::rec_16c_600s_31,HYBRID_JANELIA,hybrid,domain_a,-2.570242569371878,-2.033000881173968,1.8143402442627605
hybrid_vs_paired_all,HYBRID_JANELIA::hybrid_drift_siprobe::rec_16c_1200s_31::MountainSort4::100,HYBRID_JANELIA::hybrid_drift_siprobe::rec_16c_1200s_31,HYBRID_JANELIA,hybrid,domain_a,-2.4605292623584587,-1.7633657016217175,1.596677007510348
hybrid_vs_paired_all,HYBRID_JANELIA::hybrid_drift_siprobe::rec_64c_600s_11::MountainSort4::292,HYBRID_JANELIA::hybrid_drift_siprobe::rec_64c_600s_11,HYBRID_JANELIA,hybrid,domain_a,-3.9066492808874287,-2.895750702146293,2.323893554778781
hybrid_vs_paired_all,HYBRID_JANELIA::hybrid_static_siprobe::rec_32c_1200s_31::IronClust::40,HYBRID_JANELIA::hybrid_static_siprobe::rec_32c_1200s_31,HYBRID_JANELIA,hybrid,domain_a,-2.6539953048714016,-2.0811363085227237,1.2802370607298859
hybrid_vs_paired_all,HYBRID_JANELIA::hybrid_static_siprobe::rec_32c_600s_12::MountainSort4::96,HYBRID_JANELIA::hybrid_static_siprobe::rec_32c_600s_12,HYBRID_JANELIA,hybrid,domain_a,-2.20048886954465,-2.3026947713393544,2.735262500949987
hybrid_vs_paired_all,HYBRID_JANELIA::hybrid_static_siprobe::rec_32c_1200s_11::MountainSort4::98,HYBRID_JANELIA::hybrid_static_siprobe::rec_32c_1200s_11,HYBRID_JANELIA,hybrid,domain_a,-1.830895554692458,-0.5457141770352705,-0.6242106627155276
hybrid_vs_paired_all,HYBRID_JANELIA::hybrid_drift_siprobe::rec_32c_600s_12::MountainSort4::130,HYBRID_JANELIA::hybrid_drift_siprobe::rec_32c_600s_12,HYBRID_JANELIA,hybrid,domain_a,-3.9610291263011645,-2.9197564076639715,2.9880707476654145
hybrid_vs_paired_all,HYBRID_JANELIA::hybrid_static_siprobe::rec_32c_600s_31::JRClust::33,HYBRID_JANELIA::hybrid_static_siprobe::rec_32c_600s_31,HYBRID_JANELIA,hybrid,domain_a,-2.064116804088501,-1.7797248846407758,0.33773454113188367
hybrid_vs_paired_all,HYBRID_JANELIA::hybrid_drift_siprobe::rec_16c_600s_31::KiloSort2::3,HYBRID_JANELIA::hybrid_drift_siprobe::rec_16c_600s_31,HYBRID_JANELIA,hybrid,domain_a,-2.7887322979288705,-1.13406660932224,-0.314764277460075
hybrid_vs_paired_all,HYBRID_JANELIA::hybrid_static_siprobe::rec_32c_600s_31::HerdingSpikes2::39,HYBRID_JANELIA::hybrid_static_siprobe::rec_32c_600s_31,HYBRID_JANELIA,hybrid,domain_a,-2.017060767255049,-0.001502971472444973,2.255714533438314
hybrid_vs_paired_all,HYBRID_JANELIA::hybrid_drift_tetrode::rec_4c_1200s_21::Tridesclous::2,HYBRID_JANELIA::hybrid_drift_tetrode::rec_4c_1200s_21,HYBRID_JANELIA,hybrid,domain_a,-2.375324688279267,-1.5013125126763038,0.7132762321273279
hybrid_vs_paired_all,HYBRID_JANELIA::hybrid_drift_siprobe::rec_16c_600s_31::MountainSort4::53,HYBRID_JANELIA::hybrid_drift_siprobe::rec_16c_600s_31,HYBRID_JANELIA,hybrid,domain_a,-2.2964626223425797,-1.6020292729209091,1.3499673113668746
hybrid_vs_paired_all,HYBRID_JANELIA::hybrid_drift_siprobe::rec_16c_1200s_11::MountainSort4::68,HYBRID_JANELIA::hybrid_drift_siprobe::rec_16c_1200s_11,HYBRID_JANELIA,hybrid,domain_a,-3.1591304877689974,-1.8464890528848938,3.7113615999947442
hybrid_vs_paired_all,HYBRID_JANELIA::hybrid_static_siprobe::rec_32c_600s_31::MountainSort4::49,HYBRID_JANELIA::hybrid_static_siprobe::rec_32c_600s_31,HYBRID_JANELIA,hybrid,domain_a,-2.5013578102557825,-1.8910380440138523,1.1090714159776704
hybrid_vs_paired_all,HYBRID_JANELIA::hybrid_drift_siprobe::rec_64c_600s_12::HerdingSpikes2::86,HYBRID_JANELIA::hybrid_drift_siprobe::rec_64c_600s_12,HYBRID_JANELIA,hybrid,domain_a,-2.6201629279774266,-1.5580848895322308,1.8457933621439244
hybrid_vs_paired_all,HYBRID_JANELIA::hybrid_drift_siprobe::rec_32c_600s_31::JRClust::40,HYBRID_JANELIA::hybrid_drift_siprobe::rec_32c_600s_31,HYBRID_JANELIA,hybrid,domain_a,-2.9373660756054676,-1.6146965076486761,0.9763957245829982
hybrid_vs_paired_all,HYBRID_JANELIA::hybrid_drift_tetrode::rec_4c_1200s_31::JRClust::9,HYBRID_JANELIA::hybrid_drift_tetrode::rec_4c_1200s_31,HYBRID_JANELIA,hybrid,domain_a,-1.7514905999201866,-1.7010586767197944,0.932755853236633
hybrid_vs_paired_all,HYBRID_JANELIA::hybrid_drift_siprobe::rec_32c_600s_11::HerdingSpikes2::60,HYBRID_JANELIA::hybrid_drift_siprobe::rec_32c_600s_11,HYBRID_JANELIA,hybrid,domain_a,-1.5512324169558613,0.6073438126091634,2.3677810332395484
hybrid_vs_paired_all,HYBRID_JANELIA::hybrid_static_siprobe::rec_16c_600s_31::MountainSort4::56,HYBRID_JANELIA::hybrid_static_siprobe::rec_16c_600s_31,HYBRID_JANELIA,hybrid,domain_a,-3.954115147250229,-1.7941588840621696,1.6564935673193308
hybrid_vs_paired_all,HYBRID_JANELIA::hybrid_static_siprobe::rec_32c_600s_31::JRClust::20,HYBRID_JANELIA::hybrid_static_siprobe::rec_32c_600s_31,HYBRID_JANELIA,hybrid,domain_a,-2.919879146260049,-1.0520202536795102,3.184167082905191
hybrid_vs_paired_all,HYBRID_JANELIA::hybrid_drift_siprobe::rec_16c_1200s_11::IronClust::3,HYBRID_JANELIA::hybrid_drift_siprobe::rec_16c_1200s_11,HYBRID_JANELIA,hybrid,domain_a,-3.460515943216873,-1.6726035121847271,1.8161038323403478
hybrid_vs_paired_all,HYBRID_JANELIA::hybrid_static_siprobe::rec_32c_1200s_31::Tridesclous::30,HYBRID_JANELIA::hybrid_static_siprobe::rec_32c_1200s_31,HYBRID_JANELIA,hybrid,domain_a,-3.3552740516727484,-2.948747686634876,2.9401816528940277
hybrid_vs_paired_all,HYBRID_JANELIA::hybrid_drift_siprobe::rec_16c_600s_12::JRClust::25,HYBRID_JANELIA::hybrid_drift_siprobe::rec_16c_600s_12,HYBRID_JANELIA,hybrid,domain_a,-2.698000246357357,-1.4759692822620682,1.9697846901070832
hybrid_vs_paired_all,HYBRID_JANELIA::hybrid_drift_siprobe::rec_32c_1200s_11::Tridesclous::6,HYBRID_JANELIA::hybrid_drift_siprobe::rec_32c_1200s_11,HYBRID_JANELIA,hybrid,domain_a,-2.4427094206531477,-1.6273202762095738,1.9742971296790919
hybrid_vs_paired_all,HYBRID_JANELIA::hybrid_drift_siprobe::rec_64c_600s_11::KiloSort::20,HYBRID_JANELIA::hybrid_drift_siprobe::rec_64c_600s_11,HYBRID_JANELIA,hybrid,domain_a,-2.8906156385188777,-1.664356343519083,0.9368903216061565
hybrid_vs_paired_all,HYBRID_JANELIA::hybrid_static_siprobe::rec_32c_1200s_21::SpykingCircus::43,HYBRID_JANELIA::hybrid_static_siprobe::rec_32c_1200s_21,HYBRID_JANELIA,hybrid,domain_a,-3.364237452308382,-2.472304052698523,0.7657934094630968
hybrid_vs_paired_all,HYBRID_JANELIA::hybrid_drift_siprobe::rec_16c_600s_21::HerdingSpikes2::1,HYBRID_JANELIA::hybrid_drift_siprobe::rec_16c_600s_21,HYBRID_JANELIA,hybrid,domain_a,-3.038055690157576,-1.3402122505801533,2.435918488080246
hybrid_vs_paired_all,HYBRID_JANELIA::hybrid_drift_tetrode::rec_4c_1200s_31::KiloSort2::9,HYBRID_JANELIA::hybrid_drift_tetrode::rec_4c_1200s_31,HYBRID_JANELIA,hybrid,domain_a,-2.333735038675685,-1.6288846215494315,1.7452628782211155
hybrid_vs_paired_all,HYBRID_JANELIA::hybrid_static_siprobe::rec_16c_600s_32::Tridesclous::4,HYBRID_JANELIA::hybrid_static_siprobe::rec_16c_600s_32,HYBRID_JANELIA,hybrid,domain_a,-2.5205781596377346,-2.2476333246251317,1.3920068183991485
hybrid_vs_paired_all,HYBRID_JANELIA::hybrid_drift_siprobe::rec_64c_600s_11::SpykingCircus::61,HYBRID_JANELIA::hybrid_drift_siprobe::rec_64c_600s_11,HYBRID_JANELIA,hybrid,domain_a,-2.694055337532999,-1.7920610657971254,0.833087713722218
hybrid_vs_paired_all,HYBRID_JANELIA::hybrid_drift_siprobe::rec_64c_1200s_11::Tridesclous::7,HYBRID_JANELIA::hybrid_drift_siprobe::rec_64c_1200s_11,HYBRID_JANELIA,hybrid,domain_a,-2.593346559966671,-1.6842479661244971,-0.22206161620089712
hybrid_vs_paired_all,HYBRID_JANELIA::hybrid_drift_siprobe::rec_32c_600s_12::JRClust::19,HYBRID_JANELIA::hybrid_drift_siprobe::rec_32c_600s_12,HYBRID_JANELIA,hybrid,domain_a,-3.33770181603767,-1.897743984571296,0.7868505935093317
hybrid_vs_paired_all,HYBRID_JANELIA::hybrid_drift_siprobe::rec_32c_600s_11::MountainSort4::72,HYBRID_JANELIA::hybrid_drift_siprobe::rec_32c_600s_11,HYBRID_JANELIA,hybrid,domain_a,-1.995904260118814,-0.32433028499920696,0.7180492086820317
hybrid_vs_paired_all,HYBRID_JANELIA::hybrid_drift_siprobe::rec_64c_600s_11::KiloSort2::66,HYBRID_JANELIA::hybrid_drift_siprobe::rec_64c_600s_11,HYBRID_JANELIA,hybrid,domain_a,-3.1522576637044093,-2.073403262238438,0.18569913693510304
hybrid_vs_paired_all,HYBRID_JANELIA::hybrid_drift_tetrode::rec_4c_600s_21::KiloSort2::15,HYBRID_JANELIA::hybrid_drift_tetrode::rec_4c_600s_21,HYBRID_JANELIA,hybrid,domain_a,-3.3196031787810383,-1.9234734225158423,3.3314164512576236
hybrid_vs_paired_all,HYBRID_JANELIA::hybrid_drift_siprobe::rec_32c_600s_11::KiloSort::59,HYBRID_JANELIA::hybrid_drift_siprobe::rec_32c_600s_11,HYBRID_JANELIA,hybrid,domain_a,-3.0786366669276988,-0.3979959690166496,1.485681589752911
hybrid_vs_paired_all,HYBRID_JANELIA::hybrid_drift_siprobe::rec_64c_1200s_11::JRClust::128,HYBRID_JANELIA::hybrid_drift_siprobe::rec_64c_1200s_11,HYBRID_JANELIA,hybrid,domain_a,-2.1387861527212486,0.29237771422240016,2.261827667297026
hybrid_vs_paired_all,HYBRID_JANELIA::hybrid_drift_siprobe::rec_32c_600s_22::JRClust::42,HYBRID_JANELIA::hybrid_drift_siprobe::rec_32c_600s_22,HYBRID_JANELIA,hybrid,domain_a,-3.3058105694054576,-1.6366617583573733,3.62841210026284
hybrid_vs_paired_all,HYBRID_JANELIA::hybrid_static_siprobe::rec_32c_600s_12::MountainSort4::33,HYBRID_JANELIA::hybrid_static_siprobe::rec_32c_600s_12,HYBRID_JANELIA,hybrid,domain_a,-3.3343924067906032,-1.7924142325365153,1.848416166717933
hybrid_vs_paired_all,HYBRID_JANELIA::hybrid_drift_siprobe::rec_32c_600s_11::IronClust::13,HYBRID_JANELIA::hybrid_drift_siprobe::rec_32c_600s_11,HYBRID_JANELIA,hybrid,domain_a,-2.923631948951476,-1.8722857629188034,2.1581012959026378
hybrid_vs_paired_all,HYBRID_JANELIA::hybrid_drift_siprobe::rec_64c_600s_11::KiloSort::82,HYBRID_JANELIA::hybrid_drift_siprobe::rec_64c_600s_11,HYBRID_JANELIA,hybrid,domain_a,-3.236404651912303,-2.5219756900419603,3.1919854514607886
hybrid_vs_paired_all,HYBRID_JANELIA::hybrid_drift_siprobe::rec_32c_600s_21::HerdingSpikes2::27,HYBRID_JANELIA::hybrid_drift_siprobe::rec_32c_600s_21,HYBRID_JANELIA,hybrid,domain_a,-2.684778705919645,-1.6924964183762767,1.644489611268511
hybrid_vs_paired_all,HYBRID_JANELIA::hybrid_drift_siprobe::rec_32c_1200s_21::SpykingCircus::33,HYBRID_JANELIA::hybrid_drift_siprobe::rec_32c_1200s_21,HYBRID_JANELIA,hybrid,domain_a,-3.4792741235918125,-2.70042884035478,2.333305240117297
hybrid_vs_paired_all,HYBRID_JANELIA::hybrid_drift_siprobe::rec_32c_1200s_31::HerdingSpikes2::70,HYBRID_JANELIA::hybrid_drift_siprobe::rec_32c_1200s_31,HYBRID_JANELIA,hybrid,domain_a,-2.1902914705374816,-1.4538228542273786,0.9909412811352081
hybrid_vs_paired_all,HYBRID_JANELIA::hybrid_static_siprobe::rec_16c_600s_21::Tridesclous::11,HYBRID_JANELIA::hybrid_static_siprobe::rec_16c_600s_21,HYBRID_JANELIA,hybrid,domain_a,-3.346043897987326,-2.305576875166924,2.9883276458816264
hybrid_vs_paired_all,HYBRID_JANELIA::hybrid_static_tetrode::rec_4c_1200s_11::JRClust::1,HYBRID_JANELIA::hybrid_static_tetrode::rec_4c_1200s_11,HYBRID_JANELIA,hybrid,domain_a,-2.0726217751271765,-1.9316211642632013,1.3130794823136283
hybrid_vs_paired_all,HYBRID_JANELIA::hybrid_drift_siprobe::rec_32c_1200s_31::KiloSort2::32,HYBRID_JANELIA::hybrid_drift_siprobe::rec_32c_1200s_31,HYBRID_JANELIA,hybrid,domain_a,-2.7840128595868046,-1.8835338559090697,0.5496442911693095
hybrid_vs_paired_all,HYBRID_JANELIA::hybrid_drift_siprobe::rec_16c_600s_22::SpykingCircus::0,HYBRID_JANELIA::hybrid_drift_siprobe::rec_16c_600s_22,HYBRID_JANELIA,hybrid,domain_a,-2.7510160392797607,-1.2200202456689948,-0.7573582941023278
hybrid_vs_paired_all,HYBRID_JANELIA::hybrid_static_siprobe::rec_16c_1200s_31::IronClust::14,HYBRID_JANELIA::hybrid_static_siprobe::rec_16c_1200s_31,HYBRID_JANELIA,hybrid,domain_a,-2.394262786879166,-1.5820010353397949,0.5956230410513219
hybrid_vs_paired_all,HYBRID_JANELIA::hybrid_drift_siprobe::rec_16c_600s_21::SpykingCircus::25,HYBRID_JANELIA::hybrid_drift_siprobe::rec_16c_600s_21,HYBRID_JANELIA,hybrid,domain_a,-3.4932220738019337,-2.050028201637573,2.715178447756544
hybrid_vs_paired_all,HYBRID_JANELIA::hybrid_static_tetrode::rec_4c_1200s_11::MountainSort4::14,HYBRID_JANELIA::hybrid_static_tetrode::rec_4c_1200s_11,HYBRID_JANELIA,hybrid,domain_a,-2.5427204153159577,-1.9783510178470511,2.1662427189080056
hybrid_vs_paired_all,HYBRID_JANELIA::hybrid_drift_tetrode::rec_4c_600s_32::IronClust::10,HYBRID_JANELIA::hybrid_drift_tetrode::rec_4c_600s_32,HYBRID_JANELIA,hybrid,domain_a,-2.3496577858419947,-1.568674352974491,1.5645441292462035
hybrid_vs_paired_all,HYBRID_JANELIA::hybrid_drift_siprobe::rec_32c_1200s_31::SpykingCircus::2,HYBRID_JANELIA::hybrid_drift_siprobe::rec_32c_1200s_31,HYBRID_JANELIA,hybrid,domain_a,-3.5128164162377877,-2.279115713701188,3.4807820185896894
hybrid_vs_paired_all,HYBRID_JANELIA::hybrid_static_siprobe::rec_32c_600s_22::KiloSort2::22,HYBRID_JANELIA::hybrid_static_siprobe::rec_32c_600s_22,HYBRID_JANELIA,hybrid,domain_a,-2.9928602801232236,-2.38077960211954,2.8201254413892807
hybrid_vs_paired_all,HYBRID_JANELIA::hybrid_static_siprobe::rec_32c_1200s_31::KiloSort::12,HYBRID_JANELIA::hybrid_static_siprobe::rec_32c_1200s_31,HYBRID_JANELIA,hybrid,domain_a,-2.644715633218521,-2.2944432755277817,1.1353086230215872
hybrid_vs_paired_all,HYBRID_JANELIA::hybrid_drift_siprobe::rec_32c_1200s_21::IronClust::16,HYBRID_JANELIA::hybrid_drift_siprobe::rec_32c_1200s_21,HYBRID_JANELIA,hybrid,domain_a,-2.7158271463573755,-2.718099603534253,4.183286750757701
hybrid_vs_paired_all,HYBRID_JANELIA::hybrid_static_tetrode::rec_4c_600s_22::KiloSort::1,HYBRID_JANELIA::hybrid_static_tetrode::rec_4c_600s_22,HYBRID_JANELIA,hybrid,domain_a,-2.8345181776895076,-2.1876478590229604,0.6938085355231801
hybrid_vs_paired_all,HYBRID_JANELIA::hybrid_drift_siprobe::rec_64c_600s_11::MountainSort4::240,HYBRID_JANELIA::hybrid_drift_siprobe::rec_64c_600s_11,HYBRID_JANELIA,hybrid,domain_a,-1.5234563967094559,-1.0296494006883559,-0.3079952246404086
hybrid_vs_paired_all,HYBRID_JANELIA::hybrid_drift_siprobe::rec_32c_600s_31::MountainSort4::81,HYBRID_JANELIA::hybrid_drift_siprobe::rec_32c_600s_31,HYBRID_JANELIA,hybrid,domain_a,-2.716105119757605,-2.0823712216107806,1.892508322972261
hybrid_vs_paired_all,HYBRID_JANELIA::hybrid_static_siprobe::rec_64c_600s_11::IronClust::55,HYBRID_JANELIA::hybrid_static_siprobe::rec_64c_600s_11,HYBRID_JANELIA,hybrid,domain_a,-2.7641340110871884,-2.252168048734604,0.7318536253678843
hybrid_vs_paired_all,HYBRID_JANELIA::hybrid_static_siprobe::rec_64c_1200s_11::MountainSort4::101,HYBRID_JANELIA::hybrid_static_siprobe::rec_64c_1200s_11,HYBRID_JANELIA,hybrid,domain_a,-2.5695966152856364,-1.694979585462553,0.13032843149554585
hybrid_vs_paired_all,HYBRID_JANELIA::hybrid_static_siprobe::rec_16c_600s_32::MountainSort4::76,HYBRID_JANELIA::hybrid_static_siprobe::rec_16c_600s_32,HYBRID_JANELIA,hybrid,domain_a,-2.7373745636106808,0.14038660805872583,1.8690016249838397
hybrid_vs_paired_all,HYBRID_JANELIA::hybrid_drift_siprobe::rec_64c_600s_12::MountainSort4::14,HYBRID_JANELIA::hybrid_drift_siprobe::rec_64c_600s_12,HYBRID_JANELIA,hybrid,domain_a,-2.552992209768556,-1.4319759182982335,0.08677129153300683
hybrid_vs_paired_all,HYBRID_JANELIA::hybrid_drift_siprobe::rec_16c_1200s_31::Tridesclous::5,HYBRID_JANELIA::hybrid_drift_siprobe::rec_16c_1200s_31,HYBRID_JANELIA,hybrid,domain_a,-2.6653134810149117,-1.5722735383879525,1.4835711538117942
hybrid_vs_paired_all,HYBRID_JANELIA::hybrid_static_tetrode::rec_4c_600s_32::IronClust::11,HYBRID_JANELIA::hybrid_static_tetrode::rec_4c_600s_32,HYBRID_JANELIA,hybrid,domain_a,-2.4182429364736584,-2.265786554972532,1.893689435862141
hybrid_vs_paired_all,HYBRID_JANELIA::hybrid_static_siprobe::rec_16c_600s_11::MountainSort4::17,HYBRID_JANELIA::hybrid_static_siprobe::rec_16c_600s_11,HYBRID_JANELIA,hybrid,domain_a,-2.1943132960242733,-1.6537413020272627,0.23693272841809865
hybrid_vs_paired_all,HYBRID_JANELIA::hybrid_drift_siprobe::rec_32c_600s_12::IronClust::45,HYBRID_JANELIA::hybrid_drift_siprobe::rec_32c_600s_12,HYBRID_JANELIA,hybrid,domain_a,-3.7331004806936727,-1.8796165959390638,3.0585712073349063
hybrid_vs_paired_all,HYBRID_JANELIA::hybrid_drift_siprobe::rec_16c_600s_31::MountainSort4::104,HYBRID_JANELIA::hybrid_drift_siprobe::rec_16c_600s_31,HYBRID_JANELIA,hybrid,domain_a,-2.905700516837618,-1.4197332470187876,1.0340926292245347
hybrid_vs_paired_all,HYBRID_JANELIA::hybrid_drift_siprobe::rec_32c_600s_32::KiloSort::90,HYBRID_JANELIA::hybrid_drift_siprobe::rec_32c_600s_32,HYBRID_JANELIA,hybrid,domain_a,-3.5252369401807844,-0.6197962030833736,1.8340310207713388
hybrid_vs_paired_all,HYBRID_JANELIA::hybrid_drift_tetrode::rec_4c_600s_21::KiloSort2::6,HYBRID_JANELIA::hybrid_drift_tetrode::rec_4c_600s_21,HYBRID_JANELIA,hybrid,domain_a,-2.4120421150388096,-1.8568289866356986,0.8745593816374791
hybrid_vs_paired_all,HYBRID_JANELIA::hybrid_static_siprobe::rec_32c_600s_31::MountainSort4::60,HYBRID_JANELIA::hybrid_static_siprobe::rec_32c_600s_31,HYBRID_JANELIA,hybrid,domain_a,-3.6416634107315007,-2.828256782616254,3.1682433078152226
hybrid_vs_paired_all,HYBRID_JANELIA::hybrid_static_tetrode::rec_4c_600s_32::JRClust::6,HYBRID_JANELIA::hybrid_static_tetrode::rec_4c_600s_32,HYBRID_JANELIA,hybrid,domain_a,-2.3000477219326374,-0.9125139916799025,-1.079381465543231
hybrid_vs_paired_all,HYBRID_JANELIA::hybrid_static_tetrode::rec_4c_600s_32::SpykingCircus::4,HYBRID_JANELIA::hybrid_static_tetrode::rec_4c_600s_32,HYBRID_JANELIA,hybrid,domain_a,-2.762553655550819,-2.192806442013107,0.9655672018871712
hybrid_vs_paired_all,HYBRID_JANELIA::hybrid_drift_siprobe::rec_32c_600s_21::KiloSort::2,HYBRID_JANELIA::hybrid_drift_siprobe::rec_32c_600s_21,HYBRID_JANELIA,hybrid,domain_a,-2.8962282523403857,-1.8113489048222557,2.5258405284256904
hybrid_vs_paired_all,HYBRID_JANELIA::hybrid_drift_siprobe::rec_64c_600s_11::HerdingSpikes2::29,HYBRID_JANELIA::hybrid_drift_siprobe::rec_64c_600s_11,HYBRID_JANELIA,hybrid,domain_a,-2.8285270829494222,-1.9916736599108233,2.6325654644195384
hybrid_vs_paired_all,HYBRID_JANELIA::hybrid_drift_siprobe::rec_32c_1200s_21::JRClust::91,HYBRID_JANELIA::hybrid_drift_siprobe::rec_32c_1200s_21,HYBRID_JANELIA,hybrid,domain_a,-2.358441884529624,-0.24601610557502665,1.7155822015764117
hybrid_vs_paired_all,HYBRID_JANELIA::hybrid_drift_siprobe::rec_64c_600s_11::JRClust::178,HYBRID_JANELIA::hybrid_drift_siprobe::rec_64c_600s_11,HYBRID_JANELIA,hybrid,domain_a,-3.4178041208850654,-2.24278018371296,1.7814230095075532
hybrid_vs_paired_all,HYBRID_JANELIA::hybrid_static_siprobe::rec_64c_600s_12::KiloSort2::0,HYBRID_JANELIA::hybrid_static_siprobe::rec_64c_600s_12,HYBRID_JANELIA,hybrid,domain_a,-3.067111712062229,-2.2714325260298445,0.5225572173942931
hybrid_vs_paired_all,HYBRID_JANELIA::hybrid_drift_siprobe::rec_32c_600s_12::Tridesclous::9,HYBRID_JANELIA::hybrid_drift_siprobe::rec_32c_600s_12,HYBRID_JANELIA,hybrid,domain_a,-2.5972698395110334,-1.6016212836147163,0.8650374475838989
hybrid_vs_paired_all,HYBRID_JANELIA::hybrid_drift_siprobe::rec_64c_600s_11::Tridesclous::67,HYBRID_JANELIA::hybrid_drift_siprobe::rec_64c_600s_11,HYBRID_JANELIA,hybrid,domain_a,-2.791074136342947,-2.1129056661703083,2.349513772606993
hybrid_vs_paired_all,HYBRID_JANELIA::hybrid_static_siprobe::rec_64c_600s_12::MountainSort4::73,HYBRID_JANELIA::hybrid_static_siprobe::rec_64c_600s_12,HYBRID_JANELIA,hybrid,domain_a,-3.064892589362431,-2.7961765428331438,2.1411486357990084
hybrid_vs_paired_all,HYBRID_JANELIA::hybrid_drift_tetrode::rec_4c_600s_21::JRClust::11,HYBRID_JANELIA::hybrid_drift_tetrode::rec_4c_600s_21,HYBRID_JANELIA,hybrid,domain_a,-2.559087396675853,-1.994381611987717,2.981718072308826
hybrid_vs_paired_all,HYBRID_JANELIA::hybrid_drift_siprobe::rec_64c_600s_11::JRClust::26,HYBRID_JANELIA::hybrid_drift_siprobe::rec_64c_600s_11,HYBRID_JANELIA,hybrid,domain_a,-2.5258273349707694,-2.245006752070327,-0.2794180086930689
hybrid_vs_paired_all,HYBRID_JANELIA::hybrid_static_siprobe::rec_32c_1200s_31::IronClust::31,HYBRID_JANELIA::hybrid_static_siprobe::rec_32c_1200s_31,HYBRID_JANELIA,hybrid,domain_a,-3.637083528234858,-2.6821702138074075,1.9361252248122212
hybrid_vs_paired_all,HYBRID_JANELIA::hybrid_static_siprobe::rec_32c_600s_32::KiloSort::6,HYBRID_JANELIA::hybrid_static_siprobe::rec_32c_600s_32,HYBRID_JANELIA,hybrid,domain_a,-3.6068943861003273,-2.716501132253563,1.7246879798549108
hybrid_vs_paired_all,HYBRID_JANELIA::hybrid_static_siprobe::rec_32c_600s_31::SpykingCircus::29,HYBRID_JANELIA::hybrid_static_siprobe::rec_32c_600s_31,HYBRID_JANELIA,hybrid,domain_a,-2.767613157873137,-1.95024931217164,0.8341362535437775
hybrid_vs_paired_all,HYBRID_JANELIA::hybrid_static_siprobe::rec_64c_600s_12::JRClust::15,HYBRID_JANELIA::hybrid_static_siprobe::rec_64c_600s_12,HYBRID_JANELIA,hybrid,domain_a,-3.6721237914082017,-2.9694046333756723,2.4247364476776765
hybrid_vs_paired_all,HYBRID_JANELIA::hybrid_drift_siprobe::rec_32c_600s_11::Tridesclous::34,HYBRID_JANELIA::hybrid_drift_siprobe::rec_32c_600s_11,HYBRID_JANELIA,hybrid,domain_a,-2.5670696860779705,-1.653185040490673,0.9026649535849892
hybrid_vs_paired_all,HYBRID_JANELIA::hybrid_drift_siprobe::rec_16c_600s_11::KiloSort2::10,HYBRID_JANELIA::hybrid_drift_siprobe::rec_16c_600s_11,HYBRID_JANELIA,hybrid,domain_a,-3.723803290128722,-1.7081898265280537,2.46200712128626
hybrid_vs_paired_all,HYBRID_JANELIA::hybrid_drift_siprobe::rec_32c_600s_12::SpykingCircus::43,HYBRID_JANELIA::hybrid_drift_siprobe::rec_32c_600s_12,HYBRID_JANELIA,hybrid,domain_a,-2.786918546791866,-2.3654188965143153,3.4584843796492297
hybrid_vs_paired_all,HYBRID_JANELIA::hybrid_static_siprobe::rec_64c_1200s_11::MountainSort4::252,HYBRID_JANELIA::hybrid_static_siprobe::rec_64c_1200s_11,HYBRID_JANELIA,hybrid,domain_a,-2.4297955296961073,-0.9496412787499898,1.034280988260109
hybrid_vs_paired_all,HYBRID_JANELIA::hybrid_drift_siprobe::rec_16c_600s_31::MountainSort4::55,HYBRID_JANELIA::hybrid_drift_siprobe::rec_16c_600s_31,HYBRID_JANELIA,hybrid,domain_a,-2.579007181959884,-1.2957474990444726,1.9530227463458751
hybrid_vs_paired_all,HYBRID_JANELIA::hybrid_drift_siprobe::rec_64c_600s_12::JRClust::156,HYBRID_JANELIA::hybrid_drift_siprobe::rec_64c_600s_12,HYBRID_JANELIA,hybrid,domain_a,-2.8738824257228,-1.334581846605944,0.2969485232944739
hybrid_vs_paired_all,HYBRID_JANELIA::hybrid_static_siprobe::rec_16c_600s_32::MountainSort4::81,HYBRID_JANELIA::hybrid_static_siprobe::rec_16c_600s_32,HYBRID_JANELIA,hybrid,domain_a,-2.802709941392452,-1.6603688671289445,0.41873507429197093
hybrid_vs_paired_all,HYBRID_JANELIA::hybrid_static_siprobe::rec_32c_600s_22::MountainSort4::108,HYBRID_JANELIA::hybrid_static_siprobe::rec_32c_600s_22,HYBRID_JANELIA,hybrid,domain_a,-3.604890934568629,-2.3037012924414,3.7386252425858624
hybrid_vs_paired_all,HYBRID_JANELIA::hybrid_static_siprobe::rec_32c_600s_31::Tridesclous::21,HYBRID_JANELIA::hybrid_static_siprobe::rec_32c_600s_31,HYBRID_JANELIA,hybrid,domain_a,-2.9240474597949735,-2.075173491709432,-0.23981373027418765
hybrid_vs_paired_all,HYBRID_JANELIA::hybrid_drift_siprobe::rec_16c_600s_31::MountainSort4::83,HYBRID_JANELIA::hybrid_drift_siprobe::rec_16c_600s_31,HYBRID_JANELIA,hybrid,domain_a,-4.060299346177365,-3.0312331724011714,3.223171852385201
hybrid_vs_paired_all,HYBRID_JANELIA::hybrid_drift_siprobe::rec_16c_600s_31::MountainSort4::31,HYBRID_JANELIA::hybrid_drift_siprobe::rec_16c_600s_31,HYBRID_JANELIA,hybrid,domain_a,-2.442670494691491,-1.6622936770355263,1.9009386972341829
hybrid_vs_paired_all,HYBRID_JANELIA::hybrid_static_tetrode::rec_4c_600s_11::KiloSort::18,HYBRID_JANELIA::hybrid_static_tetrode::rec_4c_600s_11,HYBRID_JANELIA,hybrid,domain_a,-1.9755174363627341,-1.9555332409694444,0.9708746866661512
hybrid_vs_paired_all,HYBRID_JANELIA::hybrid_drift_siprobe::rec_64c_600s_12::MountainSort4::146,HYBRID_JANELIA::hybrid_drift_siprobe::rec_64c_600s_12,HYBRID_JANELIA,hybrid,domain_a,-3.103920690232504,-1.4795355019793919,0.9570827026697858
hybrid_vs_paired_all,HYBRID_JANELIA::hybrid_static_siprobe::rec_64c_600s_11::HerdingSpikes2::163,HYBRID_JANELIA::hybrid_static_siprobe::rec_64c_600s_11,HYBRID_JANELIA,hybrid,domain_a,-2.2360678096702347,-0.08180743582729784,1.1748220176075448
hybrid_vs_paired_all,HYBRID_JANELIA::hybrid_static_siprobe::rec_32c_600s_31::HerdingSpikes2::8,HYBRID_JANELIA::hybrid_static_siprobe::rec_32c_600s_31,HYBRID_JANELIA,hybrid,domain_a,-3.0863933694603043,-1.6439388566645494,0.9107053400182209
hybrid_vs_paired_all,HYBRID_JANELIA::hybrid_drift_siprobe::rec_16c_1200s_21::KiloSort2::13,HYBRID_JANELIA::hybrid_drift_siprobe::rec_16c_1200s_21,HYBRID_JANELIA,hybrid,domain_a,-2.621225031834493,-0.8570216331403084,2.249935391815222
hybrid_vs_paired_all,HYBRID_JANELIA::hybrid_drift_siprobe::rec_64c_600s_12::MountainSort4::184,HYBRID_JANELIA::hybrid_drift_siprobe::rec_64c_600s_12,HYBRID_JANELIA,hybrid,domain_a,-2.703911358119148,-2.034680862080118,2.6316052211733023
hybrid_vs_paired_all,HYBRID_JANELIA::hybrid_drift_siprobe::rec_32c_1200s_21::Tridesclous::59,HYBRID_JANELIA::hybrid_drift_siprobe::rec_32c_1200s_21,HYBRID_JANELIA,hybrid,domain_a,-2.4880013402266203,-2.0979493711108725,2.9967279971677803
hybrid_vs_paired_all,HYBRID_JANELIA::hybrid_static_siprobe::rec_64c_600s_11::JRClust::33,HYBRID_JANELIA::hybrid_static_siprobe::rec_64c_600s_11,HYBRID_JANELIA,hybrid,domain_a,-3.289286435493149,-0.7778029739443564,2.0666548738876545
hybrid_vs_paired_all,HYBRID_JANELIA::hybrid_static_siprobe::rec_32c_600s_32::JRClust::4,HYBRID_JANELIA::hybrid_static_siprobe::rec_32c_600s_32,HYBRID_JANELIA,hybrid,domain_a,-2.8534177383616965,-1.6265306340619825,1.9972648271950377
hybrid_vs_paired_all,HYBRID_JANELIA::hybrid_drift_siprobe::rec_64c_1200s_11::JRClust::62,HYBRID_JANELIA::hybrid_drift_siprobe::rec_64c_1200s_11,HYBRID_JANELIA,hybrid,domain_a,-2.385126451795504,-0.8038099783686055,-1.14907951900485
hybrid_vs_paired_all,HYBRID_JANELIA::hybrid_static_siprobe::rec_16c_1200s_21::Tridesclous::2,HYBRID_JANELIA::hybrid_static_siprobe::rec_16c_1200s_21,HYBRID_JANELIA,hybrid,domain_a,-2.7174401752090316,-1.5890932445103159,-0.708286623758567
hybrid_vs_paired_all,HYBRID_JANELIA::hybrid_static_siprobe::rec_32c_600s_31::JRClust::29,HYBRID_JANELIA::hybrid_static_siprobe::rec_32c_600s_31,HYBRID_JANELIA,hybrid,domain_a,-3.5619088495950573,-0.9641447229543083,1.5759848577051374
hybrid_vs_paired_all,HYBRID_JANELIA::hybrid_static_siprobe::rec_16c_600s_32::KiloSort2::10,HYBRID_JANELIA::hybrid_static_siprobe::rec_16c_600s_32,HYBRID_JANELIA,hybrid,domain_a,-2.524208787561754,-2.060331601002943,1.3474438284571906
hybrid_vs_paired_all,HYBRID_JANELIA::hybrid_static_siprobe::rec_32c_600s_12::KiloSort::31,HYBRID_JANELIA::hybrid_static_siprobe::rec_32c_600s_12,HYBRID_JANELIA,hybrid,domain_a,-3.0850906520597663,-2.576647171733267,2.6118198288479975
hybrid_vs_paired_all,HYBRID_JANELIA::hybrid_drift_siprobe::rec_32c_600s_12::JRClust::11,HYBRID_JANELIA::hybrid_drift_siprobe::rec_32c_600s_12,HYBRID_JANELIA,hybrid,domain_a,-2.7631952599653844,-1.5853440912160608,0.9828472883568299
hybrid_vs_paired_all,HYBRID_JANELIA::hybrid_static_siprobe::rec_16c_600s_32::MountainSort4::4,HYBRID_JANELIA::hybrid_static_siprobe::rec_16c_600s_32,HYBRID_JANELIA,hybrid,domain_a,-2.6551360001848594,-1.868460313478117,1.5194672794334119
hybrid_vs_paired_all,HYBRID_JANELIA::hybrid_static_siprobe::rec_16c_600s_22::KiloSort::0,HYBRID_JANELIA::hybrid_static_siprobe::rec_16c_600s_22,HYBRID_JANELIA,hybrid,domain_a,-2.3411883248382344,-0.36510522539554785,2.4412578313461406
hybrid_vs_paired_all,HYBRID_JANELIA::hybrid_drift_siprobe::rec_64c_600s_11::MountainSort4::157,HYBRID_JANELIA::hybrid_drift_siprobe::rec_64c_600s_11,HYBRID_JANELIA,hybrid,domain_a,-2.5299732427969026,-1.4127652679545093,2.6312753862527622
hybrid_vs_paired_all,HYBRID_JANELIA::hybrid_drift_siprobe::rec_32c_1200s_21::MountainSort4::22,HYBRID_JANELIA::hybrid_drift_siprobe::rec_32c_1200s_21,HYBRID_JANELIA,hybrid,domain_a,-2.793521858874565,-1.813561774961285,2.3218323294492986
hybrid_vs_paired_all,HYBRID_JANELIA::hybrid_drift_siprobe::rec_16c_1200s_21::SpykingCircus::7,HYBRID_JANELIA::hybrid_drift_siprobe::rec_16c_1200s_21,HYBRID_JANELIA,hybrid,domain_a,-3.057996108066445,-1.3419820696586695,1.6282120219992946
hybrid_vs_paired_all,HYBRID_JANELIA::hybrid_drift_siprobe::rec_32c_1200s_11::HerdingSpikes2::30,HYBRID_JANELIA::hybrid_drift_siprobe::rec_32c_1200s_11,HYBRID_JANELIA,hybrid,domain_a,-2.9333235522783125,-1.8104584392053764,1.5061188791524385
hybrid_vs_paired_all,HYBRID_JANELIA::hybrid_static_siprobe::rec_16c_600s_31::MountainSort4::26,HYBRID_JANELIA::hybrid_static_siprobe::rec_16c_600s_31,HYBRID_JANELIA,hybrid,domain_a,-2.6932273272059972,-2.0678956034614493,1.9800675383850712
hybrid_vs_paired_all,HYBRID_JANELIA::hybrid_drift_siprobe::rec_64c_600s_12::KiloSort2::109,HYBRID_JANELIA::hybrid_drift_siprobe::rec_64c_600s_12,HYBRID_JANELIA,hybrid,domain_a,-2.5740670189262085,-1.9569366396342884,1.2015509895127223
hybrid_vs_paired_all,HYBRID_JANELIA::hybrid_drift_siprobe::rec_64c_1200s_11::HerdingSpikes2::127,HYBRID_JANELIA::hybrid_drift_siprobe::rec_64c_1200s_11,HYBRID_JANELIA,hybrid,domain_a,-2.1915655823418367,0.00038007788306458336,1.9495334739073467
hybrid_vs_paired_all,HYBRID_JANELIA::hybrid_static_siprobe::rec_16c_600s_21::Tridesclous::4,HYBRID_JANELIA::hybrid_static_siprobe::rec_16c_600s_21,HYBRID_JANELIA,hybrid,domain_a,-3.5405635711256065,-2.369744491211297,3.7491330880734774
hybrid_vs_paired_all,HYBRID_JANELIA::hybrid_static_siprobe::rec_32c_600s_11::MountainSort4::112,HYBRID_JANELIA::hybrid_static_siprobe::rec_32c_600s_11,HYBRID_JANELIA,hybrid,domain_a,-2.9502995341291296,-1.8655997345604745,0.8494298275113847
hybrid_vs_paired_all,HYBRID_JANELIA::hybrid_static_siprobe::rec_16c_600s_22::Tridesclous::7,HYBRID_JANELIA::hybrid_static_siprobe::rec_16c_600s_22,HYBRID_JANELIA,hybrid,domain_a,-3.2136019599268892,-1.7095712941991186,-0.6855478026511357
hybrid_vs_paired_all,HYBRID_JANELIA::hybrid_drift_siprobe::rec_64c_1200s_11::HerdingSpikes2::137,HYBRID_JANELIA::hybrid_drift_siprobe::rec_64c_1200s_11,HYBRID_JANELIA,hybrid,domain_a,-1.874936202903239,0.536400048014534,1.452368814096813
hybrid_vs_paired_all,HYBRID_JANELIA::hybrid_drift_tetrode::rec_4c_1200s_31::MountainSort4::15,HYBRID_JANELIA::hybrid_drift_tetrode::rec_4c_1200s_31,HYBRID_JANELIA,hybrid,domain_a,-2.3719865762689007,-1.6247300176405615,-0.256448675592198
hybrid_vs_paired_all,HYBRID_JANELIA::hybrid_static_tetrode::rec_4c_600s_32::Tridesclous::9,HYBRID_JANELIA::hybrid_static_tetrode::rec_4c_600s_32,HYBRID_JANELIA,hybrid,domain_a,-2.4043771303404666,-1.983865693649781,0.6021185444017637
hybrid_vs_paired_all,HYBRID_JANELIA::hybrid_drift_siprobe::rec_64c_600s_11::SpykingCircus::66,HYBRID_JANELIA::hybrid_drift_siprobe::rec_64c_600s_11,HYBRID_JANELIA,hybrid,domain_a,-3.3510729009247973,-1.5700982951343043,1.101213387132038
hybrid_vs_paired_all,HYBRID_JANELIA::hybrid_drift_siprobe::rec_64c_1200s_11::JRClust::35,HYBRID_JANELIA::hybrid_drift_siprobe::rec_64c_1200s_11,HYBRID_JANELIA,hybrid,domain_a,-2.5795374513404528,-2.03043928439209,1.7580069947610375
hybrid_vs_paired_all,HYBRID_JANELIA::hybrid_static_siprobe::rec_64c_600s_12::KiloSort::241,HYBRID_JANELIA::hybrid_static_siprobe::rec_64c_600s_12,HYBRID_JANELIA,hybrid,domain_a,-2.6490909559211673,-2.162423669486452,1.1948683452954552
hybrid_vs_paired_all,HYBRID_JANELIA::hybrid_static_siprobe::rec_16c_600s_21::SpykingCircus::0,HYBRID_JANELIA::hybrid_static_siprobe::rec_16c_600s_21,HYBRID_JANELIA,hybrid,domain_a,-3.1155936646928852,-1.3390415796217734,-0.7722967176356881
hybrid_vs_paired_all,HYBRID_JANELIA::hybrid_static_siprobe::rec_32c_600s_32::KiloSort::22,HYBRID_JANELIA::hybrid_static_siprobe::rec_32c_600s_32,HYBRID_JANELIA,hybrid,domain_a,-3.6472069867733516,-2.353675867653317,3.672098090993744
hybrid_vs_paired_all,HYBRID_JANELIA::hybrid_drift_siprobe::rec_32c_600s_21::MountainSort4::107,HYBRID_JANELIA::hybrid_drift_siprobe::rec_32c_600s_21,HYBRID_JANELIA,hybrid,domain_a,-3.284158715554787,-1.5923632768927802,1.853159527033813
hybrid_vs_paired_all,HYBRID_JANELIA::hybrid_static_siprobe::rec_32c_600s_21::SpykingCircus::27,HYBRID_JANELIA::hybrid_static_siprobe::rec_32c_600s_21,HYBRID_JANELIA,hybrid,domain_a,-2.7474288899172947,-2.0289202741681924,0.7221348403536105
hybrid_vs_paired_all,HYBRID_JANELIA::hybrid_static_siprobe::rec_16c_600s_31::HerdingSpikes2::46,HYBRID_JANELIA::hybrid_static_siprobe::rec_16c_600s_31,HYBRID_JANELIA,hybrid,domain_a,-2.738300024733457,-0.1957225761029871,4.187191632342046
hybrid_vs_paired_all,HYBRID_JANELIA::hybrid_drift_siprobe::rec_64c_600s_11::JRClust::55,HYBRID_JANELIA::hybrid_drift_siprobe::rec_64c_600s_11,HYBRID_JANELIA,hybrid,domain_a,-3.012295345037279,-1.581610060204442,1.170363587874998
hybrid_vs_paired_all,HYBRID_JANELIA::hybrid_static_siprobe::rec_64c_600s_11::MountainSort4::217,HYBRID_JANELIA::hybrid_static_siprobe::rec_64c_600s_11,HYBRID_JANELIA,hybrid,domain_a,-3.458347968180287,-2.7573921263770558,1.096532869511151
hybrid_vs_paired_all,HYBRID_JANELIA::hybrid_static_siprobe::rec_32c_600s_31::Tridesclous::39,HYBRID_JANELIA::hybrid_static_siprobe::rec_32c_600s_31,HYBRID_JANELIA,hybrid,domain_a,-2.790424113741153,-1.685223731758533,0.8324526825060871
hybrid_vs_paired_all,HYBRID_JANELIA::hybrid_drift_siprobe::rec_64c_600s_11::MountainSort4::329,HYBRID_JANELIA::hybrid_drift_siprobe::rec_64c_600s_11,HYBRID_JANELIA,hybrid,domain_a,-3.267139457124258,-2.911191148728162,2.577551439344405
hybrid_vs_paired_all,HYBRID_JANELIA::hybrid_drift_siprobe::rec_16c_600s_21::Tridesclous::20,HYBRID_JANELIA::hybrid_drift_siprobe::rec_16c_600s_21,HYBRID_JANELIA,hybrid,domain_a,-2.9135787273621165,-1.7741259359130845,1.1141989847381981
hybrid_vs_paired_all,HYBRID_JANELIA::hybrid_static_siprobe::rec_64c_1200s_11::HerdingSpikes2::12,HYBRID_JANELIA::hybrid_static_siprobe::rec_64c_1200s_11,HYBRID_JANELIA,hybrid,domain_a,-2.873907750597709,-1.9085033180482545,0.052139468893183105
hybrid_vs_paired_all,HYBRID_JANELIA::hybrid_drift_siprobe::rec_32c_1200s_31::MountainSort4::154,HYBRID_JANELIA::hybrid_drift_siprobe::rec_32c_1200s_31,HYBRID_JANELIA,hybrid,domain_a,-2.4678846753332837,-1.143756096808257,0.0334805708382217
hybrid_vs_paired_all,HYBRID_JANELIA::hybrid_drift_siprobe::rec_32c_600s_12::MountainSort4::31,HYBRID_JANELIA::hybrid_drift_siprobe::rec_32c_600s_12,HYBRID_JANELIA,hybrid,domain_a,-3.03525904613183,-1.5731066589736884,0.7635655104177339
hybrid_vs_paired_all,HYBRID_JANELIA::hybrid_static_tetrode::rec_4c_600s_21::Tridesclous::2,HYBRID_JANELIA::hybrid_static_tetrode::rec_4c_600s_21,HYBRID_JANELIA,hybrid,domain_a,-2.254991688930667,-2.0828695580264425,0.8372185911590546
hybrid_vs_paired_all,HYBRID_JANELIA::hybrid_drift_siprobe::rec_16c_600s_31::HerdingSpikes2::6,HYBRID_JANELIA::hybrid_drift_siprobe::rec_16c_600s_31,HYBRID_JANELIA,hybrid,domain_a,-2.785167218303133,-1.8881305228431504,2.3524532634320177
hybrid_vs_paired_all,HYBRID_JANELIA::hybrid_drift_siprobe::rec_16c_1200s_31::MountainSort4::27,HYBRID_JANELIA::hybrid_drift_siprobe::rec_16c_1200s_31,HYBRID_JANELIA,hybrid,domain_a,-3.635349125548966,-2.3847851962858346,2.5877736205479485
hybrid_vs_paired_all,HYBRID_JANELIA::hybrid_drift_siprobe::rec_32c_600s_31::MountainSort4::123,HYBRID_JANELIA::hybrid_drift_siprobe::rec_32c_600s_31,HYBRID_JANELIA,hybrid,domain_a,-2.6178965102686824,-1.8901906950990437,1.1895487193308512
hybrid_vs_paired_all,HYBRID_JANELIA::hybrid_static_siprobe::rec_64c_600s_12::SpykingCircus::20,HYBRID_JANELIA::hybrid_static_siprobe::rec_64c_600s_12,HYBRID_JANELIA,hybrid,domain_a,-3.2072706446130756,-2.8623701193921045,1.2222209669338922
hybrid_vs_paired_all,HYBRID_JANELIA::hybrid_drift_siprobe::rec_32c_1200s_21::KiloSort::48,HYBRID_JANELIA::hybrid_drift_siprobe::rec_32c_1200s_21,HYBRID_JANELIA,hybrid,domain_a,-3.2069775747608973,-2.5125977972341085,2.918378393712889
hybrid_vs_paired_all,HYBRID_JANELIA::hybrid_drift_siprobe::rec_32c_600s_12::HerdingSpikes2::15,HYBRID_JANELIA::hybrid_drift_siprobe::rec_32c_600s_12,HYBRID_JANELIA,hybrid,domain_a,-2.569785150819603,-1.9892230012490932,2.3023521667232636
hybrid_vs_paired_all,HYBRID_JANELIA::hybrid_static_siprobe::rec_32c_600s_12::IronClust::4,HYBRID_JANELIA::hybrid_static_siprobe::rec_32c_600s_12,HYBRID_JANELIA,hybrid,domain_a,-3.5044551990713555,-1.998715058386195,1.3348453638738094
hybrid_vs_paired_all,HYBRID_JANELIA::hybrid_static_siprobe::rec_32c_600s_31::JRClust::22,HYBRID_JANELIA::hybrid_static_siprobe::rec_32c_600s_31,HYBRID_JANELIA,hybrid,domain_a,-2.5288689776871065,-1.8510096899653183,1.3712799939314135
hybrid_vs_paired_all,HYBRID_JANELIA::hybrid_drift_siprobe::rec_64c_600s_11::KiloSort::135,HYBRID_JANELIA::hybrid_drift_siprobe::rec_64c_600s_11,HYBRID_JANELIA,hybrid,domain_a,-2.8739789430703913,-1.3379468551324971,1.2827220205426448
hybrid_vs_paired_all,HYBRID_JANELIA::hybrid_drift_siprobe::rec_32c_600s_12::KiloSort::22,HYBRID_JANELIA::hybrid_drift_siprobe::rec_32c_600s_12,HYBRID_JANELIA,hybrid,domain_a,-3.166086014148477,-1.8913360399190349,1.5130221770698729
hybrid_vs_paired_all,HYBRID_JANELIA::hybrid_static_siprobe::rec_32c_600s_22::HerdingSpikes2::28,HYBRID_JANELIA::hybrid_static_siprobe::rec_32c_600s_22,HYBRID_JANELIA,hybrid,domain_a,-2.89190374895962,-1.9673569759019063,1.7715957895811725
hybrid_vs_paired_all,HYBRID_JANELIA::hybrid_static_siprobe::rec_64c_600s_12::MountainSort4::248,HYBRID_JANELIA::hybrid_static_siprobe::rec_64c_600s_12,HYBRID_JANELIA,hybrid,domain_a,-3.3293288975489825,-2.8957655794711687,2.053822494538416
hybrid_vs_paired_all,HYBRID_JANELIA::hybrid_drift_siprobe::rec_64c_600s_11::Tridesclous::73,HYBRID_JANELIA::hybrid_drift_siprobe::rec_64c_600s_11,HYBRID_JANELIA,hybrid,domain_a,-3.6018486539784593,-2.029129302082268,0.9929589074872509
hybrid_vs_paired_all,HYBRID_JANELIA::hybrid_static_siprobe::rec_64c_1200s_11::IronClust::57,HYBRID_JANELIA::hybrid_static_siprobe::rec_64c_1200s_11,HYBRID_JANELIA,hybrid,domain_a,-2.8269732463300494,-2.265086806931775,0.18445640736058552
hybrid_vs_paired_all,HYBRID_JANELIA::hybrid_static_siprobe::rec_32c_1200s_11::SpykingCircus::10,HYBRID_JANELIA::hybrid_static_siprobe::rec_32c_1200s_11,HYBRID_JANELIA,hybrid,domain_a,-2.778252075905196,-1.2144929362686712,0.4598723516714654
hybrid_vs_paired_all,HYBRID_JANELIA::hybrid_drift_siprobe::rec_32c_1200s_11::MountainSort4::39,HYBRID_JANELIA::hybrid_drift_siprobe::rec_32c_1200s_11,HYBRID_JANELIA,hybrid,domain_a,-2.7154022552338137,-2.0288380198238314,1.4231309322369463
hybrid_vs_paired_all,HYBRID_JANELIA::hybrid_drift_siprobe::rec_64c_600s_11::MountainSort4::33,HYBRID_JANELIA::hybrid_drift_siprobe::rec_64c_600s_11,HYBRID_JANELIA,hybrid,domain_a,-2.2505775093211016,-1.2565112005666979,2.2219452559361157
hybrid_vs_paired_all,HYBRID_JANELIA::hybrid_static_siprobe::rec_16c_600s_12::Tridesclous::15,HYBRID_JANELIA::hybrid_static_siprobe::rec_16c_600s_12,HYBRID_JANELIA,hybrid,domain_a,-3.0582944038195587,-2.6523338356854445,1.601379051599173
hybrid_vs_paired_all,HYBRID_JANELIA::hybrid_static_siprobe::rec_64c_1200s_11::MountainSort4::86,HYBRID_JANELIA::hybrid_static_siprobe::rec_64c_1200s_11,HYBRID_JANELIA,hybrid,domain_a,-1.9495752416879135,-1.0505043624403745,-1.4627763350615415
hybrid_vs_paired_all,HYBRID_JANELIA::hybrid_drift_siprobe::rec_32c_600s_12::HerdingSpikes2::58,HYBRID_JANELIA::hybrid_drift_siprobe::rec_32c_600s_12,HYBRID_JANELIA,hybrid,domain_a,-2.3103015111416716,-1.1726450858221151,1.6647992176794348
hybrid_vs_paired_all,HYBRID_JANELIA::hybrid_drift_siprobe::rec_16c_600s_22::JRClust::50,HYBRID_JANELIA::hybrid_drift_siprobe::rec_16c_600s_22,HYBRID_JANELIA,hybrid,domain_a,-1.8960968794842181,-1.4158083361475418,1.261477139032039
hybrid_vs_paired_all,HYBRID_JANELIA::hybrid_static_siprobe::rec_64c_1200s_11::MountainSort4::257,HYBRID_JANELIA::hybrid_static_siprobe::rec_64c_1200s_11,HYBRID_JANELIA,hybrid,domain_a,-3.8650106305465175,-2.3266087728188642,2.4493220366821
hybrid_vs_paired_all,HYBRID_JANELIA::hybrid_drift_siprobe::rec_32c_600s_21::IronClust::47,HYBRID_JANELIA::hybrid_drift_siprobe::rec_32c_600s_21,HYBRID_JANELIA,hybrid,domain_a,-2.6649626650966787,-1.9746164814630645,2.154635443946194
hybrid_vs_paired_all,HYBRID_JANELIA::hybrid_drift_tetrode::rec_4c_600s_31::KiloSort2::14,HYBRID_JANELIA::hybrid_drift_tetrode::rec_4c_600s_31,HYBRID_JANELIA,hybrid,domain_a,-2.1627678443051837,-1.3537412122284949,-0.6991871210193185
hybrid_vs_paired_all,HYBRID_JANELIA::hybrid_drift_siprobe::rec_64c_600s_12::Tridesclous::88,HYBRID_JANELIA::hybrid_drift_siprobe::rec_64c_600s_12,HYBRID_JANELIA,hybrid,domain_a,-3.0331477625699264,-2.9067402134801075,3.9685367926727104
hybrid_vs_paired_all,HYBRID_JANELIA::hybrid_drift_siprobe::rec_64c_600s_12::KiloSort2::113,HYBRID_JANELIA::hybrid_drift_siprobe::rec_64c_600s_12,HYBRID_JANELIA,hybrid,domain_a,-3.154360268754274,-1.754419730870538,1.289831569551093
hybrid_vs_paired_all,HYBRID_JANELIA::hybrid_static_siprobe::rec_32c_600s_21::JRClust::57,HYBRID_JANELIA::hybrid_static_siprobe::rec_32c_600s_21,HYBRID_JANELIA,hybrid,domain_a,-2.8288007730613836,-1.8309433948695375,0.9009674649988377
hybrid_vs_paired_all,HYBRID_JANELIA::hybrid_drift_siprobe::rec_64c_600s_12::HerdingSpikes2::26,HYBRID_JANELIA::hybrid_drift_siprobe::rec_64c_600s_12,HYBRID_JANELIA,hybrid,domain_a,-2.6708663720192702,-2.133496775755933,1.9930435583318407
hybrid_vs_paired_all,HYBRID_JANELIA::hybrid_drift_siprobe::rec_32c_600s_21::HerdingSpikes2::39,HYBRID_JANELIA::hybrid_drift_siprobe::rec_32c_600s_21,HYBRID_JANELIA,hybrid,domain_a,-3.2056440393424537,-1.518933681120641,3.288907610970862
hybrid_vs_paired_all,HYBRID_JANELIA::hybrid_static_siprobe::rec_32c_600s_21::HerdingSpikes2::64,HYBRID_JANELIA::hybrid_static_siprobe::rec_32c_600s_21,HYBRID_JANELIA,hybrid,domain_a,-3.2001037492074023,-0.7136687842858321,-0.4223414667086628
hybrid_vs_paired_all,HYBRID_JANELIA::hybrid_static_siprobe::rec_32c_600s_12::MountainSort4::44,HYBRID_JANELIA::hybrid_static_siprobe::rec_32c_600s_12,HYBRID_JANELIA,hybrid,domain_a,-2.2701464696654434,-1.817590632291073,1.0004002337122277
hybrid_vs_paired_all,HYBRID_JANELIA::hybrid_drift_siprobe::rec_32c_600s_22::JRClust::66,HYBRID_JANELIA::hybrid_drift_siprobe::rec_32c_600s_22,HYBRID_JANELIA,hybrid,domain_a,-2.6047526734651956,-0.8346024647031626,1.379250256316284
hybrid_vs_paired_all,HYBRID_JANELIA::hybrid_static_siprobe::rec_64c_1200s_11::MountainSort4::287,HYBRID_JANELIA::hybrid_static_siprobe::rec_64c_1200s_11,HYBRID_JANELIA,hybrid,domain_a,-4.150052833660974,-3.1974915408127513,3.146981583617707
hybrid_vs_paired_all,HYBRID_JANELIA::hybrid_static_siprobe::rec_16c_600s_22::HerdingSpikes2::3,HYBRID_JANELIA::hybrid_static_siprobe::rec_16c_600s_22,HYBRID_JANELIA,hybrid,domain_a,-3.1029459663760117,-2.6793239443713994,2.651381065292521
hybrid_vs_paired_all,HYBRID_JANELIA::hybrid_drift_siprobe::rec_32c_600s_31::MountainSort4::21,HYBRID_JANELIA::hybrid_drift_siprobe::rec_32c_600s_31,HYBRID_JANELIA,hybrid,domain_a,-3.0966813154599357,-1.9664896000214993,3.001819363777599
hybrid_vs_paired_all,HYBRID_JANELIA::hybrid_static_siprobe::rec_64c_600s_12::HerdingSpikes2::82,HYBRID_JANELIA::hybrid_static_siprobe::rec_64c_600s_12,HYBRID_JANELIA,hybrid,domain_a,-2.0981482520678245,-0.6020184492255276,1.975488419821525
hybrid_vs_paired_all,HYBRID_JANELIA::hybrid_drift_tetrode::rec_4c_600s_11::HerdingSpikes2::1,HYBRID_JANELIA::hybrid_drift_tetrode::rec_4c_600s_11,HYBRID_JANELIA,hybrid,domain_a,-2.48226147946429,-1.9899796764235047,1.5130743333863927
hybrid_vs_paired_all,HYBRID_JANELIA::hybrid_drift_siprobe::rec_64c_1200s_11::MountainSort4::215,HYBRID_JANELIA::hybrid_drift_siprobe::rec_64c_1200s_11,HYBRID_JANELIA,hybrid,domain_a,-3.0600627174011046,-2.3771683338400242,3.1380502538419317
hybrid_vs_paired_all,HYBRID_JANELIA::hybrid_drift_siprobe::rec_32c_1200s_11::MountainSort4::26,HYBRID_JANELIA::hybrid_drift_siprobe::rec_32c_1200s_11,HYBRID_JANELIA,hybrid,domain_a,-2.0148022236783008,-0.4134575978914952,-1.8997600121077016
hybrid_vs_paired_all,HYBRID_JANELIA::hybrid_drift_siprobe::rec_32c_1200s_21::MountainSort4::177,HYBRID_JANELIA::hybrid_drift_siprobe::rec_32c_1200s_21,HYBRID_JANELIA,hybrid,domain_a,-3.0442099590969414,-1.8848430945861636,1.5112711680779252
hybrid_vs_paired_all,HYBRID_JANELIA::hybrid_drift_siprobe::rec_32c_600s_12::HerdingSpikes2::24,HYBRID_JANELIA::hybrid_drift_siprobe::rec_32c_600s_12,HYBRID_JANELIA,hybrid,domain_a,-2.934481521175613,-1.0664280421172532,0.5945697972818063
hybrid_vs_paired_all,HYBRID_JANELIA::hybrid_static_siprobe::rec_32c_600s_21::HerdingSpikes2::25,HYBRID_JANELIA::hybrid_static_siprobe::rec_32c_600s_21,HYBRID_JANELIA,hybrid,domain_a,-2.5940871619683437,-0.5229294248277401,1.8574251237181092
hybrid_vs_paired_all,HYBRID_JANELIA::hybrid_drift_siprobe::rec_16c_600s_21::SpykingCircus::12,HYBRID_JANELIA::hybrid_drift_siprobe::rec_16c_600s_21,HYBRID_JANELIA,hybrid,domain_a,-3.499385299331916,-2.0306455851308023,4.15747379613262
hybrid_vs_paired_all,HYBRID_JANELIA::hybrid_static_siprobe::rec_16c_600s_32::KiloSort::34,HYBRID_JANELIA::hybrid_static_siprobe::rec_16c_600s_32,HYBRID_JANELIA,hybrid,domain_a,-3.2034839212011246,-2.3880631800263,3.342175752871336
hybrid_vs_paired_all,HYBRID_JANELIA::hybrid_drift_tetrode::rec_4c_1200s_31::MountainSort4::32,HYBRID_JANELIA::hybrid_drift_tetrode::rec_4c_1200s_31,HYBRID_JANELIA,hybrid,domain_a,-2.639469713104261,-2.2512295511327514,2.625195615532675
hybrid_vs_paired_all,HYBRID_JANELIA::hybrid_static_siprobe::rec_32c_600s_22::HerdingSpikes2::38,HYBRID_JANELIA::hybrid_static_siprobe::rec_32c_600s_22,HYBRID_JANELIA,hybrid,domain_a,-2.9513118508786174,-2.1270757785513212,1.3733265901320546
hybrid_vs_paired_all,HYBRID_JANELIA::hybrid_drift_siprobe::rec_64c_1200s_11::JRClust::127,HYBRID_JANELIA::hybrid_drift_siprobe::rec_64c_1200s_11,HYBRID_JANELIA,hybrid,domain_a,-2.565734789278461,-1.837108057800946,1.263156446891701
hybrid_vs_paired_all,HYBRID_JANELIA::hybrid_drift_siprobe::rec_32c_1200s_31::MountainSort4::129,HYBRID_JANELIA::hybrid_drift_siprobe::rec_32c_1200s_31,HYBRID_JANELIA,hybrid,domain_a,-2.776540911652543,-1.678340435907362,1.2037489846800624
hybrid_vs_paired_all,HYBRID_JANELIA::hybrid_static_siprobe::rec_16c_600s_12::JRClust::19,HYBRID_JANELIA::hybrid_static_siprobe::rec_16c_600s_12,HYBRID_JANELIA,hybrid,domain_a,-2.5855613480200432,-1.3060197568694532,-1.0476946136130807
hybrid_vs_paired_all,HYBRID_JANELIA::hybrid_drift_siprobe::rec_64c_600s_12::HerdingSpikes2::107,HYBRID_JANELIA::hybrid_drift_siprobe::rec_64c_600s_12,HYBRID_JANELIA,hybrid,domain_a,-2.483712479201884,-1.5977651042417655,0.5502660145019463
hybrid_vs_paired_all,HYBRID_JANELIA::hybrid_static_siprobe::rec_64c_600s_11::KiloSort2::49,HYBRID_JANELIA::hybrid_static_siprobe::rec_64c_600s_11,HYBRID_JANELIA,hybrid,domain_a,-3.36272851755099,-2.3499363570814396,-0.036438725798262926
hybrid_vs_paired_all,HYBRID_JANELIA::hybrid_drift_siprobe::rec_32c_600s_12::Tridesclous::10,HYBRID_JANELIA::hybrid_drift_siprobe::rec_32c_600s_12,HYBRID_JANELIA,hybrid,domain_a,-2.67262006753625,-1.8156705226547252,1.2850137209521921
hybrid_vs_paired_all,HYBRID_JANELIA::hybrid_static_siprobe::rec_64c_1200s_11::IronClust::19,HYBRID_JANELIA::hybrid_static_siprobe::rec_64c_1200s_11,HYBRID_JANELIA,hybrid,domain_a,-3.0953454454595195,-2.609758965715093,1.88295009151449
hybrid_vs_paired_all,HYBRID_JANELIA::hybrid_drift_tetrode::rec_4c_600s_32::KiloSort2::5,HYBRID_JANELIA::hybrid_drift_tetrode::rec_4c_600s_32,HYBRID_JANELIA,hybrid,domain_a,-2.063842222761608,-1.5100824846541976,-0.36413040590754137
hybrid_vs_paired_all,HYBRID_JANELIA::hybrid_static_siprobe::rec_16c_600s_32::SpykingCircus::11,HYBRID_JANELIA::hybrid_static_siprobe::rec_16c_600s_32,HYBRID_JANELIA,hybrid,domain_a,-2.502155981499347,-2.037363610129825,0.8991856628412934
hybrid_vs_paired_all,HYBRID_JANELIA::hybrid_static_siprobe::rec_32c_600s_21::JRClust::28,HYBRID_JANELIA::hybrid_static_siprobe::rec_32c_600s_21,HYBRID_JANELIA,hybrid,domain_a,-3.6327353006695193,-2.2329925254521954,3.7084013824035282
hybrid_vs_paired_all,HYBRID_JANELIA::hybrid_drift_siprobe::rec_16c_1200s_21::KiloSort2::2,HYBRID_JANELIA::hybrid_drift_siprobe::rec_16c_1200s_21,HYBRID_JANELIA,hybrid,domain_a,-3.4684336753782747,-2.672982474282248,2.4447877182058355
hybrid_vs_paired_all,HYBRID_JANELIA::hybrid_drift_siprobe::rec_16c_600s_22::MountainSort4::7,HYBRID_JANELIA::hybrid_drift_siprobe::rec_16c_600s_22,HYBRID_JANELIA,hybrid,domain_a,-2.6842055236904794,-1.693214781607465,1.7130459772947744
hybrid_vs_paired_all,HYBRID_JANELIA::hybrid_static_siprobe::rec_64c_1200s_11::HerdingSpikes2::133,HYBRID_JANELIA::hybrid_static_siprobe::rec_64c_1200s_11,HYBRID_JANELIA,hybrid,domain_a,-2.576961871446474,0.8390063596534904,2.5362907722690053
hybrid_vs_paired_all,HYBRID_JANELIA::hybrid_drift_siprobe::rec_32c_1200s_11::JRClust::35,HYBRID_JANELIA::hybrid_drift_siprobe::rec_32c_1200s_11,HYBRID_JANELIA,hybrid,domain_a,-2.42405144332309,-2.0935179054710784,3.377834266011269
hybrid_vs_paired_all,HYBRID_JANELIA::hybrid_drift_siprobe::rec_32c_600s_32::MountainSort4::112,HYBRID_JANELIA::hybrid_drift_siprobe::rec_32c_600s_32,HYBRID_JANELIA,hybrid,domain_a,-4.127573723198637,-2.6552964837512216,2.6813627809271687
hybrid_vs_paired_all,HYBRID_JANELIA::hybrid_static_siprobe::rec_64c_600s_11::HerdingSpikes2::155,HYBRID_JANELIA::hybrid_static_siprobe::rec_64c_600s_11,HYBRID_JANELIA,hybrid,domain_a,-1.9702888386359028,0.522495323794422,1.0308631185226065
hybrid_vs_paired_all,HYBRID_JANELIA::hybrid_drift_siprobe::rec_32c_600s_32::MountainSort4::3,HYBRID_JANELIA::hybrid_drift_siprobe::rec_32c_600s_32,HYBRID_JANELIA,hybrid,domain_a,-2.948385700075623,-1.716652174242619,1.270435881211293
hybrid_vs_paired_all,HYBRID_JANELIA::hybrid_static_siprobe::rec_16c_600s_12::HerdingSpikes2::16,HYBRID_JANELIA::hybrid_static_siprobe::rec_16c_600s_12,HYBRID_JANELIA,hybrid,domain_a,-2.8295525166540223,-2.2674671882581006,2.0759441917012893
hybrid_vs_paired_all,HYBRID_JANELIA::hybrid_drift_siprobe::rec_32c_1200s_11::HerdingSpikes2::60,HYBRID_JANELIA::hybrid_drift_siprobe::rec_32c_1200s_11,HYBRID_JANELIA,hybrid,domain_a,-1.808195108115748,-0.8108356467768925,2.0401798579630226
hybrid_vs_paired_all,HYBRID_JANELIA::hybrid_drift_siprobe::rec_64c_600s_11::KiloSort::49,HYBRID_JANELIA::hybrid_drift_siprobe::rec_64c_600s_11,HYBRID_JANELIA,hybrid,domain_a,-2.7294986000402752,-1.5606547606149381,0.4378233263815719
hybrid_vs_paired_all,HYBRID_JANELIA::hybrid_drift_siprobe::rec_32c_1200s_21::KiloSort::25,HYBRID_JANELIA::hybrid_drift_siprobe::rec_32c_1200s_21,HYBRID_JANELIA,hybrid,domain_a,-2.646873991408788,-2.288257170901546,1.8733756573579496
hybrid_vs_paired_all,HYBRID_JANELIA::hybrid_drift_siprobe::rec_64c_600s_12::JRClust::92,HYBRID_JANELIA::hybrid_drift_siprobe::rec_64c_600s_12,HYBRID_JANELIA,hybrid,domain_a,-2.760419721764489,-1.5301913338525646,1.7420279625896886
hybrid_vs_paired_all,HYBRID_JANELIA::hybrid_static_siprobe::rec_32c_1200s_21::MountainSort4::138,HYBRID_JANELIA::hybrid_static_siprobe::rec_32c_1200s_21,HYBRID_JANELIA,hybrid,domain_a,-3.8222998898982232,-2.182150984946569,1.76180249130684
hybrid_vs_paired_all,HYBRID_JANELIA::hybrid_drift_siprobe::rec_32c_1200s_11::MountainSort4::127,HYBRID_JANELIA::hybrid_drift_siprobe::rec_32c_1200s_11,HYBRID_JANELIA,hybrid,domain_a,-2.393885534838398,-2.0771483119736294,2.7025198396908245
hybrid_vs_paired_all,HYBRID_JANELIA::hybrid_drift_tetrode::rec_4c_1200s_31::JRClust::14,HYBRID_JANELIA::hybrid_drift_tetrode::rec_4c_1200s_31,HYBRID_JANELIA,hybrid,domain_a,-1.9791687053034055,-1.7196412034752933,0.7400068805997537
hybrid_vs_paired_all,HYBRID_JANELIA::hybrid_drift_siprobe::rec_32c_600s_31::KiloSort::0,HYBRID_JANELIA::hybrid_drift_siprobe::rec_32c_600s_31,HYBRID_JANELIA,hybrid,domain_a,-2.0258890624155863,0.2542715604904222,1.320963716049504
hybrid_vs_paired_all,HYBRID_JANELIA::hybrid_drift_siprobe::rec_32c_1200s_31::Tridesclous::18,HYBRID_JANELIA::hybrid_drift_siprobe::rec_32c_1200s_31,HYBRID_JANELIA,hybrid,domain_a,-2.580877429881253,-2.2018828871169336,1.7406387215078198
hybrid_vs_paired_all,HYBRID_JANELIA::hybrid_static_siprobe::rec_32c_600s_21::KiloSort::10,HYBRID_JANELIA::hybrid_static_siprobe::rec_32c_600s_21,HYBRID_JANELIA,hybrid,domain_a,-2.7237244866638686,-1.53286844392792,0.7130087665730337
hybrid_vs_paired_all,HYBRID_JANELIA::hybrid_drift_siprobe::rec_32c_1200s_11::KiloSort::19,HYBRID_JANELIA::hybrid_drift_siprobe::rec_32c_1200s_11,HYBRID_JANELIA,hybrid,domain_a,-3.111113595481907,-2.3955853137741765,5.446525331288806
hybrid_vs_paired_all,HYBRID_JANELIA::hybrid_static_siprobe::rec_16c_600s_12::MountainSort4::41,HYBRID_JANELIA::hybrid_static_siprobe::rec_16c_600s_12,HYBRID_JANELIA,hybrid,domain_a,-3.5985327477018525,-2.59317034747413,2.930997213174694
hybrid_vs_paired_all,HYBRID_JANELIA::hybrid_drift_siprobe::rec_32c_600s_12::SpykingCircus::11,HYBRID_JANELIA::hybrid_drift_siprobe::rec_32c_600s_12,HYBRID_JANELIA,hybrid,domain_a,-2.3617359611525215,-2.077845032555116,0.49605448218029774
hybrid_vs_paired_all,HYBRID_JANELIA::hybrid_drift_siprobe::rec_32c_600s_31::MountainSort4::91,HYBRID_JANELIA::hybrid_drift_siprobe::rec_32c_600s_31,HYBRID_JANELIA,hybrid,domain_a,-3.0310790681456705,-1.2343240110768137,1.9448001903628553
hybrid_vs_paired_all,HYBRID_JANELIA::hybrid_drift_siprobe::rec_16c_600s_31::HerdingSpikes2::34,HYBRID_JANELIA::hybrid_drift_siprobe::rec_16c_600s_31,HYBRID_JANELIA,hybrid,domain_a,-2.5514195316574884,-1.2654355253290925,1.05969481569927
hybrid_vs_paired_all,HYBRID_JANELIA::hybrid_drift_siprobe::rec_32c_600s_21::HerdingSpikes2::78,HYBRID_JANELIA::hybrid_drift_siprobe::rec_32c_600s_21,HYBRID_JANELIA,hybrid,domain_a,-1.4226339559860233,1.02684489627171,2.3746781794972027
hybrid_vs_paired_all,HYBRID_JANELIA::hybrid_static_siprobe::rec_64c_600s_11::HerdingSpikes2::25,HYBRID_JANELIA::hybrid_static_siprobe::rec_64c_600s_11,HYBRID_JANELIA,hybrid,domain_a,-3.5607657819316247,-2.667160881758991,1.7014212470917467
hybrid_vs_paired_all,HYBRID_JANELIA::hybrid_static_siprobe::rec_64c_600s_11::HerdingSpikes2::85,HYBRID_JANELIA::hybrid_static_siprobe::rec_64c_600s_11,HYBRID_JANELIA,hybrid,domain_a,-1.8165238025403605,0.46471120210057454,1.6854066382562163
hybrid_vs_paired_all,HYBRID_JANELIA::hybrid_drift_siprobe::rec_32c_600s_32::SpykingCircus::9,HYBRID_JANELIA::hybrid_drift_siprobe::rec_32c_600s_32,HYBRID_JANELIA,hybrid,domain_a,-3.6152570758049736,-2.7609356089037855,2.481430834344105
hybrid_vs_paired_all,HYBRID_JANELIA::hybrid_static_siprobe::rec_64c_1200s_11::MountainSort4::63,HYBRID_JANELIA::hybrid_static_siprobe::rec_64c_1200s_11,HYBRID_JANELIA,hybrid,domain_a,-2.4863840089383467,-1.8672090445252665,1.1087232064563202
hybrid_vs_paired_all,HYBRID_JANELIA::hybrid_drift_siprobe::rec_64c_1200s_11::KiloSort2::52,HYBRID_JANELIA::hybrid_drift_siprobe::rec_64c_1200s_11,HYBRID_JANELIA,hybrid,domain_a,-3.090608090097885,-2.6168852414054404,2.0997209688964436
hybrid_vs_paired_all,HYBRID_JANELIA::hybrid_drift_siprobe::rec_64c_1200s_11::MountainSort4::322,HYBRID_JANELIA::hybrid_drift_siprobe::rec_64c_1200s_11,HYBRID_JANELIA,hybrid,domain_a,-2.625190628776411,-2.2380528400817155,1.1028080871723063
hybrid_vs_paired_all,HYBRID_JANELIA::hybrid_static_siprobe::rec_32c_600s_31::HerdingSpikes2::20,HYBRID_JANELIA::hybrid_static_siprobe::rec_32c_600s_31,HYBRID_JANELIA,hybrid,domain_a,-2.7114284893617553,-1.936832466119314,1.7509394047463398
hybrid_vs_paired_all,HYBRID_JANELIA::hybrid_drift_siprobe::rec_64c_600s_11::MountainSort4::84,HYBRID_JANELIA::hybrid_drift_siprobe::rec_64c_600s_11,HYBRID_JANELIA,hybrid,domain_a,-4.019987543991774,-2.46430770443708,2.0111607200010906
hybrid_vs_paired_all,HYBRID_JANELIA::hybrid_static_siprobe::rec_64c_1200s_11::MountainSort4::125,HYBRID_JANELIA::hybrid_static_siprobe::rec_64c_1200s_11,HYBRID_JANELIA,hybrid,domain_a,-2.8343881883259674,-1.8019481374183821,0.7211223086942213
hybrid_vs_paired_all,HYBRID_JANELIA::hybrid_static_siprobe::rec_32c_1200s_11::MountainSort4::23,HYBRID_JANELIA::hybrid_static_siprobe::rec_32c_1200s_11,HYBRID_JANELIA,hybrid,domain_a,-3.826194675012721,-2.8624424733846854,3.2484417978587357
hybrid_vs_paired_all,HYBRID_JANELIA::hybrid_drift_siprobe::rec_32c_1200s_31::MountainSort4::22,HYBRID_JANELIA::hybrid_drift_siprobe::rec_32c_1200s_31,HYBRID_JANELIA,hybrid,domain_a,-2.930193964683674,-1.7602404194031274,2.6665532564343883
hybrid_vs_paired_all,HYBRID_JANELIA::hybrid_drift_siprobe::rec_32c_600s_21::MountainSort4::39,HYBRID_JANELIA::hybrid_drift_siprobe::rec_32c_600s_21,HYBRID_JANELIA,hybrid,domain_a,-1.7426863282110503,0.11278386908490935,-1.892561683099051
hybrid_vs_paired_all,HYBRID_JANELIA::hybrid_drift_siprobe::rec_32c_1200s_31::HerdingSpikes2::103,HYBRID_JANELIA::hybrid_drift_siprobe::rec_32c_1200s_31,HYBRID_JANELIA,hybrid,domain_a,-1.8398642284442688,0.6972538957834046,0.24651216681524613
hybrid_vs_paired_all,HYBRID_JANELIA::hybrid_static_siprobe::rec_64c_600s_11::JRClust::15,HYBRID_JANELIA::hybrid_static_siprobe::rec_64c_600s_11,HYBRID_JANELIA,hybrid,domain_a,-4.143329678048452,-3.1156285769989736,3.993619052389906
hybrid_vs_paired_all,HYBRID_JANELIA::hybrid_static_siprobe::rec_64c_600s_11::IronClust::50,HYBRID_JANELIA::hybrid_static_siprobe::rec_64c_600s_11,HYBRID_JANELIA,hybrid,domain_a,-2.1624511708809524,-1.940889841706798,0.07638984078282249
hybrid_vs_paired_all,HYBRID_JANELIA::hybrid_static_siprobe::rec_32c_600s_12::MountainSort4::67,HYBRID_JANELIA::hybrid_static_siprobe::rec_32c_600s_12,HYBRID_JANELIA,hybrid,domain_a,-3.993200666534714,-2.9476287703213604,3.0208066350883676
hybrid_vs_paired_all,HYBRID_JANELIA::hybrid_drift_siprobe::rec_32c_600s_31::MountainSort4::105,HYBRID_JANELIA::hybrid_drift_siprobe::rec_32c_600s_31,HYBRID_JANELIA,hybrid,domain_a,-2.781468105860389,-1.5424526984886042,0.8717883594615893
hybrid_vs_paired_all,HYBRID_JANELIA::hybrid_drift_siprobe::rec_64c_600s_12::HerdingSpikes2::175,HYBRID_JANELIA::hybrid_drift_siprobe::rec_64c_600s_12,HYBRID_JANELIA,hybrid,domain_a,-2.3938589585914003,-0.45511090430760126,1.7724028930036058
hybrid_vs_paired_all,HYBRID_JANELIA::hybrid_static_tetrode::rec_4c_1200s_21::JRClust::12,HYBRID_JANELIA::hybrid_static_tetrode::rec_4c_1200s_21,HYBRID_JANELIA,hybrid,domain_a,-2.3356929394705825,-1.7479593802920452,0.6027945617689241
hybrid_vs_paired_all,HYBRID_JANELIA::hybrid_drift_siprobe::rec_16c_1200s_11::KiloSort::54,HYBRID_JANELIA::hybrid_drift_siprobe::rec_16c_1200s_11,HYBRID_JANELIA,hybrid,domain_a,-3.0824138440547655,-0.7169238862706437,0.03804777579886351
hybrid_vs_paired_all,HYBRID_JANELIA::hybrid_drift_siprobe::rec_64c_1200s_11::SpykingCircus::100,HYBRID_JANELIA::hybrid_drift_siprobe::rec_64c_1200s_11,HYBRID_JANELIA,hybrid,domain_a,-3.1425903047359562,-2.701591951420675,2.6349175768108815
hybrid_vs_paired_all,HYBRID_JANELIA::hybrid_drift_tetrode::rec_4c_600s_22::KiloSort2::11,HYBRID_JANELIA::hybrid_drift_tetrode::rec_4c_600s_22,HYBRID_JANELIA,hybrid,domain_a,-3.061068732931185,-2.132787910814226,2.616338864586486
hybrid_vs_paired_all,HYBRID_JANELIA::hybrid_static_siprobe::rec_16c_1200s_31::Tridesclous::10,HYBRID_JANELIA::hybrid_static_siprobe::rec_16c_1200s_31,HYBRID_JANELIA,hybrid,domain_a,-2.749933588728983,-1.8017960618553444,0.4352805035159852
hybrid_vs_paired_all,HYBRID_JANELIA::hybrid_static_tetrode::rec_4c_600s_11::JRClust::7,HYBRID_JANELIA::hybrid_static_tetrode::rec_4c_600s_11,HYBRID_JANELIA,hybrid,domain_a,-2.9141154745712186,-1.6163780022893828,1.2389101776105653
hybrid_vs_paired_all,HYBRID_JANELIA::hybrid_static_siprobe::rec_32c_1200s_11::KiloSort::13,HYBRID_JANELIA::hybrid_static_siprobe::rec_32c_1200s_11,HYBRID_JANELIA,hybrid,domain_a,-3.4457972824149814,-2.771196995788292,1.7715004952850735
hybrid_vs_paired_all,HYBRID_JANELIA::hybrid_drift_siprobe::rec_16c_1200s_21::MountainSort4::93,HYBRID_JANELIA::hybrid_drift_siprobe::rec_16c_1200s_21,HYBRID_JANELIA,hybrid,domain_a,-2.5457949325971465,-1.922722493232262,2.215358429092111
hybrid_vs_paired_all,HYBRID_JANELIA::hybrid_static_siprobe::rec_32c_600s_21::KiloSort::14,HYBRID_JANELIA::hybrid_static_siprobe::rec_32c_600s_21,HYBRID_JANELIA,hybrid,domain_a,-2.361346869253448,-2.1414694394150766,0.48423590554037216
hybrid_vs_paired_all,HYBRID_JANELIA::hybrid_static_tetrode::rec_4c_1200s_11::JRClust::5,HYBRID_JANELIA::hybrid_static_tetrode::rec_4c_1200s_11,HYBRID_JANELIA,hybrid,domain_a,-1.6680557235291913,-0.9417566979619553,-1.276960703076294
hybrid_vs_paired_all,HYBRID_JANELIA::hybrid_static_siprobe::rec_32c_600s_32::MountainSort4::128,HYBRID_JANELIA::hybrid_static_siprobe::rec_32c_600s_32,HYBRID_JANELIA,hybrid,domain_a,-2.9073402528552457,-1.8402666358964335,1.9420092819858985
hybrid_vs_paired_all,HYBRID_JANELIA::hybrid_drift_siprobe::rec_16c_600s_31::KiloSort::117,HYBRID_JANELIA::hybrid_drift_siprobe::rec_16c_600s_31,HYBRID_JANELIA,hybrid,domain_a,-2.9562446984404125,-1.7304162021671885,2.4863216099509486
hybrid_vs_paired_all,HYBRID_JANELIA::hybrid_static_siprobe::rec_16c_1200s_21::HerdingSpikes2::20,HYBRID_JANELIA::hybrid_static_siprobe::rec_16c_1200s_21,HYBRID_JANELIA,hybrid,domain_a,-3.065774951423875,-0.6686552357681412,2.6343745252638846
hybrid_vs_paired_all,HYBRID_JANELIA::hybrid_static_siprobe::rec_32c_600s_22::MountainSort4::71,HYBRID_JANELIA::hybrid_static_siprobe::rec_32c_600s_22,HYBRID_JANELIA,hybrid,domain_a,-2.647865428888824,-2.2413556486030837,1.1482745068618958
hybrid_vs_paired_all,HYBRID_JANELIA::hybrid_static_siprobe::rec_32c_600s_11::JRClust::26,HYBRID_JANELIA::hybrid_static_siprobe::rec_32c_600s_11,HYBRID_JANELIA,hybrid,domain_a,-3.0433727097831604,-2.372038018140061,2.2492548165867814
hybrid_vs_paired_all,HYBRID_JANELIA::hybrid_static_siprobe::rec_32c_1200s_11::MountainSort4::81,HYBRID_JANELIA::hybrid_static_siprobe::rec_32c_1200s_11,HYBRID_JANELIA,hybrid,domain_a,-3.6504318240564433,-1.9557706037339564,1.1816828899194736
hybrid_vs_paired_all,HYBRID_JANELIA::hybrid_drift_siprobe::rec_32c_600s_31::MountainSort4::39,HYBRID_JANELIA::hybrid_drift_siprobe::rec_32c_600s_31,HYBRID_JANELIA,hybrid,domain_a,-3.8710939402961873,-2.73440615192747,2.7693338867869417
hybrid_vs_paired_all,HYBRID_JANELIA::hybrid_static_siprobe::rec_32c_1200s_11::Tridesclous::8,HYBRID_JANELIA::hybrid_static_siprobe::rec_32c_1200s_11,HYBRID_JANELIA,hybrid,domain_a,-2.698406351209084,-0.8436531162717348,-0.7992804025341671
hybrid_vs_paired_all,HYBRID_JANELIA::hybrid_drift_siprobe::rec_64c_1200s_11::KiloSort2::62,HYBRID_JANELIA::hybrid_drift_siprobe::rec_64c_1200s_11,HYBRID_JANELIA,hybrid,domain_a,-4.083438484147593,-2.0228071447395846,4.0259803894592325
hybrid_vs_paired_all,HYBRID_JANELIA::hybrid_drift_siprobe::rec_64c_1200s_11::MountainSort4::250,HYBRID_JANELIA::hybrid_drift_siprobe::rec_64c_1200s_11,HYBRID_JANELIA,hybrid,domain_a,-2.729606444843602,-2.2261861760950494,1.3175899764419141
hybrid_vs_paired_all,HYBRID_JANELIA::hybrid_drift_siprobe::rec_32c_600s_31::Tridesclous::34,HYBRID_JANELIA::hybrid_drift_siprobe::rec_32c_600s_31,HYBRID_JANELIA,hybrid,domain_a,-2.600748156756706,-1.768958023753139,1.1758072555507295
hybrid_vs_paired_all,HYBRID_JANELIA::hybrid_drift_siprobe::rec_16c_1200s_11::MountainSort4::41,HYBRID_JANELIA::hybrid_drift_siprobe::rec_16c_1200s_11,HYBRID_JANELIA,hybrid,domain_a,-2.241662071723464,-2.5853671105167404,4.623547187125207
hybrid_vs_paired_all,HYBRID_JANELIA::hybrid_drift_siprobe::rec_32c_600s_31::SpykingCircus::9,HYBRID_JANELIA::hybrid_drift_siprobe::rec_32c_600s_31,HYBRID_JANELIA,hybrid,domain_a,-3.9606526699141282,-1.9573473056992179,3.31023360318444
hybrid_vs_paired_all,HYBRID_JANELIA::hybrid_drift_siprobe::rec_16c_600s_32::KiloSort2::0,HYBRID_JANELIA::hybrid_drift_siprobe::rec_16c_600s_32,HYBRID_JANELIA,hybrid,domain_a,-3.1181506404000956,-2.0352032558414885,2.762754938088959
hybrid_vs_paired_all,HYBRID_JANELIA::hybrid_static_siprobe::rec_32c_600s_32::MountainSort4::115,HYBRID_JANELIA::hybrid_static_siprobe::rec_32c_600s_32,HYBRID_JANELIA,hybrid,domain_a,-4.150095781769662,-2.857246060098256,3.0263451432056514
hybrid_vs_paired_all,HYBRID_JANELIA::hybrid_drift_siprobe::rec_64c_600s_11::Tridesclous::72,HYBRID_JANELIA::hybrid_drift_siprobe::rec_64c_600s_11,HYBRID_JANELIA,hybrid,domain_a,-3.3640668585850197,-2.0073678828224186,0.23701459553159426
hybrid_vs_paired_all,HYBRID_JANELIA::hybrid_drift_siprobe::rec_16c_600s_31::MountainSort4::77,HYBRID_JANELIA::hybrid_drift_siprobe::rec_16c_600s_31,HYBRID_JANELIA,hybrid,domain_a,-2.8541491121380633,-1.4018863970043518,0.47775078694042034
hybrid_vs_paired_all,HYBRID_JANELIA::hybrid_drift_siprobe::rec_32c_1200s_11::KiloSort2::22,HYBRID_JANELIA::hybrid_drift_siprobe::rec_32c_1200s_11,HYBRID_JANELIA,hybrid,domain_a,-3.2325769331496024,-1.798183201516769,1.4088672340879305
hybrid_vs_paired_all,HYBRID_JANELIA::hybrid_drift_siprobe::rec_16c_600s_22::KiloSort::6,HYBRID_JANELIA::hybrid_drift_siprobe::rec_16c_600s_22,HYBRID_JANELIA,hybrid,domain_a,-3.0374989292519463,-1.6009902898536006,1.8990507997832693
hybrid_vs_paired_all,HYBRID_JANELIA::hybrid_drift_siprobe::rec_16c_1200s_21::KiloSort::71,HYBRID_JANELIA::hybrid_drift_siprobe::rec_16c_1200s_21,HYBRID_JANELIA,hybrid,domain_a,-2.857154858018027,-1.504905311488949,1.4595578111365395
hybrid_vs_paired_all,HYBRID_JANELIA::hybrid_drift_siprobe::rec_32c_1200s_21::KiloSort::29,HYBRID_JANELIA::hybrid_drift_siprobe::rec_32c_1200s_21,HYBRID_JANELIA,hybrid,domain_a,-2.7670220945100206,-1.2048665045008915,-0.13743921597974706
hybrid_vs_paired_all,HYBRID_JANELIA::hybrid_drift_siprobe::rec_64c_1200s_11::SpykingCircus::79,HYBRID_JANELIA::hybrid_drift_siprobe::rec_64c_1200s_11,HYBRID_JANELIA,hybrid,domain_a,-3.4038011858127613,-1.9709563929998548,1.789896660964964
hybrid_vs_paired_all,HYBRID_JANELIA::hybrid_static_siprobe::rec_64c_600s_11::IronClust::7,HYBRID_JANELIA::hybrid_static_siprobe::rec_64c_600s_11,HYBRID_JANELIA,hybrid,domain_a,-3.450536013992957,-2.40563014116016,0.7000513914448355
hybrid_vs_paired_all,HYBRID_JANELIA::hybrid_static_siprobe::rec_32c_1200s_11::MountainSort4::41,HYBRID_JANELIA::hybrid_static_siprobe::rec_32c_1200s_11,HYBRID_JANELIA,hybrid,domain_a,-3.721585266613495,-2.8093814475499927,3.1789852167635653
hybrid_vs_paired_all,HYBRID_JANELIA::hybrid_drift_siprobe::rec_32c_600s_21::KiloSort::36,HYBRID_JANELIA::hybrid_drift_siprobe::rec_32c_600s_21,HYBRID_JANELIA,hybrid,domain_a,-3.2541553242956374,-2.4379421040292146,3.241635419820991
hybrid_vs_paired_all,HYBRID_JANELIA::hybrid_static_siprobe::rec_16c_600s_31::KiloSort2::4,HYBRID_JANELIA::hybrid_static_siprobe::rec_16c_600s_31,HYBRID_JANELIA,hybrid,domain_a,-2.8223609276674417,-2.0697871474977183,1.4375312428600546
hybrid_vs_paired_all,HYBRID_JANELIA::hybrid_static_siprobe::rec_16c_600s_32::KiloSort::70,HYBRID_JANELIA::hybrid_static_siprobe::rec_16c_600s_32,HYBRID_JANELIA,hybrid,domain_a,-3.2896896789035637,-2.4426372691887956,3.2344196138238095
hybrid_vs_paired_all,HYBRID_JANELIA::hybrid_drift_siprobe::rec_64c_600s_11::SpykingCircus::47,HYBRID_JANELIA::hybrid_drift_siprobe::rec_64c_600s_11,HYBRID_JANELIA,hybrid,domain_a,-1.8214781315049537,-1.2952354919483204,-0.017422942547711238
hybrid_vs_paired_all,HYBRID_JANELIA::hybrid_drift_siprobe::rec_32c_600s_22::JRClust::43,HYBRID_JANELIA::hybrid_drift_siprobe::rec_32c_600s_22,HYBRID_JANELIA,hybrid,domain_a,-2.9312135296091943,-1.3967514384213842,1.0803975765071014
hybrid_vs_paired_all,HYBRID_JANELIA::hybrid_drift_siprobe::rec_64c_600s_11::Tridesclous::23,HYBRID_JANELIA::hybrid_drift_siprobe::rec_64c_600s_11,HYBRID_JANELIA,hybrid,domain_a,-2.5809458560935488,-1.7390268924603092,0.736484788216326
hybrid_vs_paired_all,HYBRID_JANELIA::hybrid_static_siprobe::rec_16c_1200s_31::MountainSort4::37,HYBRID_JANELIA::hybrid_static_siprobe::rec_16c_1200s_31,HYBRID_JANELIA,hybrid,domain_a,-2.472135104982061,-2.3693285628523397,2.6251651671710015
hybrid_vs_paired_all,HYBRID_JANELIA::hybrid_drift_siprobe::rec_32c_1200s_21::JRClust::39,HYBRID_JANELIA::hybrid_drift_siprobe::rec_32c_1200s_21,HYBRID_JANELIA,hybrid,domain_a,-2.817718142748796,-1.9561732738063566,2.0863591973988296
hybrid_vs_paired_all,HYBRID_JANELIA::hybrid_static_siprobe::rec_16c_600s_22::KiloSort2::4,HYBRID_JANELIA::hybrid_static_siprobe::rec_16c_600s_22,HYBRID_JANELIA,hybrid,domain_a,-3.353182262402396,-2.3387786933924133,1.0448152517510938
hybrid_vs_paired_all,HYBRID_JANELIA::hybrid_drift_siprobe::rec_64c_600s_11::MountainSort4::299,HYBRID_JANELIA::hybrid_drift_siprobe::rec_64c_600s_11,HYBRID_JANELIA,hybrid,domain_a,-2.4859984453832795,-1.7336423340397866,-0.5343021485641853
hybrid_vs_paired_all,HYBRID_JANELIA::hybrid_static_siprobe::rec_32c_600s_22::HerdingSpikes2::35,HYBRID_JANELIA::hybrid_static_siprobe::rec_32c_600s_22,HYBRID_JANELIA,hybrid,domain_a,-3.1466364829896007,-2.253187033971075,2.1525325213563598
hybrid_vs_paired_all,HYBRID_JANELIA::hybrid_drift_siprobe::rec_64c_600s_11::SpykingCircus::67,HYBRID_JANELIA::hybrid_drift_siprobe::rec_64c_600s_11,HYBRID_JANELIA,hybrid,domain_a,-3.4964063400474257,-2.182346212507131,1.259077582010147
hybrid_vs_paired_all,HYBRID_JANELIA::hybrid_drift_siprobe::rec_64c_600s_11::Tridesclous::4,HYBRID_JANELIA::hybrid_drift_siprobe::rec_64c_600s_11,HYBRID_JANELIA,hybrid,domain_a,-2.588201901945316,-1.7279533067940327,0.22095604036690247
hybrid_vs_paired_all,HYBRID_JANELIA::hybrid_drift_siprobe::rec_64c_600s_12::MountainSort4::83,HYBRID_JANELIA::hybrid_drift_siprobe::rec_64c_600s_12,HYBRID_JANELIA,hybrid,domain_a,-3.059171027170877,-2.1067680791372134,2.1762662933775823
hybrid_vs_paired_all,HYBRID_JANELIA::hybrid_static_siprobe::rec_16c_600s_21::KiloSort2::21,HYBRID_JANELIA::hybrid_static_siprobe::rec_16c_600s_21,HYBRID_JANELIA,hybrid,domain_a,-2.803597796163783,-1.7377718038605117,1.4257282926399975
hybrid_vs_paired_all,HYBRID_JANELIA::hybrid_drift_tetrode::rec_4c_600s_32::Tridesclous::10,HYBRID_JANELIA::hybrid_drift_tetrode::rec_4c_600s_32,HYBRID_JANELIA,hybrid,domain_a,-1.7964619989490118,-0.966067879343807,0.9280909691701985
hybrid_vs_paired_all,HYBRID_JANELIA::hybrid_static_siprobe::rec_32c_1200s_11::IronClust::20,HYBRID_JANELIA::hybrid_static_siprobe::rec_32c_1200s_11,HYBRID_JANELIA,hybrid,domain_a,-3.553111944338618,-2.7143460969440265,2.0932680476094325
hybrid_vs_paired_all,HYBRID_JANELIA::hybrid_static_siprobe::rec_32c_600s_32::HerdingSpikes2::88,HYBRID_JANELIA::hybrid_static_siprobe::rec_32c_600s_32,HYBRID_JANELIA,hybrid,domain_a,-2.0017200297841935,0.27591769662399784,3.697230402960359
hybrid_vs_paired_all,HYBRID_JANELIA::hybrid_static_tetrode::rec_4c_600s_11::MountainSort4::1,HYBRID_JANELIA::hybrid_static_tetrode::rec_4c_600s_11,HYBRID_JANELIA,hybrid,domain_a,-2.952457573110724,-2.0425421836444055,2.574435670104632
hybrid_vs_paired_all,HYBRID_JANELIA::hybrid_drift_siprobe::rec_32c_1200s_31::HerdingSpikes2::100,HYBRID_JANELIA::hybrid_drift_siprobe::rec_32c_1200s_31,HYBRID_JANELIA,hybrid,domain_a,-1.9648883548884168,0.7988209654189556,1.8117553562572566
hybrid_vs_paired_all,HYBRID_JANELIA::hybrid_static_siprobe::rec_64c_600s_11::MountainSort4::183,HYBRID_JANELIA::hybrid_static_siprobe::rec_64c_600s_11,HYBRID_JANELIA,hybrid,domain_a,-1.8581434154685363,-0.5933143034890214,0.8928412301815305
hybrid_vs_paired_all,HYBRID_JANELIA::hybrid_drift_siprobe::rec_32c_600s_32::MountainSort4::21,HYBRID_JANELIA::hybrid_drift_siprobe::rec_32c_600s_32,HYBRID_JANELIA,hybrid,domain_a,-3.7242911867497104,-2.401542882058969,2.400429381436999
hybrid_vs_paired_all,HYBRID_JANELIA::hybrid_drift_tetrode::rec_4c_600s_32::SpykingCircus::0,HYBRID_JANELIA::hybrid_drift_tetrode::rec_4c_600s_32,HYBRID_JANELIA,hybrid,domain_a,-2.389721028430965,-1.9214789845212465,1.3243328897878652
hybrid_vs_paired_all,HYBRID_JANELIA::hybrid_static_siprobe::rec_16c_600s_32::MountainSort4::84,HYBRID_JANELIA::hybrid_static_siprobe::rec_16c_600s_32,HYBRID_JANELIA,hybrid,domain_a,-2.360837513861204,-1.7170115337195304,0.6585469691301392
hybrid_vs_paired_all,HYBRID_JANELIA::hybrid_drift_siprobe::rec_32c_600s_32::HerdingSpikes2::40,HYBRID_JANELIA::hybrid_drift_siprobe::rec_32c_600s_32,HYBRID_JANELIA,hybrid,domain_a,-2.6167894997361745,-1.27914738982878,1.3517583222503664
hybrid_vs_paired_all,HYBRID_JANELIA::hybrid_drift_siprobe::rec_32c_600s_32::SpykingCircus::42,HYBRID_JANELIA::hybrid_drift_siprobe::rec_32c_600s_32,HYBRID_JANELIA,hybrid,domain_a,-3.662684706811598,-2.301106381584778,2.3547923794616707
hybrid_vs_paired_all,HYBRID_JANELIA::hybrid_drift_siprobe::rec_32c_600s_32::HerdingSpikes2::41,HYBRID_JANELIA::hybrid_drift_siprobe::rec_32c_600s_32,HYBRID_JANELIA,hybrid,domain_a,-2.3365643096822577,-0.598618047239518,1.2305764956781726
hybrid_vs_paired_all,HYBRID_JANELIA::hybrid_static_siprobe::rec_64c_600s_12::HerdingSpikes2::96,HYBRID_JANELIA::hybrid_static_siprobe::rec_64c_600s_12,HYBRID_JANELIA,hybrid,domain_a,-0.3027920651661711,1.501710500046545,1.698904940952303
hybrid_vs_paired_all,HYBRID_JANELIA::hybrid_static_siprobe::rec_16c_600s_31::MountainSort4::9,HYBRID_JANELIA::hybrid_static_siprobe::rec_16c_600s_31,HYBRID_JANELIA,hybrid,domain_a,-3.304945412608235,-2.1834590715549655,3.559719706647058
hybrid_vs_paired_all,HYBRID_JANELIA::hybrid_static_tetrode::rec_4c_1200s_21::IronClust::8,HYBRID_JANELIA::hybrid_static_tetrode::rec_4c_1200s_21,HYBRID_JANELIA,hybrid,domain_a,-2.728817535177078,-2.426914479016836,2.898006412448426
hybrid_vs_paired_all,HYBRID_JANELIA::hybrid_drift_siprobe::rec_32c_600s_21::HerdingSpikes2::48,HYBRID_JANELIA::hybrid_drift_siprobe::rec_32c_600s_21,HYBRID_JANELIA,hybrid,domain_a,-2.4122240476570043,-0.47886145088623494,0.49265498774814276
hybrid_vs_paired_all,HYBRID_JANELIA::hybrid_drift_siprobe::rec_16c_600s_31::SpykingCircus::7,HYBRID_JANELIA::hybrid_drift_siprobe::rec_16c_600s_31,HYBRID_JANELIA,hybrid,domain_a,-3.042855378498874,-2.1677815034724324,2.1932825401423117
hybrid_vs_paired_all,HYBRID_JANELIA::hybrid_drift_siprobe::rec_64c_600s_11::HerdingSpikes2::152,HYBRID_JANELIA::hybrid_drift_siprobe::rec_64c_600s_11,HYBRID_JANELIA,hybrid,domain_a,-1.8881996272396786,0.9877002204872969,1.4930488799534056
hybrid_vs_paired_all,HYBRID_JANELIA::hybrid_static_siprobe::rec_16c_1200s_11::SpykingCircus::17,HYBRID_JANELIA::hybrid_static_siprobe::rec_16c_1200s_11,HYBRID_JANELIA,hybrid,domain_a,-2.4425852389830975,-1.5036801191925424,0.6149909025940059
hybrid_vs_paired_all,HYBRID_JANELIA::hybrid_drift_siprobe::rec_32c_600s_32::MountainSort4::32,HYBRID_JANELIA::hybrid_drift_siprobe::rec_32c_600s_32,HYBRID_JANELIA,hybrid,domain_a,-4.08654056772825,-2.888570122114648,3.0593829752396107
hybrid_vs_paired_all,HYBRID_JANELIA::hybrid_static_siprobe::rec_16c_1200s_21::JRClust::5,HYBRID_JANELIA::hybrid_static_siprobe::rec_16c_1200s_21,HYBRID_JANELIA,hybrid,domain_a,-2.074231978980114,-1.6322805171439745,1.7887348558647
hybrid_vs_paired_all,HYBRID_JANELIA::hybrid_drift_siprobe::rec_16c_600s_22::KiloSort2::28,HYBRID_JANELIA::hybrid_drift_siprobe::rec_16c_600s_22,HYBRID_JANELIA,hybrid,domain_a,-3.0261513140453085,-0.813183863282287,2.0366164920859893
hybrid_vs_paired_all,HYBRID_JANELIA::hybrid_static_siprobe::rec_64c_600s_11::KiloSort2::21,HYBRID_JANELIA::hybrid_static_siprobe::rec_64c_600s_11,HYBRID_JANELIA,hybrid,domain_a,-3.655179880322516,-2.5162633085092962,1.177760469966313
hybrid_vs_paired_all,HYBRID_JANELIA::hybrid_drift_siprobe::rec_64c_600s_11::JRClust::107,HYBRID_JANELIA::hybrid_drift_siprobe::rec_64c_600s_11,HYBRID_JANELIA,hybrid,domain_a,-2.978327805245817,-1.3777720267046636,0.6116101138087138
hybrid_vs_paired_all,HYBRID_JANELIA::hybrid_drift_siprobe::rec_64c_600s_12::KiloSort2::4,HYBRID_JANELIA::hybrid_drift_siprobe::rec_64c_600s_12,HYBRID_JANELIA,hybrid,domain_a,-3.343411833600444,-2.7908340437616226,2.932479643372765
hybrid_vs_paired_all,HYBRID_JANELIA::hybrid_static_siprobe::rec_32c_1200s_31::MountainSort4::160,HYBRID_JANELIA::hybrid_static_siprobe::rec_32c_1200s_31,HYBRID_JANELIA,hybrid,domain_a,-2.738920863372316,-1.6118420787004961,0.16289095710869692
hybrid_vs_paired_all,HYBRID_JANELIA::hybrid_static_siprobe::rec_16c_600s_32::Tridesclous::16,HYBRID_JANELIA::hybrid_static_siprobe::rec_16c_600s_32,HYBRID_JANELIA,hybrid,domain_a,-2.476755853199745,-2.3233764833078787,1.2425750074702981
hybrid_vs_paired_all,HYBRID_JANELIA::hybrid_static_siprobe::rec_32c_1200s_11::MountainSort4::22,HYBRID_JANELIA::hybrid_static_siprobe::rec_32c_1200s_11,HYBRID_JANELIA,hybrid,domain_a,-2.683790133052984,-1.895070283869054,1.2515175533513332
hybrid_vs_paired_all,HYBRID_JANELIA::hybrid_drift_tetrode::rec_4c_600s_31::SpykingCircus::3,HYBRID_JANELIA::hybrid_drift_tetrode::rec_4c_600s_31,HYBRID_JANELIA,hybrid,domain_a,-2.1710973920741803,-1.6403688666226326,2.0975142280558856
hybrid_vs_paired_all,HYBRID_JANELIA::hybrid_drift_siprobe::rec_32c_600s_21::MountainSort4::52,HYBRID_JANELIA::hybrid_drift_siprobe::rec_32c_600s_21,HYBRID_JANELIA,hybrid,domain_a,-2.739313238006526,-1.5378137087985848,2.647294089115667
hybrid_vs_paired_all,HYBRID_JANELIA::hybrid_static_siprobe::rec_64c_1200s_11::MountainSort4::107,HYBRID_JANELIA::hybrid_static_siprobe::rec_64c_1200s_11,HYBRID_JANELIA,hybrid,domain_a,-4.160116636365105,-2.902611200798925,2.672468274122401
hybrid_vs_paired_all,HYBRID_JANELIA::hybrid_static_siprobe::rec_16c_1200s_21::SpykingCircus::20,HYBRID_JANELIA::hybrid_static_siprobe::rec_16c_1200s_21,HYBRID_JANELIA,hybrid,domain_a,-2.8597298145531345,0.3454939610449155,0.6119721025877111
hybrid_vs_paired_all,HYBRID_JANELIA::hybrid_drift_siprobe::rec_32c_1200s_21::IronClust::5,HYBRID_JANELIA::hybrid_drift_siprobe::rec_32c_1200s_21,HYBRID_JANELIA,hybrid,domain_a,-2.9047365787757777,-1.8461464166894443,1.2169390065209333
hybrid_vs_paired_all,HYBRID_JANELIA::hybrid_drift_siprobe::rec_64c_1200s_11::MountainSort4::7,HYBRID_JANELIA::hybrid_drift_siprobe::rec_64c_1200s_11,HYBRID_JANELIA,hybrid,domain_a,-3.6506634925139663,-2.900297880479462,2.3205427626117823
hybrid_vs_paired_all,HYBRID_JANELIA::hybrid_drift_siprobe::rec_64c_600s_12::HerdingSpikes2::59,HYBRID_JANELIA::hybrid_drift_siprobe::rec_64c_600s_12,HYBRID_JANELIA,hybrid,domain_a,-2.8480039999187405,-2.13434631905688,0.8013408608749223
hybrid_vs_paired_all,HYBRID_JANELIA::hybrid_drift_siprobe::rec_32c_600s_22::SpykingCircus::49,HYBRID_JANELIA::hybrid_drift_siprobe::rec_32c_600s_22,HYBRID_JANELIA,hybrid,domain_a,-3.120342894374254,-2.405856136985833,3.516946014231493
hybrid_vs_paired_all,HYBRID_JANELIA::hybrid_static_siprobe::rec_32c_600s_12::MountainSort4::64,HYBRID_JANELIA::hybrid_static_siprobe::rec_32c_600s_12,HYBRID_JANELIA,hybrid,domain_a,-2.698292246989635,-2.1207355689073353,1.9199694016089224
hybrid_vs_paired_all,HYBRID_JANELIA::hybrid_drift_siprobe::rec_16c_600s_11::JRClust::39,HYBRID_JANELIA::hybrid_drift_siprobe::rec_16c_600s_11,HYBRID_JANELIA,hybrid,domain_a,-2.8016066787209444,-1.4024131906712636,1.0494149241200301
hybrid_vs_paired_all,HYBRID_JANELIA::hybrid_static_tetrode::rec_4c_600s_31::Tridesclous::9,HYBRID_JANELIA::hybrid_static_tetrode::rec_4c_600s_31,HYBRID_JANELIA,hybrid,domain_a,-2.5771683612551737,-2.0760323204733635,0.5175108589358913
hybrid_vs_paired_all,HYBRID_JANELIA::hybrid_static_siprobe::rec_64c_600s_12::HerdingSpikes2::0,HYBRID_JANELIA::hybrid_static_siprobe::rec_64c_600s_12,HYBRID_JANELIA,hybrid,domain_a,-3.0027645501725693,-1.9690517902362366,-0.5191686549711291
hybrid_vs_paired_all,HYBRID_JANELIA::hybrid_drift_tetrode::rec_4c_1200s_11::MountainSort4::17,HYBRID_JANELIA::hybrid_drift_tetrode::rec_4c_1200s_11,HYBRID_JANELIA,hybrid,domain_a,-2.6827689910087646,-0.7564458251111992,0.43827849206800107
hybrid_vs_paired_all,HYBRID_JANELIA::hybrid_drift_siprobe::rec_32c_600s_22::Tridesclous::63,HYBRID_JANELIA::hybrid_drift_siprobe::rec_32c_600s_22,HYBRID_JANELIA,hybrid,domain_a,-2.640698359353538,-0.5998753506071585,1.1942436680439625
hybrid_vs_paired_all,HYBRID_JANELIA::hybrid_static_siprobe::rec_64c_1200s_11::JRClust::39,HYBRID_JANELIA::hybrid_static_siprobe::rec_64c_1200s_11,HYBRID_JANELIA,hybrid,domain_a,-3.188380056604213,-2.0507688741756116,0.7769223389785642
hybrid_vs_paired_all,HYBRID_JANELIA::hybrid_static_siprobe::rec_64c_1200s_11::MountainSort4::25,HYBRID_JANELIA::hybrid_static_siprobe::rec_64c_1200s_11,HYBRID_JANELIA,hybrid,domain_a,-3.341531873562177,-2.081364347024599,0.29378748533789484
hybrid_vs_paired_all,HYBRID_JANELIA::hybrid_static_siprobe::rec_32c_1200s_11::HerdingSpikes2::21,HYBRID_JANELIA::hybrid_static_siprobe::rec_32c_1200s_11,HYBRID_JANELIA,hybrid,domain_a,-3.478109576872646,-2.527504163003005,1.922590564040749
hybrid_vs_paired_all,HYBRID_JANELIA::hybrid_static_siprobe::rec_32c_600s_12::HerdingSpikes2::5,HYBRID_JANELIA::hybrid_static_siprobe::rec_32c_600s_12,HYBRID_JANELIA,hybrid,domain_a,-3.187508993960222,-1.9533252419010283,1.313673197678927
hybrid_vs_paired_all,HYBRID_JANELIA::hybrid_static_siprobe::rec_64c_600s_11::HerdingSpikes2::92,HYBRID_JANELIA::hybrid_static_siprobe::rec_64c_600s_11,HYBRID_JANELIA,hybrid,domain_a,-1.6111828266747708,0.08410014287427377,2.520359557254515
hybrid_vs_paired_all,HYBRID_JANELIA::hybrid_drift_siprobe::rec_16c_1200s_31::SpykingCircus::27,HYBRID_JANELIA::hybrid_drift_siprobe::rec_16c_1200s_31,HYBRID_JANELIA,hybrid,domain_a,-3.1549024718156318,-1.640802310925376,1.03948026232999
hybrid_vs_paired_all,HYBRID_JANELIA::hybrid_drift_siprobe::rec_32c_1200s_11::JRClust::55,HYBRID_JANELIA::hybrid_drift_siprobe::rec_32c_1200s_11,HYBRID_JANELIA,hybrid,domain_a,-4.018429208102786,-0.04905340673554442,0.6191286239440059
hybrid_vs_paired_all,HYBRID_JANELIA::hybrid_drift_siprobe::rec_32c_600s_12::KiloSort::225,HYBRID_JANELIA::hybrid_drift_siprobe::rec_32c_600s_12,HYBRID_JANELIA,hybrid,domain_a,-3.033793571970725,-1.738654453436688,2.2522811623711356
hybrid_vs_paired_all,HYBRID_JANELIA::hybrid_static_siprobe::rec_16c_600s_32::Tridesclous::26,HYBRID_JANELIA::hybrid_static_siprobe::rec_16c_600s_32,HYBRID_JANELIA,hybrid,domain_a,-2.6475914016352204,-1.6255912195228561,0.9009091372500485
hybrid_vs_paired_all,HYBRID_JANELIA::hybrid_static_siprobe::rec_32c_600s_22::JRClust::34,HYBRID_JANELIA::hybrid_static_siprobe::rec_32c_600s_22,HYBRID_JANELIA,hybrid,domain_a,-2.5781157698964385,-2.1968606662241705,1.2353192237421056
hybrid_vs_paired_all,HYBRID_JANELIA::hybrid_static_siprobe::rec_32c_600s_12::KiloSort::47,HYBRID_JANELIA::hybrid_static_siprobe::rec_32c_600s_12,HYBRID_JANELIA,hybrid,domain_a,-3.3228155554130203,-3.7227079041201105,4.4993012027766
hybrid_vs_paired_all,HYBRID_JANELIA::hybrid_static_tetrode::rec_4c_600s_22::Tridesclous::7,HYBRID_JANELIA::hybrid_static_tetrode::rec_4c_600s_22,HYBRID_JANELIA,hybrid,domain_a,-2.436638373791567,-1.5348677705176905,1.4324248671686988
hybrid_vs_paired_all,HYBRID_JANELIA::hybrid_static_siprobe::rec_32c_600s_32::MountainSort4::140,HYBRID_JANELIA::hybrid_static_siprobe::rec_32c_600s_32,HYBRID_JANELIA,hybrid,domain_a,-2.5866218860521433,-1.9173834167889656,1.7548636442817933
hybrid_vs_paired_all,HYBRID_JANELIA::hybrid_drift_siprobe::rec_32c_1200s_11::HerdingSpikes2::6,HYBRID_JANELIA::hybrid_drift_siprobe::rec_32c_1200s_11,HYBRID_JANELIA,hybrid,domain_a,-3.075567543034711,-2.089644176649807,3.215893301593346
hybrid_vs_paired_all,HYBRID_JANELIA::hybrid_drift_tetrode::rec_4c_600s_31::MountainSort4::17,HYBRID_JANELIA::hybrid_drift_tetrode::rec_4c_600s_31,HYBRID_JANELIA,hybrid,domain_a,-2.8897005198479033,-1.8012273620246757,2.1235538620623107
hybrid_vs_paired_all,HYBRID_JANELIA::hybrid_static_siprobe::rec_16c_600s_12::HerdingSpikes2::15,HYBRID_JANELIA::hybrid_static_siprobe::rec_16c_600s_12,HYBRID_JANELIA,hybrid,domain_a,-2.7559447898089227,-1.6090921960542466,2.2595200563527134
hybrid_vs_paired_all,HYBRID_JANELIA::hybrid_drift_siprobe::rec_64c_600s_11::KiloSort::299,HYBRID_JANELIA::hybrid_drift_siprobe::rec_64c_600s_11,HYBRID_JANELIA,hybrid,domain_a,-2.726164800317806,-1.9192913557812796,1.4844486836854742
hybrid_vs_paired_all,HYBRID_JANELIA::hybrid_static_siprobe::rec_32c_600s_21::KiloSort::60,HYBRID_JANELIA::hybrid_static_siprobe::rec_32c_600s_21,HYBRID_JANELIA,hybrid,domain_a,-2.8530063807784836,-2.115462529458851,1.1385758098395349
hybrid_vs_paired_all,HYBRID_JANELIA::hybrid_drift_siprobe::rec_32c_1200s_11::KiloSort::227,HYBRID_JANELIA::hybrid_drift_siprobe::rec_32c_1200s_11,HYBRID_JANELIA,hybrid,domain_a,-2.682778394466458,-2.14196109005238,5.931922883640914
hybrid_vs_paired_all,HYBRID_JANELIA::hybrid_drift_siprobe::rec_32c_1200s_21::KiloSort::34,HYBRID_JANELIA::hybrid_drift_siprobe::rec_32c_1200s_21,HYBRID_JANELIA,hybrid,domain_a,-2.870151971786817,-1.866185751921985,1.0829472824320987
hybrid_vs_paired_all,HYBRID_JANELIA::hybrid_static_siprobe::rec_16c_1200s_31::MountainSort4::82,HYBRID_JANELIA::hybrid_static_siprobe::rec_16c_1200s_31,HYBRID_JANELIA,hybrid,domain_a,-4.090254694664952,-3.1490113250190865,3.329203829769662
hybrid_vs_paired_all,HYBRID_JANELIA::hybrid_drift_siprobe::rec_64c_1200s_11::SpykingCircus::92,HYBRID_JANELIA::hybrid_drift_siprobe::rec_64c_1200s_11,HYBRID_JANELIA,hybrid,domain_a,-2.8344191034719577,-1.6668145937408276,-0.5526452925496129
hybrid_vs_paired_all,HYBRID_JANELIA::hybrid_drift_siprobe::rec_32c_600s_31::SpykingCircus::21,HYBRID_JANELIA::hybrid_drift_siprobe::rec_32c_600s_31,HYBRID_JANELIA,hybrid,domain_a,-2.374787713999155,-1.42333279101047,0.7492298544826467
hybrid_vs_paired_all,HYBRID_JANELIA::hybrid_drift_tetrode::rec_4c_600s_21::MountainSort4::2,HYBRID_JANELIA::hybrid_drift_tetrode::rec_4c_600s_21,HYBRID_JANELIA,hybrid,domain_a,-2.910903118447754,-2.1296652391999165,2.0361803511587393
hybrid_vs_paired_all,HYBRID_JANELIA::hybrid_drift_siprobe::rec_32c_1200s_11::KiloSort2::37,HYBRID_JANELIA::hybrid_drift_siprobe::rec_32c_1200s_11,HYBRID_JANELIA,hybrid,domain_a,-3.123756796818418,-2.07427769402321,2.261711584417282
hybrid_vs_paired_all,HYBRID_JANELIA::hybrid_drift_siprobe::rec_64c_600s_12::JRClust::112,HYBRID_JANELIA::hybrid_drift_siprobe::rec_64c_600s_12,HYBRID_JANELIA,hybrid,domain_a,-2.651050498898222,-0.6990977833857887,2.76943835745565
hybrid_vs_paired_all,HYBRID_JANELIA::hybrid_static_siprobe::rec_64c_600s_12::MountainSort4::79,HYBRID_JANELIA::hybrid_static_siprobe::rec_64c_600s_12,HYBRID_JANELIA,hybrid,domain_a,-2.7610001022626403,-1.725321208227431,0.627808628246076
hybrid_vs_paired_all,HYBRID_JANELIA::hybrid_drift_siprobe::rec_32c_1200s_31::SpykingCircus::35,HYBRID_JANELIA::hybrid_drift_siprobe::rec_32c_1200s_31,HYBRID_JANELIA,hybrid,domain_a,-2.7745907037958433,-1.5769909853039767,-0.17289740165620252
hybrid_vs_paired_all,HYBRID_JANELIA::hybrid_drift_siprobe::rec_32c_1200s_11::MountainSort4::27,HYBRID_JANELIA::hybrid_drift_siprobe::rec_32c_1200s_11,HYBRID_JANELIA,hybrid,domain_a,-3.5701337453270905,-2.753652342449062,3.041075293650858
hybrid_vs_paired_all,HYBRID_JANELIA::hybrid_static_siprobe::rec_32c_600s_22::HerdingSpikes2::3,HYBRID_JANELIA::hybrid_static_siprobe::rec_32c_600s_22,HYBRID_JANELIA,hybrid,domain_a,-3.023187549383841,-2.3251857645595684,2.5963863665932765
hybrid_vs_paired_all,HYBRID_JANELIA::hybrid_static_siprobe::rec_32c_600s_31::HerdingSpikes2::29,HYBRID_JANELIA::hybrid_static_siprobe::rec_32c_600s_31,HYBRID_JANELIA,hybrid,domain_a,-2.731995473771707,-1.96120584600171,1.4435128517600646
hybrid_vs_paired_all,HYBRID_JANELIA::hybrid_static_siprobe::rec_16c_600s_12::JRClust::14,HYBRID_JANELIA::hybrid_static_siprobe::rec_16c_600s_12,HYBRID_JANELIA,hybrid,domain_a,-2.5893148546158407,-1.8023197518660108,0.1632648757730914
hybrid_vs_paired_all,HYBRID_JANELIA::hybrid_drift_siprobe::rec_16c_600s_31::MountainSort4::17,HYBRID_JANELIA::hybrid_drift_siprobe::rec_16c_600s_31,HYBRID_JANELIA,hybrid,domain_a,-1.4952840143319892,-0.3474126552023209,0.6573213976040565
hybrid_vs_paired_all,HYBRID_JANELIA::hybrid_static_siprobe::rec_32c_1200s_31::KiloSort2::2,HYBRID_JANELIA::hybrid_static_siprobe::rec_32c_1200s_31,HYBRID_JANELIA,hybrid,domain_a,-2.909185710183856,-2.4461153771648476,1.3108013281521713
hybrid_vs_paired_all,HYBRID_JANELIA::hybrid_static_tetrode::rec_4c_600s_22::KiloSort::0,HYBRID_JANELIA::hybrid_static_tetrode::rec_4c_600s_22,HYBRID_JANELIA,hybrid,domain_a,-2.155453333760652,-1.3185623672571114,1.0447234661014224
hybrid_vs_paired_all,HYBRID_JANELIA::hybrid_static_siprobe::rec_16c_1200s_21::JRClust::1,HYBRID_JANELIA::hybrid_static_siprobe::rec_16c_1200s_21,HYBRID_JANELIA,hybrid,domain_a,-2.84205518147456,-2.37276655767375,2.074872979787959
hybrid_vs_paired_all,HYBRID_JANELIA::hybrid_drift_siprobe::rec_16c_600s_22::MountainSort4::45,HYBRID_JANELIA::hybrid_drift_siprobe::rec_16c_600s_22,HYBRID_JANELIA,hybrid,domain_a,-2.6140585475660703,-1.3712302640082383,1.4835793869094542
hybrid_vs_paired_all,HYBRID_JANELIA::hybrid_drift_tetrode::rec_4c_1200s_11::HerdingSpikes2::6,HYBRID_JANELIA::hybrid_drift_tetrode::rec_4c_1200s_11,HYBRID_JANELIA,hybrid,domain_a,-2.5287261156300076,-1.6604035627171732,1.8183381878531224
hybrid_vs_paired_all,HYBRID_JANELIA::hybrid_drift_siprobe::rec_32c_1200s_11::KiloSort2::43,HYBRID_JANELIA::hybrid_drift_siprobe::rec_32c_1200s_11,HYBRID_JANELIA,hybrid,domain_a,-2.0815073429855686,-1.2873822483873203,-0.0332472532076062
hybrid_vs_paired_all,HYBRID_JANELIA::hybrid_drift_tetrode::rec_4c_600s_32::Tridesclous::6,HYBRID_JANELIA::hybrid_drift_tetrode::rec_4c_600s_32,HYBRID_JANELIA,hybrid,domain_a,-2.950002209524429,-1.6145954319088176,1.1501647423601193
hybrid_vs_paired_all,HYBRID_JANELIA::hybrid_drift_siprobe::rec_16c_600s_11::KiloSort::30,HYBRID_JANELIA::hybrid_drift_siprobe::rec_16c_600s_11,HYBRID_JANELIA,hybrid,domain_a,-3.3110986891442393,-1.9846199937130609,3.0955324760905163
hybrid_vs_paired_all,HYBRID_JANELIA::hybrid_drift_siprobe::rec_32c_1200s_11::Tridesclous::28,HYBRID_JANELIA::hybrid_drift_siprobe::rec_32c_1200s_11,HYBRID_JANELIA,hybrid,domain_a,-3.45796342944436,-2.5719865815970433,2.3618500221695395
hybrid_vs_paired_all,HYBRID_JANELIA::hybrid_drift_siprobe::rec_16c_600s_32::KiloSort2::26,HYBRID_JANELIA::hybrid_drift_siprobe::rec_16c_600s_32,HYBRID_JANELIA,hybrid,domain_a,-2.3227361323127065,-1.891156287883561,1.516244136141795
hybrid_vs_paired_all,HYBRID_JANELIA::hybrid_drift_siprobe::rec_32c_1200s_11::JRClust::18,HYBRID_JANELIA::hybrid_drift_siprobe::rec_32c_1200s_11,HYBRID_JANELIA,hybrid,domain_a,-3.0034723801195393,-2.088203758431818,3.0061268073513325
hybrid_vs_paired_all,HYBRID_JANELIA::hybrid_static_siprobe::rec_32c_600s_11::KiloSort::77,HYBRID_JANELIA::hybrid_static_siprobe::rec_32c_600s_11,HYBRID_JANELIA,hybrid,domain_a,-3.107699155555514,-1.9981560957437823,1.115693522171258
hybrid_vs_paired_all,HYBRID_JANELIA::hybrid_static_siprobe::rec_32c_600s_22::HerdingSpikes2::34,HYBRID_JANELIA::hybrid_static_siprobe::rec_32c_600s_22,HYBRID_JANELIA,hybrid,domain_a,-3.024029648032666,-1.9412944177099623,2.0102941058174495
hybrid_vs_paired_all,HYBRID_JANELIA::hybrid_drift_siprobe::rec_32c_1200s_21::Tridesclous::58,HYBRID_JANELIA::hybrid_drift_siprobe::rec_32c_1200s_21,HYBRID_JANELIA,hybrid,domain_a,-2.8251627961223065,-1.115766633891673,0.9922459303315372
hybrid_vs_paired_all,HYBRID_JANELIA::hybrid_static_siprobe::rec_32c_600s_12::MountainSort4::19,HYBRID_JANELIA::hybrid_static_siprobe::rec_32c_600s_12,HYBRID_JANELIA,hybrid,domain_a,-3.85983910044267,-2.863575866880084,3.141715333682338
hybrid_vs_paired_all,HYBRID_JANELIA::hybrid_drift_siprobe::rec_32c_600s_11::HerdingSpikes2::12,HYBRID_JANELIA::hybrid_drift_siprobe::rec_32c_600s_11,HYBRID_JANELIA,hybrid,domain_a,-2.722139307334263,-2.0422583006176454,2.227380946766944
hybrid_vs_paired_all,HYBRID_JANELIA::hybrid_drift_siprobe::rec_32c_1200s_31::IronClust::39,HYBRID_JANELIA::hybrid_drift_siprobe::rec_32c_1200s_31,HYBRID_JANELIA,hybrid,domain_a,-2.500223965201968,-2.0834524093461386,1.1141252250279743
hybrid_vs_paired_all,HYBRID_JANELIA::hybrid_static_siprobe::rec_32c_600s_21::SpykingCircus::6,HYBRID_JANELIA::hybrid_static_siprobe::rec_32c_600s_21,HYBRID_JANELIA,hybrid,domain_a,-2.774792324350025,-2.4938597215365568,1.9858020823270641
hybrid_vs_paired_all,HYBRID_JANELIA::hybrid_drift_siprobe::rec_64c_1200s_11::HerdingSpikes2::72,HYBRID_JANELIA::hybrid_drift_siprobe::rec_64c_1200s_11,HYBRID_JANELIA,hybrid,domain_a,-3.0589219514813952,-2.3534599811934607,2.3126365669609696
hybrid_vs_paired_all,HYBRID_JANELIA::hybrid_drift_siprobe::rec_64c_1200s_11::MountainSort4::243,HYBRID_JANELIA::hybrid_drift_siprobe::rec_64c_1200s_11,HYBRID_JANELIA,hybrid,domain_a,-2.4783486683600824,-1.8108169353920187,0.25123163710223173
hybrid_vs_paired_all,HYBRID_JANELIA::hybrid_static_siprobe::rec_64c_600s_11::MountainSort4::219,HYBRID_JANELIA::hybrid_static_siprobe::rec_64c_600s_11,HYBRID_JANELIA,hybrid,domain_a,-4.156739053793288,-2.8953686452682184,2.573271960477495
hybrid_vs_paired_all,HYBRID_JANELIA::hybrid_drift_siprobe::rec_32c_1200s_31::MountainSort4::143,HYBRID_JANELIA::hybrid_drift_siprobe::rec_32c_1200s_31,HYBRID_JANELIA,hybrid,domain_a,-1.5164241216754533,-0.8705837581293476,0.1750182455945393
hybrid_vs_paired_all,HYBRID_JANELIA::hybrid_static_siprobe::rec_16c_600s_12::HerdingSpikes2::2,HYBRID_JANELIA::hybrid_static_siprobe::rec_16c_600s_12,HYBRID_JANELIA,hybrid,domain_a,-3.041345981465534,-2.17800596247498,2.7766379997812383
hybrid_vs_paired_all,HYBRID_JANELIA::hybrid_drift_siprobe::rec_64c_600s_11::KiloSort::77,HYBRID_JANELIA::hybrid_drift_siprobe::rec_64c_600s_11,HYBRID_JANELIA,hybrid,domain_a,-2.9795315055732865,-2.0932663471585564,2.4245232620158776
hybrid_vs_paired_all,HYBRID_JANELIA::hybrid_drift_siprobe::rec_16c_1200s_31::SpykingCircus::20,HYBRID_JANELIA::hybrid_drift_siprobe::rec_16c_1200s_31,HYBRID_JANELIA,hybrid,domain_a,-2.52778097664315,-1.6757761452831776,1.25852189375358
hybrid_vs_paired_all,HYBRID_JANELIA::hybrid_static_siprobe::rec_16c_600s_32::KiloSort::3,HYBRID_JANELIA::hybrid_static_siprobe::rec_16c_600s_32,HYBRID_JANELIA,hybrid,domain_a,-3.7586224178906185,-2.9877067023215536,2.6305297839521677
hybrid_vs_paired_all,HYBRID_JANELIA::hybrid_drift_siprobe::rec_32c_1200s_11::SpykingCircus::18,HYBRID_JANELIA::hybrid_drift_siprobe::rec_32c_1200s_11,HYBRID_JANELIA,hybrid,domain_a,-2.6607545924235025,-1.605496714548235,1.989616051614627
hybrid_vs_paired_all,HYBRID_JANELIA::hybrid_static_siprobe::rec_16c_600s_32::KiloSort2::21,HYBRID_JANELIA::hybrid_static_siprobe::rec_16c_600s_32,HYBRID_JANELIA,hybrid,domain_a,-2.8277430390758553,-2.341532877323653,2.32186069118019
hybrid_vs_paired_all,HYBRID_JANELIA::hybrid_drift_siprobe::rec_32c_600s_22::JRClust::63,HYBRID_JANELIA::hybrid_drift_siprobe::rec_32c_600s_22,HYBRID_JANELIA,hybrid,domain_a,-2.6040866170448282,-1.242570981834892,-0.6904953518815701
hybrid_vs_paired_all,HYBRID_JANELIA::hybrid_drift_siprobe::rec_16c_1200s_11::MountainSort4::31,HYBRID_JANELIA::hybrid_drift_siprobe::rec_16c_1200s_11,HYBRID_JANELIA,hybrid,domain_a,-2.7452863655374546,-1.3028326290019994,1.431324452819216
hybrid_vs_paired_all,HYBRID_JANELIA::hybrid_drift_siprobe::rec_32c_600s_12::HerdingSpikes2::61,HYBRID_JANELIA::hybrid_drift_siprobe::rec_32c_600s_12,HYBRID_JANELIA,hybrid,domain_a,-1.5935328528160573,0.6899131391025125,1.6248017500727496
hybrid_vs_paired_all,HYBRID_JANELIA::hybrid_static_siprobe::rec_32c_600s_22::KiloSort::1,HYBRID_JANELIA::hybrid_static_siprobe::rec_32c_600s_22,HYBRID_JANELIA,hybrid,domain_a,-2.8596232053687665,-1.8475958218636872,0.6426770759030429
hybrid_vs_paired_all,HYBRID_JANELIA::hybrid_drift_siprobe::rec_32c_600s_32::JRClust::17,HYBRID_JANELIA::hybrid_drift_siprobe::rec_32c_600s_32,HYBRID_JANELIA,hybrid,domain_a,-2.607537754870634,-1.2733568202520273,-0.7361675950565689
hybrid_vs_paired_all,HYBRID_JANELIA::hybrid_drift_siprobe::rec_64c_600s_11::MountainSort4::79,HYBRID_JANELIA::hybrid_drift_siprobe::rec_64c_600s_11,HYBRID_JANELIA,hybrid,domain_a,-1.7776208687288695,-0.400473961238867,-2.3772849809944483
hybrid_vs_paired_all,HYBRID_JANELIA::hybrid_static_siprobe::rec_32c_600s_22::IronClust::35,HYBRID_JANELIA::hybrid_static_siprobe::rec_32c_600s_22,HYBRID_JANELIA,hybrid,domain_a,-2.6516598259513025,-2.0481386751278574,1.0036749018398259
hybrid_vs_paired_all,HYBRID_JANELIA::hybrid_drift_siprobe::rec_32c_1200s_11::SpykingCircus::54,HYBRID_JANELIA::hybrid_drift_siprobe::rec_32c_1200s_11,HYBRID_JANELIA,hybrid,domain_a,-3.3693207943439503,-2.4032687321116586,2.2424771325393364
hybrid_vs_paired_all,HYBRID_JANELIA::hybrid_static_siprobe::rec_32c_600s_22::MountainSort4::59,HYBRID_JANELIA::hybrid_static_siprobe::rec_32c_600s_22,HYBRID_JANELIA,hybrid,domain_a,-3.9311318164388496,-2.6760491481520057,2.988047879329151
hybrid_vs_paired_all,HYBRID_JANELIA::hybrid_drift_siprobe::rec_64c_600s_12::KiloSort2::9,HYBRID_JANELIA::hybrid_drift_siprobe::rec_64c_600s_12,HYBRID_JANELIA,hybrid,domain_a,-2.498843406027429,-1.7568057108307453,5.656509625718764
hybrid_vs_paired_all,HYBRID_JANELIA::hybrid_static_siprobe::rec_64c_600s_11::MountainSort4::184,HYBRID_JANELIA::hybrid_static_siprobe::rec_64c_600s_11,HYBRID_JANELIA,hybrid,domain_a,-3.2690819343293387,-1.8999497724237113,2.130911492195814
hybrid_vs_paired_all,HYBRID_JANELIA::hybrid_static_tetrode::rec_4c_600s_11::MountainSort4::7,HYBRID_JANELIA::hybrid_static_tetrode::rec_4c_600s_11,HYBRID_JANELIA,hybrid,domain_a,-2.625304554475092,-1.84416305946124,1.7834292998491648
hybrid_vs_paired_all,HYBRID_JANELIA::hybrid_drift_siprobe::rec_32c_1200s_21::MountainSort4::159,HYBRID_JANELIA::hybrid_drift_siprobe::rec_32c_1200s_21,HYBRID_JANELIA,hybrid,domain_a,-3.028562982925921,-1.219809823693757,3.4815139630708583
hybrid_vs_paired_all,HYBRID_JANELIA::hybrid_drift_siprobe::rec_32c_600s_31::SpykingCircus::26,HYBRID_JANELIA::hybrid_drift_siprobe::rec_32c_600s_31,HYBRID_JANELIA,hybrid,domain_a,-3.227022759921352,-1.9635299316787087,0.7095223144861986
hybrid_vs_paired_all,HYBRID_JANELIA::hybrid_drift_siprobe::rec_64c_1200s_11::KiloSort2::30,HYBRID_JANELIA::hybrid_drift_siprobe::rec_64c_1200s_11,HYBRID_JANELIA,hybrid,domain_a,-2.9725732515680625,-1.3134565236817202,0.8511968360667033
hybrid_vs_paired_all,HYBRID_JANELIA::hybrid_drift_siprobe::rec_16c_600s_11::JRClust::29,HYBRID_JANELIA::hybrid_drift_siprobe::rec_16c_600s_11,HYBRID_JANELIA,hybrid,domain_a,-2.471301408044656,-2.2037512455389523,4.055515702542656
hybrid_vs_paired_all,HYBRID_JANELIA::hybrid_drift_siprobe::rec_16c_600s_31::JRClust::23,HYBRID_JANELIA::hybrid_drift_siprobe::rec_16c_600s_31,HYBRID_JANELIA,hybrid,domain_a,-2.3802544294548476,-1.663501939775498,1.469111286065879
hybrid_vs_paired_all,HYBRID_JANELIA::hybrid_static_siprobe::rec_64c_600s_12::HerdingSpikes2::17,HYBRID_JANELIA::hybrid_static_siprobe::rec_64c_600s_12,HYBRID_JANELIA,hybrid,domain_a,-3.205577196967665,-2.4499889114864866,1.4423281689319447
hybrid_vs_paired_all,HYBRID_JANELIA::hybrid_drift_siprobe::rec_16c_600s_11::HerdingSpikes2::0,HYBRID_JANELIA::hybrid_drift_siprobe::rec_16c_600s_11,HYBRID_JANELIA,hybrid,domain_a,-3.2134369224217973,-2.179166169442575,2.8183311371520103
hybrid_vs_paired_all,HYBRID_JANELIA::hybrid_drift_siprobe::rec_32c_600s_11::KiloSort::222,HYBRID_JANELIA::hybrid_drift_siprobe::rec_32c_600s_11,HYBRID_JANELIA,hybrid,domain_a,-3.0453449065776437,-1.5119034380508436,0.7690120785916026
hybrid_vs_paired_all,HYBRID_JANELIA::hybrid_drift_siprobe::rec_32c_1200s_11::Tridesclous::25,HYBRID_JANELIA::hybrid_drift_siprobe::rec_32c_1200s_11,HYBRID_JANELIA,hybrid,domain_a,-2.7947829282525714,-1.447978261940968,1.1537616888157733
hybrid_vs_paired_all,HYBRID_JANELIA::hybrid_drift_siprobe::rec_32c_600s_31::SpykingCircus::42,HYBRID_JANELIA::hybrid_drift_siprobe::rec_32c_600s_31,HYBRID_JANELIA,hybrid,domain_a,-3.0607468273856,-1.8647270176705268,1.119285216020259
hybrid_vs_paired_all,HYBRID_JANELIA::hybrid_static_siprobe::rec_32c_600s_12::KiloSort::126,HYBRID_JANELIA::hybrid_static_siprobe::rec_32c_600s_12,HYBRID_JANELIA,hybrid,domain_a,-2.4894865988400126,-2.4939999627455243,1.7237032787540782
hybrid_vs_paired_all,HYBRID_JANELIA::hybrid_drift_siprobe::rec_16c_1200s_21::SpykingCircus::11,HYBRID_JANELIA::hybrid_drift_siprobe::rec_16c_1200s_21,HYBRID_JANELIA,hybrid,domain_a,-2.8984963066712988,-1.127363550804497,2.133028448736235
hybrid_vs_paired_all,HYBRID_JANELIA::hybrid_drift_tetrode::rec_4c_600s_21::HerdingSpikes2::6,HYBRID_JANELIA::hybrid_drift_tetrode::rec_4c_600s_21,HYBRID_JANELIA,hybrid,domain_a,-2.7217003159021416,-2.3499018858382548,2.7852970530082213
hybrid_vs_paired_all,HYBRID_JANELIA::hybrid_static_siprobe::rec_64c_600s_11::MountainSort4::17,HYBRID_JANELIA::hybrid_static_siprobe::rec_64c_600s_11,HYBRID_JANELIA,hybrid,domain_a,-4.030267047315966,-2.656067595879518,2.818333442489991
hybrid_vs_paired_all,HYBRID_JANELIA::hybrid_drift_siprobe::rec_32c_1200s_11::KiloSort::240,HYBRID_JANELIA::hybrid_drift_siprobe::rec_32c_1200s_11,HYBRID_JANELIA,hybrid,domain_a,-2.878555461912998,-1.2634706724860296,1.7597659380145814
hybrid_vs_paired_all,HYBRID_JANELIA::hybrid_drift_siprobe::rec_64c_600s_11::HerdingSpikes2::21,HYBRID_JANELIA::hybrid_drift_siprobe::rec_64c_600s_11,HYBRID_JANELIA,hybrid,domain_a,-2.694838278326993,-1.6181457221257174,1.9236233424395697
hybrid_vs_paired_all,HYBRID_JANELIA::hybrid_static_siprobe::rec_16c_600s_32::KiloSort2::30,HYBRID_JANELIA::hybrid_static_siprobe::rec_16c_600s_32,HYBRID_JANELIA,hybrid,domain_a,-3.096260400233328,-2.17769947198584,3.2734094282548396
hybrid_vs_paired_all,HYBRID_JANELIA::hybrid_drift_siprobe::rec_32c_1200s_11::Tridesclous::8,HYBRID_JANELIA::hybrid_drift_siprobe::rec_32c_1200s_11,HYBRID_JANELIA,hybrid,domain_a,-2.6246651416785807,-1.745349890492968,2.5108932777486346
hybrid_vs_paired_all,HYBRID_JANELIA::hybrid_drift_siprobe::rec_64c_600s_12::KiloSort2::66,HYBRID_JANELIA::hybrid_drift_siprobe::rec_64c_600s_12,HYBRID_JANELIA,hybrid,domain_a,-2.880656988359505,-2.163295906369512,1.9486212835029721
hybrid_vs_paired_all,HYBRID_JANELIA::hybrid_static_siprobe::rec_16c_1200s_31::Tridesclous::19,HYBRID_JANELIA::hybrid_static_siprobe::rec_16c_1200s_31,HYBRID_JANELIA,hybrid,domain_a,-3.3101252265855665,-2.4346017675601916,3.2618491898056643
hybrid_vs_paired_all,HYBRID_JANELIA::hybrid_drift_siprobe::rec_64c_1200s_11::IronClust::60,HYBRID_JANELIA::hybrid_drift_siprobe::rec_64c_1200s_11,HYBRID_JANELIA,hybrid,domain_a,-2.7749102578777185,-2.0968019011062005,1.6117767515818122
hybrid_vs_paired_all,HYBRID_JANELIA::hybrid_drift_siprobe::rec_64c_1200s_11::HerdingSpikes2::78,HYBRID_JANELIA::hybrid_drift_siprobe::rec_64c_1200s_11,HYBRID_JANELIA,hybrid,domain_a,-2.6381149646042013,-1.7260187037583623,0.09033896336454884
hybrid_vs_paired_all,HYBRID_JANELIA::hybrid_drift_siprobe::rec_64c_1200s_11::SpykingCircus::19,HYBRID_JANELIA::hybrid_drift_siprobe::rec_64c_1200s_11,HYBRID_JANELIA,hybrid,domain_a,-3.27731536333963,-2.779336909925799,3.0628840716548114
hybrid_vs_paired_all,HYBRID_JANELIA::hybrid_static_siprobe::rec_16c_1200s_21::IronClust::13,HYBRID_JANELIA::hybrid_static_siprobe::rec_16c_1200s_21,HYBRID_JANELIA,hybrid,domain_a,-2.7633823089538083,-2.1206194514870114,2.29550681777279
hybrid_vs_paired_all,HYBRID_JANELIA::hybrid_drift_siprobe::rec_32c_600s_31::MountainSort4::16,HYBRID_JANELIA::hybrid_drift_siprobe::rec_32c_600s_31,HYBRID_JANELIA,hybrid,domain_a,-2.7189751546676133,-1.583411329136116,0.6750737601255249
hybrid_vs_paired_all,HYBRID_JANELIA::hybrid_drift_siprobe::rec_32c_600s_11::JRClust::69,HYBRID_JANELIA::hybrid_drift_siprobe::rec_32c_600s_11,HYBRID_JANELIA,hybrid,domain_a,-2.627117907642089,-0.7743584368933911,-0.7845393331206092
hybrid_vs_paired_all,HYBRID_JANELIA::hybrid_static_siprobe::rec_32c_600s_22::IronClust::32,HYBRID_JANELIA::hybrid_static_siprobe::rec_32c_600s_22,HYBRID_JANELIA,hybrid,domain_a,-3.148387229619621,-2.5448185567499753,1.886056912801694
hybrid_vs_paired_all,HYBRID_JANELIA::hybrid_drift_siprobe::rec_16c_1200s_31::MountainSort4::69,HYBRID_JANELIA::hybrid_drift_siprobe::rec_16c_1200s_31,HYBRID_JANELIA,hybrid,domain_a,-2.3992359553808007,-1.6139794403676702,2.193715716345389
hybrid_vs_paired_all,HYBRID_JANELIA::hybrid_drift_siprobe::rec_32c_1200s_31::MountainSort4::149,HYBRID_JANELIA::hybrid_drift_siprobe::rec_32c_1200s_31,HYBRID_JANELIA,hybrid,domain_a,-4.034703957404506,-2.805578162443019,2.773518415463377
hybrid_vs_paired_all,HYBRID_JANELIA::hybrid_static_siprobe::rec_16c_600s_21::SpykingCircus::28,HYBRID_JANELIA::hybrid_static_siprobe::rec_16c_600s_21,HYBRID_JANELIA,hybrid,domain_a,-3.2464508923809055,-1.5619584530696013,1.0638550364742867
hybrid_vs_paired_all,HYBRID_JANELIA::hybrid_drift_siprobe::rec_32c_600s_22::Tridesclous::12,HYBRID_JANELIA::hybrid_drift_siprobe::rec_32c_600s_22,HYBRID_JANELIA,hybrid,domain_a,-2.492599562543511,-1.788706934563505,1.2320130660862632
hybrid_vs_paired_all,HYBRID_JANELIA::hybrid_static_siprobe::rec_16c_600s_11::KiloSort2::7,HYBRID_JANELIA::hybrid_static_siprobe::rec_16c_600s_11,HYBRID_JANELIA,hybrid,domain_a,-2.603642357859389,-2.2328853159789297,0.5389888201888017
hybrid_vs_paired_all,HYBRID_JANELIA::hybrid_drift_siprobe::rec_32c_600s_31::HerdingSpikes2::1,HYBRID_JANELIA::hybrid_drift_siprobe::rec_32c_600s_31,HYBRID_JANELIA,hybrid,domain_a,-2.610098323523896,-1.8235996862216912,1.8535993623874585
hybrid_vs_paired_all,HYBRID_JANELIA::hybrid_static_siprobe::rec_32c_600s_32::Tridesclous::0,HYBRID_JANELIA::hybrid_static_siprobe::rec_32c_600s_32,HYBRID_JANELIA,hybrid,domain_a,-2.271049188854716,-1.9610423154458365,0.5318674358959499
hybrid_vs_paired_all,HYBRID_JANELIA::hybrid_drift_siprobe::rec_16c_600s_12::KiloSort::16,HYBRID_JANELIA::hybrid_drift_siprobe::rec_16c_600s_12,HYBRID_JANELIA,hybrid,domain_a,-2.822329512984343,-1.730884004134211,1.8789803619720233
hybrid_vs_paired_all,HYBRID_JANELIA::hybrid_static_siprobe::rec_32c_600s_22::Tridesclous::19,HYBRID_JANELIA::hybrid_static_siprobe::rec_32c_600s_22,HYBRID_JANELIA,hybrid,domain_a,-2.403069057747103,-2.0342482655565495,0.5800392533650516
hybrid_vs_paired_all,HYBRID_JANELIA::hybrid_drift_siprobe::rec_64c_600s_11::KiloSort::33,HYBRID_JANELIA::hybrid_drift_siprobe::rec_64c_600s_11,HYBRID_JANELIA,hybrid,domain_a,-3.3321704356628135,-2.152275043793421,1.0590394063518225
hybrid_vs_paired_all,HYBRID_JANELIA::hybrid_drift_siprobe::rec_64c_1200s_11::IronClust::17,HYBRID_JANELIA::hybrid_drift_siprobe::rec_64c_1200s_11,HYBRID_JANELIA,hybrid,domain_a,-2.6534981128491055,-2.216290686382018,3.419832140115401
hybrid_vs_paired_all,HYBRID_JANELIA::hybrid_drift_siprobe::rec_32c_600s_31::HerdingSpikes2::24,HYBRID_JANELIA::hybrid_drift_siprobe::rec_32c_600s_31,HYBRID_JANELIA,hybrid,domain_a,-2.2404568681415897,-0.30487847552219205,1.3118166262065292
hybrid_vs_paired_all,HYBRID_JANELIA::hybrid_drift_siprobe::rec_64c_600s_11::MountainSort4::231,HYBRID_JANELIA::hybrid_drift_siprobe::rec_64c_600s_11,HYBRID_JANELIA,hybrid,domain_a,-2.862167604500461,-1.4431435462021143,1.75722277903997
hybrid_vs_paired_all,HYBRID_JANELIA::hybrid_drift_siprobe::rec_32c_600s_31::KiloSort2::12,HYBRID_JANELIA::hybrid_drift_siprobe::rec_32c_600s_31,HYBRID_JANELIA,hybrid,domain_a,-3.2671685307395495,-1.383251077577595,1.3724529145646065
hybrid_vs_paired_all,HYBRID_JANELIA::hybrid_static_siprobe::rec_16c_1200s_11::JRClust::3,HYBRID_JANELIA::hybrid_static_siprobe::rec_16c_1200s_11,HYBRID_JANELIA,hybrid,domain_a,-2.750628570228964,-1.4336699291586243,1.9776800061432827
hybrid_vs_paired_all,HYBRID_JANELIA::hybrid_static_siprobe::rec_32c_600s_11::HerdingSpikes2::8,HYBRID_JANELIA::hybrid_static_siprobe::rec_32c_600s_11,HYBRID_JANELIA,hybrid,domain_a,-3.4399698596943495,-2.174239735204239,2.5932806293144766
hybrid_vs_paired_all,HYBRID_JANELIA::hybrid_static_siprobe::rec_32c_1200s_31::HerdingSpikes2::75,HYBRID_JANELIA::hybrid_static_siprobe::rec_32c_1200s_31,HYBRID_JANELIA,hybrid,domain_a,-2.3142890188075933,0.07194488371568492,4.756694174140847
hybrid_vs_paired_all,HYBRID_JANELIA::hybrid_drift_siprobe::rec_16c_1200s_21::KiloSort::56,HYBRID_JANELIA::hybrid_drift_siprobe::rec_16c_1200s_21,HYBRID_JANELIA,hybrid,domain_a,-3.3278018031599013,-1.6545584584890811,2.2648691930695883
hybrid_vs_paired_all,HYBRID_JANELIA::hybrid_drift_siprobe::rec_16c_600s_12::MountainSort4::5,HYBRID_JANELIA::hybrid_drift_siprobe::rec_16c_600s_12,HYBRID_JANELIA,hybrid,domain_a,-3.573269976981377,-2.4679404706543346,3.1090697027098595
hybrid_vs_paired_all,HYBRID_JANELIA::hybrid_static_siprobe::rec_64c_1200s_11::MountainSort4::142,HYBRID_JANELIA::hybrid_static_siprobe::rec_64c_1200s_11,HYBRID_JANELIA,hybrid,domain_a,-3.3350802006750064,-2.4276511346368856,0.27016178612786074
hybrid_vs_paired_all,HYBRID_JANELIA::hybrid_static_siprobe::rec_16c_600s_31::KiloSort2::8,HYBRID_JANELIA::hybrid_static_siprobe::rec_16c_600s_31,HYBRID_JANELIA,hybrid,domain_a,-3.4141928294947292,-2.2546116133562712,3.1311707548739385
hybrid_vs_paired_all,HYBRID_JANELIA::hybrid_drift_tetrode::rec_4c_1200s_31::JRClust::12,HYBRID_JANELIA::hybrid_drift_tetrode::rec_4c_1200s_31,HYBRID_JANELIA,hybrid,domain_a,-1.3126474229959166,-0.7551796906087241,1.1156981300307092
hybrid_vs_paired_all,HYBRID_JANELIA::hybrid_static_siprobe::rec_32c_600s_21::JRClust::54,HYBRID_JANELIA::hybrid_static_siprobe::rec_32c_600s_21,HYBRID_JANELIA,hybrid,domain_a,-2.8195330397266947,-1.940037938879365,0.08358460969650149
hybrid_vs_paired_all,HYBRID_JANELIA::hybrid_static_siprobe::rec_16c_600s_32::MountainSort4::12,HYBRID_JANELIA::hybrid_static_siprobe::rec_16c_600s_32,HYBRID_JANELIA,hybrid,domain_a,-2.4897209600083663,-1.8277347934793047,1.1567196884601174
hybrid_vs_paired_all,HYBRID_JANELIA::hybrid_static_siprobe::rec_64c_600s_12::KiloSort2::68,HYBRID_JANELIA::hybrid_static_siprobe::rec_64c_600s_12,HYBRID_JANELIA,hybrid,domain_a,-3.356652714218564,-2.819752389582294,2.8262616335801005
hybrid_vs_paired_all,HYBRID_JANELIA::hybrid_static_siprobe::rec_16c_1200s_11::JRClust::1,HYBRID_JANELIA::hybrid_static_siprobe::rec_16c_1200s_11,HYBRID_JANELIA,hybrid,domain_a,-2.7480633457747716,-1.8281299029438447,1.0584035000428718
hybrid_vs_paired_all,HYBRID_JANELIA::hybrid_static_siprobe::rec_64c_600s_11::JRClust::43,HYBRID_JANELIA::hybrid_static_siprobe::rec_64c_600s_11,HYBRID_JANELIA,hybrid,domain_a,-2.7852944709586214,-1.8240184431041757,1.350055009682709
hybrid_vs_paired_all,HYBRID_JANELIA::hybrid_drift_siprobe::rec_64c_600s_12::KiloSort2::28,HYBRID_JANELIA::hybrid_drift_siprobe::rec_64c_600s_12,HYBRID_JANELIA,hybrid,domain_a,-3.0914142140580494,-2.2858040027124016,2.8165387743843144
hybrid_vs_paired_all,HYBRID_JANELIA::hybrid_drift_siprobe::rec_32c_600s_21::SpykingCircus::9,HYBRID_JANELIA::hybrid_drift_siprobe::rec_32c_600s_21,HYBRID_JANELIA,hybrid,domain_a,-3.072668323882164,-2.1220280448144275,2.636371847921951
hybrid_vs_paired_all,HYBRID_JANELIA::hybrid_drift_siprobe::rec_16c_1200s_11::KiloSort::80,HYBRID_JANELIA::hybrid_drift_siprobe::rec_16c_1200s_11,HYBRID_JANELIA,hybrid,domain_a,-3.412939882910236,-1.379490422236031,1.4322947413689593
hybrid_vs_paired_all,HYBRID_JANELIA::hybrid_static_siprobe::rec_16c_600s_11::SpykingCircus::15,HYBRID_JANELIA::hybrid_static_siprobe::rec_16c_600s_11,HYBRID_JANELIA,hybrid,domain_a,-3.292243443321593,-2.8667236862589243,1.8387655107617742
hybrid_vs_paired_all,HYBRID_JANELIA::hybrid_drift_siprobe::rec_16c_1200s_31::MountainSort4::33,HYBRID_JANELIA::hybrid_drift_siprobe::rec_16c_1200s_31,HYBRID_JANELIA,hybrid,domain_a,-2.4443454630478443,-1.7306058792341528,1.6738299700577626
hybrid_vs_paired_all,HYBRID_JANELIA::hybrid_static_siprobe::rec_64c_600s_12::HerdingSpikes2::42,HYBRID_JANELIA::hybrid_static_siprobe::rec_64c_600s_12,HYBRID_JANELIA,hybrid,domain_a,-3.4412071670374056,-2.8589934616340464,1.4215668615997745
hybrid_vs_paired_all,HYBRID_JANELIA::hybrid_static_siprobe::rec_64c_600s_11::KiloSort::128,HYBRID_JANELIA::hybrid_static_siprobe::rec_64c_600s_11,HYBRID_JANELIA,hybrid,domain_a,-3.176528624354302,-2.2197476782392984,1.0111381917710631
hybrid_vs_paired_all,HYBRID_JANELIA::hybrid_static_siprobe::rec_64c_600s_11::HerdingSpikes2::64,HYBRID_JANELIA::hybrid_static_siprobe::rec_64c_600s_11,HYBRID_JANELIA,hybrid,domain_a,-2.251117371612761,-1.9330676761490881,-0.0032003876428260986
hybrid_vs_paired_all,HYBRID_JANELIA::hybrid_static_siprobe::rec_64c_600s_11::MountainSort4::179,HYBRID_JANELIA::hybrid_static_siprobe::rec_64c_600s_11,HYBRID_JANELIA,hybrid,domain_a,-4.222369409129299,-2.8245054769214173,2.548210428553344
hybrid_vs_paired_all,HYBRID_JANELIA::hybrid_drift_siprobe::rec_16c_600s_22::SpykingCircus::20,HYBRID_JANELIA::hybrid_drift_siprobe::rec_16c_600s_22,HYBRID_JANELIA,hybrid,domain_a,-2.744370650036043,-1.645017080794814,1.0101511872278226
hybrid_vs_paired_all,HYBRID_JANELIA::hybrid_drift_siprobe::rec_32c_1200s_31::HerdingSpikes2::104,HYBRID_JANELIA::hybrid_drift_siprobe::rec_32c_1200s_31,HYBRID_JANELIA,hybrid,domain_a,-2.483380994259176,-0.2933085973417893,-1.4613383839969782
hybrid_vs_paired_all,HYBRID_JANELIA::hybrid_static_siprobe::rec_64c_1200s_11::IronClust::29,HYBRID_JANELIA::hybrid_static_siprobe::rec_64c_1200s_11,HYBRID_JANELIA,hybrid,domain_a,-3.893435309527286,-3.054758926146357,2.6509151214651445
hybrid_vs_paired_all,HYBRID_JANELIA::hybrid_drift_siprobe::rec_64c_600s_11::JRClust::193,HYBRID_JANELIA::hybrid_drift_siprobe::rec_64c_600s_11,HYBRID_JANELIA,hybrid,domain_a,-2.193490254064899,2.82203042844888,0.9708565397530459
hybrid_vs_paired_all,HYBRID_JANELIA::hybrid_drift_siprobe::rec_64c_600s_11::Tridesclous::30,HYBRID_JANELIA::hybrid_drift_siprobe::rec_64c_600s_11,HYBRID_JANELIA,hybrid,domain_a,-2.728159542570707,-1.8950136801244595,1.8742576421774437
hybrid_vs_paired_all,HYBRID_JANELIA::hybrid_drift_siprobe::rec_16c_600s_32::MountainSort4::64,HYBRID_JANELIA::hybrid_drift_siprobe::rec_16c_600s_32,HYBRID_JANELIA,hybrid,domain_a,-4.0746769427449525,-2.8301831299329177,3.1977787260724644
hybrid_vs_paired_all,HYBRID_JANELIA::hybrid_drift_siprobe::rec_16c_600s_31::MountainSort4::98,HYBRID_JANELIA::hybrid_drift_siprobe::rec_16c_600s_31,HYBRID_JANELIA,hybrid,domain_a,-2.5074140403810223,-1.7426932650540448,0.7669201305826681
hybrid_vs_paired_all,HYBRID_JANELIA::hybrid_drift_siprobe::rec_64c_600s_11::IronClust::31,HYBRID_JANELIA::hybrid_drift_siprobe::rec_64c_600s_11,HYBRID_JANELIA,hybrid,domain_a,-3.25680516522732,-2.57043413243403,2.9012161284390916
hybrid_vs_paired_all,HYBRID_JANELIA::hybrid_drift_siprobe::rec_32c_1200s_21::Tridesclous::47,HYBRID_JANELIA::hybrid_drift_siprobe::rec_32c_1200s_21,HYBRID_JANELIA,hybrid,domain_a,-2.939601793938001,-2.011605019249512,0.8629146799344529
hybrid_vs_paired_all,HYBRID_JANELIA::hybrid_drift_siprobe::rec_32c_1200s_11::IronClust::19,HYBRID_JANELIA::hybrid_drift_siprobe::rec_32c_1200s_11,HYBRID_JANELIA,hybrid,domain_a,-2.988546331503245,-1.427825902471316,1.8327800377047119
hybrid_vs_paired_all,HYBRID_JANELIA::hybrid_drift_siprobe::rec_64c_600s_12::KiloSort::162,HYBRID_JANELIA::hybrid_drift_siprobe::rec_64c_600s_12,HYBRID_JANELIA,hybrid,domain_a,-2.7758071567780256,-1.836781227261137,1.3178923566864604
hybrid_vs_paired_all,HYBRID_JANELIA::hybrid_drift_tetrode::rec_4c_1200s_31::IronClust::9,HYBRID_JANELIA::hybrid_drift_tetrode::rec_4c_1200s_31,HYBRID_JANELIA,hybrid,domain_a,-2.6080664530531075,-1.4180533005041136,0.9919535786280878
hybrid_vs_paired_all,HYBRID_JANELIA::hybrid_drift_siprobe::rec_32c_1200s_31::SpykingCircus::7,HYBRID_JANELIA::hybrid_drift_siprobe::rec_32c_1200s_31,HYBRID_JANELIA,hybrid,domain_a,-3.855191891279025,-2.5016602186768813,4.139129349318996
hybrid_vs_paired_all,HYBRID_JANELIA::hybrid_drift_siprobe::rec_16c_600s_21::KiloSort::43,HYBRID_JANELIA::hybrid_drift_siprobe::rec_16c_600s_21,HYBRID_JANELIA,hybrid,domain_a,-2.5478666162225085,-1.2218062491315786,-0.2870824477414685
hybrid_vs_paired_all,HYBRID_JANELIA::hybrid_drift_siprobe::rec_64c_1200s_11::Tridesclous::39,HYBRID_JANELIA::hybrid_drift_siprobe::rec_64c_1200s_11,HYBRID_JANELIA,hybrid,domain_a,-3.2235559631357575,-2.1153844114662674,2.9608777662650065
hybrid_vs_paired_all,HYBRID_JANELIA::hybrid_drift_siprobe::rec_16c_600s_12::SpykingCircus::14,HYBRID_JANELIA::hybrid_drift_siprobe::rec_16c_600s_12,HYBRID_JANELIA,hybrid,domain_a,-2.8942655247827993,-2.0953178571550275,3.2885073856290985
hybrid_vs_paired_all,HYBRID_JANELIA::hybrid_static_siprobe::rec_64c_600s_12::KiloSort2::24,HYBRID_JANELIA::hybrid_static_siprobe::rec_64c_600s_12,HYBRID_JANELIA,hybrid,domain_a,-3.096803809883803,-1.4922064613799069,0.5641069370762942
hybrid_vs_paired_all,HYBRID_JANELIA::hybrid_drift_siprobe::rec_64c_600s_12::MountainSort4::70,HYBRID_JANELIA::hybrid_drift_siprobe::rec_64c_600s_12,HYBRID_JANELIA,hybrid,domain_a,-2.6431021313033445,-1.6982202722491346,1.8025030286181685
hybrid_vs_paired_all,HYBRID_JANELIA::hybrid_static_tetrode::rec_4c_600s_21::IronClust::2,HYBRID_JANELIA::hybrid_static_tetrode::rec_4c_600s_21,HYBRID_JANELIA,hybrid,domain_a,-3.26082300525089,-2.3069546266292855,3.5402531596968796
hybrid_vs_paired_all,HYBRID_JANELIA::hybrid_drift_siprobe::rec_32c_600s_21::MountainSort4::61,HYBRID_JANELIA::hybrid_drift_siprobe::rec_32c_600s_21,HYBRID_JANELIA,hybrid,domain_a,-2.729124538504673,-1.80654417962093,2.0380922479119064
hybrid_vs_paired_all,HYBRID_JANELIA::hybrid_static_siprobe::rec_32c_600s_11::JRClust::8,HYBRID_JANELIA::hybrid_static_siprobe::rec_32c_600s_11,HYBRID_JANELIA,hybrid,domain_a,-3.1101891972921574,-2.5293446055508126,2.769370688067666
hybrid_vs_paired_all,HYBRID_JANELIA::hybrid_static_siprobe::rec_32c_600s_11::HerdingSpikes2::54,HYBRID_JANELIA::hybrid_static_siprobe::rec_32c_600s_11,HYBRID_JANELIA,hybrid,domain_a,-1.9964528739451917,0.7482053330798473,0.3063951866894679
hybrid_vs_paired_all,HYBRID_JANELIA::hybrid_static_siprobe::rec_64c_1200s_11::KiloSort::75,HYBRID_JANELIA::hybrid_static_siprobe::rec_64c_1200s_11,HYBRID_JANELIA,hybrid,domain_a,-3.035898458117895,-2.598809036132515,2.4671674396951344
hybrid_vs_paired_all,HYBRID_JANELIA::hybrid_static_siprobe::rec_16c_600s_31::SpykingCircus::6,HYBRID_JANELIA::hybrid_static_siprobe::rec_16c_600s_31,HYBRID_JANELIA,hybrid,domain_a,-2.4707374968248677,-2.1567567755366053,1.203671088373339
hybrid_vs_paired_all,HYBRID_JANELIA::hybrid_static_siprobe::rec_32c_600s_32::HerdingSpikes2::54,HYBRID_JANELIA::hybrid_static_siprobe::rec_32c_600s_32,HYBRID_JANELIA,hybrid,domain_a,-1.323751203043565,0.6561743851472699,2.2082174240891885
hybrid_vs_paired_all,HYBRID_JANELIA::hybrid_drift_siprobe::rec_16c_1200s_31::JRClust::23,HYBRID_JANELIA::hybrid_drift_siprobe::rec_16c_1200s_31,HYBRID_JANELIA,hybrid,domain_a,-1.8350974483266331,-1.5764072585060904,0.5887095898060436
hybrid_vs_paired_all,HYBRID_JANELIA::hybrid_drift_siprobe::rec_32c_600s_12::MountainSort4::91,HYBRID_JANELIA::hybrid_drift_siprobe::rec_32c_600s_12,HYBRID_JANELIA,hybrid,domain_a,-2.8075897562512147,-1.6306206238284575,1.5991706847541642
hybrid_vs_paired_all,HYBRID_JANELIA::hybrid_static_tetrode::rec_4c_600s_31::SpykingCircus::8,HYBRID_JANELIA::hybrid_static_tetrode::rec_4c_600s_31,HYBRID_JANELIA,hybrid,domain_a,-2.2185455698141214,-1.197816158855742,-0.4318253148605125
hybrid_vs_paired_all,HYBRID_JANELIA::hybrid_static_siprobe::rec_32c_600s_11::HerdingSpikes2::26,HYBRID_JANELIA::hybrid_static_siprobe::rec_32c_600s_11,HYBRID_JANELIA,hybrid,domain_a,-2.8114630185004685,-2.215718306159962,2.2557393084993973
hybrid_vs_paired_all,HYBRID_JANELIA::hybrid_drift_siprobe::rec_16c_600s_11::MountainSort4::6,HYBRID_JANELIA::hybrid_drift_siprobe::rec_16c_600s_11,HYBRID_JANELIA,hybrid,domain_a,-3.4714885269349263,-2.45044233833814,2.8647286015452367
hybrid_vs_paired_all,HYBRID_JANELIA::hybrid_drift_siprobe::rec_32c_1200s_21::IronClust::1,HYBRID_JANELIA::hybrid_drift_siprobe::rec_32c_1200s_21,HYBRID_JANELIA,hybrid,domain_a,-3.2271499978747724,-1.1240861554658836,3.955900445180183
hybrid_vs_paired_all,HYBRID_JANELIA::hybrid_static_siprobe::rec_16c_600s_11::Tridesclous::0,HYBRID_JANELIA::hybrid_static_siprobe::rec_16c_600s_11,HYBRID_JANELIA,hybrid,domain_a,-2.759960430141734,-2.112649948605219,1.655505979718954
hybrid_vs_paired_all,HYBRID_JANELIA::hybrid_drift_siprobe::rec_32c_1200s_21::JRClust::71,HYBRID_JANELIA::hybrid_drift_siprobe::rec_32c_1200s_21,HYBRID_JANELIA,hybrid,domain_a,-2.5532181023533402,-0.8892100111386494,-0.6468125620045468
hybrid_vs_paired_all,HYBRID_JANELIA::hybrid_static_siprobe::rec_32c_600s_22::HerdingSpikes2::29,HYBRID_JANELIA::hybrid_static_siprobe::rec_32c_600s_22,HYBRID_JANELIA,hybrid,domain_a,-2.6662828563544383,-1.5929747179295635,0.4770050322418463
hybrid_vs_paired_all,HYBRID_JANELIA::hybrid_drift_tetrode::rec_4c_600s_11::JRClust::5,HYBRID_JANELIA::hybrid_drift_tetrode::rec_4c_600s_11,HYBRID_JANELIA,hybrid,domain_a,-1.8302802000965395,-1.2756520354796947,0.49994344842920396
hybrid_vs_paired_all,HYBRID_JANELIA::hybrid_drift_siprobe::rec_16c_600s_21::HerdingSpikes2::26,HYBRID_JANELIA::hybrid_drift_siprobe::rec_16c_600s_21,HYBRID_JANELIA,hybrid,domain_a,-2.8801336372094863,-1.2418469741756237,1.1221719510998691
hybrid_vs_paired_all,HYBRID_JANELIA::hybrid_drift_siprobe::rec_32c_600s_12::JRClust::44,HYBRID_JANELIA::hybrid_drift_siprobe::rec_32c_600s_12,HYBRID_JANELIA,hybrid,domain_a,-2.582068700024739,-1.7684002876031264,1.3906383914264244
hybrid_vs_paired_all,HYBRID_JANELIA::hybrid_static_siprobe::rec_64c_600s_11::SpykingCircus::54,HYBRID_JANELIA::hybrid_static_siprobe::rec_64c_600s_11,HYBRID_JANELIA,hybrid,domain_a,-2.4854429869176644,-1.1973065931055746,0.1678980927890097
hybrid_vs_paired_all,HYBRID_JANELIA::hybrid_static_siprobe::rec_32c_600s_12::SpykingCircus::25,HYBRID_JANELIA::hybrid_static_siprobe::rec_32c_600s_12,HYBRID_JANELIA,hybrid,domain_a,-3.5186238797138336,0.03178493617332514,3.4170612281146195
hybrid_vs_paired_all,HYBRID_JANELIA::hybrid_drift_siprobe::rec_32c_600s_32::SpykingCircus::11,HYBRID_JANELIA::hybrid_drift_siprobe::rec_32c_600s_32,HYBRID_JANELIA,hybrid,domain_a,-2.7770917587772255,-2.241401488789402,1.9660500618775607
hybrid_vs_paired_all,HYBRID_JANELIA::hybrid_drift_siprobe::rec_32c_1200s_21::MountainSort4::165,HYBRID_JANELIA::hybrid_drift_siprobe::rec_32c_1200s_21,HYBRID_JANELIA,hybrid,domain_a,-2.6745663502284787,-1.6713318360522755,2.2703707886890987
hybrid_vs_paired_all,HYBRID_JANELIA::hybrid_static_siprobe::rec_32c_600s_22::KiloSort2::38,HYBRID_JANELIA::hybrid_static_siprobe::rec_32c_600s_22,HYBRID_JANELIA,hybrid,domain_a,-2.193675491488485,-2.060703250409128,0.35888480188803135
hybrid_vs_paired_all,HYBRID_JANELIA::hybrid_drift_siprobe::rec_16c_1200s_31::SpykingCircus::17,HYBRID_JANELIA::hybrid_drift_siprobe::rec_16c_1200s_31,HYBRID_JANELIA,hybrid,domain_a,-2.770800851267518,-2.037366243521403,1.6281040272699119
hybrid_vs_paired_all,HYBRID_JANELIA::hybrid_static_siprobe::rec_32c_600s_22::KiloSort2::3,HYBRID_JANELIA::hybrid_static_siprobe::rec_32c_600s_22,HYBRID_JANELIA,hybrid,domain_a,-3.1416783363170553,-2.3745999138475065,2.010379545747937
hybrid_vs_paired_all,HYBRID_JANELIA::hybrid_drift_tetrode::rec_4c_600s_31::JRClust::10,HYBRID_JANELIA::hybrid_drift_tetrode::rec_4c_600s_31,HYBRID_JANELIA,hybrid,domain_a,-2.147020649176866,-1.695587815445479,1.4011380329909064
hybrid_vs_paired_all,HYBRID_JANELIA::hybrid_static_siprobe::rec_16c_600s_31::Tridesclous::4,HYBRID_JANELIA::hybrid_static_siprobe::rec_16c_600s_31,HYBRID_JANELIA,hybrid,domain_a,-2.498511642618992,-2.2706373959330812,1.3496104172212737
hybrid_vs_paired_all,HYBRID_JANELIA::hybrid_drift_siprobe::rec_64c_1200s_11::Tridesclous::88,HYBRID_JANELIA::hybrid_drift_siprobe::rec_64c_1200s_11,HYBRID_JANELIA,hybrid,domain_a,-2.8400711819949307,-1.7589494927866092,0.6148036723977177
hybrid_vs_paired_all,HYBRID_JANELIA::hybrid_static_siprobe::rec_32c_1200s_11::Tridesclous::12,HYBRID_JANELIA::hybrid_static_siprobe::rec_32c_1200s_11,HYBRID_JANELIA,hybrid,domain_a,-3.494925756473184,-2.815358085097937,1.8093836389959421
hybrid_vs_paired_all,HYBRID_JANELIA::hybrid_static_siprobe::rec_64c_600s_11::IronClust::64,HYBRID_JANELIA::hybrid_static_siprobe::rec_64c_600s_11,HYBRID_JANELIA,hybrid,domain_a,-2.8423629728410233,-1.8628711601767258,-0.4335383968753992
hybrid_vs_paired_all,HYBRID_JANELIA::hybrid_drift_tetrode::rec_4c_1200s_21::HerdingSpikes2::11,HYBRID_JANELIA::hybrid_drift_tetrode::rec_4c_1200s_21,HYBRID_JANELIA,hybrid,domain_a,-2.2056535684156344,-1.8222372074305164,1.144587651133329
hybrid_vs_paired_all,HYBRID_JANELIA::hybrid_drift_siprobe::rec_64c_600s_12::KiloSort::327,HYBRID_JANELIA::hybrid_drift_siprobe::rec_64c_600s_12,HYBRID_JANELIA,hybrid,domain_a,-3.2180646577127567,-1.6565782692579945,0.41853924044187807
hybrid_vs_paired_all,HYBRID_JANELIA::hybrid_static_siprobe::rec_32c_600s_11::JRClust::45,HYBRID_JANELIA::hybrid_static_siprobe::rec_32c_600s_11,HYBRID_JANELIA,hybrid,domain_a,-2.126767225646845,0.5303895342543128,3.4378595048829794
hybrid_vs_paired_all,HYBRID_JANELIA::hybrid_drift_tetrode::rec_4c_600s_22::Tridesclous::4,HYBRID_JANELIA::hybrid_drift_tetrode::rec_4c_600s_22,HYBRID_JANELIA,hybrid,domain_a,-2.3036454110317295,-1.5789237272170347,0.8119812725538775
hybrid_vs_paired_all,HYBRID_JANELIA::hybrid_drift_siprobe::rec_16c_600s_12::IronClust::15,HYBRID_JANELIA::hybrid_drift_siprobe::rec_16c_600s_12,HYBRID_JANELIA,hybrid,domain_a,-2.605094343230958,-1.4979611198926697,1.696955195103889
hybrid_vs_paired_all,HYBRID_JANELIA::hybrid_drift_siprobe::rec_16c_1200s_21::JRClust::44,HYBRID_JANELIA::hybrid_drift_siprobe::rec_16c_1200s_21,HYBRID_JANELIA,hybrid,domain_a,-2.2367409652874217,-1.3950058969460237,1.0954178997853008
hybrid_vs_paired_all,HYBRID_JANELIA::hybrid_drift_siprobe::rec_64c_1200s_11::Tridesclous::48,HYBRID_JANELIA::hybrid_drift_siprobe::rec_64c_1200s_11,HYBRID_JANELIA,hybrid,domain_a,-2.441785103463617,-0.7944519471302772,-1.087229627357799
hybrid_vs_paired_all,HYBRID_JANELIA::hybrid_drift_siprobe::rec_64c_600s_12::MountainSort4::62,HYBRID_JANELIA::hybrid_drift_siprobe::rec_64c_600s_12,HYBRID_JANELIA,hybrid,domain_a,-2.357318661475207,-2.0083993164878358,1.5515491256187193
hybrid_vs_paired_all,HYBRID_JANELIA::hybrid_drift_siprobe::rec_64c_1200s_11::Tridesclous::41,HYBRID_JANELIA::hybrid_drift_siprobe::rec_64c_1200s_11,HYBRID_JANELIA,hybrid,domain_a,-3.609457307551002,-1.9344436994349783,3.8821838898026084
hybrid_vs_paired_all,HYBRID_JANELIA::hybrid_static_siprobe::rec_16c_600s_32::JRClust::1,HYBRID_JANELIA::hybrid_static_siprobe::rec_16c_600s_32,HYBRID_JANELIA,hybrid,domain_a,-3.4945901164917568,-2.0643023050103517,3.6588958577839215
hybrid_vs_paired_all,HYBRID_JANELIA::hybrid_drift_siprobe::rec_32c_1200s_31::JRClust::64,HYBRID_JANELIA::hybrid_drift_siprobe::rec_32c_1200s_31,HYBRID_JANELIA,hybrid,domain_a,-2.5780731013140374,-1.3595444901997886,-0.04946722257437165
hybrid_vs_paired_all,HYBRID_JANELIA::hybrid_static_tetrode::rec_4c_1200s_21::KiloSort::28,HYBRID_JANELIA::hybrid_static_tetrode::rec_4c_1200s_21,HYBRID_JANELIA,hybrid,domain_a,-3.310352249688024,-2.418675876255283,3.6846165940635274
hybrid_vs_paired_all,HYBRID_JANELIA::hybrid_static_siprobe::rec_32c_600s_32::KiloSort2::35,HYBRID_JANELIA::hybrid_static_siprobe::rec_32c_600s_32,HYBRID_JANELIA,hybrid,domain_a,-2.4798808175321976,-1.8948149523456421,1.334268921107377
hybrid_vs_paired_all,HYBRID_JANELIA::hybrid_static_siprobe::rec_32c_600s_22::HerdingSpikes2::57,HYBRID_JANELIA::hybrid_static_siprobe::rec_32c_600s_22,HYBRID_JANELIA,hybrid,domain_a,-1.9812437414817077,0.39159750105386293,2.532827522930438
hybrid_vs_paired_all,HYBRID_JANELIA::hybrid_drift_siprobe::rec_32c_600s_22::MountainSort4::180,HYBRID_JANELIA::hybrid_drift_siprobe::rec_32c_600s_22,HYBRID_JANELIA,hybrid,domain_a,-1.889260589039676,-0.5456396801680141,-1.2513775651474064
hybrid_vs_paired_all,HYBRID_JANELIA::hybrid_static_siprobe::rec_64c_600s_11::HerdingSpikes2::37,HYBRID_JANELIA::hybrid_static_siprobe::rec_64c_600s_11,HYBRID_JANELIA,hybrid,domain_a,-3.2632436117478067,-2.154699593363443,0.49696928840866617
hybrid_vs_paired_all,HYBRID_JANELIA::hybrid_static_siprobe::rec_16c_1200s_31::IronClust::12,HYBRID_JANELIA::hybrid_static_siprobe::rec_16c_1200s_31,HYBRID_JANELIA,hybrid,domain_a,-2.5406631511839772,-1.7982429110289846,1.2765893895791065
hybrid_vs_paired_all,HYBRID_JANELIA::hybrid_drift_siprobe::rec_16c_600s_12::IronClust::8,HYBRID_JANELIA::hybrid_drift_siprobe::rec_16c_600s_12,HYBRID_JANELIA,hybrid,domain_a,-2.5780618110539253,-1.939120906800997,1.5054459415247436
hybrid_vs_paired_all,HYBRID_JANELIA::hybrid_static_siprobe::rec_32c_600s_11::MountainSort4::4,HYBRID_JANELIA::hybrid_static_siprobe::rec_32c_600s_11,HYBRID_JANELIA,hybrid,domain_a,-2.8320744153732025,-1.9986581830396808,1.661601037178032
hybrid_vs_paired_all,HYBRID_JANELIA::hybrid_drift_siprobe::rec_64c_600s_11::IronClust::9,HYBRID_JANELIA::hybrid_drift_siprobe::rec_64c_600s_11,HYBRID_JANELIA,hybrid,domain_a,-3.7327957761141497,-1.9530086847137575,1.337074285971731
hybrid_vs_paired_all,HYBRID_JANELIA::hybrid_drift_siprobe::rec_16c_600s_31::MountainSort4::35,HYBRID_JANELIA::hybrid_drift_siprobe::rec_16c_600s_31,HYBRID_JANELIA,hybrid,domain_a,-3.998820602227515,-2.6654672395378887,3.1125535405556595
hybrid_vs_paired_all,HYBRID_JANELIA::hybrid_static_siprobe::rec_32c_600s_12::SpykingCircus::28,HYBRID_JANELIA::hybrid_static_siprobe::rec_32c_600s_12,HYBRID_JANELIA,hybrid,domain_a,-2.831226099445836,-2.3882903486935976,2.2587693849079873
hybrid_vs_paired_all,HYBRID_JANELIA::hybrid_drift_siprobe::rec_32c_600s_22::HerdingSpikes2::13,HYBRID_JANELIA::hybrid_drift_siprobe::rec_32c_600s_22,HYBRID_JANELIA,hybrid,domain_a,-2.8206994478046648,-1.9626151470187847,2.342560678328763
hybrid_vs_paired_all,HYBRID_JANELIA::hybrid_static_siprobe::rec_32c_600s_21::MountainSort4::91,HYBRID_JANELIA::hybrid_static_siprobe::rec_32c_600s_21,HYBRID_JANELIA,hybrid,domain_a,-2.6054994260032536,-1.6109840630983794,1.6565546265714413
hybrid_vs_paired_all,HYBRID_JANELIA::hybrid_drift_siprobe::rec_32c_600s_21::HerdingSpikes2::75,HYBRID_JANELIA::hybrid_drift_siprobe::rec_32c_600s_21,HYBRID_JANELIA,hybrid,domain_a,-1.286227589526096,1.4180252214201736,1.719176190897358
hybrid_vs_paired_all,HYBRID_JANELIA::hybrid_drift_siprobe::rec_32c_1200s_31::Tridesclous::13,HYBRID_JANELIA::hybrid_drift_siprobe::rec_32c_1200s_31,HYBRID_JANELIA,hybrid,domain_a,-2.401753385840021,-2.105012141740583,0.8340939466921978
hybrid_vs_paired_all,HYBRID_JANELIA::hybrid_drift_siprobe::rec_16c_1200s_31::HerdingSpikes2::36,HYBRID_JANELIA::hybrid_drift_siprobe::rec_16c_1200s_31,HYBRID_JANELIA,hybrid,domain_a,-2.343626955104613,-1.222690987315756,0.9466506821387398
hybrid_vs_paired_all,HYBRID_JANELIA::hybrid_static_siprobe::rec_32c_1200s_31::JRClust::47,HYBRID_JANELIA::hybrid_static_siprobe::rec_32c_1200s_31,HYBRID_JANELIA,hybrid,domain_a,-3.1088961912407607,-2.012682183660316,0.37353929787276435
hybrid_vs_paired_all,HYBRID_JANELIA::hybrid_drift_siprobe::rec_32c_600s_32::MountainSort4::24,HYBRID_JANELIA::hybrid_drift_siprobe::rec_32c_600s_32,HYBRID_JANELIA,hybrid,domain_a,-2.267916584819147,-1.6110645227092377,1.4960769692198825
hybrid_vs_paired_all,HYBRID_JANELIA::hybrid_drift_siprobe::rec_16c_600s_22::MountainSort4::33,HYBRID_JANELIA::hybrid_drift_siprobe::rec_16c_600s_22,HYBRID_JANELIA,hybrid,domain_a,-3.213182654145573,-1.805895567182804,4.05289604582422
hybrid_vs_paired_all,HYBRID_JANELIA::hybrid_drift_siprobe::rec_16c_600s_32::HerdingSpikes2::28,HYBRID_JANELIA::hybrid_drift_siprobe::rec_16c_600s_32,HYBRID_JANELIA,hybrid,domain_a,-2.6598727522898016,-1.362204353496135,0.6044061445015607
hybrid_vs_paired_all,HYBRID_JANELIA::hybrid_drift_siprobe::rec_32c_600s_12::KiloSort::122,HYBRID_JANELIA::hybrid_drift_siprobe::rec_32c_600s_12,HYBRID_JANELIA,hybrid,domain_a,-3.2518116666091044,-1.9557806027732219,1.8360407795264646
hybrid_vs_paired_all,HYBRID_JANELIA::hybrid_static_siprobe::rec_16c_600s_21::Tridesclous::18,HYBRID_JANELIA::hybrid_static_siprobe::rec_16c_600s_21,HYBRID_JANELIA,hybrid,domain_a,-2.68921356616422,-1.0036511685187905,0.39101788551869304
hybrid_vs_paired_all,HYBRID_JANELIA::hybrid_drift_siprobe::rec_64c_1200s_11::MountainSort4::370,HYBRID_JANELIA::hybrid_drift_siprobe::rec_64c_1200s_11,HYBRID_JANELIA,hybrid,domain_a,-2.866971827987542,-1.078138843081401,0.43465227789367294
hybrid_vs_paired_all,HYBRID_JANELIA::hybrid_static_siprobe::rec_16c_600s_21::KiloSort::12,HYBRID_JANELIA::hybrid_static_siprobe::rec_16c_600s_21,HYBRID_JANELIA,hybrid,domain_a,-3.360265779343453,-2.3211823031084236,3.1598296603608462
hybrid_vs_paired_all,HYBRID_JANELIA::hybrid_static_siprobe::rec_64c_600s_12::KiloSort::249,HYBRID_JANELIA::hybrid_static_siprobe::rec_64c_600s_12,HYBRID_JANELIA,hybrid,domain_a,-3.188434643302113,-1.9640576907945586,0.9741538293548271
hybrid_vs_paired_all,HYBRID_JANELIA::hybrid_static_tetrode::rec_4c_600s_31::KiloSort2::12,HYBRID_JANELIA::hybrid_static_tetrode::rec_4c_600s_31,HYBRID_JANELIA,hybrid,domain_a,-2.7360160415055277,-1.9687738725892676,0.1833103360323152
hybrid_vs_paired_all,HYBRID_JANELIA::hybrid_drift_siprobe::rec_64c_1200s_11::IronClust::13,HYBRID_JANELIA::hybrid_drift_siprobe::rec_64c_1200s_11,HYBRID_JANELIA,hybrid,domain_a,-2.90846324345551,-2.2408495309428087,1.931636743679653
hybrid_vs_paired_all,HYBRID_JANELIA::hybrid_static_siprobe::rec_32c_1200s_21::KiloSort::15,HYBRID_JANELIA::hybrid_static_siprobe::rec_32c_1200s_21,HYBRID_JANELIA,hybrid,domain_a,-2.1668289861505543,-2.301528436784957,0.3596133922213627
hybrid_vs_paired_all,HYBRID_JANELIA::hybrid_static_siprobe::rec_64c_600s_12::IronClust::40,HYBRID_JANELIA::hybrid_static_siprobe::rec_64c_600s_12,HYBRID_JANELIA,hybrid,domain_a,-3.6674783840874925,-2.293828398612793,3.252726854066459
hybrid_vs_paired_all,HYBRID_JANELIA::hybrid_drift_siprobe::rec_32c_1200s_21::MountainSort4::203,HYBRID_JANELIA::hybrid_drift_siprobe::rec_32c_1200s_21,HYBRID_JANELIA,hybrid,domain_a,-2.3287011667138477,-1.897262392737264,0.8319084113504781
hybrid_vs_paired_all,HYBRID_JANELIA::hybrid_drift_siprobe::rec_32c_1200s_21::MountainSort4::147,HYBRID_JANELIA::hybrid_drift_siprobe::rec_32c_1200s_21,HYBRID_JANELIA,hybrid,domain_a,-2.5069548782147995,-1.6687436808259342,2.0027021545568586
hybrid_vs_paired_all,HYBRID_JANELIA::hybrid_drift_siprobe::rec_32c_1200s_21::MountainSort4::158,HYBRID_JANELIA::hybrid_drift_siprobe::rec_32c_1200s_21,HYBRID_JANELIA,hybrid,domain_a,-2.8240527506617723,-2.15829477645582,3.1821222420299984
hybrid_vs_paired_all,HYBRID_JANELIA::hybrid_static_siprobe::rec_32c_600s_21::HerdingSpikes2::39,HYBRID_JANELIA::hybrid_static_siprobe::rec_32c_600s_21,HYBRID_JANELIA,hybrid,domain_a,-1.9664193889859665,-0.009183883933882414,1.6578804377118737
hybrid_vs_paired_all,HYBRID_JANELIA::hybrid_drift_siprobe::rec_32c_600s_11::MountainSort4::44,HYBRID_JANELIA::hybrid_drift_siprobe::rec_32c_600s_11,HYBRID_JANELIA,hybrid,domain_a,-2.2206703626474993,-1.8986950433278529,0.3342175729673953
hybrid_vs_paired_all,HYBRID_JANELIA::hybrid_drift_siprobe::rec_32c_600s_32::MountainSort4::130,HYBRID_JANELIA::hybrid_drift_siprobe::rec_32c_600s_32,HYBRID_JANELIA,hybrid,domain_a,-2.602334793993452,-1.8630970754313017,0.8836037011460361
hybrid_vs_paired_all,HYBRID_JANELIA::hybrid_drift_siprobe::rec_64c_1200s_11::KiloSort2::19,HYBRID_JANELIA::hybrid_drift_siprobe::rec_64c_1200s_11,HYBRID_JANELIA,hybrid,domain_a,-3.545066144116438,-2.5270959473409715,1.8311887175255808
hybrid_vs_paired_all,HYBRID_JANELIA::hybrid_drift_siprobe::rec_16c_1200s_11::KiloSort2::35,HYBRID_JANELIA::hybrid_drift_siprobe::rec_16c_1200s_11,HYBRID_JANELIA,hybrid,domain_a,-4.036289556198389,-0.4108070236447961,4.356386341446684
hybrid_vs_paired_all,HYBRID_JANELIA::hybrid_drift_siprobe::rec_32c_600s_12::KiloSort::111,HYBRID_JANELIA::hybrid_drift_siprobe::rec_32c_600s_12,HYBRID_JANELIA,hybrid,domain_a,-3.420761324130264,-2.155726728827653,2.3076105655908723
hybrid_vs_paired_all,HYBRID_JANELIA::hybrid_drift_siprobe::rec_32c_1200s_11::MountainSort4::23,HYBRID_JANELIA::hybrid_drift_siprobe::rec_32c_1200s_11,HYBRID_JANELIA,hybrid,domain_a,-3.796903261937155,-2.9028063903062575,3.059344070547998
hybrid_vs_paired_all,HYBRID_JANELIA::hybrid_drift_siprobe::rec_16c_600s_31::Tridesclous::13,HYBRID_JANELIA::hybrid_drift_siprobe::rec_16c_600s_31,HYBRID_JANELIA,hybrid,domain_a,-3.509278946974168,-2.064997559345503,3.9226513412700252
hybrid_vs_paired_all,HYBRID_JANELIA::hybrid_drift_tetrode::rec_4c_1200s_21::IronClust::0,HYBRID_JANELIA::hybrid_drift_tetrode::rec_4c_1200s_21,HYBRID_JANELIA,hybrid,domain_a,-2.533819558977417,-1.4166596991496179,2.374512426553521
hybrid_vs_paired_all,HYBRID_JANELIA::hybrid_static_siprobe::rec_16c_600s_12::KiloSort2::20,HYBRID_JANELIA::hybrid_static_siprobe::rec_16c_600s_12,HYBRID_JANELIA,hybrid,domain_a,-2.8377823457558895,-2.5849148657783436,1.5367668947276176
hybrid_vs_paired_all,HYBRID_JANELIA::hybrid_drift_siprobe::rec_32c_600s_32::HerdingSpikes2::13,HYBRID_JANELIA::hybrid_drift_siprobe::rec_32c_600s_32,HYBRID_JANELIA,hybrid,domain_a,-2.4268548709277056,-1.2248649078886014,2.7863041417636984
hybrid_vs_paired_all,HYBRID_JANELIA::hybrid_static_siprobe::rec_32c_1200s_31::MountainSort4::78,HYBRID_JANELIA::hybrid_static_siprobe::rec_32c_1200s_31,HYBRID_JANELIA,hybrid,domain_a,-2.542925910640848,-1.9491205269776655,1.9571051276372822
hybrid_vs_paired_all,HYBRID_JANELIA::hybrid_drift_siprobe::rec_16c_600s_32::HerdingSpikes2::7,HYBRID_JANELIA::hybrid_drift_siprobe::rec_16c_600s_32,HYBRID_JANELIA,hybrid,domain_a,-2.3781285789066007,-1.131476812068619,0.5757794204923621
hybrid_vs_paired_all,HYBRID_JANELIA::hybrid_drift_siprobe::rec_32c_1200s_21::SpykingCircus::39,HYBRID_JANELIA::hybrid_drift_siprobe::rec_32c_1200s_21,HYBRID_JANELIA,hybrid,domain_a,-3.293833557932858,-1.1661197441402729,0.765143693479116
hybrid_vs_paired_all,HYBRID_JANELIA::hybrid_static_siprobe::rec_16c_1200s_21::KiloSort2::20,HYBRID_JANELIA::hybrid_static_siprobe::rec_16c_1200s_21,HYBRID_JANELIA,hybrid,domain_a,-2.502439688410838,-0.31659269012531965,0.6589089888828837
hybrid_vs_paired_all,HYBRID_JANELIA::hybrid_static_siprobe::rec_16c_600s_32::JRClust::27,HYBRID_JANELIA::hybrid_static_siprobe::rec_16c_600s_32,HYBRID_JANELIA,hybrid,domain_a,-2.8232856399006887,-2.456348951678092,2.0403705863114086
hybrid_vs_paired_all,HYBRID_JANELIA::hybrid_drift_siprobe::rec_64c_600s_11::MountainSort4::150,HYBRID_JANELIA::hybrid_drift_siprobe::rec_64c_600s_11,HYBRID_JANELIA,hybrid,domain_a,-3.1139696498721827,-2.4646693724071698,1.845376765794723
hybrid_vs_paired_all,HYBRID_JANELIA::hybrid_static_siprobe::rec_32c_600s_22::IronClust::7,HYBRID_JANELIA::hybrid_static_siprobe::rec_32c_600s_22,HYBRID_JANELIA,hybrid,domain_a,-3.148770928283473,-2.6401876866919207,2.404222928513887
hybrid_vs_paired_all,HYBRID_JANELIA::hybrid_drift_siprobe::rec_16c_1200s_11::MountainSort4::65,HYBRID_JANELIA::hybrid_drift_siprobe::rec_16c_1200s_11,HYBRID_JANELIA,hybrid,domain_a,-3.46011804470933,-0.8022416801013451,1.866255149416711
hybrid_vs_paired_all,HYBRID_JANELIA::hybrid_static_siprobe::rec_16c_600s_12::KiloSort::93,HYBRID_JANELIA::hybrid_static_siprobe::rec_16c_600s_12,HYBRID_JANELIA,hybrid,domain_a,-2.956844681270804,-1.8068329770124432,1.0217490967892684
hybrid_vs_paired_all,HYBRID_JANELIA::hybrid_static_siprobe::rec_64c_600s_11::HerdingSpikes2::48,HYBRID_JANELIA::hybrid_static_siprobe::rec_64c_600s_11,HYBRID_JANELIA,hybrid,domain_a,-3.0898614381215386,-2.6289425193804212,1.6957465258655975
hybrid_vs_paired_all,HYBRID_JANELIA::hybrid_drift_siprobe::rec_32c_600s_31::JRClust::15,HYBRID_JANELIA::hybrid_drift_siprobe::rec_32c_600s_31,HYBRID_JANELIA,hybrid,domain_a,-2.8215714810873007,-1.8868339088945438,2.337861384830923
hybrid_vs_paired_all,HYBRID_JANELIA::hybrid_drift_siprobe::rec_32c_600s_32::HerdingSpikes2::112,HYBRID_JANELIA::hybrid_drift_siprobe::rec_32c_600s_32,HYBRID_JANELIA,hybrid,domain_a,-2.353039580933473,-0.15224870081803266,1.5669229479302758
hybrid_vs_paired_all,HYBRID_JANELIA::hybrid_drift_siprobe::rec_16c_600s_12::IronClust::9,HYBRID_JANELIA::hybrid_drift_siprobe::rec_16c_600s_12,HYBRID_JANELIA,hybrid,domain_a,-3.05106904399966,-1.9035909148255634,3.234321598960972
hybrid_vs_paired_all,HYBRID_JANELIA::hybrid_static_siprobe::rec_32c_600s_12::MountainSort4::108,HYBRID_JANELIA::hybrid_static_siprobe::rec_32c_600s_12,HYBRID_JANELIA,hybrid,domain_a,-3.3936985876957784,-2.428625372221831,2.7759538559695405
hybrid_vs_paired_all,HYBRID_JANELIA::hybrid_static_siprobe::rec_64c_600s_11::MountainSort4::89,HYBRID_JANELIA::hybrid_static_siprobe::rec_64c_600s_11,HYBRID_JANELIA,hybrid,domain_a,-4.024959815702109,-2.9842875208794903,2.5852789615318073
hybrid_vs_paired_all,HYBRID_JANELIA::hybrid_static_siprobe::rec_32c_600s_12::MountainSort4::13,HYBRID_JANELIA::hybrid_static_siprobe::rec_32c_600s_12,HYBRID_JANELIA,hybrid,domain_a,-3.268977433934853,-1.3382569797740236,3.339635481440589
hybrid_vs_paired_all,HYBRID_JANELIA::hybrid_drift_siprobe::rec_32c_1200s_21::JRClust::100,HYBRID_JANELIA::hybrid_drift_siprobe::rec_32c_1200s_21,HYBRID_JANELIA,hybrid,domain_a,-2.731521761080577,-1.6767759765442964,0.9229866406209055
hybrid_vs_paired_all,HYBRID_JANELIA::hybrid_drift_siprobe::rec_16c_600s_32::HerdingSpikes2::2,HYBRID_JANELIA::hybrid_drift_siprobe::rec_16c_600s_32,HYBRID_JANELIA,hybrid,domain_a,-2.944039057886006,-1.4237319566871263,1.3231803365064834
hybrid_vs_paired_all,HYBRID_JANELIA::hybrid_static_siprobe::rec_64c_600s_11::JRClust::82,HYBRID_JANELIA::hybrid_static_siprobe::rec_64c_600s_11,HYBRID_JANELIA,hybrid,domain_a,-2.8358148617501056,-2.267613266274699,1.6427203777890504
hybrid_vs_paired_all,HYBRID_JANELIA::hybrid_drift_siprobe::rec_32c_600s_31::MountainSort4::58,HYBRID_JANELIA::hybrid_drift_siprobe::rec_32c_600s_31,HYBRID_JANELIA,hybrid,domain_a,-2.80027546512893,-1.921557645696021,1.9621427778179739
hybrid_vs_paired_all,HYBRID_JANELIA::hybrid_drift_tetrode::rec_4c_600s_11::KiloSort::26,HYBRID_JANELIA::hybrid_drift_tetrode::rec_4c_600s_11,HYBRID_JANELIA,hybrid,domain_a,-2.502809207086496,-1.762712778163481,4.684207928466357
hybrid_vs_paired_all,HYBRID_JANELIA::hybrid_static_tetrode::rec_4c_600s_11::JRClust::3,HYBRID_JANELIA::hybrid_static_tetrode::rec_4c_600s_11,HYBRID_JANELIA,hybrid,domain_a,-2.834868740919746,-1.7938333699085125,1.1514400811561023
hybrid_vs_paired_all,HYBRID_JANELIA::hybrid_drift_siprobe::rec_32c_600s_32::MountainSort4::164,HYBRID_JANELIA::hybrid_drift_siprobe::rec_32c_600s_32,HYBRID_JANELIA,hybrid,domain_a,-2.5224389279469257,-1.2779144015046342,1.429739533001579
hybrid_vs_paired_all,HYBRID_JANELIA::hybrid_static_siprobe::rec_64c_600s_11::SpykingCircus::62,HYBRID_JANELIA::hybrid_static_siprobe::rec_64c_600s_11,HYBRID_JANELIA,hybrid,domain_a,-2.9367322622123706,-2.014150785585375,-0.9175951760227469
hybrid_vs_paired_all,HYBRID_JANELIA::hybrid_drift_tetrode::rec_4c_600s_21::MountainSort4::13,HYBRID_JANELIA::hybrid_drift_tetrode::rec_4c_600s_21,HYBRID_JANELIA,hybrid,domain_a,-2.367604037329932,-1.3263450322140422,0.4213947906301784
hybrid_vs_paired_all,HYBRID_JANELIA::hybrid_static_tetrode::rec_4c_600s_32::HerdingSpikes2::8,HYBRID_JANELIA::hybrid_static_tetrode::rec_4c_600s_32,HYBRID_JANELIA,hybrid,domain_a,-2.787342276322777,-0.46846946070617634,-0.20034587199857812
hybrid_vs_paired_all,HYBRID_JANELIA::hybrid_drift_siprobe::rec_64c_600s_12::HerdingSpikes2::51,HYBRID_JANELIA::hybrid_drift_siprobe::rec_64c_600s_12,HYBRID_JANELIA,hybrid,domain_a,-2.8708570687718016,-1.2135281535974898,0.46945013312367456
hybrid_vs_paired_all,HYBRID_JANELIA::hybrid_drift_siprobe::rec_64c_600s_12::SpykingCircus::63,HYBRID_JANELIA::hybrid_drift_siprobe::rec_64c_600s_12,HYBRID_JANELIA,hybrid,domain_a,-2.7090766836580107,-1.6454356037537503,0.8018133565896238
hybrid_vs_paired_all,HYBRID_JANELIA::hybrid_drift_siprobe::rec_32c_600s_32::Tridesclous::60,HYBRID_JANELIA::hybrid_drift_siprobe::rec_32c_600s_32,HYBRID_JANELIA,hybrid,domain_a,-2.1280897762120574,-0.46522027059082016,0.5319869314866795
hybrid_vs_paired_all,HYBRID_JANELIA::hybrid_drift_tetrode::rec_4c_1200s_31::HerdingSpikes2::12,HYBRID_JANELIA::hybrid_drift_tetrode::rec_4c_1200s_31,HYBRID_JANELIA,hybrid,domain_a,-2.3847875597427595,-1.365904690433759,1.1770945648087277
hybrid_vs_paired_all,HYBRID_JANELIA::hybrid_static_siprobe::rec_64c_600s_12::HerdingSpikes2::138,HYBRID_JANELIA::hybrid_static_siprobe::rec_64c_600s_12,HYBRID_JANELIA,hybrid,domain_a,-3.001166859205363,-0.5932098179796387,3.92321663257115
hybrid_vs_paired_all,HYBRID_JANELIA::hybrid_drift_siprobe::rec_64c_600s_12::KiloSort2::43,HYBRID_JANELIA::hybrid_drift_siprobe::rec_64c_600s_12,HYBRID_JANELIA,hybrid,domain_a,-2.8080274879996465,-1.5093851547807424,0.6298098963134109
hybrid_vs_paired_all,HYBRID_JANELIA::hybrid_drift_siprobe::rec_32c_600s_11::Tridesclous::36,HYBRID_JANELIA::hybrid_drift_siprobe::rec_32c_600s_11,HYBRID_JANELIA,hybrid,domain_a,-3.6008272109145363,-2.3149105641048124,2.7554409372240705
hybrid_vs_paired_all,HYBRID_JANELIA::hybrid_static_siprobe::rec_64c_600s_12::JRClust::30,HYBRID_JANELIA::hybrid_static_siprobe::rec_64c_600s_12,HYBRID_JANELIA,hybrid,domain_a,-3.650319794644259,-2.659823654895179,1.480185364937345
hybrid_vs_paired_all,HYBRID_JANELIA::hybrid_static_siprobe::rec_32c_600s_32::MountainSort4::118,HYBRID_JANELIA::hybrid_static_siprobe::rec_32c_600s_32,HYBRID_JANELIA,hybrid,domain_a,-2.3266303961876043,0.11469066678513473,1.655519226430833
hybrid_vs_paired_all,HYBRID_JANELIA::hybrid_drift_siprobe::rec_64c_600s_11::JRClust::62,HYBRID_JANELIA::hybrid_drift_siprobe::rec_64c_600s_11,HYBRID_JANELIA,hybrid,domain_a,-2.595432523902657,-2.2174895077651566,1.400500063585427
hybrid_vs_paired_all,HYBRID_JANELIA::hybrid_static_siprobe::rec_32c_1200s_31::MountainSort4::37,HYBRID_JANELIA::hybrid_static_siprobe::rec_32c_1200s_31,HYBRID_JANELIA,hybrid,domain_a,-2.05952935926164,-0.943370220710674,0.6302906722000611
hybrid_vs_paired_all,HYBRID_JANELIA::hybrid_drift_siprobe::rec_16c_600s_21::HerdingSpikes2::22,HYBRID_JANELIA::hybrid_drift_siprobe::rec_16c_600s_21,HYBRID_JANELIA,hybrid,domain_a,-3.3111391691052336,-1.63937255019844,4.034059791815388
hybrid_vs_paired_all,HYBRID_JANELIA::hybrid_drift_siprobe::rec_32c_1200s_21::MountainSort4::162,HYBRID_JANELIA::hybrid_drift_siprobe::rec_32c_1200s_21,HYBRID_JANELIA,hybrid,domain_a,-3.9077109746462946,-2.4387983489525817,2.6536070219670043
hybrid_vs_paired_all,HYBRID_JANELIA::hybrid_static_siprobe::rec_32c_600s_21::MountainSort4::36,HYBRID_JANELIA::hybrid_static_siprobe::rec_32c_600s_21,HYBRID_JANELIA,hybrid,domain_a,-3.1208576207338052,-2.4537314454110692,1.551680259464204
hybrid_vs_paired_all,HYBRID_JANELIA::hybrid_drift_siprobe::rec_64c_600s_12::KiloSort2::67,HYBRID_JANELIA::hybrid_drift_siprobe::rec_64c_600s_12,HYBRID_JANELIA,hybrid,domain_a,-2.9011636202668067,-2.1884082444766353,1.9641937276775863
hybrid_vs_paired_all,HYBRID_JANELIA::hybrid_drift_tetrode::rec_4c_600s_21::HerdingSpikes2::2,HYBRID_JANELIA::hybrid_drift_tetrode::rec_4c_600s_21,HYBRID_JANELIA,hybrid,domain_a,-2.5552934192720618,-1.7204299282153175,0.9347803027165298
hybrid_vs_paired_all,HYBRID_JANELIA::hybrid_static_siprobe::rec_32c_600s_22::KiloSort::32,HYBRID_JANELIA::hybrid_static_siprobe::rec_32c_600s_22,HYBRID_JANELIA,hybrid,domain_a,-2.8752053930888137,-1.8780109910010951,-0.034557647581466296
hybrid_vs_paired_all,HYBRID_JANELIA::hybrid_drift_siprobe::rec_64c_1200s_11::SpykingCircus::66,HYBRID_JANELIA::hybrid_drift_siprobe::rec_64c_1200s_11,HYBRID_JANELIA,hybrid,domain_a,-3.08667680310779,-1.724891881120691,1.1055787374238788
hybrid_vs_paired_all,HYBRID_JANELIA::hybrid_drift_tetrode::rec_4c_600s_22::KiloSort2::12,HYBRID_JANELIA::hybrid_drift_tetrode::rec_4c_600s_22,HYBRID_JANELIA,hybrid,domain_a,-2.9614496055564503,-1.4359760176799645,1.3661015394975653
hybrid_vs_paired_all,HYBRID_JANELIA::hybrid_drift_siprobe::rec_16c_600s_22::SpykingCircus::16,HYBRID_JANELIA::hybrid_drift_siprobe::rec_16c_600s_22,HYBRID_JANELIA,hybrid,domain_a,-2.884456687042815,-2.048806971413277,2.959927240097392
hybrid_vs_paired_all,HYBRID_JANELIA::hybrid_drift_siprobe::rec_16c_1200s_11::KiloSort2::48,HYBRID_JANELIA::hybrid_drift_siprobe::rec_16c_1200s_11,HYBRID_JANELIA,hybrid,domain_a,-2.475820643832287,-1.865965926570659,2.4179930223988837
hybrid_vs_paired_all,HYBRID_JANELIA::hybrid_drift_siprobe::rec_16c_600s_31::MountainSort4::41,HYBRID_JANELIA::hybrid_drift_siprobe::rec_16c_600s_31,HYBRID_JANELIA,hybrid,domain_a,-2.1783646073124947,-1.3775859051893673,1.2667737794020983
hybrid_vs_paired_all,HYBRID_JANELIA::hybrid_drift_siprobe::rec_32c_600s_22::MountainSort4::134,HYBRID_JANELIA::hybrid_drift_siprobe::rec_32c_600s_22,HYBRID_JANELIA,hybrid,domain_a,-2.678273898222671,-1.8431680700235975,1.3179034889983379
hybrid_vs_paired_all,HYBRID_JANELIA::hybrid_drift_siprobe::rec_16c_600s_32::MountainSort4::93,HYBRID_JANELIA::hybrid_drift_siprobe::rec_16c_600s_32,HYBRID_JANELIA,hybrid,domain_a,-2.5123619701822673,-1.6388128521766423,2.1178937796803003
hybrid_vs_paired_all,HYBRID_JANELIA::hybrid_static_siprobe::rec_32c_600s_21::MountainSort4::57,HYBRID_JANELIA::hybrid_static_siprobe::rec_32c_600s_21,HYBRID_JANELIA,hybrid,domain_a,-3.2600007264730664,-2.4172285230004653,2.5734786358553174
hybrid_vs_paired_all,HYBRID_JANELIA::hybrid_static_siprobe::rec_16c_600s_22::JRClust::17,HYBRID_JANELIA::hybrid_static_siprobe::rec_16c_600s_22,HYBRID_JANELIA,hybrid,domain_a,-3.4017798480079744,-2.460546846351208,2.7941294083402863
hybrid_vs_paired_all,HYBRID_JANELIA::hybrid_drift_siprobe::rec_32c_1200s_31::KiloSort::133,HYBRID_JANELIA::hybrid_drift_siprobe::rec_32c_1200s_31,HYBRID_JANELIA,hybrid,domain_a,-3.2575122802705683,-2.049544963097817,2.13979444296928
hybrid_vs_paired_all,HYBRID_JANELIA::hybrid_static_siprobe::rec_16c_600s_22::MountainSort4::8,HYBRID_JANELIA::hybrid_static_siprobe::rec_16c_600s_22,HYBRID_JANELIA,hybrid,domain_a,-2.734845802394501,-1.6430593221316654,1.2126587883082174
hybrid_vs_paired_all,HYBRID_JANELIA::hybrid_drift_siprobe::rec_64c_600s_12::KiloSort::146,HYBRID_JANELIA::hybrid_drift_siprobe::rec_64c_600s_12,HYBRID_JANELIA,hybrid,domain_a,-2.8356772087918407,-1.5000694422092413,0.6498987437303944
hybrid_vs_paired_all,HYBRID_JANELIA::hybrid_static_siprobe::rec_64c_600s_12::HerdingSpikes2::72,HYBRID_JANELIA::hybrid_static_siprobe::rec_64c_600s_12,HYBRID_JANELIA,hybrid,domain_a,-3.5266855590566593,-2.4282713758117653,0.28026879107858427
hybrid_vs_paired_all,HYBRID_JANELIA::hybrid_static_siprobe::rec_16c_1200s_11::KiloSort2::0,HYBRID_JANELIA::hybrid_static_siprobe::rec_16c_1200s_11,HYBRID_JANELIA,hybrid,domain_a,-3.0004262750855424,-2.496612710172587,2.4099366706225105
hybrid_vs_paired_all,HYBRID_JANELIA::hybrid_static_tetrode::rec_4c_600s_22::IronClust::3,HYBRID_JANELIA::hybrid_static_tetrode::rec_4c_600s_22,HYBRID_JANELIA,hybrid,domain_a,-2.6442378459204163,-2.0448370917803342,1.2374963217438748
hybrid_vs_paired_all,HYBRID_JANELIA::hybrid_drift_siprobe::rec_16c_1200s_21::JRClust::64,HYBRID_JANELIA::hybrid_drift_siprobe::rec_16c_1200s_21,HYBRID_JANELIA,hybrid,domain_a,-2.8230133910918167,-2.1311265758223388,2.9422323730270232
hybrid_vs_paired_all,HYBRID_JANELIA::hybrid_drift_siprobe::rec_16c_600s_22::IronClust::18,HYBRID_JANELIA::hybrid_drift_siprobe::rec_16c_600s_22,HYBRID_JANELIA,hybrid,domain_a,-3.787566240506714,-2.3038544502682283,4.553181001067107
hybrid_vs_paired_all,HYBRID_JANELIA::hybrid_drift_siprobe::rec_16c_600s_21::JRClust::20,HYBRID_JANELIA::hybrid_drift_siprobe::rec_16c_600s_21,HYBRID_JANELIA,hybrid,domain_a,-2.2412421330666312,-1.3096516216375325,0.31080178162865113
hybrid_vs_paired_all,HYBRID_JANELIA::hybrid_drift_tetrode::rec_4c_600s_21::JRClust::4,HYBRID_JANELIA::hybrid_drift_tetrode::rec_4c_600s_21,HYBRID_JANELIA,hybrid,domain_a,-2.0055770277072384,-0.9937956122858906,1.8742477654899339
hybrid_vs_paired_all,HYBRID_JANELIA::hybrid_drift_siprobe::rec_16c_1200s_11::MountainSort4::76,HYBRID_JANELIA::hybrid_drift_siprobe::rec_16c_1200s_11,HYBRID_JANELIA,hybrid,domain_a,-2.5851056805102637,-0.7845584278118819,1.0315210528542231
hybrid_vs_paired_all,HYBRID_JANELIA::hybrid_drift_siprobe::rec_16c_600s_32::HerdingSpikes2::48,HYBRID_JANELIA::hybrid_drift_siprobe::rec_16c_600s_32,HYBRID_JANELIA,hybrid,domain_a,-2.473512065605767,-0.28558129433452006,1.6659152255375071
hybrid_vs_paired_all,HYBRID_JANELIA::hybrid_static_siprobe::rec_64c_600s_12::KiloSort2::51,HYBRID_JANELIA::hybrid_static_siprobe::rec_64c_600s_12,HYBRID_JANELIA,hybrid,domain_a,-3.473936235503498,-2.172731742039912,0.23358092751164233
hybrid_vs_paired_all,HYBRID_JANELIA::hybrid_drift_siprobe::rec_64c_600s_11::IronClust::8,HYBRID_JANELIA::hybrid_drift_siprobe::rec_64c_600s_11,HYBRID_JANELIA,hybrid,domain_a,-3.335811861128729,-2.729639804677817,2.99554427325327
hybrid_vs_paired_all,HYBRID_JANELIA::hybrid_static_siprobe::rec_16c_1200s_21::MountainSort4::43,HYBRID_JANELIA::hybrid_static_siprobe::rec_16c_1200s_21,HYBRID_JANELIA,hybrid,domain_a,-2.5611826650593246,-0.7778956751835665,2.073056857458409
hybrid_vs_paired_all,HYBRID_JANELIA::hybrid_static_siprobe::rec_16c_1200s_11::KiloSort::1,HYBRID_JANELIA::hybrid_static_siprobe::rec_16c_1200s_11,HYBRID_JANELIA,hybrid,domain_a,-2.987762761293844,-1.9640558068580682,1.242481997329103
hybrid_vs_paired_all,HYBRID_JANELIA::hybrid_static_siprobe::rec_16c_600s_21::KiloSort2::19,HYBRID_JANELIA::hybrid_static_siprobe::rec_16c_600s_21,HYBRID_JANELIA,hybrid,domain_a,-3.2078276364182963,-1.8200790360627785,3.0200945642799715
hybrid_vs_paired_all,HYBRID_JANELIA::hybrid_drift_siprobe::rec_16c_600s_31::SpykingCircus::22,HYBRID_JANELIA::hybrid_drift_siprobe::rec_16c_600s_31,HYBRID_JANELIA,hybrid,domain_a,-2.4775813414379457,-1.644069108964714,1.4327287475536052
hybrid_vs_paired_all,HYBRID_JANELIA::hybrid_drift_siprobe::rec_16c_600s_32::MountainSort4::56,HYBRID_JANELIA::hybrid_drift_siprobe::rec_16c_600s_32,HYBRID_JANELIA,hybrid,domain_a,-2.395487947261533,-1.1992696215648648,0.9367971349908989
hybrid_vs_paired_all,HYBRID_JANELIA::hybrid_static_siprobe::rec_16c_1200s_31::MountainSort4::66,HYBRID_JANELIA::hybrid_static_siprobe::rec_16c_1200s_31,HYBRID_JANELIA,hybrid,domain_a,-4.055746815592093,-3.207460309766509,3.4503374152122075
hybrid_vs_paired_all,HYBRID_JANELIA::hybrid_static_siprobe::rec_16c_600s_32::KiloSort::63,HYBRID_JANELIA::hybrid_static_siprobe::rec_16c_600s_32,HYBRID_JANELIA,hybrid,domain_a,-2.2814746113345166,-2.153031947875752,2.0312160605233696
hybrid_vs_paired_all,HYBRID_JANELIA::hybrid_drift_siprobe::rec_32c_600s_31::KiloSort::194,HYBRID_JANELIA::hybrid_drift_siprobe::rec_32c_600s_31,HYBRID_JANELIA,hybrid,domain_a,-3.2692411390117817,-1.8778570787020092,1.904101746855428
hybrid_vs_paired_all,HYBRID_JANELIA::hybrid_drift_siprobe::rec_32c_1200s_21::HerdingSpikes2::46,HYBRID_JANELIA::hybrid_drift_siprobe::rec_32c_1200s_21,HYBRID_JANELIA,hybrid,domain_a,-2.9527278074056307,-1.2111583585468773,3.053050314781838
hybrid_vs_paired_all,HYBRID_JANELIA::hybrid_drift_siprobe::rec_32c_600s_21::SpykingCircus::5,HYBRID_JANELIA::hybrid_drift_siprobe::rec_32c_600s_21,HYBRID_JANELIA,hybrid,domain_a,-3.3513625456883718,-1.6162176231818202,1.5296289806495824
hybrid_vs_paired_all,HYBRID_JANELIA::hybrid_static_siprobe::rec_64c_1200s_11::JRClust::5,HYBRID_JANELIA::hybrid_static_siprobe::rec_64c_1200s_11,HYBRID_JANELIA,hybrid,domain_a,-3.220009436431634,-2.749305252085142,1.2182226035693113
hybrid_vs_paired_all,HYBRID_JANELIA::hybrid_static_siprobe::rec_32c_600s_31::MountainSort4::74,HYBRID_JANELIA::hybrid_static_siprobe::rec_32c_600s_31,HYBRID_JANELIA,hybrid,domain_a,-4.0021630653361715,-2.9250063462706164,3.0482671057493156
hybrid_vs_paired_all,HYBRID_JANELIA::hybrid_static_siprobe::rec_64c_600s_12::MountainSort4::187,HYBRID_JANELIA::hybrid_static_siprobe::rec_64c_600s_12,HYBRID_JANELIA,hybrid,domain_a,-2.7492296062816126,-1.9655957574843617,0.8276891976501656
hybrid_vs_paired_all,HYBRID_JANELIA::hybrid_static_tetrode::rec_4c_600s_21::SpykingCircus::3,HYBRID_JANELIA::hybrid_static_tetrode::rec_4c_600s_21,HYBRID_JANELIA,hybrid,domain_a,-2.1391537845692246,-2.0484055744935037,0.8456945679032314
hybrid_vs_paired_all,HYBRID_JANELIA::hybrid_drift_siprobe::rec_32c_600s_21::Tridesclous::37,HYBRID_JANELIA::hybrid_drift_siprobe::rec_32c_600s_21,HYBRID_JANELIA,hybrid,domain_a,-2.787804854138481,-2.0208078776801073,2.899054520365691
hybrid_vs_paired_all,HYBRID_JANELIA::hybrid_drift_siprobe::rec_64c_1200s_11::KiloSort::102,HYBRID_JANELIA::hybrid_drift_siprobe::rec_64c_1200s_11,HYBRID_JANELIA,hybrid,domain_a,-3.116135475211826,-2.4879541331991226,3.078926298908918
hybrid_vs_paired_all,HYBRID_JANELIA::hybrid_drift_tetrode::rec_4c_600s_32::KiloSort::7,HYBRID_JANELIA::hybrid_drift_tetrode::rec_4c_600s_32,HYBRID_JANELIA,hybrid,domain_a,-2.6248129210943953,-2.0914728162234226,1.8190662209814235
hybrid_vs_paired_all,HYBRID_JANELIA::hybrid_drift_siprobe::rec_64c_1200s_11::MountainSort4::100,HYBRID_JANELIA::hybrid_drift_siprobe::rec_64c_1200s_11,HYBRID_JANELIA,hybrid,domain_a,-2.579892824119335,-1.8965186399324447,1.8977969810894302
hybrid_vs_paired_all,HYBRID_JANELIA::hybrid_drift_siprobe::rec_16c_600s_22::JRClust::41,HYBRID_JANELIA::hybrid_drift_siprobe::rec_16c_600s_22,HYBRID_JANELIA,hybrid,domain_a,-3.253403553821895,-1.853479226083151,1.1116040376476364
hybrid_vs_paired_all,HYBRID_JANELIA::hybrid_static_siprobe::rec_64c_1200s_11::MountainSort4::231,HYBRID_JANELIA::hybrid_static_siprobe::rec_64c_1200s_11,HYBRID_JANELIA,hybrid,domain_a,-4.168481493728113,-3.2153523859260935,2.790268666085827
hybrid_vs_paired_all,HYBRID_JANELIA::hybrid_static_siprobe::rec_32c_600s_11::HerdingSpikes2::16,HYBRID_JANELIA::hybrid_static_siprobe::rec_32c_600s_11,HYBRID_JANELIA,hybrid,domain_a,-2.615831667390561,-0.8682101842707853,-1.1336012907585848
hybrid_vs_paired_all,HYBRID_JANELIA::hybrid_static_siprobe::rec_32c_600s_31::MountainSort4::114,HYBRID_JANELIA::hybrid_static_siprobe::rec_32c_600s_31,HYBRID_JANELIA,hybrid,domain_a,-0.904220576442408,1.2304467814597795,-1.5842626506360775
hybrid_vs_paired_all,HYBRID_JANELIA::hybrid_drift_siprobe::rec_64c_600s_12::JRClust::188,HYBRID_JANELIA::hybrid_drift_siprobe::rec_64c_600s_12,HYBRID_JANELIA,hybrid,domain_a,-2.6943087866680875,-2.04954393874559,1.2624467667017427
hybrid_vs_paired_all,HYBRID_JANELIA::hybrid_drift_siprobe::rec_32c_600s_21::JRClust::10,HYBRID_JANELIA::hybrid_drift_siprobe::rec_32c_600s_21,HYBRID_JANELIA,hybrid,domain_a,-2.767032098693048,-1.0017056897443841,0.8303134633604828
hybrid_vs_paired_all,HYBRID_JANELIA::hybrid_drift_siprobe::rec_16c_600s_31::KiloSort::15,HYBRID_JANELIA::hybrid_drift_siprobe::rec_16c_600s_31,HYBRID_JANELIA,hybrid,domain_a,-2.8194189490530364,-1.9136145746082276,1.9597316447417157
hybrid_vs_paired_all,HYBRID_JANELIA::hybrid_drift_siprobe::rec_64c_1200s_11::MountainSort4::134,HYBRID_JANELIA::hybrid_drift_siprobe::rec_64c_1200s_11,HYBRID_JANELIA,hybrid,domain_a,-3.557248840102144,-2.8881883714635994,2.1325980076429376
hybrid_vs_paired_all,HYBRID_JANELIA::hybrid_static_siprobe::rec_16c_600s_22::Tridesclous::6,HYBRID_JANELIA::hybrid_static_siprobe::rec_16c_600s_22,HYBRID_JANELIA,hybrid,domain_a,-2.9944401410287544,-2.601881376493512,3.0192432086432857
hybrid_vs_paired_all,HYBRID_JANELIA::hybrid_drift_siprobe::rec_32c_600s_12::MountainSort4::70,HYBRID_JANELIA::hybrid_drift_siprobe::rec_32c_600s_12,HYBRID_JANELIA,hybrid,domain_a,-3.9852519380301374,-2.6298279430780394,2.7295776799869866
hybrid_vs_paired_all,HYBRID_JANELIA::hybrid_static_siprobe::rec_64c_1200s_11::SpykingCircus::37,HYBRID_JANELIA::hybrid_static_siprobe::rec_64c_1200s_11,HYBRID_JANELIA,hybrid,domain_a,-2.7779709355929003,-2.353015742101818,0.4706290703399388
hybrid_vs_paired_all,HYBRID_JANELIA::hybrid_static_siprobe::rec_64c_1200s_11::KiloSort2::72,HYBRID_JANELIA::hybrid_static_siprobe::rec_64c_1200s_11,HYBRID_JANELIA,hybrid,domain_a,-2.496409082049788,-2.002348624868489,0.5559739279466003
hybrid_vs_paired_all,HYBRID_JANELIA::hybrid_drift_siprobe::rec_64c_1200s_11::JRClust::151,HYBRID_JANELIA::hybrid_drift_siprobe::rec_64c_1200s_11,HYBRID_JANELIA,hybrid,domain_a,-2.6198663072493042,-2.0763861654622073,2.1746207444425565
hybrid_vs_paired_all,HYBRID_JANELIA::hybrid_drift_siprobe::rec_16c_1200s_31::MountainSort4::114,HYBRID_JANELIA::hybrid_drift_siprobe::rec_16c_1200s_31,HYBRID_JANELIA,hybrid,domain_a,-3.157576197061648,-1.6796599899212188,2.119452927909639
hybrid_vs_paired_all,HYBRID_JANELIA::hybrid_static_siprobe::rec_16c_600s_31::MountainSort4::4,HYBRID_JANELIA::hybrid_static_siprobe::rec_16c_600s_31,HYBRID_JANELIA,hybrid,domain_a,-2.4940567997615593,-1.9105604949015367,0.8549983696128677
hybrid_vs_paired_all,HYBRID_JANELIA::hybrid_drift_siprobe::rec_64c_600s_11::HerdingSpikes2::20,HYBRID_JANELIA::hybrid_drift_siprobe::rec_64c_600s_11,HYBRID_JANELIA,hybrid,domain_a,-2.7573089194217726,-2.1594806900833516,2.6038597299198196
hybrid_vs_paired_all,HYBRID_JANELIA::hybrid_drift_tetrode::rec_4c_600s_21::MountainSort4::9,HYBRID_JANELIA::hybrid_drift_tetrode::rec_4c_600s_21,HYBRID_JANELIA,hybrid,domain_a,-3.3234667533044417,-2.324629370152112,2.6583153605017347
hybrid_vs_paired_all,HYBRID_JANELIA::hybrid_static_siprobe::rec_64c_1200s_11::MountainSort4::97,HYBRID_JANELIA::hybrid_static_siprobe::rec_64c_1200s_11,HYBRID_JANELIA,hybrid,domain_a,-2.114052963357746,-0.8017330452836573,-1.7418619180137835
hybrid_vs_paired_all,HYBRID_JANELIA::hybrid_drift_siprobe::rec_32c_1200s_11::KiloSort2::11,HYBRID_JANELIA::hybrid_drift_siprobe::rec_32c_1200s_11,HYBRID_JANELIA,hybrid,domain_a,-2.849667077982907,-2.4140887816263623,2.9658230741128935
hybrid_vs_paired_all,HYBRID_JANELIA::hybrid_static_siprobe::rec_32c_600s_21::Tridesclous::10,HYBRID_JANELIA::hybrid_static_siprobe::rec_32c_600s_21,HYBRID_JANELIA,hybrid,domain_a,-2.567515875448233,-1.827102626751286,0.6947383858992391
hybrid_vs_paired_all,HYBRID_JANELIA::hybrid_static_siprobe::rec_32c_600s_22::IronClust::3,HYBRID_JANELIA::hybrid_static_siprobe::rec_32c_600s_22,HYBRID_JANELIA,hybrid,domain_a,-2.895456108003414,-2.2803834061580646,1.2323371664560443
hybrid_vs_paired_all,HYBRID_JANELIA::hybrid_static_siprobe::rec_32c_600s_31::HerdingSpikes2::59,HYBRID_JANELIA::hybrid_static_siprobe::rec_32c_600s_31,HYBRID_JANELIA,hybrid,domain_a,-1.9873878052515315,-0.07327138875022507,2.7954299281074335
hybrid_vs_paired_all,HYBRID_JANELIA::hybrid_static_siprobe::rec_32c_1200s_21::KiloSort2::29,HYBRID_JANELIA::hybrid_static_siprobe::rec_32c_1200s_21,HYBRID_JANELIA,hybrid,domain_a,-4.810622396854991,-1.2913637553116057,4.37684611967468
hybrid_vs_paired_all,HYBRID_JANELIA::hybrid_drift_siprobe::rec_64c_1200s_11::HerdingSpikes2::118,HYBRID_JANELIA::hybrid_drift_siprobe::rec_64c_1200s_11,HYBRID_JANELIA,hybrid,domain_a,-2.856791268878443,-1.0280311603768038,1.038782715706825
hybrid_vs_paired_all,HYBRID_JANELIA::hybrid_static_siprobe::rec_32c_600s_21::HerdingSpikes2::42,HYBRID_JANELIA::hybrid_static_siprobe::rec_32c_600s_21,HYBRID_JANELIA,hybrid,domain_a,-1.708556747533691,0.750794443649621,3.0851001570199226
hybrid_vs_paired_all,HYBRID_JANELIA::hybrid_drift_siprobe::rec_64c_600s_11::SpykingCircus::4,HYBRID_JANELIA::hybrid_drift_siprobe::rec_64c_600s_11,HYBRID_JANELIA,hybrid,domain_a,-3.1054020593431035,-2.227332449521773,2.3156730707004485
hybrid_vs_paired_all,HYBRID_JANELIA::hybrid_drift_siprobe::rec_32c_1200s_31::MountainSort4::211,HYBRID_JANELIA::hybrid_drift_siprobe::rec_32c_1200s_31,HYBRID_JANELIA,hybrid,domain_a,-3.1680017665241573,-2.300702113030661,2.672023158741249
hybrid_vs_paired_all,HYBRID_JANELIA::hybrid_drift_siprobe::rec_32c_600s_11::KiloSort::30,HYBRID_JANELIA::hybrid_drift_siprobe::rec_32c_600s_11,HYBRID_JANELIA,hybrid,domain_a,-3.132783618321741,-1.8056740797621709,1.246171105522144
hybrid_vs_paired_all,HYBRID_JANELIA::hybrid_static_siprobe::rec_64c_600s_11::IronClust::52,HYBRID_JANELIA::hybrid_static_siprobe::rec_64c_600s_11,HYBRID_JANELIA,hybrid,domain_a,-2.8381712042908567,-2.6540963084935165,2.150621477147564
hybrid_vs_paired_all,HYBRID_JANELIA::hybrid_static_siprobe::rec_64c_1200s_11::Tridesclous::42,HYBRID_JANELIA::hybrid_static_siprobe::rec_64c_1200s_11,HYBRID_JANELIA,hybrid,domain_a,-3.5374932777999666,-2.9375577264381945,1.4793005721056478
hybrid_vs_paired_all,HYBRID_JANELIA::hybrid_drift_siprobe::rec_16c_600s_11::HerdingSpikes2::17,HYBRID_JANELIA::hybrid_drift_siprobe::rec_16c_600s_11,HYBRID_JANELIA,hybrid,domain_a,-2.2569232666481387,-1.6687115960766015,1.0316597648093069
hybrid_vs_paired_all,HYBRID_JANELIA::hybrid_drift_siprobe::rec_64c_600s_12::JRClust::75,HYBRID_JANELIA::hybrid_drift_siprobe::rec_64c_600s_12,HYBRID_JANELIA,hybrid,domain_a,-2.72207812116214,-2.080878653960092,1.3113950464385786
hybrid_vs_paired_all,HYBRID_JANELIA::hybrid_drift_tetrode::rec_4c_600s_22::IronClust::2,HYBRID_JANELIA::hybrid_drift_tetrode::rec_4c_600s_22,HYBRID_JANELIA,hybrid,domain_a,-2.504720857250869,-2.097926702819786,2.0430466066146042
hybrid_vs_paired_all,HYBRID_JANELIA::hybrid_drift_siprobe::rec_32c_600s_22::JRClust::67,HYBRID_JANELIA::hybrid_drift_siprobe::rec_32c_600s_22,HYBRID_JANELIA,hybrid,domain_a,-2.6301928655941533,-1.818643673648618,3.246192952471921
hybrid_vs_paired_all,HYBRID_JANELIA::hybrid_drift_siprobe::rec_16c_600s_22::MountainSort4::3,HYBRID_JANELIA::hybrid_drift_siprobe::rec_16c_600s_22,HYBRID_JANELIA,hybrid,domain_a,-3.3331348797805562,-2.4506124897112893,2.2569159351346673
hybrid_vs_paired_all,HYBRID_JANELIA::hybrid_drift_siprobe::rec_64c_1200s_11::IronClust::71,HYBRID_JANELIA::hybrid_drift_siprobe::rec_64c_1200s_11,HYBRID_JANELIA,hybrid,domain_a,-2.8368884093541826,-1.6328457582098974,0.10718645960029005
hybrid_vs_paired_all,HYBRID_JANELIA::hybrid_static_siprobe::rec_16c_600s_32::KiloSort2::22,HYBRID_JANELIA::hybrid_static_siprobe::rec_16c_600s_32,HYBRID_JANELIA,hybrid,domain_a,-2.1601721060405086,-0.4474992137139925,0.6550356865101579
hybrid_vs_paired_all,HYBRID_JANELIA::hybrid_drift_siprobe::rec_64c_600s_12::HerdingSpikes2::16,HYBRID_JANELIA::hybrid_drift_siprobe::rec_64c_600s_12,HYBRID_JANELIA,hybrid,domain_a,-2.977966030398385,-1.6551454602668105,0.46443185687631094
hybrid_vs_paired_all,HYBRID_JANELIA::hybrid_drift_siprobe::rec_32c_1200s_11::Tridesclous::29,HYBRID_JANELIA::hybrid_drift_siprobe::rec_32c_1200s_11,HYBRID_JANELIA,hybrid,domain_a,-3.452701755458453,-1.802729410101014,2.0155163142762884
hybrid_vs_paired_all,HYBRID_JANELIA::hybrid_drift_siprobe::rec_16c_600s_12::MountainSort4::12,HYBRID_JANELIA::hybrid_drift_siprobe::rec_16c_600s_12,HYBRID_JANELIA,hybrid,domain_a,-2.7943812378492248,-0.909359737125922,0.6534303202011083
hybrid_vs_paired_all,HYBRID_JANELIA::hybrid_static_siprobe::rec_16c_1200s_11::MountainSort4::47,HYBRID_JANELIA::hybrid_static_siprobe::rec_16c_1200s_11,HYBRID_JANELIA,hybrid,domain_a,-2.880065890258612,-2.158523000990422,2.148904483417876
hybrid_vs_paired_all,HYBRID_JANELIA::hybrid_static_siprobe::rec_32c_1200s_31::MountainSort4::77,HYBRID_JANELIA::hybrid_static_siprobe::rec_32c_1200s_31,HYBRID_JANELIA,hybrid,domain_a,-2.0536394048732194,-1.561988068504986,0.31233427904343114
hybrid_vs_paired_all,HYBRID_JANELIA::hybrid_drift_siprobe::rec_32c_600s_22::HerdingSpikes2::55,HYBRID_JANELIA::hybrid_drift_siprobe::rec_32c_600s_22,HYBRID_JANELIA,hybrid,domain_a,-2.3246409926515335,-0.4499545526272603,1.1688721319320665
hybrid_vs_paired_all,HYBRID_JANELIA::hybrid_drift_siprobe::rec_16c_1200s_21::MountainSort4::89,HYBRID_JANELIA::hybrid_drift_siprobe::rec_16c_1200s_21,HYBRID_JANELIA,hybrid,domain_a,-2.966487642541006,-1.259646184923373,2.7312990074200965
hybrid_vs_paired_all,HYBRID_JANELIA::hybrid_drift_siprobe::rec_64c_600s_12::HerdingSpikes2::182,HYBRID_JANELIA::hybrid_drift_siprobe::rec_64c_600s_12,HYBRID_JANELIA,hybrid,domain_a,-3.0634017336710646,-1.4686263742448353,2.290766146626433
hybrid_vs_paired_all,HYBRID_JANELIA::hybrid_static_siprobe::rec_32c_1200s_31::Tridesclous::37,HYBRID_JANELIA::hybrid_static_siprobe::rec_32c_1200s_31,HYBRID_JANELIA,hybrid,domain_a,-3.383094353315305,-1.7354232303358939,0.4119830759214472
hybrid_vs_paired_all,HYBRID_JANELIA::hybrid_drift_siprobe::rec_32c_600s_22::SpykingCircus::59,HYBRID_JANELIA::hybrid_drift_siprobe::rec_32c_600s_22,HYBRID_JANELIA,hybrid,domain_a,-2.730958060035416,-1.4931602128371584,-0.02339197993722246
hybrid_vs_paired_all,HYBRID_JANELIA::hybrid_static_siprobe::rec_32c_600s_21::JRClust::50,HYBRID_JANELIA::hybrid_static_siprobe::rec_32c_600s_21,HYBRID_JANELIA,hybrid,domain_a,-2.462616419202823,-2.044078109767469,1.916640686674661
hybrid_vs_paired_all,HYBRID_JANELIA::hybrid_static_siprobe::rec_64c_600s_12::MountainSort4::78,HYBRID_JANELIA::hybrid_static_siprobe::rec_64c_600s_12,HYBRID_JANELIA,hybrid,domain_a,-4.023925267720707,-3.0748708190421756,2.5600557121473932
hybrid_vs_paired_all,HYBRID_JANELIA::hybrid_drift_tetrode::rec_4c_600s_11::JRClust::13,HYBRID_JANELIA::hybrid_drift_tetrode::rec_4c_600s_11,HYBRID_JANELIA,hybrid,domain_a,-2.9936726972571868,-1.2346129900675564,0.9471940256385736
hybrid_vs_paired_all,HYBRID_JANELIA::hybrid_static_siprobe::rec_32c_1200s_21::JRClust::43,HYBRID_JANELIA::hybrid_static_siprobe::rec_32c_1200s_21,HYBRID_JANELIA,hybrid,domain_a,-3.0606811512850034,-1.4022288411009332,2.8702355760463694
hybrid_vs_paired_all,HYBRID_JANELIA::hybrid_drift_siprobe::rec_16c_600s_21::KiloSort2::25,HYBRID_JANELIA::hybrid_drift_siprobe::rec_16c_600s_21,HYBRID_JANELIA,hybrid,domain_a,-3.1372949864582305,-1.345838542395217,1.1738509517978262
hybrid_vs_paired_all,HYBRID_JANELIA::hybrid_static_siprobe::rec_32c_600s_11::MountainSort4::101,HYBRID_JANELIA::hybrid_static_siprobe::rec_32c_600s_11,HYBRID_JANELIA,hybrid,domain_a,-2.980396080762783,-2.0222859455311646,1.069366502804998
hybrid_vs_paired_all,HYBRID_JANELIA::hybrid_drift_siprobe::rec_64c_600s_12::HerdingSpikes2::144,HYBRID_JANELIA::hybrid_drift_siprobe::rec_64c_600s_12,HYBRID_JANELIA,hybrid,domain_a,-2.453425765725646,-0.7969984933779996,0.4790563592272365
hybrid_vs_paired_all,HYBRID_JANELIA::hybrid_drift_siprobe::rec_16c_600s_32::Tridesclous::32,HYBRID_JANELIA::hybrid_drift_siprobe::rec_16c_600s_32,HYBRID_JANELIA,hybrid,domain_a,-3.253439398529814,-1.8130915599793962,1.7189055550946923
hybrid_vs_paired_all,HYBRID_JANELIA::hybrid_drift_siprobe::rec_32c_600s_31::Tridesclous::36,HYBRID_JANELIA::hybrid_drift_siprobe::rec_32c_600s_31,HYBRID_JANELIA,hybrid,domain_a,-3.2602987024345595,-2.739479935379261,2.6019754098943326
hybrid_vs_paired_all,HYBRID_JANELIA::hybrid_drift_tetrode::rec_4c_600s_22::MountainSort4::6,HYBRID_JANELIA::hybrid_drift_tetrode::rec_4c_600s_22,HYBRID_JANELIA,hybrid,domain_a,-3.3911040456787105,-2.04184906430075,3.6531495627666173
hybrid_vs_paired_all,HYBRID_JANELIA::hybrid_static_siprobe::rec_64c_1200s_11::SpykingCircus::75,HYBRID_JANELIA::hybrid_static_siprobe::rec_64c_1200s_11,HYBRID_JANELIA,hybrid,domain_a,-3.1239428892638235,-2.234593909467333,1.0453441126457448
hybrid_vs_paired_all,HYBRID_JANELIA::hybrid_drift_siprobe::rec_64c_600s_12::JRClust::37,HYBRID_JANELIA::hybrid_drift_siprobe::rec_64c_600s_12,HYBRID_JANELIA,hybrid,domain_a,-2.5301802267511593,-2.5768405158187075,2.870129441544273
hybrid_vs_paired_all,HYBRID_JANELIA::hybrid_drift_siprobe::rec_32c_600s_32::HerdingSpikes2::66,HYBRID_JANELIA::hybrid_drift_siprobe::rec_32c_600s_32,HYBRID_JANELIA,hybrid,domain_a,-2.6298669835161927,-1.410901466698099,1.9797681170733525
hybrid_vs_paired_all,HYBRID_JANELIA::hybrid_drift_siprobe::rec_32c_600s_11::Tridesclous::48,HYBRID_JANELIA::hybrid_drift_siprobe::rec_32c_600s_11,HYBRID_JANELIA,hybrid,domain_a,-2.9842811241724334,-2.2917832573292927,2.220940634851353
hybrid_vs_paired_all,HYBRID_JANELIA::hybrid_drift_siprobe::rec_64c_600s_12::HerdingSpikes2::140,HYBRID_JANELIA::hybrid_drift_siprobe::rec_64c_600s_12,HYBRID_JANELIA,hybrid,domain_a,-2.39300609242354,-0.2507825232053846,2.0748353147295067
hybrid_vs_paired_all,HYBRID_JANELIA::hybrid_static_siprobe::rec_32c_600s_21::SpykingCircus::1,HYBRID_JANELIA::hybrid_static_siprobe::rec_32c_600s_21,HYBRID_JANELIA,hybrid,domain_a,-3.4182045094478286,-2.662302219777012,2.2363432424550753
hybrid_vs_paired_all,HYBRID_JANELIA::hybrid_drift_siprobe::rec_32c_600s_31::KiloSort::43,HYBRID_JANELIA::hybrid_drift_siprobe::rec_32c_600s_31,HYBRID_JANELIA,hybrid,domain_a,-2.8368502259817117,-2.154955662809283,2.260515245629611
hybrid_vs_paired_all,HYBRID_JANELIA::hybrid_static_siprobe::rec_32c_600s_21::HerdingSpikes2::65,HYBRID_JANELIA::hybrid_static_siprobe::rec_32c_600s_21,HYBRID_JANELIA,hybrid,domain_a,-1.9079850540356902,0.44683629469790037,2.8102770075050207
hybrid_vs_paired_all,HYBRID_JANELIA::hybrid_drift_siprobe::rec_64c_1200s_11::KiloSort::470,HYBRID_JANELIA::hybrid_drift_siprobe::rec_64c_1200s_11,HYBRID_JANELIA,hybrid,domain_a,-3.05952561272359,-1.3016926806342912,0.3771609329988334
hybrid_vs_paired_all,HYBRID_JANELIA::hybrid_static_siprobe::rec_64c_1200s_11::SpykingCircus::27,HYBRID_JANELIA::hybrid_static_siprobe::rec_64c_1200s_11,HYBRID_JANELIA,hybrid,domain_a,-3.693178993162656,-2.5333340823968036,3.439605650939497
hybrid_vs_paired_all,HYBRID_JANELIA::hybrid_drift_siprobe::rec_32c_600s_32::MountainSort4::94,HYBRID_JANELIA::hybrid_drift_siprobe::rec_32c_600s_32,HYBRID_JANELIA,hybrid,domain_a,-2.3282221680314046,-0.4780454422103517,-0.8466441638775141
hybrid_vs_paired_all,HYBRID_JANELIA::hybrid_drift_siprobe::rec_32c_1200s_31::MountainSort4::28,HYBRID_JANELIA::hybrid_drift_siprobe::rec_32c_1200s_31,HYBRID_JANELIA,hybrid,domain_a,-2.650242542868208,-1.7435344379981241,2.003101919372826
hybrid_vs_paired_all,HYBRID_JANELIA::hybrid_static_siprobe::rec_16c_1200s_11::MountainSort4::6,HYBRID_JANELIA::hybrid_static_siprobe::rec_16c_1200s_11,HYBRID_JANELIA,hybrid,domain_a,-3.5457693027172215,-2.6144581497720067,3.3416712974771388
hybrid_vs_paired_all,HYBRID_JANELIA::hybrid_drift_siprobe::rec_16c_600s_22::KiloSort::5,HYBRID_JANELIA::hybrid_drift_siprobe::rec_16c_600s_22,HYBRID_JANELIA,hybrid,domain_a,-2.8740441495082454,-1.8033494698673445,2.3507320288926326
hybrid_vs_paired_all,HYBRID_JANELIA::hybrid_static_siprobe::rec_16c_600s_31::HerdingSpikes2::15,HYBRID_JANELIA::hybrid_static_siprobe::rec_16c_600s_31,HYBRID_JANELIA,hybrid,domain_a,-2.7173177811161966,-1.9696432236513108,2.2629997344297044
hybrid_vs_paired_all,HYBRID_JANELIA::hybrid_static_siprobe::rec_32c_1200s_11::IronClust::13,HYBRID_JANELIA::hybrid_static_siprobe::rec_32c_1200s_11,HYBRID_JANELIA,hybrid,domain_a,-2.796826598916074,-1.8615631719355976,0.516764262515304
hybrid_vs_paired_all,HYBRID_JANELIA::hybrid_drift_siprobe::rec_32c_600s_31::Tridesclous::16,HYBRID_JANELIA::hybrid_drift_siprobe::rec_32c_600s_31,HYBRID_JANELIA,hybrid,domain_a,-2.6086615078733186,-1.8634858469047253,2.1007699069166645
hybrid_vs_paired_all,HYBRID_JANELIA::hybrid_static_siprobe::rec_32c_600s_21::HerdingSpikes2::48,HYBRID_JANELIA::hybrid_static_siprobe::rec_32c_600s_21,HYBRID_JANELIA,hybrid,domain_a,-1.9921787980103507,0.1545415864657441,-1.089932561979887
hybrid_vs_paired_all,HYBRID_JANELIA::hybrid_drift_siprobe::rec_64c_1200s_11::SpykingCircus::73,HYBRID_JANELIA::hybrid_drift_siprobe::rec_64c_1200s_11,HYBRID_JANELIA,hybrid,domain_a,-2.7720788368642233,-2.3385780703500023,1.852644972968421
hybrid_vs_paired_all,HYBRID_JANELIA::hybrid_static_siprobe::rec_16c_600s_12::HerdingSpikes2::7,HYBRID_JANELIA::hybrid_static_siprobe::rec_16c_600s_12,HYBRID_JANELIA,hybrid,domain_a,-2.845787997148897,-1.6804645781694214,0.9066764746084673
hybrid_vs_paired_all,HYBRID_JANELIA::hybrid_static_siprobe::rec_16c_1200s_11::MountainSort4::50,HYBRID_JANELIA::hybrid_static_siprobe::rec_16c_1200s_11,HYBRID_JANELIA,hybrid,domain_a,-4.179052301888739,-1.642463619240331,2.567296349638573
hybrid_vs_paired_all,HYBRID_JANELIA::hybrid_drift_siprobe::rec_32c_1200s_11::MountainSort4::71,HYBRID_JANELIA::hybrid_drift_siprobe::rec_32c_1200s_11,HYBRID_JANELIA,hybrid,domain_a,-2.4751795073389764,-1.584277619939407,1.5123372229836887
hybrid_vs_paired_all,HYBRID_JANELIA::hybrid_drift_siprobe::rec_64c_1200s_11::MountainSort4::349,HYBRID_JANELIA::hybrid_drift_siprobe::rec_64c_1200s_11,HYBRID_JANELIA,hybrid,domain_a,-2.4431038808095895,-1.9308165897128742,0.9339678375339253
hybrid_vs_paired_all,HYBRID_JANELIA::hybrid_static_siprobe::rec_64c_600s_11::MountainSort4::102,HYBRID_JANELIA::hybrid_static_siprobe::rec_64c_600s_11,HYBRID_JANELIA,hybrid,domain_a,-4.078005567469953,-3.060433027218214,2.7483412926019897
hybrid_vs_paired_all,HYBRID_JANELIA::hybrid_drift_siprobe::rec_32c_1200s_31::MountainSort4::23,HYBRID_JANELIA::hybrid_drift_siprobe::rec_32c_1200s_31,HYBRID_JANELIA,hybrid,domain_a,-2.2358294569365373,-0.9713262051100494,1.4836253865313935
hybrid_vs_paired_all,HYBRID_JANELIA::hybrid_drift_siprobe::rec_32c_600s_21::MountainSort4::87,HYBRID_JANELIA::hybrid_drift_siprobe::rec_32c_600s_21,HYBRID_JANELIA,hybrid,domain_a,-3.0463933666519543,-1.8865187327095845,1.6496790302113282
hybrid_vs_paired_all,HYBRID_JANELIA::hybrid_drift_siprobe::rec_64c_600s_12::KiloSort::426,HYBRID_JANELIA::hybrid_drift_siprobe::rec_64c_600s_12,HYBRID_JANELIA,hybrid,domain_a,-3.3514274407852644,-0.8019078271685238,1.7075020605727251
hybrid_vs_paired_all,HYBRID_JANELIA::hybrid_drift_siprobe::rec_32c_600s_31::IronClust::52,HYBRID_JANELIA::hybrid_drift_siprobe::rec_32c_600s_31,HYBRID_JANELIA,hybrid,domain_a,-3.3348812687106317,-2.697455543578814,2.8404252310965323
hybrid_vs_paired_all,HYBRID_JANELIA::hybrid_static_siprobe::rec_16c_1200s_21::KiloSort2::11,HYBRID_JANELIA::hybrid_static_siprobe::rec_16c_1200s_21,HYBRID_JANELIA,hybrid,domain_a,-3.36485152385878,-2.2973992362606226,3.402978263885575
hybrid_vs_paired_all,HYBRID_JANELIA::hybrid_drift_siprobe::rec_16c_1200s_11::HerdingSpikes2::5,HYBRID_JANELIA::hybrid_drift_siprobe::rec_16c_1200s_11,HYBRID_JANELIA,hybrid,domain_a,-2.8636609849064296,-1.5010222841782586,1.009744006808213
hybrid_vs_paired_all,HYBRID_JANELIA::hybrid_drift_siprobe::rec_64c_600s_11::MountainSort4::65,HYBRID_JANELIA::hybrid_drift_siprobe::rec_64c_600s_11,HYBRID_JANELIA,hybrid,domain_a,-3.450493260332725,-2.55860557783731,1.7861328475483356
hybrid_vs_paired_all,HYBRID_JANELIA::hybrid_static_siprobe::rec_64c_1200s_11::Tridesclous::3,HYBRID_JANELIA::hybrid_static_siprobe::rec_64c_1200s_11,HYBRID_JANELIA,hybrid,domain_a,-2.806980185399577,-2.253110707996992,-0.14750770943791183
hybrid_vs_paired_all,HYBRID_JANELIA::hybrid_drift_siprobe::rec_64c_1200s_11::JRClust::123,HYBRID_JANELIA::hybrid_drift_siprobe::rec_64c_1200s_11,HYBRID_JANELIA,hybrid,domain_a,-2.440586446389584,-1.820819174526585,1.3296018764768436
hybrid_vs_paired_all,HYBRID_JANELIA::hybrid_drift_siprobe::rec_64c_600s_11::IronClust::29,HYBRID_JANELIA::hybrid_drift_siprobe::rec_64c_600s_11,HYBRID_JANELIA,hybrid,domain_a,-3.3451426321250186,-2.150988436931395,2.573695407049157
hybrid_vs_paired_all,HYBRID_JANELIA::hybrid_drift_siprobe::rec_16c_600s_22::Tridesclous::9,HYBRID_JANELIA::hybrid_drift_siprobe::rec_16c_600s_22,HYBRID_JANELIA,hybrid,domain_a,-2.927193347256437,-2.104749678836214,3.5443490067691004
hybrid_vs_paired_all,HYBRID_JANELIA::hybrid_drift_siprobe::rec_32c_600s_11::KiloSort2::27,HYBRID_JANELIA::hybrid_drift_siprobe::rec_32c_600s_11,HYBRID_JANELIA,hybrid,domain_a,-3.081794219643863,-2.126005815326296,2.840355424088175
hybrid_vs_paired_all,HYBRID_JANELIA::hybrid_static_siprobe::rec_32c_600s_31::HerdingSpikes2::85,HYBRID_JANELIA::hybrid_static_siprobe::rec_32c_600s_31,HYBRID_JANELIA,hybrid,domain_a,-3.0036028864025104,-1.698337807673902,1.7499370560206862
hybrid_vs_paired_all,HYBRID_JANELIA::hybrid_drift_siprobe::rec_16c_600s_31::MountainSort4::60,HYBRID_JANELIA::hybrid_drift_siprobe::rec_16c_600s_31,HYBRID_JANELIA,hybrid,domain_a,-1.6738052651433606,-1.3196209132482044,0.4574018446305626
hybrid_vs_paired_all,HYBRID_JANELIA::hybrid_drift_siprobe::rec_64c_600s_12::MountainSort4::163,HYBRID_JANELIA::hybrid_drift_siprobe::rec_64c_600s_12,HYBRID_JANELIA,hybrid,domain_a,-2.6080413635704023,-1.9108698870723022,2.771584052884709
hybrid_vs_paired_all,HYBRID_JANELIA::hybrid_drift_tetrode::rec_4c_1200s_21::KiloSort::8,HYBRID_JANELIA::hybrid_drift_tetrode::rec_4c_1200s_21,HYBRID_JANELIA,hybrid,domain_a,-2.3892324539763212,-1.6807049031727752,0.5108868144466868
hybrid_vs_paired_all,HYBRID_JANELIA::hybrid_static_siprobe::rec_32c_600s_22::SpykingCircus::11,HYBRID_JANELIA::hybrid_static_siprobe::rec_32c_600s_22,HYBRID_JANELIA,hybrid,domain_a,-3.0876842916835177,-3.09034432554514,2.1051688385433236
hybrid_vs_paired_all,HYBRID_JANELIA::hybrid_drift_siprobe::rec_16c_1200s_31::MountainSort4::24,HYBRID_JANELIA::hybrid_drift_siprobe::rec_16c_1200s_31,HYBRID_JANELIA,hybrid,domain_a,-2.599947246204682,-1.7524321673528536,1.7930380398407815
hybrid_vs_paired_all,HYBRID_JANELIA::hybrid_drift_siprobe::rec_16c_1200s_31::MountainSort4::46,HYBRID_JANELIA::hybrid_drift_siprobe::rec_16c_1200s_31,HYBRID_JANELIA,hybrid,domain_a,-3.2249493547222605,-1.761751977892707,3.713405491796389
hybrid_vs_paired_all,HYBRID_JANELIA::hybrid_static_tetrode::rec_4c_600s_32::MountainSort4::1,HYBRID_JANELIA::hybrid_static_tetrode::rec_4c_600s_32,HYBRID_JANELIA,hybrid,domain_a,-1.9284440784143153,-1.8995903677294586,0.30885455267464457
hybrid_vs_paired_all,HYBRID_JANELIA::hybrid_drift_siprobe::rec_64c_600s_12::IronClust::62,HYBRID_JANELIA::hybrid_drift_siprobe::rec_64c_600s_12,HYBRID_JANELIA,hybrid,domain_a,-2.872240901279951,-2.3280266112701202,2.0209631800375174
hybrid_vs_paired_all,HYBRID_JANELIA::hybrid_static_siprobe::rec_64c_600s_12::HerdingSpikes2::3,HYBRID_JANELIA::hybrid_static_siprobe::rec_64c_600s_12,HYBRID_JANELIA,hybrid,domain_a,-3.002768481438571,-2.6073298514080103,1.9119158944170453
hybrid_vs_paired_all,HYBRID_JANELIA::hybrid_drift_siprobe::rec_32c_600s_12::Tridesclous::23,HYBRID_JANELIA::hybrid_drift_siprobe::rec_32c_600s_12,HYBRID_JANELIA,hybrid,domain_a,-3.5300682374575594,-1.800508313636029,2.374621118384942
hybrid_vs_paired_all,HYBRID_JANELIA::hybrid_drift_siprobe::rec_64c_1200s_11::MountainSort4::183,HYBRID_JANELIA::hybrid_drift_siprobe::rec_64c_1200s_11,HYBRID_JANELIA,hybrid,domain_a,-2.829238091328075,-2.0909954369963533,2.9607292511453402
hybrid_vs_paired_all,HYBRID_JANELIA::hybrid_static_siprobe::rec_32c_600s_31::HerdingSpikes2::43,HYBRID_JANELIA::hybrid_static_siprobe::rec_32c_600s_31,HYBRID_JANELIA,hybrid,domain_a,-1.5816460537884522,0.7169827719518828,2.03905582908182
hybrid_vs_paired_all,HYBRID_JANELIA::hybrid_drift_siprobe::rec_16c_600s_12::JRClust::40,HYBRID_JANELIA::hybrid_drift_siprobe::rec_16c_600s_12,HYBRID_JANELIA,hybrid,domain_a,-2.8759578179446463,-2.280110581334753,2.5698235876363293
hybrid_vs_paired_all,HYBRID_JANELIA::hybrid_static_siprobe::rec_16c_600s_31::HerdingSpikes2::21,HYBRID_JANELIA::hybrid_static_siprobe::rec_16c_600s_31,HYBRID_JANELIA,hybrid,domain_a,-2.3641601136563235,-1.3089078155908764,1.5366657620974404
hybrid_vs_paired_all,HYBRID_JANELIA::hybrid_drift_siprobe::rec_16c_600s_31::KiloSort::101,HYBRID_JANELIA::hybrid_drift_siprobe::rec_16c_600s_31,HYBRID_JANELIA,hybrid,domain_a,-2.741089782642479,-1.8493601934915458,1.2325084144822969
hybrid_vs_paired_all,HYBRID_JANELIA::hybrid_static_siprobe::rec_32c_600s_32::MountainSort4::86,HYBRID_JANELIA::hybrid_static_siprobe::rec_32c_600s_32,HYBRID_JANELIA,hybrid,domain_a,-1.659875159337173,0.4737579201858665,-1.877671762588541
hybrid_vs_paired_all,HYBRID_JANELIA::hybrid_static_siprobe::rec_32c_600s_32::HerdingSpikes2::92,HYBRID_JANELIA::hybrid_static_siprobe::rec_32c_600s_32,HYBRID_JANELIA,hybrid,domain_a,-1.4730607611835183,1.5176745752463836,2.794658670785991
hybrid_vs_paired_all,HYBRID_JANELIA::hybrid_drift_siprobe::rec_32c_600s_21::KiloSort::235,HYBRID_JANELIA::hybrid_drift_siprobe::rec_32c_600s_21,HYBRID_JANELIA,hybrid,domain_a,-3.1979491172730596,-1.2406883812310787,1.3825613423371652
hybrid_vs_paired_all,HYBRID_JANELIA::hybrid_static_siprobe::rec_64c_1200s_11::IronClust::39,HYBRID_JANELIA::hybrid_static_siprobe::rec_64c_1200s_11,HYBRID_JANELIA,hybrid,domain_a,-2.9405477423254642,-1.9504171932568575,-0.8387554102722881
hybrid_vs_paired_all,HYBRID_JANELIA::hybrid_static_siprobe::rec_32c_600s_31::Tridesclous::19,HYBRID_JANELIA::hybrid_static_siprobe::rec_32c_600s_31,HYBRID_JANELIA,hybrid,domain_a,-2.9026189482272153,-1.9303877419378612,0.34004409063925006
hybrid_vs_paired_all,HYBRID_JANELIA::hybrid_drift_siprobe::rec_64c_600s_12::MountainSort4::125,HYBRID_JANELIA::hybrid_drift_siprobe::rec_64c_600s_12,HYBRID_JANELIA,hybrid,domain_a,-2.853710998286316,-1.8505602869675608,0.6442797363017307
hybrid_vs_paired_all,HYBRID_JANELIA::hybrid_drift_siprobe::rec_32c_1200s_11::MountainSort4::66,HYBRID_JANELIA::hybrid_drift_siprobe::rec_32c_1200s_11,HYBRID_JANELIA,hybrid,domain_a,-3.283695184780602,-2.332467609057958,2.052104055957563
hybrid_vs_paired_all,HYBRID_JANELIA::hybrid_drift_siprobe::rec_32c_1200s_11::JRClust::83,HYBRID_JANELIA::hybrid_drift_siprobe::rec_32c_1200s_11,HYBRID_JANELIA,hybrid,domain_a,-2.2635948752167083,-1.178777293396393,1.5581343836467063
hybrid_vs_paired_all,HYBRID_JANELIA::hybrid_drift_siprobe::rec_64c_1200s_11::MountainSort4::151,HYBRID_JANELIA::hybrid_drift_siprobe::rec_64c_1200s_11,HYBRID_JANELIA,hybrid,domain_a,-2.6782919940287973,-1.236564691161273,0.22789308432206293
hybrid_vs_paired_all,HYBRID_JANELIA::hybrid_static_siprobe::rec_32c_600s_22::HerdingSpikes2::51,HYBRID_JANELIA::hybrid_static_siprobe::rec_32c_600s_22,HYBRID_JANELIA,hybrid,domain_a,-1.160581345959405,1.06884240042496,2.4106558740795947
hybrid_vs_paired_all,HYBRID_JANELIA::hybrid_drift_siprobe::rec_64c_600s_11::MountainSort4::283,HYBRID_JANELIA::hybrid_drift_siprobe::rec_64c_600s_11,HYBRID_JANELIA,hybrid,domain_a,-3.332099738575277,-2.2750850166849794,2.560605767248974
hybrid_vs_paired_all,HYBRID_JANELIA::hybrid_drift_siprobe::rec_64c_600s_11::HerdingSpikes2::67,HYBRID_JANELIA::hybrid_drift_siprobe::rec_64c_600s_11,HYBRID_JANELIA,hybrid,domain_a,-2.7151759646865092,-1.6558588652215833,1.1911643330834376
hybrid_vs_paired_all,HYBRID_JANELIA::hybrid_drift_siprobe::rec_64c_1200s_11::MountainSort4::252,HYBRID_JANELIA::hybrid_drift_siprobe::rec_64c_1200s_11,HYBRID_JANELIA,hybrid,domain_a,-2.429079187313427,-1.8546473044519203,1.0883709530263752
hybrid_vs_paired_all,HYBRID_JANELIA::hybrid_static_siprobe::rec_32c_600s_22::IronClust::1,HYBRID_JANELIA::hybrid_static_siprobe::rec_32c_600s_22,HYBRID_JANELIA,hybrid,domain_a,-2.5224792852094793,-2.1258654514396875,0.9998377361664835
hybrid_vs_paired_all,HYBRID_JANELIA::hybrid_static_siprobe::rec_32c_1200s_11::MountainSort4::97,HYBRID_JANELIA::hybrid_static_siprobe::rec_32c_1200s_11,HYBRID_JANELIA,hybrid,domain_a,-1.241737666478208,0.16251187393185781,-2.67112360317917
hybrid_vs_paired_all,HYBRID_JANELIA::hybrid_drift_siprobe::rec_64c_600s_11::KiloSort2::49,HYBRID_JANELIA::hybrid_drift_siprobe::rec_64c_600s_11,HYBRID_JANELIA,hybrid,domain_a,-3.0054461991109207,-1.6554914608040314,-0.21560241105082012
hybrid_vs_paired_all,HYBRID_JANELIA::hybrid_static_siprobe::rec_64c_600s_11::KiloSort2::57,HYBRID_JANELIA::hybrid_static_siprobe::rec_64c_600s_11,HYBRID_JANELIA,hybrid,domain_a,-2.286116030911565,-1.6742976217919787,-0.5307904625726845
hybrid_vs_paired_all,HYBRID_JANELIA::hybrid_drift_siprobe::rec_16c_600s_31::MountainSort4::76,HYBRID_JANELIA::hybrid_drift_siprobe::rec_16c_600s_31,HYBRID_JANELIA,hybrid,domain_a,-2.803542852041218,-1.3245286969803358,0.6151491836624033
hybrid_vs_paired_all,HYBRID_JANELIA::hybrid_static_siprobe::rec_32c_600s_12::MountainSort4::53,HYBRID_JANELIA::hybrid_static_siprobe::rec_32c_600s_12,HYBRID_JANELIA,hybrid,domain_a,-2.329285399048693,-3.278513142975059,4.109939289728376
hybrid_vs_paired_all,HYBRID_JANELIA::hybrid_drift_siprobe::rec_16c_600s_22::IronClust::22,HYBRID_JANELIA::hybrid_drift_siprobe::rec_16c_600s_22,HYBRID_JANELIA,hybrid,domain_a,-2.8513064114981765,-1.6840960728142598,2.151885682699658
hybrid_vs_paired_all,HYBRID_JANELIA::hybrid_static_siprobe::rec_64c_1200s_11::SpykingCircus::77,HYBRID_JANELIA::hybrid_static_siprobe::rec_64c_1200s_11,HYBRID_JANELIA,hybrid,domain_a,-2.7662749883891715,-2.0167915792423208,0.452001661855546
hybrid_vs_paired_all,HYBRID_JANELIA::hybrid_drift_siprobe::rec_32c_1200s_21::JRClust::29,HYBRID_JANELIA::hybrid_drift_siprobe::rec_32c_1200s_21,HYBRID_JANELIA,hybrid,domain_a,-2.624349564406679,-2.052336608501612,2.026688307772448
hybrid_vs_paired_all,HYBRID_JANELIA::hybrid_drift_siprobe::rec_32c_600s_11::KiloSort2::26,HYBRID_JANELIA::hybrid_drift_siprobe::rec_32c_600s_11,HYBRID_JANELIA,hybrid,domain_a,-3.331738843009873,-2.2636004972465997,1.305450280017741
hybrid_vs_paired_all,HYBRID_JANELIA::hybrid_drift_siprobe::rec_64c_1200s_11::IronClust::28,HYBRID_JANELIA::hybrid_drift_siprobe::rec_64c_1200s_11,HYBRID_JANELIA,hybrid,domain_a,-3.324208808210002,-2.713431129633757,2.6922171302257127
hybrid_vs_paired_all,HYBRID_JANELIA::hybrid_static_siprobe::rec_32c_600s_32::MountainSort4::47,HYBRID_JANELIA::hybrid_static_siprobe::rec_32c_600s_32,HYBRID_JANELIA,hybrid,domain_a,-4.134696708606854,-2.7493666367473333,3.0060930654218327
hybrid_vs_paired_all,HYBRID_JANELIA::hybrid_drift_siprobe::rec_32c_600s_31::MountainSort4::107,HYBRID_JANELIA::hybrid_drift_siprobe::rec_32c_600s_31,HYBRID_JANELIA,hybrid,domain_a,-3.553308385129111,-2.335232190953981,2.772583308962724
hybrid_vs_paired_all,HYBRID_JANELIA::hybrid_drift_siprobe::rec_16c_600s_12::IronClust::16,HYBRID_JANELIA::hybrid_drift_siprobe::rec_16c_600s_12,HYBRID_JANELIA,hybrid,domain_a,-2.9154343554183284,-2.573030211132953,5.251455024371453
hybrid_vs_paired_all,HYBRID_JANELIA::hybrid_drift_siprobe::rec_64c_1200s_11::JRClust::117,HYBRID_JANELIA::hybrid_drift_siprobe::rec_64c_1200s_11,HYBRID_JANELIA,hybrid,domain_a,-2.534255305470029,-1.479221178313171,-0.8935983488321921
hybrid_vs_paired_all,HYBRID_JANELIA::hybrid_drift_siprobe::rec_64c_600s_11::IronClust::20,HYBRID_JANELIA::hybrid_drift_siprobe::rec_64c_600s_11,HYBRID_JANELIA,hybrid,domain_a,-3.2354413083579483,-1.9270119693100842,2.8667731698456804
hybrid_vs_paired_all,HYBRID_JANELIA::hybrid_drift_siprobe::rec_64c_600s_11::MountainSort4::255,HYBRID_JANELIA::hybrid_drift_siprobe::rec_64c_600s_11,HYBRID_JANELIA,hybrid,domain_a,-2.387286321450318,-1.0758324483756139,-1.2505914691310043
hybrid_vs_paired_all,HYBRID_JANELIA::hybrid_drift_siprobe::rec_16c_600s_31::HerdingSpikes2::30,HYBRID_JANELIA::hybrid_drift_siprobe::rec_16c_600s_31,HYBRID_JANELIA,hybrid,domain_a,-2.502684959345968,-1.4930380218215051,0.7123480776508405
hybrid_vs_paired_all,HYBRID_JANELIA::hybrid_drift_siprobe::rec_32c_600s_31::MountainSort4::159,HYBRID_JANELIA::hybrid_drift_siprobe::rec_32c_600s_31,HYBRID_JANELIA,hybrid,domain_a,-2.5742361839112617,-1.3016939782626054,2.057727979081714
hybrid_vs_paired_all,HYBRID_JANELIA::hybrid_drift_siprobe::rec_64c_600s_12::HerdingSpikes2::113,HYBRID_JANELIA::hybrid_drift_siprobe::rec_64c_600s_12,HYBRID_JANELIA,hybrid,domain_a,-2.290487398709385,0.38581074477905636,2.565573491705439
hybrid_vs_paired_all,HYBRID_JANELIA::hybrid_static_siprobe::rec_16c_600s_12::SpykingCircus::19,HYBRID_JANELIA::hybrid_static_siprobe::rec_16c_600s_12,HYBRID_JANELIA,hybrid,domain_a,-3.299742371185742,-2.303442571691021,1.5926970887510632
hybrid_vs_paired_all,HYBRID_JANELIA::hybrid_drift_siprobe::rec_64c_600s_12::MountainSort4::118,HYBRID_JANELIA::hybrid_drift_siprobe::rec_64c_600s_12,HYBRID_JANELIA,hybrid,domain_a,-4.045089901537074,-3.0062465739168247,2.424688492552373
hybrid_vs_paired_all,HYBRID_JANELIA::hybrid_static_siprobe::rec_16c_600s_21::IronClust::17,HYBRID_JANELIA::hybrid_static_siprobe::rec_16c_600s_21,HYBRID_JANELIA,hybrid,domain_a,-2.906778631082847,-1.8654555155230608,2.03144722599997
hybrid_vs_paired_all,HYBRID_JANELIA::hybrid_drift_siprobe::rec_32c_600s_22::MountainSort4::17,HYBRID_JANELIA::hybrid_drift_siprobe::rec_32c_600s_22,HYBRID_JANELIA,hybrid,domain_a,-2.736671041755736,-1.391167773303295,2.460888742179894
hybrid_vs_paired_all,HYBRID_JANELIA::hybrid_drift_tetrode::rec_4c_1200s_31::MountainSort4::1,HYBRID_JANELIA::hybrid_drift_tetrode::rec_4c_1200s_31,HYBRID_JANELIA,hybrid,domain_a,-3.2921265359153615,-2.4175823076365877,2.3692084878602055
hybrid_vs_paired_all,HYBRID_JANELIA::hybrid_drift_siprobe::rec_64c_600s_12::IronClust::6,HYBRID_JANELIA::hybrid_drift_siprobe::rec_64c_600s_12,HYBRID_JANELIA,hybrid,domain_a,-3.1660989731409357,-1.784696416662326,1.3743109437790855
hybrid_vs_paired_all,HYBRID_JANELIA::hybrid_drift_siprobe::rec_32c_600s_22::Tridesclous::39,HYBRID_JANELIA::hybrid_drift_siprobe::rec_32c_600s_22,HYBRID_JANELIA,hybrid,domain_a,-3.0060085946326134,-2.002194094927706,2.3355248502610335
hybrid_vs_paired_all,HYBRID_JANELIA::hybrid_static_siprobe::rec_32c_1200s_21::SpykingCircus::32,HYBRID_JANELIA::hybrid_static_siprobe::rec_32c_1200s_21,HYBRID_JANELIA,hybrid,domain_a,-3.020485765494543,-1.2634003406001744,2.909315096854166
hybrid_vs_paired_all,HYBRID_JANELIA::hybrid_static_siprobe::rec_64c_600s_11::SpykingCircus::2,HYBRID_JANELIA::hybrid_static_siprobe::rec_64c_600s_11,HYBRID_JANELIA,hybrid,domain_a,-2.9268488770146965,-3.210661421693413,1.7130432703468081
hybrid_vs_paired_all,HYBRID_JANELIA::hybrid_static_siprobe::rec_32c_600s_12::SpykingCircus::14,HYBRID_JANELIA::hybrid_static_siprobe::rec_32c_600s_12,HYBRID_JANELIA,hybrid,domain_a,-3.023280506621108,-1.5143524821228562,-0.7438424964922191
hybrid_vs_paired_all,HYBRID_JANELIA::hybrid_drift_siprobe::rec_32c_1200s_11::IronClust::2,HYBRID_JANELIA::hybrid_drift_siprobe::rec_32c_1200s_11,HYBRID_JANELIA,hybrid,domain_a,-2.80529952201465,-1.405369898651777,2.121343194932651
hybrid_vs_paired_all,HYBRID_JANELIA::hybrid_drift_siprobe::rec_64c_1200s_11::HerdingSpikes2::112,HYBRID_JANELIA::hybrid_drift_siprobe::rec_64c_1200s_11,HYBRID_JANELIA,hybrid,domain_a,-2.1068315533868693,-1.5441197149936863,0.19699267863075992
hybrid_vs_paired_all,HYBRID_JANELIA::hybrid_static_siprobe::rec_32c_1200s_31::Tridesclous::27,HYBRID_JANELIA::hybrid_static_siprobe::rec_32c_1200s_31,HYBRID_JANELIA,hybrid,domain_a,-2.7752951467877622,-1.9394586920717392,0.05764851491260557
hybrid_vs_paired_all,HYBRID_JANELIA::hybrid_drift_siprobe::rec_64c_600s_12::KiloSort::102,HYBRID_JANELIA::hybrid_drift_siprobe::rec_64c_600s_12,HYBRID_JANELIA,hybrid,domain_a,-2.944644655689761,-2.051050750875832,1.1093662914961573
hybrid_vs_paired_all,HYBRID_JANELIA::hybrid_drift_siprobe::rec_64c_600s_11::MountainSort4::247,HYBRID_JANELIA::hybrid_drift_siprobe::rec_64c_600s_11,HYBRID_JANELIA,hybrid,domain_a,-2.0023562440215765,-1.7869556652089198,0.15889138304119071
hybrid_vs_paired_all,HYBRID_JANELIA::hybrid_static_siprobe::rec_32c_1200s_31::IronClust::42,HYBRID_JANELIA::hybrid_static_siprobe::rec_32c_1200s_31,HYBRID_JANELIA,hybrid,domain_a,-3.347686253989932,-2.728978437898165,3.1478521114352724
hybrid_vs_paired_all,HYBRID_JANELIA::hybrid_drift_siprobe::rec_16c_1200s_21::Tridesclous::2,HYBRID_JANELIA::hybrid_drift_siprobe::rec_16c_1200s_21,HYBRID_JANELIA,hybrid,domain_a,-2.667673251481515,-1.2962759219363993,1.2362373840336092
hybrid_vs_paired_all,HYBRID_JANELIA::hybrid_static_siprobe::rec_32c_1200s_31::MountainSort4::141,HYBRID_JANELIA::hybrid_static_siprobe::rec_32c_1200s_31,HYBRID_JANELIA,hybrid,domain_a,-3.8682124130902378,-2.611866766552641,2.8882007457169037
hybrid_vs_paired_all,HYBRID_JANELIA::hybrid_drift_siprobe::rec_64c_1200s_11::HerdingSpikes2::36,HYBRID_JANELIA::hybrid_drift_siprobe::rec_64c_1200s_11,HYBRID_JANELIA,hybrid,domain_a,-2.697944158560726,-1.8984570850895925,1.3614083014712006
hybrid_vs_paired_all,HYBRID_JANELIA::hybrid_drift_siprobe::rec_32c_600s_21::JRClust::93,HYBRID_JANELIA::hybrid_drift_siprobe::rec_32c_600s_21,HYBRID_JANELIA,hybrid,domain_a,-3.0565135857083483,-1.8848536681426706,1.275363640074564
hybrid_vs_paired_all,HYBRID_JANELIA::hybrid_drift_siprobe::rec_32c_600s_21::KiloSort2::52,HYBRID_JANELIA::hybrid_drift_siprobe::rec_32c_600s_21,HYBRID_JANELIA,hybrid,domain_a,-2.739952987192653,-1.778525809244704,0.7921841732910251
hybrid_vs_paired_all,HYBRID_JANELIA::hybrid_drift_siprobe::rec_16c_1200s_21::HerdingSpikes2::42,HYBRID_JANELIA::hybrid_drift_siprobe::rec_16c_1200s_21,HYBRID_JANELIA,hybrid,domain_a,-2.6455895764035753,-0.39122804162001334,-0.9459037398163938
hybrid_vs_paired_all,HYBRID_JANELIA::hybrid_drift_siprobe::rec_16c_1200s_11::KiloSort2::19,HYBRID_JANELIA::hybrid_drift_siprobe::rec_16c_1200s_11,HYBRID_JANELIA,hybrid,domain_a,-3.249912659037811,-0.9734360397400393,3.3574633182959928
hybrid_vs_paired_all,HYBRID_JANELIA::hybrid_static_siprobe::rec_32c_600s_12::KiloSort2::8,HYBRID_JANELIA::hybrid_static_siprobe::rec_32c_600s_12,HYBRID_JANELIA,hybrid,domain_a,-3.406595072674183,-2.7579455656768688,1.6003858294964255
hybrid_vs_paired_all,HYBRID_JANELIA::hybrid_static_siprobe::rec_64c_1200s_11::MountainSort4::7,HYBRID_JANELIA::hybrid_static_siprobe::rec_64c_1200s_11,HYBRID_JANELIA,hybrid,domain_a,-3.736537069834114,-3.0418024674946667,2.7779038099130218
hybrid_vs_paired_all,HYBRID_JANELIA::hybrid_drift_tetrode::rec_4c_1200s_21::JRClust::1,HYBRID_JANELIA::hybrid_drift_tetrode::rec_4c_1200s_21,HYBRID_JANELIA,hybrid,domain_a,-2.2055569835023725,-1.6507040236996462,1.433740186516554
hybrid_vs_paired_all,HYBRID_JANELIA::hybrid_static_tetrode::rec_4c_1200s_11::SpykingCircus::0,HYBRID_JANELIA::hybrid_static_tetrode::rec_4c_1200s_11,HYBRID_JANELIA,hybrid,domain_a,-2.2131720027374855,-1.9632553156917236,1.0966408874652513
hybrid_vs_paired_all,HYBRID_JANELIA::hybrid_drift_siprobe::rec_32c_1200s_31::MountainSort4::86,HYBRID_JANELIA::hybrid_drift_siprobe::rec_32c_1200s_31,HYBRID_JANELIA,hybrid,domain_a,-2.3906776563557828,-1.7919303447447033,1.449809047713875
hybrid_vs_paired_all,HYBRID_JANELIA::hybrid_drift_siprobe::rec_32c_1200s_11::JRClust::21,HYBRID_JANELIA::hybrid_drift_siprobe::rec_32c_1200s_11,HYBRID_JANELIA,hybrid,domain_a,-1.723387770571367,-0.44194113165410637,3.3966617795284315
hybrid_vs_paired_all,HYBRID_JANELIA::hybrid_static_siprobe::rec_32c_1200s_31::MountainSort4::147,HYBRID_JANELIA::hybrid_static_siprobe::rec_32c_1200s_31,HYBRID_JANELIA,hybrid,domain_a,-3.8050837936930684,-2.8043099965555527,2.9397584063486777
hybrid_vs_paired_all,HYBRID_JANELIA::hybrid_static_siprobe::rec_64c_600s_11::JRClust::87,HYBRID_JANELIA::hybrid_static_siprobe::rec_64c_600s_11,HYBRID_JANELIA,hybrid,domain_a,-3.542367369454999,-2.7012665489592176,1.1150481313121106
hybrid_vs_paired_all,HYBRID_JANELIA::hybrid_static_tetrode::rec_4c_1200s_31::Tridesclous::4,HYBRID_JANELIA::hybrid_static_tetrode::rec_4c_1200s_31,HYBRID_JANELIA,hybrid,domain_a,-2.5745949657309746,-2.0296135318946757,1.215918465264273
hybrid_vs_paired_all,HYBRID_JANELIA::hybrid_drift_siprobe::rec_64c_1200s_11::IronClust::34,HYBRID_JANELIA::hybrid_drift_siprobe::rec_64c_1200s_11,HYBRID_JANELIA,hybrid,domain_a,-3.273855480568768,-1.825345284453641,-0.10368595595159075
hybrid_vs_paired_all,HYBRID_JANELIA::hybrid_static_siprobe::rec_32c_1200s_31::HerdingSpikes2::15,HYBRID_JANELIA::hybrid_static_siprobe::rec_32c_1200s_31,HYBRID_JANELIA,hybrid,domain_a,-3.6769971720641315,-2.348382908615234,2.4260364451404564
hybrid_vs_paired_all,HYBRID_JANELIA::hybrid_static_siprobe::rec_64c_600s_12::MountainSort4::123,HYBRID_JANELIA::hybrid_static_siprobe::rec_64c_600s_12,HYBRID_JANELIA,hybrid,domain_a,-3.35803024490559,-2.5178204437687834,0.3354146745141471
hybrid_vs_paired_all,HYBRID_JANELIA::hybrid_drift_siprobe::rec_32c_600s_31::HerdingSpikes2::16,HYBRID_JANELIA::hybrid_drift_siprobe::rec_32c_600s_31,HYBRID_JANELIA,hybrid,domain_a,-2.516903531528922,-1.5818725319843372,1.6118902995568367
hybrid_vs_paired_all,HYBRID_JANELIA::hybrid_static_siprobe::rec_32c_600s_31::MountainSort4::80,HYBRID_JANELIA::hybrid_static_siprobe::rec_32c_600s_31,HYBRID_JANELIA,hybrid,domain_a,-3.345759195091658,-1.806249603782089,2.2400785729700683
hybrid_vs_paired_all,HYBRID_JANELIA::hybrid_drift_tetrode::rec_4c_600s_22::KiloSort2::8,HYBRID_JANELIA::hybrid_drift_tetrode::rec_4c_600s_22,HYBRID_JANELIA,hybrid,domain_a,-3.294733729289226,-1.526757101277841,3.5813123028969094
hybrid_vs_paired_all,HYBRID_JANELIA::hybrid_static_siprobe::rec_32c_600s_31::Tridesclous::0,HYBRID_JANELIA::hybrid_static_siprobe::rec_32c_600s_31,HYBRID_JANELIA,hybrid,domain_a,-2.1351962069507815,-1.829550068381,0.05653223141688621
hybrid_vs_paired_all,HYBRID_JANELIA::hybrid_static_siprobe::rec_32c_1200s_11::KiloSort::0,HYBRID_JANELIA::hybrid_static_siprobe::rec_32c_1200s_11,HYBRID_JANELIA,hybrid,domain_a,-1.8418578556364753,-0.24989361447862393,1.9889976443183395
hybrid_vs_paired_all,HYBRID_JANELIA::hybrid_drift_siprobe::rec_32c_600s_21::MountainSort4::23,HYBRID_JANELIA::hybrid_drift_siprobe::rec_32c_600s_21,HYBRID_JANELIA,hybrid,domain_a,-2.602773184488709,-1.5978184828195496,2.105055617894763
hybrid_vs_paired_all,HYBRID_JANELIA::hybrid_drift_siprobe::rec_32c_600s_12::MountainSort4::4,HYBRID_JANELIA::hybrid_drift_siprobe::rec_32c_600s_12,HYBRID_JANELIA,hybrid,domain_a,-3.0894089020767876,-1.798709184916542,1.5548809893954958
hybrid_vs_paired_all,HYBRID_JANELIA::hybrid_drift_siprobe::rec_64c_600s_11::Tridesclous::24,HYBRID_JANELIA::hybrid_drift_siprobe::rec_64c_600s_11,HYBRID_JANELIA,hybrid,domain_a,-2.675672843876835,-1.9786292627238682,1.8915097597172985
hybrid_vs_paired_all,HYBRID_JANELIA::hybrid_static_tetrode::rec_4c_600s_31::KiloSort2::5,HYBRID_JANELIA::hybrid_static_tetrode::rec_4c_600s_31,HYBRID_JANELIA,hybrid,domain_a,-2.4918845390485727,-0.8898749285615112,-0.9773954620254217
hybrid_vs_paired_all,HYBRID_JANELIA::hybrid_static_siprobe::rec_16c_1200s_21::JRClust::19,HYBRID_JANELIA::hybrid_static_siprobe::rec_16c_1200s_21,HYBRID_JANELIA,hybrid,domain_a,-2.6910914949099634,-1.6266625485241912,1.1647791393932267
hybrid_vs_paired_all,HYBRID_JANELIA::hybrid_static_siprobe::rec_16c_1200s_11::MountainSort4::44,HYBRID_JANELIA::hybrid_static_siprobe::rec_16c_1200s_11,HYBRID_JANELIA,hybrid,domain_a,-3.7573654570665678,-2.6562895388936543,3.1701689273547697
hybrid_vs_paired_all,HYBRID_JANELIA::hybrid_static_siprobe::rec_32c_600s_31::MountainSort4::132,HYBRID_JANELIA::hybrid_static_siprobe::rec_32c_600s_31,HYBRID_JANELIA,hybrid,domain_a,-2.5966961638229367,-1.7065328509312938,0.1347609698491022
hybrid_vs_paired_all,HYBRID_JANELIA::hybrid_static_siprobe::rec_32c_600s_21::HerdingSpikes2::68,HYBRID_JANELIA::hybrid_static_siprobe::rec_32c_600s_21,HYBRID_JANELIA,hybrid,domain_a,-1.9326902881205215,0.09674724326845512,-0.9692788194236963
hybrid_vs_paired_all,HYBRID_JANELIA::hybrid_static_siprobe::rec_32c_1200s_11::KiloSort2::14,HYBRID_JANELIA::hybrid_static_siprobe::rec_32c_1200s_11,HYBRID_JANELIA,hybrid,domain_a,-3.2970702240031025,-1.0755892063884114,0.11857315769950372
hybrid_vs_paired_all,HYBRID_JANELIA::hybrid_drift_siprobe::rec_32c_1200s_11::HerdingSpikes2::61,HYBRID_JANELIA::hybrid_drift_siprobe::rec_32c_1200s_11,HYBRID_JANELIA,hybrid,domain_a,-2.255852817559929,-1.5048686836161311,2.3595846884477876
hybrid_vs_paired_all,HYBRID_JANELIA::hybrid_drift_siprobe::rec_32c_600s_31::KiloSort2::14,HYBRID_JANELIA::hybrid_drift_siprobe::rec_32c_600s_31,HYBRID_JANELIA,hybrid,domain_a,-2.7920727882705476,-1.996803564460005,2.0610683876186395
hybrid_vs_paired_all,HYBRID_JANELIA::hybrid_drift_siprobe::rec_64c_600s_12::MountainSort4::107,HYBRID_JANELIA::hybrid_drift_siprobe::rec_64c_600s_12,HYBRID_JANELIA,hybrid,domain_a,-2.1369102009734897,-0.7710309143365579,-1.3069847814185054
hybrid_vs_paired_all,HYBRID_JANELIA::hybrid_drift_siprobe::rec_64c_600s_11::KiloSort::35,HYBRID_JANELIA::hybrid_drift_siprobe::rec_64c_600s_11,HYBRID_JANELIA,hybrid,domain_a,-2.6000792757236724,-2.259655805538965,0.727091303400893
hybrid_vs_paired_all,HYBRID_JANELIA::hybrid_static_siprobe::rec_32c_600s_31::MountainSort4::31,HYBRID_JANELIA::hybrid_static_siprobe::rec_32c_600s_31,HYBRID_JANELIA,hybrid,domain_a,-3.008279147410211,-1.141673915554851,2.881771033824174
hybrid_vs_paired_all,HYBRID_JANELIA::hybrid_static_siprobe::rec_32c_600s_31::MountainSort4::99,HYBRID_JANELIA::hybrid_static_siprobe::rec_32c_600s_31,HYBRID_JANELIA,hybrid,domain_a,-1.4601587480855664,-0.8863967119352808,0.1580555493013773
hybrid_vs_paired_all,HYBRID_JANELIA::hybrid_drift_siprobe::rec_32c_600s_21::JRClust::107,HYBRID_JANELIA::hybrid_drift_siprobe::rec_32c_600s_21,HYBRID_JANELIA,hybrid,domain_a,-2.910447607466065,-1.5364062793044486,1.2569189467721418
hybrid_vs_paired_all,HYBRID_JANELIA::hybrid_drift_siprobe::rec_16c_600s_22::KiloSort2::2,HYBRID_JANELIA::hybrid_drift_siprobe::rec_16c_600s_22,HYBRID_JANELIA,hybrid,domain_a,-3.3097908935439513,-2.631768287655663,2.3022006436062616
hybrid_vs_paired_all,HYBRID_JANELIA::hybrid_drift_siprobe::rec_32c_600s_32::IronClust::24,HYBRID_JANELIA::hybrid_drift_siprobe::rec_32c_600s_32,HYBRID_JANELIA,hybrid,domain_a,-2.7806792679488748,-2.0109631418661933,2.011152274971803
hybrid_vs_paired_all,HYBRID_JANELIA::hybrid_static_siprobe::rec_32c_600s_11::MountainSort4::107,HYBRID_JANELIA::hybrid_static_siprobe::rec_32c_600s_11,HYBRID_JANELIA,hybrid,domain_a,-3.5238171970328978,-1.765813043044967,1.7720575763466238
hybrid_vs_paired_all,HYBRID_JANELIA::hybrid_static_siprobe::rec_32c_600s_12::IronClust::24,HYBRID_JANELIA::hybrid_static_siprobe::rec_32c_600s_12,HYBRID_JANELIA,hybrid,domain_a,-3.131378209318009,-2.8552559999530267,2.3332380129647023
hybrid_vs_paired_all,HYBRID_JANELIA::hybrid_drift_siprobe::rec_64c_600s_12::MountainSort4::321,HYBRID_JANELIA::hybrid_drift_siprobe::rec_64c_600s_12,HYBRID_JANELIA,hybrid,domain_a,-2.074605168653427,-1.0928893766152845,0.6304532400874526
hybrid_vs_paired_all,HYBRID_JANELIA::hybrid_drift_siprobe::rec_32c_600s_21::IronClust::17,HYBRID_JANELIA::hybrid_drift_siprobe::rec_32c_600s_21,HYBRID_JANELIA,hybrid,domain_a,-3.4645788274433227,-2.283947333904314,1.6781151241741405
hybrid_vs_paired_all,HYBRID_JANELIA::hybrid_drift_siprobe::rec_32c_600s_11::MountainSort4::61,HYBRID_JANELIA::hybrid_drift_siprobe::rec_32c_600s_11,HYBRID_JANELIA,hybrid,domain_a,-3.1492531995532023,-2.134055545195727,2.587633676705205
hybrid_vs_paired_all,HYBRID_JANELIA::hybrid_drift_siprobe::rec_32c_600s_32::HerdingSpikes2::73,HYBRID_JANELIA::hybrid_drift_siprobe::rec_32c_600s_32,HYBRID_JANELIA,hybrid,domain_a,-2.1093575077248126,-0.24365932894059786,2.058934310620155
hybrid_vs_paired_all,HYBRID_JANELIA::hybrid_drift_siprobe::rec_32c_1200s_21::MountainSort4::18,HYBRID_JANELIA::hybrid_drift_siprobe::rec_32c_1200s_21,HYBRID_JANELIA,hybrid,domain_a,-2.3350900401679517,-2.090246541606375,4.862665523556135
hybrid_vs_paired_all,HYBRID_JANELIA::hybrid_drift_siprobe::rec_32c_1200s_11::Tridesclous::24,HYBRID_JANELIA::hybrid_drift_siprobe::rec_32c_1200s_11,HYBRID_JANELIA,hybrid,domain_a,-3.041713588723115,-1.3795292268339399,1.441655699588349
hybrid_vs_paired_all,HYBRID_JANELIA::hybrid_drift_siprobe::rec_32c_1200s_11::Tridesclous::21,HYBRID_JANELIA::hybrid_drift_siprobe::rec_32c_1200s_11,HYBRID_JANELIA,hybrid,domain_a,-2.8312904892680213,-2.0806845033335017,2.7188564930497345
hybrid_vs_paired_all,HYBRID_JANELIA::hybrid_drift_siprobe::rec_32c_1200s_21::MountainSort4::104,HYBRID_JANELIA::hybrid_drift_siprobe::rec_32c_1200s_21,HYBRID_JANELIA,hybrid,domain_a,-3.9982746678265184,-2.8411750013218637,3.094438254733755
hybrid_vs_paired_all,HYBRID_JANELIA::hybrid_drift_siprobe::rec_16c_600s_12::Tridesclous::21,HYBRID_JANELIA::hybrid_drift_siprobe::rec_16c_600s_12,HYBRID_JANELIA,hybrid,domain_a,-2.706583630766047,-0.7267759750544719,0.29405841903632157
hybrid_vs_paired_all,HYBRID_JANELIA::hybrid_static_tetrode::rec_4c_1200s_11::SpykingCircus::9,HYBRID_JANELIA::hybrid_static_tetrode::rec_4c_1200s_11,HYBRID_JANELIA,hybrid,domain_a,-3.524826018750625,-1.6081918831125868,1.497662398175561
hybrid_vs_paired_all,HYBRID_JANELIA::hybrid_drift_siprobe::rec_32c_1200s_11::MountainSort4::158,HYBRID_JANELIA::hybrid_drift_siprobe::rec_32c_1200s_11,HYBRID_JANELIA,hybrid,domain_a,-4.364464171415625,-2.6137654332761757,5.395983212588675
hybrid_vs_paired_all,HYBRID_JANELIA::hybrid_drift_tetrode::rec_4c_600s_22::Tridesclous::3,HYBRID_JANELIA::hybrid_drift_tetrode::rec_4c_600s_22,HYBRID_JANELIA,hybrid,domain_a,-2.605266821206852,-2.0232051071535295,3.063237510112343
hybrid_vs_paired_all,HYBRID_JANELIA::hybrid_static_siprobe::rec_32c_1200s_11::MountainSort4::111,HYBRID_JANELIA::hybrid_static_siprobe::rec_32c_1200s_11,HYBRID_JANELIA,hybrid,domain_a,-3.3369469231241418,-2.4874470664218866,2.6078544706008793
hybrid_vs_paired_all,HYBRID_JANELIA::hybrid_drift_siprobe::rec_16c_600s_22::KiloSort2::38,HYBRID_JANELIA::hybrid_drift_siprobe::rec_16c_600s_22,HYBRID_JANELIA,hybrid,domain_a,-3.399917060930194,-1.6338830485753872,1.450440966290405
hybrid_vs_paired_all,HYBRID_JANELIA::hybrid_drift_siprobe::rec_16c_600s_32::HerdingSpikes2::55,HYBRID_JANELIA::hybrid_drift_siprobe::rec_16c_600s_32,HYBRID_JANELIA,hybrid,domain_a,-2.4810903434066764,-0.511438592740333,2.221555377418526
hybrid_vs_paired_all,HYBRID_JANELIA::hybrid_drift_siprobe::rec_64c_600s_11::JRClust::194,HYBRID_JANELIA::hybrid_drift_siprobe::rec_64c_600s_11,HYBRID_JANELIA,hybrid,domain_a,-2.7908656590560104,-1.7511300090108828,2.314471936605094
hybrid_vs_paired_all,HYBRID_JANELIA::hybrid_drift_siprobe::rec_32c_1200s_31::MountainSort4::133,HYBRID_JANELIA::hybrid_drift_siprobe::rec_32c_1200s_31,HYBRID_JANELIA,hybrid,domain_a,-2.108009835514655,1.114345656978786,2.2390923937504827
hybrid_vs_paired_all,HYBRID_JANELIA::hybrid_static_siprobe::rec_16c_600s_21::KiloSort::3,HYBRID_JANELIA::hybrid_static_siprobe::rec_16c_600s_21,HYBRID_JANELIA,hybrid,domain_a,-3.487482750382291,-2.7894509546685504,1.932122118109931
hybrid_vs_paired_all,HYBRID_JANELIA::hybrid_drift_siprobe::rec_32c_1200s_31::JRClust::37,HYBRID_JANELIA::hybrid_drift_siprobe::rec_32c_1200s_31,HYBRID_JANELIA,hybrid,domain_a,-2.5206118148238086,-1.7340126274719343,1.0940344779901376
hybrid_vs_paired_all,HYBRID_JANELIA::hybrid_static_siprobe::rec_32c_600s_12::KiloSort2::2,HYBRID_JANELIA::hybrid_static_siprobe::rec_32c_600s_12,HYBRID_JANELIA,hybrid,domain_a,-3.383180118933343,-2.747346218302829,1.6113037860381483
hybrid_vs_paired_all,HYBRID_JANELIA::hybrid_static_siprobe::rec_32c_1200s_31::MountainSort4::166,HYBRID_JANELIA::hybrid_static_siprobe::rec_32c_1200s_31,HYBRID_JANELIA,hybrid,domain_a,-3.91672593919931,-3.070597370877936,3.4001236171722446
hybrid_vs_paired_all,HYBRID_JANELIA::hybrid_drift_siprobe::rec_64c_1200s_11::JRClust::12,HYBRID_JANELIA::hybrid_drift_siprobe::rec_64c_1200s_11,HYBRID_JANELIA,hybrid,domain_a,-2.307042272419428,-1.944748377670572,2.7227261590596896
hybrid_vs_paired_all,HYBRID_JANELIA::hybrid_drift_siprobe::rec_32c_1200s_11::JRClust::87,HYBRID_JANELIA::hybrid_drift_siprobe::rec_32c_1200s_11,HYBRID_JANELIA,hybrid,domain_a,-2.6112412478959786,-1.5891046548544876,1.8008290411844314
hybrid_vs_paired_all,HYBRID_JANELIA::hybrid_static_tetrode::rec_4c_1200s_11::JRClust::12,HYBRID_JANELIA::hybrid_static_tetrode::rec_4c_1200s_11,HYBRID_JANELIA,hybrid,domain_a,-2.5224480160626257,-1.7817285557014104,1.0009525179648235
hybrid_vs_paired_all,HYBRID_JANELIA::hybrid_static_siprobe::rec_64c_600s_11::KiloSort2::70,HYBRID_JANELIA::hybrid_static_siprobe::rec_64c_600s_11,HYBRID_JANELIA,hybrid,domain_a,-2.9502035500981423,-2.296415917734397,1.8713998426072291
hybrid_vs_paired_all,HYBRID_JANELIA::hybrid_drift_siprobe::rec_32c_600s_21::KiloSort::41,HYBRID_JANELIA::hybrid_drift_siprobe::rec_32c_600s_21,HYBRID_JANELIA,hybrid,domain_a,-3.0040791766413206,-2.4019100114889467,2.7867303477857353
hybrid_vs_paired_all,HYBRID_JANELIA::hybrid_drift_siprobe::rec_32c_1200s_21::Tridesclous::2,HYBRID_JANELIA::hybrid_drift_siprobe::rec_32c_1200s_21,HYBRID_JANELIA,hybrid,domain_a,-2.7185961180709985,-1.4031746826419267,0.7353915901242455
hybrid_vs_paired_all,HYBRID_JANELIA::hybrid_drift_siprobe::rec_64c_600s_11::HerdingSpikes2::148,HYBRID_JANELIA::hybrid_drift_siprobe::rec_64c_600s_11,HYBRID_JANELIA,hybrid,domain_a,-1.6469496990096564,0.8739982995149876,1.2936210514134543
hybrid_vs_paired_all,HYBRID_JANELIA::hybrid_drift_siprobe::rec_32c_600s_12::JRClust::48,HYBRID_JANELIA::hybrid_drift_siprobe::rec_32c_600s_12,HYBRID_JANELIA,hybrid,domain_a,-3.3110270707529437,-1.9049465873754403,1.44115643384249
hybrid_vs_paired_all,HYBRID_JANELIA::hybrid_drift_siprobe::rec_32c_1200s_11::MountainSort4::148,HYBRID_JANELIA::hybrid_drift_siprobe::rec_32c_1200s_11,HYBRID_JANELIA,hybrid,domain_a,-2.616527365086787,-1.1887208753828482,0.5975310183933218
hybrid_vs_paired_all,HYBRID_JANELIA::hybrid_static_siprobe::rec_32c_1200s_31::MountainSort4::39,HYBRID_JANELIA::hybrid_static_siprobe::rec_32c_1200s_31,HYBRID_JANELIA,hybrid,domain_a,-2.5948161341400393,-1.7411867068610978,2.1017877923087998
hybrid_vs_paired_all,HYBRID_JANELIA::hybrid_drift_siprobe::rec_16c_1200s_11::Tridesclous::20,HYBRID_JANELIA::hybrid_drift_siprobe::rec_16c_1200s_11,HYBRID_JANELIA,hybrid,domain_a,-2.7955492244382625,-2.377882331706793,3.6238987787938304
hybrid_vs_paired_all,HYBRID_JANELIA::hybrid_drift_siprobe::rec_16c_600s_12::HerdingSpikes2::11,HYBRID_JANELIA::hybrid_drift_siprobe::rec_16c_600s_12,HYBRID_JANELIA,hybrid,domain_a,-2.7124828662997493,-1.6364990282173835,2.601164659624777
hybrid_vs_paired_all,HYBRID_JANELIA::hybrid_drift_siprobe::rec_16c_600s_22::KiloSort::49,HYBRID_JANELIA::hybrid_drift_siprobe::rec_16c_600s_22,HYBRID_JANELIA,hybrid,domain_a,-2.8548579127482263,-0.9885237131175624,1.4797372026264006
hybrid_vs_paired_all,HYBRID_JANELIA::hybrid_drift_siprobe::rec_16c_1200s_11::MountainSort4::3,HYBRID_JANELIA::hybrid_drift_siprobe::rec_16c_1200s_11,HYBRID_JANELIA,hybrid,domain_a,-1.3562379953064487,-1.3164893062279681,3.287509761599904
hybrid_vs_paired_all,HYBRID_JANELIA::hybrid_drift_siprobe::rec_64c_1200s_11::MountainSort4::46,HYBRID_JANELIA::hybrid_drift_siprobe::rec_64c_1200s_11,HYBRID_JANELIA,hybrid,domain_a,-3.763545318187452,-0.515685826794694,-0.09169558043992003
hybrid_vs_paired_all,HYBRID_JANELIA::hybrid_static_siprobe::rec_16c_1200s_11::KiloSort::43,HYBRID_JANELIA::hybrid_static_siprobe::rec_16c_1200s_11,HYBRID_JANELIA,hybrid,domain_a,-2.66999074227166,-2.364781402787399,0.8249933809751447
hybrid_vs_paired_all,HYBRID_JANELIA::hybrid_drift_siprobe::rec_32c_600s_21::KiloSort::204,HYBRID_JANELIA::hybrid_drift_siprobe::rec_32c_600s_21,HYBRID_JANELIA,hybrid,domain_a,-3.569588829370062,-1.9149427570021447,4.402905054903561
hybrid_vs_paired_all,HYBRID_JANELIA::hybrid_drift_siprobe::rec_64c_1200s_11::MountainSort4::91,HYBRID_JANELIA::hybrid_drift_siprobe::rec_64c_1200s_11,HYBRID_JANELIA,hybrid,domain_a,-2.6967253333403565,-1.555056222704862,2.157524541956111
hybrid_vs_paired_all,HYBRID_JANELIA::hybrid_static_tetrode::rec_4c_600s_22::MountainSort4::20,HYBRID_JANELIA::hybrid_static_tetrode::rec_4c_600s_22,HYBRID_JANELIA,hybrid,domain_a,-2.283695866832169,-2.00228831414675,1.0799717789389405
hybrid_vs_paired_all,HYBRID_JANELIA::hybrid_static_siprobe::rec_64c_600s_12::Tridesclous::34,HYBRID_JANELIA::hybrid_static_siprobe::rec_64c_600s_12,HYBRID_JANELIA,hybrid,domain_a,-3.1077578708710747,-2.709393042937439,2.545765171561537
hybrid_vs_paired_all,HYBRID_JANELIA::hybrid_static_siprobe::rec_16c_600s_21::KiloSort2::17,HYBRID_JANELIA::hybrid_static_siprobe::rec_16c_600s_21,HYBRID_JANELIA,hybrid,domain_a,-2.7861768743510154,-2.1839406871507636,2.47640489745446
hybrid_vs_paired_all,HYBRID_JANELIA::hybrid_static_siprobe::rec_32c_600s_11::JRClust::14,HYBRID_JANELIA::hybrid_static_siprobe::rec_32c_600s_11,HYBRID_JANELIA,hybrid,domain_a,-3.348990558035025,-2.1329782410184714,2.309283125878994
hybrid_vs_paired_all,HYBRID_JANELIA::hybrid_static_siprobe::rec_32c_600s_22::HerdingSpikes2::55,HYBRID_JANELIA::hybrid_static_siprobe::rec_32c_600s_22,HYBRID_JANELIA,hybrid,domain_a,-1.0856638276565267,0.07569440646029696,0.5011958774422441
hybrid_vs_paired_all,HYBRID_JANELIA::hybrid_static_siprobe::rec_64c_600s_11::MountainSort4::165,HYBRID_JANELIA::hybrid_static_siprobe::rec_64c_600s_11,HYBRID_JANELIA,hybrid,domain_a,-3.485264333144866,-2.4444153554837675,2.089072562422297
hybrid_vs_paired_all,HYBRID_JANELIA::hybrid_drift_siprobe::rec_64c_600s_11::KiloSort2::10,HYBRID_JANELIA::hybrid_drift_siprobe::rec_64c_600s_11,HYBRID_JANELIA,hybrid,domain_a,-2.4878627816314642,-2.582206642737611,3.5466173648215236
hybrid_vs_paired_all,HYBRID_JANELIA::hybrid_static_siprobe::rec_32c_600s_21::HerdingSpikes2::40,HYBRID_JANELIA::hybrid_static_siprobe::rec_32c_600s_21,HYBRID_JANELIA,hybrid,domain_a,-2.430653850654125,-0.8434228328472696,-0.9159224972560037
hybrid_vs_paired_all,HYBRID_JANELIA::hybrid_drift_siprobe::rec_32c_1200s_11::KiloSort::51,HYBRID_JANELIA::hybrid_drift_siprobe::rec_32c_1200s_11,HYBRID_JANELIA,hybrid,domain_a,-3.2599410821693446,-1.9532551682624775,1.6389230240031714
hybrid_vs_paired_all,HYBRID_JANELIA::hybrid_drift_tetrode::rec_4c_600s_31::IronClust::5,HYBRID_JANELIA::hybrid_drift_tetrode::rec_4c_600s_31,HYBRID_JANELIA,hybrid,domain_a,-2.2681511326638155,-0.6495055312176868,1.5702723924752093
hybrid_vs_paired_all,HYBRID_JANELIA::hybrid_drift_siprobe::rec_16c_600s_11::MountainSort4::53,HYBRID_JANELIA::hybrid_drift_siprobe::rec_16c_600s_11,HYBRID_JANELIA,hybrid,domain_a,-2.456281083434104,-1.565549057812173,1.7863777517525279
hybrid_vs_paired_all,HYBRID_JANELIA::hybrid_drift_siprobe::rec_32c_600s_21::MountainSort4::13,HYBRID_JANELIA::hybrid_drift_siprobe::rec_32c_600s_21,HYBRID_JANELIA,hybrid,domain_a,-3.002503401673909,-0.8941537139052526,0.34678591593477187
hybrid_vs_paired_all,HYBRID_JANELIA::hybrid_drift_tetrode::rec_4c_600s_21::IronClust::4,HYBRID_JANELIA::hybrid_drift_tetrode::rec_4c_600s_21,HYBRID_JANELIA,hybrid,domain_a,-2.5095432200242316,-1.6573951785758108,0.8525302719099029
hybrid_vs_paired_all,HYBRID_JANELIA::hybrid_static_siprobe::rec_32c_1200s_31::MountainSort4::135,HYBRID_JANELIA::hybrid_static_siprobe::rec_32c_1200s_31,HYBRID_JANELIA,hybrid,domain_a,-2.0398502634493663,-0.9876857036896477,-0.3800701120222485
hybrid_vs_paired_all,HYBRID_JANELIA::hybrid_static_siprobe::rec_32c_1200s_21::KiloSort2::2,HYBRID_JANELIA::hybrid_static_siprobe::rec_32c_1200s_21,HYBRID_JANELIA,hybrid,domain_a,-3.1818183638259763,-0.9649388614152777,1.1354648608847728
hybrid_vs_paired_all,HYBRID_JANELIA::hybrid_drift_tetrode::rec_4c_1200s_11::HerdingSpikes2::4,HYBRID_JANELIA::hybrid_drift_tetrode::rec_4c_1200s_11,HYBRID_JANELIA,hybrid,domain_a,-2.8635697085715006,-0.8002818728879744,0.7383285229096808
hybrid_vs_paired_all,HYBRID_JANELIA::hybrid_drift_siprobe::rec_64c_600s_12::HerdingSpikes2::18,HYBRID_JANELIA::hybrid_drift_siprobe::rec_64c_600s_12,HYBRID_JANELIA,hybrid,domain_a,-2.632699038826079,-1.6304198759320747,1.914977307882696
hybrid_vs_paired_all,HYBRID_JANELIA::hybrid_static_siprobe::rec_16c_600s_32::IronClust::17,HYBRID_JANELIA::hybrid_static_siprobe::rec_16c_600s_32,HYBRID_JANELIA,hybrid,domain_a,-2.7109118860421324,-2.361113451883678,2.4850958032276775
hybrid_vs_paired_all,HYBRID_JANELIA::hybrid_static_siprobe::rec_64c_600s_12::JRClust::29,HYBRID_JANELIA::hybrid_static_siprobe::rec_64c_600s_12,HYBRID_JANELIA,hybrid,domain_a,-2.9921872928416855,-1.6069657800690236,-1.1809786238736697
hybrid_vs_paired_all,HYBRID_JANELIA::hybrid_static_siprobe::rec_64c_600s_12::MountainSort4::92,HYBRID_JANELIA::hybrid_static_siprobe::rec_64c_600s_12,HYBRID_JANELIA,hybrid,domain_a,-3.7086303205088447,-2.858780659629474,2.5175391911635856
hybrid_vs_paired_all,HYBRID_JANELIA::hybrid_static_siprobe::rec_64c_600s_12::JRClust::45,HYBRID_JANELIA::hybrid_static_siprobe::rec_64c_600s_12,HYBRID_JANELIA,hybrid,domain_a,-3.1434699328447504,-2.608653543390724,1.353470222751793
hybrid_vs_paired_all,HYBRID_JANELIA::hybrid_drift_siprobe::rec_64c_600s_12::MountainSort4::63,HYBRID_JANELIA::hybrid_drift_siprobe::rec_64c_600s_12,HYBRID_JANELIA,hybrid,domain_a,-3.1508756203926382,-0.4437604884711023,2.769740423872727
hybrid_vs_paired_all,HYBRID_JANELIA::hybrid_drift_siprobe::rec_32c_600s_21::KiloSort::99,HYBRID_JANELIA::hybrid_drift_siprobe::rec_32c_600s_21,HYBRID_JANELIA,hybrid,domain_a,-2.899980865695896,-2.097266688035509,1.5141978626502715
hybrid_vs_paired_all,HYBRID_JANELIA::hybrid_static_siprobe::rec_32c_600s_12::SpykingCircus::7,HYBRID_JANELIA::hybrid_static_siprobe::rec_32c_600s_12,HYBRID_JANELIA,hybrid,domain_a,-2.9324750945634026,-3.0172770999605816,4.102020561132711
hybrid_vs_paired_all,HYBRID_JANELIA::hybrid_static_siprobe::rec_64c_1200s_11::IronClust::21,HYBRID_JANELIA::hybrid_static_siprobe::rec_64c_1200s_11,HYBRID_JANELIA,hybrid,domain_a,-3.2586285965738826,-2.9274947116022183,1.4823926488302759
hybrid_vs_paired_all,HYBRID_JANELIA::hybrid_drift_tetrode::rec_4c_1200s_21::MountainSort4::13,HYBRID_JANELIA::hybrid_drift_tetrode::rec_4c_1200s_21,HYBRID_JANELIA,hybrid,domain_a,-2.1958777930448004,-1.615855572451876,1.5747359150876878
hybrid_vs_paired_all,HYBRID_JANELIA::hybrid_static_siprobe::rec_32c_1200s_21::HerdingSpikes2::69,HYBRID_JANELIA::hybrid_static_siprobe::rec_32c_1200s_21,HYBRID_JANELIA,hybrid,domain_a,-1.1808981588113219,0.8156860016626466,0.8951555030014624
hybrid_vs_paired_all,HYBRID_JANELIA::hybrid_drift_tetrode::rec_4c_600s_22::KiloSort::4,HYBRID_JANELIA::hybrid_drift_tetrode::rec_4c_600s_22,HYBRID_JANELIA,hybrid,domain_a,-3.394798029267689,-2.2199651874447297,4.015250335849341
hybrid_vs_paired_all,HYBRID_JANELIA::hybrid_static_siprobe::rec_64c_600s_12::KiloSort2::50,HYBRID_JANELIA::hybrid_static_siprobe::rec_64c_600s_12,HYBRID_JANELIA,hybrid,domain_a,-2.7455139895402962,-2.309860366673537,2.242285193100909
hybrid_vs_paired_all,HYBRID_JANELIA::hybrid_static_siprobe::rec_16c_600s_31::KiloSort2::35,HYBRID_JANELIA::hybrid_static_siprobe::rec_16c_600s_31,HYBRID_JANELIA,hybrid,domain_a,-2.2531607461517886,-1.8509198096975132,0.7698390882337223
hybrid_vs_paired_all,HYBRID_JANELIA::hybrid_drift_siprobe::rec_64c_600s_11::KiloSort::151,HYBRID_JANELIA::hybrid_drift_siprobe::rec_64c_600s_11,HYBRID_JANELIA,hybrid,domain_a,-3.265172652507895,-2.4489257707863454,2.108414858018285
hybrid_vs_paired_all,HYBRID_JANELIA::hybrid_static_siprobe::rec_64c_600s_11::KiloSort2::46,HYBRID_JANELIA::hybrid_static_siprobe::rec_64c_600s_11,HYBRID_JANELIA,hybrid,domain_a,-2.0875825243417716,-1.883472509395826,-0.016327783653594163
hybrid_vs_paired_all,HYBRID_JANELIA::hybrid_static_siprobe::rec_64c_600s_11::HerdingSpikes2::104,HYBRID_JANELIA::hybrid_static_siprobe::rec_64c_600s_11,HYBRID_JANELIA,hybrid,domain_a,-2.298809816968863,-0.7506531469630475,2.4128883377248656
hybrid_vs_paired_all,HYBRID_JANELIA::hybrid_drift_siprobe::rec_32c_1200s_31::Tridesclous::59,HYBRID_JANELIA::hybrid_drift_siprobe::rec_32c_1200s_31,HYBRID_JANELIA,hybrid,domain_a,-2.9123936282020595,-0.5558710752012697,0.5897162391413375
hybrid_vs_paired_all,HYBRID_JANELIA::hybrid_drift_siprobe::rec_64c_600s_12::MountainSort4::47,HYBRID_JANELIA::hybrid_drift_siprobe::rec_64c_600s_12,HYBRID_JANELIA,hybrid,domain_a,-3.411998906372775,-2.9329285160097536,1.9157869796179274
hybrid_vs_paired_all,HYBRID_JANELIA::hybrid_static_siprobe::rec_32c_1200s_11::MountainSort4::10,HYBRID_JANELIA::hybrid_static_siprobe::rec_32c_1200s_11,HYBRID_JANELIA,hybrid,domain_a,-3.5807491472510242,-2.710651766195626,3.0113090098736275
hybrid_vs_paired_all,HYBRID_JANELIA::hybrid_drift_siprobe::rec_16c_600s_32::KiloSort2::3,HYBRID_JANELIA::hybrid_drift_siprobe::rec_16c_600s_32,HYBRID_JANELIA,hybrid,domain_a,-3.7180785056993457,-2.139406370470278,4.002588376942086
hybrid_vs_paired_all,HYBRID_JANELIA::hybrid_drift_siprobe::rec_16c_600s_32::Tridesclous::4,HYBRID_JANELIA::hybrid_drift_siprobe::rec_16c_600s_32,HYBRID_JANELIA,hybrid,domain_a,-2.5106689829807074,-1.9741484744813427,1.2529321559564843
hybrid_vs_paired_all,HYBRID_JANELIA::hybrid_static_siprobe::rec_32c_600s_11::KiloSort::5,HYBRID_JANELIA::hybrid_static_siprobe::rec_32c_600s_11,HYBRID_JANELIA,hybrid,domain_a,-3.4646941226089822,-2.4134613032656387,1.60288345483796
hybrid_vs_paired_all,HYBRID_JANELIA::hybrid_drift_siprobe::rec_64c_600s_12::Tridesclous::37,HYBRID_JANELIA::hybrid_drift_siprobe::rec_64c_600s_12,HYBRID_JANELIA,hybrid,domain_a,-3.5304373868374124,-1.9314568712475833,3.8033634571211117
hybrid_vs_paired_all,HYBRID_JANELIA::hybrid_static_siprobe::rec_32c_1200s_31::SpykingCircus::36,HYBRID_JANELIA::hybrid_static_siprobe::rec_32c_1200s_31,HYBRID_JANELIA,hybrid,domain_a,-2.6564749649705113,-1.0644006001528097,0.047679303471378186
hybrid_vs_paired_all,HYBRID_JANELIA::hybrid_static_tetrode::rec_4c_600s_22::MountainSort4::8,HYBRID_JANELIA::hybrid_static_tetrode::rec_4c_600s_22,HYBRID_JANELIA,hybrid,domain_a,-2.473148762959363,-1.8625501522686632,1.189214775174773
hybrid_vs_paired_all,HYBRID_JANELIA::hybrid_static_siprobe::rec_64c_600s_11::HerdingSpikes2::21,HYBRID_JANELIA::hybrid_static_siprobe::rec_64c_600s_11,HYBRID_JANELIA,hybrid,domain_a,-2.915994380299207,-2.4027256702215003,1.893179526399225
hybrid_vs_paired_all,HYBRID_JANELIA::hybrid_drift_siprobe::rec_64c_600s_12::SpykingCircus::58,HYBRID_JANELIA::hybrid_drift_siprobe::rec_64c_600s_12,HYBRID_JANELIA,hybrid,domain_a,-2.7796586177505103,-2.363866453173043,1.5253741088603463
hybrid_vs_paired_all,HYBRID_JANELIA::hybrid_static_siprobe::rec_32c_600s_31::MountainSort4::98,HYBRID_JANELIA::hybrid_static_siprobe::rec_32c_600s_31,HYBRID_JANELIA,hybrid,domain_a,-2.5745911294531085,-2.0867610837989323,1.6744210828472978
hybrid_vs_paired_all,HYBRID_JANELIA::hybrid_drift_siprobe::rec_16c_600s_32::JRClust::23,HYBRID_JANELIA::hybrid_drift_siprobe::rec_16c_600s_32,HYBRID_JANELIA,hybrid,domain_a,-1.982185735195168,-1.8329073579642978,2.283532647803532
hybrid_vs_paired_all,HYBRID_JANELIA::hybrid_drift_siprobe::rec_32c_1200s_21::SpykingCircus::46,HYBRID_JANELIA::hybrid_drift_siprobe::rec_32c_1200s_21,HYBRID_JANELIA,hybrid,domain_a,-2.671382920520409,-0.6303033170582895,1.2758992427991092
hybrid_vs_paired_all,HYBRID_JANELIA::hybrid_drift_siprobe::rec_32c_600s_11::MountainSort4::111,HYBRID_JANELIA::hybrid_drift_siprobe::rec_32c_600s_11,HYBRID_JANELIA,hybrid,domain_a,-3.0212371691782454,-1.964307601481345,2.3149510812557677
hybrid_vs_paired_all,HYBRID_JANELIA::hybrid_static_siprobe::rec_32c_1200s_21::IronClust::27,HYBRID_JANELIA::hybrid_static_siprobe::rec_32c_1200s_21,HYBRID_JANELIA,hybrid,domain_a,-3.6282605960125296,-2.304203638044126,3.8305891150934412
hybrid_vs_paired_all,HYBRID_JANELIA::hybrid_drift_siprobe::rec_32c_600s_21::JRClust::67,HYBRID_JANELIA::hybrid_drift_siprobe::rec_32c_600s_21,HYBRID_JANELIA,hybrid,domain_a,-2.9685977670488835,-1.1502806525189393,1.038548114448777
hybrid_vs_paired_all,HYBRID_JANELIA::hybrid_static_siprobe::rec_32c_600s_31::SpykingCircus::44,HYBRID_JANELIA::hybrid_static_siprobe::rec_32c_600s_31,HYBRID_JANELIA,hybrid,domain_a,-2.6446557097698897,-0.6495299215888358,3.6834772822606534
hybrid_vs_paired_all,HYBRID_JANELIA::hybrid_drift_siprobe::rec_16c_600s_32::JRClust::53,HYBRID_JANELIA::hybrid_drift_siprobe::rec_16c_600s_32,HYBRID_JANELIA,hybrid,domain_a,-3.068641152782842,-1.1620825580035314,2.3018836812421224
hybrid_vs_paired_all,HYBRID_JANELIA::hybrid_static_siprobe::rec_32c_600s_21::Tridesclous::28,HYBRID_JANELIA::hybrid_static_siprobe::rec_32c_600s_21,HYBRID_JANELIA,hybrid,domain_a,-3.5114274469996496,-2.51989762765512,1.4158528916381494
hybrid_vs_paired_all,HYBRID_JANELIA::hybrid_drift_siprobe::rec_32c_600s_31::IronClust::2,HYBRID_JANELIA::hybrid_drift_siprobe::rec_32c_600s_31,HYBRID_JANELIA,hybrid,domain_a,-3.363307840727442,-2.143720066339453,1.5970092044137068
hybrid_vs_paired_all,HYBRID_JANELIA::hybrid_static_siprobe::rec_32c_1200s_31::MountainSort4::60,HYBRID_JANELIA::hybrid_static_siprobe::rec_32c_1200s_31,HYBRID_JANELIA,hybrid,domain_a,-3.063146787414787,-1.166348113377929,3.312621646736849
hybrid_vs_paired_all,HYBRID_JANELIA::hybrid_drift_siprobe::rec_32c_600s_32::MountainSort4::185,HYBRID_JANELIA::hybrid_drift_siprobe::rec_32c_600s_32,HYBRID_JANELIA,hybrid,domain_a,-2.378549758615703,-1.4498637400753474,0.795212532532959
hybrid_vs_paired_all,HYBRID_JANELIA::hybrid_static_tetrode::rec_4c_600s_22::MountainSort4::12,HYBRID_JANELIA::hybrid_static_tetrode::rec_4c_600s_22,HYBRID_JANELIA,hybrid,domain_a,-2.2460258843010044,-1.5477535184163407,0.38364174083277036
hybrid_vs_paired_all,HYBRID_JANELIA::hybrid_drift_siprobe::rec_64c_600s_11::KiloSort::336,HYBRID_JANELIA::hybrid_drift_siprobe::rec_64c_600s_11,HYBRID_JANELIA,hybrid,domain_a,-2.961195208203461,-2.012872034350761,1.3945054587665802
hybrid_vs_paired_all,HYBRID_JANELIA::hybrid_static_siprobe::rec_64c_600s_11::HerdingSpikes2::18,HYBRID_JANELIA::hybrid_static_siprobe::rec_64c_600s_11,HYBRID_JANELIA,hybrid,domain_a,-3.088785597587318,-2.4747525587586363,2.5196831734478735
hybrid_vs_paired_all,HYBRID_JANELIA::hybrid_drift_siprobe::rec_64c_1200s_11::KiloSort::80,HYBRID_JANELIA::hybrid_drift_siprobe::rec_64c_1200s_11,HYBRID_JANELIA,hybrid,domain_a,-3.780789736891664,-2.5618635399372045,2.8071352708080544
hybrid_vs_paired_all,HYBRID_JANELIA::hybrid_static_siprobe::rec_16c_1200s_31::MountainSort4::51,HYBRID_JANELIA::hybrid_static_siprobe::rec_16c_1200s_31,HYBRID_JANELIA,hybrid,domain_a,-2.4506338120143343,-1.3945797128359294,1.1815330225506449
hybrid_vs_paired_all,HYBRID_JANELIA::hybrid_static_siprobe::rec_64c_1200s_11::SpykingCircus::72,HYBRID_JANELIA::hybrid_static_siprobe::rec_64c_1200s_11,HYBRID_JANELIA,hybrid,domain_a,-2.8505121837468153,-1.9342665297722075,-0.980133105421295
hybrid_vs_paired_all,HYBRID_JANELIA::hybrid_static_siprobe::rec_16c_600s_12::HerdingSpikes2::4,HYBRID_JANELIA::hybrid_static_siprobe::rec_16c_600s_12,HYBRID_JANELIA,hybrid,domain_a,-3.2103608979911353,-2.2799824649990548,2.7324431547003023
hybrid_vs_paired_all,HYBRID_JANELIA::hybrid_static_tetrode::rec_4c_600s_31::HerdingSpikes2::7,HYBRID_JANELIA::hybrid_static_tetrode::rec_4c_600s_31,HYBRID_JANELIA,hybrid,domain_a,-2.7386811862198672,-0.685936375955763,-0.5811600352572887
hybrid_vs_paired_all,HYBRID_JANELIA::hybrid_drift_siprobe::rec_32c_600s_31::MountainSort4::122,HYBRID_JANELIA::hybrid_drift_siprobe::rec_32c_600s_31,HYBRID_JANELIA,hybrid,domain_a,-2.829535655006104,-1.8452160672006381,1.4652869194688227
hybrid_vs_paired_all,HYBRID_JANELIA::hybrid_static_siprobe::rec_16c_600s_12::MountainSort4::17,HYBRID_JANELIA::hybrid_static_siprobe::rec_16c_600s_12,HYBRID_JANELIA,hybrid,domain_a,-2.343637067213214,-1.7548401091094958,0.4735484991783752
hybrid_vs_paired_all,HYBRID_JANELIA::hybrid_drift_siprobe::rec_64c_1200s_11::MountainSort4::196,HYBRID_JANELIA::hybrid_drift_siprobe::rec_64c_1200s_11,HYBRID_JANELIA,hybrid,domain_a,-3.2166207019852013,-2.3578298700390725,2.1111576751868575
hybrid_vs_paired_all,HYBRID_JANELIA::hybrid_drift_siprobe::rec_32c_600s_11::JRClust::81,HYBRID_JANELIA::hybrid_drift_siprobe::rec_32c_600s_11,HYBRID_JANELIA,hybrid,domain_a,-2.299603123446811,-2.094980259463117,3.526099003378354
hybrid_vs_paired_all,HYBRID_JANELIA::hybrid_static_siprobe::rec_32c_600s_32::MountainSort4::53,HYBRID_JANELIA::hybrid_static_siprobe::rec_32c_600s_32,HYBRID_JANELIA,hybrid,domain_a,-3.9465647711392,-2.611888153689728,2.9115881457580093
hybrid_vs_paired_all,HYBRID_JANELIA::hybrid_drift_siprobe::rec_16c_600s_22::KiloSort::52,HYBRID_JANELIA::hybrid_drift_siprobe::rec_16c_600s_22,HYBRID_JANELIA,hybrid,domain_a,-3.191482936836723,-2.45389200693374,3.686753022317285
hybrid_vs_paired_all,HYBRID_JANELIA::hybrid_static_tetrode::rec_4c_600s_22::Tridesclous::1,HYBRID_JANELIA::hybrid_static_tetrode::rec_4c_600s_22,HYBRID_JANELIA,hybrid,domain_a,-2.9116412248777155,-2.576301599058759,3.095925318466566
hybrid_vs_paired_all,HYBRID_JANELIA::hybrid_static_siprobe::rec_32c_600s_22::IronClust::5,HYBRID_JANELIA::hybrid_static_siprobe::rec_32c_600s_22,HYBRID_JANELIA,hybrid,domain_a,-3.301843223517295,-2.543850789771252,2.5725265786765683
hybrid_vs_paired_all,HYBRID_JANELIA::hybrid_drift_siprobe::rec_16c_600s_12::MountainSort4::41,HYBRID_JANELIA::hybrid_drift_siprobe::rec_16c_600s_12,HYBRID_JANELIA,hybrid,domain_a,-1.9677918412077466,-0.6522575504476249,0.10355558824948671
hybrid_vs_paired_all,HYBRID_JANELIA::hybrid_drift_siprobe::rec_32c_600s_32::MountainSort4::98,HYBRID_JANELIA::hybrid_drift_siprobe::rec_32c_600s_32,HYBRID_JANELIA,hybrid,domain_a,-2.1951816706731546,-1.7627318395370488,0.5448478176404727
hybrid_vs_paired_all,HYBRID_JANELIA::hybrid_static_siprobe::rec_16c_600s_21::KiloSort2::16,HYBRID_JANELIA::hybrid_static_siprobe::rec_16c_600s_21,HYBRID_JANELIA,hybrid,domain_a,-2.8280187916570534,-1.9711468940122974,2.0171147942083705
hybrid_vs_paired_all,HYBRID_JANELIA::hybrid_static_siprobe::rec_32c_600s_32::MountainSort4::1,HYBRID_JANELIA::hybrid_static_siprobe::rec_32c_600s_32,HYBRID_JANELIA,hybrid,domain_a,-3.3697244017465895,-2.2533917558943686,3.3643420311019296
hybrid_vs_paired_all,HYBRID_JANELIA::hybrid_static_siprobe::rec_32c_1200s_21::MountainSort4::120,HYBRID_JANELIA::hybrid_static_siprobe::rec_32c_1200s_21,HYBRID_JANELIA,hybrid,domain_a,-3.3872752239586843,-2.1392005470223507,3.3167446296018284
hybrid_vs_paired_all,HYBRID_JANELIA::hybrid_drift_siprobe::rec_64c_1200s_11::HerdingSpikes2::116,HYBRID_JANELIA::hybrid_drift_siprobe::rec_64c_1200s_11,HYBRID_JANELIA,hybrid,domain_a,-2.4296842962212377,-1.2780786571469074,-0.652275246214125
hybrid_vs_paired_all,HYBRID_JANELIA::hybrid_drift_tetrode::rec_4c_1200s_11::JRClust::11,HYBRID_JANELIA::hybrid_drift_tetrode::rec_4c_1200s_11,HYBRID_JANELIA,hybrid,domain_a,-1.5514303763599335,-0.22778113925987903,-1.3536630466695663
hybrid_vs_paired_all,HYBRID_JANELIA::hybrid_static_siprobe::rec_32c_1200s_31::HerdingSpikes2::80,HYBRID_JANELIA::hybrid_static_siprobe::rec_32c_1200s_31,HYBRID_JANELIA,hybrid,domain_a,-2.996124826250559,-2.539291244694042,2.744994387902321
hybrid_vs_paired_all,HYBRID_JANELIA::hybrid_static_siprobe::rec_64c_1200s_11::HerdingSpikes2::74,HYBRID_JANELIA::hybrid_static_siprobe::rec_64c_1200s_11,HYBRID_JANELIA,hybrid,domain_a,-1.8033372706145543,2.7065400089286853,3.021658215445718
hybrid_vs_paired_all,HYBRID_JANELIA::hybrid_static_siprobe::rec_64c_600s_12::KiloSort::480,HYBRID_JANELIA::hybrid_static_siprobe::rec_64c_600s_12,HYBRID_JANELIA,hybrid,domain_a,-3.445749393067031,-1.8083962326989225,0.2908249942541494
hybrid_vs_paired_all,HYBRID_JANELIA::hybrid_drift_tetrode::rec_4c_600s_31::JRClust::2,HYBRID_JANELIA::hybrid_drift_tetrode::rec_4c_600s_31,HYBRID_JANELIA,hybrid,domain_a,-2.4113405027820334,-1.4493580857129884,0.7455454007758722
hybrid_vs_paired_all,HYBRID_JANELIA::hybrid_drift_siprobe::rec_32c_1200s_31::MountainSort4::175,HYBRID_JANELIA::hybrid_drift_siprobe::rec_32c_1200s_31,HYBRID_JANELIA,hybrid,domain_a,-2.358717778181522,-1.8239449681619913,1.1233400657324932
hybrid_vs_paired_all,HYBRID_JANELIA::hybrid_drift_siprobe::rec_16c_600s_22::IronClust::20,HYBRID_JANELIA::hybrid_drift_siprobe::rec_16c_600s_22,HYBRID_JANELIA,hybrid,domain_a,-2.7527079162799772,-1.7165315822166265,2.771757404122349
hybrid_vs_paired_all,HYBRID_JANELIA::hybrid_static_siprobe::rec_16c_1200s_21::IronClust::11,HYBRID_JANELIA::hybrid_static_siprobe::rec_16c_1200s_21,HYBRID_JANELIA,hybrid,domain_a,-3.2864552000952596,-2.163698686062013,1.039331511629494
hybrid_vs_paired_all,HYBRID_JANELIA::hybrid_static_siprobe::rec_32c_1200s_21::HerdingSpikes2::66,HYBRID_JANELIA::hybrid_static_siprobe::rec_32c_1200s_21,HYBRID_JANELIA,hybrid,domain_a,-2.5068509231412297,0.09289071378884944,-1.000329759678889
hybrid_vs_paired_all,HYBRID_JANELIA::hybrid_static_siprobe::rec_64c_1200s_11::MountainSort4::30,HYBRID_JANELIA::hybrid_static_siprobe::rec_64c_1200s_11,HYBRID_JANELIA,hybrid,domain_a,-2.200587154834858,0.5199828377776496,0.9211217423167624
hybrid_vs_paired_all,HYBRID_JANELIA::hybrid_drift_siprobe::rec_32c_1200s_11::MountainSort4::67,HYBRID_JANELIA::hybrid_drift_siprobe::rec_32c_1200s_11,HYBRID_JANELIA,hybrid,domain_a,-3.93854026882069,-2.511839309070235,2.8023576285348977
hybrid_vs_paired_all,HYBRID_JANELIA::hybrid_static_siprobe::rec_32c_600s_21::MountainSort4::112,HYBRID_JANELIA::hybrid_static_siprobe::rec_32c_600s_21,HYBRID_JANELIA,hybrid,domain_a,-2.5566252220060153,-2.8999792328081857,4.812719472631633
hybrid_vs_paired_all,HYBRID_JANELIA::hybrid_drift_tetrode::rec_4c_600s_21::KiloSort2::3,HYBRID_JANELIA::hybrid_drift_tetrode::rec_4c_600s_21,HYBRID_JANELIA,hybrid,domain_a,-2.537483832626956,-0.7643620650468512,0.7866893903478387
hybrid_vs_paired_all,HYBRID_JANELIA::hybrid_static_siprobe::rec_32c_1200s_21::HerdingSpikes2::58,HYBRID_JANELIA::hybrid_static_siprobe::rec_32c_1200s_21,HYBRID_JANELIA,hybrid,domain_a,-1.5910122945868574,1.203592072851184,2.294578041600946
hybrid_vs_paired_all,HYBRID_JANELIA::hybrid_static_siprobe::rec_16c_600s_31::JRClust::17,HYBRID_JANELIA::hybrid_static_siprobe::rec_16c_600s_31,HYBRID_JANELIA,hybrid,domain_a,-2.300257999651092,-1.846409910636168,0.8707452549610434
hybrid_vs_paired_all,HYBRID_JANELIA::hybrid_static_siprobe::rec_32c_600s_22::KiloSort::24,HYBRID_JANELIA::hybrid_static_siprobe::rec_32c_600s_22,HYBRID_JANELIA,hybrid,domain_a,-2.8739107802439174,-2.0510104687234065,1.558346496460141
hybrid_vs_paired_all,HYBRID_JANELIA::hybrid_drift_siprobe::rec_64c_600s_12::JRClust::191,HYBRID_JANELIA::hybrid_drift_siprobe::rec_64c_600s_12,HYBRID_JANELIA,hybrid,domain_a,-2.9879443042434755,-2.1831337584759063,1.8146367165718769
hybrid_vs_paired_all,HYBRID_JANELIA::hybrid_drift_siprobe::rec_64c_600s_11::MountainSort4::280,HYBRID_JANELIA::hybrid_drift_siprobe::rec_64c_600s_11,HYBRID_JANELIA,hybrid,domain_a,-2.685499226611658,-1.9648382377558489,0.4269856312679905
hybrid_vs_paired_all,HYBRID_JANELIA::hybrid_drift_siprobe::rec_32c_600s_21::SpykingCircus::15,HYBRID_JANELIA::hybrid_drift_siprobe::rec_32c_600s_21,HYBRID_JANELIA,hybrid,domain_a,-3.2016784891476777,-2.1699038358744906,2.6021724979058902
hybrid_vs_paired_all,HYBRID_JANELIA::hybrid_drift_siprobe::rec_32c_1200s_31::Tridesclous::41,HYBRID_JANELIA::hybrid_drift_siprobe::rec_32c_1200s_31,HYBRID_JANELIA,hybrid,domain_a,-2.5892801244505868,-1.9418802433109872,1.5821053644436338
hybrid_vs_paired_all,HYBRID_JANELIA::hybrid_static_siprobe::rec_32c_600s_32::SpykingCircus::38,HYBRID_JANELIA::hybrid_static_siprobe::rec_32c_600s_32,HYBRID_JANELIA,hybrid,domain_a,-3.3309764719481803,-2.2687993346988695,0.4218821944470047
hybrid_vs_paired_all,HYBRID_JANELIA::hybrid_drift_siprobe::rec_16c_600s_32::JRClust::21,HYBRID_JANELIA::hybrid_drift_siprobe::rec_16c_600s_32,HYBRID_JANELIA,hybrid,domain_a,-1.5333355187178657,-1.3938985443133523,1.4243361688911984
hybrid_vs_paired_all,HYBRID_JANELIA::hybrid_drift_siprobe::rec_64c_1200s_11::MountainSort4::305,HYBRID_JANELIA::hybrid_drift_siprobe::rec_64c_1200s_11,HYBRID_JANELIA,hybrid,domain_a,-2.511217218747488,-2.4004991768418744,1.9088448333891173
hybrid_vs_paired_all,HYBRID_JANELIA::hybrid_drift_siprobe::rec_16c_1200s_31::KiloSort2::29,HYBRID_JANELIA::hybrid_drift_siprobe::rec_16c_1200s_31,HYBRID_JANELIA,hybrid,domain_a,-2.787264590516144,-1.418305818492692,0.931183195224445
hybrid_vs_paired_all,HYBRID_JANELIA::hybrid_static_siprobe::rec_32c_600s_21::MountainSort4::97,HYBRID_JANELIA::hybrid_static_siprobe::rec_32c_600s_21,HYBRID_JANELIA,hybrid,domain_a,-2.829314191225373,-2.2485936478272754,2.084824563174113
hybrid_vs_paired_all,HYBRID_JANELIA::hybrid_drift_siprobe::rec_32c_600s_12::Tridesclous::54,HYBRID_JANELIA::hybrid_drift_siprobe::rec_32c_600s_12,HYBRID_JANELIA,hybrid,domain_a,-3.1585044863143086,-1.7781887882789285,2.0119697322820986
hybrid_vs_paired_all,HYBRID_JANELIA::hybrid_drift_siprobe::rec_16c_1200s_21::JRClust::55,HYBRID_JANELIA::hybrid_drift_siprobe::rec_16c_1200s_21,HYBRID_JANELIA,hybrid,domain_a,-2.868765646889692,-1.2804097047022516,3.5273348540355913
hybrid_vs_paired_all,HYBRID_JANELIA::hybrid_drift_siprobe::rec_64c_600s_11::IronClust::15,HYBRID_JANELIA::hybrid_drift_siprobe::rec_64c_600s_11,HYBRID_JANELIA,hybrid,domain_a,-3.029579276859219,-2.6893806024858984,3.5112090837828176
hybrid_vs_paired_all,HYBRID_JANELIA::hybrid_drift_siprobe::rec_64c_1200s_11::KiloSort2::80,HYBRID_JANELIA::hybrid_drift_siprobe::rec_64c_1200s_11,HYBRID_JANELIA,hybrid,domain_a,-2.2972405095648925,-1.7587975638446576,0.5496127790014871
hybrid_vs_paired_all,HYBRID_JANELIA::hybrid_drift_siprobe::rec_32c_600s_22::MountainSort4::107,HYBRID_JANELIA::hybrid_drift_siprobe::rec_32c_600s_22,HYBRID_JANELIA,hybrid,domain_a,-2.2715120962280775,-1.3676389021123299,1.30648307068778
hybrid_vs_paired_all,HYBRID_JANELIA::hybrid_static_siprobe::rec_32c_1200s_11::JRClust::14,HYBRID_JANELIA::hybrid_static_siprobe::rec_32c_1200s_11,HYBRID_JANELIA,hybrid,domain_a,-3.59741216864244,-2.934202294226894,2.4172101014154164
hybrid_vs_paired_all,HYBRID_JANELIA::hybrid_static_siprobe::rec_32c_1200s_11::JRClust::23,HYBRID_JANELIA::hybrid_static_siprobe::rec_32c_1200s_11,HYBRID_JANELIA,hybrid,domain_a,-3.4262044706144352,-2.6827510971629795,2.223424066578734
hybrid_vs_paired_all,HYBRID_JANELIA::hybrid_drift_siprobe::rec_64c_1200s_11::JRClust::124,HYBRID_JANELIA::hybrid_drift_siprobe::rec_64c_1200s_11,HYBRID_JANELIA,hybrid,domain_a,-3.179444093675939,-1.956341292707146,2.936591359566216
hybrid_vs_paired_all,HYBRID_JANELIA::hybrid_drift_siprobe::rec_16c_600s_12::MountainSort4::48,HYBRID_JANELIA::hybrid_drift_siprobe::rec_16c_600s_12,HYBRID_JANELIA,hybrid,domain_a,-3.7160985685309886,-2.596481291454944,3.1581974194177334
hybrid_vs_paired_all,HYBRID_JANELIA::hybrid_static_siprobe::rec_32c_600s_22::MountainSort4::41,HYBRID_JANELIA::hybrid_static_siprobe::rec_32c_600s_22,HYBRID_JANELIA,hybrid,domain_a,-2.88858071157099,-1.1685460069416789,1.9655949973498805
hybrid_vs_paired_all,HYBRID_JANELIA::hybrid_static_siprobe::rec_16c_600s_31::IronClust::7,HYBRID_JANELIA::hybrid_static_siprobe::rec_16c_600s_31,HYBRID_JANELIA,hybrid,domain_a,-2.874427406661364,-2.189948765357048,1.27960905118585
hybrid_vs_paired_all,HYBRID_JANELIA::hybrid_drift_siprobe::rec_32c_1200s_21::MountainSort4::68,HYBRID_JANELIA::hybrid_drift_siprobe::rec_32c_1200s_21,HYBRID_JANELIA,hybrid,domain_a,-1.8983175897043627,-1.0423831849305158,-0.16161308436522043
hybrid_vs_paired_all,HYBRID_JANELIA::hybrid_static_siprobe::rec_64c_600s_12::KiloSort2::19,HYBRID_JANELIA::hybrid_static_siprobe::rec_64c_600s_12,HYBRID_JANELIA,hybrid,domain_a,-2.87790628023328,-1.2001413723987908,-0.9092248895934623
hybrid_vs_paired_all,HYBRID_JANELIA::hybrid_static_siprobe::rec_32c_1200s_11::KiloSort2::30,HYBRID_JANELIA::hybrid_static_siprobe::rec_32c_1200s_11,HYBRID_JANELIA,hybrid,domain_a,-3.262556107374024,-2.230301030272085,1.351445496815923
hybrid_vs_paired_all,HYBRID_JANELIA::hybrid_static_siprobe::rec_16c_1200s_11::KiloSort::13,HYBRID_JANELIA::hybrid_static_siprobe::rec_16c_1200s_11,HYBRID_JANELIA,hybrid,domain_a,-3.3939478881999987,-2.699793862782925,2.241352220326903
hybrid_vs_paired_all,HYBRID_JANELIA::hybrid_static_siprobe::rec_32c_600s_32::HerdingSpikes2::86,HYBRID_JANELIA::hybrid_static_siprobe::rec_32c_600s_32,HYBRID_JANELIA,hybrid,domain_a,-3.3776119579572126,-0.4508135165890818,5.631149494159921
hybrid_vs_paired_all,HYBRID_JANELIA::hybrid_static_siprobe::rec_32c_600s_22::SpykingCircus::37,HYBRID_JANELIA::hybrid_static_siprobe::rec_32c_600s_22,HYBRID_JANELIA,hybrid,domain_a,-3.4581376721010293,-1.6485059683779228,0.8153040977938318
hybrid_vs_paired_all,HYBRID_JANELIA::hybrid_drift_siprobe::rec_32c_600s_21::JRClust::100,HYBRID_JANELIA::hybrid_drift_siprobe::rec_32c_600s_21,HYBRID_JANELIA,hybrid,domain_a,-1.8902372290574028,-2.0063448984670873,1.4663991635582816
hybrid_vs_paired_all,HYBRID_JANELIA::hybrid_drift_siprobe::rec_64c_600s_11::IronClust::50,HYBRID_JANELIA::hybrid_drift_siprobe::rec_64c_600s_11,HYBRID_JANELIA,hybrid,domain_a,-3.8588300041910726,-2.5985146222414492,4.016187646140998
hybrid_vs_paired_all,HYBRID_JANELIA::hybrid_drift_siprobe::rec_64c_1200s_11::Tridesclous::117,HYBRID_JANELIA::hybrid_drift_siprobe::rec_64c_1200s_11,HYBRID_JANELIA,hybrid,domain_a,-2.494123087361012,-0.8690368902818434,0.3962053234667868
hybrid_vs_paired_all,HYBRID_JANELIA::hybrid_static_siprobe::rec_32c_1200s_21::IronClust::23,HYBRID_JANELIA::hybrid_static_siprobe::rec_32c_1200s_21,HYBRID_JANELIA,hybrid,domain_a,-3.4109650003410303,-2.3091924467303304,0.9919195515980866
hybrid_vs_paired_all,HYBRID_JANELIA::hybrid_drift_siprobe::rec_16c_1200s_31::MountainSort4::34,HYBRID_JANELIA::hybrid_drift_siprobe::rec_16c_1200s_31,HYBRID_JANELIA,hybrid,domain_a,-2.5372510398480523,-2.0517755255547496,2.0007469375290463
hybrid_vs_paired_all,HYBRID_JANELIA::hybrid_drift_siprobe::rec_64c_1200s_11::JRClust::126,HYBRID_JANELIA::hybrid_drift_siprobe::rec_64c_1200s_11,HYBRID_JANELIA,hybrid,domain_a,-2.633849492526146,-1.6829066674999633,0.8246070386171748
hybrid_vs_paired_all,HYBRID_JANELIA::hybrid_static_siprobe::rec_32c_600s_32::KiloSort::54,HYBRID_JANELIA::hybrid_static_siprobe::rec_32c_600s_32,HYBRID_JANELIA,hybrid,domain_a,-2.6778761212395024,-1.6325140244264562,2.5613663736317327
hybrid_vs_paired_all,HYBRID_JANELIA::hybrid_static_siprobe::rec_16c_600s_12::IronClust::4,HYBRID_JANELIA::hybrid_static_siprobe::rec_16c_600s_12,HYBRID_JANELIA,hybrid,domain_a,-2.467447351763364,-0.9993999042511066,1.2773078387955599
hybrid_vs_paired_all,HYBRID_JANELIA::hybrid_static_siprobe::rec_32c_600s_12::JRClust::24,HYBRID_JANELIA::hybrid_static_siprobe::rec_32c_600s_12,HYBRID_JANELIA,hybrid,domain_a,-3.399077272236286,-2.7299023741124233,2.312088946354271
hybrid_vs_paired_all,HYBRID_JANELIA::hybrid_drift_siprobe::rec_32c_1200s_11::MountainSort4::123,HYBRID_JANELIA::hybrid_drift_siprobe::rec_32c_1200s_11,HYBRID_JANELIA,hybrid,domain_a,-2.1052395391393453,-0.4746791259665757,-1.2832128713759408
hybrid_vs_paired_all,HYBRID_JANELIA::hybrid_drift_siprobe::rec_64c_600s_12::JRClust::89,HYBRID_JANELIA::hybrid_drift_siprobe::rec_64c_600s_12,HYBRID_JANELIA,hybrid,domain_a,-2.49450722653361,-1.467035311723591,0.36460416361590403
hybrid_vs_paired_all,HYBRID_JANELIA::hybrid_drift_siprobe::rec_32c_1200s_31::HerdingSpikes2::80,HYBRID_JANELIA::hybrid_drift_siprobe::rec_32c_1200s_31,HYBRID_JANELIA,hybrid,domain_a,-2.890094882473695,-0.7651289150337631,1.4902835923250157
hybrid_vs_paired_all,HYBRID_JANELIA::hybrid_static_siprobe::rec_64c_600s_11::HerdingSpikes2::135,HYBRID_JANELIA::hybrid_static_siprobe::rec_64c_600s_11,HYBRID_JANELIA,hybrid,domain_a,-2.241463124621574,0.09690969796998754,2.1970818479112806
hybrid_vs_paired_all,HYBRID_JANELIA::hybrid_drift_siprobe::rec_32c_1200s_31::MountainSort4::190,HYBRID_JANELIA::hybrid_drift_siprobe::rec_32c_1200s_31,HYBRID_JANELIA,hybrid,domain_a,-2.6527335891274273,-1.645516429836692,2.4064278194103
hybrid_vs_paired_all,HYBRID_JANELIA::hybrid_drift_siprobe::rec_16c_600s_32::MountainSort4::71,HYBRID_JANELIA::hybrid_drift_siprobe::rec_16c_600s_32,HYBRID_JANELIA,hybrid,domain_a,-3.8995165030418457,-1.9087251696857928,2.0633609492869645
hybrid_vs_paired_all,HYBRID_JANELIA::hybrid_drift_siprobe::rec_16c_600s_21::MountainSort4::3,HYBRID_JANELIA::hybrid_drift_siprobe::rec_16c_600s_21,HYBRID_JANELIA,hybrid,domain_a,-2.685576317429382,-0.9845491587053926,2.5329862490176036
hybrid_vs_paired_all,HYBRID_JANELIA::hybrid_drift_siprobe::rec_16c_1200s_11::Tridesclous::3,HYBRID_JANELIA::hybrid_drift_siprobe::rec_16c_1200s_11,HYBRID_JANELIA,hybrid,domain_a,-2.7040332838961896,-1.8782186025532066,2.50834918412034
hybrid_vs_paired_all,HYBRID_JANELIA::hybrid_static_siprobe::rec_16c_600s_32::Tridesclous::17,HYBRID_JANELIA::hybrid_static_siprobe::rec_16c_600s_32,HYBRID_JANELIA,hybrid,domain_a,-2.6976752443734604,-2.1089022000571496,1.092555420264378
hybrid_vs_paired_all,HYBRID_JANELIA::hybrid_drift_siprobe::rec_32c_1200s_31::HerdingSpikes2::88,HYBRID_JANELIA::hybrid_drift_siprobe::rec_32c_1200s_31,HYBRID_JANELIA,hybrid,domain_a,-2.702108022894371,-0.49779572399750616,1.8809899679864763
hybrid_vs_paired_all,HYBRID_JANELIA::hybrid_drift_siprobe::rec_64c_1200s_11::MountainSort4::56,HYBRID_JANELIA::hybrid_drift_siprobe::rec_64c_1200s_11,HYBRID_JANELIA,hybrid,domain_a,-2.1755970889984053,-2.038297857458505,0.11797464619107582
hybrid_vs_paired_all,HYBRID_JANELIA::hybrid_drift_siprobe::rec_32c_600s_31::Tridesclous::49,HYBRID_JANELIA::hybrid_drift_siprobe::rec_32c_600s_31,HYBRID_JANELIA,hybrid,domain_a,-3.5154860590594788,-2.006188580249544,1.2583278428414175
hybrid_vs_paired_all,HYBRID_JANELIA::hybrid_drift_siprobe::rec_32c_600s_32::JRClust::24,HYBRID_JANELIA::hybrid_drift_siprobe::rec_32c_600s_32,HYBRID_JANELIA,hybrid,domain_a,-2.8612942977252587,-2.164499064050752,2.2648563258585495
hybrid_vs_paired_all,HYBRID_JANELIA::hybrid_static_siprobe::rec_64c_600s_11::Tridesclous::45,HYBRID_JANELIA::hybrid_static_siprobe::rec_64c_600s_11,HYBRID_JANELIA,hybrid,domain_a,-3.276512683155426,-3.3585952338168674,1.9081545353766036
hybrid_vs_paired_all,HYBRID_JANELIA::hybrid_static_siprobe::rec_64c_1200s_11::HerdingSpikes2::72,HYBRID_JANELIA::hybrid_static_siprobe::rec_64c_1200s_11,HYBRID_JANELIA,hybrid,domain_a,-3.4257266469030303,-2.014650755199685,0.196139643921707
hybrid_vs_paired_all,HYBRID_JANELIA::hybrid_drift_siprobe::rec_32c_600s_21::KiloSort::54,HYBRID_JANELIA::hybrid_drift_siprobe::rec_32c_600s_21,HYBRID_JANELIA,hybrid,domain_a,-3.1577533532537543,-2.4019184523208024,3.501245978788677
hybrid_vs_paired_all,HYBRID_JANELIA::hybrid_static_siprobe::rec_32c_600s_12::JRClust::46,HYBRID_JANELIA::hybrid_static_siprobe::rec_32c_600s_12,HYBRID_JANELIA,hybrid,domain_a,-3.2144086647385355,-2.36673222975811,2.472956094837118
hybrid_vs_paired_all,HYBRID_JANELIA::hybrid_drift_siprobe::rec_16c_600s_21::MountainSort4::35,HYBRID_JANELIA::hybrid_drift_siprobe::rec_16c_600s_21,HYBRID_JANELIA,hybrid,domain_a,-2.6185732225409173,-1.1367314415365237,1.1339801940126741
hybrid_vs_paired_all,HYBRID_JANELIA::hybrid_drift_siprobe::rec_16c_600s_12::JRClust::42,HYBRID_JANELIA::hybrid_drift_siprobe::rec_16c_600s_12,HYBRID_JANELIA,hybrid,domain_a,-2.885128219898388,-1.3454617136043285,1.6675144478292867
hybrid_vs_paired_all,HYBRID_JANELIA::hybrid_static_siprobe::rec_32c_600s_22::HerdingSpikes2::70,HYBRID_JANELIA::hybrid_static_siprobe::rec_32c_600s_22,HYBRID_JANELIA,hybrid,domain_a,-1.5693351818640906,0.6359833449778776,1.6977578078019842
hybrid_vs_paired_all,HYBRID_JANELIA::hybrid_drift_siprobe::rec_64c_600s_11::MountainSort4::267,HYBRID_JANELIA::hybrid_drift_siprobe::rec_64c_600s_11,HYBRID_JANELIA,hybrid,domain_a,-2.4081567053550836,-1.6231664117216944,1.0783899831179098
hybrid_vs_paired_all,HYBRID_JANELIA::hybrid_drift_siprobe::rec_64c_600s_11::Tridesclous::45,HYBRID_JANELIA::hybrid_drift_siprobe::rec_64c_600s_11,HYBRID_JANELIA,hybrid,domain_a,-2.459559480821029,-1.7617882980615305,1.0285289365323724
hybrid_vs_paired_all,HYBRID_JANELIA::hybrid_drift_siprobe::rec_32c_600s_22::IronClust::30,HYBRID_JANELIA::hybrid_drift_siprobe::rec_32c_600s_22,HYBRID_JANELIA,hybrid,domain_a,-2.9482195987780107,-2.179337176441027,3.3951741730844525
hybrid_vs_paired_all,HYBRID_JANELIA::hybrid_drift_tetrode::rec_4c_600s_31::Tridesclous::5,HYBRID_JANELIA::hybrid_drift_tetrode::rec_4c_600s_31,HYBRID_JANELIA,hybrid,domain_a,-3.0551311328739943,-1.7450209658536469,1.067797719006811
hybrid_vs_paired_all,HYBRID_JANELIA::hybrid_drift_siprobe::rec_32c_600s_12::HerdingSpikes2::25,HYBRID_JANELIA::hybrid_drift_siprobe::rec_32c_600s_12,HYBRID_JANELIA,hybrid,domain_a,-2.7360692166689033,-1.754089368140914,2.583039868894381
hybrid_vs_paired_all,HYBRID_JANELIA::hybrid_drift_siprobe::rec_16c_600s_31::JRClust::3,HYBRID_JANELIA::hybrid_drift_siprobe::rec_16c_600s_31,HYBRID_JANELIA,hybrid,domain_a,-2.4481315213114474,-1.67515526126989,1.4063236165958797
hybrid_vs_paired_all,HYBRID_JANELIA::hybrid_static_siprobe::rec_16c_600s_12::KiloSort2::0,HYBRID_JANELIA::hybrid_static_siprobe::rec_16c_600s_12,HYBRID_JANELIA,hybrid,domain_a,-2.963411661499484,-2.5001522311460516,2.278892840205087
hybrid_vs_paired_all,HYBRID_JANELIA::hybrid_drift_siprobe::rec_64c_600s_11::HerdingSpikes2::139,HYBRID_JANELIA::hybrid_drift_siprobe::rec_64c_600s_11,HYBRID_JANELIA,hybrid,domain_a,-2.3584425618715805,-1.3533778141252484,1.81102873367264
hybrid_vs_paired_all,HYBRID_JANELIA::hybrid_drift_siprobe::rec_16c_600s_31::MountainSort4::100,HYBRID_JANELIA::hybrid_drift_siprobe::rec_16c_600s_31,HYBRID_JANELIA,hybrid,domain_a,-2.1724086512701106,-1.7889833756638103,0.6879837639154798
hybrid_vs_paired_all,HYBRID_JANELIA::hybrid_drift_siprobe::rec_64c_600s_12::MountainSort4::212,HYBRID_JANELIA::hybrid_drift_siprobe::rec_64c_600s_12,HYBRID_JANELIA,hybrid,domain_a,-4.094975291142784,-3.0364125243131634,4.556021963469335
hybrid_vs_paired_all,HYBRID_JANELIA::hybrid_drift_siprobe::rec_32c_1200s_11::IronClust::29,HYBRID_JANELIA::hybrid_drift_siprobe::rec_32c_1200s_11,HYBRID_JANELIA,hybrid,domain_a,-3.235583681274555,-1.5542044686289402,1.8617226290699087
hybrid_vs_paired_all,HYBRID_JANELIA::hybrid_drift_siprobe::rec_64c_600s_11::KiloSort2::72,HYBRID_JANELIA::hybrid_drift_siprobe::rec_64c_600s_11,HYBRID_JANELIA,hybrid,domain_a,-3.8202615939502547,-2.352295315484955,2.9345635515552844
hybrid_vs_paired_all,HYBRID_JANELIA::hybrid_static_siprobe::rec_32c_1200s_21::JRClust::8,HYBRID_JANELIA::hybrid_static_siprobe::rec_32c_1200s_21,HYBRID_JANELIA,hybrid,domain_a,-3.146163134911615,-2.587544857176326,2.35169342769818
hybrid_vs_paired_all,HYBRID_JANELIA::hybrid_drift_tetrode::rec_4c_600s_31::MountainSort4::3,HYBRID_JANELIA::hybrid_drift_tetrode::rec_4c_600s_31,HYBRID_JANELIA,hybrid,domain_a,-1.8745999542611422,-1.7752832866871209,0.593954685514315
hybrid_vs_paired_all,HYBRID_JANELIA::hybrid_drift_siprobe::rec_64c_600s_12::SpykingCircus::31,HYBRID_JANELIA::hybrid_drift_siprobe::rec_64c_600s_12,HYBRID_JANELIA,hybrid,domain_a,-2.869994499375671,-2.3487876830052907,2.5788710268048494
hybrid_vs_paired_all,HYBRID_JANELIA::hybrid_drift_siprobe::rec_32c_600s_21::KiloSort2::46,HYBRID_JANELIA::hybrid_drift_siprobe::rec_32c_600s_21,HYBRID_JANELIA,hybrid,domain_a,-2.5879841126529763,-2.22275085085923,2.1419695450390943
hybrid_vs_paired_all,HYBRID_JANELIA::hybrid_drift_siprobe::rec_16c_600s_31::MountainSort4::2,HYBRID_JANELIA::hybrid_drift_siprobe::rec_16c_600s_31,HYBRID_JANELIA,hybrid,domain_a,-3.7090553951286203,-2.2544305642273654,2.512491920396066
hybrid_vs_paired_all,HYBRID_JANELIA::hybrid_static_siprobe::rec_32c_600s_12::JRClust::26,HYBRID_JANELIA::hybrid_static_siprobe::rec_32c_600s_12,HYBRID_JANELIA,hybrid,domain_a,-3.110682482397578,-2.6039783287722047,2.3517848260363867
hybrid_vs_paired_all,HYBRID_JANELIA::hybrid_drift_siprobe::rec_32c_1200s_11::KiloSort::174,HYBRID_JANELIA::hybrid_drift_siprobe::rec_32c_1200s_11,HYBRID_JANELIA,hybrid,domain_a,-3.63774143210785,-1.9250549603365548,1.5580905028368262
hybrid_vs_paired_all,HYBRID_JANELIA::hybrid_drift_siprobe::rec_64c_600s_12::KiloSort2::40,HYBRID_JANELIA::hybrid_drift_siprobe::rec_64c_600s_12,HYBRID_JANELIA,hybrid,domain_a,-2.8912538857536783,-2.0264507928515596,2.5168760740620146
hybrid_vs_paired_all,HYBRID_JANELIA::hybrid_static_siprobe::rec_64c_1200s_11::HerdingSpikes2::154,HYBRID_JANELIA::hybrid_static_siprobe::rec_64c_1200s_11,HYBRID_JANELIA,hybrid,domain_a,-1.8273213187314892,0.5322824519847921,-0.8849418617637689
hybrid_vs_paired_all,HYBRID_JANELIA::hybrid_drift_siprobe::rec_64c_1200s_11::MountainSort4::82,HYBRID_JANELIA::hybrid_drift_siprobe::rec_64c_1200s_11,HYBRID_JANELIA,hybrid,domain_a,-2.4037550711799205,-1.732530383244129,1.2433497585468485
hybrid_vs_paired_all,HYBRID_JANELIA::hybrid_drift_siprobe::rec_64c_600s_12::KiloSort::23,HYBRID_JANELIA::hybrid_drift_siprobe::rec_64c_600s_12,HYBRID_JANELIA,hybrid,domain_a,-3.525910019138654,-2.255760091672336,0.5641591730416594
hybrid_vs_paired_all,HYBRID_JANELIA::hybrid_static_siprobe::rec_64c_600s_12::Tridesclous::61,HYBRID_JANELIA::hybrid_static_siprobe::rec_64c_600s_12,HYBRID_JANELIA,hybrid,domain_a,-2.7924158336668077,-1.8375850654893293,0.5388493844469837
hybrid_vs_paired_all,HYBRID_JANELIA::hybrid_drift_siprobe::rec_32c_1200s_21::MountainSort4::168,HYBRID_JANELIA::hybrid_drift_siprobe::rec_32c_1200s_21,HYBRID_JANELIA,hybrid,domain_a,-3.9772460787495447,-3.022026839335376,3.006920918068347
hybrid_vs_paired_all,HYBRID_JANELIA::hybrid_drift_siprobe::rec_32c_600s_31::MountainSort4::34,HYBRID_JANELIA::hybrid_drift_siprobe::rec_32c_600s_31,HYBRID_JANELIA,hybrid,domain_a,-3.1290251262970274,-1.8058000044538711,3.487492443131408
hybrid_vs_paired_all,HYBRID_JANELIA::hybrid_static_siprobe::rec_32c_1200s_21::KiloSort::17,HYBRID_JANELIA::hybrid_static_siprobe::rec_32c_1200s_21,HYBRID_JANELIA,hybrid,domain_a,-3.4517312340722035,-2.698186273948713,2.295365814078857
hybrid_vs_paired_all,HYBRID_JANELIA::hybrid_drift_siprobe::rec_64c_600s_11::KiloSort::200,HYBRID_JANELIA::hybrid_drift_siprobe::rec_64c_600s_11,HYBRID_JANELIA,hybrid,domain_a,-2.703041895744463,-1.572518418504474,-0.28073918279647425
hybrid_vs_paired_all,HYBRID_JANELIA::hybrid_static_siprobe::rec_32c_600s_31::MountainSort4::117,HYBRID_JANELIA::hybrid_static_siprobe::rec_32c_600s_31,HYBRID_JANELIA,hybrid,domain_a,-2.2927583464701935,-1.855183291812672,0.8549189851673532
hybrid_vs_paired_all,HYBRID_JANELIA::hybrid_static_siprobe::rec_32c_600s_11::KiloSort::16,HYBRID_JANELIA::hybrid_static_siprobe::rec_32c_600s_11,HYBRID_JANELIA,hybrid,domain_a,-3.218634935526959,-2.9219799434231737,1.618065929289209
hybrid_vs_paired_all,HYBRID_JANELIA::hybrid_drift_siprobe::rec_16c_600s_31::HerdingSpikes2::60,HYBRID_JANELIA::hybrid_drift_siprobe::rec_16c_600s_31,HYBRID_JANELIA,hybrid,domain_a,-2.3197731344559136,-0.9725223258376049,1.9667009816917054
hybrid_vs_paired_all,HYBRID_JANELIA::hybrid_static_siprobe::rec_64c_1200s_11::MountainSort4::110,HYBRID_JANELIA::hybrid_static_siprobe::rec_64c_1200s_11,HYBRID_JANELIA,hybrid,domain_a,-3.76148031880928,-2.8275005407736447,2.7349090146751514
hybrid_vs_paired_all,HYBRID_JANELIA::hybrid_static_siprobe::rec_64c_600s_11::HerdingSpikes2::24,HYBRID_JANELIA::hybrid_static_siprobe::rec_64c_600s_11,HYBRID_JANELIA,hybrid,domain_a,-3.6033002159269985,-2.33937270364699,3.0879080549297155
hybrid_vs_paired_all,HYBRID_JANELIA::hybrid_drift_siprobe::rec_32c_600s_31::MountainSort4::160,HYBRID_JANELIA::hybrid_drift_siprobe::rec_32c_600s_31,HYBRID_JANELIA,hybrid,domain_a,-2.421602740179863,-1.8794707343276142,0.806146361799525
hybrid_vs_paired_all,HYBRID_JANELIA::hybrid_drift_siprobe::rec_32c_600s_31::HerdingSpikes2::38,HYBRID_JANELIA::hybrid_drift_siprobe::rec_32c_600s_31,HYBRID_JANELIA,hybrid,domain_a,-2.7656916578151733,-1.5574710420859963,2.434654339373866
hybrid_vs_paired_all,HYBRID_JANELIA::hybrid_drift_siprobe::rec_64c_600s_11::JRClust::65,HYBRID_JANELIA::hybrid_drift_siprobe::rec_64c_600s_11,HYBRID_JANELIA,hybrid,domain_a,-2.4638824751123685,-1.8857760075302639,1.619062661070355
hybrid_vs_paired_all,HYBRID_JANELIA::hybrid_drift_siprobe::rec_64c_600s_12::KiloSort2::41,HYBRID_JANELIA::hybrid_drift_siprobe::rec_64c_600s_12,HYBRID_JANELIA,hybrid,domain_a,-3.554601053480956,-2.4275165384370654,1.2162263269289568
hybrid_vs_paired_all,HYBRID_JANELIA::hybrid_drift_siprobe::rec_16c_600s_21::HerdingSpikes2::42,HYBRID_JANELIA::hybrid_drift_siprobe::rec_16c_600s_21,HYBRID_JANELIA,hybrid,domain_a,-1.9371219801845132,0.4837311701052773,2.1536064948829585
hybrid_vs_paired_all,HYBRID_JANELIA::hybrid_drift_siprobe::rec_64c_1200s_11::MountainSort4::96,HYBRID_JANELIA::hybrid_drift_siprobe::rec_64c_1200s_11,HYBRID_JANELIA,hybrid,domain_a,-2.823776520790695,-1.817443127702561,1.6025984452623137
hybrid_vs_paired_all,HYBRID_JANELIA::hybrid_static_siprobe::rec_64c_1200s_11::Tridesclous::57,HYBRID_JANELIA::hybrid_static_siprobe::rec_64c_1200s_11,HYBRID_JANELIA,hybrid,domain_a,-3.5132633299811022,-1.8935471632024146,0.3772394890429857
hybrid_vs_paired_all,HYBRID_JANELIA::hybrid_drift_siprobe::rec_32c_1200s_11::SpykingCircus::29,HYBRID_JANELIA::hybrid_drift_siprobe::rec_32c_1200s_11,HYBRID_JANELIA,hybrid,domain_a,-2.6713282497753137,-2.8566795137979413,3.5211171248939874
hybrid_vs_paired_all,HYBRID_JANELIA::hybrid_drift_siprobe::rec_64c_600s_11::HerdingSpikes2::27,HYBRID_JANELIA::hybrid_drift_siprobe::rec_64c_600s_11,HYBRID_JANELIA,hybrid,domain_a,-2.9625453264982387,-2.4973627540153305,2.511300566423659
hybrid_vs_paired_all,HYBRID_JANELIA::hybrid_drift_siprobe::rec_16c_1200s_31::JRClust::31,HYBRID_JANELIA::hybrid_drift_siprobe::rec_16c_1200s_31,HYBRID_JANELIA,hybrid,domain_a,-2.5196866223685404,-1.5090223438795638,0.31991776202418354
hybrid_vs_paired_all,HYBRID_JANELIA::hybrid_static_siprobe::rec_64c_1200s_11::IronClust::31,HYBRID_JANELIA::hybrid_static_siprobe::rec_64c_1200s_11,HYBRID_JANELIA,hybrid,domain_a,-3.19477180294516,-2.809183106182928,1.382973810759773
hybrid_vs_paired_all,HYBRID_JANELIA::hybrid_drift_siprobe::rec_32c_600s_11::MountainSort4::123,HYBRID_JANELIA::hybrid_drift_siprobe::rec_32c_600s_11,HYBRID_JANELIA,hybrid,domain_a,-2.572896136610269,-2.0161995434505178,1.275205267839498
hybrid_vs_paired_all,HYBRID_JANELIA::hybrid_static_siprobe::rec_16c_600s_11::Tridesclous::8,HYBRID_JANELIA::hybrid_static_siprobe::rec_16c_600s_11,HYBRID_JANELIA,hybrid,domain_a,-2.90157916192255,-2.499081962978516,1.5167354078510231
hybrid_vs_paired_all,HYBRID_JANELIA::hybrid_static_siprobe::rec_16c_1200s_11::HerdingSpikes2::8,HYBRID_JANELIA::hybrid_static_siprobe::rec_16c_1200s_11,HYBRID_JANELIA,hybrid,domain_a,-3.497959562399743,-2.5494282996095987,2.2286567391580956
hybrid_vs_paired_all,HYBRID_JANELIA::hybrid_drift_siprobe::rec_16c_1200s_21::JRClust::61,HYBRID_JANELIA::hybrid_drift_siprobe::rec_16c_1200s_21,HYBRID_JANELIA,hybrid,domain_a,-2.6109074900469023,-1.031889116394312,1.186438294727483
hybrid_vs_paired_all,HYBRID_JANELIA::hybrid_static_tetrode::rec_4c_600s_12::HerdingSpikes2::0,HYBRID_JANELIA::hybrid_static_tetrode::rec_4c_600s_12,HYBRID_JANELIA,hybrid,domain_a,-2.62388239124518,-1.9330184053542572,0.5749263619638446
hybrid_vs_paired_all,HYBRID_JANELIA::hybrid_static_siprobe::rec_32c_1200s_21::MountainSort4::151,HYBRID_JANELIA::hybrid_static_siprobe::rec_32c_1200s_21,HYBRID_JANELIA,hybrid,domain_a,-2.1324725816545236,-1.4646134012835308,0.3187955891007293
hybrid_vs_paired_all,HYBRID_JANELIA::hybrid_drift_siprobe::rec_16c_600s_32::SpykingCircus::32,HYBRID_JANELIA::hybrid_drift_siprobe::rec_16c_600s_32,HYBRID_JANELIA,hybrid,domain_a,-3.596142829783512,-2.2116756589622857,2.4809468797719965
hybrid_vs_paired_all,HYBRID_JANELIA::hybrid_drift_siprobe::rec_16c_600s_12::JRClust::16,HYBRID_JANELIA::hybrid_drift_siprobe::rec_16c_600s_12,HYBRID_JANELIA,hybrid,domain_a,-2.5733713329537773,-2.2833043262826394,3.5336001939391073
hybrid_vs_paired_all,HYBRID_JANELIA::hybrid_static_siprobe::rec_16c_600s_32::MountainSort4::36,HYBRID_JANELIA::hybrid_static_siprobe::rec_16c_600s_32,HYBRID_JANELIA,hybrid,domain_a,-2.3595660632574713,-1.179636293288187,0.6507352604578417
hybrid_vs_paired_all,HYBRID_JANELIA::hybrid_drift_siprobe::rec_32c_600s_32::MountainSort4::95,HYBRID_JANELIA::hybrid_drift_siprobe::rec_32c_600s_32,HYBRID_JANELIA,hybrid,domain_a,-2.5719628193636064,-1.151108890641712,-0.49744982454449865
hybrid_vs_paired_all,HYBRID_JANELIA::hybrid_drift_siprobe::rec_16c_600s_22::IronClust::16,HYBRID_JANELIA::hybrid_drift_siprobe::rec_16c_600s_22,HYBRID_JANELIA,hybrid,domain_a,-4.1199296100192155,-2.41243420829431,6.364513219215833
hybrid_vs_paired_all,HYBRID_JANELIA::hybrid_static_siprobe::rec_32c_600s_22::JRClust::42,HYBRID_JANELIA::hybrid_static_siprobe::rec_32c_600s_22,HYBRID_JANELIA,hybrid,domain_a,-2.5499408729894837,-1.7942122311249107,1.0251668284132855
hybrid_vs_paired_all,HYBRID_JANELIA::hybrid_drift_siprobe::rec_32c_600s_21::JRClust::15,HYBRID_JANELIA::hybrid_drift_siprobe::rec_32c_600s_21,HYBRID_JANELIA,hybrid,domain_a,-2.5969705052057264,-1.797840770855045,2.18942669065518
hybrid_vs_paired_all,HYBRID_JANELIA::hybrid_static_siprobe::rec_64c_1200s_11::HerdingSpikes2::34,HYBRID_JANELIA::hybrid_static_siprobe::rec_64c_1200s_11,HYBRID_JANELIA,hybrid,domain_a,-2.956615239548224,-1.9770654876832259,0.8117515142722932
hybrid_vs_paired_all,HYBRID_JANELIA::hybrid_drift_siprobe::rec_64c_600s_12::MountainSort4::51,HYBRID_JANELIA::hybrid_drift_siprobe::rec_64c_600s_12,HYBRID_JANELIA,hybrid,domain_a,-3.972384322522406,-3.1942039621794653,2.7951388001933344
hybrid_vs_paired_all,HYBRID_JANELIA::hybrid_drift_siprobe::rec_32c_600s_22::KiloSort::19,HYBRID_JANELIA::hybrid_drift_siprobe::rec_32c_600s_22,HYBRID_JANELIA,hybrid,domain_a,-3.5491785908929314,-2.4194991263374988,2.356628506337637
hybrid_vs_paired_all,HYBRID_JANELIA::hybrid_static_siprobe::rec_16c_1200s_11::IronClust::8,HYBRID_JANELIA::hybrid_static_siprobe::rec_16c_1200s_11,HYBRID_JANELIA,hybrid,domain_a,-2.8494572646887484,-2.3132588545410617,2.452256721283993
hybrid_vs_paired_all,HYBRID_JANELIA::hybrid_static_siprobe::rec_32c_600s_11::MountainSort4::62,HYBRID_JANELIA::hybrid_static_siprobe::rec_32c_600s_11,HYBRID_JANELIA,hybrid,domain_a,-2.7052229193730204,-2.1041011692488434,2.0811548711139807
hybrid_vs_paired_all,HYBRID_JANELIA::hybrid_drift_siprobe::rec_32c_1200s_11::SpykingCircus::21,HYBRID_JANELIA::hybrid_drift_siprobe::rec_32c_1200s_11,HYBRID_JANELIA,hybrid,domain_a,-2.2739437763536308,-1.096166192456662,0.43973741432997926
hybrid_vs_paired_all,HYBRID_JANELIA::hybrid_static_siprobe::rec_64c_600s_11::HerdingSpikes2::34,HYBRID_JANELIA::hybrid_static_siprobe::rec_64c_600s_11,HYBRID_JANELIA,hybrid,domain_a,-3.253590172778228,-2.840166816619149,1.1604373495209135
hybrid_vs_paired_all,HYBRID_JANELIA::hybrid_drift_siprobe::rec_16c_600s_11::IronClust::10,HYBRID_JANELIA::hybrid_drift_siprobe::rec_16c_600s_11,HYBRID_JANELIA,hybrid,domain_a,-2.8728828388443244,-1.702732903055755,3.2376940068887583
hybrid_vs_paired_all,HYBRID_JANELIA::hybrid_static_tetrode::rec_4c_1200s_11::KiloSort::3,HYBRID_JANELIA::hybrid_static_tetrode::rec_4c_1200s_11,HYBRID_JANELIA,hybrid,domain_a,-2.6799258627168525,-2.0689450575480555,2.108826858581808
hybrid_vs_paired_all,HYBRID_JANELIA::hybrid_drift_siprobe::rec_32c_1200s_21::Tridesclous::25,HYBRID_JANELIA::hybrid_drift_siprobe::rec_32c_1200s_21,HYBRID_JANELIA,hybrid,domain_a,-3.51351461643827,-1.7847145076905504,4.186187339469258
hybrid_vs_paired_all,HYBRID_JANELIA::hybrid_drift_siprobe::rec_64c_1200s_11::MountainSort4::176,HYBRID_JANELIA::hybrid_drift_siprobe::rec_64c_1200s_11,HYBRID_JANELIA,hybrid,domain_a,-4.0476836500337745,-2.963845325071464,2.5339798626436725
hybrid_vs_paired_all,HYBRID_JANELIA::hybrid_drift_siprobe::rec_32c_600s_32::KiloSort::152,HYBRID_JANELIA::hybrid_drift_siprobe::rec_32c_600s_32,HYBRID_JANELIA,hybrid,domain_a,-2.360640835898322,-1.967127605279229,1.1002920478965779
hybrid_vs_paired_all,HYBRID_JANELIA::hybrid_static_siprobe::rec_16c_600s_31::IronClust::17,HYBRID_JANELIA::hybrid_static_siprobe::rec_16c_600s_31,HYBRID_JANELIA,hybrid,domain_a,-2.639231702406924,-2.1289345801607458,2.0879246687475326
hybrid_vs_paired_all,HYBRID_JANELIA::hybrid_static_siprobe::rec_64c_1200s_11::MountainSort4::80,HYBRID_JANELIA::hybrid_static_siprobe::rec_64c_1200s_11,HYBRID_JANELIA,hybrid,domain_a,-2.9709139210953865,-1.8340057745629395,2.1284222147181535
hybrid_vs_paired_all,HYBRID_JANELIA::hybrid_drift_siprobe::rec_32c_600s_31::MountainSort4::43,HYBRID_JANELIA::hybrid_drift_siprobe::rec_32c_600s_31,HYBRID_JANELIA,hybrid,domain_a,-2.5980088176977008,0.0607122316228321,2.0266337048619305
hybrid_vs_paired_all,HYBRID_JANELIA::hybrid_static_tetrode::rec_4c_1200s_21::MountainSort4::20,HYBRID_JANELIA::hybrid_static_tetrode::rec_4c_1200s_21,HYBRID_JANELIA,hybrid,domain_a,-2.552492653132236,-1.916370837595975,1.5081589513596396
hybrid_vs_paired_all,HYBRID_JANELIA::hybrid_static_siprobe::rec_32c_600s_22::MountainSort4::99,HYBRID_JANELIA::hybrid_static_siprobe::rec_32c_600s_22,HYBRID_JANELIA,hybrid,domain_a,-4.098715093949234,-2.5524726070189807,2.8183945295380357
hybrid_vs_paired_all,HYBRID_JANELIA::hybrid_drift_siprobe::rec_32c_1200s_21::MountainSort4::92,HYBRID_JANELIA::hybrid_drift_siprobe::rec_32c_1200s_21,HYBRID_JANELIA,hybrid,domain_a,-1.9615675496984573,-0.6827553988902777,-0.4061847452855161
hybrid_vs_paired_all,HYBRID_JANELIA::hybrid_drift_siprobe::rec_16c_600s_31::SpykingCircus::33,HYBRID_JANELIA::hybrid_drift_siprobe::rec_16c_600s_31,HYBRID_JANELIA,hybrid,domain_a,-2.651555313911481,-1.637768092235717,2.074460862632482
hybrid_vs_paired_all,HYBRID_JANELIA::hybrid_drift_siprobe::rec_32c_600s_22::MountainSort4::60,HYBRID_JANELIA::hybrid_drift_siprobe::rec_32c_600s_22,HYBRID_JANELIA,hybrid,domain_a,-3.867132616747226,-2.8603472104409122,2.8908605134576555
hybrid_vs_paired_all,HYBRID_JANELIA::hybrid_drift_siprobe::rec_64c_1200s_11::Tridesclous::102,HYBRID_JANELIA::hybrid_drift_siprobe::rec_64c_1200s_11,HYBRID_JANELIA,hybrid,domain_a,-3.5141508497668714,-2.405156746127751,0.7668960368362354
hybrid_vs_paired_all,HYBRID_JANELIA::hybrid_static_tetrode::rec_4c_600s_31::SpykingCircus::6,HYBRID_JANELIA::hybrid_static_tetrode::rec_4c_600s_31,HYBRID_JANELIA,hybrid,domain_a,-2.517969028919424,-1.859273170660999,0.24864453722971308
hybrid_vs_paired_all,HYBRID_JANELIA::hybrid_drift_siprobe::rec_32c_1200s_31::MountainSort4::84,HYBRID_JANELIA::hybrid_drift_siprobe::rec_32c_1200s_31,HYBRID_JANELIA,hybrid,domain_a,-3.4303161124796677,-2.2549622528126965,2.595744393315737
hybrid_vs_paired_all,HYBRID_JANELIA::hybrid_drift_siprobe::rec_16c_600s_31::Tridesclous::18,HYBRID_JANELIA::hybrid_drift_siprobe::rec_16c_600s_31,HYBRID_JANELIA,hybrid,domain_a,-2.4072417429159016,-1.5782964585318755,0.4770375806556805
hybrid_vs_paired_all,HYBRID_JANELIA::hybrid_drift_siprobe::rec_16c_600s_11::Tridesclous::14,HYBRID_JANELIA::hybrid_drift_siprobe::rec_16c_600s_11,HYBRID_JANELIA,hybrid,domain_a,-3.4546835916480685,-2.2596132010143677,2.838667436945512
hybrid_vs_paired_all,HYBRID_JANELIA::hybrid_drift_siprobe::rec_32c_600s_22::SpykingCircus::45,HYBRID_JANELIA::hybrid_drift_siprobe::rec_32c_600s_22,HYBRID_JANELIA,hybrid,domain_a,-3.022761778588193,-1.2424567187674507,1.651291183720486
hybrid_vs_paired_all,HYBRID_JANELIA::hybrid_drift_siprobe::rec_32c_600s_11::KiloSort::75,HYBRID_JANELIA::hybrid_drift_siprobe::rec_32c_600s_11,HYBRID_JANELIA,hybrid,domain_a,-2.8918187623735,-2.2855835053889435,1.3930182906529898
hybrid_vs_paired_all,HYBRID_JANELIA::hybrid_static_siprobe::rec_32c_600s_21::MountainSort4::1,HYBRID_JANELIA::hybrid_static_siprobe::rec_32c_600s_21,HYBRID_JANELIA,hybrid,domain_a,-3.7155953158558424,-2.7263926853791594,2.95310031446503
hybrid_vs_paired_all,HYBRID_JANELIA::hybrid_static_siprobe::rec_32c_600s_31::MountainSort4::19,HYBRID_JANELIA::hybrid_static_siprobe::rec_32c_600s_31,HYBRID_JANELIA,hybrid,domain_a,-3.2604016238541864,-2.291378989768454,0.6343854043697622
hybrid_vs_paired_all,HYBRID_JANELIA::hybrid_static_tetrode::rec_4c_1200s_21::KiloSort2::7,HYBRID_JANELIA::hybrid_static_tetrode::rec_4c_1200s_21,HYBRID_JANELIA,hybrid,domain_a,-2.839164263321338,-1.6813539155074342,2.7951255509419766
hybrid_vs_paired_all,HYBRID_JANELIA::hybrid_drift_tetrode::rec_4c_1200s_11::IronClust::3,HYBRID_JANELIA::hybrid_drift_tetrode::rec_4c_1200s_11,HYBRID_JANELIA,hybrid,domain_a,-2.0478204261903206,-1.7132897948615733,0.9759136191139324
hybrid_vs_paired_all,HYBRID_JANELIA::hybrid_drift_siprobe::rec_16c_600s_11::JRClust::30,HYBRID_JANELIA::hybrid_drift_siprobe::rec_16c_600s_11,HYBRID_JANELIA,hybrid,domain_a,-2.1357572389020394,-0.3571196069712788,-1.1153218180973934
hybrid_vs_paired_all,HYBRID_JANELIA::hybrid_static_siprobe::rec_32c_600s_32::JRClust::41,HYBRID_JANELIA::hybrid_static_siprobe::rec_32c_600s_32,HYBRID_JANELIA,hybrid,domain_a,-3.519328458804875,-2.6728652027963773,1.6533047150292157
hybrid_vs_paired_all,HYBRID_JANELIA::hybrid_drift_siprobe::rec_32c_600s_11::IronClust::21,HYBRID_JANELIA::hybrid_drift_siprobe::rec_32c_600s_11,HYBRID_JANELIA,hybrid,domain_a,-3.0357776399844534,-1.673499194325026,1.3891568331735786
hybrid_vs_paired_all,HYBRID_JANELIA::hybrid_drift_siprobe::rec_32c_600s_31::IronClust::16,HYBRID_JANELIA::hybrid_drift_siprobe::rec_32c_600s_31,HYBRID_JANELIA,hybrid,domain_a,-3.367937956991679,-1.4226841194628517,1.5912496144288224
hybrid_vs_paired_all,HYBRID_JANELIA::hybrid_drift_siprobe::rec_64c_600s_12::MountainSort4::5,HYBRID_JANELIA::hybrid_drift_siprobe::rec_64c_600s_12,HYBRID_JANELIA,hybrid,domain_a,-3.06091562068108,-2.171930906714602,0.7405199943402696
hybrid_vs_paired_all,HYBRID_JANELIA::hybrid_drift_siprobe::rec_64c_600s_11::SpykingCircus::35,HYBRID_JANELIA::hybrid_drift_siprobe::rec_64c_600s_11,HYBRID_JANELIA,hybrid,domain_a,-3.3007837576627357,-1.8227036912306778,3.0108497786070947
hybrid_vs_paired_all,HYBRID_JANELIA::hybrid_drift_siprobe::rec_32c_600s_12::SpykingCircus::32,HYBRID_JANELIA::hybrid_drift_siprobe::rec_32c_600s_12,HYBRID_JANELIA,hybrid,domain_a,-3.3453466143140584,-2.013195489046922,3.2321249834529078
hybrid_vs_paired_all,HYBRID_JANELIA::hybrid_drift_siprobe::rec_16c_600s_12::MountainSort4::39,HYBRID_JANELIA::hybrid_drift_siprobe::rec_16c_600s_12,HYBRID_JANELIA,hybrid,domain_a,-2.476728028507311,-1.2262485919152692,2.3265657646737936
hybrid_vs_paired_all,HYBRID_JANELIA::hybrid_drift_siprobe::rec_64c_600s_12::HerdingSpikes2::173,HYBRID_JANELIA::hybrid_drift_siprobe::rec_64c_600s_12,HYBRID_JANELIA,hybrid,domain_a,-2.922055902384961,-1.408789091378169,5.852458212684339
hybrid_vs_paired_all,HYBRID_JANELIA::hybrid_static_siprobe::rec_16c_1200s_11::KiloSort2::10,HYBRID_JANELIA::hybrid_static_siprobe::rec_16c_1200s_11,HYBRID_JANELIA,hybrid,domain_a,-3.530797793090202,-2.156147187399291,2.735613352849254
hybrid_vs_paired_all,HYBRID_JANELIA::hybrid_static_siprobe::rec_64c_1200s_11::MountainSort4::158,HYBRID_JANELIA::hybrid_static_siprobe::rec_64c_1200s_11,HYBRID_JANELIA,hybrid,domain_a,-3.870340814472359,-2.4685645116800377,4.613037238446576
hybrid_vs_paired_all,HYBRID_JANELIA::hybrid_drift_siprobe::rec_64c_600s_11::JRClust::110,HYBRID_JANELIA::hybrid_drift_siprobe::rec_64c_600s_11,HYBRID_JANELIA,hybrid,domain_a,-2.6564732674627445,-1.2735160451139205,-1.0157340699214206
hybrid_vs_paired_all,HYBRID_JANELIA::hybrid_static_siprobe::rec_64c_600s_11::SpykingCircus::16,HYBRID_JANELIA::hybrid_static_siprobe::rec_64c_600s_11,HYBRID_JANELIA,hybrid,domain_a,-3.635888314805985,-2.9538842667452516,1.5673508713325461
hybrid_vs_paired_all,HYBRID_JANELIA::hybrid_static_siprobe::rec_32c_600s_32::MountainSort4::82,HYBRID_JANELIA::hybrid_static_siprobe::rec_32c_600s_32,HYBRID_JANELIA,hybrid,domain_a,-2.2311163681442534,-0.7497624651568243,0.30536229288454914
hybrid_vs_paired_all,HYBRID_JANELIA::hybrid_static_siprobe::rec_32c_600s_22::HerdingSpikes2::41,HYBRID_JANELIA::hybrid_static_siprobe::rec_32c_600s_22,HYBRID_JANELIA,hybrid,domain_a,-2.9828771611945,-1.0562904491063412,1.3701877701890657
hybrid_vs_paired_all,HYBRID_JANELIA::hybrid_drift_siprobe::rec_32c_600s_21::KiloSort::58,HYBRID_JANELIA::hybrid_drift_siprobe::rec_32c_600s_21,HYBRID_JANELIA,hybrid,domain_a,-3.7523468696252493,-1.9985763430994103,4.521176899042495
hybrid_vs_paired_all,HYBRID_JANELIA::hybrid_static_siprobe::rec_16c_600s_31::MountainSort4::21,HYBRID_JANELIA::hybrid_static_siprobe::rec_16c_600s_31,HYBRID_JANELIA,hybrid,domain_a,-3.796995136789803,-1.2214860304434054,2.7718650182585716
hybrid_vs_paired_all,HYBRID_JANELIA::hybrid_static_siprobe::rec_32c_600s_12::JRClust::2,HYBRID_JANELIA::hybrid_static_siprobe::rec_32c_600s_12,HYBRID_JANELIA,hybrid,domain_a,-4.658844261656577,-3.562849268269748,5.036237608816878
hybrid_vs_paired_all,HYBRID_JANELIA::hybrid_drift_siprobe::rec_64c_600s_12::JRClust::47,HYBRID_JANELIA::hybrid_drift_siprobe::rec_64c_600s_12,HYBRID_JANELIA,hybrid,domain_a,-2.810846209624188,-3.004272182176943,3.475283653788669
hybrid_vs_paired_all,HYBRID_JANELIA::hybrid_static_siprobe::rec_32c_600s_21::MountainSort4::43,HYBRID_JANELIA::hybrid_static_siprobe::rec_32c_600s_21,HYBRID_JANELIA,hybrid,domain_a,-3.5583775771804667,-2.8873350234677284,2.789360641001959
hybrid_vs_paired_all,HYBRID_JANELIA::hybrid_static_siprobe::rec_64c_600s_12::MountainSort4::144,HYBRID_JANELIA::hybrid_static_siprobe::rec_64c_600s_12,HYBRID_JANELIA,hybrid,domain_a,-2.8094781737259757,-2.367979366580085,1.7715219366723687
hybrid_vs_paired_all,HYBRID_JANELIA::hybrid_drift_siprobe::rec_32c_1200s_11::KiloSort2::16,HYBRID_JANELIA::hybrid_drift_siprobe::rec_32c_1200s_11,HYBRID_JANELIA,hybrid,domain_a,-3.073172896619988,-1.8748936106761,2.284377940333347
hybrid_vs_paired_all,HYBRID_JANELIA::hybrid_drift_siprobe::rec_32c_600s_31::KiloSort2::3,HYBRID_JANELIA::hybrid_drift_siprobe::rec_32c_600s_31,HYBRID_JANELIA,hybrid,domain_a,-3.4657904863636557,-1.8997116285930193,2.5201142612759675
hybrid_vs_paired_all,HYBRID_JANELIA::hybrid_static_tetrode::rec_4c_600s_31::KiloSort::3,HYBRID_JANELIA::hybrid_static_tetrode::rec_4c_600s_31,HYBRID_JANELIA,hybrid,domain_a,-2.7582008245272975,-2.315998922917299,2.0245801258290492
hybrid_vs_paired_all,HYBRID_JANELIA::hybrid_drift_siprobe::rec_64c_1200s_11::MountainSort4::361,HYBRID_JANELIA::hybrid_drift_siprobe::rec_64c_1200s_11,HYBRID_JANELIA,hybrid,domain_a,-3.1426494011287014,-1.7504971665141145,2.379379402653705
hybrid_vs_paired_all,HYBRID_JANELIA::hybrid_drift_siprobe::rec_16c_1200s_31::MountainSort4::57,HYBRID_JANELIA::hybrid_drift_siprobe::rec_16c_1200s_31,HYBRID_JANELIA,hybrid,domain_a,-2.6541459096223114,-1.4015798105049921,1.9133443090612865
hybrid_vs_paired_all,HYBRID_JANELIA::hybrid_drift_siprobe::rec_32c_600s_31::MountainSort4::47,HYBRID_JANELIA::hybrid_drift_siprobe::rec_32c_600s_31,HYBRID_JANELIA,hybrid,domain_a,-2.328815470337135,-1.1292093087614554,0.5971745862634283
hybrid_vs_paired_all,HYBRID_JANELIA::hybrid_drift_siprobe::rec_16c_600s_22::HerdingSpikes2::53,HYBRID_JANELIA::hybrid_drift_siprobe::rec_16c_600s_22,HYBRID_JANELIA,hybrid,domain_a,-3.2012896820610983,-1.705160391506435,1.9031173327848037
hybrid_vs_paired_all,HYBRID_JANELIA::hybrid_static_siprobe::rec_64c_1200s_11::IronClust::49,HYBRID_JANELIA::hybrid_static_siprobe::rec_64c_1200s_11,HYBRID_JANELIA,hybrid,domain_a,-2.8293473585895708,-2.007011091769961,0.5863307600279182
hybrid_vs_paired_all,HYBRID_JANELIA::hybrid_static_siprobe::rec_32c_600s_32::HerdingSpikes2::27,HYBRID_JANELIA::hybrid_static_siprobe::rec_32c_600s_32,HYBRID_JANELIA,hybrid,domain_a,-3.0143273353652806,-1.8860879792153955,2.5852054281384302
hybrid_vs_paired_all,HYBRID_JANELIA::hybrid_drift_siprobe::rec_16c_600s_22::MountainSort4::71,HYBRID_JANELIA::hybrid_drift_siprobe::rec_16c_600s_22,HYBRID_JANELIA,hybrid,domain_a,-2.3698942612098572,0.2590258518137044,-1.3704955239015104
hybrid_vs_paired_all,HYBRID_JANELIA::hybrid_drift_siprobe::rec_16c_600s_32::Tridesclous::2,HYBRID_JANELIA::hybrid_drift_siprobe::rec_16c_600s_32,HYBRID_JANELIA,hybrid,domain_a,-2.283565491682368,-1.6564996888761727,1.3665828800845687
hybrid_vs_paired_all,HYBRID_JANELIA::hybrid_drift_siprobe::rec_64c_600s_12::JRClust::12,HYBRID_JANELIA::hybrid_drift_siprobe::rec_64c_600s_12,HYBRID_JANELIA,hybrid,domain_a,-2.6947274022048715,-1.8810207161265837,1.2948372280525013
hybrid_vs_paired_all,HYBRID_JANELIA::hybrid_static_siprobe::rec_32c_1200s_31::MountainSort4::156,HYBRID_JANELIA::hybrid_static_siprobe::rec_32c_1200s_31,HYBRID_JANELIA,hybrid,domain_a,-2.578251853724083,-1.57767549991694,-0.28038856532731843
hybrid_vs_paired_all,HYBRID_JANELIA::hybrid_drift_tetrode::rec_4c_600s_12::Tridesclous::4,HYBRID_JANELIA::hybrid_drift_tetrode::rec_4c_600s_12,HYBRID_JANELIA,hybrid,domain_a,-2.2933144738127487,-1.5612882583558014,1.2955649498170292
hybrid_vs_paired_all,HYBRID_JANELIA::hybrid_drift_siprobe::rec_16c_600s_31::MountainSort4::69,HYBRID_JANELIA::hybrid_drift_siprobe::rec_16c_600s_31,HYBRID_JANELIA,hybrid,domain_a,-2.5582170065093357,-1.1747977803741614,1.9010404799474663
hybrid_vs_paired_all,HYBRID_JANELIA::hybrid_drift_siprobe::rec_64c_1200s_11::JRClust::95,HYBRID_JANELIA::hybrid_drift_siprobe::rec_64c_1200s_11,HYBRID_JANELIA,hybrid,domain_a,-2.151996165592319,-0.982649999612693,1.3321534508745763
hybrid_vs_paired_all,HYBRID_JANELIA::hybrid_static_siprobe::rec_64c_600s_12::KiloSort::43,HYBRID_JANELIA::hybrid_static_siprobe::rec_64c_600s_12,HYBRID_JANELIA,hybrid,domain_a,-3.6742382891256176,-2.508788939320888,3.3364051127895404
hybrid_vs_paired_all,HYBRID_JANELIA::hybrid_drift_siprobe::rec_64c_1200s_11::KiloSort::50,HYBRID_JANELIA::hybrid_drift_siprobe::rec_64c_1200s_11,HYBRID_JANELIA,hybrid,domain_a,-3.5830160640394677,-2.8782985211771703,2.346938900838435
hybrid_vs_paired_all,HYBRID_JANELIA::hybrid_static_siprobe::rec_32c_600s_21::SpykingCircus::2,HYBRID_JANELIA::hybrid_static_siprobe::rec_32c_600s_21,HYBRID_JANELIA,hybrid,domain_a,-3.061920710233297,-2.555666000632774,1.751780724531485
hybrid_vs_paired_all,HYBRID_JANELIA::hybrid_static_siprobe::rec_16c_1200s_21::SpykingCircus::13,HYBRID_JANELIA::hybrid_static_siprobe::rec_16c_1200s_21,HYBRID_JANELIA,hybrid,domain_a,-2.8919466736652044,-2.111527509780826,2.6381153713822014
hybrid_vs_paired_all,HYBRID_JANELIA::hybrid_static_siprobe::rec_16c_600s_22::HerdingSpikes2::19,HYBRID_JANELIA::hybrid_static_siprobe::rec_16c_600s_22,HYBRID_JANELIA,hybrid,domain_a,-2.8987734707864132,-1.962460068197129,1.8623309224402556
hybrid_vs_paired_all,HYBRID_JANELIA::hybrid_drift_siprobe::rec_64c_600s_11::MountainSort4::209,HYBRID_JANELIA::hybrid_drift_siprobe::rec_64c_600s_11,HYBRID_JANELIA,hybrid,domain_a,-2.4416646468937935,-2.1283300426036447,0.6068230724144874
hybrid_vs_paired_all,HYBRID_JANELIA::hybrid_drift_siprobe::rec_16c_1200s_21::KiloSort2::1,HYBRID_JANELIA::hybrid_drift_siprobe::rec_16c_1200s_21,HYBRID_JANELIA,hybrid,domain_a,-2.8726638693975786,-2.3076207589079987,1.3399372175562316
hybrid_vs_paired_all,HYBRID_JANELIA::hybrid_drift_siprobe::rec_32c_600s_32::HerdingSpikes2::91,HYBRID_JANELIA::hybrid_drift_siprobe::rec_32c_600s_32,HYBRID_JANELIA,hybrid,domain_a,-2.845236180970725,-1.1603535315046603,1.8689697513583194
hybrid_vs_paired_all,HYBRID_JANELIA::hybrid_drift_siprobe::rec_32c_600s_32::IronClust::33,HYBRID_JANELIA::hybrid_drift_siprobe::rec_32c_600s_32,HYBRID_JANELIA,hybrid,domain_a,-2.597951916060386,-2.1431362048155544,2.5331501903645446
hybrid_vs_paired_all,HYBRID_JANELIA::hybrid_static_siprobe::rec_32c_1200s_11::SpykingCircus::31,HYBRID_JANELIA::hybrid_static_siprobe::rec_32c_1200s_11,HYBRID_JANELIA,hybrid,domain_a,-2.7566452805547823,-2.3188464369887387,2.122222997944974
hybrid_vs_paired_all,HYBRID_JANELIA::hybrid_drift_siprobe::rec_16c_600s_21::MountainSort4::72,HYBRID_JANELIA::hybrid_drift_siprobe::rec_16c_600s_21,HYBRID_JANELIA,hybrid,domain_a,-2.33108248531485,-1.4940190511856128,1.8397701598537204
hybrid_vs_paired_all,HYBRID_JANELIA::hybrid_static_tetrode::rec_4c_600s_11::IronClust::2,HYBRID_JANELIA::hybrid_static_tetrode::rec_4c_600s_11,HYBRID_JANELIA,hybrid,domain_a,-2.1646944923957365,-1.9950897409341357,0.9658804150367748
hybrid_vs_paired_all,HYBRID_JANELIA::hybrid_drift_siprobe::rec_64c_1200s_11::Tridesclous::65,HYBRID_JANELIA::hybrid_drift_siprobe::rec_64c_1200s_11,HYBRID_JANELIA,hybrid,domain_a,-2.6298076535828354,-2.1166567076996965,1.4143680480535195
hybrid_vs_paired_all,HYBRID_JANELIA::hybrid_drift_siprobe::rec_16c_1200s_31::KiloSort::2,HYBRID_JANELIA::hybrid_drift_siprobe::rec_16c_1200s_31,HYBRID_JANELIA,hybrid,domain_a,-2.900267943579228,-1.8371407699461044,0.8153386595976598
hybrid_vs_paired_all,HYBRID_JANELIA::hybrid_drift_tetrode::rec_4c_600s_32::HerdingSpikes2::14,HYBRID_JANELIA::hybrid_drift_tetrode::rec_4c_600s_32,HYBRID_JANELIA,hybrid,domain_a,-3.315853627395312,-1.8822890977312299,2.150078565230761
hybrid_vs_paired_all,HYBRID_JANELIA::hybrid_drift_tetrode::rec_4c_1200s_21::MountainSort4::6,HYBRID_JANELIA::hybrid_drift_tetrode::rec_4c_1200s_21,HYBRID_JANELIA,hybrid,domain_a,-2.2998124423700035,-1.9221830357701242,1.7478446104465575
hybrid_vs_paired_all,HYBRID_JANELIA::hybrid_static_siprobe::rec_32c_600s_32::SpykingCircus::19,HYBRID_JANELIA::hybrid_static_siprobe::rec_32c_600s_32,HYBRID_JANELIA,hybrid,domain_a,-1.6278944164006877,0.2850273754409577,1.2762687040739293
hybrid_vs_paired_all,HYBRID_JANELIA::hybrid_drift_siprobe::rec_16c_600s_31::Tridesclous::27,HYBRID_JANELIA::hybrid_drift_siprobe::rec_16c_600s_31,HYBRID_JANELIA,hybrid,domain_a,-2.936213362139473,-1.5544387744373689,1.2117530227173272
hybrid_vs_paired_all,HYBRID_JANELIA::hybrid_drift_siprobe::rec_32c_1200s_31::KiloSort::31,HYBRID_JANELIA::hybrid_drift_siprobe::rec_32c_1200s_31,HYBRID_JANELIA,hybrid,domain_a,-2.810496833717022,-1.5037229530560974,0.4105425361483156
hybrid_vs_paired_all,HYBRID_JANELIA::hybrid_drift_siprobe::rec_32c_600s_31::Tridesclous::59,HYBRID_JANELIA::hybrid_drift_siprobe::rec_32c_600s_31,HYBRID_JANELIA,hybrid,domain_a,-2.043242636090945,-0.58722553731473,0.6978417110617954
hybrid_vs_paired_all,HYBRID_JANELIA::hybrid_static_siprobe::rec_64c_1200s_11::JRClust::40,HYBRID_JANELIA::hybrid_static_siprobe::rec_64c_1200s_11,HYBRID_JANELIA,hybrid,domain_a,-2.4414553904216523,0.9256762468158506,-0.7747183621608773
hybrid_vs_paired_all,HYBRID_JANELIA::hybrid_drift_siprobe::rec_16c_600s_21::IronClust::8,HYBRID_JANELIA::hybrid_drift_siprobe::rec_16c_600s_21,HYBRID_JANELIA,hybrid,domain_a,-2.4478568939654863,-1.504092065265788,0.5079660697755739
hybrid_vs_paired_all,HYBRID_JANELIA::hybrid_drift_siprobe::rec_32c_600s_32::MountainSort4::30,HYBRID_JANELIA::hybrid_drift_siprobe::rec_32c_600s_32,HYBRID_JANELIA,hybrid,domain_a,-2.8069259311477874,-1.7801972600419766,2.3262799576310647
hybrid_vs_paired_all,HYBRID_JANELIA::hybrid_drift_siprobe::rec_64c_600s_12::HerdingSpikes2::1,HYBRID_JANELIA::hybrid_drift_siprobe::rec_64c_600s_12,HYBRID_JANELIA,hybrid,domain_a,-3.173852131455329,-2.007971082868663,0.8096913414270004
hybrid_vs_paired_all,HYBRID_JANELIA::hybrid_drift_siprobe::rec_32c_600s_22::Tridesclous::29,HYBRID_JANELIA::hybrid_drift_siprobe::rec_32c_600s_22,HYBRID_JANELIA,hybrid,domain_a,-2.4294102512728744,-0.9129862061138279,-0.3952068445256743
hybrid_vs_paired_all,HYBRID_JANELIA::hybrid_drift_siprobe::rec_32c_600s_12::HerdingSpikes2::39,HYBRID_JANELIA::hybrid_drift_siprobe::rec_32c_600s_12,HYBRID_JANELIA,hybrid,domain_a,-2.348033794703377,-2.012646191102481,2.8691062868509327
hybrid_vs_paired_all,HYBRID_JANELIA::hybrid_drift_siprobe::rec_32c_1200s_31::MountainSort4::179,HYBRID_JANELIA::hybrid_drift_siprobe::rec_32c_1200s_31,HYBRID_JANELIA,hybrid,domain_a,-2.4145073609435324,-1.5011494711919955,0.3369261301052073
hybrid_vs_paired_all,HYBRID_JANELIA::hybrid_drift_siprobe::rec_16c_600s_11::MountainSort4::50,HYBRID_JANELIA::hybrid_drift_siprobe::rec_16c_600s_11,HYBRID_JANELIA,hybrid,domain_a,-2.446181285187101,-2.070406048303642,4.895567300161353
hybrid_vs_paired_all,HYBRID_JANELIA::hybrid_drift_siprobe::rec_32c_1200s_11::HerdingSpikes2::4,HYBRID_JANELIA::hybrid_drift_siprobe::rec_32c_1200s_11,HYBRID_JANELIA,hybrid,domain_a,-3.1854046271167187,-1.5581257923953247,2.36675152109559
hybrid_vs_paired_all,HYBRID_JANELIA::hybrid_static_siprobe::rec_64c_1200s_11::JRClust::12,HYBRID_JANELIA::hybrid_static_siprobe::rec_64c_1200s_11,HYBRID_JANELIA,hybrid,domain_a,-2.590541213034672,-2.356844370414139,0.3247838183520154
hybrid_vs_paired_all,HYBRID_JANELIA::hybrid_static_tetrode::rec_4c_600s_21::KiloSort2::7,HYBRID_JANELIA::hybrid_static_tetrode::rec_4c_600s_21,HYBRID_JANELIA,hybrid,domain_a,-4.264514657231222,-1.235042982504261,5.14545770637741
hybrid_vs_paired_all,HYBRID_JANELIA::hybrid_static_siprobe::rec_32c_600s_21::MountainSort4::63,HYBRID_JANELIA::hybrid_static_siprobe::rec_32c_600s_21,HYBRID_JANELIA,hybrid,domain_a,-4.001944043017092,-2.4516871714525803,2.731474711629475
hybrid_vs_paired_all,HYBRID_JANELIA::hybrid_static_siprobe::rec_16c_600s_31::MountainSort4::19,HYBRID_JANELIA::hybrid_static_siprobe::rec_16c_600s_31,HYBRID_JANELIA,hybrid,domain_a,-2.6511402590971715,-1.9093648424450296,1.1728512676686507
hybrid_vs_paired_all,HYBRID_JANELIA::hybrid_static_siprobe::rec_32c_600s_22::KiloSort2::31,HYBRID_JANELIA::hybrid_static_siprobe::rec_32c_600s_22,HYBRID_JANELIA,hybrid,domain_a,-3.8659407582660457,0.22838374702743297,0.9382505048958942
hybrid_vs_paired_all,HYBRID_JANELIA::hybrid_drift_siprobe::rec_32c_1200s_31::MountainSort4::191,HYBRID_JANELIA::hybrid_drift_siprobe::rec_32c_1200s_31,HYBRID_JANELIA,hybrid,domain_a,-2.4516846626838564,-1.6997726335242165,1.4160237980705987
hybrid_vs_paired_all,HYBRID_JANELIA::hybrid_drift_siprobe::rec_32c_600s_22::SpykingCircus::28,HYBRID_JANELIA::hybrid_drift_siprobe::rec_32c_600s_22,HYBRID_JANELIA,hybrid,domain_a,-3.6398475819717664,-1.7411472383269302,3.0137100372337664
hybrid_vs_paired_all,HYBRID_JANELIA::hybrid_static_siprobe::rec_64c_600s_11::SpykingCircus::64,HYBRID_JANELIA::hybrid_static_siprobe::rec_64c_600s_11,HYBRID_JANELIA,hybrid,domain_a,-2.9427387993755993,-2.520578260988559,1.6871092441606739
hybrid_vs_paired_all,HYBRID_JANELIA::hybrid_drift_siprobe::rec_64c_600s_11::HerdingSpikes2::181,HYBRID_JANELIA::hybrid_drift_siprobe::rec_64c_600s_11,HYBRID_JANELIA,hybrid,domain_a,-1.9597058689390547,-0.25687339184304886,0.8623118103353354
hybrid_vs_paired_all,HYBRID_JANELIA::hybrid_static_siprobe::rec_32c_600s_31::MountainSort4::72,HYBRID_JANELIA::hybrid_static_siprobe::rec_32c_600s_31,HYBRID_JANELIA,hybrid,domain_a,-2.1384714136761924,-0.9913709438658719,0.03896941360991231
hybrid_vs_paired_all,HYBRID_JANELIA::hybrid_static_siprobe::rec_64c_600s_11::KiloSort::153,HYBRID_JANELIA::hybrid_static_siprobe::rec_64c_600s_11,HYBRID_JANELIA,hybrid,domain_a,-2.957138896148586,-2.6402273513242367,1.8842415962439494
hybrid_vs_paired_all,HYBRID_JANELIA::hybrid_drift_siprobe::rec_32c_600s_21::HerdingSpikes2::8,HYBRID_JANELIA::hybrid_drift_siprobe::rec_32c_600s_21,HYBRID_JANELIA,hybrid,domain_a,-3.426798096161417,-2.5347432063865325,2.8342706692213997
hybrid_vs_paired_all,HYBRID_JANELIA::hybrid_drift_siprobe::rec_32c_600s_11::IronClust::37,HYBRID_JANELIA::hybrid_drift_siprobe::rec_32c_600s_11,HYBRID_JANELIA,hybrid,domain_a,-3.350764652948011,-2.307013378193043,1.5562585747551363
hybrid_vs_paired_all,HYBRID_JANELIA::hybrid_drift_siprobe::rec_32c_600s_11::MountainSort4::56,HYBRID_JANELIA::hybrid_drift_siprobe::rec_32c_600s_11,HYBRID_JANELIA,hybrid,domain_a,-2.7634924988657255,-1.5839491830100159,0.8235605470815865
hybrid_vs_paired_all,HYBRID_JANELIA::hybrid_drift_siprobe::rec_32c_600s_12::MountainSort4::39,HYBRID_JANELIA::hybrid_drift_siprobe::rec_32c_600s_12,HYBRID_JANELIA,hybrid,domain_a,-3.799445935450237,-2.9712805482890654,3.040097142294749
hybrid_vs_paired_all,HYBRID_JANELIA::hybrid_drift_siprobe::rec_16c_1200s_21::HerdingSpikes2::19,HYBRID_JANELIA::hybrid_drift_siprobe::rec_16c_1200s_21,HYBRID_JANELIA,hybrid,domain_a,-2.339374524069605,-1.1744171521254707,1.2299751852853131
hybrid_vs_paired_all,HYBRID_JANELIA::hybrid_static_siprobe::rec_32c_1200s_11::MountainSort4::71,HYBRID_JANELIA::hybrid_static_siprobe::rec_32c_1200s_11,HYBRID_JANELIA,hybrid,domain_a,-3.8935771873746106,-2.7130277102999507,3.048184078293835
hybrid_vs_paired_all,HYBRID_JANELIA::hybrid_drift_siprobe::rec_16c_600s_12::MountainSort4::65,HYBRID_JANELIA::hybrid_drift_siprobe::rec_16c_600s_12,HYBRID_JANELIA,hybrid,domain_a,-2.690401232138254,-1.1060891938436843,1.0076786861080214
hybrid_vs_paired_all,HYBRID_JANELIA::hybrid_drift_siprobe::rec_32c_1200s_21::JRClust::57,HYBRID_JANELIA::hybrid_drift_siprobe::rec_32c_1200s_21,HYBRID_JANELIA,hybrid,domain_a,-2.5524098668150863,-1.6085087670065807,1.7368517781862298
hybrid_vs_paired_all,PAIRED_MEA64C_YGER::paired_mea64c::20170621_patch1::KiloSort2::68,PAIRED_MEA64C_YGER::paired_mea64c::20170621_patch1,PAIRED_MEA64C_YGER,paired,domain_b,0.04317878428353075,2.4194168744588604,-6.763079261138499
hybrid_vs_paired_all,PAIRED_ENGLISH::paired_english::m57_191105_141906::MountainSort4::63,PAIRED_ENGLISH::paired_english::m57_191105_141906,PAIRED_ENGLISH,paired,domain_b,7.920352154989761,-0.10524751974008335,-0.25264507420143095
hybrid_vs_paired_all,PAIRED_MEA64C_YGER::paired_mea64c::20160415_patch2::HerdingSpikes2::258,PAIRED_MEA64C_YGER::paired_mea64c::20160415_patch2,PAIRED_MEA64C_YGER,paired,domain_b,-0.574086103623498,1.515297454938073,-5.014810230622516
hybrid_vs_paired_all,PAIRED_ENGLISH::paired_english::m26_190524_100859_cell1::KiloSort::32,PAIRED_ENGLISH::paired_english::m26_190524_100859_cell1,PAIRED_ENGLISH,paired,domain_b,0.411948828468689,3.2939788671168335,-0.946661212310771
hybrid_vs_paired_all,PAIRED_BOYDEN::paired_boyden32c::419_1_7::Klusta::17,PAIRED_BOYDEN::paired_boyden32c::419_1_7,PAIRED_BOYDEN,paired,domain_b,6.03537014744312,-1.6681322023124319,0.23690658832990802
hybrid_vs_paired_all,PAIRED_ENGLISH::paired_english::m139_200114_205038::HerdingSpikes2::13,PAIRED_ENGLISH::paired_english::m139_200114_205038,PAIRED_ENGLISH,paired,domain_b,0.24441701662665005,1.9729499875326155,-1.31526689504741
hybrid_vs_paired_all,PAIRED_KAMPFF::paired_kampff::2015_09_03_Pair_9_0B::KiloSort2::118,PAIRED_KAMPFF::paired_kampff::2015_09_03_Pair_9_0B,PAIRED_KAMPFF,paired,domain_b,15.908771719218823,-0.2434454850680559,-0.13455640756678108
hybrid_vs_paired_all,PAIRED_BOYDEN::paired_boyden32c::419_1_7::JRClust::37,PAIRED_BOYDEN::paired_boyden32c::419_1_7,PAIRED_BOYDEN,paired,domain_b,6.82509736839604,-1.0053229443740792,0.3072243058524257
hybrid_vs_paired_all,PAIRED_ENGLISH::paired_english::m139_200114_222743::KiloSort2::37,PAIRED_ENGLISH::paired_english::m139_200114_222743,PAIRED_ENGLISH,paired,domain_b,1.0734307832105177,5.261139766110699,-1.9783930419458975
hybrid_vs_paired_all,PAIRED_ENGLISH::paired_english::m57_191105_161455::MountainSort4::72,PAIRED_ENGLISH::paired_english::m57_191105_161455,PAIRED_ENGLISH,paired,domain_b,5.041640815098313,-0.1269410925476745,0.47618588379621446
hybrid_vs_paired_all,PAIRED_ENGLISH::paired_english::m108_191125_171427::MountainSort4::37,PAIRED_ENGLISH::paired_english::m108_191125_171427,PAIRED_ENGLISH,paired,domain_b,-0.7951658708349145,2.291568315612454,-0.9990483147301976
hybrid_vs_paired_all,PAIRED_ENGLISH::paired_english::m57_191105_141906::SpykingCircus::10,PAIRED_ENGLISH::paired_english::m57_191105_141906,PAIRED_ENGLISH,paired,domain_b,6.360887128582726,0.9281644643319414,-1.650767436360503
hybrid_vs_paired_all,PAIRED_ENGLISH::paired_english::m139_200114_222743::IronClust::8,PAIRED_ENGLISH::paired_english::m139_200114_222743,PAIRED_ENGLISH,paired,domain_b,-0.7162936746434031,2.44147089667245,0.3188647878700693
hybrid_vs_paired_all,PAIRED_ENGLISH::paired_english::m108_191125_171427::IronClust::25,PAIRED_ENGLISH::paired_english::m108_191125_171427,PAIRED_ENGLISH,paired,domain_b,0.6093911590879171,2.2800562785842757,-3.5164602263253673
hybrid_vs_paired_all,PAIRED_MEA64C_YGER::paired_mea64c::20170622_patch2::JRClust::11,PAIRED_MEA64C_YGER::paired_mea64c::20170622_patch2,PAIRED_MEA64C_YGER,paired,domain_b,-1.4735507350777055,-0.670274698548173,-2.2721067033617834
hybrid_vs_paired_all,PAIRED_CRCNS_HC1::paired_crcns::d11222_d11222.002::KiloSort2::1,PAIRED_CRCNS_HC1::paired_crcns::d11222_d11222.002,PAIRED_CRCNS_HC1,paired,domain_b,4.5329974428327775,1.6225627209760993,-1.5325543019773216
hybrid_vs_paired_all,PAIRED_KAMPFF::paired_kampff::2015_09_03_Pair_9_0A::MountainSort4::35,PAIRED_KAMPFF::paired_kampff::2015_09_03_Pair_9_0A,PAIRED_KAMPFF,paired,domain_b,19.59562961370545,-2.7415713888376385,1.3813104696845342
hybrid_vs_paired_all,PAIRED_KAMPFF::paired_kampff::2014_11_25_Pair_3_0::SpykingCircus::22,PAIRED_KAMPFF::paired_kampff::2014_11_25_Pair_3_0,PAIRED_KAMPFF,paired,domain_b,20.47594297877301,-1.6190746531167302,2.1351774990573555
hybrid_vs_paired_all,PAIRED_BOYDEN::paired_boyden32c::419_1_8::KiloSort::0,PAIRED_BOYDEN::paired_boyden32c::419_1_8,PAIRED_BOYDEN,paired,domain_b,9.868447678081433,-1.2143292787754199,-0.946210703768353
hybrid_vs_paired_all,PAIRED_ENGLISH::paired_english::m15_190315_142052_cell1::MountainSort4::13,PAIRED_ENGLISH::paired_english::m15_190315_142052_cell1,PAIRED_ENGLISH,paired,domain_b,5.020750884221218,6.452691228799795,1.8537524526093057
hybrid_vs_paired_all,PAIRED_BOYDEN::paired_boyden32c::419_1_7::SpykingCircus::2,PAIRED_BOYDEN::paired_boyden32c::419_1_7,PAIRED_BOYDEN,paired,domain_b,-6.431586150708125,4.9992168346773,-1.7154047014026328
hybrid_vs_paired_all,PAIRED_KAMPFF::paired_kampff::2015_09_03_Pair_9_0B::JRClust::67,PAIRED_KAMPFF::paired_kampff::2015_09_03_Pair_9_0B,PAIRED_KAMPFF,paired,domain_b,19.095967804630416,-2.575799528865573,1.1698848947004543
hybrid_vs_paired_all,PAIRED_ENGLISH::paired_english::m139_200114_205038::KiloSort2::10,PAIRED_ENGLISH::paired_english::m139_200114_205038,PAIRED_ENGLISH,paired,domain_b,8.34568835358298,2.29408019262929,0.6814787760522976
hybrid_vs_paired_all,PAIRED_MEA64C_YGER::paired_mea64c::20170622_patch1::MountainSort4::3,PAIRED_MEA64C_YGER::paired_mea64c::20170622_patch1,PAIRED_MEA64C_YGER,paired,domain_b,-2.3186125523300123,-0.4512324169059352,-3.414605912010882
hybrid_vs_paired_all,PAIRED_BOYDEN::paired_boyden32c::419_1_7::MountainSort4::19,PAIRED_BOYDEN::paired_boyden32c::419_1_7,PAIRED_BOYDEN,paired,domain_b,5.703958296591884,-0.658453062710658,0.7075125859503766
hybrid_vs_paired_all,PAIRED_ENGLISH::paired_english::m57_191105_161455::HerdingSpikes2::21,PAIRED_ENGLISH::paired_english::m57_191105_161455,PAIRED_ENGLISH,paired,domain_b,1.1979915003465025,2.9984620653337246,-3.823462828535404
hybrid_vs_paired_all,PAIRED_ENGLISH::paired_english::m139_200114_191955::SpykingCircus::48,PAIRED_ENGLISH::paired_english::m139_200114_191955,PAIRED_ENGLISH,paired,domain_b,-0.3563258812373645,2.791499878368838,-0.5582929210494144
hybrid_vs_paired_all,PAIRED_ENGLISH::paired_english::m139_200114_205038::MountainSort4::21,PAIRED_ENGLISH::paired_english::m139_200114_205038,PAIRED_ENGLISH,paired,domain_b,4.122935790238911,2.7085688471153473,-2.879532995269317
hybrid_vs_paired_all,PAIRED_ENGLISH::paired_english::m139_200114_205038::KiloSort::183,PAIRED_ENGLISH::paired_english::m139_200114_205038,PAIRED_ENGLISH,paired,domain_b,-1.0102812990562209,3.609425461699614,-2.8856514313187156
hybrid_vs_paired_all,PAIRED_MEA64C_YGER::paired_mea64c::20160415_patch2::SpykingCircus::16,PAIRED_MEA64C_YGER::paired_mea64c::20160415_patch2,PAIRED_MEA64C_YGER,paired,domain_b,-1.396144235641176,0.6252505160122039,-4.392341954106202
hybrid_vs_paired_all,PAIRED_ENGLISH::paired_english::m57_191105_141906::MountainSort4::26,PAIRED_ENGLISH::paired_english::m57_191105_141906,PAIRED_ENGLISH,paired,domain_b,4.227318585577893,0.40241884990267396,-0.025487325135004672
hybrid_vs_paired_all,PAIRED_MEA64C_YGER::paired_mea64c::20160415_patch2::SpykingCircus::78,PAIRED_MEA64C_YGER::paired_mea64c::20160415_patch2,PAIRED_MEA64C_YGER,paired,domain_b,-1.7390998028669986,-0.40696698450284585,-2.8143605397945897
hybrid_vs_paired_all,PAIRED_MEA64C_YGER::paired_mea64c::20170622_patch2::SpykingCircus::81,PAIRED_MEA64C_YGER::paired_mea64c::20170622_patch2,PAIRED_MEA64C_YGER,paired,domain_b,-0.6605113940519335,1.3677021985572595,-5.528656262438609
hybrid_vs_paired_all,PAIRED_ENGLISH::paired_english::m139_200114_222743::MountainSort4::60,PAIRED_ENGLISH::paired_english::m139_200114_222743,PAIRED_ENGLISH,paired,domain_b,4.3558624255988425,0.30274601294277526,-0.06917141060101177
hybrid_vs_paired_all,PAIRED_ENGLISH::paired_english::m15_190315_142052_cell1::KiloSort2::7,PAIRED_ENGLISH::paired_english::m15_190315_142052_cell1,PAIRED_ENGLISH,paired,domain_b,2.7989676840497926,43.5102444273153,16.679086160277336
hybrid_vs_paired_all,PAIRED_ENGLISH::paired_english::m15_190315_152315_cell1::MountainSort4::54,PAIRED_ENGLISH::paired_english::m15_190315_152315_cell1,PAIRED_ENGLISH,paired,domain_b,3.142553342805205,1.3286717050180343,0.11967096142020305
hybrid_vs_paired_all,PAIRED_ENGLISH::paired_english::m57_191105_153915::MountainSort4::46,PAIRED_ENGLISH::paired_english::m57_191105_153915,PAIRED_ENGLISH,paired,domain_b,6.214907709715956,0.902329323072883,1.2341903480943055
hybrid_vs_paired_all,PAIRED_MEA64C_YGER::paired_mea64c::20170622_patch2::IronClust::17,PAIRED_MEA64C_YGER::paired_mea64c::20170622_patch2,PAIRED_MEA64C_YGER,paired,domain_b,-2.5675082387827097,-1.1707685801131733,-0.6238347955146742
hybrid_vs_paired_all,PAIRED_ENGLISH::paired_english::m57_191105_153915::SpykingCircus::26,PAIRED_ENGLISH::paired_english::m57_191105_153915,PAIRED_ENGLISH,paired,domain_b,-10.754892267139459,9.401949660840167,-2.5755938262090634
hybrid_vs_paired_all,PAIRED_ENGLISH::paired_english::m139_200114_191955::HerdingSpikes2::7,PAIRED_ENGLISH::paired_english::m139_200114_191955,PAIRED_ENGLISH,paired,domain_b,-1.6297920669125612,2.3409932288333386,1.4777357727017508
hybrid_vs_paired_all,PAIRED_MEA64C_YGER::paired_mea64c::20170622_patch1::HerdingSpikes2::87,PAIRED_MEA64C_YGER::paired_mea64c::20170622_patch1,PAIRED_MEA64C_YGER,paired,domain_b,-1.1152315203553822,0.6839974739830281,-5.085995367172225
hybrid_vs_paired_all,PAIRED_ENGLISH::paired_english::m108_191125_171427::SpykingCircus::38,PAIRED_ENGLISH::paired_english::m108_191125_171427,PAIRED_ENGLISH,paired,domain_b,-1.150009603341829,4.451099268399708,-2.3057225997338775
hybrid_vs_paired_all,PAIRED_ENGLISH::paired_english::m57_191105_153915::IronClust::9,PAIRED_ENGLISH::paired_english::m57_191105_153915,PAIRED_ENGLISH,paired,domain_b,-10.53488071810131,13.507970257507166,1.6367745201505635
hybrid_vs_paired_all,PAIRED_ENGLISH::paired_english::m139_200114_222743::IronClust::18,PAIRED_ENGLISH::paired_english::m139_200114_222743,PAIRED_ENGLISH,paired,domain_b,-2.7763849210704072,3.06280176341983,-1.318302020261067
hybrid_vs_paired_all,PAIRED_MEA64C_YGER::paired_mea64c::20170622_patch2::KiloSort2::0,PAIRED_MEA64C_YGER::paired_mea64c::20170622_patch2,PAIRED_MEA64C_YGER,paired,domain_b,-0.5214422441695505,0.6669319978930742,-5.483383924768494
hybrid_vs_paired_all,PAIRED_MEA64C_YGER::paired_mea64c::20170622_patch2::MountainSort4::24,PAIRED_MEA64C_YGER::paired_mea64c::20170622_patch2,PAIRED_MEA64C_YGER,paired,domain_b,-0.6414172101913777,0.6167836265170809,-5.398177020849077
hybrid_vs_paired_all,PAIRED_KAMPFF::paired_kampff::2015_09_03_Pair_9_0B::KiloSort2::98,PAIRED_KAMPFF::paired_kampff::2015_09_03_Pair_9_0B,PAIRED_KAMPFF,paired,domain_b,22.13445254986735,-1.960604491651522,1.5237179037907704
hybrid_vs_paired_all,PAIRED_ENGLISH::paired_english::m139_200114_222743::KiloSort2::43,PAIRED_ENGLISH::paired_english::m139_200114_222743,PAIRED_ENGLISH,paired,domain_b,0.9226455994787793,3.561891059285567,-1.9196458075185283
hybrid_vs_paired_all,PAIRED_ENGLISH::paired_english::m108_191125_171427::HerdingSpikes2::5,PAIRED_ENGLISH::paired_english::m108_191125_171427,PAIRED_ENGLISH,paired,domain_b,0.07806738485551047,0.6211882270829989,0.12027092252901342
hybrid_vs_paired_all,PAIRED_ENGLISH::paired_english::m139_200114_191955::IronClust::5,PAIRED_ENGLISH::paired_english::m139_200114_191955,PAIRED_ENGLISH,paired,domain_b,-4.480424751992199,5.156570411253477,3.0609768528322956
hybrid_vs_paired_all,PAIRED_ENGLISH::paired_english::m15_190315_150831_cell1::KiloSort2::1,PAIRED_ENGLISH::paired_english::m15_190315_150831_cell1,PAIRED_ENGLISH,paired,domain_b,1.8955960239698044,0.060113301484104875,1.789369785278229
hybrid_vs_paired_all,PAIRED_BOYDEN::paired_boyden32c::419_1_8::KiloSort2::47,PAIRED_BOYDEN::paired_boyden32c::419_1_8,PAIRED_BOYDEN,paired,domain_b,12.138502712237361,-1.8161012982294122,0.36569534146580057
hybrid_vs_paired_all,PAIRED_KAMPFF::paired_kampff::2015_09_03_Pair_9_0A::IronClust::17,PAIRED_KAMPFF::paired_kampff::2015_09_03_Pair_9_0A,PAIRED_KAMPFF,paired,domain_b,13.808814243977928,-0.21548242484348343,0.41738182673223895
hybrid_vs_paired_all,PAIRED_MEA64C_YGER::paired_mea64c::20160415_patch2::MountainSort4::135,PAIRED_MEA64C_YGER::paired_mea64c::20160415_patch2,PAIRED_MEA64C_YGER,paired,domain_b,-0.10074095930310668,1.553154241679855,-5.558799679235986
hybrid_vs_paired_all,PAIRED_MEA64C_YGER::paired_mea64c::20160415_patch2::MountainSort4::87,PAIRED_MEA64C_YGER::paired_mea64c::20160415_patch2,PAIRED_MEA64C_YGER,paired,domain_b,-1.4967805209062228,1.1508518201964049,-5.050649073447818
hybrid_vs_paired_all,PAIRED_ENGLISH::paired_english::m57_191105_161455::IronClust::17,PAIRED_ENGLISH::paired_english::m57_191105_161455,PAIRED_ENGLISH,paired,domain_b,0.32596884046297575,2.179761577963591,-1.6241813148620012
hybrid_vs_paired_all,PAIRED_ENGLISH::paired_english::m108_191125_171427::KiloSort2::67,PAIRED_ENGLISH::paired_english::m108_191125_171427,PAIRED_ENGLISH,paired,domain_b,-1.234134936683678,1.631390097884188,-0.6759241122547857
hybrid_vs_paired_all,PAIRED_ENGLISH::paired_english::m139_200114_191955::KiloSort2::61,PAIRED_ENGLISH::paired_english::m139_200114_191955,PAIRED_ENGLISH,paired,domain_b,1.8607386300656592,0.49471122769545584,2.0566859020123864
hybrid_vs_paired_all,PAIRED_ENGLISH::paired_english::m57_191105_141906::SpykingCircus::5,PAIRED_ENGLISH::paired_english::m57_191105_141906,PAIRED_ENGLISH,paired,domain_b,1.664606890366944,2.3275549044921604,-3.1645773813406164
hybrid_vs_paired_all,PAIRED_KAMPFF::paired_kampff::2015_09_03_Pair_9_0B::MountainSort4::73,PAIRED_KAMPFF::paired_kampff::2015_09_03_Pair_9_0B,PAIRED_KAMPFF,paired,domain_b,20.3709924797287,-1.466761265266724,1.6664934054534326
hybrid_vs_paired_all,PAIRED_ENGLISH::paired_english::m57_191105_153915::KiloSort::155,PAIRED_ENGLISH::paired_english::m57_191105_153915,PAIRED_ENGLISH,paired,domain_b,-12.70636484358017,13.243884205480505,-0.022921235409936572
hybrid_vs_paired_all,PAIRED_KAMPFF::paired_kampff::2015_09_03_Pair_9_0B::SpykingCircus::22,PAIRED_KAMPFF::paired_kampff::2015_09_03_Pair_9_0B,PAIRED_KAMPFF,paired,domain_b,17.337230395808202,-1.325054733965216,1.1261120777378728
hybrid_vs_paired_all,PAIRED_BOYDEN::paired_boyden32c::419_1_8::MountainSort4::64,PAIRED_BOYDEN::paired_boyden32c::419_1_8,PAIRED_BOYDEN,paired,domain_b,5.482068162657626,-1.362117375977718,0.5672482231031398
hybrid_vs_paired_all,PAIRED_MEA64C_YGER::paired_mea64c::20170621_patch1::IronClust::22,PAIRED_MEA64C_YGER::paired_mea64c::20170621_patch1,PAIRED_MEA64C_YGER,paired,domain_b,0.040831465490288266,2.6575516053431985,-5.122367081624006
hybrid_vs_paired_all,PAIRED_MEA64C_YGER::paired_mea64c::20170622_patch1::HerdingSpikes2::34,PAIRED_MEA64C_YGER::paired_mea64c::20170622_patch1,PAIRED_MEA64C_YGER,paired,domain_b,-1.4632021293437412,2.0353174128304485,-4.10930734979586
hybrid_vs_paired_all,PAIRED_KAMPFF::paired_kampff::2015_09_03_Pair_9_0A::MountainSort4::51,PAIRED_KAMPFF::paired_kampff::2015_09_03_Pair_9_0A,PAIRED_KAMPFF,paired,domain_b,13.775419647985267,-0.19973491750084887,1.0455144740468412
hybrid_vs_paired_all,PAIRED_MEA64C_YGER::paired_mea64c::20170621_patch1::KiloSort::2,PAIRED_MEA64C_YGER::paired_mea64c::20170621_patch1,PAIRED_MEA64C_YGER,paired,domain_b,-1.6380823803451439,0.9690358378184055,-4.228123640151942
hybrid_vs_paired_all,PAIRED_KAMPFF::paired_kampff::2015_09_03_Pair_9_0B::MountainSort4::70,PAIRED_KAMPFF::paired_kampff::2015_09_03_Pair_9_0B,PAIRED_KAMPFF,paired,domain_b,17.20571763752619,-0.8682633549760965,-0.016597893563458654
hybrid_vs_paired_all,PAIRED_ENGLISH::paired_english::m15_190315_150831_cell1::MountainSort4::17,PAIRED_ENGLISH::paired_english::m15_190315_150831_cell1,PAIRED_ENGLISH,paired,domain_b,-4.238616139900329,3.6474409134760526,-0.1770516766129784
hybrid_vs_paired_all,PAIRED_MEA64C_YGER::paired_mea64c::20160415_patch2::JRClust::148,PAIRED_MEA64C_YGER::paired_mea64c::20160415_patch2,PAIRED_MEA64C_YGER,paired,domain_b,-0.06330163048613441,2.630712560200721,-5.898549308740484
hybrid_vs_paired_all,PAIRED_KAMPFF::paired_kampff::2015_09_03_Pair_9_0B::JRClust::30,PAIRED_KAMPFF::paired_kampff::2015_09_03_Pair_9_0B,PAIRED_KAMPFF,paired,domain_b,16.640534195076413,-1.2250719292369219,1.5425488914636536
hybrid_vs_paired_all,PAIRED_ENGLISH::paired_english::m57_191105_161455::KiloSort::0,PAIRED_ENGLISH::paired_english::m57_191105_161455,PAIRED_ENGLISH,paired,domain_b,3.1340939609660574,4.704458497682604,-2.5415759348143614
hybrid_vs_paired_all,PAIRED_KAMPFF::paired_kampff::2014_11_25_Pair_3_0::MountainSort4::42,PAIRED_KAMPFF::paired_kampff::2014_11_25_Pair_3_0,PAIRED_KAMPFF,paired,domain_b,17.715757109281824,-3.025766173370525,2.4966962807520856
hybrid_vs_paired_all,PAIRED_BOYDEN::paired_boyden32c::419_1_8::KiloSort::148,PAIRED_BOYDEN::paired_boyden32c::419_1_8,PAIRED_BOYDEN,paired,domain_b,3.0799922241313817,1.815460641314652,-3.9230073969008643
hybrid_vs_paired_all,PAIRED_MEA64C_YGER::paired_mea64c::20170622_patch2::Klusta::11,PAIRED_MEA64C_YGER::paired_mea64c::20170622_patch2,PAIRED_MEA64C_YGER,paired,domain_b,-1.3318776959937455,0.4975394585631274,-3.9259306882470946
hybrid_vs_paired_all,PAIRED_MEA64C_YGER::paired_mea64c::20170621_patch1::HerdingSpikes2::166,PAIRED_MEA64C_YGER::paired_mea64c::20170621_patch1,PAIRED_MEA64C_YGER,paired,domain_b,-0.4372924738344854,2.2912498436153403,-4.584681293910462
hybrid_vs_paired_all,PAIRED_ENGLISH::paired_english::m108_191125_171427::SpykingCircus::2,PAIRED_ENGLISH::paired_english::m108_191125_171427,PAIRED_ENGLISH,paired,domain_b,1.5404769953745392,2.6672469727802843,-2.682214196036659
hybrid_vs_paired_all,PAIRED_ENGLISH::paired_english::m139_200114_205038::IronClust::2,PAIRED_ENGLISH::paired_english::m139_200114_205038,PAIRED_ENGLISH,paired,domain_b,-2.232733861134694,0.9269168444313096,0.49984480629805683
hybrid_vs_paired_all,PAIRED_ENGLISH::paired_english::m57_191105_161455::KiloSort::4,PAIRED_ENGLISH::paired_english::m57_191105_161455,PAIRED_ENGLISH,paired,domain_b,0.1813522921699917,1.6564495006377298,-3.109385884273803
hybrid_vs_paired_all,PAIRED_ENGLISH::paired_english::m139_200114_191955::MountainSort4::33,PAIRED_ENGLISH::paired_english::m139_200114_191955,PAIRED_ENGLISH,paired,domain_b,0.33731709140952726,1.8422080028481886,0.01681676119967426
hybrid_vs_paired_all,PAIRED_MEA64C_YGER::paired_mea64c::20160415_patch2::HerdingSpikes2::183,PAIRED_MEA64C_YGER::paired_mea64c::20160415_patch2,PAIRED_MEA64C_YGER,paired,domain_b,-0.8379399090261876,1.0118065442875925,-4.839556644302892
hybrid_vs_paired_all,PAIRED_ENGLISH::paired_english::m139_200114_205038::KiloSort::31,PAIRED_ENGLISH::paired_english::m139_200114_205038,PAIRED_ENGLISH,paired,domain_b,-11.880457394355327,7.29552881315758,0.6564944649579627
hybrid_vs_paired_all,PAIRED_BOYDEN::paired_boyden32c::419_1_8::SpykingCircus::25,PAIRED_BOYDEN::paired_boyden32c::419_1_8,PAIRED_BOYDEN,paired,domain_b,7.533230629250973,-0.6764643992544087,-1.0858733976572141
hybrid_vs_paired_all,PAIRED_KAMPFF::paired_kampff::2015_09_03_Pair_9_0B::KiloSort2::139,PAIRED_KAMPFF::paired_kampff::2015_09_03_Pair_9_0B,PAIRED_KAMPFF,paired,domain_b,17.37961203601571,-2.2346336659980293,1.0840867311121896
hybrid_vs_paired_all,PAIRED_KAMPFF::paired_kampff::2015_09_03_Pair_9_0A::KiloSort2::69,PAIRED_KAMPFF::paired_kampff::2015_09_03_Pair_9_0A,PAIRED_KAMPFF,paired,domain_b,11.77940354996899,0.4206540371341005,2.4125339038630425
hybrid_vs_paired_all,PAIRED_ENGLISH::paired_english::m57_191105_153915::KiloSort2::20,PAIRED_ENGLISH::paired_english::m57_191105_153915,PAIRED_ENGLISH,paired,domain_b,-11.838437337208923,15.846283486720802,2.8473752159406684
hybrid_vs_paired_all,PAIRED_ENGLISH::paired_english::m57_191105_141906::SpykingCircus::13,PAIRED_ENGLISH::paired_english::m57_191105_141906,PAIRED_ENGLISH,paired,domain_b,3.9124146333815344,1.014615924406561,-1.4331937603927491
hybrid_vs_paired_all,PAIRED_MEA64C_YGER::paired_mea64c::20170622_patch2::KiloSort2::54,PAIRED_MEA64C_YGER::paired_mea64c::20170622_patch2,PAIRED_MEA64C_YGER,paired,domain_b,-1.1301917320485373,-0.09337436261181917,-4.018549830865809
hybrid_vs_paired_all,PAIRED_ENGLISH::paired_english::m139_200114_191955::KiloSort2::62,PAIRED_ENGLISH::paired_english::m139_200114_191955,PAIRED_ENGLISH,paired,domain_b,-3.5170828949733686,5.330410304129867,-4.425451700558884
hybrid_vs_paired_all,PAIRED_BOYDEN::paired_boyden32c::1103_1_1::KiloSort2::43,PAIRED_BOYDEN::paired_boyden32c::1103_1_1,PAIRED_BOYDEN,paired,domain_b,5.196415702971938,0.8616571690470639,-0.060235834553809695
hybrid_vs_paired_all,PAIRED_BOYDEN::paired_boyden32c::1103_1_1::KiloSort2::34,PAIRED_BOYDEN::paired_boyden32c::1103_1_1,PAIRED_BOYDEN,paired,domain_b,9.29197460827488,-0.025942046555849196,-1.526204277564006
hybrid_vs_paired_all,PAIRED_KAMPFF::paired_kampff::c14::KiloSort2::64,PAIRED_KAMPFF::paired_kampff::c14,PAIRED_KAMPFF,paired,domain_b,-1.7557103677454262,0.14833472357944003,-3.67496593854137
hybrid_vs_paired_all,PAIRED_MEA64C_YGER::paired_mea64c::20170622_patch2::MountainSort4::26,PAIRED_MEA64C_YGER::paired_mea64c::20170622_patch2,PAIRED_MEA64C_YGER,paired,domain_b,-0.6479951650963267,1.01402985377504,-5.774158627843413
hybrid_vs_paired_all,PAIRED_ENGLISH::paired_english::m139_200114_205038::MountainSort4::19,PAIRED_ENGLISH::paired_english::m139_200114_205038,PAIRED_ENGLISH,paired,domain_b,1.809548865447691,3.447684093985867,-0.9214990521687857
hybrid_vs_paired_all,PAIRED_MEA64C_YGER::paired_mea64c::20170621_patch1::KiloSort2::92,PAIRED_MEA64C_YGER::paired_mea64c::20170621_patch1,PAIRED_MEA64C_YGER,paired,domain_b,-0.9243114360132119,0.26505839299902917,-3.719893116215329
hybrid_vs_paired_all,PAIRED_ENGLISH::paired_english::m139_200114_191955::IronClust::30,PAIRED_ENGLISH::paired_english::m139_200114_191955,PAIRED_ENGLISH,paired,domain_b,1.8173335681579836,3.438678535766425,-2.464540357841683
hybrid_vs_paired_all,PAIRED_ENGLISH::paired_english::m15_190315_152315_cell1::HerdingSpikes2::6,PAIRED_ENGLISH::paired_english::m15_190315_152315_cell1,PAIRED_ENGLISH,paired,domain_b,3.4011995678224225,1.0864768533738083,-1.671620411334308
hybrid_vs_paired_all,PAIRED_MEA64C_YGER::paired_mea64c::20160415_patch2::HerdingSpikes2::302,PAIRED_MEA64C_YGER::paired_mea64c::20160415_patch2,PAIRED_MEA64C_YGER,paired,domain_b,-0.6730603091027061,1.6797376777018458,-4.880104560149151
hybrid_vs_paired_all,PAIRED_KAMPFF::paired_kampff::2014_11_25_Pair_3_0::KiloSort2::44,PAIRED_KAMPFF::paired_kampff::2014_11_25_Pair_3_0,PAIRED_KAMPFF,paired,domain_b,8.82451667283849,7.210010619030524,0.2548193011516797
hybrid_vs_paired_all,PAIRED_ENGLISH::paired_english::m139_200114_222743::KiloSort2::64,PAIRED_ENGLISH::paired_english::m139_200114_222743,PAIRED_ENGLISH,paired,domain_b,0.8477230464763845,3.460140273523395,0.48935497810975753
hybrid_vs_paired_all,PAIRED_MEA64C_YGER::paired_mea64c::20170621_patch1::SpykingCircus::84,PAIRED_MEA64C_YGER::paired_mea64c::20170621_patch1,PAIRED_MEA64C_YGER,paired,domain_b,-0.6913785478626585,0.7520544068004889,-5.1584858765845105
hybrid_vs_paired_all,PAIRED_KAMPFF::paired_kampff::2015_09_03_Pair_9_0A::KiloSort::43,PAIRED_KAMPFF::paired_kampff::2015_09_03_Pair_9_0A,PAIRED_KAMPFF,paired,domain_b,11.757014190926904,0.40809007477647247,-1.0469877430835481
hybrid_vs_paired_all,PAIRED_ENGLISH::paired_english::m139_200114_222743::HerdingSpikes2::20,PAIRED_ENGLISH::paired_english::m139_200114_222743,PAIRED_ENGLISH,paired,domain_b,-11.702676992932117,7.375931892347533,-0.7971417634739699
hybrid_vs_paired_all,PAIRED_MEA64C_YGER::paired_mea64c::20160415_patch2::IronClust::15,PAIRED_MEA64C_YGER::paired_mea64c::20160415_patch2,PAIRED_MEA64C_YGER,paired,domain_b,0.582634634852677,0.6965670997209773,-5.784561860359506
hybrid_vs_paired_all,PAIRED_ENGLISH::paired_english::m139_200114_205038::HerdingSpikes2::5,PAIRED_ENGLISH::paired_english::m139_200114_205038,PAIRED_ENGLISH,paired,domain_b,0.4171011912693125,2.9278547757754763,-2.474884609214324
hybrid_vs_paired_all,PAIRED_BOYDEN::paired_boyden32c::1103_1_1::MountainSort4::39,PAIRED_BOYDEN::paired_boyden32c::1103_1_1,PAIRED_BOYDEN,paired,domain_b,5.228546047762123,-1.8861445013869746,0.5958521890210478
hybrid_vs_paired_all,PAIRED_MEA64C_YGER::paired_mea64c::20170621_patch1::KiloSort2::13,PAIRED_MEA64C_YGER::paired_mea64c::20170621_patch1,PAIRED_MEA64C_YGER,paired,domain_b,-0.6957218061018232,1.8486754395042726,-4.981367957614209
hybrid_vs_paired_all,PAIRED_BOYDEN::paired_boyden32c::419_1_8::SpykingCircus::3,PAIRED_BOYDEN::paired_boyden32c::419_1_8,PAIRED_BOYDEN,paired,domain_b,3.294411010382763,2.3555321209375655,-2.6959328167586976
hybrid_vs_paired_all,PAIRED_MEA64C_YGER::paired_mea64c::20170622_patch2::JRClust::8,PAIRED_MEA64C_YGER::paired_mea64c::20170622_patch2,PAIRED_MEA64C_YGER,paired,domain_b,-1.0241379320654365,-0.038183475181712744,-4.512185016165437
hybrid_vs_paired_all,PAIRED_ENGLISH::paired_english::m15_190315_150831_cell1::SpykingCircus::0,PAIRED_ENGLISH::paired_english::m15_190315_150831_cell1,PAIRED_ENGLISH,paired,domain_b,1.7405187292967514,-0.17907629394078842,0.8825481636546677
hybrid_vs_paired_all,PAIRED_MEA64C_YGER::paired_mea64c::20160415_patch2::MountainSort4::61,PAIRED_MEA64C_YGER::paired_mea64c::20160415_patch2,PAIRED_MEA64C_YGER,paired,domain_b,-1.509108240343159,0.6328297005711319,-3.465017555898232
hybrid_vs_paired_all,PAIRED_KAMPFF::paired_kampff::c14::IronClust::8,PAIRED_KAMPFF::paired_kampff::c14,PAIRED_KAMPFF,paired,domain_b,-2.8776106600069062,-0.4549693445597908,-2.7003267966595623
hybrid_vs_paired_all,PAIRED_BOYDEN::paired_boyden32c::419_1_7::SpykingCircus::32,PAIRED_BOYDEN::paired_boyden32c::419_1_7,PAIRED_BOYDEN,paired,domain_b,3.2591661565914376,1.1303513160659542,-1.9980032798765326
hybrid_vs_paired_all,PAIRED_MEA64C_YGER::paired_mea64c::20170622_patch2::JRClust::39,PAIRED_MEA64C_YGER::paired_mea64c::20170622_patch2,PAIRED_MEA64C_YGER,paired,domain_b,-1.6857296530125256,-0.5778909285075636,-2.6531031280778823
hybrid_vs_paired_all,PAIRED_MEA64C_YGER::paired_mea64c::20160415_patch2::HerdingSpikes2::291,PAIRED_MEA64C_YGER::paired_mea64c::20160415_patch2,PAIRED_MEA64C_YGER,paired,domain_b,-0.1539552070201766,2.152403682914223,-6.23462022685415
hybrid_vs_paired_all,PAIRED_KAMPFF::paired_kampff::2015_09_03_Pair_9_0B::SpykingCircus::31,PAIRED_KAMPFF::paired_kampff::2015_09_03_Pair_9_0B,PAIRED_KAMPFF,paired,domain_b,16.273554641854812,-1.9237260539929042,0.5785869191541203
hybrid_vs_paired_all,PAIRED_MEA64C_YGER::paired_mea64c::20170621_patch1::KiloSort2::173,PAIRED_MEA64C_YGER::paired_mea64c::20170621_patch1,PAIRED_MEA64C_YGER,paired,domain_b,1.6480600607761704,3.3916794926921203,-7.309632987267277
hybrid_vs_paired_all,PAIRED_MEA64C_YGER::paired_mea64c::20170621_patch1::KiloSort2::2,PAIRED_MEA64C_YGER::paired_mea64c::20170621_patch1,PAIRED_MEA64C_YGER,paired,domain_b,-0.8321211637487526,0.9396939205159,-3.3214619174596267
hybrid_vs_paired_all,PAIRED_MEA64C_YGER::paired_mea64c::20170622_patch2::HerdingSpikes2::39,PAIRED_MEA64C_YGER::paired_mea64c::20170622_patch2,PAIRED_MEA64C_YGER,paired,domain_b,-1.1046820428576651,0.7721649806913858,-4.349525228168219
hybrid_vs_paired_all,PAIRED_ENGLISH::paired_english::m14_190326_155432::IronClust::29,PAIRED_ENGLISH::paired_english::m14_190326_155432,PAIRED_ENGLISH,paired,domain_b,3.309780453800296,1.2477223066256613,-0.5852614070857584
hybrid_vs_paired_all,PAIRED_ENGLISH::paired_english::m108_191125_171427::KiloSort2::15,PAIRED_ENGLISH::paired_english::m108_191125_171427,PAIRED_ENGLISH,paired,domain_b,1.6172049963754158,2.382968706902182,-2.9185145470595377
hybrid_vs_paired_all,PAIRED_ENGLISH::paired_english::m139_200114_205038::KiloSort::11,PAIRED_ENGLISH::paired_english::m139_200114_205038,PAIRED_ENGLISH,paired,domain_b,1.4511672857145652,3.7960374674572774,0.010671061011092572
hybrid_vs_paired_all,PAIRED_KAMPFF::paired_kampff::2014_11_25_Pair_3_0::MountainSort4::39,PAIRED_KAMPFF::paired_kampff::2014_11_25_Pair_3_0,PAIRED_KAMPFF,paired,domain_b,19.785362968126876,-2.7760187754696717,2.3314699734464726
hybrid_vs_paired_all,PAIRED_BOYDEN::paired_boyden32c::419_1_7::MountainSort4::60,PAIRED_BOYDEN::paired_boyden32c::419_1_7,PAIRED_BOYDEN,paired,domain_b,2.504269640503445,1.676512011874787,-2.066404496929706
hybrid_vs_paired_all,PAIRED_MEA64C_YGER::paired_mea64c::20160415_patch2::KiloSort::485,PAIRED_MEA64C_YGER::paired_mea64c::20160415_patch2,PAIRED_MEA64C_YGER,paired,domain_b,-1.3667080137354828,0.548683661646489,-4.289673390364758
hybrid_vs_paired_all,PAIRED_ENGLISH::paired_english::m113_191125_204935::KiloSort::10,PAIRED_ENGLISH::paired_english::m113_191125_204935,PAIRED_ENGLISH,paired,domain_b,-5.317303644349588,6.793191021249559,-3.0235234660936547
hybrid_vs_paired_all,PAIRED_KAMPFF::paired_kampff::c14::MountainSort4::35,PAIRED_KAMPFF::paired_kampff::c14,PAIRED_KAMPFF,paired,domain_b,-1.946219535037733,-0.11369144794469932,-1.540497883406943
hybrid_vs_paired_all,PAIRED_MEA64C_YGER::paired_mea64c::20170621_patch1::SpykingCircus::66,PAIRED_MEA64C_YGER::paired_mea64c::20170621_patch1,PAIRED_MEA64C_YGER,paired,domain_b,-1.6205795978697732,-0.030080276478921017,-3.9823625646665337
hybrid_vs_paired_all,PAIRED_CRCNS_HC1::paired_crcns::d11222_d11222.002::IronClust::0,PAIRED_CRCNS_HC1::paired_crcns::d11222_d11222.002,PAIRED_CRCNS_HC1,paired,domain_b,11.61322195550108,-0.5949996904946064,0.20576776926065277
hybrid_vs_paired_all,PAIRED_KAMPFF::paired_kampff::2015_09_03_Pair_9_0B::MountainSort4::51,PAIRED_KAMPFF::paired_kampff::2015_09_03_Pair_9_0B,PAIRED_KAMPFF,paired,domain_b,19.754973035675782,-3.626869730667275,1.8203995201300702
hybrid_vs_paired_all,PAIRED_ENGLISH::paired_english::m57_191105_161455::SpykingCircus::24,PAIRED_ENGLISH::paired_english::m57_191105_161455,PAIRED_ENGLISH,paired,domain_b,0.9936702208672233,1.2114269506962128,-0.5039399784282346
hybrid_vs_paired_all,PAIRED_MEA64C_YGER::paired_mea64c::20160415_patch2::HerdingSpikes2::162,PAIRED_MEA64C_YGER::paired_mea64c::20160415_patch2,PAIRED_MEA64C_YGER,paired,domain_b,-1.1023569530780926,0.9905111841418243,-2.6703135904266646
hybrid_vs_paired_all,PAIRED_ENGLISH::paired_english::m57_191105_153915::IronClust::12,PAIRED_ENGLISH::paired_english::m57_191105_153915,PAIRED_ENGLISH,paired,domain_b,-14.33303208765441,10.796421426786612,0.6641726395678184
hybrid_vs_paired_all,PAIRED_ENGLISH::paired_english::m139_200114_205038::MountainSort4::64,PAIRED_ENGLISH::paired_english::m139_200114_205038,PAIRED_ENGLISH,paired,domain_b,2.6186599085880085,-0.4233779801108165,0.6828879233468517
hybrid_vs_paired_all,PAIRED_KAMPFF::paired_kampff::c14::KiloSort2::79,PAIRED_KAMPFF::paired_kampff::c14,PAIRED_KAMPFF,paired,domain_b,-1.4735682183381387,1.6036200236287808,-4.388064986210261
hybrid_vs_paired_all,PAIRED_ENGLISH::paired_english::m139_200114_191955::MountainSort4::9,PAIRED_ENGLISH::paired_english::m139_200114_191955,PAIRED_ENGLISH,paired,domain_b,-2.0671959037035417,3.1120940209223322,0.08696694968412383
hybrid_vs_paired_all,PAIRED_MEA64C_YGER::paired_mea64c::20170621_patch1::KiloSort::215,PAIRED_MEA64C_YGER::paired_mea64c::20170621_patch1,PAIRED_MEA64C_YGER,paired,domain_b,-0.7318643977427324,0.30829886912923254,-4.834254816684038
hybrid_vs_paired_all,PAIRED_KAMPFF::paired_kampff::2015_09_03_Pair_9_0B::MountainSort4::4,PAIRED_KAMPFF::paired_kampff::2015_09_03_Pair_9_0B,PAIRED_KAMPFF,paired,domain_b,12.658850801739984,-0.2063398888410194,-0.9091327457208157
hybrid_vs_paired_all,PAIRED_KAMPFF::paired_kampff::2015_09_03_Pair_9_0B::MountainSort4::40,PAIRED_KAMPFF::paired_kampff::2015_09_03_Pair_9_0B,PAIRED_KAMPFF,paired,domain_b,12.993812108420073,-0.20183048318397012,1.0951351645984677
hybrid_vs_paired_all,PAIRED_ENGLISH::paired_english::m15_190315_142052_cell1::SpykingCircus::4,PAIRED_ENGLISH::paired_english::m15_190315_142052_cell1,PAIRED_ENGLISH,paired,domain_b,25.887275528540087,21.594434448527288,15.51804513202605
hybrid_vs_paired_all,PAIRED_MEA64C_YGER::paired_mea64c::20170621_patch1::KiloSort::456,PAIRED_MEA64C_YGER::paired_mea64c::20170621_patch1,PAIRED_MEA64C_YGER,paired,domain_b,-0.33256837021470154,1.4818963176266369,-5.834329558358978
hybrid_vs_paired_all,PAIRED_ENGLISH::paired_english::m15_190315_142052_cell1::KiloSort2::27,PAIRED_ENGLISH::paired_english::m15_190315_142052_cell1,PAIRED_ENGLISH,paired,domain_b,25.425835764394094,15.499273363940603,12.830886836249643
hybrid_vs_paired_all,PAIRED_KAMPFF::paired_kampff::2014_11_25_Pair_3_0::KiloSort2::42,PAIRED_KAMPFF::paired_kampff::2014_11_25_Pair_3_0,PAIRED_KAMPFF,paired,domain_b,17.218846688010004,-0.5278702083656348,1.57746499564944
hybrid_vs_paired_all,PAIRED_KAMPFF::paired_kampff::c14::SpykingCircus::33,PAIRED_KAMPFF::paired_kampff::c14,PAIRED_KAMPFF,paired,domain_b,-2.451717620767631,-0.06987912261721302,-3.412679047450628
hybrid_vs_paired_all,PAIRED_MEA64C_YGER::paired_mea64c::20170621_patch1::MountainSort4::91,PAIRED_MEA64C_YGER::paired_mea64c::20170621_patch1,PAIRED_MEA64C_YGER,paired,domain_b,-1.229539795730486,0.13552380463904667,-4.5714757981964596
hybrid_vs_paired_all,PAIRED_MEA64C_YGER::paired_mea64c::20170622_patch1::KiloSort2::54,PAIRED_MEA64C_YGER::paired_mea64c::20170622_patch1,PAIRED_MEA64C_YGER,paired,domain_b,-0.9138849248680233,0.31216114401331607,-5.165629492095084
hybrid_vs_paired_all,PAIRED_ENGLISH::paired_english::m139_200114_191955::MountainSort4::61,PAIRED_ENGLISH::paired_english::m139_200114_191955,PAIRED_ENGLISH,paired,domain_b,3.672653943129858,-0.13434298270581538,-0.2654854298075344
hybrid_vs_paired_all,PAIRED_KAMPFF::paired_kampff::2015_09_03_Pair_9_0B::HerdingSpikes2::14,PAIRED_KAMPFF::paired_kampff::2015_09_03_Pair_9_0B,PAIRED_KAMPFF,paired,domain_b,13.829312798053609,-0.7690727173580123,1.2083144661354683
hybrid_vs_paired_all,PAIRED_KAMPFF::paired_kampff::c14::KiloSort::241,PAIRED_KAMPFF::paired_kampff::c14,PAIRED_KAMPFF,paired,domain_b,-2.4268782500840387,-0.22480561964814066,-3.03882517705793
hybrid_vs_paired_all,PAIRED_KAMPFF::paired_kampff::c14::KiloSort2::52,PAIRED_KAMPFF::paired_kampff::c14,PAIRED_KAMPFF,paired,domain_b,-3.7228476343210257,0.5340371638780909,-0.07980908162189773
hybrid_vs_paired_all,PAIRED_ENGLISH::paired_english::m57_191105_161455::SpykingCircus::23,PAIRED_ENGLISH::paired_english::m57_191105_161455,PAIRED_ENGLISH,paired,domain_b,0.08719566428882704,1.1057988066499536,0.1410098103739762
hybrid_vs_paired_all,PAIRED_BOYDEN::paired_boyden32c::419_1_7::KiloSort2::39,PAIRED_BOYDEN::paired_boyden32c::419_1_7,PAIRED_BOYDEN,paired,domain_b,5.112145903085895,-0.8349264783376098,-0.9221356220378535
hybrid_vs_paired_all,PAIRED_KAMPFF::paired_kampff::2015_09_03_Pair_9_0A::SpykingCircus::37,PAIRED_KAMPFF::paired_kampff::2015_09_03_Pair_9_0A,PAIRED_KAMPFF,paired,domain_b,18.00894521865671,-1.8873283805114394,0.2991146902096906
hybrid_vs_paired_all,PAIRED_ENGLISH::paired_english::m113_191125_204935::MountainSort4::14,PAIRED_ENGLISH::paired_english::m113_191125_204935,PAIRED_ENGLISH,paired,domain_b,5.899519768337171,-1.1231321187374035,0.44415695840468994
hybrid_vs_paired_all,PAIRED_MEA64C_YGER::paired_mea64c::20170622_patch2::Klusta::2,PAIRED_MEA64C_YGER::paired_mea64c::20170622_patch2,PAIRED_MEA64C_YGER,paired,domain_b,-0.9664369766158319,0.14129972529328916,-4.41763570411817
hybrid_vs_paired_all,PAIRED_MEA64C_YGER::paired_mea64c::20170622_patch2::JRClust::37,PAIRED_MEA64C_YGER::paired_mea64c::20170622_patch2,PAIRED_MEA64C_YGER,paired,domain_b,-1.8488425872915195,0.376250697206,-3.858795260783729
hybrid_vs_paired_all,PAIRED_BOYDEN::paired_boyden32c::419_1_8::IronClust::23,PAIRED_BOYDEN::paired_boyden32c::419_1_8,PAIRED_BOYDEN,paired,domain_b,5.8423810944849315,-1.0383037628219076,0.06220785224147225
hybrid_vs_paired_all,PAIRED_BOYDEN::paired_boyden32c::1103_1_1::MountainSort4::16,PAIRED_BOYDEN::paired_boyden32c::1103_1_1,PAIRED_BOYDEN,paired,domain_b,2.5594166013027615,-0.4413372369928645,-0.11820693576161338
hybrid_vs_paired_all,PAIRED_MEA64C_YGER::paired_mea64c::20160415_patch2::HerdingSpikes2::71,PAIRED_MEA64C_YGER::paired_mea64c::20160415_patch2,PAIRED_MEA64C_YGER,paired,domain_b,-0.4496053046902975,0.7383355772228596,-5.459251186478361
hybrid_vs_paired_all,PAIRED_ENGLISH::paired_english::m108_191125_171427::SpykingCircus::10,PAIRED_ENGLISH::paired_english::m108_191125_171427,PAIRED_ENGLISH,paired,domain_b,1.188707064022276,1.2042505551832654,-2.0500209411003336
hybrid_vs_paired_all,PAIRED_KAMPFF::paired_kampff::c14::HerdingSpikes2::39,PAIRED_KAMPFF::paired_kampff::c14,PAIRED_KAMPFF,paired,domain_b,-2.2545224532412407,0.18920299831417464,-1.9544230250876238
hybrid_vs_paired_all,PAIRED_KAMPFF::paired_kampff::2015_09_03_Pair_9_0A::KiloSort2::79,PAIRED_KAMPFF::paired_kampff::2015_09_03_Pair_9_0A,PAIRED_KAMPFF,paired,domain_b,16.76762051631888,-0.340664784669963,-0.8487560536385931
hybrid_vs_paired_all,PAIRED_MEA64C_YGER::paired_mea64c::20170621_patch1::Tridesclous::33,PAIRED_MEA64C_YGER::paired_mea64c::20170621_patch1,PAIRED_MEA64C_YGER,paired,domain_b,-0.9328047042664368,0.5560078357643609,-4.884216096634607
hybrid_vs_paired_all,PAIRED_KAMPFF::paired_kampff::2015_09_03_Pair_9_0A::HerdingSpikes2::82,PAIRED_KAMPFF::paired_kampff::2015_09_03_Pair_9_0A,PAIRED_KAMPFF,paired,domain_b,17.203613327255376,-0.7367987113686425,0.8439625770144991
hybrid_vs_paired_all,PAIRED_ENGLISH::paired_english::m15_190315_142052_cell1::KiloSort2::67,PAIRED_ENGLISH::paired_english::m15_190315_142052_cell1,PAIRED_ENGLISH,paired,domain_b,12.469475914732078,34.340801382065955,11.50976625663287
hybrid_vs_paired_all,PAIRED_ENGLISH::paired_english::m57_191105_153915::SpykingCircus::21,PAIRED_ENGLISH::paired_english::m57_191105_153915,PAIRED_ENGLISH,paired,domain_b,0.4389652043202747,4.535281126199893,-0.5681345318143449
hybrid_vs_paired_all,PAIRED_MEA64C_YGER::paired_mea64c::20170621_patch1::MountainSort4::98,PAIRED_MEA64C_YGER::paired_mea64c::20170621_patch1,PAIRED_MEA64C_YGER,paired,domain_b,-2.116626210540904,0.332041544571432,-4.159594991519111
hybrid_vs_paired_all,PAIRED_KAMPFF::paired_kampff::2015_09_03_Pair_9_0B::MountainSort4::74,PAIRED_KAMPFF::paired_kampff::2015_09_03_Pair_9_0B,PAIRED_KAMPFF,paired,domain_b,20.350776080262936,-1.9797012072147542,1.9353043838792554
hybrid_vs_paired_all,PAIRED_KAMPFF::paired_kampff::2015_09_03_Pair_9_0B::JRClust::6,PAIRED_KAMPFF::paired_kampff::2015_09_03_Pair_9_0B,PAIRED_KAMPFF,paired,domain_b,15.90008422619565,-1.8037379806487592,-0.06701027654548722
hybrid_vs_paired_all,PAIRED_MEA64C_YGER::paired_mea64c::20170622_patch1::SpykingCircus::6,PAIRED_MEA64C_YGER::paired_mea64c::20170622_patch1,PAIRED_MEA64C_YGER,paired,domain_b,-3.2113377641389134,-0.563776187308547,-2.9399923116687274
hybrid_vs_paired_all,PAIRED_ENGLISH::paired_english::m139_200114_222743::MountainSort4::84,PAIRED_ENGLISH::paired_english::m139_200114_222743,PAIRED_ENGLISH,paired,domain_b,6.28880043196053,-0.1736968057066049,1.114130004197858
hybrid_vs_paired_all,PAIRED_BOYDEN::paired_boyden32c::419_1_8::MountainSort4::21,PAIRED_BOYDEN::paired_boyden32c::419_1_8,PAIRED_BOYDEN,paired,domain_b,3.1393031572937797,1.846702872374374,-0.9328188101955669
hybrid_vs_paired_all,PAIRED_CRCNS_HC1::paired_crcns::d11221_d11221.001::Klusta::0,PAIRED_CRCNS_HC1::paired_crcns::d11221_d11221.001,PAIRED_CRCNS_HC1,paired,domain_b,-6.397539519579311,19.391032976405658,13.28605790570144
hybrid_vs_paired_all,PAIRED_MEA64C_YGER::paired_mea64c::20160415_patch2::Tridesclous::12,PAIRED_MEA64C_YGER::paired_mea64c::20160415_patch2,PAIRED_MEA64C_YGER,paired,domain_b,-0.9486768262661603,1.4411745494564407,-4.704276294123301
hybrid_vs_paired_all,PAIRED_BOYDEN::paired_boyden32c::1103_1_1::JRClust::12,PAIRED_BOYDEN::paired_boyden32c::1103_1_1,PAIRED_BOYDEN,paired,domain_b,10.230416260347706,-2.3939535419111726,0.49167596740636293
hybrid_vs_paired_all,PAIRED_ENGLISH::paired_english::m139_200114_222743::KiloSort2::24,PAIRED_ENGLISH::paired_english::m139_200114_222743,PAIRED_ENGLISH,paired,domain_b,4.228038745755995,1.5087602051458107,-1.6123185404953633
hybrid_vs_paired_all,PAIRED_MEA64C_YGER::paired_mea64c::20160415_patch2::HerdingSpikes2::13,PAIRED_MEA64C_YGER::paired_mea64c::20160415_patch2,PAIRED_MEA64C_YGER,paired,domain_b,-1.0192429376193448,0.1533485930415681,-3.96590466643949
hybrid_vs_paired_all,PAIRED_MEA64C_YGER::paired_mea64c::20170622_patch1::Klusta::14,PAIRED_MEA64C_YGER::paired_mea64c::20170622_patch1,PAIRED_MEA64C_YGER,paired,domain_b,-1.1026503975243913,0.8716009127167215,-5.423557981510527
hybrid_vs_paired_all,PAIRED_ENGLISH::paired_english::m15_190315_142052_cell1::SpykingCircus::18,PAIRED_ENGLISH::paired_english::m15_190315_142052_cell1,PAIRED_ENGLISH,paired,domain_b,-7.341279378495806,44.83321777499402,16.54803218269346
hybrid_vs_paired_all,PAIRED_ENGLISH::paired_english::m139_200114_205038::KiloSort::114,PAIRED_ENGLISH::paired_english::m139_200114_205038,PAIRED_ENGLISH,paired,domain_b,4.155451452032453,2.851032270697128,-2.077758638214247
hybrid_vs_paired_all,PAIRED_ENGLISH::paired_english::m15_190315_152315_cell1::KiloSort2::65,PAIRED_ENGLISH::paired_english::m15_190315_152315_cell1,PAIRED_ENGLISH,paired,domain_b,2.249036397284724,4.183784721119091,-3.1525821903383773
hybrid_vs_paired_all,PAIRED_ENGLISH::paired_english::m15_190315_142052_cell1::MountainSort4::12,PAIRED_ENGLISH::paired_english::m15_190315_142052_cell1,PAIRED_ENGLISH,paired,domain_b,10.120580203397731,5.348203658848355,2.8680621520155865
hybrid_vs_paired_all,PAIRED_BOYDEN::paired_boyden32c::419_1_7::Klusta::19,PAIRED_BOYDEN::paired_boyden32c::419_1_7,PAIRED_BOYDEN,paired,domain_b,3.3869673426291804,-0.5751737870404809,-0.17063090556756788
hybrid_vs_paired_all,PAIRED_ENGLISH::paired_english::m113_191125_204935::KiloSort::139,PAIRED_ENGLISH::paired_english::m113_191125_204935,PAIRED_ENGLISH,paired,domain_b,1.4919036960861947,3.3818530997017575,-5.557077927410175
hybrid_vs_paired_all,PAIRED_ENGLISH::paired_english::m139_200114_191955::SpykingCircus::62,PAIRED_ENGLISH::paired_english::m139_200114_191955,PAIRED_ENGLISH,paired,domain_b,-5.5204353148648595,4.545544682238387,-2.7180829941876956
hybrid_vs_paired_all,PAIRED_ENGLISH::paired_english::m113_191125_204935::KiloSort::44,PAIRED_ENGLISH::paired_english::m113_191125_204935,PAIRED_ENGLISH,paired,domain_b,2.4059502312420467,2.732115507785836,-3.4784330039630795
hybrid_vs_paired_all,PAIRED_MEA64C_YGER::paired_mea64c::20170622_patch1::KiloSort2::29,PAIRED_MEA64C_YGER::paired_mea64c::20170622_patch1,PAIRED_MEA64C_YGER,paired,domain_b,-0.7809675519483846,1.2656406356145593,-5.820081948306083
hybrid_vs_paired_all,PAIRED_BOYDEN::paired_boyden32c::1103_1_1::MountainSort4::27,PAIRED_BOYDEN::paired_boyden32c::1103_1_1,PAIRED_BOYDEN,paired,domain_b,5.000360101995124,-1.5148401282406054,0.5270291543070849
hybrid_vs_paired_all,PAIRED_MEA64C_YGER::paired_mea64c::20160415_patch2::Tridesclous::1,PAIRED_MEA64C_YGER::paired_mea64c::20160415_patch2,PAIRED_MEA64C_YGER,paired,domain_b,-0.05251920686642086,2.136809042666676,-5.6274045149192675
hybrid_vs_paired_all,PAIRED_MEA64C_YGER::paired_mea64c::20170621_patch1::Tridesclous::16,PAIRED_MEA64C_YGER::paired_mea64c::20170621_patch1,PAIRED_MEA64C_YGER,paired,domain_b,-1.1650776425046123,1.2129580002569547,-3.9976203538656296
hybrid_vs_paired_all,PAIRED_ENGLISH::paired_english::m139_200114_191955::KiloSort::135,PAIRED_ENGLISH::paired_english::m139_200114_191955,PAIRED_ENGLISH,paired,domain_b,3.551000450765133,3.187783591842832,0.1909818377516938
hybrid_vs_paired_all,PAIRED_MEA64C_YGER::paired_mea64c::20170621_patch1::KiloSort2::124,PAIRED_MEA64C_YGER::paired_mea64c::20170621_patch1,PAIRED_MEA64C_YGER,paired,domain_b,-0.296232725926686,1.1762068152151777,-4.68450578280925
hybrid_vs_paired_all,PAIRED_MEA64C_YGER::paired_mea64c::20160415_patch2::HerdingSpikes2::165,PAIRED_MEA64C_YGER::paired_mea64c::20160415_patch2,PAIRED_MEA64C_YGER,paired,domain_b,-0.5336895271339424,1.9055952402135465,-4.113314646867021
hybrid_vs_paired_all,PAIRED_ENGLISH::paired_english::m57_191105_161455::MountainSort4::32,PAIRED_ENGLISH::paired_english::m57_191105_161455,PAIRED_ENGLISH,paired,domain_b,1.8230773311301267,1.6006756383086675,-3.5136655483305557
hybrid_vs_paired_all,PAIRED_ENGLISH::paired_english::m57_191105_161455::SpykingCircus::39,PAIRED_ENGLISH::paired_english::m57_191105_161455,PAIRED_ENGLISH,paired,domain_b,0.33859084721245236,-0.2478018341798532,1.4057373934602229
hybrid_vs_paired_all,PAIRED_MEA64C_YGER::paired_mea64c::20160415_patch2::HerdingSpikes2::120,PAIRED_MEA64C_YGER::paired_mea64c::20160415_patch2,PAIRED_MEA64C_YGER,paired,domain_b,-0.5742562941267608,1.469938273843978,-6.9174740301975435
hybrid_vs_paired_all,PAIRED_BOYDEN::paired_boyden32c::1103_1_1::KiloSort2::49,PAIRED_BOYDEN::paired_boyden32c::1103_1_1,PAIRED_BOYDEN,paired,domain_b,16.22808154849975,-3.9418638985545633,0.680314872763569
hybrid_vs_paired_all,PAIRED_MEA64C_YGER::paired_mea64c::20160415_patch2::SpykingCircus::36,PAIRED_MEA64C_YGER::paired_mea64c::20160415_patch2,PAIRED_MEA64C_YGER,paired,domain_b,-1.2482891117047694,1.3729951305057506,-4.783555716886028
hybrid_vs_paired_all,PAIRED_KAMPFF::paired_kampff::c14::KiloSort::13,PAIRED_KAMPFF::paired_kampff::c14,PAIRED_KAMPFF,paired,domain_b,-2.535418167823494,-1.0827543089605958,-1.5926445345060867
hybrid_vs_paired_all,PAIRED_MEA64C_YGER::paired_mea64c::20170622_patch2::KiloSort2::77,PAIRED_MEA64C_YGER::paired_mea64c::20170622_patch2,PAIRED_MEA64C_YGER,paired,domain_b,-1.0333200653266996,0.5861598656826869,-5.437624223197485
hybrid_vs_paired_all,PAIRED_MEA64C_YGER::paired_mea64c::20170622_patch1::Klusta::11,PAIRED_MEA64C_YGER::paired_mea64c::20170622_patch1,PAIRED_MEA64C_YGER,paired,domain_b,-0.6866859697451592,1.0917776528685557,-4.972581814096137
hybrid_vs_paired_all,PAIRED_MEA64C_YGER::paired_mea64c::20170622_patch1::SpykingCircus::59,PAIRED_MEA64C_YGER::paired_mea64c::20170622_patch1,PAIRED_MEA64C_YGER,paired,domain_b,-0.6131559335390546,0.12048915454283401,-4.632137751389312
hybrid_vs_paired_all,PAIRED_KAMPFF::paired_kampff::2015_09_03_Pair_9_0A::KiloSort::132,PAIRED_KAMPFF::paired_kampff::2015_09_03_Pair_9_0A,PAIRED_KAMPFF,paired,domain_b,18.03551335216663,-3.6092070407031818,1.1000263953354603
hybrid_vs_paired_all,PAIRED_MEA64C_YGER::paired_mea64c::20170621_patch1::IronClust::28,PAIRED_MEA64C_YGER::paired_mea64c::20170621_patch1,PAIRED_MEA64C_YGER,paired,domain_b,-0.022846503088190962,1.9465716850123744,-4.644366596671081
hybrid_vs_paired_all,PAIRED_KAMPFF::paired_kampff::2015_09_03_Pair_9_0A::KiloSort2::73,PAIRED_KAMPFF::paired_kampff::2015_09_03_Pair_9_0A,PAIRED_KAMPFF,paired,domain_b,16.85431941624484,-1.2401447093161866,0.7795179615868851
hybrid_vs_paired_all,PAIRED_BOYDEN::paired_boyden32c::419_1_8::IronClust::20,PAIRED_BOYDEN::paired_boyden32c::419_1_8,PAIRED_BOYDEN,paired,domain_b,6.576959021949791,0.14220879492145586,-0.7764421898408066
hybrid_vs_paired_all,PAIRED_ENGLISH::paired_english::m139_200114_205038::HerdingSpikes2::12,PAIRED_ENGLISH::paired_english::m139_200114_205038,PAIRED_ENGLISH,paired,domain_b,1.2228966879459864,2.3481165837387294,-0.8414456115405204
hybrid_vs_paired_all,PAIRED_KAMPFF::paired_kampff::2015_09_03_Pair_9_0B::JRClust::36,PAIRED_KAMPFF::paired_kampff::2015_09_03_Pair_9_0B,PAIRED_KAMPFF,paired,domain_b,17.8230671836306,-2.3942587175111076,0.6513695248233788
hybrid_vs_paired_all,PAIRED_KAMPFF::paired_kampff::2015_09_03_Pair_9_0B::SpykingCircus::40,PAIRED_KAMPFF::paired_kampff::2015_09_03_Pair_9_0B,PAIRED_KAMPFF,paired,domain_b,13.094412965703281,0.8998019935451559,-0.6006179116381983
hybrid_vs_paired_all,PAIRED_MEA64C_YGER::paired_mea64c::20160415_patch2::SpykingCircus::130,PAIRED_MEA64C_YGER::paired_mea64c::20160415_patch2,PAIRED_MEA64C_YGER,paired,domain_b,-0.8604886180952791,0.29930741001991445,-5.0943051989825925
hybrid_vs_paired_all,PAIRED_BOYDEN::paired_boyden32c::509_1_1::KiloSort2::14,PAIRED_BOYDEN::paired_boyden32c::509_1_1,PAIRED_BOYDEN,paired,domain_b,14.312609670322534,-2.9946355024135523,0.2959793129310943
hybrid_vs_paired_all,PAIRED_ENGLISH::paired_english::m139_200114_191955::IronClust::1,PAIRED_ENGLISH::paired_english::m139_200114_191955,PAIRED_ENGLISH,paired,domain_b,12.859214343677682,-1.932018968528005,1.6358501737863904
hybrid_vs_paired_all,PAIRED_MEA64C_YGER::paired_mea64c::20170621_patch1::SpykingCircus::8,PAIRED_MEA64C_YGER::paired_mea64c::20170621_patch1,PAIRED_MEA64C_YGER,paired,domain_b,-1.9111206093123099,0.019634279235475772,-3.778252106511852
hybrid_vs_paired_all,PAIRED_KAMPFF::paired_kampff::2015_09_03_Pair_9_0B::KiloSort2::93,PAIRED_KAMPFF::paired_kampff::2015_09_03_Pair_9_0B,PAIRED_KAMPFF,paired,domain_b,22.374713758226093,-2.0257323601651134,4.645111131047783
hybrid_vs_paired_all,PAIRED_ENGLISH::paired_english::m15_190315_142052_cell1::MountainSort4::31,PAIRED_ENGLISH::paired_english::m15_190315_142052_cell1,PAIRED_ENGLISH,paired,domain_b,9.43632123933658,8.510400233866886,1.5967995381090134
hybrid_vs_paired_all,PAIRED_MEA64C_YGER::paired_mea64c::20160415_patch2::JRClust::46,PAIRED_MEA64C_YGER::paired_mea64c::20160415_patch2,PAIRED_MEA64C_YGER,paired,domain_b,-0.9105350080935463,1.3783452424055256,-5.123504457458453
hybrid_vs_paired_all,PAIRED_ENGLISH::paired_english::m57_191105_161455::KiloSort::24,PAIRED_ENGLISH::paired_english::m57_191105_161455,PAIRED_ENGLISH,paired,domain_b,0.01390343252549743,1.7608997437246379,-1.8418149908302672
hybrid_vs_paired_all,PAIRED_MEA64C_YGER::paired_mea64c::20160415_patch2::HerdingSpikes2::89,PAIRED_MEA64C_YGER::paired_mea64c::20160415_patch2,PAIRED_MEA64C_YGER,paired,domain_b,-0.7677948259521986,1.0413785646301086,-5.078027899744037
hybrid_vs_paired_all,PAIRED_ENGLISH::paired_english::m113_191125_204935::SpykingCircus::2,PAIRED_ENGLISH::paired_english::m113_191125_204935,PAIRED_ENGLISH,paired,domain_b,5.208948212022568,1.4922495285768278,-1.938667447226933
hybrid_vs_paired_all,PAIRED_ENGLISH::paired_english::m57_191105_161455::KiloSort2::44,PAIRED_ENGLISH::paired_english::m57_191105_161455,PAIRED_ENGLISH,paired,domain_b,1.3695217834766769,3.885189489282974,-2.606220745195905
hybrid_vs_paired_all,PAIRED_ENGLISH::paired_english::m139_200114_222743::MountainSort4::21,PAIRED_ENGLISH::paired_english::m139_200114_222743,PAIRED_ENGLISH,paired,domain_b,-4.591931179954843,4.359546168261378,-1.0558124206833694
hybrid_vs_paired_all,PAIRED_ENGLISH::paired_english::m108_191125_171427::MountainSort4::19,PAIRED_ENGLISH::paired_english::m108_191125_171427,PAIRED_ENGLISH,paired,domain_b,1.4381961638186382,1.1684204771868214,-1.3089575344526656
hybrid_vs_paired_all,PAIRED_MEA64C_YGER::paired_mea64c::20160415_patch2::KiloSort::45,PAIRED_MEA64C_YGER::paired_mea64c::20160415_patch2,PAIRED_MEA64C_YGER,paired,domain_b,-0.50727147527281,0.9196219062339895,-4.559087068757744
hybrid_vs_paired_all,PAIRED_MEA64C_YGER::paired_mea64c::20170621_patch1::SpykingCircus::65,PAIRED_MEA64C_YGER::paired_mea64c::20170621_patch1,PAIRED_MEA64C_YGER,paired,domain_b,-1.1342274748706747,0.6394685780756966,-4.329494173963723
hybrid_vs_paired_all,PAIRED_ENGLISH::paired_english::m57_191105_141906::SpykingCircus::15,PAIRED_ENGLISH::paired_english::m57_191105_141906,PAIRED_ENGLISH,paired,domain_b,4.465393251250041,1.3926705405565127,-2.922357414527466
hybrid_vs_paired_all,PAIRED_ENGLISH::paired_english::m57_191105_161455::IronClust::24,PAIRED_ENGLISH::paired_english::m57_191105_161455,PAIRED_ENGLISH,paired,domain_b,-0.809786380819139,1.4010752276299745,-1.0190501484287162
hybrid_vs_paired_all,PAIRED_ENGLISH::paired_english::m57_191105_153915::MountainSort4::25,PAIRED_ENGLISH::paired_english::m57_191105_153915,PAIRED_ENGLISH,paired,domain_b,-5.146236365563493,13.507834952354937,1.1497772114459477
hybrid_vs_paired_all,PAIRED_KAMPFF::paired_kampff::c14::MountainSort4::49,PAIRED_KAMPFF::paired_kampff::c14,PAIRED_KAMPFF,paired,domain_b,-1.7945591909491727,-0.0014510196438788899,-2.74619027592191
hybrid_vs_paired_all,PAIRED_MEA64C_YGER::paired_mea64c::20170622_patch1::KiloSort::26,PAIRED_MEA64C_YGER::paired_mea64c::20170622_patch1,PAIRED_MEA64C_YGER,paired,domain_b,-2.502607316883452,-0.20804932058397982,-2.2268585954937694
hybrid_vs_paired_all,PAIRED_ENGLISH::paired_english::m15_190315_142052_cell1::MountainSort4::8,PAIRED_ENGLISH::paired_english::m15_190315_142052_cell1,PAIRED_ENGLISH,paired,domain_b,2.650567578037964,9.103152642594186,1.623487313257127
hybrid_vs_paired_all,PAIRED_MEA64C_YGER::paired_mea64c::20160415_patch2::HerdingSpikes2::148,PAIRED_MEA64C_YGER::paired_mea64c::20160415_patch2,PAIRED_MEA64C_YGER,paired,domain_b,0.06277645406164495,1.928569263905211,-6.170570323746428
hybrid_vs_paired_all,PAIRED_BOYDEN::paired_boyden32c::419_1_8::KiloSort2::30,PAIRED_BOYDEN::paired_boyden32c::419_1_8,PAIRED_BOYDEN,paired,domain_b,1.734713742481066,0.8399234629243933,-1.8223304705675063
hybrid_vs_paired_all,PAIRED_KAMPFF::paired_kampff::2015_09_03_Pair_9_0A::KiloSort2::82,PAIRED_KAMPFF::paired_kampff::2015_09_03_Pair_9_0A,PAIRED_KAMPFF,paired,domain_b,14.999671613355307,0.0739657164515639,1.2910040961804536
hybrid_vs_paired_all,PAIRED_ENGLISH::paired_english::m14_190326_155432::MountainSort4::2,PAIRED_ENGLISH::paired_english::m14_190326_155432,PAIRED_ENGLISH,paired,domain_b,-2.0443560835118233,5.83155464767533,-4.431366983689929
hybrid_vs_paired_all,PAIRED_MEA64C_YGER::paired_mea64c::20170622_patch1::KiloSort2::47,PAIRED_MEA64C_YGER::paired_mea64c::20170622_patch1,PAIRED_MEA64C_YGER,paired,domain_b,-0.39483695933563107,1.2638263529664686,-6.4404116583606426
hybrid_vs_paired_all,PAIRED_ENGLISH::paired_english::m15_190315_142052_cell1::KiloSort2::80,PAIRED_ENGLISH::paired_english::m15_190315_142052_cell1,PAIRED_ENGLISH,paired,domain_b,-1.2213338214184182,5.958288344379556,1.782142851608859
hybrid_vs_paired_all,PAIRED_MEA64C_YGER::paired_mea64c::20170622_patch2::HerdingSpikes2::1,PAIRED_MEA64C_YGER::paired_mea64c::20170622_patch2,PAIRED_MEA64C_YGER,paired,domain_b,-1.2649805662279137,0.13212417264132711,-3.938030607872061
hybrid_vs_paired_all,PAIRED_KAMPFF::paired_kampff::2015_09_03_Pair_9_0A::SpykingCircus::45,PAIRED_KAMPFF::paired_kampff::2015_09_03_Pair_9_0A,PAIRED_KAMPFF,paired,domain_b,15.590831788811977,-0.919476189257813,-0.25398332162549314
hybrid_vs_paired_all,PAIRED_ENGLISH::paired_english::m139_200114_222743::SpykingCircus::35,PAIRED_ENGLISH::paired_english::m139_200114_222743,PAIRED_ENGLISH,paired,domain_b,-11.667473147174706,8.583205414979448,-3.3439766995245765
hybrid_vs_paired_all,PAIRED_KAMPFF::paired_kampff::2015_09_03_Pair_9_0A::KiloSort::169,PAIRED_KAMPFF::paired_kampff::2015_09_03_Pair_9_0A,PAIRED_KAMPFF,paired,domain_b,17.501945120389287,-1.6001167143273096,0.907696148121547
hybrid_vs_paired_all,PAIRED_ENGLISH::paired_english::m139_200114_191955::IronClust::8,PAIRED_ENGLISH::paired_english::m139_200114_191955,PAIRED_ENGLISH,paired,domain_b,-2.2536001777902426,0.7782420874800179,0.40107178550626715
hybrid_vs_paired_all,PAIRED_MEA64C_YGER::paired_mea64c::20170622_patch2::HerdingSpikes2::13,PAIRED_MEA64C_YGER::paired_mea64c::20170622_patch2,PAIRED_MEA64C_YGER,paired,domain_b,-0.9904598184317605,0.47760441187957864,-4.300058968149308
hybrid_vs_paired_all,PAIRED_KAMPFF::paired_kampff::2015_09_03_Pair_9_0A::KiloSort2::91,PAIRED_KAMPFF::paired_kampff::2015_09_03_Pair_9_0A,PAIRED_KAMPFF,paired,domain_b,17.43959061450406,-3.024245885467161,3.0526162306956173
hybrid_vs_paired_all,PAIRED_ENGLISH::paired_english::m57_191105_153915::KiloSort2::42,PAIRED_ENGLISH::paired_english::m57_191105_153915,PAIRED_ENGLISH,paired,domain_b,0.05239851846425106,4.393463125219249,-2.3721161693993706
hybrid_vs_paired_all,PAIRED_ENGLISH::paired_english::m15_190315_152315_cell1::KiloSort2::39,PAIRED_ENGLISH::paired_english::m15_190315_152315_cell1,PAIRED_ENGLISH,paired,domain_b,0.5366953723233214,0.5069534076746365,2.0148881028930563
hybrid_vs_paired_all,PAIRED_KAMPFF::paired_kampff::2015_09_03_Pair_9_0B::JRClust::15,PAIRED_KAMPFF::paired_kampff::2015_09_03_Pair_9_0B,PAIRED_KAMPFF,paired,domain_b,15.82344425062558,-0.044875038524461335,0.722137272286035
hybrid_vs_paired_all,PAIRED_MEA64C_YGER::paired_mea64c::20160415_patch2::HerdingSpikes2::141,PAIRED_MEA64C_YGER::paired_mea64c::20160415_patch2,PAIRED_MEA64C_YGER,paired,domain_b,-2.416868412546426,-0.8335464585394778,-0.2349362665523508
hybrid_vs_paired_all,PAIRED_BOYDEN::paired_boyden32c::419_1_7::MountainSort4::5,PAIRED_BOYDEN::paired_boyden32c::419_1_7,PAIRED_BOYDEN,paired,domain_b,3.207878968098299,3.6932773062509754,-2.724484126203118
hybrid_vs_paired_all,PAIRED_KAMPFF::paired_kampff::2015_09_03_Pair_9_0B::KiloSort::52,PAIRED_KAMPFF::paired_kampff::2015_09_03_Pair_9_0B,PAIRED_KAMPFF,paired,domain_b,19.96041024144378,-2.7563163366074366,1.835437904917656
hybrid_vs_paired_all,PAIRED_KAMPFF::paired_kampff::2015_09_03_Pair_9_0B::JRClust::47,PAIRED_KAMPFF::paired_kampff::2015_09_03_Pair_9_0B,PAIRED_KAMPFF,paired,domain_b,15.99125684189256,-2.0157376959828155,0.9493745246199579
hybrid_vs_paired_all,PAIRED_KAMPFF::paired_kampff::2015_09_03_Pair_9_0B::KiloSort::194,PAIRED_KAMPFF::paired_kampff::2015_09_03_Pair_9_0B,PAIRED_KAMPFF,paired,domain_b,19.83935570573018,-2.0226692019757904,0.7952235854924942
hybrid_vs_paired_all,PAIRED_MEA64C_YGER::paired_mea64c::20170621_patch1::MountainSort4::95,PAIRED_MEA64C_YGER::paired_mea64c::20170621_patch1,PAIRED_MEA64C_YGER,paired,domain_b,-0.761707011424741,1.331660885905477,-4.999031768089951
hybrid_vs_paired_all,PAIRED_MEA64C_YGER::paired_mea64c::20170622_patch2::MountainSort4::43,PAIRED_MEA64C_YGER::paired_mea64c::20170622_patch2,PAIRED_MEA64C_YGER,paired,domain_b,-1.0712146037191603,-0.12346040376519381,-3.6136602512988802
hybrid_vs_paired_all,PAIRED_MEA64C_YGER::paired_mea64c::20160415_patch2::HerdingSpikes2::72,PAIRED_MEA64C_YGER::paired_mea64c::20160415_patch2,PAIRED_MEA64C_YGER,paired,domain_b,-1.0000037853377062,0.7095102230367348,-4.81804137842192
hybrid_vs_paired_all,PAIRED_MEA64C_YGER::paired_mea64c::20160415_patch2::HerdingSpikes2::139,PAIRED_MEA64C_YGER::paired_mea64c::20160415_patch2,PAIRED_MEA64C_YGER,paired,domain_b,-1.4585954615261065,0.9303857212790376,-4.057246737851599
hybrid_vs_paired_all,PAIRED_KAMPFF::paired_kampff::2015_09_03_Pair_9_0A::JRClust::51,PAIRED_KAMPFF::paired_kampff::2015_09_03_Pair_9_0A,PAIRED_KAMPFF,paired,domain_b,15.574254526996306,-1.5269019261150902,0.48615622118353957
hybrid_vs_paired_all,PAIRED_MEA64C_YGER::paired_mea64c::20160415_patch2::SpykingCircus::115,PAIRED_MEA64C_YGER::paired_mea64c::20160415_patch2,PAIRED_MEA64C_YGER,paired,domain_b,-1.2339521026458624,0.3866491320353885,-4.223254405731875
hybrid_vs_paired_all,PAIRED_MEA64C_YGER::paired_mea64c::20160415_patch2::SpykingCircus::80,PAIRED_MEA64C_YGER::paired_mea64c::20160415_patch2,PAIRED_MEA64C_YGER,paired,domain_b,-0.9377951685353726,1.2596136193402825,-4.030616821015721
hybrid_vs_paired_all,PAIRED_MEA64C_YGER::paired_mea64c::20160415_patch2::MountainSort4::14,PAIRED_MEA64C_YGER::paired_mea64c::20160415_patch2,PAIRED_MEA64C_YGER,paired,domain_b,-1.4451408024208194,2.3251409777930214,-5.0520220964509726
hybrid_vs_paired_all,PAIRED_ENGLISH::paired_english::m15_190315_142052_cell1::HerdingSpikes2::5,PAIRED_ENGLISH::paired_english::m15_190315_142052_cell1,PAIRED_ENGLISH,paired,domain_b,7.790779776538504,10.201192067532109,2.6395162851834377
hybrid_vs_paired_all,PAIRED_ENGLISH::paired_english::m113_191125_204935::MountainSort4::35,PAIRED_ENGLISH::paired_english::m113_191125_204935,PAIRED_ENGLISH,paired,domain_b,3.1483825636135965,-0.14018500267361036,-0.10635208089087585
hybrid_vs_paired_all,PAIRED_ENGLISH::paired_english::m15_190315_142052_cell1::MountainSort4::75,PAIRED_ENGLISH::paired_english::m15_190315_142052_cell1,PAIRED_ENGLISH,paired,domain_b,11.74742890622393,4.790394999411562,3.127560685874084
hybrid_vs_paired_all,PAIRED_ENGLISH::paired_english::m57_191105_141906::SpykingCircus::29,PAIRED_ENGLISH::paired_english::m57_191105_141906,PAIRED_ENGLISH,paired,domain_b,-2.3055678931384467,4.008765998367412,0.45760725242019934
hybrid_vs_paired_all,PAIRED_ENGLISH::paired_english::m108_191125_171427::KiloSort::136,PAIRED_ENGLISH::paired_english::m108_191125_171427,PAIRED_ENGLISH,paired,domain_b,0.2844617013256618,1.277009907306298,-2.681699328111159
hybrid_vs_paired_all,PAIRED_MEA64C_YGER::paired_mea64c::20160415_patch2::MountainSort4::63,PAIRED_MEA64C_YGER::paired_mea64c::20160415_patch2,PAIRED_MEA64C_YGER,paired,domain_b,-1.9230218415517377,0.10334929319612648,-3.171236930916278
hybrid_vs_paired_all,PAIRED_ENGLISH::paired_english::m139_200114_205038::HerdingSpikes2::23,PAIRED_ENGLISH::paired_english::m139_200114_205038,PAIRED_ENGLISH,paired,domain_b,2.0928716207039457,3.604314751115478,-1.6624821212719127
hybrid_vs_paired_all,PAIRED_MEA64C_YGER::paired_mea64c::20160415_patch2::JRClust::10,PAIRED_MEA64C_YGER::paired_mea64c::20160415_patch2,PAIRED_MEA64C_YGER,paired,domain_b,-0.3408604525049525,1.5919371854148725,-5.602262326803655
hybrid_vs_paired_all,PAIRED_ENGLISH::paired_english::m108_191125_171427::KiloSort2::1,PAIRED_ENGLISH::paired_english::m108_191125_171427,PAIRED_ENGLISH,paired,domain_b,3.539067973105195,3.8991067704161675,-1.7403485480650613
hybrid_vs_paired_all,PAIRED_KAMPFF::paired_kampff::2015_09_03_Pair_9_0A::KiloSort2::98,PAIRED_KAMPFF::paired_kampff::2015_09_03_Pair_9_0A,PAIRED_KAMPFF,paired,domain_b,19.85212144797002,-2.359082017685186,1.7781200423310168
hybrid_vs_paired_all,PAIRED_BOYDEN::paired_boyden32c::419_1_7::KiloSort2::13,PAIRED_BOYDEN::paired_boyden32c::419_1_7,PAIRED_BOYDEN,paired,domain_b,1.7392425122244124,3.137033756752744,-1.7033578618823506
hybrid_vs_paired_all,PAIRED_KAMPFF::paired_kampff::2014_11_25_Pair_3_0::Tridesclous::5,PAIRED_KAMPFF::paired_kampff::2014_11_25_Pair_3_0,PAIRED_KAMPFF,paired,domain_b,17.203852568475543,-0.2044941704046738,1.2249875057898911
hybrid_vs_paired_all,PAIRED_MEA64C_YGER::paired_mea64c::20170622_patch2::JRClust::13,PAIRED_MEA64C_YGER::paired_mea64c::20170622_patch2,PAIRED_MEA64C_YGER,paired,domain_b,-0.8308673433009105,0.4213840292902088,-4.983702904700908
hybrid_vs_paired_all,PAIRED_KAMPFF::paired_kampff::2014_11_25_Pair_3_0::HerdingSpikes2::14,PAIRED_KAMPFF::paired_kampff::2014_11_25_Pair_3_0,PAIRED_KAMPFF,paired,domain_b,17.967787027651006,-0.1505731149306509,1.5245899607324056
hybrid_vs_paired_all,PAIRED_ENGLISH::paired_english::m15_190315_142052_cell1::SpykingCircus::35,PAIRED_ENGLISH::paired_english::m15_190315_142052_cell1,PAIRED_ENGLISH,paired,domain_b,4.9148552124872635,9.050639099984965,1.382715620930249
hybrid_vs_paired_all,PAIRED_KAMPFF::paired_kampff::2015_09_03_Pair_9_0A::KiloSort::173,PAIRED_KAMPFF::paired_kampff::2015_09_03_Pair_9_0A,PAIRED_KAMPFF,paired,domain_b,16.33492642815395,-0.5027612929550067,-0.7713296417798454
hybrid_vs_paired_all,PAIRED_MEA64C_YGER::paired_mea64c::20170622_patch2::KiloSort2::78,PAIRED_MEA64C_YGER::paired_mea64c::20170622_patch2,PAIRED_MEA64C_YGER,paired,domain_b,-0.6431060934027284,0.7878023466651569,-5.6448074739789735
hybrid_vs_paired_all,PAIRED_ENGLISH::paired_english::m57_191105_153915::KiloSort2::8,PAIRED_ENGLISH::paired_english::m57_191105_153915,PAIRED_ENGLISH,paired,domain_b,-12.005639127229617,12.714609753944433,-1.3629419208125975
hybrid_vs_paired_all,PAIRED_MEA64C_YGER::paired_mea64c::20160415_patch2::SpykingCircus::100,PAIRED_MEA64C_YGER::paired_mea64c::20160415_patch2,PAIRED_MEA64C_YGER,paired,domain_b,-1.2954501598232655,1.4467875916083919,-4.804785660989909
hybrid_vs_paired_all,PAIRED_ENGLISH::paired_english::m139_200114_205038::MountainSort4::34,PAIRED_ENGLISH::paired_english::m139_200114_205038,PAIRED_ENGLISH,paired,domain_b,2.556392889620383,2.2087274544429687,-0.4820436254820284
hybrid_vs_paired_all,PAIRED_ENGLISH::paired_english::m57_191105_160026::MountainSort4::9,PAIRED_ENGLISH::paired_english::m57_191105_160026,PAIRED_ENGLISH,paired,domain_b,8.026562003960576,0.03223815978371694,0.4674974691860167
hybrid_vs_paired_all,PAIRED_ENGLISH::paired_english::m57_191105_161455::HerdingSpikes2::22,PAIRED_ENGLISH::paired_english::m57_191105_161455,PAIRED_ENGLISH,paired,domain_b,1.5223728331263362,1.9123586812695463,-1.7692026837322365
hybrid_vs_paired_all,PAIRED_MEA64C_YGER::paired_mea64c::20170621_patch1::HerdingSpikes2::202,PAIRED_MEA64C_YGER::paired_mea64c::20170621_patch1,PAIRED_MEA64C_YGER,paired,domain_b,0.11876595562182492,2.3753134902581228,-4.6188117625519025
hybrid_vs_paired_all,PAIRED_BOYDEN::paired_boyden32c::419_1_8::MountainSort4::16,PAIRED_BOYDEN::paired_boyden32c::419_1_8,PAIRED_BOYDEN,paired,domain_b,6.6717691808352555,-2.3007388963460946,0.7251156548765704
hybrid_vs_paired_all,PAIRED_KAMPFF::paired_kampff::2015_09_03_Pair_9_0A::KiloSort2::68,PAIRED_KAMPFF::paired_kampff::2015_09_03_Pair_9_0A,PAIRED_KAMPFF,paired,domain_b,16.48001253628191,-0.645564100987919,-0.12569214784402816
hybrid_vs_paired_all,PAIRED_ENGLISH::paired_english::m15_190315_152315_cell1::IronClust::17,PAIRED_ENGLISH::paired_english::m15_190315_152315_cell1,PAIRED_ENGLISH,paired,domain_b,0.9558984528706471,0.9759088720491848,1.857123627721827
hybrid_vs_paired_all,PAIRED_KAMPFF::paired_kampff::2015_09_03_Pair_9_0A::KiloSort::139,PAIRED_KAMPFF::paired_kampff::2015_09_03_Pair_9_0A,PAIRED_KAMPFF,paired,domain_b,14.408124730239656,-0.6915069488760448,-0.5454707384836408
hybrid_vs_paired_all,PAIRED_ENGLISH::paired_english::m139_200114_205038::HerdingSpikes2::16,PAIRED_ENGLISH::paired_english::m139_200114_205038,PAIRED_ENGLISH,paired,domain_b,2.695466297577244,2.5360242661507684,-2.5312939917435986
hybrid_vs_paired_all,PAIRED_MEA64C_YGER::paired_mea64c::20170621_patch1::MountainSort4::100,PAIRED_MEA64C_YGER::paired_mea64c::20170621_patch1,PAIRED_MEA64C_YGER,paired,domain_b,-0.059477259626371744,1.007927713760889,-4.928643105695254
hybrid_vs_paired_all,PAIRED_MEA64C_YGER::paired_mea64c::20170622_patch2::JRClust::79,PAIRED_MEA64C_YGER::paired_mea64c::20170622_patch2,PAIRED_MEA64C_YGER,paired,domain_b,-1.3588326963638984,-0.6619120028509055,-3.215054600649364
hybrid_vs_paired_all,PAIRED_ENGLISH::paired_english::m139_200114_191955::MountainSort4::34,PAIRED_ENGLISH::paired_english::m139_200114_191955,PAIRED_ENGLISH,paired,domain_b,1.8847453146778808,1.3773592753841988,0.1361159124864544
hybrid_vs_paired_all,PAIRED_BOYDEN::paired_boyden32c::1103_1_1::JRClust::26,PAIRED_BOYDEN::paired_boyden32c::1103_1_1,PAIRED_BOYDEN,paired,domain_b,11.66092432263746,-2.7365430012776684,0.17588948253682862
hybrid_vs_paired_all,PAIRED_MEA64C_YGER::paired_mea64c::20160415_patch2::HerdingSpikes2::274,PAIRED_MEA64C_YGER::paired_mea64c::20160415_patch2,PAIRED_MEA64C_YGER,paired,domain_b,-0.3605873050321713,2.7572902737597285,-6.40866031648712
hybrid_vs_paired_all,PAIRED_ENGLISH::paired_english::m14_190326_155432::MountainSort4::50,PAIRED_ENGLISH::paired_english::m14_190326_155432,PAIRED_ENGLISH,paired,domain_b,2.3280471492170465,2.0970061796442887,-0.6517007413861156
hybrid_vs_paired_all,PAIRED_KAMPFF::paired_kampff::2015_09_03_Pair_9_0B::HerdingSpikes2::56,PAIRED_KAMPFF::paired_kampff::2015_09_03_Pair_9_0B,PAIRED_KAMPFF,paired,domain_b,15.507790970832282,-2.0068336403590163,0.6703734210779128
hybrid_vs_paired_all,PAIRED_ENGLISH::paired_english::m57_191105_161455::KiloSort2::1,PAIRED_ENGLISH::paired_english::m57_191105_161455,PAIRED_ENGLISH,paired,domain_b,1.2695259631999647,1.360649348734202,-3.524617616710129
hybrid_vs_paired_all,PAIRED_ENGLISH::paired_english::m139_200114_205038::HerdingSpikes2::17,PAIRED_ENGLISH::paired_english::m139_200114_205038,PAIRED_ENGLISH,paired,domain_b,-0.20180559915558505,2.56228338430476,-1.7481894331742922
hybrid_vs_paired_all,PAIRED_BOYDEN::paired_boyden32c::1103_1_1::JRClust::8,PAIRED_BOYDEN::paired_boyden32c::1103_1_1,PAIRED_BOYDEN,paired,domain_b,13.544016909950159,-2.879203237888932,0.6456938407373863
hybrid_vs_paired_all,PAIRED_ENGLISH::paired_english::m15_190315_142052_cell1::KiloSort2::88,PAIRED_ENGLISH::paired_english::m15_190315_142052_cell1,PAIRED_ENGLISH,paired,domain_b,27.669781867946273,45.12731306255177,17.77964571782725
hybrid_vs_paired_all,PAIRED_MEA64C_YGER::paired_mea64c::20170622_patch1::HerdingSpikes2::104,PAIRED_MEA64C_YGER::paired_mea64c::20170622_patch1,PAIRED_MEA64C_YGER,paired,domain_b,-1.2775306746476425,0.38655838726342134,-3.9995239951878587
hybrid_vs_paired_all,PAIRED_KAMPFF::paired_kampff::2015_09_03_Pair_9_0B::JRClust::9,PAIRED_KAMPFF::paired_kampff::2015_09_03_Pair_9_0B,PAIRED_KAMPFF,paired,domain_b,14.759035257012986,-1.1866320382916928,-0.4614596254869288
hybrid_vs_paired_all,PAIRED_ENGLISH::paired_english::m139_200114_222743::KiloSort::39,PAIRED_ENGLISH::paired_english::m139_200114_222743,PAIRED_ENGLISH,paired,domain_b,-0.34944215089259556,0.671230982267272,1.5519963967673513
hybrid_vs_paired_all,PAIRED_MEA64C_YGER::paired_mea64c::20170622_patch2::MountainSort4::1,PAIRED_MEA64C_YGER::paired_mea64c::20170622_patch2,PAIRED_MEA64C_YGER,paired,domain_b,-1.830602300882155,0.31068591363551507,-3.4503933898908623
hybrid_vs_paired_all,PAIRED_ENGLISH::paired_english::m139_200114_205038::IronClust::36,PAIRED_ENGLISH::paired_english::m139_200114_205038,PAIRED_ENGLISH,paired,domain_b,1.0229187842919834,2.709390105321,-0.2664948356318177
hybrid_vs_paired_all,PAIRED_MEA64C_YGER::paired_mea64c::20160415_patch2::MountainSort4::134,PAIRED_MEA64C_YGER::paired_mea64c::20160415_patch2,PAIRED_MEA64C_YGER,paired,domain_b,-1.4593193678318974,0.09423274411872334,-3.910736545108953
hybrid_vs_paired_all,PAIRED_MEA64C_YGER::paired_mea64c::20160415_patch2::IronClust::62,PAIRED_MEA64C_YGER::paired_mea64c::20160415_patch2,PAIRED_MEA64C_YGER,paired,domain_b,-1.0232269694380072,0.8372626797896157,-5.62670359467826
hybrid_vs_paired_all,PAIRED_ENGLISH::paired_english::m139_200114_205038::IronClust::30,PAIRED_ENGLISH::paired_english::m139_200114_205038,PAIRED_ENGLISH,paired,domain_b,0.15183896170702008,3.272519481347214,-0.9298284299544699
hybrid_vs_paired_all,PAIRED_MEA64C_YGER::paired_mea64c::20170622_patch1::HerdingSpikes2::0,PAIRED_MEA64C_YGER::paired_mea64c::20170622_patch1,PAIRED_MEA64C_YGER,paired,domain_b,-0.630386114256466,0.3870701798089228,-4.954985936462259
hybrid_vs_paired_all,PAIRED_ENGLISH::paired_english::m139_200114_222743::MountainSort4::75,PAIRED_ENGLISH::paired_english::m139_200114_222743,PAIRED_ENGLISH,paired,domain_b,-5.768775528043568,3.9144180888846596,-0.874494408452131
hybrid_vs_paired_all,PAIRED_BOYDEN::paired_boyden32c::509_1_1::MountainSort4::11,PAIRED_BOYDEN::paired_boyden32c::509_1_1,PAIRED_BOYDEN,paired,domain_b,6.417481052778181,-0.9807413262289996,0.7572215248839191
hybrid_vs_paired_all,PAIRED_MEA64C_YGER::paired_mea64c::20160415_patch2::MountainSort4::55,PAIRED_MEA64C_YGER::paired_mea64c::20160415_patch2,PAIRED_MEA64C_YGER,paired,domain_b,-2.1000949752718783,-0.49004275980629114,-1.9940428180360603
hybrid_vs_paired_all,PAIRED_MEA64C_YGER::paired_mea64c::20170622_patch1::KiloSort::88,PAIRED_MEA64C_YGER::paired_mea64c::20170622_patch1,PAIRED_MEA64C_YGER,paired,domain_b,-0.523360915140994,2.204329823735046,-6.825898031808538
hybrid_vs_paired_all,PAIRED_ENGLISH::paired_english::m15_190315_142052_cell1::KiloSort2::58,PAIRED_ENGLISH::paired_english::m15_190315_142052_cell1,PAIRED_ENGLISH,paired,domain_b,21.29223749646256,13.526115874521867,10.33318616559347
hybrid_vs_paired_all,PAIRED_MEA64C_YGER::paired_mea64c::20170622_patch1::HerdingSpikes2::118,PAIRED_MEA64C_YGER::paired_mea64c::20170622_patch1,PAIRED_MEA64C_YGER,paired,domain_b,1.0057420046655077,1.9386535715050233,-6.191483708215538
hybrid_vs_paired_all,PAIRED_KAMPFF::paired_kampff::c14::SpykingCircus::43,PAIRED_KAMPFF::paired_kampff::c14,PAIRED_KAMPFF,paired,domain_b,-2.0820325308889283,-0.5556822378133602,-1.9201448446387528
hybrid_vs_paired_all,PAIRED_ENGLISH::paired_english::m139_200114_205038::KiloSort2::9,PAIRED_ENGLISH::paired_english::m139_200114_205038,PAIRED_ENGLISH,paired,domain_b,7.130564649794654,2.9623462935154468,0.17494388081471832
hybrid_vs_paired_all,PAIRED_ENGLISH::paired_english::m15_190315_152315_cell1::SpykingCircus::0,PAIRED_ENGLISH::paired_english::m15_190315_152315_cell1,PAIRED_ENGLISH,paired,domain_b,-0.6269483989760526,5.86341118257078,-1.5539040335051333
hybrid_vs_paired_all,PAIRED_CRCNS_HC1::paired_crcns::d11222_d11222.002::MountainSort4::1,PAIRED_CRCNS_HC1::paired_crcns::d11222_d11222.002,PAIRED_CRCNS_HC1,paired,domain_b,3.8025585173053926,2.3025349461015208,-2.7855667840139327
hybrid_vs_paired_all,PAIRED_ENGLISH::paired_english::m108_191125_171427::KiloSort2::52,PAIRED_ENGLISH::paired_english::m108_191125_171427,PAIRED_ENGLISH,paired,domain_b,-1.6706808799331305,3.6585771969014536,2.4222827092899015
hybrid_vs_paired_all,PAIRED_KAMPFF::paired_kampff::2015_09_03_Pair_9_0B::MountainSort4::14,PAIRED_KAMPFF::paired_kampff::2015_09_03_Pair_9_0B,PAIRED_KAMPFF,paired,domain_b,12.555689680306045,2.512792850724906,-0.18325223968050636
hybrid_vs_paired_all,PAIRED_MEA64C_YGER::paired_mea64c::20170622_patch2::KiloSort2::19,PAIRED_MEA64C_YGER::paired_mea64c::20170622_patch2,PAIRED_MEA64C_YGER,paired,domain_b,-0.9196340837166113,0.5867530481463058,-3.4379870894770015
hybrid_vs_paired_all,PAIRED_BOYDEN::paired_boyden32c::419_1_7::MountainSort4::71,PAIRED_BOYDEN::paired_boyden32c::419_1_7,PAIRED_BOYDEN,paired,domain_b,4.005006742776209,0.20289862138621587,-0.9927562782091117
hybrid_vs_paired_all,PAIRED_MEA64C_YGER::paired_mea64c::20160415_patch2::SpykingCircus::105,PAIRED_MEA64C_YGER::paired_mea64c::20160415_patch2,PAIRED_MEA64C_YGER,paired,domain_b,-0.5783716703017874,1.6709923006745744,-4.944863843093258
hybrid_vs_paired_all,PAIRED_ENGLISH::paired_english::m15_190315_152315_cell1::KiloSort2::68,PAIRED_ENGLISH::paired_english::m15_190315_152315_cell1,PAIRED_ENGLISH,paired,domain_b,1.3529063020192402,1.8386668328265003,1.1113123778388792
hybrid_vs_paired_all,PAIRED_ENGLISH::paired_english::m15_190315_152315_cell1::SpykingCircus::5,PAIRED_ENGLISH::paired_english::m15_190315_152315_cell1,PAIRED_ENGLISH,paired,domain_b,2.0396034732759754,2.6048536618986664,-2.499432013155171
hybrid_vs_paired_all,PAIRED_MEA64C_YGER::paired_mea64c::20160415_patch2::HerdingSpikes2::228,PAIRED_MEA64C_YGER::paired_mea64c::20160415_patch2,PAIRED_MEA64C_YGER,paired,domain_b,-1.386365653528232,1.4601395996054372,-3.9624011308275797
hybrid_vs_paired_all,PAIRED_MEA64C_YGER::paired_mea64c::20170622_patch1::KiloSort2::21,PAIRED_MEA64C_YGER::paired_mea64c::20170622_patch1,PAIRED_MEA64C_YGER,paired,domain_b,-0.2941892568247941,1.570287275299109,-6.582375118775392
hybrid_vs_paired_all,PAIRED_BOYDEN::paired_boyden32c::509_1_1::KiloSort::9,PAIRED_BOYDEN::paired_boyden32c::509_1_1,PAIRED_BOYDEN,paired,domain_b,4.606658142638208,-1.908943623553271,2.174604495844347
hybrid_vs_paired_all,PAIRED_BOYDEN::paired_boyden32c::419_1_8::KiloSort2::46,PAIRED_BOYDEN::paired_boyden32c::419_1_8,PAIRED_BOYDEN,paired,domain_b,2.0964775110290357,2.206271257428223,-0.8068094828522769
hybrid_vs_paired_all,PAIRED_MEA64C_YGER::paired_mea64c::20170622_patch2::Klusta::21,PAIRED_MEA64C_YGER::paired_mea64c::20170622_patch2,PAIRED_MEA64C_YGER,paired,domain_b,-1.5599744808709217,0.035476744928741664,-4.490625621690536
hybrid_vs_paired_all,PAIRED_KAMPFF::paired_kampff::2015_09_03_Pair_9_0B::JRClust::50,PAIRED_KAMPFF::paired_kampff::2015_09_03_Pair_9_0B,PAIRED_KAMPFF,paired,domain_b,17.337899149680144,-2.0008724724474005,1.2089562454358036
hybrid_vs_paired_all,PAIRED_MEA64C_YGER::paired_mea64c::20160415_patch2::HerdingSpikes2::17,PAIRED_MEA64C_YGER::paired_mea64c::20160415_patch2,PAIRED_MEA64C_YGER,paired,domain_b,-0.5497486696447996,1.1522456612018017,-4.408907967300643
hybrid_vs_paired_all,PAIRED_ENGLISH::paired_english::m139_200114_191955::MountainSort4::17,PAIRED_ENGLISH::paired_english::m139_200114_191955,PAIRED_ENGLISH,paired,domain_b,-0.5121423865314785,2.1169311340013626,-0.6841223811285717
hybrid_vs_paired_all,PAIRED_KAMPFF::paired_kampff::2015_09_03_Pair_9_0B::KiloSort2::112,PAIRED_KAMPFF::paired_kampff::2015_09_03_Pair_9_0B,PAIRED_KAMPFF,paired,domain_b,18.046924926992716,-1.0156955371921452,-1.0274167596132107
hybrid_vs_paired_all,PAIRED_KAMPFF::paired_kampff::2015_09_03_Pair_9_0B::KiloSort2::55,PAIRED_KAMPFF::paired_kampff::2015_09_03_Pair_9_0B,PAIRED_KAMPFF,paired,domain_b,17.165067611818543,-0.060062497430378,-0.6833382369459307
hybrid_vs_paired_all,PAIRED_CRCNS_HC1::paired_crcns::d11221_d11221.002::MountainSort4::9,PAIRED_CRCNS_HC1::paired_crcns::d11221_d11221.002,PAIRED_CRCNS_HC1,paired,domain_b,-2.674918416071951,4.788836642459518,-1.961349849479652
hybrid_vs_paired_all,PAIRED_ENGLISH::paired_english::m15_190315_152315_cell1::IronClust::13,PAIRED_ENGLISH::paired_english::m15_190315_152315_cell1,PAIRED_ENGLISH,paired,domain_b,0.11989492060821785,3.232350302599006,0.788671525959137
hybrid_vs_paired_all,PAIRED_ENGLISH::paired_english::m113_191125_204935::MountainSort4::23,PAIRED_ENGLISH::paired_english::m113_191125_204935,PAIRED_ENGLISH,paired,domain_b,-1.4753084338800337,2.90438417104343,-1.384434361051697
hybrid_vs_paired_all,PAIRED_MEA64C_YGER::paired_mea64c::20160415_patch2::SpykingCircus::32,PAIRED_MEA64C_YGER::paired_mea64c::20160415_patch2,PAIRED_MEA64C_YGER,paired,domain_b,-0.696287504046673,2.448279708441932,-4.24562173306306
hybrid_vs_paired_all,PAIRED_MEA64C_YGER::paired_mea64c::20170621_patch1::SpykingCircus::44,PAIRED_MEA64C_YGER::paired_mea64c::20170621_patch1,PAIRED_MEA64C_YGER,paired,domain_b,-0.3592604671127429,1.3302437391053252,-5.4790982911570385
hybrid_vs_paired_all,PAIRED_ENGLISH::paired_english::m15_190315_152315_cell1::KiloSort::104,PAIRED_ENGLISH::paired_english::m15_190315_152315_cell1,PAIRED_ENGLISH,paired,domain_b,-2.196943329475851,2.452093984153855,-2.4469337008025005
hybrid_vs_paired_all,PAIRED_MEA64C_YGER::paired_mea64c::20170621_patch1::SpykingCircus::28,PAIRED_MEA64C_YGER::paired_mea64c::20170621_patch1,PAIRED_MEA64C_YGER,paired,domain_b,-1.2226175088541107,0.36241028528432556,-4.459704210228508
hybrid_vs_paired_all,PAIRED_ENGLISH::paired_english::m57_191105_161455::KiloSort::62,PAIRED_ENGLISH::paired_english::m57_191105_161455,PAIRED_ENGLISH,paired,domain_b,2.6413376952647187,4.464739301994195,1.9187573856780213
hybrid_vs_paired_all,PAIRED_ENGLISH::paired_english::m15_190315_150831_cell1::SpykingCircus::22,PAIRED_ENGLISH::paired_english::m15_190315_150831_cell1,PAIRED_ENGLISH,paired,domain_b,-0.2566044018429119,3.9464136628719513,-1.6354533200871695
hybrid_vs_paired_all,PAIRED_MEA64C_YGER::paired_mea64c::20170622_patch2::Klusta::17,PAIRED_MEA64C_YGER::paired_mea64c::20170622_patch2,PAIRED_MEA64C_YGER,paired,domain_b,-1.1247741626933239,0.8287546872233292,-3.762876687608746
hybrid_vs_paired_all,PAIRED_BOYDEN::paired_boyden32c::419_1_8::MountainSort4::33,PAIRED_BOYDEN::paired_boyden32c::419_1_8,PAIRED_BOYDEN,paired,domain_b,5.499977076406764,-1.159438648782289,0.2985619310657537
hybrid_vs_paired_all,PAIRED_ENGLISH::paired_english::m15_190315_150831_cell1::MountainSort4::37,PAIRED_ENGLISH::paired_english::m15_190315_150831_cell1,PAIRED_ENGLISH,paired,domain_b,0.5015400131945966,2.702257074841645,-3.36324490456093
hybrid_vs_paired_all,PAIRED_ENGLISH::paired_english::m108_191125_171427::SpykingCircus::37,PAIRED_ENGLISH::paired_english::m108_191125_171427,PAIRED_ENGLISH,paired,domain_b,-1.0027762295072364,3.3118799313941927,-4.080196757178408
hybrid_vs_paired_all,PAIRED_ENGLISH::paired_english::m15_190315_152315_cell1::IronClust::6,PAIRED_ENGLISH::paired_english::m15_190315_152315_cell1,PAIRED_ENGLISH,paired,domain_b,1.1184957876036699,2.0380449837382124,-1.9202112369983892
hybrid_vs_paired_all,PAIRED_MEA64C_YGER::paired_mea64c::20170621_patch1::KiloSort::131,PAIRED_MEA64C_YGER::paired_mea64c::20170621_patch1,PAIRED_MEA64C_YGER,paired,domain_b,-1.6635120187194339,1.0769148197237461,-3.740819457975254
hybrid_vs_paired_all,PAIRED_MEA64C_YGER::paired_mea64c::20160415_patch2::JRClust::163,PAIRED_MEA64C_YGER::paired_mea64c::20160415_patch2,PAIRED_MEA64C_YGER,paired,domain_b,0.1260087698130882,1.9455668166883637,-3.679147189064029
hybrid_vs_paired_all,PAIRED_KAMPFF::paired_kampff::c14::KiloSort2::43,PAIRED_KAMPFF::paired_kampff::c14,PAIRED_KAMPFF,paired,domain_b,-2.9281001092689,-0.7892808636409151,-1.7261171272860634
hybrid_vs_paired_all,PAIRED_ENGLISH::paired_english::m57_191105_161455::MountainSort4::64,PAIRED_ENGLISH::paired_english::m57_191105_161455,PAIRED_ENGLISH,paired,domain_b,2.6879857241892884,0.8643089452992541,-0.4734074934024413
hybrid_vs_paired_all,PAIRED_MEA64C_YGER::paired_mea64c::20160415_patch2::SpykingCircus::57,PAIRED_MEA64C_YGER::paired_mea64c::20160415_patch2,PAIRED_MEA64C_YGER,paired,domain_b,-0.3587789377923496,3.978299828930606,-5.404612894979491
hybrid_vs_paired_all,PAIRED_MEA64C_YGER::paired_mea64c::20170622_patch1::KiloSort::9,PAIRED_MEA64C_YGER::paired_mea64c::20170622_patch1,PAIRED_MEA64C_YGER,paired,domain_b,-2.2280379954291316,0.2535625579015363,-4.298084385680268
hybrid_vs_paired_all,PAIRED_MEA64C_YGER::paired_mea64c::20170622_patch2::MountainSort4::56,PAIRED_MEA64C_YGER::paired_mea64c::20170622_patch2,PAIRED_MEA64C_YGER,paired,domain_b,-2.368591366812,-0.40532878822570795,-3.1112711479885298
hybrid_vs_paired_all,PAIRED_ENGLISH::paired_english::m139_200114_222743::MountainSort4::1,PAIRED_ENGLISH::paired_english::m139_200114_222743,PAIRED_ENGLISH,paired,domain_b,1.0865813728677218,2.2932944094710552,-1.2607257116462367
hybrid_vs_paired_all,PAIRED_BOYDEN::paired_boyden32c::419_1_7::MountainSort4::23,PAIRED_BOYDEN::paired_boyden32c::419_1_7,PAIRED_BOYDEN,paired,domain_b,3.833450601317793,0.4506752106436908,0.6907251459190497
hybrid_vs_paired_all,PAIRED_KAMPFF::paired_kampff::2015_09_03_Pair_9_0B::HerdingSpikes2::53,PAIRED_KAMPFF::paired_kampff::2015_09_03_Pair_9_0B,PAIRED_KAMPFF,paired,domain_b,15.837085403781337,-1.6408271367197298,-0.056353097266031126
hybrid_vs_paired_all,PAIRED_BOYDEN::paired_boyden32c::419_1_8::KiloSort2::25,PAIRED_BOYDEN::paired_boyden32c::419_1_8,PAIRED_BOYDEN,paired,domain_b,5.476174912359734,1.465887932789837,-0.8426529386676804
hybrid_vs_paired_all,PAIRED_ENGLISH::paired_english::m15_190315_142052_cell1::KiloSort::20,PAIRED_ENGLISH::paired_english::m15_190315_142052_cell1,PAIRED_ENGLISH,paired,domain_b,-0.6137341198874287,11.65284064369556,-0.18609601138644344
hybrid_vs_paired_all,PAIRED_ENGLISH::paired_english::m139_200114_191955::MountainSort4::55,PAIRED_ENGLISH::paired_english::m139_200114_191955,PAIRED_ENGLISH,paired,domain_b,0.7440569033927464,1.8974130191018823,-3.06094981032817
hybrid_vs_paired_all,PAIRED_BOYDEN::paired_boyden32c::419_1_7::MountainSort4::4,PAIRED_BOYDEN::paired_boyden32c::419_1_7,PAIRED_BOYDEN,paired,domain_b,5.285290311770519,0.332521075564071,0.4444208536397546
hybrid_vs_paired_all,PAIRED_ENGLISH::paired_english::m57_191105_161455::KiloSort2::35,PAIRED_ENGLISH::paired_english::m57_191105_161455,PAIRED_ENGLISH,paired,domain_b,0.6507188279264351,1.111188594507603,1.045802545421947
hybrid_vs_paired_all,PAIRED_KAMPFF::paired_kampff::2015_09_03_Pair_9_0B::KiloSort2::115,PAIRED_KAMPFF::paired_kampff::2015_09_03_Pair_9_0B,PAIRED_KAMPFF,paired,domain_b,16.32915089689323,-1.995208982698385,0.5055109572780695
hybrid_vs_paired_all,PAIRED_KAMPFF::paired_kampff::c14::HerdingSpikes2::20,PAIRED_KAMPFF::paired_kampff::c14,PAIRED_KAMPFF,paired,domain_b,-1.9604202875266332,-0.14379046153188385,-1.517743692744373
hybrid_vs_paired_all,PAIRED_BOYDEN::paired_boyden32c::1103_1_1::IronClust::4,PAIRED_BOYDEN::paired_boyden32c::1103_1_1,PAIRED_BOYDEN,paired,domain_b,10.736134988730173,-2.9937751783864295,0.7950135889037803
hybrid_vs_paired_all,PAIRED_KAMPFF::paired_kampff::2015_09_03_Pair_9_0B::MountainSort4::16,PAIRED_KAMPFF::paired_kampff::2015_09_03_Pair_9_0B,PAIRED_KAMPFF,paired,domain_b,16.803473296158167,-3.100421494263126,1.2015451233471828
hybrid_vs_paired_all,PAIRED_KAMPFF::paired_kampff::2015_09_03_Pair_9_0B::IronClust::7,PAIRED_KAMPFF::paired_kampff::2015_09_03_Pair_9_0B,PAIRED_KAMPFF,paired,domain_b,21.711004902271622,-3.1437891583723707,3.143381916830749
hybrid_vs_paired_all,PAIRED_MEA64C_YGER::paired_mea64c::20160415_patch2::Tridesclous::11,PAIRED_MEA64C_YGER::paired_mea64c::20160415_patch2,PAIRED_MEA64C_YGER,paired,domain_b,-1.0584951824807676,0.4720725957448175,-3.3467836888569416
hybrid_vs_paired_all,PAIRED_ENGLISH::paired_english::m15_190315_152315_cell1::SpykingCircus::35,PAIRED_ENGLISH::paired_english::m15_190315_152315_cell1,PAIRED_ENGLISH,paired,domain_b,4.198327147073212,1.2743570202689578,-3.8141668830218713
hybrid_vs_paired_all,PAIRED_ENGLISH::paired_english::m57_191105_161455::KiloSort::156,PAIRED_ENGLISH::paired_english::m57_191105_161455,PAIRED_ENGLISH,paired,domain_b,-0.35515446158652786,0.8820524043871525,-0.945954008354499
hybrid_vs_paired_all,PAIRED_ENGLISH::paired_english::m57_191105_153915::MountainSort4::12,PAIRED_ENGLISH::paired_english::m57_191105_153915,PAIRED_ENGLISH,paired,domain_b,-2.740795695135006,2.9675272258986567,2.4544805866520716
hybrid_vs_paired_all,PAIRED_KAMPFF::paired_kampff::2015_09_03_Pair_9_0A::MountainSort4::64,PAIRED_KAMPFF::paired_kampff::2015_09_03_Pair_9_0A,PAIRED_KAMPFF,paired,domain_b,20.208567832035783,-3.4160877889734,2.1963155704276502
hybrid_vs_paired_all,PAIRED_ENGLISH::paired_english::m139_200114_222743::SpykingCircus::36,PAIRED_ENGLISH::paired_english::m139_200114_222743,PAIRED_ENGLISH,paired,domain_b,-0.479973481855801,3.4501532638699577,-1.2196389018989697
hybrid_vs_paired_all,PAIRED_ENGLISH::paired_english::m57_191105_141906::MountainSort4::38,PAIRED_ENGLISH::paired_english::m57_191105_141906,PAIRED_ENGLISH,paired,domain_b,4.970465942258773,1.2137666971294176,-3.184921428055053
hybrid_vs_paired_all,PAIRED_MEA64C_YGER::paired_mea64c::20170622_patch1::MountainSort4::30,PAIRED_MEA64C_YGER::paired_mea64c::20170622_patch1,PAIRED_MEA64C_YGER,paired,domain_b,-2.689092710643324,-0.40520389734214146,-3.2824342246121847
hybrid_vs_paired_all,PAIRED_KAMPFF::paired_kampff::c14::MountainSort4::68,PAIRED_KAMPFF::paired_kampff::c14,PAIRED_KAMPFF,paired,domain_b,-2.6202784603497715,-0.44570307632137185,-1.1682237055125304
hybrid_vs_paired_all,PAIRED_MEA64C_YGER::paired_mea64c::20170622_patch1::KiloSort::75,PAIRED_MEA64C_YGER::paired_mea64c::20170622_patch1,PAIRED_MEA64C_YGER,paired,domain_b,-0.8969696412662214,0.7453369508695616,-5.320387397799617
hybrid_vs_paired_all,PAIRED_ENGLISH::paired_english::m57_191105_160026::MountainSort4::28,PAIRED_ENGLISH::paired_english::m57_191105_160026,PAIRED_ENGLISH,paired,domain_b,7.556593799357814,0.438784252219709,0.5627621551587579
hybrid_vs_paired_all,PAIRED_MEA64C_YGER::paired_mea64c::20170621_patch1::HerdingSpikes2::94,PAIRED_MEA64C_YGER::paired_mea64c::20170621_patch1,PAIRED_MEA64C_YGER,paired,domain_b,-0.9352986503373852,1.9268426323702017,-3.7648939005994615
hybrid_vs_paired_all,PAIRED_ENGLISH::paired_english::m14_190326_155432::IronClust::19,PAIRED_ENGLISH::paired_english::m14_190326_155432,PAIRED_ENGLISH,paired,domain_b,2.9521121365003977,2.708864687524046,-0.9554019513189369
hybrid_vs_paired_all,PAIRED_MEA64C_YGER::paired_mea64c::20170622_patch1::KiloSort2::23,PAIRED_MEA64C_YGER::paired_mea64c::20170622_patch1,PAIRED_MEA64C_YGER,paired,domain_b,-0.7267362877805561,0.3294508243555625,-5.403030495379112
hybrid_vs_paired_all,PAIRED_KAMPFF::paired_kampff::2015_09_03_Pair_9_0B::SpykingCircus::14,PAIRED_KAMPFF::paired_kampff::2015_09_03_Pair_9_0B,PAIRED_KAMPFF,paired,domain_b,15.932587985125405,-1.3609885582721548,1.0226501895449582
hybrid_vs_paired_all,PAIRED_BOYDEN::paired_boyden32c::1103_1_1::MountainSort4::10,PAIRED_BOYDEN::paired_boyden32c::1103_1_1,PAIRED_BOYDEN,paired,domain_b,4.887049240975317,-1.3149130068172827,0.5156119709418691
hybrid_vs_paired_all,PAIRED_ENGLISH::paired_english::m108_191125_171427::HerdingSpikes2::13,PAIRED_ENGLISH::paired_english::m108_191125_171427,PAIRED_ENGLISH,paired,domain_b,0.9564062862403867,1.9669612612437273,-2.5556833161495627
hybrid_vs_paired_all,PAIRED_MEA64C_YGER::paired_mea64c::20170621_patch1::SpykingCircus::23,PAIRED_MEA64C_YGER::paired_mea64c::20170621_patch1,PAIRED_MEA64C_YGER,paired,domain_b,-0.13926211815413725,1.8669006817046647,-4.784026854308643
hybrid_vs_paired_all,PAIRED_BOYDEN::paired_boyden32c::419_1_7::SpykingCircus::12,PAIRED_BOYDEN::paired_boyden32c::419_1_7,PAIRED_BOYDEN,paired,domain_b,5.877894462772748,-0.43061878592872643,-1.4811732184834001
hybrid_vs_paired_all,PAIRED_KAMPFF::paired_kampff::2015_09_03_Pair_9_0A::MountainSort4::10,PAIRED_KAMPFF::paired_kampff::2015_09_03_Pair_9_0A,PAIRED_KAMPFF,paired,domain_b,18.542569644076657,-3.2293886717813467,1.5455329618750293
hybrid_vs_paired_all,PAIRED_MEA64C_YGER::paired_mea64c::20170622_patch1::SpykingCircus::27,PAIRED_MEA64C_YGER::paired_mea64c::20170622_patch1,PAIRED_MEA64C_YGER,paired,domain_b,-1.6214635197123006,0.16323925777892226,-4.194404215759101
hybrid_vs_paired_all,PAIRED_MEA64C_YGER::paired_mea64c::20170622_patch2::HerdingSpikes2::138,PAIRED_MEA64C_YGER::paired_mea64c::20170622_patch2,PAIRED_MEA64C_YGER,paired,domain_b,-0.140121101473716,1.332332938757028,-5.1086520513435305
hybrid_vs_paired_all,PAIRED_MEA64C_YGER::paired_mea64c::20160415_patch2::HerdingSpikes2::184,PAIRED_MEA64C_YGER::paired_mea64c::20160415_patch2,PAIRED_MEA64C_YGER,paired,domain_b,-1.252047549282878,1.3318639104168957,-5.602464918014803
hybrid_vs_paired_all,PAIRED_ENGLISH::paired_english::m15_190315_142052_cell1::IronClust::37,PAIRED_ENGLISH::paired_english::m15_190315_142052_cell1,PAIRED_ENGLISH,paired,domain_b,-0.6483115542391122,9.773030082717304,0.2462035085142312
hybrid_vs_paired_all,PAIRED_ENGLISH::paired_english::m15_190315_152315_cell1::MountainSort4::16,PAIRED_ENGLISH::paired_english::m15_190315_152315_cell1,PAIRED_ENGLISH,paired,domain_b,0.005007004313821352,2.9909181858074514,-1.518605892867817
hybrid_vs_paired_all,PAIRED_ENGLISH::paired_english::m108_191125_171427::MountainSort4::14,PAIRED_ENGLISH::paired_english::m108_191125_171427,PAIRED_ENGLISH,paired,domain_b,-1.6482589067927438,2.690371694266398,-0.24264019643000845
hybrid_vs_paired_all,PAIRED_ENGLISH::paired_english::m139_200114_222743::KiloSort2::15,PAIRED_ENGLISH::paired_english::m139_200114_222743,PAIRED_ENGLISH,paired,domain_b,-0.3161910590806049,2.9675377341987574,-0.6316888515245931
hybrid_vs_paired_all,PAIRED_MEA64C_YGER::paired_mea64c::20170622_patch2::JRClust::28,PAIRED_MEA64C_YGER::paired_mea64c::20170622_patch2,PAIRED_MEA64C_YGER,paired,domain_b,-0.8593211366350085,1.2448165425454403,-4.9812683024051
hybrid_vs_paired_all,PAIRED_MEA64C_YGER::paired_mea64c::20170621_patch1::HerdingSpikes2::68,PAIRED_MEA64C_YGER::paired_mea64c::20170621_patch1,PAIRED_MEA64C_YGER,paired,domain_b,-0.35703862809228165,1.518156365723286,-5.6275738514178055
hybrid_vs_paired_all,PAIRED_KAMPFF::paired_kampff::2015_09_03_Pair_9_0B::HerdingSpikes2::68,PAIRED_KAMPFF::paired_kampff::2015_09_03_Pair_9_0B,PAIRED_KAMPFF,paired,domain_b,15.659985088450483,-0.4351348770343652,-0.646284529675396
hybrid_vs_paired_all,PAIRED_MEA64C_YGER::paired_mea64c::20170621_patch1::Tridesclous::35,PAIRED_MEA64C_YGER::paired_mea64c::20170621_patch1,PAIRED_MEA64C_YGER,paired,domain_b,-1.82262774024429,-0.3768226276835407,-3.6000368325806638
hybrid_vs_paired_all,PAIRED_KAMPFF::paired_kampff::c14::HerdingSpikes2::68,PAIRED_KAMPFF::paired_kampff::c14,PAIRED_KAMPFF,paired,domain_b,-0.4934982458691348,0.49544105048031817,-3.3312151165775847
hybrid_vs_paired_all,PAIRED_BOYDEN::paired_boyden32c::419_1_8::IronClust::25,PAIRED_BOYDEN::paired_boyden32c::419_1_8,PAIRED_BOYDEN,paired,domain_b,3.673660017566315,-0.5618328345053047,-0.8588384637939783
hybrid_vs_paired_all,PAIRED_ENGLISH::paired_english::m139_200114_191955::MountainSort4::40,PAIRED_ENGLISH::paired_english::m139_200114_191955,PAIRED_ENGLISH,paired,domain_b,0.1396808477436815,1.4586931936835157,-1.8245153968156502
hybrid_vs_paired_all,PAIRED_ENGLISH::paired_english::m15_190315_152315_cell1::MountainSort4::38,PAIRED_ENGLISH::paired_english::m15_190315_152315_cell1,PAIRED_ENGLISH,paired,domain_b,-3.9104524713457725,8.647252431534037,-0.11072549034139026
hybrid_vs_paired_all,PAIRED_MEA64C_YGER::paired_mea64c::20170621_patch1::HerdingSpikes2::133,PAIRED_MEA64C_YGER::paired_mea64c::20170621_patch1,PAIRED_MEA64C_YGER,paired,domain_b,-0.23225084631280923,1.2585868262629232,-5.618269640028265
hybrid_vs_paired_all,PAIRED_ENGLISH::paired_english::m139_200114_191955::IronClust::21,PAIRED_ENGLISH::paired_english::m139_200114_191955,PAIRED_ENGLISH,paired,domain_b,2.4997260633523672,1.395963772190792,-1.1037956550313401
hybrid_vs_paired_all,PAIRED_MEA64C_YGER::paired_mea64c::20160415_patch2::Tridesclous::37,PAIRED_MEA64C_YGER::paired_mea64c::20160415_patch2,PAIRED_MEA64C_YGER,paired,domain_b,-0.6720211036252326,1.0063965012108527,-5.083766613071479
hybrid_vs_paired_all,PAIRED_MEA64C_YGER::paired_mea64c::20170621_patch1::MountainSort4::69,PAIRED_MEA64C_YGER::paired_mea64c::20170621_patch1,PAIRED_MEA64C_YGER,paired,domain_b,-2.3628679408426545,0.33430140715111123,-3.8601168588158927
hybrid_vs_paired_all,PAIRED_CRCNS_HC1::paired_crcns::d11222_d11222.002::SpykingCircus::3,PAIRED_CRCNS_HC1::paired_crcns::d11222_d11222.002,PAIRED_CRCNS_HC1,paired,domain_b,0.19580034924085052,3.5330796029015765,-2.009373414871113
hybrid_vs_paired_all,PAIRED_BOYDEN::paired_boyden32c::419_1_8::KiloSort2::23,PAIRED_BOYDEN::paired_boyden32c::419_1_8,PAIRED_BOYDEN,paired,domain_b,8.097618431699402,0.23308939788393362,-1.3602901897391813
hybrid_vs_paired_all,PAIRED_MEA64C_YGER::paired_mea64c::20170622_patch2::HerdingSpikes2::115,PAIRED_MEA64C_YGER::paired_mea64c::20170622_patch2,PAIRED_MEA64C_YGER,paired,domain_b,-0.219256004495088,1.0723413617254756,-6.028254501642993
hybrid_vs_paired_all,PAIRED_ENGLISH::paired_english::m15_190315_152315_cell1::IronClust::26,PAIRED_ENGLISH::paired_english::m15_190315_152315_cell1,PAIRED_ENGLISH,paired,domain_b,0.6566436903015077,2.217022979393102,1.3390749827493498
hybrid_vs_paired_all,PAIRED_MEA64C_YGER::paired_mea64c::20160415_patch2::JRClust::140,PAIRED_MEA64C_YGER::paired_mea64c::20160415_patch2,PAIRED_MEA64C_YGER,paired,domain_b,-0.18928165986744666,3.380061544742251,-3.7339731099216182
hybrid_vs_paired_all,PAIRED_KAMPFF::paired_kampff::2015_09_03_Pair_9_0B::HerdingSpikes2::41,PAIRED_KAMPFF::paired_kampff::2015_09_03_Pair_9_0B,PAIRED_KAMPFF,paired,domain_b,13.300749978812908,-0.04372366087582646,-1.0828871315457609
hybrid_vs_paired_all,PAIRED_ENGLISH::paired_english::m57_191105_161455::KiloSort2::49,PAIRED_ENGLISH::paired_english::m57_191105_161455,PAIRED_ENGLISH,paired,domain_b,-0.037709679879832786,1.6296182394513516,-0.36716316592564013
hybrid_vs_paired_all,PAIRED_BOYDEN::paired_boyden32c::419_1_7::MountainSort4::2,PAIRED_BOYDEN::paired_boyden32c::419_1_7,PAIRED_BOYDEN,paired,domain_b,4.208877903573129,-0.3919710557844809,0.4106947619701353
hybrid_vs_paired_all,PAIRED_ENGLISH::paired_english::m139_200114_205038::IronClust::40,PAIRED_ENGLISH::paired_english::m139_200114_205038,PAIRED_ENGLISH,paired,domain_b,2.295630768131924,2.847066837772735,-4.4370930806402855
hybrid_vs_paired_all,PAIRED_ENGLISH::paired_english::m57_191105_161455::KiloSort2::64,PAIRED_ENGLISH::paired_english::m57_191105_161455,PAIRED_ENGLISH,paired,domain_b,-1.962202472889954,5.216638766237285,-2.6589601618797225
hybrid_vs_paired_all,PAIRED_MEA64C_YGER::paired_mea64c::20160415_patch2::HerdingSpikes2::134,PAIRED_MEA64C_YGER::paired_mea64c::20160415_patch2,PAIRED_MEA64C_YGER,paired,domain_b,-1.0666476036372399,0.7903753784205753,-4.076538768137918
hybrid_vs_paired_all,PAIRED_KAMPFF::paired_kampff::2015_09_03_Pair_9_0B::KiloSort::87,PAIRED_KAMPFF::paired_kampff::2015_09_03_Pair_9_0B,PAIRED_KAMPFF,paired,domain_b,17.985921801825434,-2.2609797235525777,1.299145258295516
hybrid_vs_paired_all,PAIRED_BOYDEN::paired_boyden32c::419_1_7::KiloSort::119,PAIRED_BOYDEN::paired_boyden32c::419_1_7,PAIRED_BOYDEN,paired,domain_b,12.36208798862982,-4.227658482608484,1.8098926591104927
hybrid_vs_paired_all,PAIRED_KAMPFF::paired_kampff::2015_09_03_Pair_9_0B::KiloSort2::110,PAIRED_KAMPFF::paired_kampff::2015_09_03_Pair_9_0B,PAIRED_KAMPFF,paired,domain_b,11.737354273758646,2.2012107792921713,-0.3978395240259903
hybrid_vs_paired_all,PAIRED_MEA64C_YGER::paired_mea64c::20170622_patch1::Klusta::10,PAIRED_MEA64C_YGER::paired_mea64c::20170622_patch1,PAIRED_MEA64C_YGER,paired,domain_b,-1.069892292944155,1.1891877527523507,-4.92291059841791
hybrid_vs_paired_all,PAIRED_BOYDEN::paired_boyden32c::419_1_8::MountainSort4::24,PAIRED_BOYDEN::paired_boyden32c::419_1_8,PAIRED_BOYDEN,paired,domain_b,4.096858569598643,2.5697985471049622,-3.456479881778504
hybrid_vs_paired_all,PAIRED_ENGLISH::paired_english::m15_190315_142052_cell1::MountainSort4::49,PAIRED_ENGLISH::paired_english::m15_190315_142052_cell1,PAIRED_ENGLISH,paired,domain_b,-13.381856698817584,19.200359550765516,2.3850120225720453
hybrid_vs_paired_all,PAIRED_ENGLISH::paired_english::m15_190315_142052_cell1::MountainSort4::35,PAIRED_ENGLISH::paired_english::m15_190315_142052_cell1,PAIRED_ENGLISH,paired,domain_b,9.345613533525592,4.248475499429778,2.8046661104181876
hybrid_vs_paired_all,PAIRED_ENGLISH::paired_english::m139_200114_191955::KiloSort::9,PAIRED_ENGLISH::paired_english::m139_200114_191955,PAIRED_ENGLISH,paired,domain_b,1.1725856996674437,0.03171347018806491,2.632378902398597
hybrid_vs_paired_all,PAIRED_ENGLISH::paired_english::m108_191125_171427::IronClust::9,PAIRED_ENGLISH::paired_english::m108_191125_171427,PAIRED_ENGLISH,paired,domain_b,0.8285431666608661,3.852893233953837,-0.8970441299939043
hybrid_vs_paired_all,PAIRED_KAMPFF::paired_kampff::2015_09_03_Pair_9_0B::KiloSort::35,PAIRED_KAMPFF::paired_kampff::2015_09_03_Pair_9_0B,PAIRED_KAMPFF,paired,domain_b,18.739426607065774,-2.5885662252993096,1.323984761412157
hybrid_vs_paired_all,PAIRED_ENGLISH::paired_english::m57_191105_161455::HerdingSpikes2::2,PAIRED_ENGLISH::paired_english::m57_191105_161455,PAIRED_ENGLISH,paired,domain_b,-0.5514792004613707,0.8102198018723765,-1.587661358245351
hybrid_vs_paired_all,PAIRED_KAMPFF::paired_kampff::2015_09_03_Pair_9_0B::KiloSort2::67,PAIRED_KAMPFF::paired_kampff::2015_09_03_Pair_9_0B,PAIRED_KAMPFF,paired,domain_b,17.937730698312087,-1.4207209770307396,1.6676972376333876
hybrid_vs_paired_all,PAIRED_ENGLISH::paired_english::m139_200114_222743::MountainSort4::53,PAIRED_ENGLISH::paired_english::m139_200114_222743,PAIRED_ENGLISH,paired,domain_b,-7.232500015337294,8.1769025089541,-3.2548400704277696
hybrid_vs_paired_all,PAIRED_KAMPFF::paired_kampff::c14::MountainSort4::38,PAIRED_KAMPFF::paired_kampff::c14,PAIRED_KAMPFF,paired,domain_b,-0.09326060206058048,-1.5662746622751165,0.4074071188892476
hybrid_vs_paired_all,PAIRED_ENGLISH::paired_english::m57_191105_161455::KiloSort2::6,PAIRED_ENGLISH::paired_english::m57_191105_161455,PAIRED_ENGLISH,paired,domain_b,4.211552046944015,13.53697050516498,4.513278254735917
hybrid_vs_paired_all,PAIRED_ENGLISH::paired_english::m15_190315_152315_cell1::IronClust::4,PAIRED_ENGLISH::paired_english::m15_190315_152315_cell1,PAIRED_ENGLISH,paired,domain_b,-0.2756417271508976,2.6129107491831323,-1.1632956874308942
hybrid_vs_paired_all,PAIRED_ENGLISH::paired_english::m139_200114_191955::MountainSort4::69,PAIRED_ENGLISH::paired_english::m139_200114_191955,PAIRED_ENGLISH,paired,domain_b,-0.14660266135167677,2.047797458217989,2.2957617139411033
hybrid_vs_paired_all,PAIRED_ENGLISH::paired_english::m57_191105_153915::SpykingCircus::19,PAIRED_ENGLISH::paired_english::m57_191105_153915,PAIRED_ENGLISH,paired,domain_b,-7.641131454975149,10.018416102122892,-1.9671055489523896
hybrid_vs_paired_all,PAIRED_KAMPFF::paired_kampff::2015_09_03_Pair_9_0B::HerdingSpikes2::42,PAIRED_KAMPFF::paired_kampff::2015_09_03_Pair_9_0B,PAIRED_KAMPFF,paired,domain_b,15.343211765001508,-0.3627167089007503,-0.2946669688887343
hybrid_vs_paired_all,PAIRED_ENGLISH::paired_english::m113_191125_204935::KiloSort::30,PAIRED_ENGLISH::paired_english::m113_191125_204935,PAIRED_ENGLISH,paired,domain_b,3.4893966622814743,2.8545194642021463,-3.7406900549184576
hybrid_vs_paired_all,PAIRED_MEA64C_YGER::paired_mea64c::20170622_patch2::HerdingSpikes2::43,PAIRED_MEA64C_YGER::paired_mea64c::20170622_patch2,PAIRED_MEA64C_YGER,paired,domain_b,-0.7080727847123747,0.8702381456865976,-5.207280679381365
hybrid_vs_paired_all,PAIRED_MEA64C_YGER::paired_mea64c::20170622_patch1::IronClust::12,PAIRED_MEA64C_YGER::paired_mea64c::20170622_patch1,PAIRED_MEA64C_YGER,paired,domain_b,-1.4872368188587728,2.315997669857216,-4.3365221054031915
hybrid_vs_paired_all,PAIRED_BOYDEN::paired_boyden32c::419_1_7::KiloSort2::10,PAIRED_BOYDEN::paired_boyden32c::419_1_7,PAIRED_BOYDEN,paired,domain_b,8.145939864833345,-0.319573282665091,-0.6633391983573126
hybrid_vs_paired_all,PAIRED_MEA64C_YGER::paired_mea64c::20160415_patch2::JRClust::126,PAIRED_MEA64C_YGER::paired_mea64c::20160415_patch2,PAIRED_MEA64C_YGER,paired,domain_b,0.15104021247786864,2.167011812291642,-6.675869216146318
hybrid_vs_paired_all,PAIRED_BOYDEN::paired_boyden32c::509_1_1::JRClust::13,PAIRED_BOYDEN::paired_boyden32c::509_1_1,PAIRED_BOYDEN,paired,domain_b,-9.894543889157752,4.440032928627496,0.2839411834843202
hybrid_vs_paired_all,PAIRED_MEA64C_YGER::paired_mea64c::20160415_patch2::KiloSort::41,PAIRED_MEA64C_YGER::paired_mea64c::20160415_patch2,PAIRED_MEA64C_YGER,paired,domain_b,-1.2798778018597028,0.9938982454197772,-5.101544420463222
hybrid_vs_paired_all,PAIRED_MEA64C_YGER::paired_mea64c::20160415_patch2::HerdingSpikes2::200,PAIRED_MEA64C_YGER::paired_mea64c::20160415_patch2,PAIRED_MEA64C_YGER,paired,domain_b,-0.8490496701663159,1.506905284401762,-4.4291900274874605
hybrid_vs_paired_all,PAIRED_ENGLISH::paired_english::m26_190524_100859_cell3::MountainSort4::2,PAIRED_ENGLISH::paired_english::m26_190524_100859_cell3,PAIRED_ENGLISH,paired,domain_b,1.2342463443627247,0.7912840385017407,-1.1443279619135034
hybrid_vs_paired_all,PAIRED_ENGLISH::paired_english::m139_200114_222743::SpykingCircus::19,PAIRED_ENGLISH::paired_english::m139_200114_222743,PAIRED_ENGLISH,paired,domain_b,-4.798777810918878,4.849588511987006,-2.006759913371647
hybrid_vs_paired_all,PAIRED_KAMPFF::paired_kampff::c14::HerdingSpikes2::14,PAIRED_KAMPFF::paired_kampff::c14,PAIRED_KAMPFF,paired,domain_b,-2.8813504498780764,-0.9155228317144817,-1.420353024904329
hybrid_vs_paired_all,PAIRED_MEA64C_YGER::paired_mea64c::20170622_patch2::HerdingSpikes2::112,PAIRED_MEA64C_YGER::paired_mea64c::20170622_patch2,PAIRED_MEA64C_YGER,paired,domain_b,-0.4495657208053332,2.44596753772545,-5.214550058211329
hybrid_vs_paired_all,PAIRED_KAMPFF::paired_kampff::2014_11_25_Pair_3_0::HerdingSpikes2::21,PAIRED_KAMPFF::paired_kampff::2014_11_25_Pair_3_0,PAIRED_KAMPFF,paired,domain_b,17.7540608505276,-0.9285832382825744,0.959528455793135
hybrid_vs_paired_all,PAIRED_MEA64C_YGER::paired_mea64c::20170622_patch1::SpykingCircus::57,PAIRED_MEA64C_YGER::paired_mea64c::20170622_patch1,PAIRED_MEA64C_YGER,paired,domain_b,-2.1805979361506878,-0.22396874719188758,-3.936269309288244
hybrid_vs_paired_all,PAIRED_MEA64C_YGER::paired_mea64c::20160415_patch2::SpykingCircus::59,PAIRED_MEA64C_YGER::paired_mea64c::20160415_patch2,PAIRED_MEA64C_YGER,paired,domain_b,-0.7204401453759169,1.8731130699719443,-5.1951376408214625
hybrid_vs_paired_all,PAIRED_ENGLISH::paired_english::m57_191105_141906::SpykingCircus::46,PAIRED_ENGLISH::paired_english::m57_191105_141906,PAIRED_ENGLISH,paired,domain_b,6.73722931545897,0.19377550931248466,-1.2365460049068524
hybrid_vs_paired_all,PAIRED_BOYDEN::paired_boyden32c::419_1_7::JRClust::9,PAIRED_BOYDEN::paired_boyden32c::419_1_7,PAIRED_BOYDEN,paired,domain_b,4.533877586327271,-0.2584000472241807,-1.5597139644705713
hybrid_vs_paired_all,PAIRED_ENGLISH::paired_english::m139_200114_191955::KiloSort::182,PAIRED_ENGLISH::paired_english::m139_200114_191955,PAIRED_ENGLISH,paired,domain_b,1.2622019496295291,2.4451667725617665,-1.9054939870376684
hybrid_vs_paired_all,PAIRED_MEA64C_YGER::paired_mea64c::20170622_patch2::HerdingSpikes2::54,PAIRED_MEA64C_YGER::paired_mea64c::20170622_patch2,PAIRED_MEA64C_YGER,paired,domain_b,-0.8937578564692998,0.7258855030194179,-4.62153384747559
hybrid_vs_paired_all,PAIRED_MEA64C_YGER::paired_mea64c::20160415_patch2::KiloSort::197,PAIRED_MEA64C_YGER::paired_mea64c::20160415_patch2,PAIRED_MEA64C_YGER,paired,domain_b,-0.4585452228397063,2.0175383852845004,-5.615600810041125
hybrid_vs_paired_all,PAIRED_MEA64C_YGER::paired_mea64c::20160415_patch2::MountainSort4::127,PAIRED_MEA64C_YGER::paired_mea64c::20160415_patch2,PAIRED_MEA64C_YGER,paired,domain_b,-0.8726477132998472,1.4702148409861302,-3.9309700421985196
hybrid_vs_paired_all,PAIRED_ENGLISH::paired_english::m108_191125_171427::KiloSort2::0,PAIRED_ENGLISH::paired_english::m108_191125_171427,PAIRED_ENGLISH,paired,domain_b,0.8282067255039343,2.3248199640863367,-1.5260676289157813
hybrid_vs_paired_all,PAIRED_MEA64C_YGER::paired_mea64c::20170622_patch2::HerdingSpikes2::126,PAIRED_MEA64C_YGER::paired_mea64c::20170622_patch2,PAIRED_MEA64C_YGER,paired,domain_b,-0.5353010803614392,0.4410608760842032,-4.601825896074199
hybrid_vs_paired_all,PAIRED_ENGLISH::paired_english::m57_191105_141906::MountainSort4::31,PAIRED_ENGLISH::paired_english::m57_191105_141906,PAIRED_ENGLISH,paired,domain_b,-1.9360486330441167,4.209015642781483,-0.31211185219463794
hybrid_vs_paired_all,PAIRED_KAMPFF::paired_kampff::2015_09_03_Pair_9_0A::JRClust::13,PAIRED_KAMPFF::paired_kampff::2015_09_03_Pair_9_0A,PAIRED_KAMPFF,paired,domain_b,12.821744858219862,0.6950146269907649,-2.5069626053077947
hybrid_vs_paired_all,PAIRED_BOYDEN::paired_boyden32c::419_1_8::SpykingCircus::37,PAIRED_BOYDEN::paired_boyden32c::419_1_8,PAIRED_BOYDEN,paired,domain_b,8.792089744817135,-2.0940015149649454,1.5992288993173842
hybrid_vs_paired_all,PAIRED_ENGLISH::paired_english::m139_200114_191955::KiloSort::41,PAIRED_ENGLISH::paired_english::m139_200114_191955,PAIRED_ENGLISH,paired,domain_b,1.7319777226971143,1.3163002010869018,1.515536065396211
hybrid_vs_paired_all,PAIRED_ENGLISH::paired_english::m139_200114_191955::HerdingSpikes2::11,PAIRED_ENGLISH::paired_english::m139_200114_191955,PAIRED_ENGLISH,paired,domain_b,-0.12687044636205236,2.0369362584338004,-0.9888365063882554
hybrid_vs_paired_all,PAIRED_ENGLISH::paired_english::m139_200114_191955::SpykingCircus::52,PAIRED_ENGLISH::paired_english::m139_200114_191955,PAIRED_ENGLISH,paired,domain_b,1.3407792517323107,1.8344601719692577,1.066107317599365
hybrid_vs_paired_all,PAIRED_ENGLISH::paired_english::m108_191125_171427::MountainSort4::51,PAIRED_ENGLISH::paired_english::m108_191125_171427,PAIRED_ENGLISH,paired,domain_b,0.6613382826250771,1.4190394509350386,-1.6357226028189622
hybrid_vs_paired_all,PAIRED_MEA64C_YGER::paired_mea64c::20160415_patch2::JRClust::94,PAIRED_MEA64C_YGER::paired_mea64c::20160415_patch2,PAIRED_MEA64C_YGER,paired,domain_b,0.17770544327009904,2.1416902051810327,-5.8862193131023295
hybrid_vs_paired_all,PAIRED_MEA64C_YGER::paired_mea64c::20170622_patch2::MountainSort4::54,PAIRED_MEA64C_YGER::paired_mea64c::20170622_patch2,PAIRED_MEA64C_YGER,paired,domain_b,-1.9093903399664096,0.03624655956971771,-3.5450168768096617
hybrid_vs_paired_all,PAIRED_ENGLISH::paired_english::m15_190315_152315_cell1::KiloSort2::60,PAIRED_ENGLISH::paired_english::m15_190315_152315_cell1,PAIRED_ENGLISH,paired,domain_b,1.3653234834614156,3.6699517478219237,-4.386858588442144
hybrid_vs_paired_all,PAIRED_MEA64C_YGER::paired_mea64c::20160415_patch2::HerdingSpikes2::0,PAIRED_MEA64C_YGER::paired_mea64c::20160415_patch2,PAIRED_MEA64C_YGER,paired,domain_b,-0.3082086186278764,1.1319501582539075,-4.996033136707643
hybrid_vs_paired_all,PAIRED_KAMPFF::paired_kampff::2015_09_03_Pair_9_0B::HerdingSpikes2::27,PAIRED_KAMPFF::paired_kampff::2015_09_03_Pair_9_0B,PAIRED_KAMPFF,paired,domain_b,15.967795532309886,-1.8680035781423066,-0.014713973297570508
hybrid_vs_paired_all,PAIRED_MEA64C_YGER::paired_mea64c::20170622_patch2::JRClust::15,PAIRED_MEA64C_YGER::paired_mea64c::20170622_patch2,PAIRED_MEA64C_YGER,paired,domain_b,-0.1620775704776239,1.6910450631402298,-6.515893904924925
hybrid_vs_paired_all,PAIRED_ENGLISH::paired_english::m57_191105_160026::IronClust::6,PAIRED_ENGLISH::paired_english::m57_191105_160026,PAIRED_ENGLISH,paired,domain_b,-3.015651297414446,3.967882658960131,0.7110359325943717
hybrid_vs_paired_all,PAIRED_MEA64C_YGER::paired_mea64c::20170622_patch1::SpykingCircus::43,PAIRED_MEA64C_YGER::paired_mea64c::20170622_patch1,PAIRED_MEA64C_YGER,paired,domain_b,-1.5724742677280077,-0.010910167537916106,-4.439813573181372
hybrid_vs_paired_all,PAIRED_KAMPFF::paired_kampff::2015_09_03_Pair_9_0A::HerdingSpikes2::20,PAIRED_KAMPFF::paired_kampff::2015_09_03_Pair_9_0A,PAIRED_KAMPFF,paired,domain_b,15.195383454517843,0.6036409975120819,-0.2137856643872492
hybrid_vs_paired_all,PAIRED_ENGLISH::paired_english::m15_190315_152315_cell1::SpykingCircus::10,PAIRED_ENGLISH::paired_english::m15_190315_152315_cell1,PAIRED_ENGLISH,paired,domain_b,0.5393502964207268,4.04044978522894,-4.5143170011494655
hybrid_vs_paired_all,PAIRED_ENGLISH::paired_english::m57_191105_153915::MountainSort4::32,PAIRED_ENGLISH::paired_english::m57_191105_153915,PAIRED_ENGLISH,paired,domain_b,5.660916105745638,0.854029399067865,1.4477364260841226
hybrid_vs_paired_all,PAIRED_ENGLISH::paired_english::m15_190315_152315_cell1::MountainSort4::21,PAIRED_ENGLISH::paired_english::m15_190315_152315_cell1,PAIRED_ENGLISH,paired,domain_b,2.8587064328782423,1.7405953774069307,-0.9835081925577498
hybrid_vs_paired_all,PAIRED_KAMPFF::paired_kampff::2014_11_25_Pair_3_0::IronClust::3,PAIRED_KAMPFF::paired_kampff::2014_11_25_Pair_3_0,PAIRED_KAMPFF,paired,domain_b,17.79129207525082,1.4490437858257406,1.8315911235349267
hybrid_vs_paired_all,PAIRED_ENGLISH::paired_english::m57_191105_161455::KiloSort::88,PAIRED_ENGLISH::paired_english::m57_191105_161455,PAIRED_ENGLISH,paired,domain_b,-0.07142650560385268,1.6599631283410774,-2.3132351259746247
hybrid_vs_paired_all,PAIRED_MEA64C_YGER::paired_mea64c::20170622_patch2::SpykingCircus::35,PAIRED_MEA64C_YGER::paired_mea64c::20170622_patch2,PAIRED_MEA64C_YGER,paired,domain_b,-1.8604456632105988,0.16740332552888001,-4.030950237453899
hybrid_vs_paired_all,PAIRED_ENGLISH::paired_english::m14_190326_155432::MountainSort4::61,PAIRED_ENGLISH::paired_english::m14_190326_155432,PAIRED_ENGLISH,paired,domain_b,3.572298452693874,2.1231034904382393,-1.9152786936392787
hybrid_vs_paired_all,PAIRED_KAMPFF::paired_kampff::2015_09_03_Pair_9_0A::IronClust::10,PAIRED_KAMPFF::paired_kampff::2015_09_03_Pair_9_0A,PAIRED_KAMPFF,paired,domain_b,13.906466846610082,0.2569981530784523,-0.4413854207058072
hybrid_vs_paired_all,PAIRED_MEA64C_YGER::paired_mea64c::20170621_patch1::MountainSort4::118,PAIRED_MEA64C_YGER::paired_mea64c::20170621_patch1,PAIRED_MEA64C_YGER,paired,domain_b,-1.4424496503936197,0.9661828584282631,-4.917137855804771
hybrid_vs_paired_all,PAIRED_ENGLISH::paired_english::m15_190315_150831_cell1::MountainSort4::33,PAIRED_ENGLISH::paired_english::m15_190315_150831_cell1,PAIRED_ENGLISH,paired,domain_b,2.6810790426584132,1.2346774469639783,-0.0252051989495307
hybrid_vs_paired_all,PAIRED_ENGLISH::paired_english::m15_190315_150831_cell1::MountainSort4::42,PAIRED_ENGLISH::paired_english::m15_190315_150831_cell1,PAIRED_ENGLISH,paired,domain_b,3.589476164078538,0.9526980288387524,-0.16295625690392407
hybrid_vs_paired_all,PAIRED_MEA64C_YGER::paired_mea64c::20170621_patch1::KiloSort2::148,PAIRED_MEA64C_YGER::paired_mea64c::20170621_patch1,PAIRED_MEA64C_YGER,paired,domain_b,-0.2560934329771988,2.0397689652498636,-7.933574297927522
hybrid_vs_paired_all,PAIRED_KAMPFF::paired_kampff::c14::KiloSort2::68,PAIRED_KAMPFF::paired_kampff::c14,PAIRED_KAMPFF,paired,domain_b,-2.6314488059402015,0.5043175114470371,-3.401998498609198
hybrid_vs_paired_all,PAIRED_KAMPFF::paired_kampff::2014_11_25_Pair_3_0::SpykingCircus::9,PAIRED_KAMPFF::paired_kampff::2014_11_25_Pair_3_0,PAIRED_KAMPFF,paired,domain_b,20.40851236016089,-1.6056521844335947,2.117425133290181
hybrid_vs_paired_all,PAIRED_BOYDEN::paired_boyden32c::419_1_8::Tridesclous::5,PAIRED_BOYDEN::paired_boyden32c::419_1_8,PAIRED_BOYDEN,paired,domain_b,4.555913426782921,-0.0779516022013311,-1.2393156686442355
hybrid_vs_paired_all,PAIRED_BOYDEN::paired_boyden32c::1103_1_1::SpykingCircus::3,PAIRED_BOYDEN::paired_boyden32c::1103_1_1,PAIRED_BOYDEN,paired,domain_b,8.079342807124988,-1.2441412289903537,-0.35118737628440133
hybrid_vs_paired_all,PAIRED_MEA64C_YGER::paired_mea64c::20160415_patch2::JRClust::98,PAIRED_MEA64C_YGER::paired_mea64c::20160415_patch2,PAIRED_MEA64C_YGER,paired,domain_b,-0.5497577079785648,1.0003882328957103,-4.922522132303683
hybrid_vs_paired_all,PAIRED_BOYDEN::paired_boyden32c::419_1_7::KiloSort2::43,PAIRED_BOYDEN::paired_boyden32c::419_1_7,PAIRED_BOYDEN,paired,domain_b,4.023926341358134,-0.819490383655588,-1.1212347654366184
hybrid_vs_paired_all,PAIRED_MEA64C_YGER::paired_mea64c::20170621_patch1::HerdingSpikes2::3,PAIRED_MEA64C_YGER::paired_mea64c::20170621_patch1,PAIRED_MEA64C_YGER,paired,domain_b,-0.14777546551499632,1.0797376555185574,-5.322923750344629
hybrid_vs_paired_all,PAIRED_ENGLISH::paired_english::m113_191125_204935::MountainSort4::12,PAIRED_ENGLISH::paired_english::m113_191125_204935,PAIRED_ENGLISH,paired,domain_b,0.43162841378591715,3.232014174764351,-2.237770427937496
hybrid_vs_paired_all,PAIRED_MEA64C_YGER::paired_mea64c::20170622_patch2::Tridesclous::28,PAIRED_MEA64C_YGER::paired_mea64c::20170622_patch2,PAIRED_MEA64C_YGER,paired,domain_b,-1.3887250824876638,0.029112813123878905,-4.400769737137393
hybrid_vs_paired_all,PAIRED_ENGLISH::paired_english::m57_191105_161455::MountainSort4::67,PAIRED_ENGLISH::paired_english::m57_191105_161455,PAIRED_ENGLISH,paired,domain_b,3.0463312573574703,0.9444998780069803,-0.23003280133276147
hybrid_vs_paired_all,PAIRED_MEA64C_YGER::paired_mea64c::20170622_patch2::JRClust::104,PAIRED_MEA64C_YGER::paired_mea64c::20170622_patch2,PAIRED_MEA64C_YGER,paired,domain_b,-0.42296968841877,1.6637636506607434,-4.263968745212102
hybrid_vs_paired_all,PAIRED_MEA64C_YGER::paired_mea64c::20170622_patch2::HerdingSpikes2::41,PAIRED_MEA64C_YGER::paired_mea64c::20170622_patch2,PAIRED_MEA64C_YGER,paired,domain_b,-0.37871087542559,1.2027420992984292,-4.813795116417457
hybrid_vs_paired_all,PAIRED_ENGLISH::paired_english::m139_200114_222743::KiloSort2::46,PAIRED_ENGLISH::paired_english::m139_200114_222743,PAIRED_ENGLISH,paired,domain_b,-2.462493429903965,4.273423720549353,-3.2417388457145817
hybrid_vs_paired_all,PAIRED_MEA64C_YGER::paired_mea64c::20170622_patch2::HerdingSpikes2::37,PAIRED_MEA64C_YGER::paired_mea64c::20170622_patch2,PAIRED_MEA64C_YGER,paired,domain_b,-1.0077138064286804,1.7045426379275188,-4.787499929833095
hybrid_vs_paired_all,PAIRED_MEA64C_YGER::paired_mea64c::20160415_patch2::HerdingSpikes2::101,PAIRED_MEA64C_YGER::paired_mea64c::20160415_patch2,PAIRED_MEA64C_YGER,paired,domain_b,-1.5732942365167821,0.4624260128051128,-1.9062418599119357
hybrid_vs_paired_all,PAIRED_KAMPFF::paired_kampff::2015_09_03_Pair_9_0B::KiloSort::169,PAIRED_KAMPFF::paired_kampff::2015_09_03_Pair_9_0B,PAIRED_KAMPFF,paired,domain_b,20.22944087188995,-0.9466298244453901,1.7929991868232082
hybrid_vs_paired_all,PAIRED_MEA64C_YGER::paired_mea64c::20160415_patch2::HerdingSpikes2::290,PAIRED_MEA64C_YGER::paired_mea64c::20160415_patch2,PAIRED_MEA64C_YGER,paired,domain_b,-0.949149555456486,2.2946387784522333,-3.9884780550622714
hybrid_vs_paired_all,PAIRED_ENGLISH::paired_english::m113_191125_204935::MountainSort4::22,PAIRED_ENGLISH::paired_english::m113_191125_204935,PAIRED_ENGLISH,paired,domain_b,3.5252015870864146,0.8876942455225738,-0.929167278248476
hybrid_vs_paired_all,PAIRED_BOYDEN::paired_boyden32c::1103_1_1::SpykingCircus::4,PAIRED_BOYDEN::paired_boyden32c::1103_1_1,PAIRED_BOYDEN,paired,domain_b,11.658469491381968,-2.352721111509882,2.2987280183229486
hybrid_vs_paired_all,PAIRED_ENGLISH::paired_english::m15_190315_142052_cell1::SpykingCircus::33,PAIRED_ENGLISH::paired_english::m15_190315_142052_cell1,PAIRED_ENGLISH,paired,domain_b,-8.809538143464161,16.67352117963344,2.8633830375742435
hybrid_vs_paired_all,PAIRED_BOYDEN::paired_boyden32c::1103_1_1::JRClust::15,PAIRED_BOYDEN::paired_boyden32c::1103_1_1,PAIRED_BOYDEN,paired,domain_b,9.082275433863575,-1.647016176208537,-1.312162325972232
hybrid_vs_paired_all,PAIRED_KAMPFF::paired_kampff::2015_09_03_Pair_9_0B::SpykingCircus::45,PAIRED_KAMPFF::paired_kampff::2015_09_03_Pair_9_0B,PAIRED_KAMPFF,paired,domain_b,15.429995367985185,-0.5010025876299221,0.9666781060976352
hybrid_vs_paired_all,PAIRED_MEA64C_YGER::paired_mea64c::20170621_patch1::HerdingSpikes2::238,PAIRED_MEA64C_YGER::paired_mea64c::20170621_patch1,PAIRED_MEA64C_YGER,paired,domain_b,-0.6259834202249575,2.21003249848667,-3.4389599566116846
hybrid_vs_paired_all,PAIRED_ENGLISH::paired_english::m139_200114_205038::HerdingSpikes2::11,PAIRED_ENGLISH::paired_english::m139_200114_205038,PAIRED_ENGLISH,paired,domain_b,-0.4544869092215085,3.2944444520786944,-0.7967238038486051
hybrid_vs_paired_all,PAIRED_MEA64C_YGER::paired_mea64c::20160415_patch2::HerdingSpikes2::55,PAIRED_MEA64C_YGER::paired_mea64c::20160415_patch2,PAIRED_MEA64C_YGER,paired,domain_b,-0.7066048685947135,1.588137488801318,-6.0160812249434334
hybrid_vs_paired_all,PAIRED_ENGLISH::paired_english::m139_200114_191955::HerdingSpikes2::9,PAIRED_ENGLISH::paired_english::m139_200114_191955,PAIRED_ENGLISH,paired,domain_b,1.606995530601189,1.7566618582526343,-2.656404633725568
hybrid_vs_paired_all,PAIRED_MEA64C_YGER::paired_mea64c::20170621_patch1::KiloSort2::57,PAIRED_MEA64C_YGER::paired_mea64c::20170621_patch1,PAIRED_MEA64C_YGER,paired,domain_b,-1.0690822874714552,0.09164772343442258,-4.107499269450265
hybrid_vs_paired_all,PAIRED_ENGLISH::paired_english::m139_200114_222743::HerdingSpikes2::9,PAIRED_ENGLISH::paired_english::m139_200114_222743,PAIRED_ENGLISH,paired,domain_b,-12.74961000378609,7.137711922306363,-1.5825920808981808
hybrid_vs_paired_all,PAIRED_ENGLISH::paired_english::m57_191105_161455::SpykingCircus::11,PAIRED_ENGLISH::paired_english::m57_191105_161455,PAIRED_ENGLISH,paired,domain_b,-3.1018558554517783,3.4461799140320073,-3.2250096139439295
hybrid_vs_paired_all,PAIRED_ENGLISH::paired_english::m57_191105_161455::KiloSort2::52,PAIRED_ENGLISH::paired_english::m57_191105_161455,PAIRED_ENGLISH,paired,domain_b,0.1916809358421162,1.9719575302293575,-1.3571466782080235
hybrid_vs_paired_all,PAIRED_KAMPFF::paired_kampff::2015_09_03_Pair_9_0A::KiloSort2::1,PAIRED_KAMPFF::paired_kampff::2015_09_03_Pair_9_0A,PAIRED_KAMPFF,paired,domain_b,14.830101990283815,0.8397937940465205,-1.0173165082114692
hybrid_vs_paired_all,PAIRED_BOYDEN::paired_boyden32c::419_1_7::JRClust::31,PAIRED_BOYDEN::paired_boyden32c::419_1_7,PAIRED_BOYDEN,paired,domain_b,7.222502368962637,-1.0713683777479641,-0.9936769542425172
hybrid_vs_paired_all,PAIRED_MEA64C_YGER::paired_mea64c::20170622_patch2::MountainSort4::12,PAIRED_MEA64C_YGER::paired_mea64c::20170622_patch2,PAIRED_MEA64C_YGER,paired,domain_b,-0.8225014098630868,0.4453363316581966,-4.278664521876343
hybrid_vs_paired_all,PAIRED_ENGLISH::paired_english::m14_190326_155432::MountainSort4::39,PAIRED_ENGLISH::paired_english::m14_190326_155432,PAIRED_ENGLISH,paired,domain_b,-3.9686341259403117,4.621341136713106,-1.7264089437279593
hybrid_vs_paired_all,PAIRED_ENGLISH::paired_english::m15_190315_152315_cell1::KiloSort2::57,PAIRED_ENGLISH::paired_english::m15_190315_152315_cell1,PAIRED_ENGLISH,paired,domain_b,-0.363382906135864,5.58211691074626,-3.534917653202301
hybrid_vs_paired_all,PAIRED_MEA64C_YGER::paired_mea64c::20160415_patch2::HerdingSpikes2::80,PAIRED_MEA64C_YGER::paired_mea64c::20160415_patch2,PAIRED_MEA64C_YGER,paired,domain_b,-0.9189497028522035,0.7691227507874386,-4.861305456235428
hybrid_vs_paired_all,PAIRED_MEA64C_YGER::paired_mea64c::20170622_patch1::SpykingCircus::46,PAIRED_MEA64C_YGER::paired_mea64c::20170622_patch1,PAIRED_MEA64C_YGER,paired,domain_b,-0.9680601172630455,-0.603674303881783,-4.335227349987606
hybrid_vs_paired_all,PAIRED_MEA64C_YGER::paired_mea64c::20170621_patch1::KiloSort2::14,PAIRED_MEA64C_YGER::paired_mea64c::20170621_patch1,PAIRED_MEA64C_YGER,paired,domain_b,-0.56073957923955,1.2026715963293464,-4.9341255916844045
hybrid_vs_paired_all,PAIRED_MEA64C_YGER::paired_mea64c::20170621_patch1::KiloSort2::140,PAIRED_MEA64C_YGER::paired_mea64c::20170621_patch1,PAIRED_MEA64C_YGER,paired,domain_b,-0.5651710610585521,0.5609714452347094,-4.919541012839672
hybrid_vs_paired_all,PAIRED_BOYDEN::paired_boyden32c::1103_1_1::Klusta::7,PAIRED_BOYDEN::paired_boyden32c::1103_1_1,PAIRED_BOYDEN,paired,domain_b,9.326649078758283,-1.9921620120953556,1.0065161524298485
hybrid_vs_paired_all,PAIRED_BOYDEN::paired_boyden32c::419_1_7::IronClust::22,PAIRED_BOYDEN::paired_boyden32c::419_1_7,PAIRED_BOYDEN,paired,domain_b,4.636667104279021,-0.7604813988410352,-0.532593580143789
hybrid_vs_paired_all,PAIRED_MEA64C_YGER::paired_mea64c::20160415_patch2::MountainSort4::59,PAIRED_MEA64C_YGER::paired_mea64c::20160415_patch2,PAIRED_MEA64C_YGER,paired,domain_b,-1.1555371354431196,0.19480917964507147,-4.845863661298353
hybrid_vs_paired_all,PAIRED_BOYDEN::paired_boyden32c::509_1_1::JRClust::10,PAIRED_BOYDEN::paired_boyden32c::509_1_1,PAIRED_BOYDEN,paired,domain_b,13.721848844557924,-3.1362424203965102,1.3058684871022834
hybrid_vs_paired_all,PAIRED_ENGLISH::paired_english::m139_200114_222743::SpykingCircus::18,PAIRED_ENGLISH::paired_english::m139_200114_222743,PAIRED_ENGLISH,paired,domain_b,-4.899050410875149,5.701040787493208,-2.4883413767214866
hybrid_vs_paired_all,PAIRED_BOYDEN::paired_boyden32c::419_1_8::JRClust::33,PAIRED_BOYDEN::paired_boyden32c::419_1_8,PAIRED_BOYDEN,paired,domain_b,5.529760501206175,-0.5555706828359833,-0.6444519727488102
hybrid_vs_paired_all,PAIRED_ENGLISH::paired_english::m139_200114_222743::IronClust::19,PAIRED_ENGLISH::paired_english::m139_200114_222743,PAIRED_ENGLISH,paired,domain_b,-2.177886945335262,4.190861556735674,-3.488006337319761
hybrid_vs_paired_all,PAIRED_MEA64C_YGER::paired_mea64c::20160415_patch2::HerdingSpikes2::252,PAIRED_MEA64C_YGER::paired_mea64c::20160415_patch2,PAIRED_MEA64C_YGER,paired,domain_b,-1.3273269603633655,0.010531421509875053,-3.852078136275206
hybrid_vs_paired_all,PAIRED_ENGLISH::paired_english::m108_191125_171427::KiloSort2::58,PAIRED_ENGLISH::paired_english::m108_191125_171427,PAIRED_ENGLISH,paired,domain_b,16.262022783417663,4.0178218926890805,3.096525852498927
hybrid_vs_paired_all,PAIRED_KAMPFF::paired_kampff::c14::IronClust::12,PAIRED_KAMPFF::paired_kampff::c14,PAIRED_KAMPFF,paired,domain_b,-2.1967423735873175,0.01668005018180944,-1.8942007244365455
hybrid_vs_paired_all,PAIRED_MEA64C_YGER::paired_mea64c::20170622_patch1::KiloSort2::56,PAIRED_MEA64C_YGER::paired_mea64c::20170622_patch1,PAIRED_MEA64C_YGER,paired,domain_b,-0.4775805202762488,1.7267377835221176,-6.100703985731802
hybrid_vs_paired_all,PAIRED_MEA64C_YGER::paired_mea64c::20170622_patch2::SpykingCircus::32,PAIRED_MEA64C_YGER::paired_mea64c::20170622_patch2,PAIRED_MEA64C_YGER,paired,domain_b,-1.3938808701636076,0.7890360257139694,-4.67815332096965
hybrid_vs_paired_all,PAIRED_ENGLISH::paired_english::m26_190524_100859_cell3::KiloSort2::1,PAIRED_ENGLISH::paired_english::m26_190524_100859_cell3,PAIRED_ENGLISH,paired,domain_b,1.380483967498756,2.1242862165107366,-2.316692079507596
hybrid_vs_paired_all,PAIRED_MEA64C_YGER::paired_mea64c::20160415_patch2::MountainSort4::2,PAIRED_MEA64C_YGER::paired_mea64c::20160415_patch2,PAIRED_MEA64C_YGER,paired,domain_b,-0.44597072986140424,1.3865960293638149,-5.696224407544195
hybrid_vs_paired_all,PAIRED_MEA64C_YGER::paired_mea64c::20160415_patch2::IronClust::30,PAIRED_MEA64C_YGER::paired_mea64c::20160415_patch2,PAIRED_MEA64C_YGER,paired,domain_b,-1.5439479214290166,0.794995110548645,-4.383863065010327
hybrid_vs_paired_all,PAIRED_MEA64C_YGER::paired_mea64c::20170622_patch2::Tridesclous::16,PAIRED_MEA64C_YGER::paired_mea64c::20170622_patch2,PAIRED_MEA64C_YGER,paired,domain_b,-1.7764897678681533,0.06248632659425617,-2.5473626530184132
hybrid_vs_paired_all,PAIRED_BOYDEN::paired_boyden32c::419_1_8::JRClust::38,PAIRED_BOYDEN::paired_boyden32c::419_1_8,PAIRED_BOYDEN,paired,domain_b,4.395154664053778,-0.04471279892161214,-1.1146575625189288
hybrid_vs_paired_all,PAIRED_ENGLISH::paired_english::m113_191125_204935::KiloSort::198,PAIRED_ENGLISH::paired_english::m113_191125_204935,PAIRED_ENGLISH,paired,domain_b,1.2721446257062325,3.2600945314627943,-2.2911231626027275
hybrid_vs_paired_all,PAIRED_KAMPFF::paired_kampff::2015_09_03_Pair_9_0B::KiloSort2::117,PAIRED_KAMPFF::paired_kampff::2015_09_03_Pair_9_0B,PAIRED_KAMPFF,paired,domain_b,18.79162366940551,-1.346983576901895,-0.07721014509180388
hybrid_vs_paired_all,PAIRED_ENGLISH::paired_english::m57_191105_161455::IronClust::20,PAIRED_ENGLISH::paired_english::m57_191105_161455,PAIRED_ENGLISH,paired,domain_b,-0.43118043729188243,1.28220321034242,-0.6592519034827989
hybrid_vs_paired_all,PAIRED_KAMPFF::paired_kampff::c14::Tridesclous::6,PAIRED_KAMPFF::paired_kampff::c14,PAIRED_KAMPFF,paired,domain_b,-2.554050092640105,-0.7812037380882809,-1.7146765633671235
hybrid_vs_paired_all,PAIRED_BOYDEN::paired_boyden32c::419_1_7::KiloSort::6,PAIRED_BOYDEN::paired_boyden32c::419_1_7,PAIRED_BOYDEN,paired,domain_b,2.7185724035949517,0.8437807418264298,-2.0538763536049873
hybrid_vs_paired_all,PAIRED_MEA64C_YGER::paired_mea64c::20170622_patch2::MountainSort4::89,PAIRED_MEA64C_YGER::paired_mea64c::20170622_patch2,PAIRED_MEA64C_YGER,paired,domain_b,-0.10407471261318044,2.943841442604109,-5.152515181726762
hybrid_vs_paired_all,PAIRED_KAMPFF::paired_kampff::2015_09_03_Pair_9_0A::HerdingSpikes2::44,PAIRED_KAMPFF::paired_kampff::2015_09_03_Pair_9_0A,PAIRED_KAMPFF,paired,domain_b,16.227552946585387,-1.0997902196996439,0.25791913713475356
hybrid_vs_paired_all,PAIRED_ENGLISH::paired_english::m57_191105_161455::KiloSort2::0,PAIRED_ENGLISH::paired_english::m57_191105_161455,PAIRED_ENGLISH,paired,domain_b,-2.541831659763149,2.5241377157816465,-2.431052932602036
hybrid_vs_paired_all,PAIRED_KAMPFF::paired_kampff::2015_09_03_Pair_9_0B::JRClust::74,PAIRED_KAMPFF::paired_kampff::2015_09_03_Pair_9_0B,PAIRED_KAMPFF,paired,domain_b,15.421173926012818,0.026706934037102868,-0.10030921120502627
hybrid_vs_paired_all,PAIRED_CRCNS_HC1::paired_crcns::d11222_d11222.002::KiloSort2::3,PAIRED_CRCNS_HC1::paired_crcns::d11222_d11222.002,PAIRED_CRCNS_HC1,paired,domain_b,-4.246030155685194,8.54851877384737,-3.2683073127545548
hybrid_vs_paired_all,PAIRED_BOYDEN::paired_boyden32c::419_1_8::MountainSort4::39,PAIRED_BOYDEN::paired_boyden32c::419_1_8,PAIRED_BOYDEN,paired,domain_b,7.645715809926178,-1.5772688639385521,0.28700414866879
hybrid_vs_paired_all,PAIRED_MEA64C_YGER::paired_mea64c::20170622_patch1::HerdingSpikes2::88,PAIRED_MEA64C_YGER::paired_mea64c::20170622_patch1,PAIRED_MEA64C_YGER,paired,domain_b,-1.3188483728689468,0.7945532347609073,-4.268495867160437
hybrid_vs_paired_all,PAIRED_MEA64C_YGER::paired_mea64c::20160415_patch2::JRClust::107,PAIRED_MEA64C_YGER::paired_mea64c::20160415_patch2,PAIRED_MEA64C_YGER,paired,domain_b,-0.3794932152004709,0.2983527647500342,-5.042254788136371
hybrid_vs_paired_all,PAIRED_ENGLISH::paired_english::m139_200114_191955::MountainSort4::52,PAIRED_ENGLISH::paired_english::m139_200114_191955,PAIRED_ENGLISH,paired,domain_b,-0.9218775582359668,2.8031623787542244,3.638168910513878
hybrid_vs_paired_all,PAIRED_MEA64C_YGER::paired_mea64c::20160415_patch2::MountainSort4::15,PAIRED_MEA64C_YGER::paired_mea64c::20160415_patch2,PAIRED_MEA64C_YGER,paired,domain_b,0.1136184882243793,2.8761357540308743,-5.6202114963692456
hybrid_vs_paired_all,PAIRED_KAMPFF::paired_kampff::c14::SpykingCircus::44,PAIRED_KAMPFF::paired_kampff::c14,PAIRED_KAMPFF,paired,domain_b,-2.0604787174993495,-0.2680050422067727,-3.382331881602707
hybrid_vs_paired_all,PAIRED_ENGLISH::paired_english::m108_191125_171427::KiloSort2::8,PAIRED_ENGLISH::paired_english::m108_191125_171427,PAIRED_ENGLISH,paired,domain_b,2.828156255907729,3.23864915662706,-3.40935193964328
hybrid_vs_paired_all,PAIRED_MEA64C_YGER::paired_mea64c::20160415_patch2::MountainSort4::64,PAIRED_MEA64C_YGER::paired_mea64c::20160415_patch2,PAIRED_MEA64C_YGER,paired,domain_b,-0.3478206160723579,1.6292828166773077,-5.432623226114631
hybrid_vs_paired_all,PAIRED_MEA64C_YGER::paired_mea64c::20170621_patch1::MountainSort4::123,PAIRED_MEA64C_YGER::paired_mea64c::20170621_patch1,PAIRED_MEA64C_YGER,paired,domain_b,-1.3493263911550013,1.1099501450746199,-4.220733534489885
hybrid_vs_paired_all,PAIRED_BOYDEN::paired_boyden32c::1103_1_1::Klusta::6,PAIRED_BOYDEN::paired_boyden32c::1103_1_1,PAIRED_BOYDEN,paired,domain_b,12.908665565019616,-2.3987973560279734,0.08630022885908657
hybrid_vs_paired_all,PAIRED_MEA64C_YGER::paired_mea64c::20170621_patch1::HerdingSpikes2::13,PAIRED_MEA64C_YGER::paired_mea64c::20170621_patch1,PAIRED_MEA64C_YGER,paired,domain_b,-0.4896821042896938,1.5871885418365648,-5.214212100950437
hybrid_vs_paired_all,PAIRED_ENGLISH::paired_english::m139_200114_222743::MountainSort4::63,PAIRED_ENGLISH::paired_english::m139_200114_222743,PAIRED_ENGLISH,paired,domain_b,-2.9036299365441343,2.394541438965325,0.132977074381146
hybrid_vs_paired_all,PAIRED_MEA64C_YGER::paired_mea64c::20170622_patch1::MountainSort4::82,PAIRED_MEA64C_YGER::paired_mea64c::20170622_patch1,PAIRED_MEA64C_YGER,paired,domain_b,-0.21261476944783958,0.4962098974196359,-4.847206356186526
hybrid_vs_paired_all,PAIRED_MEA64C_YGER::paired_mea64c::20170622_patch2::HerdingSpikes2::135,PAIRED_MEA64C_YGER::paired_mea64c::20170622_patch2,PAIRED_MEA64C_YGER,paired,domain_b,-0.41280880240665135,2.9789771605190056,-5.0759687573962715
hybrid_vs_paired_all,PAIRED_CRCNS_HC1::paired_crcns::d11221_d11221.002::KiloSort::0,PAIRED_CRCNS_HC1::paired_crcns::d11221_d11221.002,PAIRED_CRCNS_HC1,paired,domain_b,0.9726165926667114,4.834293029389892,-3.7104172785166685
hybrid_vs_paired_all,PAIRED_ENGLISH::paired_english::m139_200114_205038::KiloSort::234,PAIRED_ENGLISH::paired_english::m139_200114_205038,PAIRED_ENGLISH,paired,domain_b,2.398630096653588,2.4085347903950023,-0.5299971034091758
hybrid_vs_paired_all,PAIRED_ENGLISH::paired_english::m139_200114_191955::MountainSort4::1,PAIRED_ENGLISH::paired_english::m139_200114_191955,PAIRED_ENGLISH,paired,domain_b,9.832985756913384,-1.5251821255533249,0.8659273719539967
hybrid_vs_paired_all,PAIRED_MEA64C_YGER::paired_mea64c::20160415_patch2::HerdingSpikes2::47,PAIRED_MEA64C_YGER::paired_mea64c::20160415_patch2,PAIRED_MEA64C_YGER,paired,domain_b,-0.12103009152562401,3.755995596070441,-4.52646340504113
hybrid_vs_paired_all,PAIRED_KAMPFF::paired_kampff::c14::HerdingSpikes2::51,PAIRED_KAMPFF::paired_kampff::c14,PAIRED_KAMPFF,paired,domain_b,-1.824857481886674,0.5723509869257942,-2.6755810481110585
hybrid_vs_paired_all,PAIRED_MEA64C_YGER::paired_mea64c::20170621_patch1::HerdingSpikes2::15,PAIRED_MEA64C_YGER::paired_mea64c::20170621_patch1,PAIRED_MEA64C_YGER,paired,domain_b,-1.1859610298306948,1.052783236989145,-5.11102139321151
hybrid_vs_paired_all,PAIRED_ENGLISH::paired_english::m139_200114_205038::MountainSort4::16,PAIRED_ENGLISH::paired_english::m139_200114_205038,PAIRED_ENGLISH,paired,domain_b,-2.1975265732584797,1.3699253955132153,0.8094492203307412
hybrid_vs_paired_all,PAIRED_CRCNS_HC1::paired_crcns::d11221_d11221.001::Tridesclous::0,PAIRED_CRCNS_HC1::paired_crcns::d11221_d11221.001,PAIRED_CRCNS_HC1,paired,domain_b,-6.654052258048461,3.654017666340696,1.9254617558201506
hybrid_vs_paired_all,PAIRED_BOYDEN::paired_boyden32c::419_1_8::KiloSort::240,PAIRED_BOYDEN::paired_boyden32c::419_1_8,PAIRED_BOYDEN,paired,domain_b,7.586174210321375,-1.2903227370015384,0.9326110977703505
hybrid_vs_paired_all,PAIRED_KAMPFF::paired_kampff::2015_09_03_Pair_9_0B::IronClust::0,PAIRED_KAMPFF::paired_kampff::2015_09_03_Pair_9_0B,PAIRED_KAMPFF,paired,domain_b,21.296265395757594,-3.0441980499684544,2.5030511412584073
hybrid_vs_paired_all,PAIRED_KAMPFF::paired_kampff::c14::SpykingCircus::34,PAIRED_KAMPFF::paired_kampff::c14,PAIRED_KAMPFF,paired,domain_b,-2.478321878791771,0.06479288836675155,-4.1103281083275505
hybrid_vs_paired_all,PAIRED_ENGLISH::paired_english::m57_191105_160026::KiloSort::6,PAIRED_ENGLISH::paired_english::m57_191105_160026,PAIRED_ENGLISH,paired,domain_b,-14.976634766650362,11.746985457142076,-1.3598116452032822
hybrid_vs_paired_all,PAIRED_ENGLISH::paired_english::m139_200114_191955::SpykingCircus::15,PAIRED_ENGLISH::paired_english::m139_200114_191955,PAIRED_ENGLISH,paired,domain_b,0.5740153213248994,1.4476228829297562,-0.08035481704601184
hybrid_vs_paired_all,PAIRED_ENGLISH::paired_english::m57_191105_141906::SpykingCircus::42,PAIRED_ENGLISH::paired_english::m57_191105_141906,PAIRED_ENGLISH,paired,domain_b,2.1151862399115395,1.4070818514502623,-2.5862509986897755
hybrid_vs_paired_all,PAIRED_ENGLISH::paired_english::m15_190315_152315_cell1::SpykingCircus::34,PAIRED_ENGLISH::paired_english::m15_190315_152315_cell1,PAIRED_ENGLISH,paired,domain_b,0.881115074745941,3.0286597417324455,-3.5851207670558916
hybrid_vs_paired_all,PAIRED_KAMPFF::paired_kampff::2015_09_03_Pair_9_0B::JRClust::11,PAIRED_KAMPFF::paired_kampff::2015_09_03_Pair_9_0B,PAIRED_KAMPFF,paired,domain_b,14.321775953983002,-0.9559865801904692,-0.9085480571191924
hybrid_vs_paired_all,PAIRED_MEA64C_YGER::paired_mea64c::20170622_patch1::Klusta::7,PAIRED_MEA64C_YGER::paired_mea64c::20170622_patch1,PAIRED_MEA64C_YGER,paired,domain_b,-1.2547071278590216,0.1948914971858062,-4.909076085743244
hybrid_vs_paired_all,PAIRED_MEA64C_YGER::paired_mea64c::20170622_patch1::Klusta::3,PAIRED_MEA64C_YGER::paired_mea64c::20170622_patch1,PAIRED_MEA64C_YGER,paired,domain_b,-0.14849764343981628,1.778602264338559,-5.357301965114892
hybrid_vs_paired_all,PAIRED_KAMPFF::paired_kampff::2015_09_03_Pair_9_0A::HerdingSpikes2::17,PAIRED_KAMPFF::paired_kampff::2015_09_03_Pair_9_0A,PAIRED_KAMPFF,paired,domain_b,17.551134839144066,-2.111575520840177,1.2077938772493715
hybrid_vs_paired_all,PAIRED_KAMPFF::paired_kampff::2015_09_03_Pair_9_0A::SpykingCircus::32,PAIRED_KAMPFF::paired_kampff::2015_09_03_Pair_9_0A,PAIRED_KAMPFF,paired,domain_b,17.431026790973778,-2.0365059152315435,0.5663536354643166
hybrid_vs_paired_all,PAIRED_MEA64C_YGER::paired_mea64c::20170621_patch1::HerdingSpikes2::74,PAIRED_MEA64C_YGER::paired_mea64c::20170621_patch1,PAIRED_MEA64C_YGER,paired,domain_b,-0.7330552155442714,1.5511476155487434,-5.593008092364402
hybrid_vs_paired_all,PAIRED_ENGLISH::paired_english::m15_190315_142052_cell1::MountainSort4::24,PAIRED_ENGLISH::paired_english::m15_190315_142052_cell1,PAIRED_ENGLISH,paired,domain_b,-7.374406286018572,9.12429246790812,0.9965521731272812
hybrid_vs_paired_all,PAIRED_MEA64C_YGER::paired_mea64c::20160415_patch2::IronClust::40,PAIRED_MEA64C_YGER::paired_mea64c::20160415_patch2,PAIRED_MEA64C_YGER,paired,domain_b,-1.2136066208347036,0.8860916368039632,-2.7743393718834763
hybrid_vs_paired_all,PAIRED_ENGLISH::paired_english::m139_200114_222743::SpykingCircus::13,PAIRED_ENGLISH::paired_english::m139_200114_222743,PAIRED_ENGLISH,paired,domain_b,-4.837309111629284,5.45620311411039,-2.120145598423706
hybrid_vs_paired_all,PAIRED_MEA64C_YGER::paired_mea64c::20170622_patch1::MountainSort4::88,PAIRED_MEA64C_YGER::paired_mea64c::20170622_patch1,PAIRED_MEA64C_YGER,paired,domain_b,-2.4087955589771406,-0.8870959666037359,-2.8698815509770594
hybrid_vs_paired_all,PAIRED_MEA64C_YGER::paired_mea64c::20170621_patch1::HerdingSpikes2::87,PAIRED_MEA64C_YGER::paired_mea64c::20170621_patch1,PAIRED_MEA64C_YGER,paired,domain_b,-0.7303703285557607,0.6234914653360015,-5.435485597562336
hybrid_vs_paired_all,PAIRED_ENGLISH::paired_english::m113_191125_204935::MountainSort4::2,PAIRED_ENGLISH::paired_english::m113_191125_204935,PAIRED_ENGLISH,paired,domain_b,7.991864262073849,-0.5999510849619434,0.22322546326355994
hybrid_vs_paired_all,PAIRED_MEA64C_YGER::paired_mea64c::20170621_patch1::KiloSort2::22,PAIRED_MEA64C_YGER::paired_mea64c::20170621_patch1,PAIRED_MEA64C_YGER,paired,domain_b,-0.8380242438459917,0.8802252017056489,-3.5833057612959696
hybrid_vs_paired_all,PAIRED_ENGLISH::paired_english::m139_200114_191955::MountainSort4::29,PAIRED_ENGLISH::paired_english::m139_200114_191955,PAIRED_ENGLISH,paired,domain_b,-0.55545442600548,2.3104843675286246,-1.7841550824551522
hybrid_vs_paired_all,PAIRED_ENGLISH::paired_english::m57_191105_161455::MountainSort4::77,PAIRED_ENGLISH::paired_english::m57_191105_161455,PAIRED_ENGLISH,paired,domain_b,5.072807182699684,0.11383756997914561,0.10468708547696723
hybrid_vs_paired_all,PAIRED_ENGLISH::paired_english::m15_190315_150831_cell1::SpykingCircus::21,PAIRED_ENGLISH::paired_english::m15_190315_150831_cell1,PAIRED_ENGLISH,paired,domain_b,3.503850749824149,0.7977822304391119,0.2669618236879426
hybrid_vs_paired_all,PAIRED_MEA64C_YGER::paired_mea64c::20170622_patch2::MountainSort4::86,PAIRED_MEA64C_YGER::paired_mea64c::20170622_patch2,PAIRED_MEA64C_YGER,paired,domain_b,-1.630763018337032,-0.10285327841948988,-3.569295881939832
hybrid_vs_paired_all,PAIRED_ENGLISH::paired_english::m57_191105_161455::MountainSort4::48,PAIRED_ENGLISH::paired_english::m57_191105_161455,PAIRED_ENGLISH,paired,domain_b,1.514208766989616,2.8490071169070084,-1.1170584278196274
hybrid_vs_paired_all,PAIRED_BOYDEN::paired_boyden32c::419_1_7::MountainSort4::31,PAIRED_BOYDEN::paired_boyden32c::419_1_7,PAIRED_BOYDEN,paired,domain_b,4.433692271074735,-0.38835896769135897,0.1865951253337111
hybrid_vs_paired_all,PAIRED_MEA64C_YGER::paired_mea64c::20170621_patch1::MountainSort4::140,PAIRED_MEA64C_YGER::paired_mea64c::20170621_patch1,PAIRED_MEA64C_YGER,paired,domain_b,-2.618355625846829,-1.4203290391751098,-1.6168879875502435
hybrid_vs_paired_all,PAIRED_BOYDEN::paired_boyden32c::419_1_7::SpykingCircus::1,PAIRED_BOYDEN::paired_boyden32c::419_1_7,PAIRED_BOYDEN,paired,domain_b,8.513428820681687,-1.8544439742340153,0.47916607598432104
hybrid_vs_paired_all,PAIRED_MEA64C_YGER::paired_mea64c::20170621_patch1::SpykingCircus::36,PAIRED_MEA64C_YGER::paired_mea64c::20170621_patch1,PAIRED_MEA64C_YGER,paired,domain_b,-0.7465906301036994,0.18620744350052615,-4.981048473096088
hybrid_vs_paired_all,PAIRED_MEA64C_YGER::paired_mea64c::20170621_patch1::HerdingSpikes2::177,PAIRED_MEA64C_YGER::paired_mea64c::20170621_patch1,PAIRED_MEA64C_YGER,paired,domain_b,-0.7389645437653343,1.4634971666432857,-5.045227853517154
hybrid_vs_paired_all,PAIRED_KAMPFF::paired_kampff::c14::KiloSort2::63,PAIRED_KAMPFF::paired_kampff::c14,PAIRED_KAMPFF,paired,domain_b,-1.4796221693401992,-0.39472081173781304,-2.6227834765763456
hybrid_vs_paired_all,PAIRED_KAMPFF::paired_kampff::2015_09_03_Pair_9_0A::KiloSort::51,PAIRED_KAMPFF::paired_kampff::2015_09_03_Pair_9_0A,PAIRED_KAMPFF,paired,domain_b,12.037105444590692,0.4337719925131023,-1.0747991817334936
hybrid_vs_paired_all,PAIRED_ENGLISH::paired_english::m15_190315_142052_cell1::MountainSort4::28,PAIRED_ENGLISH::paired_english::m15_190315_142052_cell1,PAIRED_ENGLISH,paired,domain_b,0.45479345785159364,5.35320202275797,1.5163808624304655
hybrid_vs_paired_all,PAIRED_MEA64C_YGER::paired_mea64c::20170622_patch1::HerdingSpikes2::26,PAIRED_MEA64C_YGER::paired_mea64c::20170622_patch1,PAIRED_MEA64C_YGER,paired,domain_b,-0.5752078921860422,1.1142111984200311,-6.418206353577494
hybrid_vs_paired_all,PAIRED_MEA64C_YGER::paired_mea64c::20160415_patch2::MountainSort4::83,PAIRED_MEA64C_YGER::paired_mea64c::20160415_patch2,PAIRED_MEA64C_YGER,paired,domain_b,-0.6867699767016754,0.5731723902626893,-5.526587362734551
hybrid_vs_paired_all,PAIRED_ENGLISH::paired_english::m139_200114_191955::KiloSort2::10,PAIRED_ENGLISH::paired_english::m139_200114_191955,PAIRED_ENGLISH,paired,domain_b,-3.563573375207743,3.7765158792438545,0.5793280370270839
hybrid_vs_paired_all,PAIRED_KAMPFF::paired_kampff::2015_09_03_Pair_9_0B::KiloSort::175,PAIRED_KAMPFF::paired_kampff::2015_09_03_Pair_9_0B,PAIRED_KAMPFF,paired,domain_b,15.811902158590053,-0.49202382808482414,0.8170526882236531
hybrid_vs_paired_all,PAIRED_ENGLISH::paired_english::m108_191125_171427::MountainSort4::11,PAIRED_ENGLISH::paired_english::m108_191125_171427,PAIRED_ENGLISH,paired,domain_b,2.0155062355570053,0.7164536813597298,-0.6111082879431359
hybrid_vs_paired_all,PAIRED_MEA64C_YGER::paired_mea64c::20170622_patch1::SpykingCircus::62,PAIRED_MEA64C_YGER::paired_mea64c::20170622_patch1,PAIRED_MEA64C_YGER,paired,domain_b,-2.0940962830233847,0.08537402661581223,-4.3164266823877835
hybrid_vs_paired_all,PAIRED_KAMPFF::paired_kampff::c14::HerdingSpikes2::69,PAIRED_KAMPFF::paired_kampff::c14,PAIRED_KAMPFF,paired,domain_b,-0.8956622313605692,-0.4693842295249407,-1.7391987216030698
hybrid_vs_paired_all,PAIRED_ENGLISH::paired_english::m108_191125_171427::KiloSort::250,PAIRED_ENGLISH::paired_english::m108_191125_171427,PAIRED_ENGLISH,paired,domain_b,-1.1480448414489293,1.6823336115566827,-1.3723183772042555
hybrid_vs_paired_all,PAIRED_MEA64C_YGER::paired_mea64c::20160415_patch2::MountainSort4::145,PAIRED_MEA64C_YGER::paired_mea64c::20160415_patch2,PAIRED_MEA64C_YGER,paired,domain_b,-2.0377137226508397,-0.6990299194632215,-1.8701923537591365
hybrid_vs_paired_all,PAIRED_BOYDEN::paired_boyden32c::509_1_1::JRClust::6,PAIRED_BOYDEN::paired_boyden32c::509_1_1,PAIRED_BOYDEN,paired,domain_b,4.893186226477478,-0.16105617132131397,0.23219158123051933
hybrid_vs_paired_all,PAIRED_BOYDEN::paired_boyden32c::419_1_8::SpykingCircus::15,PAIRED_BOYDEN::paired_boyden32c::419_1_8,PAIRED_BOYDEN,paired,domain_b,-4.908573917886999,5.083376049527692,-1.7182987358086887
hybrid_vs_paired_all,PAIRED_MEA64C_YGER::paired_mea64c::20170622_patch2::KiloSort2::11,PAIRED_MEA64C_YGER::paired_mea64c::20170622_patch2,PAIRED_MEA64C_YGER,paired,domain_b,-0.8913895321116323,1.8065576782382873,-4.1554887827070885
hybrid_vs_paired_all,PAIRED_KAMPFF::paired_kampff::2015_09_03_Pair_9_0A::MountainSort4::82,PAIRED_KAMPFF::paired_kampff::2015_09_03_Pair_9_0A,PAIRED_KAMPFF,paired,domain_b,20.144550295454682,-1.9095427066618877,1.708371480386363
hybrid_vs_paired_all,PAIRED_MEA64C_YGER::paired_mea64c::20170621_patch1::IronClust::18,PAIRED_MEA64C_YGER::paired_mea64c::20170621_patch1,PAIRED_MEA64C_YGER,paired,domain_b,-1.3083776016559168,0.5035809801876272,-3.8581760349348704
hybrid_vs_paired_all,PAIRED_KAMPFF::paired_kampff::2015_09_03_Pair_9_0A::KiloSort2::121,PAIRED_KAMPFF::paired_kampff::2015_09_03_Pair_9_0A,PAIRED_KAMPFF,paired,domain_b,20.830033799748573,-1.7990530380326877,3.179146317271232
hybrid_vs_paired_all,PAIRED_KAMPFF::paired_kampff::2015_09_03_Pair_9_0A::JRClust::2,PAIRED_KAMPFF::paired_kampff::2015_09_03_Pair_9_0A,PAIRED_KAMPFF,paired,domain_b,13.93656845037783,-0.9713834765810213,-0.3654829209278043
hybrid_vs_paired_all,PAIRED_ENGLISH::paired_english::m139_200114_222743::SpykingCircus::47,PAIRED_ENGLISH::paired_english::m139_200114_222743,PAIRED_ENGLISH,paired,domain_b,2.548893741657286,2.791399945549345,1.9306291916116434
hybrid_vs_paired_all,PAIRED_ENGLISH::paired_english::m139_200114_222743::KiloSort2::16,PAIRED_ENGLISH::paired_english::m139_200114_222743,PAIRED_ENGLISH,paired,domain_b,-1.0484057932406312,2.2799868926044087,0.42636940137518403
hybrid_vs_paired_all,PAIRED_BOYDEN::paired_boyden32c::1103_1_1::KiloSort2::28,PAIRED_BOYDEN::paired_boyden32c::1103_1_1,PAIRED_BOYDEN,paired,domain_b,9.340020406138303,-0.7742932361315292,0.1368399102807953
hybrid_vs_paired_all,PAIRED_ENGLISH::paired_english::m14_190326_155432::SpykingCircus::24,PAIRED_ENGLISH::paired_english::m14_190326_155432,PAIRED_ENGLISH,paired,domain_b,10.806578407546084,-0.8418329233608036,-0.30001360274087574
hybrid_vs_paired_all,PAIRED_ENGLISH::paired_english::m139_200114_191955::MountainSort4::16,PAIRED_ENGLISH::paired_english::m139_200114_191955,PAIRED_ENGLISH,paired,domain_b,-0.8764703116792526,2.7650998875462074,-1.6378110768767553
hybrid_vs_paired_all,PAIRED_KAMPFF::paired_kampff::2015_09_03_Pair_9_0B::MountainSort4::65,PAIRED_KAMPFF::paired_kampff::2015_09_03_Pair_9_0B,PAIRED_KAMPFF,paired,domain_b,20.297530119661072,-2.4817370992623125,1.1311628386597854
hybrid_vs_paired_all,PAIRED_ENGLISH::paired_english::m139_200114_191955::SpykingCircus::13,PAIRED_ENGLISH::paired_english::m139_200114_191955,PAIRED_ENGLISH,paired,domain_b,1.828377481384479,2.084137071822502,-2.2139615423743284
hybrid_vs_paired_all,PAIRED_ENGLISH::paired_english::m108_191125_171427::MountainSort4::13,PAIRED_ENGLISH::paired_english::m108_191125_171427,PAIRED_ENGLISH,paired,domain_b,-0.8313732863811022,1.13086850441478,-1.8655293342512447
hybrid_vs_paired_all,PAIRED_ENGLISH::paired_english::m15_190315_152315_cell1::SpykingCircus::21,PAIRED_ENGLISH::paired_english::m15_190315_152315_cell1,PAIRED_ENGLISH,paired,domain_b,0.6210799815981962,1.8595616213173325,0.6526295332112835
hybrid_vs_paired_all,PAIRED_ENGLISH::paired_english::m15_190315_152315_cell1::MountainSort4::67,PAIRED_ENGLISH::paired_english::m15_190315_152315_cell1,PAIRED_ENGLISH,paired,domain_b,-0.0036057978896408055,0.5625306307346324,1.4182602788094478
hybrid_vs_paired_all,PAIRED_KAMPFF::paired_kampff::2015_09_03_Pair_9_0A::HerdingSpikes2::45,PAIRED_KAMPFF::paired_kampff::2015_09_03_Pair_9_0A,PAIRED_KAMPFF,paired,domain_b,20.144347553451773,-1.3049334885354873,1.708192673052
hybrid_vs_paired_all,PAIRED_MEA64C_YGER::paired_mea64c::20160415_patch2::Tridesclous::30,PAIRED_MEA64C_YGER::paired_mea64c::20160415_patch2,PAIRED_MEA64C_YGER,paired,domain_b,-0.36067219464957045,1.5037428943966655,-5.8335404648377995
hybrid_vs_paired_all,PAIRED_ENGLISH::paired_english::m15_190315_142052_cell1::HerdingSpikes2::2,PAIRED_ENGLISH::paired_english::m15_190315_142052_cell1,PAIRED_ENGLISH,paired,domain_b,3.068031253050092,11.23758382734406,2.2102775530407905
hybrid_vs_paired_all,PAIRED_ENGLISH::paired_english::m14_190326_155432::SpykingCircus::37,PAIRED_ENGLISH::paired_english::m14_190326_155432,PAIRED_ENGLISH,paired,domain_b,5.588409725201786,1.4919552914542977,-1.5672352207419733
hybrid_vs_paired_all,PAIRED_ENGLISH::paired_english::m57_191105_160026::MountainSort4::18,PAIRED_ENGLISH::paired_english::m57_191105_160026,PAIRED_ENGLISH,paired,domain_b,4.552934902872641,1.463747797851419,0.25999899370867624
hybrid_vs_paired_all,PAIRED_KAMPFF::paired_kampff::2015_09_03_Pair_9_0A::HerdingSpikes2::23,PAIRED_KAMPFF::paired_kampff::2015_09_03_Pair_9_0A,PAIRED_KAMPFF,paired,domain_b,12.59400423789086,1.0030085399650395,1.1756683032329565
hybrid_vs_paired_all,PAIRED_KAMPFF::paired_kampff::2015_09_03_Pair_9_0A::HerdingSpikes2::15,PAIRED_KAMPFF::paired_kampff::2015_09_03_Pair_9_0A,PAIRED_KAMPFF,paired,domain_b,16.072475449878837,-1.8821099113073676,0.7097925981559139
hybrid_vs_paired_all,PAIRED_BOYDEN::paired_boyden32c::419_1_8::SpykingCircus::13,PAIRED_BOYDEN::paired_boyden32c::419_1_8,PAIRED_BOYDEN,paired,domain_b,6.368163744671545,-1.4772445766528601,0.9477067201411032
hybrid_vs_paired_all,PAIRED_MEA64C_YGER::paired_mea64c::20170622_patch1::KiloSort2::10,PAIRED_MEA64C_YGER::paired_mea64c::20170622_patch1,PAIRED_MEA64C_YGER,paired,domain_b,-0.11377204607335252,1.6451297826056768,-6.215921065722195
hybrid_vs_paired_all,PAIRED_MEA64C_YGER::paired_mea64c::20160415_patch2::SpykingCircus::39,PAIRED_MEA64C_YGER::paired_mea64c::20160415_patch2,PAIRED_MEA64C_YGER,paired,domain_b,-1.4561513821391698,0.02936781412600856,-3.7539975737153486
hybrid_vs_paired_all,PAIRED_KAMPFF::paired_kampff::2015_09_03_Pair_9_0A::MountainSort4::41,PAIRED_KAMPFF::paired_kampff::2015_09_03_Pair_9_0A,PAIRED_KAMPFF,paired,domain_b,11.446132072523538,1.9995730488332994,0.895016025145987
hybrid_vs_paired_all,PAIRED_ENGLISH::paired_english::m15_190315_152315_cell1::MountainSort4::68,PAIRED_ENGLISH::paired_english::m15_190315_152315_cell1,PAIRED_ENGLISH,paired,domain_b,3.2319849838501735,1.7037375031763529,-2.465382016405433
hybrid_vs_paired_all,PAIRED_ENGLISH::paired_english::m139_200114_222743::IronClust::2,PAIRED_ENGLISH::paired_english::m139_200114_222743,PAIRED_ENGLISH,paired,domain_b,-15.287984091850452,15.016972799541566,3.582289557410433
hybrid_vs_paired_all,PAIRED_ENGLISH::paired_english::m108_191125_171427::SpykingCircus::9,PAIRED_ENGLISH::paired_english::m108_191125_171427,PAIRED_ENGLISH,paired,domain_b,-0.09271585278072546,1.6661624328588969,-1.1884152629615279
hybrid_vs_paired_all,PAIRED_KAMPFF::paired_kampff::c14::KiloSort2::59,PAIRED_KAMPFF::paired_kampff::c14,PAIRED_KAMPFF,paired,domain_b,-1.7338615251726035,0.12254149545443463,-2.861895061756131
hybrid_vs_paired_all,PAIRED_BOYDEN::paired_boyden32c::419_1_7::KiloSort2::1,PAIRED_BOYDEN::paired_boyden32c::419_1_7,PAIRED_BOYDEN,paired,domain_b,11.013412823236989,-2.4858009061133504,0.5859529719516897
hybrid_vs_paired_all,PAIRED_MEA64C_YGER::paired_mea64c::20170622_patch1::KiloSort::7,PAIRED_MEA64C_YGER::paired_mea64c::20170622_patch1,PAIRED_MEA64C_YGER,paired,domain_b,-1.5183075862962803,0.9799871689898016,-4.731253000860709
hybrid_vs_paired_all,PAIRED_MEA64C_YGER::paired_mea64c::20170622_patch2::JRClust::109,PAIRED_MEA64C_YGER::paired_mea64c::20170622_patch2,PAIRED_MEA64C_YGER,paired,domain_b,-0.1928955121557065,1.2344274585098391,-5.173291995856904
hybrid_vs_paired_all,PAIRED_ENGLISH::paired_english::m26_190524_100859_cell1::KiloSort2::11,PAIRED_ENGLISH::paired_english::m26_190524_100859_cell1,PAIRED_ENGLISH,paired,domain_b,-3.5156817653768795,3.817135320216484,-0.2997124960830894
hybrid_vs_paired_all,PAIRED_MEA64C_YGER::paired_mea64c::20170621_patch1::HerdingSpikes2::178,PAIRED_MEA64C_YGER::paired_mea64c::20170621_patch1,PAIRED_MEA64C_YGER,paired,domain_b,-0.6770528730463622,0.8648975572557729,-4.571077017888183
hybrid_vs_paired_all,PAIRED_ENGLISH::paired_english::m139_200114_191955::SpykingCircus::50,PAIRED_ENGLISH::paired_english::m139_200114_191955,PAIRED_ENGLISH,paired,domain_b,2.498229259669961,1.8660484523371819,-3.2361763976062474
hybrid_vs_paired_all,PAIRED_KAMPFF::paired_kampff::c14::HerdingSpikes2::60,PAIRED_KAMPFF::paired_kampff::c14,PAIRED_KAMPFF,paired,domain_b,-1.3156132054589897,0.5379932351901922,-2.5340382923992535
hybrid_vs_paired_all,PAIRED_KAMPFF::paired_kampff::2014_11_25_Pair_3_0::MountainSort4::32,PAIRED_KAMPFF::paired_kampff::2014_11_25_Pair_3_0,PAIRED_KAMPFF,paired,domain_b,17.982967695894413,1.1417390415060142,2.1393958020322463
hybrid_vs_paired_all,PAIRED_BOYDEN::paired_boyden32c::419_1_8::JRClust::23,PAIRED_BOYDEN::paired_boyden32c::419_1_8,PAIRED_BOYDEN,paired,domain_b,8.122765061036034,-1.4195881032895787,-1.2614636300611335
hybrid_vs_paired_all,PAIRED_BOYDEN::paired_boyden32c::419_1_8::JRClust::45,PAIRED_BOYDEN::paired_boyden32c::419_1_8,PAIRED_BOYDEN,paired,domain_b,-1.3669018293439998,1.6370303743067858,-1.5151339583292163
hybrid_vs_paired_all,PAIRED_KAMPFF::paired_kampff::2015_09_03_Pair_9_0A::MountainSort4::46,PAIRED_KAMPFF::paired_kampff::2015_09_03_Pair_9_0A,PAIRED_KAMPFF,paired,domain_b,15.284795925633599,-1.088479246774745,0.977263308347333
hybrid_vs_paired_all,PAIRED_MEA64C_YGER::paired_mea64c::20170621_patch1::SpykingCircus::22,PAIRED_MEA64C_YGER::paired_mea64c::20170621_patch1,PAIRED_MEA64C_YGER,paired,domain_b,-0.6811323136074394,1.5530460699493482,-5.930256612300547
hybrid_vs_paired_all,PAIRED_BOYDEN::paired_boyden32c::419_1_8::SpykingCircus::23,PAIRED_BOYDEN::paired_boyden32c::419_1_8,PAIRED_BOYDEN,paired,domain_b,4.856870551220421,0.8486282440287577,-0.7333166391372343
hybrid_vs_paired_all,PAIRED_ENGLISH::paired_english::m57_191105_153915::MountainSort4::24,PAIRED_ENGLISH::paired_english::m57_191105_153915,PAIRED_ENGLISH,paired,domain_b,-9.73475592293878,10.389429210961461,-2.5043018557438037
hybrid_vs_paired_all,PAIRED_ENGLISH::paired_english::m139_200114_222743::HerdingSpikes2::42,PAIRED_ENGLISH::paired_english::m139_200114_222743,PAIRED_ENGLISH,paired,domain_b,2.3865865963970347,6.403979030838215,-0.4677227400480857
hybrid_vs_paired_all,PAIRED_ENGLISH::paired_english::m15_190315_152315_cell1::KiloSort2::28,PAIRED_ENGLISH::paired_english::m15_190315_152315_cell1,PAIRED_ENGLISH,paired,domain_b,1.2580219498124023,11.426173119716985,-0.9723710957745836
hybrid_vs_paired_all,PAIRED_MEA64C_YGER::paired_mea64c::20170622_patch1::HerdingSpikes2::9,PAIRED_MEA64C_YGER::paired_mea64c::20170622_patch1,PAIRED_MEA64C_YGER,paired,domain_b,-1.49477723712015,-0.04955488823638311,-4.28004488689291
hybrid_vs_paired_all,PAIRED_ENGLISH::paired_english::m15_190315_142052_cell1::IronClust::20,PAIRED_ENGLISH::paired_english::m15_190315_142052_cell1,PAIRED_ENGLISH,paired,domain_b,-0.6399177252873062,6.313917656370545,0.3041815275518836
hybrid_vs_paired_all,PAIRED_MEA64C_YGER::paired_mea64c::20170621_patch1::HerdingSpikes2::195,PAIRED_MEA64C_YGER::paired_mea64c::20170621_patch1,PAIRED_MEA64C_YGER,paired,domain_b,0.2757751114319181,1.7105146273620309,-4.990765114766227
hybrid_vs_paired_all,PAIRED_BOYDEN::paired_boyden32c::419_1_7::JRClust::1,PAIRED_BOYDEN::paired_boyden32c::419_1_7,PAIRED_BOYDEN,paired,domain_b,5.308432892042974,-1.5454796004207307,0.14205193809431177
hybrid_vs_paired_all,PAIRED_ENGLISH::paired_english::m15_190315_150831_cell1::SpykingCircus::5,PAIRED_ENGLISH::paired_english::m15_190315_150831_cell1,PAIRED_ENGLISH,paired,domain_b,-1.3940376956710758,0.5246173337312894,1.7257495116466204
hybrid_vs_paired_all,PAIRED_ENGLISH::paired_english::m15_190315_152315_cell1::KiloSort::89,PAIRED_ENGLISH::paired_english::m15_190315_152315_cell1,PAIRED_ENGLISH,paired,domain_b,0.7157242952079738,3.2738162321606836,-3.7813945870018415
hybrid_vs_paired_all,PAIRED_ENGLISH::paired_english::m15_190315_142052_cell1::KiloSort2::31,PAIRED_ENGLISH::paired_english::m15_190315_142052_cell1,PAIRED_ENGLISH,paired,domain_b,-0.07883674453765697,62.717732750938694,28.754480969122692
hybrid_vs_paired_all,PAIRED_ENGLISH::paired_english::m139_200114_205038::KiloSort2::23,PAIRED_ENGLISH::paired_english::m139_200114_205038,PAIRED_ENGLISH,paired,domain_b,3.1875191626782406,2.250196833029198,-1.024670249412368
hybrid_vs_paired_all,PAIRED_ENGLISH::paired_english::m15_190315_142052_cell1::IronClust::10,PAIRED_ENGLISH::paired_english::m15_190315_142052_cell1,PAIRED_ENGLISH,paired,domain_b,-1.3571367793106166,5.689906391209369,1.4302114905602752
hybrid_vs_paired_all,PAIRED_MEA64C_YGER::paired_mea64c::20170622_patch2::KiloSort2::25,PAIRED_MEA64C_YGER::paired_mea64c::20170622_patch2,PAIRED_MEA64C_YGER,paired,domain_b,-0.3666225280360862,2.1105382681223452,-5.382136475377105
hybrid_vs_paired_all,PAIRED_KAMPFF::paired_kampff::2014_11_25_Pair_3_0::KiloSort2::36,PAIRED_KAMPFF::paired_kampff::2014_11_25_Pair_3_0,PAIRED_KAMPFF,paired,domain_b,21.053660531446123,-1.505318691360271,1.7631848577861076
hybrid_vs_paired_all,PAIRED_MEA64C_YGER::paired_mea64c::20170622_patch2::MountainSort4::77,PAIRED_MEA64C_YGER::paired_mea64c::20170622_patch2,PAIRED_MEA64C_YGER,paired,domain_b,-2.8981947335022316,-0.8950926399020044,-2.389268779189823
hybrid_vs_paired_all,PAIRED_KAMPFF::paired_kampff::2015_09_03_Pair_9_0A::HerdingSpikes2::68,PAIRED_KAMPFF::paired_kampff::2015_09_03_Pair_9_0A,PAIRED_KAMPFF,paired,domain_b,16.613105114783817,-2.253836488061492,1.7589935500131328
hybrid_vs_paired_all,PAIRED_MEA64C_YGER::paired_mea64c::20160415_patch2::HerdingSpikes2::236,PAIRED_MEA64C_YGER::paired_mea64c::20160415_patch2,PAIRED_MEA64C_YGER,paired,domain_b,-0.6750649228805102,0.7919783368207441,-5.460359512049729
hybrid_vs_paired_all,PAIRED_KAMPFF::paired_kampff::2015_09_03_Pair_9_0B::MountainSort4::15,PAIRED_KAMPFF::paired_kampff::2015_09_03_Pair_9_0B,PAIRED_KAMPFF,paired,domain_b,10.451861046597267,2.605230748198864,0.20385744709002307
hybrid_vs_paired_all,PAIRED_MEA64C_YGER::paired_mea64c::20170622_patch1::HerdingSpikes2::106,PAIRED_MEA64C_YGER::paired_mea64c::20170622_patch1,PAIRED_MEA64C_YGER,paired,domain_b,-0.46589473526529995,1.738140733409272,-5.241778008018734
hybrid_vs_paired_all,PAIRED_MEA64C_YGER::paired_mea64c::20160415_patch2::JRClust::157,PAIRED_MEA64C_YGER::paired_mea64c::20160415_patch2,PAIRED_MEA64C_YGER,paired,domain_b,-1.0892572741194608,0.4110714625067203,-4.741176091950393
hybrid_vs_paired_all,PAIRED_KAMPFF::paired_kampff::2015_09_03_Pair_9_0B::Tridesclous::8,PAIRED_KAMPFF::paired_kampff::2015_09_03_Pair_9_0B,PAIRED_KAMPFF,paired,domain_b,15.164526580755844,-1.491709377609737,0.75803262190939
hybrid_vs_paired_all,PAIRED_ENGLISH::paired_english::m15_190315_142052_cell1::KiloSort2::37,PAIRED_ENGLISH::paired_english::m15_190315_142052_cell1,PAIRED_ENGLISH,paired,domain_b,-6.899365106939398,17.62837375608772,-1.8864343788301112
hybrid_vs_paired_all,PAIRED_MEA64C_YGER::paired_mea64c::20160415_patch2::SpykingCircus::135,PAIRED_MEA64C_YGER::paired_mea64c::20160415_patch2,PAIRED_MEA64C_YGER,paired,domain_b,-0.9393201472531337,0.9695136663850207,-4.345161568332613
hybrid_vs_paired_all,PAIRED_KAMPFF::paired_kampff::2015_09_03_Pair_9_0B::KiloSort2::131,PAIRED_KAMPFF::paired_kampff::2015_09_03_Pair_9_0B,PAIRED_KAMPFF,paired,domain_b,18.637481233353927,-2.7025135135623493,1.8629817536281852
hybrid_vs_paired_all,PAIRED_KAMPFF::paired_kampff::c14::SpykingCircus::38,PAIRED_KAMPFF::paired_kampff::c14,PAIRED_KAMPFF,paired,domain_b,-2.688451981613722,-1.3056360421798574,-1.9196814499510397
hybrid_vs_paired_all,PAIRED_ENGLISH::paired_english::m108_191125_171427::KiloSort2::27,PAIRED_ENGLISH::paired_english::m108_191125_171427,PAIRED_ENGLISH,paired,domain_b,1.7255397318876495,2.648945494352594,-1.7842580895172035
hybrid_vs_paired_all,PAIRED_BOYDEN::paired_boyden32c::419_1_7::MountainSort4::1,PAIRED_BOYDEN::paired_boyden32c::419_1_7,PAIRED_BOYDEN,paired,domain_b,5.337012185702445,-0.7598011924600013,0.1278729075295058
hybrid_vs_paired_all,PAIRED_KAMPFF::paired_kampff::c14::IronClust::26,PAIRED_KAMPFF::paired_kampff::c14,PAIRED_KAMPFF,paired,domain_b,-2.407110413848134,-2.80010827050059,2.456278116827263
hybrid_vs_paired_all,PAIRED_BOYDEN::paired_boyden32c::419_1_8::MountainSort4::31,PAIRED_BOYDEN::paired_boyden32c::419_1_8,PAIRED_BOYDEN,paired,domain_b,5.947102117678329,-0.23389298091286562,-0.7431001445183342
hybrid_vs_paired_all,PAIRED_MEA64C_YGER::paired_mea64c::20170622_patch2::SpykingCircus::27,PAIRED_MEA64C_YGER::paired_mea64c::20170622_patch2,PAIRED_MEA64C_YGER,paired,domain_b,-1.4380123762892836,-0.0763775178645505,-4.085906651796361
hybrid_vs_paired_all,PAIRED_KAMPFF::paired_kampff::2015_09_03_Pair_9_0B::KiloSort2::137,PAIRED_KAMPFF::paired_kampff::2015_09_03_Pair_9_0B,PAIRED_KAMPFF,paired,domain_b,13.77149814642401,2.4740613789746635,-1.0989357321262772
hybrid_vs_paired_all,PAIRED_MEA64C_YGER::paired_mea64c::20170621_patch1::HerdingSpikes2::230,PAIRED_MEA64C_YGER::paired_mea64c::20170621_patch1,PAIRED_MEA64C_YGER,paired,domain_b,-0.276755133190136,2.4226277823767957,-4.523853389660505
hybrid_vs_paired_all,PAIRED_ENGLISH::paired_english::m139_200114_191955::KiloSort2::65,PAIRED_ENGLISH::paired_english::m139_200114_191955,PAIRED_ENGLISH,paired,domain_b,0.7089718670712083,2.8318479600873014,-1.292814169673328
hybrid_vs_paired_all,PAIRED_MEA64C_YGER::paired_mea64c::20170621_patch1::HerdingSpikes2::228,PAIRED_MEA64C_YGER::paired_mea64c::20170621_patch1,PAIRED_MEA64C_YGER,paired,domain_b,-1.1985425508704268,1.9199119540705734,-4.3993075928673875
hybrid_vs_paired_all,PAIRED_ENGLISH::paired_english::m14_190326_155432::IronClust::21,PAIRED_ENGLISH::paired_english::m14_190326_155432,PAIRED_ENGLISH,paired,domain_b,2.2420888477019694,4.409117887675399,-1.2248992385620276
hybrid_vs_paired_all,PAIRED_ENGLISH::paired_english::m57_191105_161455::SpykingCircus::0,PAIRED_ENGLISH::paired_english::m57_191105_161455,PAIRED_ENGLISH,paired,domain_b,0.3121213298393519,1.4852939367407343,-0.7997555209879583
hybrid_vs_paired_all,PAIRED_ENGLISH::paired_english::m57_191105_141906::IronClust::6,PAIRED_ENGLISH::paired_english::m57_191105_141906,PAIRED_ENGLISH,paired,domain_b,4.322119792903682,0.6244542321333678,-0.32731756843575904
hybrid_vs_paired_all,PAIRED_ENGLISH::paired_english::m15_190315_142052_cell1::IronClust::28,PAIRED_ENGLISH::paired_english::m15_190315_142052_cell1,PAIRED_ENGLISH,paired,domain_b,-9.773234130306946,12.655972166145572,1.715845937717509
hybrid_vs_paired_all,PAIRED_ENGLISH::paired_english::m15_190315_142052_cell1::KiloSort2::40,PAIRED_ENGLISH::paired_english::m15_190315_142052_cell1,PAIRED_ENGLISH,paired,domain_b,15.662499264291592,20.099182461138604,12.293397193118162
hybrid_vs_paired_all,PAIRED_MEA64C_YGER::paired_mea64c::20170621_patch1::HerdingSpikes2::80,PAIRED_MEA64C_YGER::paired_mea64c::20170621_patch1,PAIRED_MEA64C_YGER,paired,domain_b,-1.0901247233420068,1.7226846298097536,-4.576249517546486
hybrid_vs_paired_all,PAIRED_ENGLISH::paired_english::m15_190315_142052_cell1::KiloSort::159,PAIRED_ENGLISH::paired_english::m15_190315_142052_cell1,PAIRED_ENGLISH,paired,domain_b,-12.50660931943269,19.566868923608396,1.1578418133895483
hybrid_vs_paired_all,PAIRED_ENGLISH::paired_english::m57_191105_153915::KiloSort::82,PAIRED_ENGLISH::paired_english::m57_191105_153915,PAIRED_ENGLISH,paired,domain_b,-12.924057694393474,13.74049350295475,-0.7278907126766962
hybrid_vs_paired_all,PAIRED_MEA64C_YGER::paired_mea64c::20160415_patch2::SpykingCircus::74,PAIRED_MEA64C_YGER::paired_mea64c::20160415_patch2,PAIRED_MEA64C_YGER,paired,domain_b,-1.1358322730577777,0.8511952711354989,-5.1678406090641795
hybrid_vs_paired_all,PAIRED_MEA64C_YGER::paired_mea64c::20160415_patch2::SpykingCircus::50,PAIRED_MEA64C_YGER::paired_mea64c::20160415_patch2,PAIRED_MEA64C_YGER,paired,domain_b,-0.6244129080816321,0.926120192199874,-4.5022902467118735
hybrid_vs_paired_all,PAIRED_ENGLISH::paired_english::m14_190326_155432::MountainSort4::1,PAIRED_ENGLISH::paired_english::m14_190326_155432,PAIRED_ENGLISH,paired,domain_b,0.17569048029526285,3.0058727039830386,-1.2306533205817658
hybrid_vs_paired_all,PAIRED_MEA64C_YGER::paired_mea64c::20160415_patch2::HerdingSpikes2::194,PAIRED_MEA64C_YGER::paired_mea64c::20160415_patch2,PAIRED_MEA64C_YGER,paired,domain_b,-0.2854588553008697,3.1390718311105004,-5.799506614502483
hybrid_vs_paired_all,PAIRED_KAMPFF::paired_kampff::2015_09_03_Pair_9_0A::SpykingCircus::13,PAIRED_KAMPFF::paired_kampff::2015_09_03_Pair_9_0A,PAIRED_KAMPFF,paired,domain_b,16.940842665122183,-2.489908913708644,1.1293503217773695
hybrid_vs_paired_all,PAIRED_KAMPFF::paired_kampff::2015_09_03_Pair_9_0A::KiloSort::94,PAIRED_KAMPFF::paired_kampff::2015_09_03_Pair_9_0A,PAIRED_KAMPFF,paired,domain_b,7.827940324246807,5.8908689999880925,-4.765480183975644
hybrid_vs_paired_all,PAIRED_ENGLISH::paired_english::m57_191105_153915::MountainSort4::37,PAIRED_ENGLISH::paired_english::m57_191105_153915,PAIRED_ENGLISH,paired,domain_b,-10.713019521564881,13.748811289941338,2.303839068713412
hybrid_vs_paired_all,PAIRED_KAMPFF::paired_kampff::2015_09_03_Pair_9_0A::KiloSort::21,PAIRED_KAMPFF::paired_kampff::2015_09_03_Pair_9_0A,PAIRED_KAMPFF,paired,domain_b,13.0448068290673,2.737389469195462,0.12761765594688568
hybrid_vs_paired_all,PAIRED_ENGLISH::paired_english::m139_200114_205038::KiloSort2::4,PAIRED_ENGLISH::paired_english::m139_200114_205038,PAIRED_ENGLISH,paired,domain_b,0.9193798001418313,5.766253761025402,1.252355208785047
hybrid_vs_paired_all,PAIRED_MEA64C_YGER::paired_mea64c::20160415_patch2::HerdingSpikes2::264,PAIRED_MEA64C_YGER::paired_mea64c::20160415_patch2,PAIRED_MEA64C_YGER,paired,domain_b,-1.7323946076147914,-0.329662151722064,-2.6304426958315528
hybrid_vs_paired_all,PAIRED_KAMPFF::paired_kampff::2015_09_03_Pair_9_0B::KiloSort2::81,PAIRED_KAMPFF::paired_kampff::2015_09_03_Pair_9_0B,PAIRED_KAMPFF,paired,domain_b,20.568587001260415,-1.7934330881626508,0.924433259617396
hybrid_vs_paired_all,PAIRED_KAMPFF::paired_kampff::2015_09_03_Pair_9_0B::JRClust::4,PAIRED_KAMPFF::paired_kampff::2015_09_03_Pair_9_0B,PAIRED_KAMPFF,paired,domain_b,12.94885431447227,-0.04584402925209867,-0.8420154365906231
hybrid_vs_paired_all,PAIRED_ENGLISH::paired_english::m139_200114_222743::MountainSort4::67,PAIRED_ENGLISH::paired_english::m139_200114_222743,PAIRED_ENGLISH,paired,domain_b,3.8323470454153488,0.35366647307492655,0.7116544631493169
hybrid_vs_paired_all,PAIRED_KAMPFF::paired_kampff::2015_09_03_Pair_9_0B::MountainSort4::23,PAIRED_KAMPFF::paired_kampff::2015_09_03_Pair_9_0B,PAIRED_KAMPFF,paired,domain_b,14.310062133066577,0.4466843940790483,-0.32965372160842454
hybrid_vs_paired_all,PAIRED_KAMPFF::paired_kampff::2015_09_03_Pair_9_0B::JRClust::88,PAIRED_KAMPFF::paired_kampff::2015_09_03_Pair_9_0B,PAIRED_KAMPFF,paired,domain_b,18.803298237420613,-2.784031968851121,1.567217736944619
hybrid_vs_paired_all,PAIRED_ENGLISH::paired_english::m14_190326_155432::KiloSort::113,PAIRED_ENGLISH::paired_english::m14_190326_155432,PAIRED_ENGLISH,paired,domain_b,12.768461415436933,-0.04112721411065755,1.0136063956209302
hybrid_vs_paired_all,PAIRED_MEA64C_YGER::paired_mea64c::20170622_patch2::Klusta::25,PAIRED_MEA64C_YGER::paired_mea64c::20170622_patch2,PAIRED_MEA64C_YGER,paired,domain_b,-0.8716871601591367,0.5150609529958712,-4.694211278169418
hybrid_vs_paired_all,PAIRED_MEA64C_YGER::paired_mea64c::20170621_patch1::MountainSort4::2,PAIRED_MEA64C_YGER::paired_mea64c::20170621_patch1,PAIRED_MEA64C_YGER,paired,domain_b,-1.784024397516289,1.6185295387556784,-3.2811100710740404
hybrid_vs_paired_all,PAIRED_ENGLISH::paired_english::m15_190315_152315_cell1::MountainSort4::8,PAIRED_ENGLISH::paired_english::m15_190315_152315_cell1,PAIRED_ENGLISH,paired,domain_b,0.25290635537841283,1.8802204062781487,-1.6368715551768132
hybrid_vs_paired_all,PAIRED_ENGLISH::paired_english::m139_200114_222743::SpykingCircus::40,PAIRED_ENGLISH::paired_english::m139_200114_222743,PAIRED_ENGLISH,paired,domain_b,-0.6788871449518927,2.143791217675996,-1.702197658781267
hybrid_vs_paired_all,PAIRED_MEA64C_YGER::paired_mea64c::20160415_patch2::SpykingCircus::106,PAIRED_MEA64C_YGER::paired_mea64c::20160415_patch2,PAIRED_MEA64C_YGER,paired,domain_b,-0.823511544970736,2.1997888197456317,-4.717820813567721
hybrid_vs_paired_all,PAIRED_BOYDEN::paired_boyden32c::1103_1_1::KiloSort::31,PAIRED_BOYDEN::paired_boyden32c::1103_1_1,PAIRED_BOYDEN,paired,domain_b,12.081973414179656,-2.7567289507338777,0.2998633639339562
hybrid_vs_paired_all,PAIRED_KAMPFF::paired_kampff::2015_09_03_Pair_9_0A::HerdingSpikes2::9,PAIRED_KAMPFF::paired_kampff::2015_09_03_Pair_9_0A,PAIRED_KAMPFF,paired,domain_b,11.44220338510969,1.8426721803056882,0.6513142294056256
hybrid_vs_paired_all,PAIRED_KAMPFF::paired_kampff::2015_09_03_Pair_9_0B::KiloSort2::17,PAIRED_KAMPFF::paired_kampff::2015_09_03_Pair_9_0B,PAIRED_KAMPFF,paired,domain_b,17.84079821092479,-2.3675323542281714,0.37422463361107056
hybrid_vs_paired_all,PAIRED_MEA64C_YGER::paired_mea64c::20160415_patch2::HerdingSpikes2::190,PAIRED_MEA64C_YGER::paired_mea64c::20160415_patch2,PAIRED_MEA64C_YGER,paired,domain_b,-0.026035784356773516,2.0081717214170642,-7.118694057069318
hybrid_vs_paired_all,PAIRED_MEA64C_YGER::paired_mea64c::20170622_patch1::MountainSort4::52,PAIRED_MEA64C_YGER::paired_mea64c::20170622_patch1,PAIRED_MEA64C_YGER,paired,domain_b,-1.378370249271447,0.8017916618698336,-5.344093969358881
hybrid_vs_paired_all,PAIRED_ENGLISH::paired_english::m139_200114_205038::MountainSort4::38,PAIRED_ENGLISH::paired_english::m139_200114_205038,PAIRED_ENGLISH,paired,domain_b,1.0893785458789738,1.8871263474411557,-2.4440296265695345
hybrid_vs_paired_all,PAIRED_MEA64C_YGER::paired_mea64c::20170621_patch1::KiloSort2::132,PAIRED_MEA64C_YGER::paired_mea64c::20170621_patch1,PAIRED_MEA64C_YGER,paired,domain_b,-0.6795117274041051,0.4599902340567585,-6.005359945708843
hybrid_vs_paired_all,PAIRED_ENGLISH::paired_english::m108_191125_171427::KiloSort2::44,PAIRED_ENGLISH::paired_english::m108_191125_171427,PAIRED_ENGLISH,paired,domain_b,1.171528372257111,2.0583844796626853,-3.5623207660940786
hybrid_vs_paired_all,PAIRED_ENGLISH::paired_english::m139_200114_222743::MountainSort4::52,PAIRED_ENGLISH::paired_english::m139_200114_222743,PAIRED_ENGLISH,paired,domain_b,1.588020489111369,3.631056640923935,-3.023610602386997
hybrid_vs_paired_all,PAIRED_BOYDEN::paired_boyden32c::419_1_7::KiloSort2::50,PAIRED_BOYDEN::paired_boyden32c::419_1_7,PAIRED_BOYDEN,paired,domain_b,6.143149779551181,-2.053717742662679,1.5666661652877139
hybrid_vs_paired_all,PAIRED_MEA64C_YGER::paired_mea64c::20160415_patch2::SpykingCircus::125,PAIRED_MEA64C_YGER::paired_mea64c::20160415_patch2,PAIRED_MEA64C_YGER,paired,domain_b,-0.31650835985477355,0.6107920012371727,-4.8277808079145865
hybrid_vs_paired_all,PAIRED_BOYDEN::paired_boyden32c::1103_1_1::JRClust::18,PAIRED_BOYDEN::paired_boyden32c::1103_1_1,PAIRED_BOYDEN,paired,domain_b,12.066874768037955,-2.8905385961801944,0.8755311798175526
hybrid_vs_paired_all,PAIRED_KAMPFF::paired_kampff::2015_09_03_Pair_9_0B::JRClust::39,PAIRED_KAMPFF::paired_kampff::2015_09_03_Pair_9_0B,PAIRED_KAMPFF,paired,domain_b,14.077711376803547,-0.08152573674512492,-0.9751126720338793
hybrid_vs_paired_all,PAIRED_BOYDEN::paired_boyden32c::419_1_7::MountainSort4::44,PAIRED_BOYDEN::paired_boyden32c::419_1_7,PAIRED_BOYDEN,paired,domain_b,2.916185825884032,-0.5414437323455955,1.0330575909650463
hybrid_vs_paired_all,PAIRED_ENGLISH::paired_english::m139_200114_222743::KiloSort2::47,PAIRED_ENGLISH::paired_english::m139_200114_222743,PAIRED_ENGLISH,paired,domain_b,1.275120672602432,1.5298352483292115,-1.5381301155502167
hybrid_vs_paired_all,PAIRED_KAMPFF::paired_kampff::2014_11_25_Pair_3_0::KiloSort2::0,PAIRED_KAMPFF::paired_kampff::2014_11_25_Pair_3_0,PAIRED_KAMPFF,paired,domain_b,19.137618163335972,-0.34286376876280467,0.6624658920962203
hybrid_vs_paired_all,PAIRED_MEA64C_YGER::paired_mea64c::20160415_patch2::MountainSort4::78,PAIRED_MEA64C_YGER::paired_mea64c::20160415_patch2,PAIRED_MEA64C_YGER,paired,domain_b,-1.0650538369136489,0.0942207458469338,-3.7198887963377327
hybrid_vs_paired_all,PAIRED_ENGLISH::paired_english::m139_200114_191955::KiloSort2::22,PAIRED_ENGLISH::paired_english::m139_200114_191955,PAIRED_ENGLISH,paired,domain_b,1.5358515564334216,2.0287421999777995,-2.571408161625714
hybrid_vs_paired_all,PAIRED_ENGLISH::paired_english::m139_200114_191955::IronClust::29,PAIRED_ENGLISH::paired_english::m139_200114_191955,PAIRED_ENGLISH,paired,domain_b,1.4008521508869882,3.409973036323071,-3.131012064500814
hybrid_vs_paired_all,PAIRED_KAMPFF::paired_kampff::2015_09_03_Pair_9_0B::KiloSort2::78,PAIRED_KAMPFF::paired_kampff::2015_09_03_Pair_9_0B,PAIRED_KAMPFF,paired,domain_b,15.89755628888519,0.10864310516906635,0.07538560661417162
hybrid_vs_paired_all,PAIRED_MEA64C_YGER::paired_mea64c::20160415_patch2::JRClust::79,PAIRED_MEA64C_YGER::paired_mea64c::20160415_patch2,PAIRED_MEA64C_YGER,paired,domain_b,-1.370070681735022,0.2813986591319929,-2.4978436317943165
hybrid_vs_paired_all,PAIRED_MEA64C_YGER::paired_mea64c::20170622_patch1::IronClust::17,PAIRED_MEA64C_YGER::paired_mea64c::20170622_patch1,PAIRED_MEA64C_YGER,paired,domain_b,-1.0718411537244286,0.29447231814084807,-4.492380215528081
hybrid_vs_paired_all,PAIRED_ENGLISH::paired_english::m57_191105_161455::MountainSort4::75,PAIRED_ENGLISH::paired_english::m57_191105_161455,PAIRED_ENGLISH,paired,domain_b,-1.7649191969753515,1.7405666076782305,1.2687119152194148
hybrid_vs_paired_all,PAIRED_MEA64C_YGER::paired_mea64c::20160415_patch2::MountainSort4::40,PAIRED_MEA64C_YGER::paired_mea64c::20160415_patch2,PAIRED_MEA64C_YGER,paired,domain_b,-1.8687746493472808,-0.03126894264985936,-2.655335498108919
hybrid_vs_paired_all,PAIRED_KAMPFF::paired_kampff::2015_09_03_Pair_9_0A::JRClust::39,PAIRED_KAMPFF::paired_kampff::2015_09_03_Pair_9_0A,PAIRED_KAMPFF,paired,domain_b,13.843604874294373,0.47864785757549294,-0.4983583928986216
hybrid_vs_paired_all,PAIRED_ENGLISH::paired_english::m139_200114_222743::KiloSort::32,PAIRED_ENGLISH::paired_english::m139_200114_222743,PAIRED_ENGLISH,paired,domain_b,-0.04201176829304496,4.047127828390931,-3.5809840533234287
hybrid_vs_paired_all,PAIRED_KAMPFF::paired_kampff::2015_09_03_Pair_9_0A::HerdingSpikes2::80,PAIRED_KAMPFF::paired_kampff::2015_09_03_Pair_9_0A,PAIRED_KAMPFF,paired,domain_b,16.408312686616625,-1.492692444938886,0.7083746638810501
hybrid_vs_paired_all,PAIRED_BOYDEN::paired_boyden32c::419_1_8::JRClust::15,PAIRED_BOYDEN::paired_boyden32c::419_1_8,PAIRED_BOYDEN,paired,domain_b,4.687801532645477,0.6499713102418738,-0.7606077549387988
hybrid_vs_paired_all,PAIRED_ENGLISH::paired_english::m15_190315_142052_cell1::IronClust::47,PAIRED_ENGLISH::paired_english::m15_190315_142052_cell1,PAIRED_ENGLISH,paired,domain_b,19.662292457030237,4.833567076405234,5.61070030896168
hybrid_vs_paired_all,PAIRED_BOYDEN::paired_boyden32c::419_1_7::KiloSort2::11,PAIRED_BOYDEN::paired_boyden32c::419_1_7,PAIRED_BOYDEN,paired,domain_b,2.582795906472879,1.8488861151552987,-1.5998032730396485
hybrid_vs_paired_all,PAIRED_ENGLISH::paired_english::m57_191105_161455::MountainSort4::18,PAIRED_ENGLISH::paired_english::m57_191105_161455,PAIRED_ENGLISH,paired,domain_b,-0.9976042503534274,2.9203351296390085,-1.2090838916540254
hybrid_vs_paired_all,PAIRED_MEA64C_YGER::paired_mea64c::20170622_patch2::KiloSort2::79,PAIRED_MEA64C_YGER::paired_mea64c::20170622_patch2,PAIRED_MEA64C_YGER,paired,domain_b,-1.1712021312913725,0.2749344662177284,-4.032860061030493
hybrid_vs_paired_all,PAIRED_MEA64C_YGER::paired_mea64c::20160415_patch2::SpykingCircus::117,PAIRED_MEA64C_YGER::paired_mea64c::20160415_patch2,PAIRED_MEA64C_YGER,paired,domain_b,-1.421653483247446,0.5544210357920176,-3.5611378388736714
hybrid_vs_paired_all,PAIRED_BOYDEN::paired_boyden32c::419_1_8::KiloSort::211,PAIRED_BOYDEN::paired_boyden32c::419_1_8,PAIRED_BOYDEN,paired,domain_b,6.014092233545551,-0.8870960744681365,-0.6610253903998504
hybrid_vs_paired_all,PAIRED_MEA64C_YGER::paired_mea64c::20170622_patch1::KiloSort::1,PAIRED_MEA64C_YGER::paired_mea64c::20170622_patch1,PAIRED_MEA64C_YGER,paired,domain_b,-1.0865158262821915,1.4403672209888496,-5.7379875320617275
hybrid_vs_paired_all,PAIRED_ENGLISH::paired_english::m26_190524_100859_cell1::KiloSort2::1,PAIRED_ENGLISH::paired_english::m26_190524_100859_cell1,PAIRED_ENGLISH,paired,domain_b,-14.268307422498994,14.081495904248607,0.9096709188794363
hybrid_vs_paired_all,PAIRED_MEA64C_YGER::paired_mea64c::20160415_patch2::JRClust::141,PAIRED_MEA64C_YGER::paired_mea64c::20160415_patch2,PAIRED_MEA64C_YGER,paired,domain_b,-0.4426070859054578,0.31905859798688535,-4.096526885662961
hybrid_vs_paired_all,PAIRED_ENGLISH::paired_english::m57_191105_161455::IronClust::2,PAIRED_ENGLISH::paired_english::m57_191105_161455,PAIRED_ENGLISH,paired,domain_b,1.265653596908058,0.4682961240247815,-1.0184023389814503
hybrid_vs_paired_all,PAIRED_BOYDEN::paired_boyden32c::419_1_8::KiloSort2::40,PAIRED_BOYDEN::paired_boyden32c::419_1_8,PAIRED_BOYDEN,paired,domain_b,7.666202652656678,-0.9676624621866491,0.30118288913466523
hybrid_vs_paired_all,PAIRED_ENGLISH::paired_english::m57_191105_153915::KiloSort2::23,PAIRED_ENGLISH::paired_english::m57_191105_153915,PAIRED_ENGLISH,paired,domain_b,-12.806533465553846,16.43966119308048,-0.8105416232789051
hybrid_vs_paired_all,PAIRED_ENGLISH::paired_english::m15_190315_142052_cell1::Tridesclous::3,PAIRED_ENGLISH::paired_english::m15_190315_142052_cell1,PAIRED_ENGLISH,paired,domain_b,2.163635589947813,8.233810349761836,1.6108748702782507
hybrid_vs_paired_all,PAIRED_ENGLISH::paired_english::m139_200114_191955::KiloSort2::6,PAIRED_ENGLISH::paired_english::m139_200114_191955,PAIRED_ENGLISH,paired,domain_b,8.023018238846666,-0.43113440510879014,1.1916705563325314
hybrid_vs_paired_all,PAIRED_MEA64C_YGER::paired_mea64c::20170621_patch1::Tridesclous::28,PAIRED_MEA64C_YGER::paired_mea64c::20170621_patch1,PAIRED_MEA64C_YGER,paired,domain_b,-0.8294439433635858,0.5110018167545883,-5.6053756270848645
hybrid_vs_paired_all,PAIRED_CRCNS_HC1::paired_crcns::d11222_d11222.002::Tridesclous::1,PAIRED_CRCNS_HC1::paired_crcns::d11222_d11222.002,PAIRED_CRCNS_HC1,paired,domain_b,4.431259567373965,3.0451414083545973,-1.1331520054778286
hybrid_vs_paired_all,PAIRED_MEA64C_YGER::paired_mea64c::20170622_patch2::HerdingSpikes2::100,PAIRED_MEA64C_YGER::paired_mea64c::20170622_patch2,PAIRED_MEA64C_YGER,paired,domain_b,-0.7656003226086108,0.8082696686448053,-5.90414132734949
hybrid_vs_paired_all,PAIRED_KAMPFF::paired_kampff::2014_11_25_Pair_3_0::SpykingCircus::20,PAIRED_KAMPFF::paired_kampff::2014_11_25_Pair_3_0,PAIRED_KAMPFF,paired,domain_b,20.44758689805945,-2.005752286824906,2.463116975726005
hybrid_vs_paired_all,PAIRED_KAMPFF::paired_kampff::c14::KiloSort2::38,PAIRED_KAMPFF::paired_kampff::c14,PAIRED_KAMPFF,paired,domain_b,-3.038809590861702,-3.0449505144219198,2.429870601973524
hybrid_vs_paired_all,PAIRED_MEA64C_YGER::paired_mea64c::20170622_patch1::MountainSort4::31,PAIRED_MEA64C_YGER::paired_mea64c::20170622_patch1,PAIRED_MEA64C_YGER,paired,domain_b,-1.664394324162866,-0.46452689343309705,-3.9998394813674514
hybrid_vs_paired_all,PAIRED_MEA64C_YGER::paired_mea64c::20160415_patch2::HerdingSpikes2::168,PAIRED_MEA64C_YGER::paired_mea64c::20160415_patch2,PAIRED_MEA64C_YGER,paired,domain_b,-1.3086653885295365,0.11838378850117143,-4.029780910050873
hybrid_vs_paired_all,PAIRED_KAMPFF::paired_kampff::2015_09_03_Pair_9_0B::HerdingSpikes2::12,PAIRED_KAMPFF::paired_kampff::2015_09_03_Pair_9_0B,PAIRED_KAMPFF,paired,domain_b,15.651999047202695,-0.5942755184613557,0.48323175368151033
hybrid_vs_paired_all,PAIRED_KAMPFF::paired_kampff::2015_09_03_Pair_9_0A::KiloSort::31,PAIRED_KAMPFF::paired_kampff::2015_09_03_Pair_9_0A,PAIRED_KAMPFF,paired,domain_b,19.321512878193094,-3.1498368817022055,1.4096663486556045
hybrid_vs_paired_all,PAIRED_MEA64C_YGER::paired_mea64c::20170621_patch1::KiloSort2::141,PAIRED_MEA64C_YGER::paired_mea64c::20170621_patch1,PAIRED_MEA64C_YGER,paired,domain_b,-1.0726630379024127,0.43118083258927853,-4.990205828458446
hybrid_vs_paired_all,PAIRED_MEA64C_YGER::paired_mea64c::20160415_patch2::MountainSort4::126,PAIRED_MEA64C_YGER::paired_mea64c::20160415_patch2,PAIRED_MEA64C_YGER,paired,domain_b,-1.384581092501481,0.8345145171185863,-4.866711280537625
hybrid_vs_paired_all,PAIRED_KAMPFF::paired_kampff::2015_09_03_Pair_9_0B::JRClust::38,PAIRED_KAMPFF::paired_kampff::2015_09_03_Pair_9_0B,PAIRED_KAMPFF,paired,domain_b,13.329566696411112,0.6099230682558453,-0.3799241061694483
hybrid_vs_paired_all,PAIRED_BOYDEN::paired_boyden32c::1103_1_1::JRClust::16,PAIRED_BOYDEN::paired_boyden32c::1103_1_1,PAIRED_BOYDEN,paired,domain_b,9.473118247199007,-1.9406842100006267,-0.26061730757212903
hybrid_vs_paired_all,PAIRED_MEA64C_YGER::paired_mea64c::20170622_patch2::HerdingSpikes2::113,PAIRED_MEA64C_YGER::paired_mea64c::20170622_patch2,PAIRED_MEA64C_YGER,paired,domain_b,-1.041801321099261,0.7385131329028949,-3.2740240392721742
hybrid_vs_paired_all,PAIRED_BOYDEN::paired_boyden32c::419_1_7::KiloSort2::6,PAIRED_BOYDEN::paired_boyden32c::419_1_7,PAIRED_BOYDEN,paired,domain_b,5.95646686081748,-2.2351315756120735,0.3592417543933658
hybrid_vs_paired_all,PAIRED_ENGLISH::paired_english::m139_200114_191955::SpykingCircus::25,PAIRED_ENGLISH::paired_english::m139_200114_191955,PAIRED_ENGLISH,paired,domain_b,-0.25164514775438623,4.135596586277081,-1.0802496797902719
hybrid_vs_paired_all,PAIRED_MEA64C_YGER::paired_mea64c::20160415_patch2::SpykingCircus::86,PAIRED_MEA64C_YGER::paired_mea64c::20160415_patch2,PAIRED_MEA64C_YGER,paired,domain_b,-0.7796152675011621,1.3683168179870346,-5.4507590890395585
hybrid_vs_paired_all,PAIRED_MEA64C_YGER::paired_mea64c::20170621_patch1::SpykingCircus::81,PAIRED_MEA64C_YGER::paired_mea64c::20170621_patch1,PAIRED_MEA64C_YGER,paired,domain_b,-0.8655899024710186,1.0699182015519293,-4.7498189134695386
hybrid_vs_paired_all,PAIRED_KAMPFF::paired_kampff::2015_09_03_Pair_9_0B::KiloSort2::62,PAIRED_KAMPFF::paired_kampff::2015_09_03_Pair_9_0B,PAIRED_KAMPFF,paired,domain_b,16.106378187315944,0.16917194219333284,-0.3913410289710047
hybrid_vs_paired_all,PAIRED_KAMPFF::paired_kampff::c14::HerdingSpikes2::11,PAIRED_KAMPFF::paired_kampff::c14,PAIRED_KAMPFF,paired,domain_b,-2.2074791837342693,0.11005860093001754,-3.886600452065215
hybrid_vs_paired_all,PAIRED_MEA64C_YGER::paired_mea64c::20170622_patch2::Klusta::14,PAIRED_MEA64C_YGER::paired_mea64c::20170622_patch2,PAIRED_MEA64C_YGER,paired,domain_b,-1.6193278080138154,0.3362045602282077,-2.3738232835769457
hybrid_vs_paired_all,PAIRED_BOYDEN::paired_boyden32c::419_1_7::KiloSort2::5,PAIRED_BOYDEN::paired_boyden32c::419_1_7,PAIRED_BOYDEN,paired,domain_b,3.415520193806399,1.5258374810135886,-3.4020488864102325
hybrid_vs_paired_all,PAIRED_ENGLISH::paired_english::m139_200114_205038::KiloSort::179,PAIRED_ENGLISH::paired_english::m139_200114_205038,PAIRED_ENGLISH,paired,domain_b,0.7543667653376169,1.979740711524471,-1.6849806989316003
hybrid_vs_paired_all,PAIRED_MEA64C_YGER::paired_mea64c::20160415_patch2::HerdingSpikes2::147,PAIRED_MEA64C_YGER::paired_mea64c::20160415_patch2,PAIRED_MEA64C_YGER,paired,domain_b,-1.1001012717242193,1.8522256324714006,-4.396940150659577
hybrid_vs_paired_all,PAIRED_BOYDEN::paired_boyden32c::1103_1_1::JRClust::13,PAIRED_BOYDEN::paired_boyden32c::1103_1_1,PAIRED_BOYDEN,paired,domain_b,6.430795242834915,-0.6837179656515158,-0.7291571383749622
hybrid_vs_paired_all,PAIRED_ENGLISH::paired_english::m108_191125_171427::IronClust::4,PAIRED_ENGLISH::paired_english::m108_191125_171427,PAIRED_ENGLISH,paired,domain_b,-0.016348369539131147,2.7617317870892046,-0.6882600103182422
hybrid_vs_paired_all,PAIRED_ENGLISH::paired_english::m15_190315_152315_cell1::MountainSort4::35,PAIRED_ENGLISH::paired_english::m15_190315_152315_cell1,PAIRED_ENGLISH,paired,domain_b,0.2612106054713701,6.300644336606727,-2.683646895675132
hybrid_vs_paired_all,PAIRED_MEA64C_YGER::paired_mea64c::20160415_patch2::SpykingCircus::144,PAIRED_MEA64C_YGER::paired_mea64c::20160415_patch2,PAIRED_MEA64C_YGER,paired,domain_b,-1.2095044382970503,0.8803578098325947,-4.5309486472278655
hybrid_vs_paired_all,PAIRED_BOYDEN::paired_boyden32c::419_1_8::KiloSort::41,PAIRED_BOYDEN::paired_boyden32c::419_1_8,PAIRED_BOYDEN,paired,domain_b,4.938376446536767,-0.11269098438301693,-1.2288124550301627
hybrid_vs_paired_all,PAIRED_ENGLISH::paired_english::m15_190315_142052_cell1::MountainSort4::67,PAIRED_ENGLISH::paired_english::m15_190315_142052_cell1,PAIRED_ENGLISH,paired,domain_b,11.469482096613488,3.83973021240954,1.9413671889776931
hybrid_vs_paired_all,PAIRED_ENGLISH::paired_english::m113_191125_204935::SpykingCircus::18,PAIRED_ENGLISH::paired_english::m113_191125_204935,PAIRED_ENGLISH,paired,domain_b,3.85999975175609,1.827951790008131,-1.4088899171706164
hybrid_vs_paired_all,PAIRED_MEA64C_YGER::paired_mea64c::20170622_patch2::JRClust::10,PAIRED_MEA64C_YGER::paired_mea64c::20170622_patch2,PAIRED_MEA64C_YGER,paired,domain_b,-0.5094567003826211,1.4783945833593979,-6.709230510626237
hybrid_vs_paired_all,PAIRED_MEA64C_YGER::paired_mea64c::20170621_patch1::KiloSort2::7,PAIRED_MEA64C_YGER::paired_mea64c::20170621_patch1,PAIRED_MEA64C_YGER,paired,domain_b,-1.0645321566633799,2.3932086205289353,-4.497028942122266
hybrid_vs_paired_all,PAIRED_KAMPFF::paired_kampff::2015_09_03_Pair_9_0B::MountainSort4::61,PAIRED_KAMPFF::paired_kampff::2015_09_03_Pair_9_0B,PAIRED_KAMPFF,paired,domain_b,16.582517391768146,0.4111205718943959,0.28539725478316247
hybrid_vs_paired_all,PAIRED_MEA64C_YGER::paired_mea64c::20160415_patch2::SpykingCircus::139,PAIRED_MEA64C_YGER::paired_mea64c::20160415_patch2,PAIRED_MEA64C_YGER,paired,domain_b,-0.9247707516167966,0.6029906346157323,-4.538559052997322
hybrid_vs_paired_all,PAIRED_BOYDEN::paired_boyden32c::1103_1_1::JRClust::5,PAIRED_BOYDEN::paired_boyden32c::1103_1_1,PAIRED_BOYDEN,paired,domain_b,10.268725610823187,-1.2426747595687924,-1.8274410174253266
hybrid_vs_paired_all,PAIRED_ENGLISH::paired_english::m139_200114_222743::HerdingSpikes2::28,PAIRED_ENGLISH::paired_english::m139_200114_222743,PAIRED_ENGLISH,paired,domain_b,-2.2148468990983474,4.6343308304223,-0.49372493792698025
hybrid_vs_paired_all,PAIRED_KAMPFF::paired_kampff::2015_09_03_Pair_9_0B::IronClust::18,PAIRED_KAMPFF::paired_kampff::2015_09_03_Pair_9_0B,PAIRED_KAMPFF,paired,domain_b,13.307502137783063,-0.35626998419205863,1.1892449102225389
hybrid_vs_paired_all,PAIRED_MEA64C_YGER::paired_mea64c::20170621_patch1::MountainSort4::71,PAIRED_MEA64C_YGER::paired_mea64c::20170621_patch1,PAIRED_MEA64C_YGER,paired,domain_b,-0.45291293715524783,0.8630364021705742,-5.65710438626678
hybrid_vs_paired_all,PAIRED_KAMPFF::paired_kampff::2015_09_03_Pair_9_0B::Tridesclous::0,PAIRED_KAMPFF::paired_kampff::2015_09_03_Pair_9_0B,PAIRED_KAMPFF,paired,domain_b,10.991913610715617,3.1559589455477117,0.7948933607200891
hybrid_vs_paired_all,PAIRED_MEA64C_YGER::paired_mea64c::20170622_patch2::MountainSort4::9,PAIRED_MEA64C_YGER::paired_mea64c::20170622_patch2,PAIRED_MEA64C_YGER,paired,domain_b,-2.577544299875778,-0.7577961637474235,-2.645252354781947
hybrid_vs_paired_all,PAIRED_CRCNS_HC1::paired_crcns::d11222_d11222.002::SpykingCircus::5,PAIRED_CRCNS_HC1::paired_crcns::d11222_d11222.002,PAIRED_CRCNS_HC1,paired,domain_b,2.5975128634842086,0.6458017512897744,-1.156242847696799
hybrid_vs_paired_all,PAIRED_ENGLISH::paired_english::m57_191105_161455::KiloSort2::9,PAIRED_ENGLISH::paired_english::m57_191105_161455,PAIRED_ENGLISH,paired,domain_b,-2.052061051810264,2.3836766720084315,-3.4728362549941814
hybrid_vs_paired_all,PAIRED_ENGLISH::paired_english::m15_190315_152315_cell1::KiloSort2::16,PAIRED_ENGLISH::paired_english::m15_190315_152315_cell1,PAIRED_ENGLISH,paired,domain_b,3.067119242929866,5.8079831859096185,-3.305098769816686
hybrid_vs_paired_all,PAIRED_ENGLISH::paired_english::m15_190315_150831_cell1::SpykingCircus::12,PAIRED_ENGLISH::paired_english::m15_190315_150831_cell1,PAIRED_ENGLISH,paired,domain_b,1.9881112543918833,3.1663131617954563,-2.7151144077865426
hybrid_vs_paired_all,PAIRED_BOYDEN::paired_boyden32c::419_1_8::SpykingCircus::16,PAIRED_BOYDEN::paired_boyden32c::419_1_8,PAIRED_BOYDEN,paired,domain_b,2.646431733703402,1.7385898059160247,-1.0215797328676628
hybrid_vs_paired_all,PAIRED_ENGLISH::paired_english::m139_200114_205038::KiloSort2::64,PAIRED_ENGLISH::paired_english::m139_200114_205038,PAIRED_ENGLISH,paired,domain_b,2.504085398819598,4.393874614900911,-1.5221693181722373
hybrid_vs_paired_all,PAIRED_KAMPFF::paired_kampff::2015_09_03_Pair_9_0B::Tridesclous::5,PAIRED_KAMPFF::paired_kampff::2015_09_03_Pair_9_0B,PAIRED_KAMPFF,paired,domain_b,15.411233808912016,-1.1156147504897114,0.4573522376410229
hybrid_vs_paired_all,PAIRED_MEA64C_YGER::paired_mea64c::20160415_patch2::KiloSort::47,PAIRED_MEA64C_YGER::paired_mea64c::20160415_patch2,PAIRED_MEA64C_YGER,paired,domain_b,-0.7698928973871407,1.116261699997816,-4.719354986026691
hybrid_vs_paired_all,PAIRED_KAMPFF::paired_kampff::2015_09_03_Pair_9_0B::KiloSort2::125,PAIRED_KAMPFF::paired_kampff::2015_09_03_Pair_9_0B,PAIRED_KAMPFF,paired,domain_b,11.174642261753991,3.6847097654577308,-0.7235662096659133
hybrid_vs_paired_all,PAIRED_ENGLISH::paired_english::m57_191105_153915::MountainSort4::9,PAIRED_ENGLISH::paired_english::m57_191105_153915,PAIRED_ENGLISH,paired,domain_b,4.701643115075712,0.9121083664494741,1.229677450731075
hybrid_vs_paired_all,PAIRED_MEA64C_YGER::paired_mea64c::20160415_patch2::JRClust::82,PAIRED_MEA64C_YGER::paired_mea64c::20160415_patch2,PAIRED_MEA64C_YGER,paired,domain_b,-0.9720350208574812,1.1373673044503059,-4.51443805461035
hybrid_vs_paired_all,PAIRED_ENGLISH::paired_english::m139_200114_191955::KiloSort2::11,PAIRED_ENGLISH::paired_english::m139_200114_191955,PAIRED_ENGLISH,paired,domain_b,8.905569766948592,-0.25862668341806905,1.8145565198913551
hybrid_vs_paired_all,PAIRED_MEA64C_YGER::paired_mea64c::20170621_patch1::MountainSort4::72,PAIRED_MEA64C_YGER::paired_mea64c::20170621_patch1,PAIRED_MEA64C_YGER,paired,domain_b,-1.7881559111155625,0.2794790308496173,-3.4380617438243024
hybrid_vs_paired_all,PAIRED_MEA64C_YGER::paired_mea64c::20160415_patch2::IronClust::31,PAIRED_MEA64C_YGER::paired_mea64c::20160415_patch2,PAIRED_MEA64C_YGER,paired,domain_b,-0.531068691197379,1.8034840394431002,-4.735461888040179
hybrid_vs_paired_all,PAIRED_ENGLISH::paired_english::m113_191125_204935::HerdingSpikes2::1,PAIRED_ENGLISH::paired_english::m113_191125_204935,PAIRED_ENGLISH,paired,domain_b,0.8940056311711303,2.4895423271676274,-3.218531822237563
hybrid_vs_paired_all,PAIRED_MEA64C_YGER::paired_mea64c::20160415_patch2::IronClust::49,PAIRED_MEA64C_YGER::paired_mea64c::20160415_patch2,PAIRED_MEA64C_YGER,paired,domain_b,-0.35862177532080347,2.649400194754761,-4.030828669362267
hybrid_vs_paired_all,PAIRED_ENGLISH::paired_english::m15_190315_152315_cell1::MountainSort4::20,PAIRED_ENGLISH::paired_english::m15_190315_152315_cell1,PAIRED_ENGLISH,paired,domain_b,2.664929383445913,2.215356719292127,-2.070360307433385
hybrid_vs_paired_all,PAIRED_MEA64C_YGER::paired_mea64c::20170622_patch1::SpykingCircus::2,PAIRED_MEA64C_YGER::paired_mea64c::20170622_patch1,PAIRED_MEA64C_YGER,paired,domain_b,-1.0217326627348853,-0.21862662075618705,-4.801594750168474
hybrid_vs_paired_all,PAIRED_BOYDEN::paired_boyden32c::419_1_7::KiloSort2::12,PAIRED_BOYDEN::paired_boyden32c::419_1_7,PAIRED_BOYDEN,paired,domain_b,3.0199724560936954,3.1115198318288195,-3.0202947546248278
hybrid_vs_paired_all,PAIRED_MEA64C_YGER::paired_mea64c::20170621_patch1::HerdingSpikes2::67,PAIRED_MEA64C_YGER::paired_mea64c::20170621_patch1,PAIRED_MEA64C_YGER,paired,domain_b,-1.075826075946673,0.4434296607892031,-4.422975559552027
hybrid_vs_paired_all,PAIRED_KAMPFF::paired_kampff::2015_09_03_Pair_9_0A::MountainSort4::15,PAIRED_KAMPFF::paired_kampff::2015_09_03_Pair_9_0A,PAIRED_KAMPFF,paired,domain_b,18.518571384175083,-3.610677224359987,2.369736733199254
hybrid_vs_paired_all,PAIRED_CRCNS_HC1::paired_crcns::d11222_d11222.002::MountainSort4::5,PAIRED_CRCNS_HC1::paired_crcns::d11222_d11222.002,PAIRED_CRCNS_HC1,paired,domain_b,3.8352622239044627,0.9954264623099145,-0.9232820205250812
hybrid_vs_paired_all,PAIRED_ENGLISH::paired_english::m113_191125_204935::KiloSort::20,PAIRED_ENGLISH::paired_english::m113_191125_204935,PAIRED_ENGLISH,paired,domain_b,1.293097716694835,2.174327312539466,-1.550637720733225
hybrid_vs_paired_all,PAIRED_ENGLISH::paired_english::m57_191105_161455::KiloSort::209,PAIRED_ENGLISH::paired_english::m57_191105_161455,PAIRED_ENGLISH,paired,domain_b,0.19366393410839286,0.8513029042387359,-1.4938869778913506
hybrid_vs_paired_all,PAIRED_MEA64C_YGER::paired_mea64c::20160415_patch2::HerdingSpikes2::104,PAIRED_MEA64C_YGER::paired_mea64c::20160415_patch2,PAIRED_MEA64C_YGER,paired,domain_b,-1.179746222747621,1.481864933030366,-5.3406689212757055
hybrid_vs_paired_all,PAIRED_ENGLISH::paired_english::m15_190315_152315_cell1::IronClust::34,PAIRED_ENGLISH::paired_english::m15_190315_152315_cell1,PAIRED_ENGLISH,paired,domain_b,-5.856526293466121,3.6742327096687126,-1.333765229592605
hybrid_vs_paired_all,PAIRED_MEA64C_YGER::paired_mea64c::20170622_patch1::KiloSort2::24,PAIRED_MEA64C_YGER::paired_mea64c::20170622_patch1,PAIRED_MEA64C_YGER,paired,domain_b,-1.9153859970075215,0.5434961396025532,-4.789186147870075
hybrid_vs_paired_all,PAIRED_MEA64C_YGER::paired_mea64c::20170622_patch2::MountainSort4::34,PAIRED_MEA64C_YGER::paired_mea64c::20170622_patch2,PAIRED_MEA64C_YGER,paired,domain_b,-1.884291806533124,-0.05599264676671881,-3.403586575633542
hybrid_vs_paired_all,PAIRED_ENGLISH::paired_english::m15_190315_150831_cell1::KiloSort2::17,PAIRED_ENGLISH::paired_english::m15_190315_150831_cell1,PAIRED_ENGLISH,paired,domain_b,1.0590277541542843,3.3242752816562557,-3.171413237404642
hybrid_vs_paired_all,PAIRED_MEA64C_YGER::paired_mea64c::20160415_patch2::JRClust::101,PAIRED_MEA64C_YGER::paired_mea64c::20160415_patch2,PAIRED_MEA64C_YGER,paired,domain_b,-0.5154049348199734,1.248762983730241,-3.6788544670317003
hybrid_vs_paired_all,PAIRED_ENGLISH::paired_english::m139_200114_191955::KiloSort2::52,PAIRED_ENGLISH::paired_english::m139_200114_191955,PAIRED_ENGLISH,paired,domain_b,6.522499432983799,0.08970918504419173,1.2024792009355076
hybrid_vs_paired_all,PAIRED_MEA64C_YGER::paired_mea64c::20170622_patch1::KiloSort::182,PAIRED_MEA64C_YGER::paired_mea64c::20170622_patch1,PAIRED_MEA64C_YGER,paired,domain_b,-2.1504326526718422,-0.9535078023348764,-3.7715381484083434
hybrid_vs_paired_all,PAIRED_MEA64C_YGER::paired_mea64c::20170621_patch1::MountainSort4::15,PAIRED_MEA64C_YGER::paired_mea64c::20170621_patch1,PAIRED_MEA64C_YGER,paired,domain_b,-0.9092549675248136,0.28796976362843046,-4.63349580879043
hybrid_vs_paired_all,PAIRED_MEA64C_YGER::paired_mea64c::20170621_patch1::KiloSort2::90,PAIRED_MEA64C_YGER::paired_mea64c::20170621_patch1,PAIRED_MEA64C_YGER,paired,domain_b,-0.23590850717351342,1.0059110621893563,-4.623949438459466
hybrid_vs_paired_all,PAIRED_MEA64C_YGER::paired_mea64c::20170622_patch1::MountainSort4::68,PAIRED_MEA64C_YGER::paired_mea64c::20170622_patch1,PAIRED_MEA64C_YGER,paired,domain_b,-0.6254163429818056,-0.13364756045263562,-5.184203002163529
hybrid_vs_paired_all,PAIRED_MEA64C_YGER::paired_mea64c::20170622_patch2::MountainSort4::94,PAIRED_MEA64C_YGER::paired_mea64c::20170622_patch2,PAIRED_MEA64C_YGER,paired,domain_b,-0.8938002479917267,0.20990929452352108,-4.87943510537429
hybrid_vs_paired_all,PAIRED_KAMPFF::paired_kampff::2014_11_25_Pair_3_0::Tridesclous::0,PAIRED_KAMPFF::paired_kampff::2014_11_25_Pair_3_0,PAIRED_KAMPFF,paired,domain_b,17.5233196655794,0.8617362857954182,2.1145917976374284
hybrid_vs_paired_all,PAIRED_KAMPFF::paired_kampff::c14::IronClust::29,PAIRED_KAMPFF::paired_kampff::c14,PAIRED_KAMPFF,paired,domain_b,-2.984891027510501,-1.684778342554266,-0.8721898356383929
hybrid_vs_paired_all,PAIRED_KAMPFF::paired_kampff::2015_09_03_Pair_9_0A::KiloSort2::90,PAIRED_KAMPFF::paired_kampff::2015_09_03_Pair_9_0A,PAIRED_KAMPFF,paired,domain_b,19.4062793368925,-2.6962802573098386,1.5147861952112875
hybrid_vs_paired_all,PAIRED_ENGLISH::paired_english::m108_191125_171427::KiloSort2::31,PAIRED_ENGLISH::paired_english::m108_191125_171427,PAIRED_ENGLISH,paired,domain_b,1.2125142546014012,2.405226860435361,-2.106489971803028
hybrid_vs_paired_all,PAIRED_KAMPFF::paired_kampff::c14::MountainSort4::41,PAIRED_KAMPFF::paired_kampff::c14,PAIRED_KAMPFF,paired,domain_b,-1.8386653474494754,0.4165560095368995,-1.788159872468366
hybrid_vs_paired_all,PAIRED_MEA64C_YGER::paired_mea64c::20170622_patch2::JRClust::70,PAIRED_MEA64C_YGER::paired_mea64c::20170622_patch2,PAIRED_MEA64C_YGER,paired,domain_b,0.08197399726004019,0.8666001015250034,-5.73765431567585
hybrid_vs_paired_all,PAIRED_KAMPFF::paired_kampff::2015_09_03_Pair_9_0B::KiloSort::125,PAIRED_KAMPFF::paired_kampff::2015_09_03_Pair_9_0B,PAIRED_KAMPFF,paired,domain_b,14.481325991758133,-0.9898434194524427,-0.24987430244933628
hybrid_vs_paired_all,PAIRED_ENGLISH::paired_english::m57_191105_161455::MountainSort4::7,PAIRED_ENGLISH::paired_english::m57_191105_161455,PAIRED_ENGLISH,paired,domain_b,-0.3664323501496374,2.9917273679585095,-2.887758699000349
hybrid_vs_paired_all,PAIRED_BOYDEN::paired_boyden32c::419_1_7::KiloSort2::51,PAIRED_BOYDEN::paired_boyden32c::419_1_7,PAIRED_BOYDEN,paired,domain_b,9.347016684473799,-1.8902407503410583,-0.44195334490643473
hybrid_vs_paired_all,PAIRED_MEA64C_YGER::paired_mea64c::20170621_patch1::IronClust::64,PAIRED_MEA64C_YGER::paired_mea64c::20170621_patch1,PAIRED_MEA64C_YGER,paired,domain_b,-0.6873838364508275,0.24391758440570285,-4.633234620442324
hybrid_vs_paired_all,PAIRED_ENGLISH::paired_english::m139_200114_205038::MountainSort4::29,PAIRED_ENGLISH::paired_english::m139_200114_205038,PAIRED_ENGLISH,paired,domain_b,1.4696562954070505,5.124908037018335,-0.9700402032241935
hybrid_vs_paired_all,PAIRED_MEA64C_YGER::paired_mea64c::20160415_patch2::JRClust::103,PAIRED_MEA64C_YGER::paired_mea64c::20160415_patch2,PAIRED_MEA64C_YGER,paired,domain_b,-1.1698285201506124,0.3826044463629444,-4.893731236424709
hybrid_vs_paired_all,PAIRED_ENGLISH::paired_english::m15_190315_142052_cell1::MountainSort4::41,PAIRED_ENGLISH::paired_english::m15_190315_142052_cell1,PAIRED_ENGLISH,paired,domain_b,2.016059098386832,6.17836612207206,2.63831943071569
hybrid_vs_paired_all,PAIRED_ENGLISH::paired_english::m14_190326_155432::KiloSort::253,PAIRED_ENGLISH::paired_english::m14_190326_155432,PAIRED_ENGLISH,paired,domain_b,8.20453153362439,-0.01620555410624045,-0.33323768877635657
hybrid_vs_paired_all,PAIRED_ENGLISH::paired_english::m139_200114_205038::HerdingSpikes2::21,PAIRED_ENGLISH::paired_english::m139_200114_205038,PAIRED_ENGLISH,paired,domain_b,1.4154133019433126,5.02818448341665,-1.8728061556231592
hybrid_vs_paired_all,PAIRED_MEA64C_YGER::paired_mea64c::20170621_patch1::Tridesclous::14,PAIRED_MEA64C_YGER::paired_mea64c::20170621_patch1,PAIRED_MEA64C_YGER,paired,domain_b,-0.9876341996753882,0.28767793326281815,-3.687367454040002
hybrid_vs_paired_all,PAIRED_MEA64C_YGER::paired_mea64c::20160415_patch2::SpykingCircus::8,PAIRED_MEA64C_YGER::paired_mea64c::20160415_patch2,PAIRED_MEA64C_YGER,paired,domain_b,-0.6359451416937066,1.3542921080812984,-3.8824744835538674
hybrid_vs_paired_all,PAIRED_MEA64C_YGER::paired_mea64c::20170622_patch1::HerdingSpikes2::56,PAIRED_MEA64C_YGER::paired_mea64c::20170622_patch1,PAIRED_MEA64C_YGER,paired,domain_b,-0.09259493556278256,1.9921510840828742,-5.508293075523689
hybrid_vs_paired_all,PAIRED_MEA64C_YGER::paired_mea64c::20160415_patch2::Tridesclous::53,PAIRED_MEA64C_YGER::paired_mea64c::20160415_patch2,PAIRED_MEA64C_YGER,paired,domain_b,-1.4957312545230514,0.22839300659943673,-4.4107612143585415
hybrid_vs_paired_all,PAIRED_MEA64C_YGER::paired_mea64c::20170622_patch2::HerdingSpikes2::73,PAIRED_MEA64C_YGER::paired_mea64c::20170622_patch2,PAIRED_MEA64C_YGER,paired,domain_b,-0.3168229613259029,1.679486699352706,-5.634429762584048
hybrid_vs_paired_all,PAIRED_ENGLISH::paired_english::m139_200114_191955::KiloSort::106,PAIRED_ENGLISH::paired_english::m139_200114_191955,PAIRED_ENGLISH,paired,domain_b,2.4952178889979706,0.4536776092442576,1.1325788311350735
hybrid_vs_paired_all,PAIRED_ENGLISH::paired_english::m139_200114_205038::MountainSort4::30,PAIRED_ENGLISH::paired_english::m139_200114_205038,PAIRED_ENGLISH,paired,domain_b,-1.059085177338975,4.115229319771918,0.39872694125711144
hybrid_vs_paired_all,PAIRED_ENGLISH::paired_english::m139_200114_205038::IronClust::8,PAIRED_ENGLISH::paired_english::m139_200114_205038,PAIRED_ENGLISH,paired,domain_b,0.9780404480768716,3.6130675819454905,-0.22879792237830607
hybrid_vs_paired_all,PAIRED_ENGLISH::paired_english::m139_200114_205038::MountainSort4::3,PAIRED_ENGLISH::paired_english::m139_200114_205038,PAIRED_ENGLISH,paired,domain_b,1.788944462521623,2.935216050648789,-2.174235891773991
hybrid_vs_paired_all,PAIRED_MEA64C_YGER::paired_mea64c::20170621_patch1::MountainSort4::27,PAIRED_MEA64C_YGER::paired_mea64c::20170621_patch1,PAIRED_MEA64C_YGER,paired,domain_b,-0.3623214349627023,1.846031664209043,-3.7397397532711865
hybrid_vs_paired_all,PAIRED_ENGLISH::paired_english::m15_190315_150831_cell1::KiloSort2::0,PAIRED_ENGLISH::paired_english::m15_190315_150831_cell1,PAIRED_ENGLISH,paired,domain_b,-2.3098202509747185,3.968245594292945,0.28408102145708836
hybrid_vs_paired_all,PAIRED_MEA64C_YGER::paired_mea64c::20170622_patch2::IronClust::19,PAIRED_MEA64C_YGER::paired_mea64c::20170622_patch2,PAIRED_MEA64C_YGER,paired,domain_b,-1.4655393957598928,0.31406389918121547,-2.991681571940758
hybrid_vs_paired_all,PAIRED_MEA64C_YGER::paired_mea64c::20160415_patch2::SpykingCircus::76,PAIRED_MEA64C_YGER::paired_mea64c::20160415_patch2,PAIRED_MEA64C_YGER,paired,domain_b,-1.1525097216687106,0.5153209951053114,-4.381554740030355
hybrid_vs_paired_all,PAIRED_KAMPFF::paired_kampff::2015_09_03_Pair_9_0B::HerdingSpikes2::50,PAIRED_KAMPFF::paired_kampff::2015_09_03_Pair_9_0B,PAIRED_KAMPFF,paired,domain_b,16.241325406643735,-1.6419018637417333,0.4318198935345616
hybrid_vs_paired_all,PAIRED_ENGLISH::paired_english::m15_190315_150831_cell1::KiloSort::68,PAIRED_ENGLISH::paired_english::m15_190315_150831_cell1,PAIRED_ENGLISH,paired,domain_b,-3.7989820430816854,0.672444057533947,2.4692665106971057
hybrid_vs_paired_all,PAIRED_KAMPFF::paired_kampff::2015_09_03_Pair_9_0B::SpykingCircus::30,PAIRED_KAMPFF::paired_kampff::2015_09_03_Pair_9_0B,PAIRED_KAMPFF,paired,domain_b,19.005280172588908,-2.1787145424452987,2.026583955589031
hybrid_vs_paired_all,PAIRED_ENGLISH::paired_english::m139_200114_205038::MountainSort4::55,PAIRED_ENGLISH::paired_english::m139_200114_205038,PAIRED_ENGLISH,paired,domain_b,-0.4959729068997228,4.315446964477594,-5.253726879394207
hybrid_vs_paired_all,PAIRED_ENGLISH::paired_english::m139_200114_191955::SpykingCircus::58,PAIRED_ENGLISH::paired_english::m139_200114_191955,PAIRED_ENGLISH,paired,domain_b,0.7317111267310683,2.108444043738162,-2.3944854350573856
hybrid_vs_paired_all,PAIRED_ENGLISH::paired_english::m139_200114_222743::IronClust::24,PAIRED_ENGLISH::paired_english::m139_200114_222743,PAIRED_ENGLISH,paired,domain_b,-1.1791995214030808,1.259163044820529,-0.743923713412324
hybrid_vs_paired_all,PAIRED_BOYDEN::paired_boyden32c::419_1_7::KiloSort::17,PAIRED_BOYDEN::paired_boyden32c::419_1_7,PAIRED_BOYDEN,paired,domain_b,4.775637010215144,-1.655763320697034,0.6019137634973132
hybrid_vs_paired_all,PAIRED_KAMPFF::paired_kampff::c14::MountainSort4::27,PAIRED_KAMPFF::paired_kampff::c14,PAIRED_KAMPFF,paired,domain_b,-2.998701356104469,-1.3378517157871521,-0.04474074892024828
hybrid_vs_paired_all,PAIRED_KAMPFF::paired_kampff::c14::KiloSort::233,PAIRED_KAMPFF::paired_kampff::c14,PAIRED_KAMPFF,paired,domain_b,-2.981852711427752,-0.8161819516319888,-1.5613893057127177
hybrid_vs_paired_all,PAIRED_ENGLISH::paired_english::m57_191105_161455::MountainSort4::14,PAIRED_ENGLISH::paired_english::m57_191105_161455,PAIRED_ENGLISH,paired,domain_b,0.0016042587074630043,1.8941311323095922,-0.8421657274321461
hybrid_vs_paired_all,PAIRED_KAMPFF::paired_kampff::2014_11_25_Pair_3_0::MountainSort4::45,PAIRED_KAMPFF::paired_kampff::2014_11_25_Pair_3_0,PAIRED_KAMPFF,paired,domain_b,18.64345238772627,-2.5560031527188634,2.021808072880813
hybrid_vs_paired_all,PAIRED_ENGLISH::paired_english::m139_200114_205038::KiloSort2::60,PAIRED_ENGLISH::paired_english::m139_200114_205038,PAIRED_ENGLISH,paired,domain_b,4.582148328323956,1.2162392406020228,-2.228648821295297
hybrid_vs_paired_all,PAIRED_MEA64C_YGER::paired_mea64c::20160415_patch2::HerdingSpikes2::318,PAIRED_MEA64C_YGER::paired_mea64c::20160415_patch2,PAIRED_MEA64C_YGER,paired,domain_b,-0.577703750988767,1.5833334533263832,-6.03810776976202
hybrid_vs_paired_all,PAIRED_ENGLISH::paired_english::m57_191105_160026::KiloSort::15,PAIRED_ENGLISH::paired_english::m57_191105_160026,PAIRED_ENGLISH,paired,domain_b,-14.1828253081944,11.793331036639003,-0.93031308798027
hybrid_vs_paired_all,PAIRED_ENGLISH::paired_english::m139_200114_222743::SpykingCircus::8,PAIRED_ENGLISH::paired_english::m139_200114_222743,PAIRED_ENGLISH,paired,domain_b,-1.1510431123383047,2.174654304244107,0.3025184943158026
hybrid_vs_paired_all,PAIRED_ENGLISH::paired_english::m113_191125_204935::HerdingSpikes2::11,PAIRED_ENGLISH::paired_english::m113_191125_204935,PAIRED_ENGLISH,paired,domain_b,3.86076046787465,2.0975905357864324,-1.2566937463221004
hybrid_vs_paired_all,PAIRED_MEA64C_YGER::paired_mea64c::20160415_patch2::KiloSort::249,PAIRED_MEA64C_YGER::paired_mea64c::20160415_patch2,PAIRED_MEA64C_YGER,paired,domain_b,-1.4614936982086346,1.087870270174854,-4.504554432579313
hybrid_vs_paired_all,PAIRED_ENGLISH::paired_english::m15_190315_152315_cell1::SpykingCircus::43,PAIRED_ENGLISH::paired_english::m15_190315_152315_cell1,PAIRED_ENGLISH,paired,domain_b,-0.36678793439553914,3.5866524217694526,-2.9436767301336113
hybrid_vs_paired_all,PAIRED_MEA64C_YGER::paired_mea64c::20170622_patch2::SpykingCircus::7,PAIRED_MEA64C_YGER::paired_mea64c::20170622_patch2,PAIRED_MEA64C_YGER,paired,domain_b,-1.0844186649139542,0.34734307568461337,-3.8562243354406776
hybrid_vs_paired_all,PAIRED_MEA64C_YGER::paired_mea64c::20170622_patch1::Tridesclous::14,PAIRED_MEA64C_YGER::paired_mea64c::20170622_patch1,PAIRED_MEA64C_YGER,paired,domain_b,-1.5071665895345716,-0.03428206037590833,-4.446821059971618
hybrid_vs_paired_all,PAIRED_MEA64C_YGER::paired_mea64c::20170621_patch1::KiloSort2::41,PAIRED_MEA64C_YGER::paired_mea64c::20170621_patch1,PAIRED_MEA64C_YGER,paired,domain_b,-0.2568145608830185,1.1555038096730137,-5.78526579037256
hybrid_vs_paired_all,PAIRED_ENGLISH::paired_english::m139_200114_205038::KiloSort::35,PAIRED_ENGLISH::paired_english::m139_200114_205038,PAIRED_ENGLISH,paired,domain_b,1.4761656016675073,2.1891874045447937,-0.6256712892439158
hybrid_vs_paired_all,PAIRED_KAMPFF::paired_kampff::2015_09_03_Pair_9_0A::KiloSort::113,PAIRED_KAMPFF::paired_kampff::2015_09_03_Pair_9_0A,PAIRED_KAMPFF,paired,domain_b,12.875414416236493,-0.3739957244771368,-0.7409940874776092
hybrid_vs_paired_all,PAIRED_MEA64C_YGER::paired_mea64c::20160415_patch2::HerdingSpikes2::262,PAIRED_MEA64C_YGER::paired_mea64c::20160415_patch2,PAIRED_MEA64C_YGER,paired,domain_b,-0.09658225805224141,2.890304416438977,-5.334453039495834
hybrid_vs_paired_all,PAIRED_MEA64C_YGER::paired_mea64c::20170621_patch1::KiloSort::207,PAIRED_MEA64C_YGER::paired_mea64c::20170621_patch1,PAIRED_MEA64C_YGER,paired,domain_b,0.06270088755030383,2.0834781911850575,-6.1221528229263384
hybrid_vs_paired_all,PAIRED_ENGLISH::paired_english::m15_190315_142052_cell1::MountainSort4::44,PAIRED_ENGLISH::paired_english::m15_190315_142052_cell1,PAIRED_ENGLISH,paired,domain_b,5.87642515234777,7.148595825795802,-0.05355349001976426
hybrid_vs_paired_all,PAIRED_MEA64C_YGER::paired_mea64c::20160415_patch2::MountainSort4::44,PAIRED_MEA64C_YGER::paired_mea64c::20160415_patch2,PAIRED_MEA64C_YGER,paired,domain_b,-1.083171534070182,1.3911436065395484,-4.559301721106228
hybrid_vs_paired_all,PAIRED_KAMPFF::paired_kampff::2015_09_03_Pair_9_0A::Tridesclous::5,PAIRED_KAMPFF::paired_kampff::2015_09_03_Pair_9_0A,PAIRED_KAMPFF,paired,domain_b,15.573217962218811,-0.4462026426246135,0.4858736414138529
hybrid_vs_paired_all,PAIRED_MEA64C_YGER::paired_mea64c::20170621_patch1::MountainSort4::47,PAIRED_MEA64C_YGER::paired_mea64c::20170621_patch1,PAIRED_MEA64C_YGER,paired,domain_b,-2.515784905661547,-0.6461154647893911,-2.3123354706361905
hybrid_vs_paired_all,PAIRED_MEA64C_YGER::paired_mea64c::20170622_patch2::MountainSort4::61,PAIRED_MEA64C_YGER::paired_mea64c::20170622_patch2,PAIRED_MEA64C_YGER,paired,domain_b,-1.8628275145402196,-0.2634731198229701,-3.792219763953941
hybrid_vs_paired_all,PAIRED_MEA64C_YGER::paired_mea64c::20160415_patch2::SpykingCircus::116,PAIRED_MEA64C_YGER::paired_mea64c::20160415_patch2,PAIRED_MEA64C_YGER,paired,domain_b,-1.117413948493434,0.37511905476421864,-4.699813827201409
hybrid_vs_paired_all,PAIRED_MEA64C_YGER::paired_mea64c::20170622_patch1::HerdingSpikes2::45,PAIRED_MEA64C_YGER::paired_mea64c::20170622_patch1,PAIRED_MEA64C_YGER,paired,domain_b,-1.0803488230488627,0.459290960239427,-4.2459032923636295
hybrid_vs_paired_all,PAIRED_MEA64C_YGER::paired_mea64c::20160415_patch2::HerdingSpikes2::66,PAIRED_MEA64C_YGER::paired_mea64c::20160415_patch2,PAIRED_MEA64C_YGER,paired,domain_b,-0.3856271175277213,1.7838385665584644,-5.891046658823703
hybrid_vs_paired_all,PAIRED_ENGLISH::paired_english::m14_190326_155432::SpykingCircus::40,PAIRED_ENGLISH::paired_english::m14_190326_155432,PAIRED_ENGLISH,paired,domain_b,7.680967133773403,0.24466467289796087,-0.6057076289002951
hybrid_vs_paired_all,PAIRED_MEA64C_YGER::paired_mea64c::20170622_patch1::IronClust::16,PAIRED_MEA64C_YGER::paired_mea64c::20170622_patch1,PAIRED_MEA64C_YGER,paired,domain_b,-1.0642774388015754,-0.32720640352026875,-4.857810909872702
hybrid_vs_paired_all,PAIRED_KAMPFF::paired_kampff::2015_09_03_Pair_9_0A::MountainSort4::28,PAIRED_KAMPFF::paired_kampff::2015_09_03_Pair_9_0A,PAIRED_KAMPFF,paired,domain_b,15.751184095011324,-0.6402330807494321,-1.119901388346323
hybrid_vs_paired_all,PAIRED_MEA64C_YGER::paired_mea64c::20160415_patch2::HerdingSpikes2::142,PAIRED_MEA64C_YGER::paired_mea64c::20160415_patch2,PAIRED_MEA64C_YGER,paired,domain_b,-1.7464366175423025,1.2225896174448019,-3.5488137040062036
hybrid_vs_paired_all,PAIRED_MEA64C_YGER::paired_mea64c::20170621_patch1::SpykingCircus::0,PAIRED_MEA64C_YGER::paired_mea64c::20170621_patch1,PAIRED_MEA64C_YGER,paired,domain_b,-0.7520461551860049,0.5411356190285371,-4.3646953420728565
hybrid_vs_paired_all,PAIRED_ENGLISH::paired_english::m57_191105_161455::KiloSort::7,PAIRED_ENGLISH::paired_english::m57_191105_161455,PAIRED_ENGLISH,paired,domain_b,-0.1507160329472916,1.163324791714819,-1.8857370650088883
hybrid_vs_paired_all,PAIRED_ENGLISH::paired_english::m26_190524_100859_cell3::KiloSort2::13,PAIRED_ENGLISH::paired_english::m26_190524_100859_cell3,PAIRED_ENGLISH,paired,domain_b,-0.7263643193210568,0.8916209416360957,-1.5215635352335732
hybrid_vs_paired_all,PAIRED_MEA64C_YGER::paired_mea64c::20160415_patch2::SpykingCircus::65,PAIRED_MEA64C_YGER::paired_mea64c::20160415_patch2,PAIRED_MEA64C_YGER,paired,domain_b,-1.2656437101844322,0.60388866810585,-3.960224925897779
hybrid_vs_paired_all,PAIRED_MEA64C_YGER::paired_mea64c::20160415_patch2::HerdingSpikes2::315,PAIRED_MEA64C_YGER::paired_mea64c::20160415_patch2,PAIRED_MEA64C_YGER,paired,domain_b,-0.8155706387542144,0.9403934389173186,-5.128098005453921
hybrid_vs_paired_all,PAIRED_MEA64C_YGER::paired_mea64c::20170621_patch1::Tridesclous::4,PAIRED_MEA64C_YGER::paired_mea64c::20170621_patch1,PAIRED_MEA64C_YGER,paired,domain_b,-1.1932946704302743,1.25612898890874,-4.342788210647079
hybrid_vs_paired_all,PAIRED_BOYDEN::paired_boyden32c::419_1_8::Tridesclous::6,PAIRED_BOYDEN::paired_boyden32c::419_1_8,PAIRED_BOYDEN,paired,domain_b,7.599809140110171,-1.8250944494060204,0.4089226531272852
hybrid_vs_paired_all,PAIRED_BOYDEN::paired_boyden32c::1103_1_1::Klusta::2,PAIRED_BOYDEN::paired_boyden32c::1103_1_1,PAIRED_BOYDEN,paired,domain_b,12.179831434538846,-3.3481645229797685,1.0497040787476661
hybrid_vs_paired_all,PAIRED_MEA64C_YGER::paired_mea64c::20170622_patch1::MountainSort4::42,PAIRED_MEA64C_YGER::paired_mea64c::20170622_patch1,PAIRED_MEA64C_YGER,paired,domain_b,-2.2467033826863823,-0.13576621033401243,-3.3826893377163265
hybrid_vs_paired_all,PAIRED_MEA64C_YGER::paired_mea64c::20170622_patch1::HerdingSpikes2::44,PAIRED_MEA64C_YGER::paired_mea64c::20170622_patch1,PAIRED_MEA64C_YGER,paired,domain_b,-0.6590368999648594,1.0015581654966008,-5.26445661236101
hybrid_vs_paired_all,PAIRED_ENGLISH::paired_english::m108_191125_171427::MountainSort4::36,PAIRED_ENGLISH::paired_english::m108_191125_171427,PAIRED_ENGLISH,paired,domain_b,0.5632464972867052,1.3668631378195684,-1.7088303226663177
hybrid_vs_paired_all,PAIRED_ENGLISH::paired_english::m139_200114_205038::HerdingSpikes2::25,PAIRED_ENGLISH::paired_english::m139_200114_205038,PAIRED_ENGLISH,paired,domain_b,6.509203602650281,-0.32797647382342465,-0.0461807586615139
hybrid_vs_paired_all,PAIRED_MEA64C_YGER::paired_mea64c::20170622_patch1::HerdingSpikes2::47,PAIRED_MEA64C_YGER::paired_mea64c::20170622_patch1,PAIRED_MEA64C_YGER,paired,domain_b,-1.3175843658401025,2.2988537375858114,-4.648713593708009
hybrid_vs_paired_all,PAIRED_KAMPFF::paired_kampff::c14::HerdingSpikes2::63,PAIRED_KAMPFF::paired_kampff::c14,PAIRED_KAMPFF,paired,domain_b,-1.8362988903712059,0.21068022079526902,-2.4180314477835836
hybrid_vs_paired_all,PAIRED_ENGLISH::paired_english::m113_191125_204935::MountainSort4::34,PAIRED_ENGLISH::paired_english::m113_191125_204935,PAIRED_ENGLISH,paired,domain_b,3.770036204889842,0.3417245928630856,-0.052142420833041526
hybrid_vs_paired_all,PAIRED_ENGLISH::paired_english::m139_200114_222743::MountainSort4::81,PAIRED_ENGLISH::paired_english::m139_200114_222743,PAIRED_ENGLISH,paired,domain_b,2.9834340233179537,0.8463663533799074,0.5900939321526677
hybrid_vs_paired_all,PAIRED_MEA64C_YGER::paired_mea64c::20170621_patch1::MountainSort4::64,PAIRED_MEA64C_YGER::paired_mea64c::20170621_patch1,PAIRED_MEA64C_YGER,paired,domain_b,0.33411469084517453,1.9019498835336104,-2.185247872840067
hybrid_vs_paired_all,PAIRED_MEA64C_YGER::paired_mea64c::20160415_patch2::JRClust::40,PAIRED_MEA64C_YGER::paired_mea64c::20160415_patch2,PAIRED_MEA64C_YGER,paired,domain_b,-1.4737906521350346,0.3183771733791963,-1.5449048283765274
hybrid_vs_paired_all,PAIRED_ENGLISH::paired_english::m139_200114_222743::KiloSort::1,PAIRED_ENGLISH::paired_english::m139_200114_222743,PAIRED_ENGLISH,paired,domain_b,-2.5345101010777586,1.4206680239139473,-0.5657608767232936
hybrid_vs_paired_all,PAIRED_ENGLISH::paired_english::m57_191105_161455::MountainSort4::61,PAIRED_ENGLISH::paired_english::m57_191105_161455,PAIRED_ENGLISH,paired,domain_b,5.110685516787563,0.2425790672013971,-0.06484186004462822
hybrid_vs_paired_all,PAIRED_ENGLISH::paired_english::m108_191125_171427::KiloSort2::40,PAIRED_ENGLISH::paired_english::m108_191125_171427,PAIRED_ENGLISH,paired,domain_b,1.8487224203682113,1.0778152243068682,-2.3831504931464496
hybrid_vs_paired_all,PAIRED_MEA64C_YGER::paired_mea64c::20170622_patch2::HerdingSpikes2::10,PAIRED_MEA64C_YGER::paired_mea64c::20170622_patch2,PAIRED_MEA64C_YGER,paired,domain_b,-1.153312988949245,1.3313033207088742,-4.832047142080997
hybrid_vs_paired_all,PAIRED_ENGLISH::paired_english::m57_191105_153915::KiloSort::3,PAIRED_ENGLISH::paired_english::m57_191105_153915,PAIRED_ENGLISH,paired,domain_b,-12.708486958888583,11.350411301486178,-1.473537133786652
hybrid_vs_paired_all,PAIRED_MEA64C_YGER::paired_mea64c::20170622_patch1::HerdingSpikes2::109,PAIRED_MEA64C_YGER::paired_mea64c::20170622_patch1,PAIRED_MEA64C_YGER,paired,domain_b,-1.8013458593093306,0.40450865766366917,-3.504033330446896
hybrid_vs_paired_all,PAIRED_ENGLISH::paired_english::m108_191125_171427::KiloSort2::18,PAIRED_ENGLISH::paired_english::m108_191125_171427,PAIRED_ENGLISH,paired,domain_b,1.3661256051399067,2.088039778062465,-2.885525402958901
hybrid_vs_paired_all,PAIRED_MEA64C_YGER::paired_mea64c::20170621_patch1::SpykingCircus::32,PAIRED_MEA64C_YGER::paired_mea64c::20170621_patch1,PAIRED_MEA64C_YGER,paired,domain_b,-0.597325244941657,1.1670530085319981,-4.070413767839716
hybrid_vs_paired_all,PAIRED_ENGLISH::paired_english::m26_190524_100859_cell3::KiloSort2::0,PAIRED_ENGLISH::paired_english::m26_190524_100859_cell3,PAIRED_ENGLISH,paired,domain_b,2.467062666836308,0.36353308956607644,0.672983503722997
hybrid_vs_paired_all,PAIRED_ENGLISH::paired_english::m139_200114_205038::KiloSort2::50,PAIRED_ENGLISH::paired_english::m139_200114_205038,PAIRED_ENGLISH,paired,domain_b,-11.83664673179993,12.816556102697342,-4.883483717130534
hybrid_vs_paired_all,PAIRED_ENGLISH::paired_english::m139_200114_191955::SpykingCircus::31,PAIRED_ENGLISH::paired_english::m139_200114_191955,PAIRED_ENGLISH,paired,domain_b,1.6050419159644993,1.392456877106531,1.6229404541529306
hybrid_vs_paired_all,PAIRED_MEA64C_YGER::paired_mea64c::20170622_patch2::SpykingCircus::30,PAIRED_MEA64C_YGER::paired_mea64c::20170622_patch2,PAIRED_MEA64C_YGER,paired,domain_b,-1.240225072760295,0.973506139897797,-5.0176303729340335
hybrid_vs_paired_all,PAIRED_KAMPFF::paired_kampff::2015_09_03_Pair_9_0A::KiloSort2::62,PAIRED_KAMPFF::paired_kampff::2015_09_03_Pair_9_0A,PAIRED_KAMPFF,paired,domain_b,15.647498570331638,-1.0782038776585374,1.0603703654537309
hybrid_vs_paired_all,PAIRED_ENGLISH::paired_english::m26_190524_100859_cell1::SpykingCircus::1,PAIRED_ENGLISH::paired_english::m26_190524_100859_cell1,PAIRED_ENGLISH,paired,domain_b,-4.03334105297931,2.408367143654016,0.2856140401593862
hybrid_vs_paired_all,PAIRED_MEA64C_YGER::paired_mea64c::20170622_patch2::MountainSort4::2,PAIRED_MEA64C_YGER::paired_mea64c::20170622_patch2,PAIRED_MEA64C_YGER,paired,domain_b,-0.6218416685743557,0.6345798762902991,-5.146622274404027
hybrid_vs_paired_all,PAIRED_MEA64C_YGER::paired_mea64c::20160415_patch2::MountainSort4::125,PAIRED_MEA64C_YGER::paired_mea64c::20160415_patch2,PAIRED_MEA64C_YGER,paired,domain_b,-1.1521308239411532,-0.1740281796431371,-3.7482184291602576
hybrid_vs_paired_all,PAIRED_MEA64C_YGER::paired_mea64c::20170621_patch1::KiloSort2::129,PAIRED_MEA64C_YGER::paired_mea64c::20170621_patch1,PAIRED_MEA64C_YGER,paired,domain_b,-1.0198150710595384,-0.22677944312193896,-4.502345048784997
hybrid_vs_paired_all,PAIRED_MEA64C_YGER::paired_mea64c::20160415_patch2::JRClust::30,PAIRED_MEA64C_YGER::paired_mea64c::20160415_patch2,PAIRED_MEA64C_YGER,paired,domain_b,0.2494095992609285,0.6617766717011654,-6.050222117088068
hybrid_vs_paired_all,PAIRED_MEA64C_YGER::paired_mea64c::20170621_patch1::HerdingSpikes2::36,PAIRED_MEA64C_YGER::paired_mea64c::20170621_patch1,PAIRED_MEA64C_YGER,paired,domain_b,-0.3239403068137756,1.9719819780480152,-6.092896146600187
hybrid_vs_paired_all,PAIRED_MEA64C_YGER::paired_mea64c::20160415_patch2::HerdingSpikes2::60,PAIRED_MEA64C_YGER::paired_mea64c::20160415_patch2,PAIRED_MEA64C_YGER,paired,domain_b,-0.528485747950928,0.19746507925327483,-5.115028334144518
hybrid_vs_paired_all,PAIRED_MEA64C_YGER::paired_mea64c::20160415_patch2::KiloSort::148,PAIRED_MEA64C_YGER::paired_mea64c::20160415_patch2,PAIRED_MEA64C_YGER,paired,domain_b,-1.3135091407703208,1.5976038073056416,-4.125613837420415
hybrid_vs_paired_all,PAIRED_ENGLISH::paired_english::m113_191125_204935::SpykingCircus::14,PAIRED_ENGLISH::paired_english::m113_191125_204935,PAIRED_ENGLISH,paired,domain_b,0.22563218302603794,3.389553260659375,-3.829997053386986
hybrid_vs_paired_all,PAIRED_BOYDEN::paired_boyden32c::419_1_7::SpykingCircus::35,PAIRED_BOYDEN::paired_boyden32c::419_1_7,PAIRED_BOYDEN,paired,domain_b,4.057688128196551,3.396805761573157,-3.039859659468159
hybrid_vs_paired_all,PAIRED_KAMPFF::paired_kampff::c14::MountainSort4::9,PAIRED_KAMPFF::paired_kampff::c14,PAIRED_KAMPFF,paired,domain_b,-2.248280147158719,-0.6147922912390817,-1.1691151835052478
hybrid_vs_paired_all,PAIRED_BOYDEN::paired_boyden32c::419_1_8::KiloSort::189,PAIRED_BOYDEN::paired_boyden32c::419_1_8,PAIRED_BOYDEN,paired,domain_b,4.982835502613148,-0.5704410693831425,-1.572011686421243
hybrid_vs_paired_all,PAIRED_MEA64C_YGER::paired_mea64c::20170622_patch1::HerdingSpikes2::65,PAIRED_MEA64C_YGER::paired_mea64c::20170622_patch1,PAIRED_MEA64C_YGER,paired,domain_b,-1.0001965208242984,0.6669988198577252,-4.941796883912431
hybrid_vs_paired_all,PAIRED_ENGLISH::paired_english::m139_200114_222743::KiloSort2::6,PAIRED_ENGLISH::paired_english::m139_200114_222743,PAIRED_ENGLISH,paired,domain_b,-1.190219277335654,4.364045329253211,-0.6450601543278824
hybrid_vs_paired_all,PAIRED_KAMPFF::paired_kampff::c14::MountainSort4::61,PAIRED_KAMPFF::paired_kampff::c14,PAIRED_KAMPFF,paired,domain_b,-1.7873464529855791,-0.3227871302775823,-0.8025837947052333
hybrid_vs_paired_all,PAIRED_KAMPFF::paired_kampff::c14::SpykingCircus::17,PAIRED_KAMPFF::paired_kampff::c14,PAIRED_KAMPFF,paired,domain_b,-2.359336787302839,-1.1274556294860287,-1.5505118747563806
hybrid_vs_paired_all,PAIRED_KAMPFF::paired_kampff::2015_09_03_Pair_9_0A::SpykingCircus::52,PAIRED_KAMPFF::paired_kampff::2015_09_03_Pair_9_0A,PAIRED_KAMPFF,paired,domain_b,14.686738377092142,0.1434862060770775,1.3397500638758968
hybrid_vs_paired_all,PAIRED_MEA64C_YGER::paired_mea64c::20170622_patch1::SpykingCircus::49,PAIRED_MEA64C_YGER::paired_mea64c::20170622_patch1,PAIRED_MEA64C_YGER,paired,domain_b,-2.1103302059496194,2.062751270637968,-5.159102188800773
hybrid_vs_paired_all,PAIRED_MEA64C_YGER::paired_mea64c::20160415_patch2::IronClust::21,PAIRED_MEA64C_YGER::paired_mea64c::20160415_patch2,PAIRED_MEA64C_YGER,paired,domain_b,-1.1354157254054702,0.23907117542426046,-3.8896900686311926
hybrid_vs_paired_all,PAIRED_ENGLISH::paired_english::m139_200114_222743::KiloSort::74,PAIRED_ENGLISH::paired_english::m139_200114_222743,PAIRED_ENGLISH,paired,domain_b,-0.828657745351134,1.5965743184435817,-0.4871286566556673
hybrid_vs_paired_all,PAIRED_ENGLISH::paired_english::m15_190315_152315_cell1::KiloSort2::56,PAIRED_ENGLISH::paired_english::m15_190315_152315_cell1,PAIRED_ENGLISH,paired,domain_b,3.2791946662537783,3.431518186194928,-4.050139296162289
hybrid_vs_paired_all,PAIRED_BOYDEN::paired_boyden32c::1103_1_1::JRClust::22,PAIRED_BOYDEN::paired_boyden32c::1103_1_1,PAIRED_BOYDEN,paired,domain_b,9.427404306327045,-2.357963025987797,-0.24700273954415977
hybrid_vs_paired_all,PAIRED_MEA64C_YGER::paired_mea64c::20170622_patch2::Klusta::20,PAIRED_MEA64C_YGER::paired_mea64c::20170622_patch2,PAIRED_MEA64C_YGER,paired,domain_b,-1.2128228877915679,0.31568200960071807,-3.96069006303336
hybrid_vs_paired_all,PAIRED_ENGLISH::paired_english::m139_200114_191955::KiloSort::13,PAIRED_ENGLISH::paired_english::m139_200114_191955,PAIRED_ENGLISH,paired,domain_b,0.24138917828834267,2.3580709559669577,1.978931279511334
hybrid_vs_paired_all,PAIRED_KAMPFF::paired_kampff::2015_09_03_Pair_9_0A::SpykingCircus::41,PAIRED_KAMPFF::paired_kampff::2015_09_03_Pair_9_0A,PAIRED_KAMPFF,paired,domain_b,15.14814726381607,-1.1264342991470657,1.0872654795944656
hybrid_vs_paired_all,PAIRED_KAMPFF::paired_kampff::2015_09_03_Pair_9_0B::KiloSort2::133,PAIRED_KAMPFF::paired_kampff::2015_09_03_Pair_9_0B,PAIRED_KAMPFF,paired,domain_b,17.818648053589072,-2.5552825566237436,1.455957313924908
hybrid_vs_paired_all,PAIRED_BOYDEN::paired_boyden32c::509_1_1::MountainSort4::23,PAIRED_BOYDEN::paired_boyden32c::509_1_1,PAIRED_BOYDEN,paired,domain_b,2.7651968228481367,-0.49022891036193894,1.141194408659128
hybrid_vs_paired_all,PAIRED_MEA64C_YGER::paired_mea64c::20160415_patch2::SpykingCircus::67,PAIRED_MEA64C_YGER::paired_mea64c::20160415_patch2,PAIRED_MEA64C_YGER,paired,domain_b,-0.5712643098830062,1.4720083889513265,-4.86611423795609
hybrid_vs_paired_all,PAIRED_ENGLISH::paired_english::m139_200114_205038::MountainSort4::56,PAIRED_ENGLISH::paired_english::m139_200114_205038,PAIRED_ENGLISH,paired,domain_b,-3.3652168959147644,6.355688153121009,-7.30583289572008
hybrid_vs_paired_all,PAIRED_KAMPFF::paired_kampff::2014_11_25_Pair_3_0::KiloSort2::19,PAIRED_KAMPFF::paired_kampff::2014_11_25_Pair_3_0,PAIRED_KAMPFF,paired,domain_b,18.648821469335832,-2.172261628376117,4.474302392429263
hybrid_vs_paired_all,PAIRED_ENGLISH::paired_english::m139_200114_191955::MountainSort4::87,PAIRED_ENGLISH::paired_english::m139_200114_191955,PAIRED_ENGLISH,paired,domain_b,7.178404467397481,-1.0442567178163478,1.1598383133368995
hybrid_vs_paired_all,PAIRED_ENGLISH::paired_english::m139_200114_205038::MountainSort4::60,PAIRED_ENGLISH::paired_english::m139_200114_205038,PAIRED_ENGLISH,paired,domain_b,2.542645838595506,1.155523684771684,-1.0479636051112091
hybrid_vs_paired_all,PAIRED_ENGLISH::paired_english::m15_190315_150831_cell1::KiloSort2::8,PAIRED_ENGLISH::paired_english::m15_190315_150831_cell1,PAIRED_ENGLISH,paired,domain_b,-6.673866016061978,11.30999785205748,-0.4591092234543734
hybrid_vs_paired_all,PAIRED_ENGLISH::paired_english::m139_200114_205038::IronClust::50,PAIRED_ENGLISH::paired_english::m139_200114_205038,PAIRED_ENGLISH,paired,domain_b,1.2444387397539824,3.1275488060542247,-2.6920643822009467
hybrid_vs_paired_all,PAIRED_MEA64C_YGER::paired_mea64c::20170621_patch1::KiloSort2::8,PAIRED_MEA64C_YGER::paired_mea64c::20170621_patch1,PAIRED_MEA64C_YGER,paired,domain_b,-0.976200019669849,1.660074543335028,-5.34269213221982
hybrid_vs_paired_all,PAIRED_ENGLISH::paired_english::m108_191125_171427::SpykingCircus::3,PAIRED_ENGLISH::paired_english::m108_191125_171427,PAIRED_ENGLISH,paired,domain_b,0.8509691738088766,1.692368838071114,-1.259323700224028
hybrid_vs_paired_all,PAIRED_MEA64C_YGER::paired_mea64c::20160415_patch2::SpykingCircus::53,PAIRED_MEA64C_YGER::paired_mea64c::20160415_patch2,PAIRED_MEA64C_YGER,paired,domain_b,-0.8505856599793092,1.4527971195569354,-5.960813702582874
hybrid_vs_paired_all,PAIRED_KAMPFF::paired_kampff::2015_09_03_Pair_9_0A::KiloSort2::16,PAIRED_KAMPFF::paired_kampff::2015_09_03_Pair_9_0A,PAIRED_KAMPFF,paired,domain_b,17.406441032840856,-2.331130494930431,0.4357041118879648
hybrid_vs_paired_all,PAIRED_MEA64C_YGER::paired_mea64c::20160415_patch2::HerdingSpikes2::6,PAIRED_MEA64C_YGER::paired_mea64c::20160415_patch2,PAIRED_MEA64C_YGER,paired,domain_b,-1.0631870347772043,0.3913186892018902,-4.962901772165668
hybrid_vs_paired_all,PAIRED_MEA64C_YGER::paired_mea64c::20160415_patch2::HerdingSpikes2::197,PAIRED_MEA64C_YGER::paired_mea64c::20160415_patch2,PAIRED_MEA64C_YGER,paired,domain_b,-0.5651096360684671,2.4300372934768584,-5.68252607505317
hybrid_vs_paired_all,PAIRED_BOYDEN::paired_boyden32c::419_1_8::KiloSort2::57,PAIRED_BOYDEN::paired_boyden32c::419_1_8,PAIRED_BOYDEN,paired,domain_b,9.340893545027763,-2.697365579039082,1.1446672379672085
hybrid_vs_paired_all,PAIRED_ENGLISH::paired_english::m15_190315_152315_cell1::HerdingSpikes2::1,PAIRED_ENGLISH::paired_english::m15_190315_152315_cell1,PAIRED_ENGLISH,paired,domain_b,1.58280369781311,3.907549252060376,-1.7792634911947398
hybrid_vs_paired_all,PAIRED_ENGLISH::paired_english::m57_191105_161455::MountainSort4::65,PAIRED_ENGLISH::paired_english::m57_191105_161455,PAIRED_ENGLISH,paired,domain_b,-2.4959169550783793,2.1855809904553527,-2.2300531579430105
hybrid_vs_paired_all,PAIRED_ENGLISH::paired_english::m139_200114_222743::Tridesclous::4,PAIRED_ENGLISH::paired_english::m139_200114_222743,PAIRED_ENGLISH,paired,domain_b,-0.48509155165471723,1.7913094494424016,-0.3912467464263061
hybrid_vs_paired_all,PAIRED_ENGLISH::paired_english::m57_191105_161455::KiloSort2::25,PAIRED_ENGLISH::paired_english::m57_191105_161455,PAIRED_ENGLISH,paired,domain_b,1.1804397320547368,2.2721942601168643,-1.6687048671057068
hybrid_vs_paired_all,PAIRED_ENGLISH::paired_english::m15_190315_142052_cell1::IronClust::3,PAIRED_ENGLISH::paired_english::m15_190315_142052_cell1,PAIRED_ENGLISH,paired,domain_b,-0.7406580428401024,9.446618695284974,1.2277736791465548
hybrid_vs_paired_all,PAIRED_KAMPFF::paired_kampff::c14::MountainSort4::65,PAIRED_KAMPFF::paired_kampff::c14,PAIRED_KAMPFF,paired,domain_b,-2.550935521650783,-1.3432302239111713,0.42413627355007233
hybrid_vs_paired_all,PAIRED_KAMPFF::paired_kampff::2015_09_03_Pair_9_0B::KiloSort2::144,PAIRED_KAMPFF::paired_kampff::2015_09_03_Pair_9_0B,PAIRED_KAMPFF,paired,domain_b,18.592858306668067,-1.7589258507890178,0.8488149364893676
hybrid_vs_paired_all,PAIRED_BOYDEN::paired_boyden32c::419_1_7::MountainSort4::22,PAIRED_BOYDEN::paired_boyden32c::419_1_7,PAIRED_BOYDEN,paired,domain_b,4.776837485401278,-0.287186479194099,0.16539617992374325
hybrid_vs_paired_all,PAIRED_KAMPFF::paired_kampff::c14::KiloSort2::25,PAIRED_KAMPFF::paired_kampff::c14,PAIRED_KAMPFF,paired,domain_b,-1.963182038309664,0.33945499421973674,-3.7122681647851015
hybrid_vs_paired_all,PAIRED_ENGLISH::paired_english::m139_200114_191955::KiloSort::95,PAIRED_ENGLISH::paired_english::m139_200114_191955,PAIRED_ENGLISH,paired,domain_b,3.9343317396550286,1.506780716351683,-1.5258960317006045
hybrid_vs_paired_all,PAIRED_KAMPFF::paired_kampff::c14::Tridesclous::0,PAIRED_KAMPFF::paired_kampff::c14,PAIRED_KAMPFF,paired,domain_b,-2.1586009780554907,-0.36665856772027,-1.818953573970912
hybrid_vs_paired_all,PAIRED_BOYDEN::paired_boyden32c::419_1_8::MountainSort4::27,PAIRED_BOYDEN::paired_boyden32c::419_1_8,PAIRED_BOYDEN,paired,domain_b,3.2327241250806984,2.4940229789806834,-4.002489795091001
hybrid_vs_paired_all,PAIRED_MEA64C_YGER::paired_mea64c::20170621_patch1::KiloSort2::69,PAIRED_MEA64C_YGER::paired_mea64c::20170621_patch1,PAIRED_MEA64C_YGER,paired,domain_b,-0.2591349251086711,1.4908985067228608,-5.404561634782001
hybrid_vs_paired_all,PAIRED_BOYDEN::paired_boyden32c::419_1_7::KiloSort::19,PAIRED_BOYDEN::paired_boyden32c::419_1_7,PAIRED_BOYDEN,paired,domain_b,8.64146466567694,-1.5350080539735047,-0.8144499440334335
hybrid_vs_paired_all,PAIRED_KAMPFF::paired_kampff::c14::HerdingSpikes2::75,PAIRED_KAMPFF::paired_kampff::c14,PAIRED_KAMPFF,paired,domain_b,-0.9650059771626489,0.26058770107930834,-2.1349526909171304
hybrid_vs_paired_all,PAIRED_KAMPFF::paired_kampff::2015_09_03_Pair_9_0B::KiloSort::201,PAIRED_KAMPFF::paired_kampff::2015_09_03_Pair_9_0B,PAIRED_KAMPFF,paired,domain_b,20.270382627601155,-2.251966150335885,1.5117560174094595
hybrid_vs_paired_all,PAIRED_MEA64C_YGER::paired_mea64c::20170621_patch1::MountainSort4::46,PAIRED_MEA64C_YGER::paired_mea64c::20170621_patch1,PAIRED_MEA64C_YGER,paired,domain_b,-1.5666285527729404,-0.20458835637042938,-3.410888864549105
hybrid_vs_paired_all,PAIRED_BOYDEN::paired_boyden32c::419_1_7::Tridesclous::0,PAIRED_BOYDEN::paired_boyden32c::419_1_7,PAIRED_BOYDEN,paired,domain_b,2.5047070431201193,2.9470982028585704,-1.9778101965042763
hybrid_vs_paired_all,PAIRED_KAMPFF::paired_kampff::2014_11_25_Pair_3_0::IronClust::2,PAIRED_KAMPFF::paired_kampff::2014_11_25_Pair_3_0,PAIRED_KAMPFF,paired,domain_b,15.928289098193288,3.048985666778737,1.3211098100570247
hybrid_vs_paired_all,PAIRED_ENGLISH::paired_english::m139_200114_205038::HerdingSpikes2::22,PAIRED_ENGLISH::paired_english::m139_200114_205038,PAIRED_ENGLISH,paired,domain_b,1.9047099042955282,3.81296068655831,-2.1104857806147757
hybrid_vs_paired_all,PAIRED_KAMPFF::paired_kampff::2015_09_03_Pair_9_0A::JRClust::73,PAIRED_KAMPFF::paired_kampff::2015_09_03_Pair_9_0A,PAIRED_KAMPFF,paired,domain_b,17.16489741200336,-2.7867560798472817,1.986558569471025
hybrid_vs_paired_all,PAIRED_BOYDEN::paired_boyden32c::419_1_8::JRClust::9,PAIRED_BOYDEN::paired_boyden32c::419_1_8,PAIRED_BOYDEN,paired,domain_b,5.68682383056966,-0.2200910058899092,-1.5164497458538893
hybrid_vs_paired_all,PAIRED_KAMPFF::paired_kampff::c14::MountainSort4::63,PAIRED_KAMPFF::paired_kampff::c14,PAIRED_KAMPFF,paired,domain_b,-3.1596487790623957,-1.6269348621103972,-1.0702734838949723
hybrid_vs_paired_all,PAIRED_BOYDEN::paired_boyden32c::419_1_7::Klusta::11,PAIRED_BOYDEN::paired_boyden32c::419_1_7,PAIRED_BOYDEN,paired,domain_b,3.6373377039137345,-0.14412191872265417,-0.14155690186918946
hybrid_vs_paired_all,PAIRED_MEA64C_YGER::paired_mea64c::20170621_patch1::KiloSort::208,PAIRED_MEA64C_YGER::paired_mea64c::20170621_patch1,PAIRED_MEA64C_YGER,paired,domain_b,-1.5375080935601873,1.32901349550909,-2.829079298127685
hybrid_vs_paired_all,PAIRED_ENGLISH::paired_english::m108_191125_171427::SpykingCircus::27,PAIRED_ENGLISH::paired_english::m108_191125_171427,PAIRED_ENGLISH,paired,domain_b,0.18306155127932547,0.9642224962445967,-0.17518953480907176
hybrid_vs_paired_all,PAIRED_KAMPFF::paired_kampff::2015_09_03_Pair_9_0B::SpykingCircus::48,PAIRED_KAMPFF::paired_kampff::2015_09_03_Pair_9_0B,PAIRED_KAMPFF,paired,domain_b,15.74572193850996,-1.260896803194982,1.353314579189825
hybrid_vs_paired_all,PAIRED_MEA64C_YGER::paired_mea64c::20160415_patch2::IronClust::55,PAIRED_MEA64C_YGER::paired_mea64c::20160415_patch2,PAIRED_MEA64C_YGER,paired,domain_b,-1.1532832104253572,0.3582225121374518,-4.144555765368643
hybrid_vs_paired_all,PAIRED_BOYDEN::paired_boyden32c::419_1_7::Klusta::8,PAIRED_BOYDEN::paired_boyden32c::419_1_7,PAIRED_BOYDEN,paired,domain_b,5.458424782521718,-2.0297467099720934,0.38726529263389226
hybrid_vs_paired_all,PAIRED_MEA64C_YGER::paired_mea64c::20170622_patch2::KiloSort::107,PAIRED_MEA64C_YGER::paired_mea64c::20170622_patch2,PAIRED_MEA64C_YGER,paired,domain_b,-2.1703946119046553,-0.08317762561027495,-3.970825389740018
hybrid_vs_paired_all,PAIRED_ENGLISH::paired_english::m15_190315_142052_cell1::KiloSort2::74,PAIRED_ENGLISH::paired_english::m15_190315_142052_cell1,PAIRED_ENGLISH,paired,domain_b,3.3964015838413513,53.640717267286696,20.54865427517873
hybrid_vs_paired_all,PAIRED_MEA64C_YGER::paired_mea64c::20160415_patch2::JRClust::152,PAIRED_MEA64C_YGER::paired_mea64c::20160415_patch2,PAIRED_MEA64C_YGER,paired,domain_b,-0.4882610692286236,0.8412315866228873,-5.090915520929132
hybrid_vs_paired_all,PAIRED_ENGLISH::paired_english::m139_200114_191955::KiloSort2::35,PAIRED_ENGLISH::paired_english::m139_200114_191955,PAIRED_ENGLISH,paired,domain_b,0.6331424810995926,3.0102303338663745,-0.7567350242068559
hybrid_vs_paired_all,PAIRED_ENGLISH::paired_english::m139_200114_191955::MountainSort4::80,PAIRED_ENGLISH::paired_english::m139_200114_191955,PAIRED_ENGLISH,paired,domain_b,5.648867475176367,-0.43284625904619756,0.8872472712750131
hybrid_vs_paired_all,PAIRED_ENGLISH::paired_english::m15_190315_142052_cell1::SpykingCircus::63,PAIRED_ENGLISH::paired_english::m15_190315_142052_cell1,PAIRED_ENGLISH,paired,domain_b,2.9901548799089737,10.785136526573169,0.8971110338868625
hybrid_vs_paired_all,PAIRED_BOYDEN::paired_boyden32c::1103_1_1::SpykingCircus::30,PAIRED_BOYDEN::paired_boyden32c::1103_1_1,PAIRED_BOYDEN,paired,domain_b,6.787591313078999,-2.1138147878833653,0.15651023723701807
hybrid_vs_paired_all,PAIRED_ENGLISH::paired_english::m14_190326_155432::SpykingCircus::9,PAIRED_ENGLISH::paired_english::m14_190326_155432,PAIRED_ENGLISH,paired,domain_b,3.4140465632152543,0.19248145379098996,0.32711257250944137
hybrid_vs_paired_all,PAIRED_MEA64C_YGER::paired_mea64c::20170621_patch1::KiloSort::112,PAIRED_MEA64C_YGER::paired_mea64c::20170621_patch1,PAIRED_MEA64C_YGER,paired,domain_b,-1.0033453130037184,0.8830422682996958,-4.328299451532237
hybrid_vs_paired_all,PAIRED_MEA64C_YGER::paired_mea64c::20160415_patch2::HerdingSpikes2::324,PAIRED_MEA64C_YGER::paired_mea64c::20160415_patch2,PAIRED_MEA64C_YGER,paired,domain_b,-0.5371894949466419,0.9811798636366963,-4.817729878387732
hybrid_vs_paired_all,PAIRED_MEA64C_YGER::paired_mea64c::20170621_patch1::HerdingSpikes2::136,PAIRED_MEA64C_YGER::paired_mea64c::20170621_patch1,PAIRED_MEA64C_YGER,paired,domain_b,0.2596636505303427,1.8821215613690085,-6.404692302797661
hybrid_vs_paired_all,PAIRED_ENGLISH::paired_english::m15_190315_142052_cell1::IronClust::43,PAIRED_ENGLISH::paired_english::m15_190315_142052_cell1,PAIRED_ENGLISH,paired,domain_b,-7.4983341214594175,11.862511896417692,-1.3012565200654824
hybrid_vs_paired_all,PAIRED_KAMPFF::paired_kampff::2015_09_03_Pair_9_0A::JRClust::72,PAIRED_KAMPFF::paired_kampff::2015_09_03_Pair_9_0A,PAIRED_KAMPFF,paired,domain_b,19.175850752480002,-2.243918838561149,1.3368369392674264
hybrid_vs_paired_all,PAIRED_MEA64C_YGER::paired_mea64c::20170622_patch2::HerdingSpikes2::122,PAIRED_MEA64C_YGER::paired_mea64c::20170622_patch2,PAIRED_MEA64C_YGER,paired,domain_b,-0.804843184449529,1.113573624900703,-4.286624219755884
hybrid_vs_paired_all,PAIRED_ENGLISH::paired_english::m57_191105_161455::KiloSort2::54,PAIRED_ENGLISH::paired_english::m57_191105_161455,PAIRED_ENGLISH,paired,domain_b,1.015655662426187,0.8197588803109743,-2.0652484569313643
hybrid_vs_paired_all,PAIRED_ENGLISH::paired_english::m139_200114_222743::IronClust::16,PAIRED_ENGLISH::paired_english::m139_200114_222743,PAIRED_ENGLISH,paired,domain_b,2.011605231673583,1.0763799062047452,-0.8176807454023105
hybrid_vs_paired_all,PAIRED_MEA64C_YGER::paired_mea64c::20160415_patch2::HerdingSpikes2::323,PAIRED_MEA64C_YGER::paired_mea64c::20160415_patch2,PAIRED_MEA64C_YGER,paired,domain_b,-1.309063605865092,0.8525603904852989,-4.0098763092878675
hybrid_vs_paired_all,PAIRED_ENGLISH::paired_english::m113_191125_204935::MountainSort4::31,PAIRED_ENGLISH::paired_english::m113_191125_204935,PAIRED_ENGLISH,paired,domain_b,-2.4882815113443715,2.7811960768911432,-0.18995112688504145
hybrid_vs_paired_all,PAIRED_KAMPFF::paired_kampff::2015_09_03_Pair_9_0B::KiloSort2::13,PAIRED_KAMPFF::paired_kampff::2015_09_03_Pair_9_0B,PAIRED_KAMPFF,paired,domain_b,10.51415124922143,3.285262769459189,-4.165634770268101
hybrid_vs_paired_all,PAIRED_KAMPFF::paired_kampff::2015_09_03_Pair_9_0A::JRClust::78,PAIRED_KAMPFF::paired_kampff::2015_09_03_Pair_9_0A,PAIRED_KAMPFF,paired,domain_b,15.999707443595424,0.47169090512115,-0.44445974837798535
hybrid_vs_paired_all,PAIRED_MEA64C_YGER::paired_mea64c::20160415_patch2::JRClust::114,PAIRED_MEA64C_YGER::paired_mea64c::20160415_patch2,PAIRED_MEA64C_YGER,paired,domain_b,-0.6094319722717746,1.2647201161806287,-4.600576648457444
hybrid_vs_paired_all,PAIRED_KAMPFF::paired_kampff::2015_09_03_Pair_9_0A::HerdingSpikes2::71,PAIRED_KAMPFF::paired_kampff::2015_09_03_Pair_9_0A,PAIRED_KAMPFF,paired,domain_b,16.6844768722269,-1.9150545175970302,1.4834636717830423
hybrid_vs_paired_all,PAIRED_ENGLISH::paired_english::m139_200114_191955::MountainSort4::25,PAIRED_ENGLISH::paired_english::m139_200114_191955,PAIRED_ENGLISH,paired,domain_b,-0.3786359429683249,1.2980113269709446,-0.9600444117136512
hybrid_vs_paired_all,PAIRED_MEA64C_YGER::paired_mea64c::20170621_patch1::HerdingSpikes2::173,PAIRED_MEA64C_YGER::paired_mea64c::20170621_patch1,PAIRED_MEA64C_YGER,paired,domain_b,-0.013722050020003897,1.2438431048041463,-5.586436682912074
hybrid_vs_paired_all,PAIRED_MEA64C_YGER::paired_mea64c::20170621_patch1::IronClust::71,PAIRED_MEA64C_YGER::paired_mea64c::20170621_patch1,PAIRED_MEA64C_YGER,paired,domain_b,-1.4157740804006402,1.1620670709583618,-5.247011844500824
hybrid_vs_paired_all,PAIRED_MEA64C_YGER::paired_mea64c::20160415_patch2::HerdingSpikes2::31,PAIRED_MEA64C_YGER::paired_mea64c::20160415_patch2,PAIRED_MEA64C_YGER,paired,domain_b,-0.7539899251073798,0.6765934390813815,-5.726050920014534
hybrid_vs_paired_all,PAIRED_MEA64C_YGER::paired_mea64c::20170621_patch1::HerdingSpikes2::196,PAIRED_MEA64C_YGER::paired_mea64c::20170621_patch1,PAIRED_MEA64C_YGER,paired,domain_b,0.7042383540505585,3.143968947073982,-5.859708225955909
hybrid_vs_paired_all,PAIRED_MEA64C_YGER::paired_mea64c::20170622_patch1::SpykingCircus::53,PAIRED_MEA64C_YGER::paired_mea64c::20170622_patch1,PAIRED_MEA64C_YGER,paired,domain_b,0.26739034505228654,1.9131418704352825,-7.375297836168483
hybrid_vs_paired_all,PAIRED_MEA64C_YGER::paired_mea64c::20170622_patch2::MountainSort4::30,PAIRED_MEA64C_YGER::paired_mea64c::20170622_patch2,PAIRED_MEA64C_YGER,paired,domain_b,-2.6736875057548013,-1.2455960480454034,-1.7233750254361888
hybrid_vs_paired_all,PAIRED_CRCNS_HC1::paired_crcns::d11221_d11221.002::KiloSort2::8,PAIRED_CRCNS_HC1::paired_crcns::d11221_d11221.002,PAIRED_CRCNS_HC1,paired,domain_b,6.551951548373773,0.6168688641885276,-3.001467456025078
hybrid_vs_paired_all,PAIRED_CRCNS_HC1::paired_crcns::d11222_d11222.002::MountainSort4::3,PAIRED_CRCNS_HC1::paired_crcns::d11222_d11222.002,PAIRED_CRCNS_HC1,paired,domain_b,7.575358276874587,0.02655731940670223,-0.28738903145821976
hybrid_vs_paired_all,PAIRED_MEA64C_YGER::paired_mea64c::20160415_patch2::JRClust::177,PAIRED_MEA64C_YGER::paired_mea64c::20160415_patch2,PAIRED_MEA64C_YGER,paired,domain_b,-0.9692695074612804,0.5679527126874462,-4.558968379943707
hybrid_vs_paired_all,PAIRED_ENGLISH::paired_english::m139_200114_191955::HerdingSpikes2::3,PAIRED_ENGLISH::paired_english::m139_200114_191955,PAIRED_ENGLISH,paired,domain_b,1.2826173657912037,0.22925421206078803,0.15573702321388613
hybrid_vs_paired_all,PAIRED_MEA64C_YGER::paired_mea64c::20160415_patch2::SpykingCircus::14,PAIRED_MEA64C_YGER::paired_mea64c::20160415_patch2,PAIRED_MEA64C_YGER,paired,domain_b,-1.0144400184854894,1.939386918614261,-4.849460973805508
hybrid_vs_paired_all,PAIRED_KAMPFF::paired_kampff::2015_09_03_Pair_9_0A::JRClust::75,PAIRED_KAMPFF::paired_kampff::2015_09_03_Pair_9_0A,PAIRED_KAMPFF,paired,domain_b,17.810435644403196,-2.0582392096577298,1.1587763980432437
hybrid_vs_paired_all,PAIRED_MEA64C_YGER::paired_mea64c::20170621_patch1::HerdingSpikes2::44,PAIRED_MEA64C_YGER::paired_mea64c::20170621_patch1,PAIRED_MEA64C_YGER,paired,domain_b,-0.5369695330952772,2.3215215138586798,-3.990013344745336
hybrid_vs_paired_all,PAIRED_ENGLISH::paired_english::m57_191105_141906::SpykingCircus::44,PAIRED_ENGLISH::paired_english::m57_191105_141906,PAIRED_ENGLISH,paired,domain_b,2.5784288860042777,3.846201412881252,-3.7504974606710473
hybrid_vs_paired_all,PAIRED_KAMPFF::paired_kampff::2015_09_03_Pair_9_0A::IronClust::20,PAIRED_KAMPFF::paired_kampff::2015_09_03_Pair_9_0A,PAIRED_KAMPFF,paired,domain_b,15.909881160080092,-1.7611797438723125,0.7366370970604137
hybrid_vs_paired_all,PAIRED_MEA64C_YGER::paired_mea64c::20170621_patch1::HerdingSpikes2::169,PAIRED_MEA64C_YGER::paired_mea64c::20170621_patch1,PAIRED_MEA64C_YGER,paired,domain_b,-0.1200025713212733,3.1514036884982293,-6.155026950882822
hybrid_vs_paired_all,PAIRED_KAMPFF::paired_kampff::2014_11_25_Pair_3_0::MountainSort4::46,PAIRED_KAMPFF::paired_kampff::2014_11_25_Pair_3_0,PAIRED_KAMPFF,paired,domain_b,16.7182446157078,-2.4689288367784217,2.321412975562586
hybrid_vs_paired_all,PAIRED_MEA64C_YGER::paired_mea64c::20170621_patch1::IronClust::44,PAIRED_MEA64C_YGER::paired_mea64c::20170621_patch1,PAIRED_MEA64C_YGER,paired,domain_b,-0.42292389647462153,1.375964766338533,-4.5015473971003095
hybrid_vs_paired_all,PAIRED_BOYDEN::paired_boyden32c::419_1_8::MountainSort4::4,PAIRED_BOYDEN::paired_boyden32c::419_1_8,PAIRED_BOYDEN,paired,domain_b,7.2328273683699535,-1.6628267225278248,0.501472821386435
hybrid_vs_paired_all,PAIRED_KAMPFF::paired_kampff::c14::HerdingSpikes2::78,PAIRED_KAMPFF::paired_kampff::c14,PAIRED_KAMPFF,paired,domain_b,-0.3196363854381438,1.3152692973725941,0.34250379891793603
hybrid_vs_paired_all,PAIRED_ENGLISH::paired_english::m57_191105_153915::MountainSort4::18,PAIRED_ENGLISH::paired_english::m57_191105_153915,PAIRED_ENGLISH,paired,domain_b,-13.743170601131332,14.244819837376454,1.2239191393663578
hybrid_vs_paired_all,PAIRED_MEA64C_YGER::paired_mea64c::20170622_patch2::SpykingCircus::8,PAIRED_MEA64C_YGER::paired_mea64c::20170622_patch2,PAIRED_MEA64C_YGER,paired,domain_b,-0.8299500304840072,1.5131692767592497,-4.644735479485339
hybrid_vs_paired_all,PAIRED_MEA64C_YGER::paired_mea64c::20170622_patch1::MountainSort4::73,PAIRED_MEA64C_YGER::paired_mea64c::20170622_patch1,PAIRED_MEA64C_YGER,paired,domain_b,-0.9354359546957322,-0.20998677877608335,-4.612706038193243
hybrid_vs_paired_all,PAIRED_ENGLISH::paired_english::m139_200114_191955::KiloSort::246,PAIRED_ENGLISH::paired_english::m139_200114_191955,PAIRED_ENGLISH,paired,domain_b,-2.5429530585770315,4.1837930200532,0.21069761785314428
hybrid_vs_paired_all,PAIRED_BOYDEN::paired_boyden32c::1103_1_1::KiloSort2::48,PAIRED_BOYDEN::paired_boyden32c::1103_1_1,PAIRED_BOYDEN,paired,domain_b,8.878278407313847,1.3270999974513988,-2.229517310921479
hybrid_vs_paired_all,PAIRED_MEA64C_YGER::paired_mea64c::20170622_patch2::JRClust::88,PAIRED_MEA64C_YGER::paired_mea64c::20170622_patch2,PAIRED_MEA64C_YGER,paired,domain_b,-0.6511087220947946,0.47696029603200035,-4.958783612590073
hybrid_vs_paired_all,PAIRED_KAMPFF::paired_kampff::c14::KiloSort2::14,PAIRED_KAMPFF::paired_kampff::c14,PAIRED_KAMPFF,paired,domain_b,-2.2619541622324015,0.5635449592101082,-0.7195501047460333
hybrid_vs_paired_all,PAIRED_KAMPFF::paired_kampff::c14::KiloSort2::66,PAIRED_KAMPFF::paired_kampff::c14,PAIRED_KAMPFF,paired,domain_b,-2.3555170797854315,0.9735899944952404,-4.379090613277735
hybrid_vs_paired_all,PAIRED_MEA64C_YGER::paired_mea64c::20170622_patch1::MountainSort4::49,PAIRED_MEA64C_YGER::paired_mea64c::20170622_patch1,PAIRED_MEA64C_YGER,paired,domain_b,-2.116884017370925,0.2899177469346367,-3.3913518464434165
hybrid_vs_paired_all,PAIRED_MEA64C_YGER::paired_mea64c::20170622_patch2::MountainSort4::13,PAIRED_MEA64C_YGER::paired_mea64c::20170622_patch2,PAIRED_MEA64C_YGER,paired,domain_b,-1.9164592294282017,-0.29772446739359826,-3.6734852748739306
hybrid_vs_paired_all,PAIRED_MEA64C_YGER::paired_mea64c::20160415_patch2::JRClust::15,PAIRED_MEA64C_YGER::paired_mea64c::20160415_patch2,PAIRED_MEA64C_YGER,paired,domain_b,-0.6193888955999228,1.1992819273338033,-4.128305095480135
hybrid_vs_paired_all,PAIRED_ENGLISH::paired_english::m14_190326_155432::SpykingCircus::22,PAIRED_ENGLISH::paired_english::m14_190326_155432,PAIRED_ENGLISH,paired,domain_b,16.612325515915455,-0.6612280057501136,1.4695355190509476
hybrid_vs_paired_all,PAIRED_ENGLISH::paired_english::m57_191105_161455::SpykingCircus::46,PAIRED_ENGLISH::paired_english::m57_191105_161455,PAIRED_ENGLISH,paired,domain_b,-1.9763076098946295,1.2423225356224983,1.6381604535736303
hybrid_vs_paired_all,PAIRED_ENGLISH::paired_english::m57_191105_141906::KiloSort::130,PAIRED_ENGLISH::paired_english::m57_191105_141906,PAIRED_ENGLISH,paired,domain_b,3.0430561094187554,2.3946451378358877,-5.260127308418595
hybrid_vs_paired_all,PAIRED_MEA64C_YGER::paired_mea64c::20170621_patch1::KiloSort2::16,PAIRED_MEA64C_YGER::paired_mea64c::20170621_patch1,PAIRED_MEA64C_YGER,paired,domain_b,-1.1786268007638259,0.7611217369091645,-3.1081397039786416
hybrid_vs_paired_all,PAIRED_ENGLISH::paired_english::m108_191125_171427::HerdingSpikes2::12,PAIRED_ENGLISH::paired_english::m108_191125_171427,PAIRED_ENGLISH,paired,domain_b,0.9775501302559173,2.571574161323485,-3.0421837090030412
hybrid_vs_paired_all,PAIRED_ENGLISH::paired_english::m139_200114_191955::IronClust::45,PAIRED_ENGLISH::paired_english::m139_200114_191955,PAIRED_ENGLISH,paired,domain_b,-3.4903581007132907,2.788972620436589,3.4687803074515218
hybrid_vs_paired_all,PAIRED_ENGLISH::paired_english::m139_200114_191955::MountainSort4::35,PAIRED_ENGLISH::paired_english::m139_200114_191955,PAIRED_ENGLISH,paired,domain_b,-0.12003410331128027,1.1010751628909432,0.41209671041587537
hybrid_vs_paired_all,PAIRED_ENGLISH::paired_english::m15_190315_152315_cell1::KiloSort::45,PAIRED_ENGLISH::paired_english::m15_190315_152315_cell1,PAIRED_ENGLISH,paired,domain_b,-0.7094659250586433,3.180181876662149,-0.8790370941943095
hybrid_vs_paired_all,PAIRED_MEA64C_YGER::paired_mea64c::20170622_patch2::KiloSort2::62,PAIRED_MEA64C_YGER::paired_mea64c::20170622_patch2,PAIRED_MEA64C_YGER,paired,domain_b,0.033932257900020205,2.105581978205995,-5.998657217539986
hybrid_vs_paired_all,PAIRED_BOYDEN::paired_boyden32c::419_1_8::JRClust::19,PAIRED_BOYDEN::paired_boyden32c::419_1_8,PAIRED_BOYDEN,paired,domain_b,6.129990740191117,-0.15812985521206271,-1.1240085370650421
hybrid_vs_paired_all,PAIRED_MEA64C_YGER::paired_mea64c::20160415_patch2::KiloSort::372,PAIRED_MEA64C_YGER::paired_mea64c::20160415_patch2,PAIRED_MEA64C_YGER,paired,domain_b,-1.2419853529481624,0.6043232633696511,-4.2740555056636
hybrid_vs_paired_all,PAIRED_ENGLISH::paired_english::m139_200114_222743::MountainSort4::89,PAIRED_ENGLISH::paired_english::m139_200114_222743,PAIRED_ENGLISH,paired,domain_b,6.522193824084368,-0.16030416194731353,0.9195611002951264
hybrid_vs_paired_all,PAIRED_ENGLISH::paired_english::m57_191105_153915::MountainSort4::49,PAIRED_ENGLISH::paired_english::m57_191105_153915,PAIRED_ENGLISH,paired,domain_b,3.948989039237321,1.8525293952957944,0.7297414821125848
hybrid_vs_paired_all,PAIRED_BOYDEN::paired_boyden32c::419_1_7::SpykingCircus::34,PAIRED_BOYDEN::paired_boyden32c::419_1_7,PAIRED_BOYDEN,paired,domain_b,2.4911093733722596,3.1460176416974828,-1.7079952668761826
hybrid_vs_paired_all,PAIRED_MEA64C_YGER::paired_mea64c::20160415_patch2::JRClust::19,PAIRED_MEA64C_YGER::paired_mea64c::20160415_patch2,PAIRED_MEA64C_YGER,paired,domain_b,-0.5594104267472748,0.801446501246764,-5.084863297359453
hybrid_vs_paired_all,PAIRED_KAMPFF::paired_kampff::c14::Tridesclous::2,PAIRED_KAMPFF::paired_kampff::c14,PAIRED_KAMPFF,paired,domain_b,-3.1906452403495638,-3.1330783226634837,2.6112796829355545
hybrid_vs_paired_all,PAIRED_KAMPFF::paired_kampff::2015_09_03_Pair_9_0A::KiloSort::85,PAIRED_KAMPFF::paired_kampff::2015_09_03_Pair_9_0A,PAIRED_KAMPFF,paired,domain_b,13.79795355334009,-0.43375394219313723,-0.8621363087157954
hybrid_vs_paired_all,PAIRED_ENGLISH::paired_english::m57_191105_141906::IronClust::12,PAIRED_ENGLISH::paired_english::m57_191105_141906,PAIRED_ENGLISH,paired,domain_b,0.6519930132754581,2.648237660364964,-3.0258954285369817
hybrid_vs_paired_all,PAIRED_MEA64C_YGER::paired_mea64c::20170622_patch2::JRClust::78,PAIRED_MEA64C_YGER::paired_mea64c::20170622_patch2,PAIRED_MEA64C_YGER,paired,domain_b,-1.1732109655217975,0.2971705598189118,-3.8489441371933495
hybrid_vs_paired_all,PAIRED_ENGLISH::paired_english::m57_191105_141906::KiloSort::20,PAIRED_ENGLISH::paired_english::m57_191105_141906,PAIRED_ENGLISH,paired,domain_b,0.7035058553919392,3.215230636729947,-3.119985505407673
hybrid_vs_paired_all,PAIRED_MEA64C_YGER::paired_mea64c::20170621_patch1::Tridesclous::24,PAIRED_MEA64C_YGER::paired_mea64c::20170621_patch1,PAIRED_MEA64C_YGER,paired,domain_b,-1.6743857456479743,-0.06413900383343335,-4.0924426248064
hybrid_vs_paired_all,PAIRED_MEA64C_YGER::paired_mea64c::20170621_patch1::HerdingSpikes2::159,PAIRED_MEA64C_YGER::paired_mea64c::20170621_patch1,PAIRED_MEA64C_YGER,paired,domain_b,0.02309316232051705,2.2444260384619223,-5.168651226018058
hybrid_vs_paired_all,PAIRED_ENGLISH::paired_english::m139_200114_222743::Tridesclous::2,PAIRED_ENGLISH::paired_english::m139_200114_222743,PAIRED_ENGLISH,paired,domain_b,-2.9083946006712593,2.2414565217639675,1.0390026136743495
hybrid_vs_paired_all,PAIRED_MEA64C_YGER::paired_mea64c::20170622_patch2::SpykingCircus::40,PAIRED_MEA64C_YGER::paired_mea64c::20170622_patch2,PAIRED_MEA64C_YGER,paired,domain_b,-0.57921347606645,0.8985612795654733,-4.958440633829454
hybrid_vs_paired_all,PAIRED_ENGLISH::paired_english::m57_191105_161455::IronClust::22,PAIRED_ENGLISH::paired_english::m57_191105_161455,PAIRED_ENGLISH,paired,domain_b,0.13823076926423397,0.8775919351545519,-0.985305817106241
hybrid_vs_paired_all,PAIRED_ENGLISH::paired_english::m57_191105_141906::IronClust::2,PAIRED_ENGLISH::paired_english::m57_191105_141906,PAIRED_ENGLISH,paired,domain_b,1.0559588609258435,2.4755101373500374,-3.1157491647140287
hybrid_vs_paired_all,PAIRED_KAMPFF::paired_kampff::2014_11_25_Pair_3_0::KiloSort2::8,PAIRED_KAMPFF::paired_kampff::2014_11_25_Pair_3_0,PAIRED_KAMPFF,paired,domain_b,22.40919068600691,-2.0720932848947453,2.30633479710508
hybrid_vs_paired_all,PAIRED_ENGLISH::paired_english::m26_190524_100859_cell1::KiloSort2::0,PAIRED_ENGLISH::paired_english::m26_190524_100859_cell1,PAIRED_ENGLISH,paired,domain_b,-10.314588673857303,9.946816669911033,-4.387502462934091
hybrid_vs_paired_all,PAIRED_MEA64C_YGER::paired_mea64c::20160415_patch2::SpykingCircus::98,PAIRED_MEA64C_YGER::paired_mea64c::20160415_patch2,PAIRED_MEA64C_YGER,paired,domain_b,0.08693109582484738,2.862637964046828,-5.675668968419117
hybrid_vs_paired_all,PAIRED_ENGLISH::paired_english::m139_200114_205038::IronClust::7,PAIRED_ENGLISH::paired_english::m139_200114_205038,PAIRED_ENGLISH,paired,domain_b,1.3768911696645116,3.647662246559711,-0.9677840566301192
hybrid_vs_paired_all,PAIRED_ENGLISH::paired_english::m15_190315_150831_cell1::KiloSort2::23,PAIRED_ENGLISH::paired_english::m15_190315_150831_cell1,PAIRED_ENGLISH,paired,domain_b,-0.3723857051124125,3.7062720985337236,-5.017763118762037
hybrid_vs_paired_all,PAIRED_ENGLISH::paired_english::m57_191105_161455::KiloSort2::57,PAIRED_ENGLISH::paired_english::m57_191105_161455,PAIRED_ENGLISH,paired,domain_b,0.004612652696753973,3.2412373657696545,-3.309725904239765
hybrid_vs_paired_all,PAIRED_KAMPFF::paired_kampff::c14::MountainSort4::4,PAIRED_KAMPFF::paired_kampff::c14,PAIRED_KAMPFF,paired,domain_b,-1.5399196887794975,-0.848733305411689,-1.3422806682117845
hybrid_vs_paired_all,PAIRED_ENGLISH::paired_english::m139_200114_205038::IronClust::44,PAIRED_ENGLISH::paired_english::m139_200114_205038,PAIRED_ENGLISH,paired,domain_b,2.058279691383019,1.0997469113274436,2.8226733413587293
hybrid_vs_paired_all,PAIRED_ENGLISH::paired_english::m57_191105_141906::SpykingCircus::36,PAIRED_ENGLISH::paired_english::m57_191105_141906,PAIRED_ENGLISH,paired,domain_b,1.4442948039999,2.7292997631985685,-1.520579453302035
hybrid_vs_paired_all,PAIRED_BOYDEN::paired_boyden32c::419_1_7::MountainSort4::7,PAIRED_BOYDEN::paired_boyden32c::419_1_7,PAIRED_BOYDEN,paired,domain_b,4.969758628650071,-0.22354383975600198,0.13114095497936196
hybrid_vs_paired_all,PAIRED_MEA64C_YGER::paired_mea64c::20160415_patch2::JRClust::48,PAIRED_MEA64C_YGER::paired_mea64c::20160415_patch2,PAIRED_MEA64C_YGER,paired,domain_b,-0.44863983967907756,1.1085945718876886,-5.827769748055862
hybrid_vs_paired_all,PAIRED_KAMPFF::paired_kampff::c14::KiloSort2::28,PAIRED_KAMPFF::paired_kampff::c14,PAIRED_KAMPFF,paired,domain_b,-2.9623814744663908,-1.1412920785062146,-1.8999927066543685
hybrid_vs_paired_all,PAIRED_MEA64C_YGER::paired_mea64c::20170621_patch1::HerdingSpikes2::160,PAIRED_MEA64C_YGER::paired_mea64c::20170621_patch1,PAIRED_MEA64C_YGER,paired,domain_b,-0.4302695620801493,0.6256926534857051,-4.963198383808709
hybrid_vs_paired_all,PAIRED_MEA64C_YGER::paired_mea64c::20160415_patch2::JRClust::11,PAIRED_MEA64C_YGER::paired_mea64c::20160415_patch2,PAIRED_MEA64C_YGER,paired,domain_b,-0.6000020759426234,1.1498544516926674,-4.987646756590258
hybrid_vs_paired_all,PAIRED_MEA64C_YGER::paired_mea64c::20160415_patch2::IronClust::17,PAIRED_MEA64C_YGER::paired_mea64c::20160415_patch2,PAIRED_MEA64C_YGER,paired,domain_b,-0.8753158064685762,1.1872618735253373,-4.221042114495321
hybrid_vs_paired_all,PAIRED_ENGLISH::paired_english::m139_200114_191955::MountainSort4::79,PAIRED_ENGLISH::paired_english::m139_200114_191955,PAIRED_ENGLISH,paired,domain_b,5.803077184170091,-0.4681387077195626,0.6133724165267914
hybrid_vs_paired_all,PAIRED_MEA64C_YGER::paired_mea64c::20170622_patch2::HerdingSpikes2::133,PAIRED_MEA64C_YGER::paired_mea64c::20170622_patch2,PAIRED_MEA64C_YGER,paired,domain_b,-1.2340030159692652,0.45239150656429894,-3.558938176414981
hybrid_vs_paired_all,PAIRED_BOYDEN::paired_boyden32c::419_1_7::KiloSort2::23,PAIRED_BOYDEN::paired_boyden32c::419_1_7,PAIRED_BOYDEN,paired,domain_b,7.265099266652366,2.0676518105952444,-3.9750249950641656
hybrid_vs_paired_all,PAIRED_KAMPFF::paired_kampff::c14::KiloSort::8,PAIRED_KAMPFF::paired_kampff::c14,PAIRED_KAMPFF,paired,domain_b,-2.3016992544026262,-0.07583502623879472,-4.02071571272987
hybrid_vs_paired_all,PAIRED_MEA64C_YGER::paired_mea64c::20160415_patch2::HerdingSpikes2::98,PAIRED_MEA64C_YGER::paired_mea64c::20160415_patch2,PAIRED_MEA64C_YGER,paired,domain_b,-0.8442068728731275,1.8379234123532675,-5.1868058259315255
hybrid_vs_paired_all,PAIRED_ENGLISH::paired_english::m113_191125_204935::IronClust::4,PAIRED_ENGLISH::paired_english::m113_191125_204935,PAIRED_ENGLISH,paired,domain_b,2.00885656422766,2.653406345021505,-2.581050568197002
hybrid_vs_paired_all,PAIRED_ENGLISH::paired_english::m15_190315_142052_cell1::KiloSort::45,PAIRED_ENGLISH::paired_english::m15_190315_142052_cell1,PAIRED_ENGLISH,paired,domain_b,5.952428938943346,6.616822023059143,2.7521599315880785
hybrid_vs_paired_all,PAIRED_BOYDEN::paired_boyden32c::419_1_7::JRClust::7,PAIRED_BOYDEN::paired_boyden32c::419_1_7,PAIRED_BOYDEN,paired,domain_b,4.165333445398479,0.32003941843007677,-2.2879074629796503
hybrid_vs_paired_all,PAIRED_MEA64C_YGER::paired_mea64c::20170622_patch2::HerdingSpikes2::143,PAIRED_MEA64C_YGER::paired_mea64c::20170622_patch2,PAIRED_MEA64C_YGER,paired,domain_b,-0.36068788811373736,1.6330463106419641,-5.591207930838437
hybrid_vs_paired_all,PAIRED_MEA64C_YGER::paired_mea64c::20160415_patch2::KiloSort::112,PAIRED_MEA64C_YGER::paired_mea64c::20160415_patch2,PAIRED_MEA64C_YGER,paired,domain_b,-0.9499636863477591,1.3198306900986712,-3.3398645218479004
hybrid_vs_paired_all,PAIRED_MEA64C_YGER::paired_mea64c::20160415_patch2::SpykingCircus::7,PAIRED_MEA64C_YGER::paired_mea64c::20160415_patch2,PAIRED_MEA64C_YGER,paired,domain_b,-0.962810205942736,1.9422355188273408,-4.9035262727566735
hybrid_vs_paired_all,PAIRED_KAMPFF::paired_kampff::2015_09_03_Pair_9_0A::SpykingCircus::1,PAIRED_KAMPFF::paired_kampff::2015_09_03_Pair_9_0A,PAIRED_KAMPFF,paired,domain_b,13.805024538324508,-0.29406998157932196,-1.0489699771309458
hybrid_vs_paired_all,PAIRED_MEA64C_YGER::paired_mea64c::20170621_patch1::KiloSort2::25,PAIRED_MEA64C_YGER::paired_mea64c::20170621_patch1,PAIRED_MEA64C_YGER,paired,domain_b,-0.425542145094484,0.9777945371842369,-5.516274346589854
hybrid_vs_paired_all,PAIRED_MEA64C_YGER::paired_mea64c::20170621_patch1::MountainSort4::111,PAIRED_MEA64C_YGER::paired_mea64c::20170621_patch1,PAIRED_MEA64C_YGER,paired,domain_b,-0.5887775626791083,0.1705153789404977,-4.8536285324182185
hybrid_vs_paired_all,PAIRED_MEA64C_YGER::paired_mea64c::20170622_patch1::Klusta::19,PAIRED_MEA64C_YGER::paired_mea64c::20170622_patch1,PAIRED_MEA64C_YGER,paired,domain_b,-1.039251215776348,1.8735096166905363,-3.1376323395526278
hybrid_vs_paired_all,PAIRED_KAMPFF::paired_kampff::2014_11_25_Pair_3_0::KiloSort::53,PAIRED_KAMPFF::paired_kampff::2014_11_25_Pair_3_0,PAIRED_KAMPFF,paired,domain_b,8.463655926853457,7.036837722314508,0.39489074656839
hybrid_vs_paired_all,PAIRED_MEA64C_YGER::paired_mea64c::20170622_patch2::HerdingSpikes2::107,PAIRED_MEA64C_YGER::paired_mea64c::20170622_patch2,PAIRED_MEA64C_YGER,paired,domain_b,-1.287497896140993,0.5661539340585121,-3.600647899958405
hybrid_vs_paired_all,PAIRED_ENGLISH::paired_english::m15_190315_150831_cell1::MountainSort4::8,PAIRED_ENGLISH::paired_english::m15_190315_150831_cell1,PAIRED_ENGLISH,paired,domain_b,-5.951133605069459,3.675638157665917,3.886450118605019
hybrid_vs_paired_all,PAIRED_KAMPFF::paired_kampff::2014_11_25_Pair_3_0::SpykingCircus::5,PAIRED_KAMPFF::paired_kampff::2014_11_25_Pair_3_0,PAIRED_KAMPFF,paired,domain_b,16.349667746029326,1.210425095942252,3.0488098421867416
hybrid_vs_paired_all,PAIRED_KAMPFF::paired_kampff::2014_11_25_Pair_3_0::IronClust::10,PAIRED_KAMPFF::paired_kampff::2014_11_25_Pair_3_0,PAIRED_KAMPFF,paired,domain_b,19.024146751936115,-0.3483723110905647,1.079108770782918
hybrid_vs_paired_all,PAIRED_KAMPFF::paired_kampff::2015_09_03_Pair_9_0B::KiloSort::145,PAIRED_KAMPFF::paired_kampff::2015_09_03_Pair_9_0B,PAIRED_KAMPFF,paired,domain_b,18.051269880410658,-2.445549850627404,1.4861877711761158
hybrid_vs_paired_all,PAIRED_ENGLISH::paired_english::m139_200114_222743::KiloSort2::60,PAIRED_ENGLISH::paired_english::m139_200114_222743,PAIRED_ENGLISH,paired,domain_b,1.2531671342577937,3.8094233642829898,-1.1846375907623712
hybrid_vs_paired_all,PAIRED_MEA64C_YGER::paired_mea64c::20170621_patch1::SpykingCircus::62,PAIRED_MEA64C_YGER::paired_mea64c::20170621_patch1,PAIRED_MEA64C_YGER,paired,domain_b,-0.6736564163837445,0.8016403294043998,-4.783709542659023
hybrid_vs_paired_all,PAIRED_ENGLISH::paired_english::m139_200114_205038::HerdingSpikes2::10,PAIRED_ENGLISH::paired_english::m139_200114_205038,PAIRED_ENGLISH,paired,domain_b,1.6284680432060854,2.4016417795759826,-2.430213287676428
hybrid_vs_paired_all,PAIRED_ENGLISH::paired_english::m139_200114_191955::MountainSort4::57,PAIRED_ENGLISH::paired_english::m139_200114_191955,PAIRED_ENGLISH,paired,domain_b,0.06404641082420186,0.9468558693722817,1.161705630344026
hybrid_vs_paired_all,PAIRED_MEA64C_YGER::paired_mea64c::20160415_patch2::SpykingCircus::12,PAIRED_MEA64C_YGER::paired_mea64c::20160415_patch2,PAIRED_MEA64C_YGER,paired,domain_b,-0.2896202575023536,1.4572460668151086,-5.935675117743973
hybrid_vs_paired_all,PAIRED_MEA64C_YGER::paired_mea64c::20160415_patch2::HerdingSpikes2::243,PAIRED_MEA64C_YGER::paired_mea64c::20160415_patch2,PAIRED_MEA64C_YGER,paired,domain_b,-0.2664971858608709,2.1920441188905824,-5.3860726024332415
hybrid_vs_paired_all,PAIRED_KAMPFF::paired_kampff::c14::KiloSort2::72,PAIRED_KAMPFF::paired_kampff::c14,PAIRED_KAMPFF,paired,domain_b,-2.2058494828673574,-0.9423861259647247,-1.9953631686374498
hybrid_vs_paired_all,PAIRED_ENGLISH::paired_english::m57_191105_161455::SpykingCircus::19,PAIRED_ENGLISH::paired_english::m57_191105_161455,PAIRED_ENGLISH,paired,domain_b,2.2471929786505966,2.050669181875402,-1.924051229483142
hybrid_vs_paired_all,PAIRED_BOYDEN::paired_boyden32c::419_1_7::MountainSort4::6,PAIRED_BOYDEN::paired_boyden32c::419_1_7,PAIRED_BOYDEN,paired,domain_b,5.906529859293902,-0.6399698161742773,0.10091510124208819
hybrid_vs_paired_all,PAIRED_KAMPFF::paired_kampff::c14::MountainSort4::36,PAIRED_KAMPFF::paired_kampff::c14,PAIRED_KAMPFF,paired,domain_b,-2.747153828349091,0.050997726533737395,-0.7415368246357182
hybrid_vs_paired_all,PAIRED_KAMPFF::paired_kampff::2015_09_03_Pair_9_0A::KiloSort2::65,PAIRED_KAMPFF::paired_kampff::2015_09_03_Pair_9_0A,PAIRED_KAMPFF,paired,domain_b,14.197774339974723,-0.07872239788477445,1.0534907179926352
hybrid_vs_paired_all,PAIRED_ENGLISH::paired_english::m139_200114_191955::IronClust::9,PAIRED_ENGLISH::paired_english::m139_200114_191955,PAIRED_ENGLISH,paired,domain_b,-0.44643096931222076,1.6585857275680893,-0.1115207885961548
hybrid_vs_paired_all,PAIRED_MEA64C_YGER::paired_mea64c::20170621_patch1::HerdingSpikes2::58,PAIRED_MEA64C_YGER::paired_mea64c::20170621_patch1,PAIRED_MEA64C_YGER,paired,domain_b,-0.2257034871467558,1.4232028306346016,-6.001469727281957
hybrid_vs_paired_all,PAIRED_BOYDEN::paired_boyden32c::419_1_7::JRClust::23,PAIRED_BOYDEN::paired_boyden32c::419_1_7,PAIRED_BOYDEN,paired,domain_b,6.855151450857085,-0.6385244281326747,-1.2273955740345959
hybrid_vs_paired_all,PAIRED_MEA64C_YGER::paired_mea64c::20170622_patch2::KiloSort::84,PAIRED_MEA64C_YGER::paired_mea64c::20170622_patch2,PAIRED_MEA64C_YGER,paired,domain_b,-1.2497601707763182,0.21838854700396135,-3.872095235685796
hybrid_vs_paired_all,PAIRED_ENGLISH::paired_english::m15_190315_142052_cell1::MountainSort4::9,PAIRED_ENGLISH::paired_english::m15_190315_142052_cell1,PAIRED_ENGLISH,paired,domain_b,6.823281695438636,16.84487967000735,6.228742492288254
hybrid_vs_paired_all,PAIRED_ENGLISH::paired_english::m139_200114_205038::KiloSort2::51,PAIRED_ENGLISH::paired_english::m139_200114_205038,PAIRED_ENGLISH,paired,domain_b,-2.7425105888850463,4.305140069680197,-1.969936166910834
hybrid_vs_paired_all,PAIRED_BOYDEN::paired_boyden32c::1103_1_1::IronClust::3,PAIRED_BOYDEN::paired_boyden32c::1103_1_1,PAIRED_BOYDEN,paired,domain_b,11.231218252860359,-2.391990832863014,2.3245547589551165
hybrid_vs_paired_all,PAIRED_ENGLISH::paired_english::m14_190326_155432::MountainSort4::15,PAIRED_ENGLISH::paired_english::m14_190326_155432,PAIRED_ENGLISH,paired,domain_b,2.364594710193574,1.4341754255082666,-1.078176788595095
hybrid_vs_paired_all,PAIRED_ENGLISH::paired_english::m139_200114_205038::KiloSort2::45,PAIRED_ENGLISH::paired_english::m139_200114_205038,PAIRED_ENGLISH,paired,domain_b,-6.127876197062189,4.621780352323219,0.4957606365113166
hybrid_vs_paired_all,PAIRED_MEA64C_YGER::paired_mea64c::20170621_patch1::SpykingCircus::69,PAIRED_MEA64C_YGER::paired_mea64c::20170621_patch1,PAIRED_MEA64C_YGER,paired,domain_b,-0.640918292797865,0.7039780181711449,-4.609502319632089
hybrid_vs_paired_all,PAIRED_MEA64C_YGER::paired_mea64c::20170622_patch1::HerdingSpikes2::7,PAIRED_MEA64C_YGER::paired_mea64c::20170622_patch1,PAIRED_MEA64C_YGER,paired,domain_b,-0.23059751541910423,0.6685175493778356,-5.643802535039696
hybrid_vs_paired_all,PAIRED_ENGLISH::paired_english::m15_190315_150831_cell1::MountainSort4::27,PAIRED_ENGLISH::paired_english::m15_190315_150831_cell1,PAIRED_ENGLISH,paired,domain_b,1.371657006131881,1.7646172184883233,-0.04569847681994231
hybrid_vs_paired_all,PAIRED_BOYDEN::paired_boyden32c::1103_1_1::JRClust::28,PAIRED_BOYDEN::paired_boyden32c::1103_1_1,PAIRED_BOYDEN,paired,domain_b,6.127860250542699,0.08717047826449831,-0.26014935543928497
hybrid_vs_paired_all,PAIRED_KAMPFF::paired_kampff::2015_09_03_Pair_9_0B::KiloSort2::134,PAIRED_KAMPFF::paired_kampff::2015_09_03_Pair_9_0B,PAIRED_KAMPFF,paired,domain_b,20.10364740798342,-2.3468008372344653,1.2261101521081372
hybrid_vs_paired_all,PAIRED_ENGLISH::paired_english::m57_191105_160026::SpykingCircus::19,PAIRED_ENGLISH::paired_english::m57_191105_160026,PAIRED_ENGLISH,paired,domain_b,-0.8504703635358839,4.823206078502093,-1.529666938344449
hybrid_vs_paired_all,PAIRED_ENGLISH::paired_english::m139_200114_191955::KiloSort::199,PAIRED_ENGLISH::paired_english::m139_200114_191955,PAIRED_ENGLISH,paired,domain_b,1.0797639928188276,0.08476054212041062,1.6293906705478245
hybrid_vs_paired_all,PAIRED_KAMPFF::paired_kampff::2015_09_03_Pair_9_0A::KiloSort::241,PAIRED_KAMPFF::paired_kampff::2015_09_03_Pair_9_0A,PAIRED_KAMPFF,paired,domain_b,16.981744381013023,-1.0124477616823515,0.633806046186018
hybrid_vs_paired_all,PAIRED_MEA64C_YGER::paired_mea64c::20170622_patch2::HerdingSpikes2::109,PAIRED_MEA64C_YGER::paired_mea64c::20170622_patch2,PAIRED_MEA64C_YGER,paired,domain_b,-0.8872140782123008,0.7127110545053962,-4.506491482981364
hybrid_vs_paired_all,PAIRED_KAMPFF::paired_kampff::c14::HerdingSpikes2::67,PAIRED_KAMPFF::paired_kampff::c14,PAIRED_KAMPFF,paired,domain_b,-0.8326607066060691,0.7110698819844732,-3.019626396016703
hybrid_vs_paired_all,PAIRED_KAMPFF::paired_kampff::2015_09_03_Pair_9_0A::SpykingCircus::2,PAIRED_KAMPFF::paired_kampff::2015_09_03_Pair_9_0A,PAIRED_KAMPFF,paired,domain_b,-13.40876432434698,18.815680313101264,1.0937240088477198
hybrid_vs_paired_all,PAIRED_MEA64C_YGER::paired_mea64c::20170622_patch2::KiloSort::507,PAIRED_MEA64C_YGER::paired_mea64c::20170622_patch2,PAIRED_MEA64C_YGER,paired,domain_b,-1.2071630358339898,-0.438486714554728,-4.080036466571577
hybrid_vs_paired_all,PAIRED_ENGLISH::paired_english::m139_200114_191955::HerdingSpikes2::4,PAIRED_ENGLISH::paired_english::m139_200114_191955,PAIRED_ENGLISH,paired,domain_b,1.7411362008555498,-0.10125193545536158,0.5669558304222261
hybrid_vs_paired_all,PAIRED_KAMPFF::paired_kampff::2015_09_03_Pair_9_0B::KiloSort2::52,PAIRED_KAMPFF::paired_kampff::2015_09_03_Pair_9_0B,PAIRED_KAMPFF,paired,domain_b,15.063516527719443,1.7986957754126776,-0.7946483264157147
hybrid_vs_paired_all,PAIRED_ENGLISH::paired_english::m57_191105_141906::MountainSort4::32,PAIRED_ENGLISH::paired_english::m57_191105_141906,PAIRED_ENGLISH,paired,domain_b,-3.4462141462722813,4.994381329856642,2.3184890214546097
hybrid_vs_paired_all,PAIRED_MEA64C_YGER::paired_mea64c::20160415_patch2::HerdingSpikes2::67,PAIRED_MEA64C_YGER::paired_mea64c::20160415_patch2,PAIRED_MEA64C_YGER,paired,domain_b,-0.784855819896505,1.151833040373336,-4.581465926089141
hybrid_vs_paired_all,PAIRED_KAMPFF::paired_kampff::2015_09_03_Pair_9_0B::JRClust::86,PAIRED_KAMPFF::paired_kampff::2015_09_03_Pair_9_0B,PAIRED_KAMPFF,paired,domain_b,18.47985433554525,-2.7272052027705316,1.7835604219690433
hybrid_vs_paired_all,PAIRED_KAMPFF::paired_kampff::2014_11_25_Pair_3_0::SpykingCircus::27,PAIRED_KAMPFF::paired_kampff::2014_11_25_Pair_3_0,PAIRED_KAMPFF,paired,domain_b,8.777644696275344,6.672750170732736,0.2705936606103982
hybrid_vs_paired_all,PAIRED_KAMPFF::paired_kampff::2015_09_03_Pair_9_0A::SpykingCircus::43,PAIRED_KAMPFF::paired_kampff::2015_09_03_Pair_9_0A,PAIRED_KAMPFF,paired,domain_b,14.401076963401767,-0.15809967747468842,0.6769430816205699
hybrid_vs_paired_all,PAIRED_MEA64C_YGER::paired_mea64c::20170621_patch1::HerdingSpikes2::174,PAIRED_MEA64C_YGER::paired_mea64c::20170621_patch1,PAIRED_MEA64C_YGER,paired,domain_b,0.21312327767259984,2.3294790641568897,-6.204470910222817
hybrid_vs_paired_all,PAIRED_MEA64C_YGER::paired_mea64c::20170622_patch2::JRClust::47,PAIRED_MEA64C_YGER::paired_mea64c::20170622_patch2,PAIRED_MEA64C_YGER,paired,domain_b,-1.0603980075227637,0.5991148847673696,-5.453864693543005
hybrid_vs_paired_all,PAIRED_MEA64C_YGER::paired_mea64c::20160415_patch2::HerdingSpikes2::76,PAIRED_MEA64C_YGER::paired_mea64c::20160415_patch2,PAIRED_MEA64C_YGER,paired,domain_b,-0.6741106109947037,1.0976234723414446,-5.256504687235481
hybrid_vs_paired_all,PAIRED_BOYDEN::paired_boyden32c::419_1_7::KiloSort::85,PAIRED_BOYDEN::paired_boyden32c::419_1_7,PAIRED_BOYDEN,paired,domain_b,4.243560871431058,3.3193127252716854,-3.438249802264487
hybrid_vs_paired_all,PAIRED_MEA64C_YGER::paired_mea64c::20160415_patch2::KiloSort::14,PAIRED_MEA64C_YGER::paired_mea64c::20160415_patch2,PAIRED_MEA64C_YGER,paired,domain_b,-0.888781115488584,1.3268860772835671,-4.515187663059414
hybrid_vs_paired_all,PAIRED_KAMPFF::paired_kampff::2014_11_25_Pair_3_0::KiloSort2::50,PAIRED_KAMPFF::paired_kampff::2014_11_25_Pair_3_0,PAIRED_KAMPFF,paired,domain_b,19.545657059642707,-2.423304388127752,1.2960926812477582
hybrid_vs_paired_all,PAIRED_ENGLISH::paired_english::m15_190315_150831_cell1::MountainSort4::26,PAIRED_ENGLISH::paired_english::m15_190315_150831_cell1,PAIRED_ENGLISH,paired,domain_b,2.8423735738258276,1.0263128084861082,-0.03533219991462258
hybrid_vs_paired_all,PAIRED_MEA64C_YGER::paired_mea64c::20160415_patch2::HerdingSpikes2::25,PAIRED_MEA64C_YGER::paired_mea64c::20160415_patch2,PAIRED_MEA64C_YGER,paired,domain_b,-1.0169418918691508,0.6853097237840469,-4.447693283736392
hybrid_vs_paired_all,PAIRED_CRCNS_HC1::paired_crcns::d11221_d11221.002::KiloSort2::3,PAIRED_CRCNS_HC1::paired_crcns::d11221_d11221.002,PAIRED_CRCNS_HC1,paired,domain_b,8.60471576123448,-0.12613541771900708,-2.8900348427485767
hybrid_vs_paired_all,PAIRED_MEA64C_YGER::paired_mea64c::20170621_patch1::HerdingSpikes2::53,PAIRED_MEA64C_YGER::paired_mea64c::20170621_patch1,PAIRED_MEA64C_YGER,paired,domain_b,-0.6166588311537569,0.9465355836789628,-4.857331685555399
hybrid_vs_paired_all,PAIRED_ENGLISH::paired_english::m15_190315_142052_cell1::IronClust::8,PAIRED_ENGLISH::paired_english::m15_190315_142052_cell1,PAIRED_ENGLISH,paired,domain_b,-6.149987210203787,12.571979721153376,2.2667256905258406
hybrid_vs_paired_all,PAIRED_MEA64C_YGER::paired_mea64c::20170622_patch1::Tridesclous::1,PAIRED_MEA64C_YGER::paired_mea64c::20170622_patch1,PAIRED_MEA64C_YGER,paired,domain_b,-1.582725317618137,1.1197306680323897,-4.917909046916745
hybrid_vs_paired_all,PAIRED_ENGLISH::paired_english::m57_191105_161455::MountainSort4::8,PAIRED_ENGLISH::paired_english::m57_191105_161455,PAIRED_ENGLISH,paired,domain_b,5.036439967236647,0.5185781089004002,0.1342419649744555
hybrid_vs_paired_all,PAIRED_ENGLISH::paired_english::m15_190315_142052_cell1::IronClust::46,PAIRED_ENGLISH::paired_english::m15_190315_142052_cell1,PAIRED_ENGLISH,paired,domain_b,-11.398195710407453,14.460670860227628,-1.4500177091269566
hybrid_vs_paired_all,PAIRED_ENGLISH::paired_english::m139_200114_191955::HerdingSpikes2::13,PAIRED_ENGLISH::paired_english::m139_200114_191955,PAIRED_ENGLISH,paired,domain_b,-1.808583800975402,2.3247455959726695,-1.3560887103677046
hybrid_vs_paired_all,PAIRED_BOYDEN::paired_boyden32c::419_1_7::MountainSort4::62,PAIRED_BOYDEN::paired_boyden32c::419_1_7,PAIRED_BOYDEN,paired,domain_b,4.057728505332314,0.027488284330628807,-0.404347453291572
hybrid_vs_paired_all,PAIRED_KAMPFF::paired_kampff::c14::HerdingSpikes2::17,PAIRED_KAMPFF::paired_kampff::c14,PAIRED_KAMPFF,paired,domain_b,-2.3983141881954224,-0.8844699174908246,-1.563698056235667
hybrid_vs_paired_all,PAIRED_ENGLISH::paired_english::m15_190315_142052_cell1::MountainSort4::70,PAIRED_ENGLISH::paired_english::m15_190315_142052_cell1,PAIRED_ENGLISH,paired,domain_b,-3.8367100127550815,15.561454412029784,2.0974962033693965
hybrid_vs_paired_all,PAIRED_ENGLISH::paired_english::m14_190326_155432::KiloSort::100,PAIRED_ENGLISH::paired_english::m14_190326_155432,PAIRED_ENGLISH,paired,domain_b,0.3987006487705278,1.7210048168930367,-1.321461935464571
hybrid_vs_paired_all,PAIRED_MEA64C_YGER::paired_mea64c::20160415_patch2::HerdingSpikes2::45,PAIRED_MEA64C_YGER::paired_mea64c::20160415_patch2,PAIRED_MEA64C_YGER,paired,domain_b,-0.5485078511296813,0.9046266280436106,-5.717756845007265
hybrid_vs_paired_all,PAIRED_MEA64C_YGER::paired_mea64c::20170622_patch2::JRClust::82,PAIRED_MEA64C_YGER::paired_mea64c::20170622_patch2,PAIRED_MEA64C_YGER,paired,domain_b,-1.0077041084626772,-0.03690754440830652,-4.350267540639376
hybrid_vs_paired_all,PAIRED_MEA64C_YGER::paired_mea64c::20170621_patch1::HerdingSpikes2::211,PAIRED_MEA64C_YGER::paired_mea64c::20170621_patch1,PAIRED_MEA64C_YGER,paired,domain_b,0.22972049004351155,2.0693208409711477,-5.727118361452435
hybrid_vs_paired_all,PAIRED_ENGLISH::paired_english::m57_191105_161455::HerdingSpikes2::3,PAIRED_ENGLISH::paired_english::m57_191105_161455,PAIRED_ENGLISH,paired,domain_b,0.26032194415457405,2.410034884207068,-2.5613626713205724
hybrid_vs_paired_all,PAIRED_ENGLISH::paired_english::m113_191125_204935::MountainSort4::37,PAIRED_ENGLISH::paired_english::m113_191125_204935,PAIRED_ENGLISH,paired,domain_b,4.679653554156448,0.01845502179384387,0.6675255876611295
hybrid_vs_paired_all,PAIRED_ENGLISH::paired_english::m15_190315_152315_cell1::IronClust::37,PAIRED_ENGLISH::paired_english::m15_190315_152315_cell1,PAIRED_ENGLISH,paired,domain_b,9.145385699847477,2.1459871511350497,0.918655599294501
hybrid_vs_paired_all,PAIRED_ENGLISH::paired_english::m139_200114_205038::MountainSort4::80,PAIRED_ENGLISH::paired_english::m139_200114_205038,PAIRED_ENGLISH,paired,domain_b,-0.07655378043731655,0.418896187059958,0.3712766459841434
hybrid_vs_paired_all,PAIRED_BOYDEN::paired_boyden32c::419_1_8::MountainSort4::43,PAIRED_BOYDEN::paired_boyden32c::419_1_8,PAIRED_BOYDEN,paired,domain_b,7.713680088608096,1.7242375851683138,-1.8156230763843724
hybrid_vs_paired_all,PAIRED_ENGLISH::paired_english::m57_191105_161455::SpykingCircus::22,PAIRED_ENGLISH::paired_english::m57_191105_161455,PAIRED_ENGLISH,paired,domain_b,1.9050694275883306,0.0690012242995412,1.1310231058562268
hybrid_vs_paired_all,PAIRED_MEA64C_YGER::paired_mea64c::20160415_patch2::HerdingSpikes2::338,PAIRED_MEA64C_YGER::paired_mea64c::20160415_patch2,PAIRED_MEA64C_YGER,paired,domain_b,-0.878350976523925,1.311188249977184,-4.329623967475056
hybrid_vs_paired_all,PAIRED_ENGLISH::paired_english::m139_200114_191955::MountainSort4::39,PAIRED_ENGLISH::paired_english::m139_200114_191955,PAIRED_ENGLISH,paired,domain_b,-0.6756231504278403,3.807366434615959,0.9398472151579863
hybrid_vs_paired_all,PAIRED_KAMPFF::paired_kampff::2015_09_03_Pair_9_0B::KiloSort::47,PAIRED_KAMPFF::paired_kampff::2015_09_03_Pair_9_0B,PAIRED_KAMPFF,paired,domain_b,17.994959160660944,-2.4414057768995994,1.3455291956118733
hybrid_vs_paired_all,PAIRED_KAMPFF::paired_kampff::c14::SpykingCircus::0,PAIRED_KAMPFF::paired_kampff::c14,PAIRED_KAMPFF,paired,domain_b,-2.870682097003276,0.433994296140068,-2.651094868338512
hybrid_vs_paired_all,PAIRED_MEA64C_YGER::paired_mea64c::20170621_patch1::HerdingSpikes2::109,PAIRED_MEA64C_YGER::paired_mea64c::20170621_patch1,PAIRED_MEA64C_YGER,paired,domain_b,-0.15004719451252713,0.9991095335499585,-6.330098653790446
hybrid_vs_paired_all,PAIRED_MEA64C_YGER::paired_mea64c::20170622_patch1::HerdingSpikes2::115,PAIRED_MEA64C_YGER::paired_mea64c::20170622_patch1,PAIRED_MEA64C_YGER,paired,domain_b,-0.07482969396090398,1.662855190855849,-6.302466980344613
hybrid_vs_paired_all,PAIRED_MEA64C_YGER::paired_mea64c::20160415_patch2::MountainSort4::41,PAIRED_MEA64C_YGER::paired_mea64c::20160415_patch2,PAIRED_MEA64C_YGER,paired,domain_b,-2.309561744203192,-0.4656871247899382,-2.274685502522614
hybrid_vs_paired_all,PAIRED_ENGLISH::paired_english::m57_191105_141906::MountainSort4::67,PAIRED_ENGLISH::paired_english::m57_191105_141906,PAIRED_ENGLISH,paired,domain_b,6.876926597917726,-0.15673087396941426,0.0891607917333441
hybrid_vs_paired_all,PAIRED_ENGLISH::paired_english::m57_191105_141906::MountainSort4::72,PAIRED_ENGLISH::paired_english::m57_191105_141906,PAIRED_ENGLISH,paired,domain_b,5.060349242783931,-0.1550949055646054,0.20511884892807947
hybrid_vs_paired_all,PAIRED_MEA64C_YGER::paired_mea64c::20170622_patch2::HerdingSpikes2::83,PAIRED_MEA64C_YGER::paired_mea64c::20170622_patch2,PAIRED_MEA64C_YGER,paired,domain_b,0.6955577422008249,2.4981053217657383,-6.979130245254011
hybrid_vs_paired_all,PAIRED_MEA64C_YGER::paired_mea64c::20170621_patch1::HerdingSpikes2::158,PAIRED_MEA64C_YGER::paired_mea64c::20170621_patch1,PAIRED_MEA64C_YGER,paired,domain_b,0.23878298995150568,1.6028145196451615,-6.251405505150317
hybrid_vs_paired_all,PAIRED_KAMPFF::paired_kampff::2015_09_03_Pair_9_0B::JRClust::80,PAIRED_KAMPFF::paired_kampff::2015_09_03_Pair_9_0B,PAIRED_KAMPFF,paired,domain_b,13.674868187253242,2.4559841324320084,0.07537372958680763
hybrid_vs_paired_all,PAIRED_ENGLISH::paired_english::m15_190315_142052_cell1::KiloSort2::13,PAIRED_ENGLISH::paired_english::m15_190315_142052_cell1,PAIRED_ENGLISH,paired,domain_b,-3.7696041943898755,16.9972023681213,2.356691861841818
hybrid_vs_paired_all,PAIRED_ENGLISH::paired_english::m14_190326_155432::KiloSort::155,PAIRED_ENGLISH::paired_english::m14_190326_155432,PAIRED_ENGLISH,paired,domain_b,9.111100398710429,-0.6017803976466983,-0.2921932761611701
hybrid_vs_paired_all,PAIRED_MEA64C_YGER::paired_mea64c::20170622_patch1::KiloSort2::55,PAIRED_MEA64C_YGER::paired_mea64c::20170622_patch1,PAIRED_MEA64C_YGER,paired,domain_b,-0.4927126183778048,1.5392484073453758,-7.031166212653979
hybrid_vs_paired_all,PAIRED_KAMPFF::paired_kampff::c14::HerdingSpikes2::76,PAIRED_KAMPFF::paired_kampff::c14,PAIRED_KAMPFF,paired,domain_b,-1.2183012081867475,-0.15877242959862778,-1.8171638349208505
hybrid_vs_paired_all,PAIRED_MEA64C_YGER::paired_mea64c::20170622_patch1::IronClust::6,PAIRED_MEA64C_YGER::paired_mea64c::20170622_patch1,PAIRED_MEA64C_YGER,paired,domain_b,-0.617989728621457,0.018067155037798262,-4.356449757610073
hybrid_vs_paired_all,PAIRED_BOYDEN::paired_boyden32c::419_1_8::MountainSort4::57,PAIRED_BOYDEN::paired_boyden32c::419_1_8,PAIRED_BOYDEN,paired,domain_b,5.462374746727115,0.4612903157433599,-1.143876407645635
hybrid_vs_paired_all,PAIRED_BOYDEN::paired_boyden32c::419_1_7::JRClust::22,PAIRED_BOYDEN::paired_boyden32c::419_1_7,PAIRED_BOYDEN,paired,domain_b,3.7890450203958563,3.042471508253664,-2.793013157094804
hybrid_vs_paired_all,PAIRED_BOYDEN::paired_boyden32c::419_1_8::MountainSort4::23,PAIRED_BOYDEN::paired_boyden32c::419_1_8,PAIRED_BOYDEN,paired,domain_b,3.7198840372293547,3.886491636769184,-1.4236301006291454
hybrid_vs_paired_all,PAIRED_KAMPFF::paired_kampff::2015_09_03_Pair_9_0B::KiloSort2::123,PAIRED_KAMPFF::paired_kampff::2015_09_03_Pair_9_0B,PAIRED_KAMPFF,paired,domain_b,17.28411624838511,-1.208586597231086,0.73159533502285
hybrid_vs_paired_all,PAIRED_ENGLISH::paired_english::m108_191125_171427::SpykingCircus::25,PAIRED_ENGLISH::paired_english::m108_191125_171427,PAIRED_ENGLISH,paired,domain_b,0.764976607140511,1.2299774195087063,-1.725762756134648
hybrid_vs_paired_all,PAIRED_KAMPFF::paired_kampff::c14::MountainSort4::46,PAIRED_KAMPFF::paired_kampff::c14,PAIRED_KAMPFF,paired,domain_b,-2.073408118188568,-0.20547732492860826,-1.737183390213269
hybrid_vs_paired_all,PAIRED_MEA64C_YGER::paired_mea64c::20170622_patch2::KiloSort::144,PAIRED_MEA64C_YGER::paired_mea64c::20170622_patch2,PAIRED_MEA64C_YGER,paired,domain_b,-0.9694020849035992,0.04864451116547602,-3.9912077839140436
hybrid_vs_paired_all,PAIRED_CRCNS_HC1::paired_crcns::d11221_d11221.001::SpykingCircus::1,PAIRED_CRCNS_HC1::paired_crcns::d11221_d11221.001,PAIRED_CRCNS_HC1,paired,domain_b,2.6920214361876607,2.5637665275806882,-3.3151478318347087
hybrid_vs_paired_all,PAIRED_MEA64C_YGER::paired_mea64c::20170622_patch1::KiloSort2::39,PAIRED_MEA64C_YGER::paired_mea64c::20170622_patch1,PAIRED_MEA64C_YGER,paired,domain_b,0.03918273893363393,1.6638547575232026,-6.628276122540395
hybrid_vs_paired_all,PAIRED_MEA64C_YGER::paired_mea64c::20160415_patch2::HerdingSpikes2::330,PAIRED_MEA64C_YGER::paired_mea64c::20160415_patch2,PAIRED_MEA64C_YGER,paired,domain_b,-0.8132338753433741,2.7822623445739287,-3.7069324522517526
hybrid_vs_paired_all,PAIRED_MEA64C_YGER::paired_mea64c::20170621_patch1::HerdingSpikes2::79,PAIRED_MEA64C_YGER::paired_mea64c::20170621_patch1,PAIRED_MEA64C_YGER,paired,domain_b,-0.444678647048533,1.3947714154530388,-5.714725092361652
hybrid_vs_paired_all,PAIRED_MEA64C_YGER::paired_mea64c::20160415_patch2::SpykingCircus::143,PAIRED_MEA64C_YGER::paired_mea64c::20160415_patch2,PAIRED_MEA64C_YGER,paired,domain_b,-0.8787681793364623,0.5244141373169168,-4.3876477390480355
hybrid_vs_paired_all,PAIRED_MEA64C_YGER::paired_mea64c::20170621_patch1::SpykingCircus::10,PAIRED_MEA64C_YGER::paired_mea64c::20170621_patch1,PAIRED_MEA64C_YGER,paired,domain_b,-1.0731831550518705,0.8017372825292756,-4.600494114456138
hybrid_vs_paired_all,PAIRED_BOYDEN::paired_boyden32c::1103_1_1::KiloSort2::1,PAIRED_BOYDEN::paired_boyden32c::1103_1_1,PAIRED_BOYDEN,paired,domain_b,11.785132118751886,-2.4688953034240133,0.19259486445865098
hybrid_vs_paired_all,PAIRED_ENGLISH::paired_english::m139_200114_222743::IronClust::22,PAIRED_ENGLISH::paired_english::m139_200114_222743,PAIRED_ENGLISH,paired,domain_b,-2.3837661123993445,0.9164376072777036,1.9539533028786396
hybrid_vs_paired_all,PAIRED_KAMPFF::paired_kampff::2015_09_03_Pair_9_0A::MountainSort4::74,PAIRED_KAMPFF::paired_kampff::2015_09_03_Pair_9_0A,PAIRED_KAMPFF,paired,domain_b,13.947136414976713,1.2392088897760212,0.32168964402384725
hybrid_vs_paired_all,PAIRED_ENGLISH::paired_english::m57_191105_141906::IronClust::14,PAIRED_ENGLISH::paired_english::m57_191105_141906,PAIRED_ENGLISH,paired,domain_b,2.5043642840586897,2.347769329504025,-2.4904753703293574
hybrid_vs_paired_all,PAIRED_ENGLISH::paired_english::m15_190315_152315_cell1::KiloSort2::34,PAIRED_ENGLISH::paired_english::m15_190315_152315_cell1,PAIRED_ENGLISH,paired,domain_b,-0.01421178283582122,3.529822375287432,-3.704619764287235
hybrid_vs_paired_all,PAIRED_MEA64C_YGER::paired_mea64c::20170621_patch1::SpykingCircus::48,PAIRED_MEA64C_YGER::paired_mea64c::20170621_patch1,PAIRED_MEA64C_YGER,paired,domain_b,-0.45083450482405346,1.2286857834998615,-5.108204882688132
hybrid_vs_paired_all,PAIRED_ENGLISH::paired_english::m57_191105_153915::KiloSort2::14,PAIRED_ENGLISH::paired_english::m57_191105_153915,PAIRED_ENGLISH,paired,domain_b,-13.603210746791838,15.10008731956828,0.43879389889279297
hybrid_vs_paired_all,PAIRED_ENGLISH::paired_english::m57_191105_153915::IronClust::11,PAIRED_ENGLISH::paired_english::m57_191105_153915,PAIRED_ENGLISH,paired,domain_b,-3.463050045091003,5.955176458212819,-3.2153627510407685
hybrid_vs_paired_all,PAIRED_KAMPFF::paired_kampff::c14::KiloSort2::58,PAIRED_KAMPFF::paired_kampff::c14,PAIRED_KAMPFF,paired,domain_b,-0.6964635677768772,0.6638839059910193,-1.822133894183068
hybrid_vs_paired_all,PAIRED_ENGLISH::paired_english::m113_191125_204935::MountainSort4::6,PAIRED_ENGLISH::paired_english::m113_191125_204935,PAIRED_ENGLISH,paired,domain_b,7.822721068048341,-0.8277309722468321,0.5002222934482924
hybrid_vs_paired_all,PAIRED_KAMPFF::paired_kampff::2015_09_03_Pair_9_0A::HerdingSpikes2::43,PAIRED_KAMPFF::paired_kampff::2015_09_03_Pair_9_0A,PAIRED_KAMPFF,paired,domain_b,15.589559332420276,-0.26376153727626794,-0.46656195553272295
hybrid_vs_paired_all,PAIRED_KAMPFF::paired_kampff::c14::IronClust::24,PAIRED_KAMPFF::paired_kampff::c14,PAIRED_KAMPFF,paired,domain_b,-2.1675151217201134,-0.3338852294180281,-2.7933999261499665
hybrid_vs_paired_all,PAIRED_MEA64C_YGER::paired_mea64c::20170622_patch2::JRClust::62,PAIRED_MEA64C_YGER::paired_mea64c::20170622_patch2,PAIRED_MEA64C_YGER,paired,domain_b,-0.26827250390945956,1.176876455639147,-5.305925701786985
hybrid_vs_paired_all,PAIRED_BOYDEN::paired_boyden32c::419_1_8::SpykingCircus::5,PAIRED_BOYDEN::paired_boyden32c::419_1_8,PAIRED_BOYDEN,paired,domain_b,6.015470649126256,-0.6155832213762926,1.0264959651740624
hybrid_vs_paired_all,PAIRED_ENGLISH::paired_english::m139_200114_191955::KiloSort::1,PAIRED_ENGLISH::paired_english::m139_200114_191955,PAIRED_ENGLISH,paired,domain_b,-0.22359974895488288,1.143489605908962,1.3037431670416677
hybrid_vs_paired_all,PAIRED_ENGLISH::paired_english::m57_191105_153915::IronClust::8,PAIRED_ENGLISH::paired_english::m57_191105_153915,PAIRED_ENGLISH,paired,domain_b,-14.625327341579869,18.02399958281111,-0.08865140635801884
hybrid_vs_paired_all,PAIRED_MEA64C_YGER::paired_mea64c::20170621_patch1::SpykingCircus::86,PAIRED_MEA64C_YGER::paired_mea64c::20170621_patch1,PAIRED_MEA64C_YGER,paired,domain_b,-1.3842479312677929,-0.8421760314171076,-3.8603685483956505
hybrid_vs_paired_all,PAIRED_ENGLISH::paired_english::m15_190315_152315_cell1::MountainSort4::34,PAIRED_ENGLISH::paired_english::m15_190315_152315_cell1,PAIRED_ENGLISH,paired,domain_b,0.0886346762376939,2.897166811266795,-1.505241740962758
hybrid_vs_paired_all,PAIRED_MEA64C_YGER::paired_mea64c::20160415_patch2::HerdingSpikes2::20,PAIRED_MEA64C_YGER::paired_mea64c::20160415_patch2,PAIRED_MEA64C_YGER,paired,domain_b,-0.6905661545349897,1.622283700427905,-5.671441110294837
hybrid_vs_paired_all,PAIRED_MEA64C_YGER::paired_mea64c::20170622_patch1::KiloSort2::59,PAIRED_MEA64C_YGER::paired_mea64c::20170622_patch1,PAIRED_MEA64C_YGER,paired,domain_b,-1.5197112796095495,0.7736596798416393,-4.440130718175759
hybrid_vs_paired_all,PAIRED_MEA64C_YGER::paired_mea64c::20160415_patch2::JRClust::105,PAIRED_MEA64C_YGER::paired_mea64c::20160415_patch2,PAIRED_MEA64C_YGER,paired,domain_b,-0.2754457659061535,2.289673336404264,-5.956162747340029
hybrid_vs_paired_all,PAIRED_KAMPFF::paired_kampff::2014_11_25_Pair_3_0::SpykingCircus::29,PAIRED_KAMPFF::paired_kampff::2014_11_25_Pair_3_0,PAIRED_KAMPFF,paired,domain_b,16.87039272521501,0.24507649740061385,0.6048428022146887
hybrid_vs_paired_all,PAIRED_MEA64C_YGER::paired_mea64c::20160415_patch2::KiloSort::359,PAIRED_MEA64C_YGER::paired_mea64c::20160415_patch2,PAIRED_MEA64C_YGER,paired,domain_b,-1.6043254432253629,-0.012279432818759626,-3.6576721915025208
hybrid_vs_paired_all,PAIRED_KAMPFF::paired_kampff::2015_09_03_Pair_9_0A::SpykingCircus::0,PAIRED_KAMPFF::paired_kampff::2015_09_03_Pair_9_0A,PAIRED_KAMPFF,paired,domain_b,15.947520453345936,-2.628315001112687,0.3362297805051521
hybrid_vs_paired_all,PAIRED_MEA64C_YGER::paired_mea64c::20160415_patch2::IronClust::46,PAIRED_MEA64C_YGER::paired_mea64c::20160415_patch2,PAIRED_MEA64C_YGER,paired,domain_b,-1.2448069265739765,0.5353926263057454,-4.418481168019023
hybrid_vs_paired_all,PAIRED_MEA64C_YGER::paired_mea64c::20170622_patch2::MountainSort4::97,PAIRED_MEA64C_YGER::paired_mea64c::20170622_patch2,PAIRED_MEA64C_YGER,paired,domain_b,-1.181521059644249,-0.21806567493495307,-4.377265425957959
hybrid_vs_paired_all,PAIRED_MEA64C_YGER::paired_mea64c::20160415_patch2::HerdingSpikes2::64,PAIRED_MEA64C_YGER::paired_mea64c::20160415_patch2,PAIRED_MEA64C_YGER,paired,domain_b,-0.644832231281143,1.855452937858779,-5.878380488315247
hybrid_vs_paired_all,PAIRED_KAMPFF::paired_kampff::2015_09_03_Pair_9_0A::MountainSort4::54,PAIRED_KAMPFF::paired_kampff::2015_09_03_Pair_9_0A,PAIRED_KAMPFF,paired,domain_b,20.02446990330085,-3.578847151937979,1.8128152499266539
hybrid_vs_paired_all,PAIRED_MEA64C_YGER::paired_mea64c::20160415_patch2::KiloSort::264,PAIRED_MEA64C_YGER::paired_mea64c::20160415_patch2,PAIRED_MEA64C_YGER,paired,domain_b,-0.5268075858797526,1.6888721863091256,-5.040679939374624
hybrid_vs_paired_all,PAIRED_MEA64C_YGER::paired_mea64c::20170622_patch2::JRClust::19,PAIRED_MEA64C_YGER::paired_mea64c::20170622_patch2,PAIRED_MEA64C_YGER,paired,domain_b,-0.46735483356686663,1.3265746986085318,-4.654259247747106
hybrid_vs_paired_all,PAIRED_MEA64C_YGER::paired_mea64c::20170622_patch1::MountainSort4::20,PAIRED_MEA64C_YGER::paired_mea64c::20170622_patch1,PAIRED_MEA64C_YGER,paired,domain_b,-2.684662077491129,-0.6972221157748886,-2.094925590857085
hybrid_vs_paired_all,PAIRED_ENGLISH::paired_english::m113_191125_204935::SpykingCircus::13,PAIRED_ENGLISH::paired_english::m113_191125_204935,PAIRED_ENGLISH,paired,domain_b,2.204506829848302,2.7466593872753178,-2.700055535001025
hybrid_vs_paired_all,PAIRED_MEA64C_YGER::paired_mea64c::20170621_patch1::HerdingSpikes2::56,PAIRED_MEA64C_YGER::paired_mea64c::20170621_patch1,PAIRED_MEA64C_YGER,paired,domain_b,-0.8628097704360785,1.37615096941697,-5.074371496161552
hybrid_vs_paired_all,PAIRED_ENGLISH::paired_english::m57_191105_161455::MountainSort4::63,PAIRED_ENGLISH::paired_english::m57_191105_161455,PAIRED_ENGLISH,paired,domain_b,-0.15975452242196445,1.4343625685275159,-0.9605006013472173
hybrid_vs_paired_all,PAIRED_ENGLISH::paired_english::m139_200114_191955::SpykingCircus::49,PAIRED_ENGLISH::paired_english::m139_200114_191955,PAIRED_ENGLISH,paired,domain_b,1.2912470498494217,2.1675412803598544,-1.064278576134154
hybrid_vs_paired_all,PAIRED_MEA64C_YGER::paired_mea64c::20170621_patch1::SpykingCircus::25,PAIRED_MEA64C_YGER::paired_mea64c::20170621_patch1,PAIRED_MEA64C_YGER,paired,domain_b,-1.6853040875324536,0.9520712859725021,-4.037080779750257
hybrid_vs_paired_all,PAIRED_ENGLISH::paired_english::m14_190326_155432::SpykingCircus::39,PAIRED_ENGLISH::paired_english::m14_190326_155432,PAIRED_ENGLISH,paired,domain_b,22.379405333105577,2.571357075207608,6.686581343163786
hybrid_vs_paired_all,PAIRED_KAMPFF::paired_kampff::c14::MountainSort4::60,PAIRED_KAMPFF::paired_kampff::c14,PAIRED_KAMPFF,paired,domain_b,-2.725010739703767,-1.667652470673413,-1.1835766440247881
hybrid_vs_paired_all,PAIRED_BOYDEN::paired_boyden32c::419_1_8::IronClust::6,PAIRED_BOYDEN::paired_boyden32c::419_1_8,PAIRED_BOYDEN,paired,domain_b,3.2386975248491923,2.5168645533988365,-2.53447588312472
hybrid_vs_paired_all,PAIRED_KAMPFF::paired_kampff::2015_09_03_Pair_9_0A::MountainSort4::3,PAIRED_KAMPFF::paired_kampff::2015_09_03_Pair_9_0A,PAIRED_KAMPFF,paired,domain_b,15.52845702199088,-2.014262941403529,0.4016510399033801
hybrid_vs_paired_all,PAIRED_BOYDEN::paired_boyden32c::1103_1_1::KiloSort2::23,PAIRED_BOYDEN::paired_boyden32c::1103_1_1,PAIRED_BOYDEN,paired,domain_b,14.6837228956397,-2.7804956602881044,0.1698407383908848
hybrid_vs_paired_all,PAIRED_KAMPFF::paired_kampff::c14::HerdingSpikes2::13,PAIRED_KAMPFF::paired_kampff::c14,PAIRED_KAMPFF,paired,domain_b,-2.4211514694990983,-0.29157364238906847,-2.4490469343693633
hybrid_vs_paired_all,PAIRED_KAMPFF::paired_kampff::c14::SpykingCircus::31,PAIRED_KAMPFF::paired_kampff::c14,PAIRED_KAMPFF,paired,domain_b,-1.923197875239134,0.07032092070023768,-2.715312910725576
hybrid_vs_paired_all,PAIRED_ENGLISH::paired_english::m139_200114_191955::KiloSort2::44,PAIRED_ENGLISH::paired_english::m139_200114_191955,PAIRED_ENGLISH,paired,domain_b,1.5042652934788836,0.5755659392594569,1.6957534855463579
hybrid_vs_paired_all,PAIRED_ENGLISH::paired_english::m139_200114_205038::MountainSort4::73,PAIRED_ENGLISH::paired_english::m139_200114_205038,PAIRED_ENGLISH,paired,domain_b,7.187389991099592,-0.5155224248437861,0.6807168805628877
hybrid_vs_paired_all,PAIRED_ENGLISH::paired_english::m15_190315_142052_cell1::KiloSort2::45,PAIRED_ENGLISH::paired_english::m15_190315_142052_cell1,PAIRED_ENGLISH,paired,domain_b,10.0425844479372,52.720115095053735,19.09970200196017
hybrid_vs_paired_all,PAIRED_MEA64C_YGER::paired_mea64c::20170622_patch1::MountainSort4::89,PAIRED_MEA64C_YGER::paired_mea64c::20170622_patch1,PAIRED_MEA64C_YGER,paired,domain_b,-3.2046184313695125,-1.173483300144088,-1.642473863398681
hybrid_vs_paired_all,PAIRED_MEA64C_YGER::paired_mea64c::20160415_patch2::HerdingSpikes2::260,PAIRED_MEA64C_YGER::paired_mea64c::20160415_patch2,PAIRED_MEA64C_YGER,paired,domain_b,-0.5405174421931072,1.420824793813835,-5.389519417323737
hybrid_vs_paired_all,PAIRED_MEA64C_YGER::paired_mea64c::20160415_patch2::IronClust::39,PAIRED_MEA64C_YGER::paired_mea64c::20160415_patch2,PAIRED_MEA64C_YGER,paired,domain_b,-1.0663262843187682,1.0485039046258762,-4.272034139085124
hybrid_vs_paired_all,PAIRED_BOYDEN::paired_boyden32c::419_1_8::JRClust::0,PAIRED_BOYDEN::paired_boyden32c::419_1_8,PAIRED_BOYDEN,paired,domain_b,3.8725041092669565,0.28608854236408754,-1.4879563307583121
hybrid_vs_paired_all,PAIRED_MEA64C_YGER::paired_mea64c::20160415_patch2::SpykingCircus::15,PAIRED_MEA64C_YGER::paired_mea64c::20160415_patch2,PAIRED_MEA64C_YGER,paired,domain_b,-1.5985904954109027,0.3783173707245051,-3.548386804856073
hybrid_vs_paired_all,PAIRED_MEA64C_YGER::paired_mea64c::20170621_patch1::HerdingSpikes2::31,PAIRED_MEA64C_YGER::paired_mea64c::20170621_patch1,PAIRED_MEA64C_YGER,paired,domain_b,-1.1016030404990897,0.28610573184144433,-4.586416139062325
hybrid_vs_paired_all,PAIRED_ENGLISH::paired_english::m139_200114_191955::SpykingCircus::32,PAIRED_ENGLISH::paired_english::m139_200114_191955,PAIRED_ENGLISH,paired,domain_b,7.347446828182855,-1.5253775953100617,1.159858318115117
hybrid_vs_paired_all,PAIRED_CRCNS_HC1::paired_crcns::d11221_d11221.001::Tridesclous::1,PAIRED_CRCNS_HC1::paired_crcns::d11221_d11221.001,PAIRED_CRCNS_HC1,paired,domain_b,1.3640692618744483,1.9974134578192093,-1.8430323913924804
hybrid_vs_paired_all,PAIRED_MEA64C_YGER::paired_mea64c::20170622_patch2::KiloSort2::33,PAIRED_MEA64C_YGER::paired_mea64c::20170622_patch2,PAIRED_MEA64C_YGER,paired,domain_b,-1.7354451609334498,0.1000287160365685,-2.5875374403209976
hybrid_vs_paired_all,PAIRED_ENGLISH::paired_english::m57_191105_153915::SpykingCircus::5,PAIRED_ENGLISH::paired_english::m57_191105_153915,PAIRED_ENGLISH,paired,domain_b,-9.531129866635412,11.093649706306559,0.9543607347233368
hybrid_vs_paired_all,PAIRED_MEA64C_YGER::paired_mea64c::20170622_patch1::HerdingSpikes2::5,PAIRED_MEA64C_YGER::paired_mea64c::20170622_patch1,PAIRED_MEA64C_YGER,paired,domain_b,-0.7965241618117201,0.48441603157194035,-4.840079077296136
hybrid_vs_paired_all,PAIRED_ENGLISH::paired_english::m57_191105_141906::MountainSort4::52,PAIRED_ENGLISH::paired_english::m57_191105_141906,PAIRED_ENGLISH,paired,domain_b,1.888125624378843,2.2531380087326287,-2.908282177722578
hybrid_vs_paired_all,PAIRED_KAMPFF::paired_kampff::2014_11_25_Pair_3_0::SpykingCircus::15,PAIRED_KAMPFF::paired_kampff::2014_11_25_Pair_3_0,PAIRED_KAMPFF,paired,domain_b,18.273837090634416,-0.922708323755574,0.37685390776968586
hybrid_vs_paired_all,PAIRED_MEA64C_YGER::paired_mea64c::20170622_patch2::KiloSort2::2,PAIRED_MEA64C_YGER::paired_mea64c::20170622_patch2,PAIRED_MEA64C_YGER,paired,domain_b,-1.3151587997160914,0.22146051162393676,-3.6123927897480423
hybrid_vs_paired_all,PAIRED_MEA64C_YGER::paired_mea64c::20160415_patch2::HerdingSpikes2::81,PAIRED_MEA64C_YGER::paired_mea64c::20160415_patch2,PAIRED_MEA64C_YGER,paired,domain_b,-0.6787874325375914,1.092417861723571,-4.809412293295126
hybrid_vs_paired_all,PAIRED_ENGLISH::paired_english::m57_191105_160026::KiloSort::0,PAIRED_ENGLISH::paired_english::m57_191105_160026,PAIRED_ENGLISH,paired,domain_b,-12.598548396565729,12.884083727229463,-1.5387421851566832
hybrid_vs_paired_all,PAIRED_ENGLISH::paired_english::m139_200114_222743::MountainSort4::25,PAIRED_ENGLISH::paired_english::m139_200114_222743,PAIRED_ENGLISH,paired,domain_b,-5.2259910976576744,4.243822874245026,-0.6600017472921644
hybrid_vs_paired_all,PAIRED_KAMPFF::paired_kampff::2015_09_03_Pair_9_0A::HerdingSpikes2::39,PAIRED_KAMPFF::paired_kampff::2015_09_03_Pair_9_0A,PAIRED_KAMPFF,paired,domain_b,16.351121950343146,-2.0468264964470775,0.5346205108364711
hybrid_vs_paired_all,PAIRED_MEA64C_YGER::paired_mea64c::20170621_patch1::KiloSort2::100,PAIRED_MEA64C_YGER::paired_mea64c::20170621_patch1,PAIRED_MEA64C_YGER,paired,domain_b,-1.4644620957023362,0.8456638645754201,-4.572401777276693
hybrid_vs_paired_all,PAIRED_BOYDEN::paired_boyden32c::1103_1_1::KiloSort2::40,PAIRED_BOYDEN::paired_boyden32c::1103_1_1,PAIRED_BOYDEN,paired,domain_b,4.9451398315276744,0.740762422563837,0.5883916488384866
hybrid_vs_paired_all,PAIRED_MEA64C_YGER::paired_mea64c::20170621_patch1::MountainSort4::135,PAIRED_MEA64C_YGER::paired_mea64c::20170621_patch1,PAIRED_MEA64C_YGER,paired,domain_b,-0.844327237429175,-0.8191392274649162,-3.543919852208827
hybrid_vs_paired_all,PAIRED_KAMPFF::paired_kampff::2015_09_03_Pair_9_0B::JRClust::7,PAIRED_KAMPFF::paired_kampff::2015_09_03_Pair_9_0B,PAIRED_KAMPFF,paired,domain_b,16.0733710075323,-1.8040634182455728,0.3852746133891065
hybrid_vs_paired_all,PAIRED_MEA64C_YGER::paired_mea64c::20170621_patch1::SpykingCircus::26,PAIRED_MEA64C_YGER::paired_mea64c::20170621_patch1,PAIRED_MEA64C_YGER,paired,domain_b,-1.57502039257503,1.505640197794766,-2.887796369974172
hybrid_vs_paired_all,PAIRED_MEA64C_YGER::paired_mea64c::20160415_patch2::MountainSort4::140,PAIRED_MEA64C_YGER::paired_mea64c::20160415_patch2,PAIRED_MEA64C_YGER,paired,domain_b,-0.9592799958392506,1.0906164866358479,-5.13135896467138
hybrid_vs_paired_all,PAIRED_ENGLISH::paired_english::m139_200114_222743::HerdingSpikes2::33,PAIRED_ENGLISH::paired_english::m139_200114_222743,PAIRED_ENGLISH,paired,domain_b,0.8639497957537448,3.6660065163567976,-1.706826010186554
hybrid_vs_paired_all,PAIRED_KAMPFF::paired_kampff::2015_09_03_Pair_9_0B::KiloSort2::16,PAIRED_KAMPFF::paired_kampff::2015_09_03_Pair_9_0B,PAIRED_KAMPFF,paired,domain_b,-10.871161142688454,15.228454694068596,-2.1061149827463024
hybrid_vs_paired_all,PAIRED_KAMPFF::paired_kampff::c14::MountainSort4::32,PAIRED_KAMPFF::paired_kampff::c14,PAIRED_KAMPFF,paired,domain_b,-2.078021793489935,-0.4115905776310945,-2.6711447904897616
hybrid_vs_paired_all,PAIRED_KAMPFF::paired_kampff::2015_09_03_Pair_9_0B::IronClust::16,PAIRED_KAMPFF::paired_kampff::2015_09_03_Pair_9_0B,PAIRED_KAMPFF,paired,domain_b,18.38811160991411,-3.606667156767231,1.6966459683806305
hybrid_vs_paired_all,PAIRED_ENGLISH::paired_english::m57_191105_161455::KiloSort::30,PAIRED_ENGLISH::paired_english::m57_191105_161455,PAIRED_ENGLISH,paired,domain_b,2.0647434346978373,0.24722791072725012,-0.7158335248622674
hybrid_vs_paired_all,PAIRED_KAMPFF::paired_kampff::c14::SpykingCircus::35,PAIRED_KAMPFF::paired_kampff::c14,PAIRED_KAMPFF,paired,domain_b,-0.5864675392682877,-0.1853726670155773,-2.797963274191528
hybrid_vs_paired_all,PAIRED_MEA64C_YGER::paired_mea64c::20170621_patch1::HerdingSpikes2::121,PAIRED_MEA64C_YGER::paired_mea64c::20170621_patch1,PAIRED_MEA64C_YGER,paired,domain_b,-0.2720656827144533,0.8037206895791879,-5.338694751072034
hybrid_vs_paired_all,PAIRED_MEA64C_YGER::paired_mea64c::20170622_patch1::Klusta::26,PAIRED_MEA64C_YGER::paired_mea64c::20170622_patch1,PAIRED_MEA64C_YGER,paired,domain_b,-2.283900247813417,-0.7987868092344824,-2.5905505812000627
hybrid_vs_paired_all,PAIRED_ENGLISH::paired_english::m57_191105_161455::SpykingCircus::21,PAIRED_ENGLISH::paired_english::m57_191105_161455,PAIRED_ENGLISH,paired,domain_b,-0.2276327953875987,0.8394394219562413,-2.3837900222222435
hybrid_vs_paired_all,PAIRED_KAMPFF::paired_kampff::2015_09_03_Pair_9_0B::KiloSort2::57,PAIRED_KAMPFF::paired_kampff::2015_09_03_Pair_9_0B,PAIRED_KAMPFF,paired,domain_b,13.782624424140627,-0.18605190900681554,0.9756116069611649
hybrid_vs_paired_all,PAIRED_MEA64C_YGER::paired_mea64c::20170622_patch2::HerdingSpikes2::114,PAIRED_MEA64C_YGER::paired_mea64c::20170622_patch2,PAIRED_MEA64C_YGER,paired,domain_b,-1.1409185667327062,0.6029794546156118,-4.1075372835012125
hybrid_vs_paired_all,PAIRED_MEA64C_YGER::paired_mea64c::20170622_patch1::SpykingCircus::55,PAIRED_MEA64C_YGER::paired_mea64c::20170622_patch1,PAIRED_MEA64C_YGER,paired,domain_b,-1.9409328997592759,2.499687315720572,-3.6351028879589777
hybrid_vs_paired_all,PAIRED_MEA64C_YGER::paired_mea64c::20170621_patch1::HerdingSpikes2::240,PAIRED_MEA64C_YGER::paired_mea64c::20170621_patch1,PAIRED_MEA64C_YGER,paired,domain_b,-1.080337302738467,0.6664352090687312,-2.0124980935882952
hybrid_vs_paired_all,PAIRED_MEA64C_YGER::paired_mea64c::20170621_patch1::IronClust::68,PAIRED_MEA64C_YGER::paired_mea64c::20170621_patch1,PAIRED_MEA64C_YGER,paired,domain_b,-1.9260072735480518,-0.36444125500894997,-3.8096915655927295
hybrid_vs_paired_all,PAIRED_MEA64C_YGER::paired_mea64c::20170622_patch2::KiloSort2::16,PAIRED_MEA64C_YGER::paired_mea64c::20170622_patch2,PAIRED_MEA64C_YGER,paired,domain_b,-0.5525547428206761,2.4888790981688604,-5.21295433993146
hybrid_vs_paired_all,PAIRED_ENGLISH::paired_english::m57_191105_153915::IronClust::14,PAIRED_ENGLISH::paired_english::m57_191105_153915,PAIRED_ENGLISH,paired,domain_b,3.3394085726445213,-1.860358921517525,4.031219250948456
hybrid_vs_paired_all,PAIRED_ENGLISH::paired_english::m26_190524_100859_cell1::KiloSort2::4,PAIRED_ENGLISH::paired_english::m26_190524_100859_cell1,PAIRED_ENGLISH,paired,domain_b,-10.391474188671298,8.19180909421242,1.8416608972610313
hybrid_vs_paired_all,PAIRED_BOYDEN::paired_boyden32c::509_1_1::SpykingCircus::6,PAIRED_BOYDEN::paired_boyden32c::509_1_1,PAIRED_BOYDEN,paired,domain_b,3.4004353746405696,-1.1619254813117688,1.2228698264181268
hybrid_vs_paired_all,PAIRED_BOYDEN::paired_boyden32c::419_1_8::JRClust::36,PAIRED_BOYDEN::paired_boyden32c::419_1_8,PAIRED_BOYDEN,paired,domain_b,7.5335481696951465,-1.188830129033706,-0.9296386957321248
hybrid_vs_paired_all,PAIRED_ENGLISH::paired_english::m139_200114_222743::KiloSort2::48,PAIRED_ENGLISH::paired_english::m139_200114_222743,PAIRED_ENGLISH,paired,domain_b,-3.8504807204450633,7.172216207335307,-2.742016229882466
hybrid_vs_paired_all,PAIRED_MEA64C_YGER::paired_mea64c::20170621_patch1::KiloSort2::3,PAIRED_MEA64C_YGER::paired_mea64c::20170621_patch1,PAIRED_MEA64C_YGER,paired,domain_b,-0.16140311670752364,1.1368587869655755,-2.8947308843743818
hybrid_vs_paired_all,PAIRED_KAMPFF::paired_kampff::2015_09_03_Pair_9_0A::HerdingSpikes2::36,PAIRED_KAMPFF::paired_kampff::2015_09_03_Pair_9_0A,PAIRED_KAMPFF,paired,domain_b,18.660525226105424,-1.4636353542507332,0.9225074255016279
hybrid_vs_paired_all,PAIRED_ENGLISH::paired_english::m57_191105_141906::KiloSort::16,PAIRED_ENGLISH::paired_english::m57_191105_141906,PAIRED_ENGLISH,paired,domain_b,-0.6972304553757239,4.0373330199288135,0.7967043267233092
hybrid_vs_paired_all,PAIRED_ENGLISH::paired_english::m139_200114_191955::HerdingSpikes2::21,PAIRED_ENGLISH::paired_english::m139_200114_191955,PAIRED_ENGLISH,paired,domain_b,-5.846737127477339,5.843934374829354,-3.348593041330337
hybrid_vs_paired_all,PAIRED_MEA64C_YGER::paired_mea64c::20160415_patch2::HerdingSpikes2::202,PAIRED_MEA64C_YGER::paired_mea64c::20160415_patch2,PAIRED_MEA64C_YGER,paired,domain_b,-0.6294364994789814,1.3707568357466144,-4.9008975937702735
hybrid_vs_paired_all,PAIRED_BOYDEN::paired_boyden32c::419_1_7::JRClust::38,PAIRED_BOYDEN::paired_boyden32c::419_1_7,PAIRED_BOYDEN,paired,domain_b,6.675709367191058,-1.016892803410137,-0.9681668092785348
hybrid_vs_paired_all,PAIRED_ENGLISH::paired_english::m15_190315_142052_cell1::KiloSort::212,PAIRED_ENGLISH::paired_english::m15_190315_142052_cell1,PAIRED_ENGLISH,paired,domain_b,3.681345342084873,52.55012987069373,20.51335009521279
hybrid_vs_paired_all,PAIRED_MEA64C_YGER::paired_mea64c::20170621_patch1::MountainSort4::66,PAIRED_MEA64C_YGER::paired_mea64c::20170621_patch1,PAIRED_MEA64C_YGER,paired,domain_b,0.13366935024910684,2.473692791126137,-4.54134590736951
hybrid_vs_paired_all,PAIRED_BOYDEN::paired_boyden32c::419_1_8::SpykingCircus::41,PAIRED_BOYDEN::paired_boyden32c::419_1_8,PAIRED_BOYDEN,paired,domain_b,4.195171363609471,-0.5693676800863738,-0.8714939330679748
hybrid_vs_paired_all,PAIRED_ENGLISH::paired_english::m15_190315_152315_cell1::MountainSort4::64,PAIRED_ENGLISH::paired_english::m15_190315_152315_cell1,PAIRED_ENGLISH,paired,domain_b,4.036174251437779,1.1248601072713573,-1.0326939556756147
hybrid_vs_paired_all,PAIRED_KAMPFF::paired_kampff::2015_09_03_Pair_9_0A::KiloSort::175,PAIRED_KAMPFF::paired_kampff::2015_09_03_Pair_9_0A,PAIRED_KAMPFF,paired,domain_b,19.346673921254634,-3.0055971314058723,1.0963478559739581
hybrid_vs_paired_all,PAIRED_ENGLISH::paired_english::m57_191105_153915::KiloSort2::38,PAIRED_ENGLISH::paired_english::m57_191105_153915,PAIRED_ENGLISH,paired,domain_b,-10.886403998012662,25.892961298789082,5.39155420153883
hybrid_vs_paired_all,PAIRED_MEA64C_YGER::paired_mea64c::20170621_patch1::KiloSort2::111,PAIRED_MEA64C_YGER::paired_mea64c::20170621_patch1,PAIRED_MEA64C_YGER,paired,domain_b,-0.6007036140577953,0.8515375694700588,-4.315808552287858
hybrid_vs_paired_all,PAIRED_ENGLISH::paired_english::m139_200114_191955::KiloSort::159,PAIRED_ENGLISH::paired_english::m139_200114_191955,PAIRED_ENGLISH,paired,domain_b,1.018123558927841,1.3745045109587837,1.738142016619438
hybrid_vs_paired_all,PAIRED_MEA64C_YGER::paired_mea64c::20170621_patch1::SpykingCircus::77,PAIRED_MEA64C_YGER::paired_mea64c::20170621_patch1,PAIRED_MEA64C_YGER,paired,domain_b,-1.4822815584470002,0.8684320642170749,-3.9520482059501236
hybrid_vs_paired_all,PAIRED_MEA64C_YGER::paired_mea64c::20170622_patch1::HerdingSpikes2::111,PAIRED_MEA64C_YGER::paired_mea64c::20170622_patch1,PAIRED_MEA64C_YGER,paired,domain_b,-0.9682484544163066,0.3494471360475553,-4.991099711731483
hybrid_vs_paired_all,PAIRED_MEA64C_YGER::paired_mea64c::20170621_patch1::KiloSort2::32,PAIRED_MEA64C_YGER::paired_mea64c::20170621_patch1,PAIRED_MEA64C_YGER,paired,domain_b,-0.7970972957277501,1.0690004841948417,-5.160006804028347
hybrid_vs_paired_all,PAIRED_KAMPFF::paired_kampff::2015_09_03_Pair_9_0B::HerdingSpikes2::18,PAIRED_KAMPFF::paired_kampff::2015_09_03_Pair_9_0B,PAIRED_KAMPFF,paired,domain_b,17.8876550797014,-2.0199776813695527,1.234426388962908
hybrid_vs_paired_all,PAIRED_ENGLISH::paired_english::m139_200114_205038::KiloSort::193,PAIRED_ENGLISH::paired_english::m139_200114_205038,PAIRED_ENGLISH,paired,domain_b,0.8899024714675408,2.5476727834532227,-2.2076891195303494
hybrid_vs_paired_all,PAIRED_KAMPFF::paired_kampff::2015_09_03_Pair_9_0A::KiloSort2::117,PAIRED_KAMPFF::paired_kampff::2015_09_03_Pair_9_0A,PAIRED_KAMPFF,paired,domain_b,17.30186570271047,-2.3676768702410906,1.521130306981986
hybrid_vs_paired_all,PAIRED_ENGLISH::paired_english::m15_190315_142052_cell1::SpykingCircus::16,PAIRED_ENGLISH::paired_english::m15_190315_142052_cell1,PAIRED_ENGLISH,paired,domain_b,-9.238003514639342,13.713038357322066,1.7355002096347265
hybrid_vs_paired_all,PAIRED_ENGLISH::paired_english::m14_190326_155432::MountainSort4::32,PAIRED_ENGLISH::paired_english::m14_190326_155432,PAIRED_ENGLISH,paired,domain_b,2.3595588659467164,3.6668651117880104,-1.6222133115976263
hybrid_vs_paired_all,PAIRED_ENGLISH::paired_english::m139_200114_205038::KiloSort2::46,PAIRED_ENGLISH::paired_english::m139_200114_205038,PAIRED_ENGLISH,paired,domain_b,-8.24060130378842,11.364506654312569,-3.9681618042761926
hybrid_vs_paired_all,PAIRED_MEA64C_YGER::paired_mea64c::20160415_patch2::Tridesclous::25,PAIRED_MEA64C_YGER::paired_mea64c::20160415_patch2,PAIRED_MEA64C_YGER,paired,domain_b,-1.8570646346483486,-0.5102606933567861,-2.566940157841255
hybrid_vs_paired_all,PAIRED_KAMPFF::paired_kampff::2015_09_03_Pair_9_0A::SpykingCircus::38,PAIRED_KAMPFF::paired_kampff::2015_09_03_Pair_9_0A,PAIRED_KAMPFF,paired,domain_b,14.149889882636877,0.31758248456384863,-0.4031873081088875
hybrid_vs_paired_all,PAIRED_KAMPFF::paired_kampff::c14::MountainSort4::48,PAIRED_KAMPFF::paired_kampff::c14,PAIRED_KAMPFF,paired,domain_b,-2.512649437749832,-0.5348965932354088,-1.435912026444259
hybrid_vs_paired_all,PAIRED_KAMPFF::paired_kampff::2015_09_03_Pair_9_0A::IronClust::12,PAIRED_KAMPFF::paired_kampff::2015_09_03_Pair_9_0A,PAIRED_KAMPFF,paired,domain_b,15.717867469663227,-1.2813641040208719,0.9553582867428665
hybrid_vs_paired_all,PAIRED_ENGLISH::paired_english::m113_191125_204935::IronClust::8,PAIRED_ENGLISH::paired_english::m113_191125_204935,PAIRED_ENGLISH,paired,domain_b,-2.7289814305919085,3.1304094400609763,-0.8473031181372822
hybrid_vs_paired_all,PAIRED_BOYDEN::paired_boyden32c::1103_1_1::KiloSort2::39,PAIRED_BOYDEN::paired_boyden32c::1103_1_1,PAIRED_BOYDEN,paired,domain_b,6.017844301653735,0.6909688362926053,-0.08510508285213166
hybrid_vs_paired_all,PAIRED_ENGLISH::paired_english::m139_200114_222743::IronClust::3,PAIRED_ENGLISH::paired_english::m139_200114_222743,PAIRED_ENGLISH,paired,domain_b,-1.8128672786172164,4.256736373223679,-2.8068658358421743
hybrid_vs_paired_all,PAIRED_KAMPFF::paired_kampff::2015_09_03_Pair_9_0A::SpykingCircus::14,PAIRED_KAMPFF::paired_kampff::2015_09_03_Pair_9_0A,PAIRED_KAMPFF,paired,domain_b,16.118443329742696,-0.9611122811198028,0.9730669716831293
hybrid_vs_paired_all,PAIRED_ENGLISH::paired_english::m15_190315_142052_cell1::IronClust::23,PAIRED_ENGLISH::paired_english::m15_190315_142052_cell1,PAIRED_ENGLISH,paired,domain_b,-4.719670106290287,8.447423707591671,0.7869436437350634
hybrid_vs_paired_all,PAIRED_ENGLISH::paired_english::m139_200114_191955::MountainSort4::70,PAIRED_ENGLISH::paired_english::m139_200114_191955,PAIRED_ENGLISH,paired,domain_b,0.10491360351277841,1.5221778796110026,1.959514647971537
hybrid_vs_paired_all,PAIRED_ENGLISH::paired_english::m14_190326_155432::SpykingCircus::19,PAIRED_ENGLISH::paired_english::m14_190326_155432,PAIRED_ENGLISH,paired,domain_b,9.02296715040417,2.6753515506015972,2.598061794020024
hybrid_vs_paired_all,PAIRED_MEA64C_YGER::paired_mea64c::20160415_patch2::JRClust::71,PAIRED_MEA64C_YGER::paired_mea64c::20160415_patch2,PAIRED_MEA64C_YGER,paired,domain_b,-0.7865403523342016,0.5411175004771767,-4.778880348470195
hybrid_vs_paired_all,PAIRED_KAMPFF::paired_kampff::2015_09_03_Pair_9_0A::IronClust::23,PAIRED_KAMPFF::paired_kampff::2015_09_03_Pair_9_0A,PAIRED_KAMPFF,paired,domain_b,14.59254542773783,-0.26312919374228105,1.13340898603611
hybrid_vs_paired_all,PAIRED_MEA64C_YGER::paired_mea64c::20170622_patch2::Tridesclous::7,PAIRED_MEA64C_YGER::paired_mea64c::20170622_patch2,PAIRED_MEA64C_YGER,paired,domain_b,-1.4919719080353036,0.38908138181068247,-4.485655218205908
hybrid_vs_paired_all,PAIRED_MEA64C_YGER::paired_mea64c::20170621_patch1::HerdingSpikes2::32,PAIRED_MEA64C_YGER::paired_mea64c::20170621_patch1,PAIRED_MEA64C_YGER,paired,domain_b,-0.4597472203917751,1.6544695382820171,-5.035229934909994
hybrid_vs_paired_all,PAIRED_BOYDEN::paired_boyden32c::419_1_8::KiloSort2::51,PAIRED_BOYDEN::paired_boyden32c::419_1_8,PAIRED_BOYDEN,paired,domain_b,1.3105316167130767,1.2587730303055649,-1.3411655892492562
hybrid_vs_paired_all,PAIRED_ENGLISH::paired_english::m57_191105_161455::KiloSort2::12,PAIRED_ENGLISH::paired_english::m57_191105_161455,PAIRED_ENGLISH,paired,domain_b,-1.5973370065210697,2.5079702557659695,-1.254137794708326
hybrid_vs_paired_all,PAIRED_KAMPFF::paired_kampff::2014_11_25_Pair_3_0::MountainSort4::48,PAIRED_KAMPFF::paired_kampff::2014_11_25_Pair_3_0,PAIRED_KAMPFF,paired,domain_b,17.47132228516734,-2.476022723848802,2.2857770218760347
hybrid_vs_paired_all,PAIRED_ENGLISH::paired_english::m57_191105_160026::HerdingSpikes2::2,PAIRED_ENGLISH::paired_english::m57_191105_160026,PAIRED_ENGLISH,paired,domain_b,-3.44297882091866,3.8011748017839784,-2.2376312915704832
hybrid_vs_paired_all,PAIRED_KAMPFF::paired_kampff::c14::SpykingCircus::4,PAIRED_KAMPFF::paired_kampff::c14,PAIRED_KAMPFF,paired,domain_b,-2.3011182040809115,-1.013910707826285,-0.25334037012334737
hybrid_vs_paired_all,PAIRED_ENGLISH::paired_english::m139_200114_205038::IronClust::51,PAIRED_ENGLISH::paired_english::m139_200114_205038,PAIRED_ENGLISH,paired,domain_b,-2.2208783720955245,2.220503721845725,1.756270971833077
hybrid_vs_paired_all,PAIRED_KAMPFF::paired_kampff::2015_09_03_Pair_9_0B::MountainSort4::9,PAIRED_KAMPFF::paired_kampff::2015_09_03_Pair_9_0B,PAIRED_KAMPFF,paired,domain_b,18.153845533695865,-4.02000395534593,1.9086765236126717
hybrid_vs_paired_all,PAIRED_ENGLISH::paired_english::m57_191105_153915::KiloSort2::44,PAIRED_ENGLISH::paired_english::m57_191105_153915,PAIRED_ENGLISH,paired,domain_b,-2.843459545627713,5.9662366419859305,-4.7226722340372405
hybrid_vs_paired_all,PAIRED_MEA64C_YGER::paired_mea64c::20170621_patch1::MountainSort4::48,PAIRED_MEA64C_YGER::paired_mea64c::20170621_patch1,PAIRED_MEA64C_YGER,paired,domain_b,-2.7478640498757434,-1.3849459908507373,-1.7963387193182099
hybrid_vs_paired_all,PAIRED_ENGLISH::paired_english::m15_190315_142052_cell1::KiloSort::126,PAIRED_ENGLISH::paired_english::m15_190315_142052_cell1,PAIRED_ENGLISH,paired,domain_b,2.7675667662654906,8.183484066601812,7.64456682415352
hybrid_vs_paired_all,PAIRED_KAMPFF::paired_kampff::2015_09_03_Pair_9_0A::MountainSort4::6,PAIRED_KAMPFF::paired_kampff::2015_09_03_Pair_9_0A,PAIRED_KAMPFF,paired,domain_b,18.57792005009278,-3.3000274719807816,1.5457647432004125
hybrid_vs_paired_all,PAIRED_KAMPFF::paired_kampff::2015_09_03_Pair_9_0B::JRClust::21,PAIRED_KAMPFF::paired_kampff::2015_09_03_Pair_9_0B,PAIRED_KAMPFF,paired,domain_b,12.025381973282876,3.348363620850885,0.1941586513155475
hybrid_vs_paired_all,PAIRED_BOYDEN::paired_boyden32c::419_1_8::KiloSort2::43,PAIRED_BOYDEN::paired_boyden32c::419_1_8,PAIRED_BOYDEN,paired,domain_b,8.10602813820755,0.24910552483136167,-0.10244879630957511
hybrid_vs_paired_all,PAIRED_MEA64C_YGER::paired_mea64c::20170621_patch1::KiloSort::75,PAIRED_MEA64C_YGER::paired_mea64c::20170621_patch1,PAIRED_MEA64C_YGER,paired,domain_b,-0.27234901853247356,1.034368660186611,-4.9776182566839156
hybrid_vs_paired_all,PAIRED_ENGLISH::paired_english::m139_200114_191955::MountainSort4::30,PAIRED_ENGLISH::paired_english::m139_200114_191955,PAIRED_ENGLISH,paired,domain_b,1.7875887095817762,1.3298078193982181,-0.8291574070938446
hybrid_vs_paired_all,PAIRED_KAMPFF::paired_kampff::2015_09_03_Pair_9_0B::HerdingSpikes2::34,PAIRED_KAMPFF::paired_kampff::2015_09_03_Pair_9_0B,PAIRED_KAMPFF,paired,domain_b,16.272874690736458,-0.745118410852883,-0.17362706554990068
hybrid_vs_paired_all,PAIRED_ENGLISH::paired_english::m139_200114_191955::HerdingSpikes2::27,PAIRED_ENGLISH::paired_english::m139_200114_191955,PAIRED_ENGLISH,paired,domain_b,1.1350592446630627,3.183551870869173,-3.10380742918264
hybrid_vs_paired_all,PAIRED_MEA64C_YGER::paired_mea64c::20170622_patch1::Klusta::12,PAIRED_MEA64C_YGER::paired_mea64c::20170622_patch1,PAIRED_MEA64C_YGER,paired,domain_b,-1.9936072768077289,-0.691584061920974,-3.772658161126848
hybrid_vs_paired_all,PAIRED_ENGLISH::paired_english::m139_200114_222743::MountainSort4::7,PAIRED_ENGLISH::paired_english::m139_200114_222743,PAIRED_ENGLISH,paired,domain_b,-2.1782007056557964,4.1140332231505345,-0.5727368588738414
hybrid_vs_paired_all,PAIRED_KAMPFF::paired_kampff::c14::HerdingSpikes2::1,PAIRED_KAMPFF::paired_kampff::c14,PAIRED_KAMPFF,paired,domain_b,-3.00793582059834,-2.9643983488640524,2.470963748482025
hybrid_vs_paired_all,PAIRED_ENGLISH::paired_english::m139_200114_222743::SpykingCircus::17,PAIRED_ENGLISH::paired_english::m139_200114_222743,PAIRED_ENGLISH,paired,domain_b,-0.8278515711876395,5.234412643208013,-0.25968368095833827
hybrid_vs_paired_all,PAIRED_MEA64C_YGER::paired_mea64c::20160415_patch2::KiloSort::369,PAIRED_MEA64C_YGER::paired_mea64c::20160415_patch2,PAIRED_MEA64C_YGER,paired,domain_b,-1.3261891982030327,-0.05537718662941052,-3.246926673085186
hybrid_vs_paired_all,PAIRED_ENGLISH::paired_english::m139_200114_205038::MountainSort4::52,PAIRED_ENGLISH::paired_english::m139_200114_205038,PAIRED_ENGLISH,paired,domain_b,0.0829278276390374,2.1507462212359667,0.14409500784647575
hybrid_vs_paired_all,PAIRED_MEA64C_YGER::paired_mea64c::20160415_patch2::MountainSort4::27,PAIRED_MEA64C_YGER::paired_mea64c::20160415_patch2,PAIRED_MEA64C_YGER,paired,domain_b,-0.8979176678319714,0.8545376665832721,-5.078133459232878
hybrid_vs_paired_all,PAIRED_MEA64C_YGER::paired_mea64c::20170621_patch1::MountainSort4::80,PAIRED_MEA64C_YGER::paired_mea64c::20170621_patch1,PAIRED_MEA64C_YGER,paired,domain_b,-1.053533661420542,0.4254258214668094,-4.367335876631186
hybrid_vs_paired_all,PAIRED_BOYDEN::paired_boyden32c::509_1_1::Klusta::0,PAIRED_BOYDEN::paired_boyden32c::509_1_1,PAIRED_BOYDEN,paired,domain_b,-0.7396735740041814,2.685058974160647,-0.5694629058140832
hybrid_vs_paired_all,PAIRED_MEA64C_YGER::paired_mea64c::20170622_patch1::KiloSort2::8,PAIRED_MEA64C_YGER::paired_mea64c::20170622_patch1,PAIRED_MEA64C_YGER,paired,domain_b,-0.4447543779548741,0.9707445880969999,-6.416536087316934
hybrid_vs_paired_all,PAIRED_KAMPFF::paired_kampff::2015_09_03_Pair_9_0A::KiloSort::223,PAIRED_KAMPFF::paired_kampff::2015_09_03_Pair_9_0A,PAIRED_KAMPFF,paired,domain_b,19.541677989990138,-1.0095665372628926,1.1022454732629259
hybrid_vs_paired_all,PAIRED_CRCNS_HC1::paired_crcns::d11221_d11221.002::JRClust::1,PAIRED_CRCNS_HC1::paired_crcns::d11221_d11221.002,PAIRED_CRCNS_HC1,paired,domain_b,-1.4953086918343832,5.12226531909632,-1.9160754300690543
hybrid_vs_paired_all,PAIRED_ENGLISH::paired_english::m15_190315_152315_cell1::SpykingCircus::48,PAIRED_ENGLISH::paired_english::m15_190315_152315_cell1,PAIRED_ENGLISH,paired,domain_b,-0.006015468030469303,0.4010632276408821,1.8797304358652167
hybrid_vs_paired_all,PAIRED_ENGLISH::paired_english::m15_190315_152315_cell1::KiloSort2::31,PAIRED_ENGLISH::paired_english::m15_190315_152315_cell1,PAIRED_ENGLISH,paired,domain_b,1.2766664817909563,9.175484141921949,-1.8237982052362776
hybrid_vs_paired_all,PAIRED_MEA64C_YGER::paired_mea64c::20170622_patch2::Klusta::30,PAIRED_MEA64C_YGER::paired_mea64c::20170622_patch2,PAIRED_MEA64C_YGER,paired,domain_b,-1.6833168940388632,-0.6376902197870498,-3.143944539234185
hybrid_vs_paired_all,PAIRED_MEA64C_YGER::paired_mea64c::20160415_patch2::MountainSort4::68,PAIRED_MEA64C_YGER::paired_mea64c::20160415_patch2,PAIRED_MEA64C_YGER,paired,domain_b,-2.0678602446237373,-0.028659202929951652,-3.2362909042747092
hybrid_vs_paired_all,PAIRED_KAMPFF::paired_kampff::2015_09_03_Pair_9_0B::KiloSort2::0,PAIRED_KAMPFF::paired_kampff::2015_09_03_Pair_9_0B,PAIRED_KAMPFF,paired,domain_b,14.26285499814242,-0.9431056125880214,-0.4614507061873348
hybrid_vs_paired_all,PAIRED_ENGLISH::paired_english::m108_191125_171427::IronClust::18,PAIRED_ENGLISH::paired_english::m108_191125_171427,PAIRED_ENGLISH,paired,domain_b,-1.1360094621101116,1.836642094765202,-1.3203121406562985
hybrid_vs_paired_all,PAIRED_ENGLISH::paired_english::m15_190315_150831_cell1::SpykingCircus::15,PAIRED_ENGLISH::paired_english::m15_190315_150831_cell1,PAIRED_ENGLISH,paired,domain_b,0.05172832527797457,0.15284789212188302,1.5685699992298399
hybrid_vs_paired_all,PAIRED_CRCNS_HC1::paired_crcns::d11221_d11221.001::IronClust::3,PAIRED_CRCNS_HC1::paired_crcns::d11221_d11221.001,PAIRED_CRCNS_HC1,paired,domain_b,2.9217300317882353,2.0128359976679153,-3.4209413323338924
hybrid_vs_paired_all,PAIRED_KAMPFF::paired_kampff::2015_09_03_Pair_9_0A::KiloSort2::109,PAIRED_KAMPFF::paired_kampff::2015_09_03_Pair_9_0A,PAIRED_KAMPFF,paired,domain_b,17.397980323993117,-1.8788987622034297,-0.4676540543516817
hybrid_vs_paired_all,PAIRED_MEA64C_YGER::paired_mea64c::20170622_patch2::MountainSort4::63,PAIRED_MEA64C_YGER::paired_mea64c::20170622_patch2,PAIRED_MEA64C_YGER,paired,domain_b,-0.36707836677004707,0.9726720646735258,-5.444698374747996
hybrid_vs_paired_all,PAIRED_MEA64C_YGER::paired_mea64c::20170622_patch1::SpykingCircus::48,PAIRED_MEA64C_YGER::paired_mea64c::20170622_patch1,PAIRED_MEA64C_YGER,paired,domain_b,-1.397087198641468,1.000164825452038,-4.973891104639864
hybrid_vs_paired_all,PAIRED_KAMPFF::paired_kampff::2015_09_03_Pair_9_0B::KiloSort2::6,PAIRED_KAMPFF::paired_kampff::2015_09_03_Pair_9_0B,PAIRED_KAMPFF,paired,domain_b,21.090605797606173,-1.8981891440627794,0.9743037735693569
hybrid_vs_paired_all,PAIRED_MEA64C_YGER::paired_mea64c::20170622_patch1::HerdingSpikes2::55,PAIRED_MEA64C_YGER::paired_mea64c::20170622_patch1,PAIRED_MEA64C_YGER,paired,domain_b,-0.8238829130567257,0.6677982713624063,-4.78718334662911
hybrid_vs_paired_all,PAIRED_MEA64C_YGER::paired_mea64c::20160415_patch2::KiloSort::336,PAIRED_MEA64C_YGER::paired_mea64c::20160415_patch2,PAIRED_MEA64C_YGER,paired,domain_b,-1.0800387586763427,0.8417660558607222,-4.822130500104574
hybrid_vs_paired_all,PAIRED_MEA64C_YGER::paired_mea64c::20170621_patch1::IronClust::33,PAIRED_MEA64C_YGER::paired_mea64c::20170621_patch1,PAIRED_MEA64C_YGER,paired,domain_b,-0.3413356171580313,1.7299137183802915,-5.595380214274526
hybrid_vs_paired_all,PAIRED_KAMPFF::paired_kampff::2015_09_03_Pair_9_0B::HerdingSpikes2::46,PAIRED_KAMPFF::paired_kampff::2015_09_03_Pair_9_0B,PAIRED_KAMPFF,paired,domain_b,17.289076344571132,-1.3894509058886084,0.4385834789198241
hybrid_vs_paired_all,PAIRED_KAMPFF::paired_kampff::c14::KiloSort::181,PAIRED_KAMPFF::paired_kampff::c14,PAIRED_KAMPFF,paired,domain_b,-2.665971748096265,0.27181459659826257,-4.186849280446473
hybrid_vs_paired_all,PAIRED_ENGLISH::paired_english::m15_190315_150831_cell1::MountainSort4::11,PAIRED_ENGLISH::paired_english::m15_190315_150831_cell1,PAIRED_ENGLISH,paired,domain_b,6.641221660684645,-0.26706895899862715,0.9643119879037634
hybrid_vs_paired_all,PAIRED_KAMPFF::paired_kampff::2015_09_03_Pair_9_0B::SpykingCircus::19,PAIRED_KAMPFF::paired_kampff::2015_09_03_Pair_9_0B,PAIRED_KAMPFF,paired,domain_b,10.106299400812475,5.311386919469763,1.3549893865502354
hybrid_vs_paired_all,PAIRED_ENGLISH::paired_english::m15_190315_150831_cell1::KiloSort2::9,PAIRED_ENGLISH::paired_english::m15_190315_150831_cell1,PAIRED_ENGLISH,paired,domain_b,0.831226406877195,0.915390392220291,2.8117916990006004
hybrid_vs_paired_all,PAIRED_MEA64C_YGER::paired_mea64c::20170622_patch2::SpykingCircus::10,PAIRED_MEA64C_YGER::paired_mea64c::20170622_patch2,PAIRED_MEA64C_YGER,paired,domain_b,-2.3341628150540887,1.3271164548007992,-4.10466457240919
hybrid_vs_paired_all,PAIRED_KAMPFF::paired_kampff::2015_09_03_Pair_9_0A::IronClust::22,PAIRED_KAMPFF::paired_kampff::2015_09_03_Pair_9_0A,PAIRED_KAMPFF,paired,domain_b,19.90080431036507,-2.7924204998103783,1.851994200300055
hybrid_vs_paired_all,PAIRED_MEA64C_YGER::paired_mea64c::20170622_patch2::SpykingCircus::13,PAIRED_MEA64C_YGER::paired_mea64c::20170622_patch2,PAIRED_MEA64C_YGER,paired,domain_b,-0.7152750017232301,1.005493473566042,-5.783564647107287
hybrid_vs_paired_all,PAIRED_KAMPFF::paired_kampff::2015_09_03_Pair_9_0B::JRClust::18,PAIRED_KAMPFF::paired_kampff::2015_09_03_Pair_9_0B,PAIRED_KAMPFF,paired,domain_b,17.170648783280548,-0.2173939568404434,-0.7310012321436962
hybrid_vs_paired_all,PAIRED_MEA64C_YGER::paired_mea64c::20160415_patch2::MountainSort4::141,PAIRED_MEA64C_YGER::paired_mea64c::20160415_patch2,PAIRED_MEA64C_YGER,paired,domain_b,-1.6336880565494314,-0.6119498170774444,-2.7650347804294406
hybrid_vs_paired_all,PAIRED_MEA64C_YGER::paired_mea64c::20170622_patch1::KiloSort2::45,PAIRED_MEA64C_YGER::paired_mea64c::20170622_patch1,PAIRED_MEA64C_YGER,paired,domain_b,-0.801695695701894,1.3878509718632115,-6.329787456777713
hybrid_vs_paired_all,PAIRED_KAMPFF::paired_kampff::2015_09_03_Pair_9_0A::MountainSort4::34,PAIRED_KAMPFF::paired_kampff::2015_09_03_Pair_9_0A,PAIRED_KAMPFF,paired,domain_b,16.041876867044174,-0.9622986426449397,0.9202752034110658
hybrid_vs_paired_all,PAIRED_ENGLISH::paired_english::m15_190315_142052_cell1::KiloSort::14,PAIRED_ENGLISH::paired_english::m15_190315_142052_cell1,PAIRED_ENGLISH,paired,domain_b,9.332613132523248,6.893766350225306,6.425970821570728
hybrid_vs_paired_all,PAIRED_MEA64C_YGER::paired_mea64c::20170622_patch2::KiloSort2::98,PAIRED_MEA64C_YGER::paired_mea64c::20170622_patch2,PAIRED_MEA64C_YGER,paired,domain_b,-1.1430968098606358,0.9019739160960816,-5.171642965448049
hybrid_vs_paired_all,PAIRED_ENGLISH::paired_english::m139_200114_205038::KiloSort::48,PAIRED_ENGLISH::paired_english::m139_200114_205038,PAIRED_ENGLISH,paired,domain_b,1.373786130194189,3.5595349723763685,1.3734887205898956
hybrid_vs_paired_all,PAIRED_ENGLISH::paired_english::m15_190315_142052_cell1::MountainSort4::71,PAIRED_ENGLISH::paired_english::m15_190315_142052_cell1,PAIRED_ENGLISH,paired,domain_b,6.473959994138467,4.630491302608887,0.9599602446673241
hybrid_vs_paired_all,PAIRED_MEA64C_YGER::paired_mea64c::20170621_patch1::HerdingSpikes2::190,PAIRED_MEA64C_YGER::paired_mea64c::20170621_patch1,PAIRED_MEA64C_YGER,paired,domain_b,-0.23213134989823592,1.548605008127147,-5.312710017604888
hybrid_vs_paired_all,PAIRED_KAMPFF::paired_kampff::2015_09_03_Pair_9_0B::JRClust::48,PAIRED_KAMPFF::paired_kampff::2015_09_03_Pair_9_0B,PAIRED_KAMPFF,paired,domain_b,16.584755746352037,-0.6245897308250933,-0.5562005637317907
hybrid_vs_paired_all,PAIRED_ENGLISH::paired_english::m139_200114_205038::KiloSort::4,PAIRED_ENGLISH::paired_english::m139_200114_205038,PAIRED_ENGLISH,paired,domain_b,1.7091937330426734,3.172632645372084,-1.6380833065964362
hybrid_vs_paired_all,PAIRED_ENGLISH::paired_english::m57_191105_153915::KiloSort::111,PAIRED_ENGLISH::paired_english::m57_191105_153915,PAIRED_ENGLISH,paired,domain_b,-8.594062246462252,6.761840337908539,-0.5395406176473219
hybrid_vs_paired_all,PAIRED_KAMPFF::paired_kampff::2015_09_03_Pair_9_0A::KiloSort2::24,PAIRED_KAMPFF::paired_kampff::2015_09_03_Pair_9_0A,PAIRED_KAMPFF,paired,domain_b,15.570896351069516,-2.0946277707140757,0.027639794652033662
hybrid_vs_paired_all,PAIRED_BOYDEN::paired_boyden32c::419_1_8::MountainSort4::83,PAIRED_BOYDEN::paired_boyden32c::419_1_8,PAIRED_BOYDEN,paired,domain_b,7.801334673460523,-1.2090783551838753,0.45717599492262107
hybrid_vs_paired_all,PAIRED_KAMPFF::paired_kampff::2015_09_03_Pair_9_0A::HerdingSpikes2::5,PAIRED_KAMPFF::paired_kampff::2015_09_03_Pair_9_0A,PAIRED_KAMPFF,paired,domain_b,13.540538386313427,1.9326134224538136,-0.47942320129228433
hybrid_vs_paired_all,PAIRED_ENGLISH::paired_english::m15_190315_152315_cell1::SpykingCircus::6,PAIRED_ENGLISH::paired_english::m15_190315_152315_cell1,PAIRED_ENGLISH,paired,domain_b,0.1936611774708303,3.50594937442216,-3.450563358407967
hybrid_vs_paired_all,PAIRED_MEA64C_YGER::paired_mea64c::20170622_patch2::HerdingSpikes2::118,PAIRED_MEA64C_YGER::paired_mea64c::20170622_patch2,PAIRED_MEA64C_YGER,paired,domain_b,-0.970600467611193,0.8872439522662785,-3.761111852313446
hybrid_vs_paired_all,PAIRED_MEA64C_YGER::paired_mea64c::20170621_patch1::Tridesclous::32,PAIRED_MEA64C_YGER::paired_mea64c::20170621_patch1,PAIRED_MEA64C_YGER,paired,domain_b,-1.2844826694294729,0.2892519352789982,-4.37940482076891
hybrid_vs_paired_all,PAIRED_MEA64C_YGER::paired_mea64c::20160415_patch2::JRClust::109,PAIRED_MEA64C_YGER::paired_mea64c::20160415_patch2,PAIRED_MEA64C_YGER,paired,domain_b,-1.1569059878453232,1.3391002461757218,-5.634650259476337
hybrid_vs_paired_all,PAIRED_MEA64C_YGER::paired_mea64c::20170621_patch1::SpykingCircus::76,PAIRED_MEA64C_YGER::paired_mea64c::20170621_patch1,PAIRED_MEA64C_YGER,paired,domain_b,-0.3757242955973321,1.850674112807116,-5.101772118851942
hybrid_vs_paired_all,PAIRED_MEA64C_YGER::paired_mea64c::20170622_patch2::HerdingSpikes2::87,PAIRED_MEA64C_YGER::paired_mea64c::20170622_patch2,PAIRED_MEA64C_YGER,paired,domain_b,-1.7699241626750086,0.41927550231540683,-2.689189663844308
hybrid_vs_paired_all,PAIRED_ENGLISH::paired_english::m139_200114_205038::IronClust::19,PAIRED_ENGLISH::paired_english::m139_200114_205038,PAIRED_ENGLISH,paired,domain_b,2.17244642750662,3.776831496248655,-0.8880426679620368
hybrid_vs_paired_all,PAIRED_BOYDEN::paired_boyden32c::419_1_7::KiloSort::18,PAIRED_BOYDEN::paired_boyden32c::419_1_7,PAIRED_BOYDEN,paired,domain_b,5.1358514016317836,-0.895490570334568,0.25234840109569034
hybrid_vs_paired_all,PAIRED_ENGLISH::paired_english::m14_190326_155432::SpykingCircus::1,PAIRED_ENGLISH::paired_english::m14_190326_155432,PAIRED_ENGLISH,paired,domain_b,-1.3263559579104895,5.647173408275902,-4.865004480690231
hybrid_vs_paired_all,PAIRED_BOYDEN::paired_boyden32c::419_1_7::JRClust::14,PAIRED_BOYDEN::paired_boyden32c::419_1_7,PAIRED_BOYDEN,paired,domain_b,7.2306565253246555,-1.643117939610295,0.3036484282334296
hybrid_vs_paired_all,PAIRED_MEA64C_YGER::paired_mea64c::20170621_patch1::HerdingSpikes2::104,PAIRED_MEA64C_YGER::paired_mea64c::20170621_patch1,PAIRED_MEA64C_YGER,paired,domain_b,-0.48502857091795165,1.5481926015331677,-5.38131057689021
hybrid_vs_paired_all,PAIRED_KAMPFF::paired_kampff::2015_09_03_Pair_9_0B::SpykingCircus::23,PAIRED_KAMPFF::paired_kampff::2015_09_03_Pair_9_0B,PAIRED_KAMPFF,paired,domain_b,19.174430716053696,-1.723493191227729,0.22799505132682166
hybrid_vs_paired_all,PAIRED_KAMPFF::paired_kampff::c14::KiloSort::78,PAIRED_KAMPFF::paired_kampff::c14,PAIRED_KAMPFF,paired,domain_b,-1.6633504695780121,0.6053294156644479,-3.030485861094983
hybrid_vs_paired_all,PAIRED_ENGLISH::paired_english::m15_190315_150831_cell1::MountainSort4::23,PAIRED_ENGLISH::paired_english::m15_190315_150831_cell1,PAIRED_ENGLISH,paired,domain_b,-5.0962127534616695,1.7320816007312314,2.5699768789694635
hybrid_vs_paired_all,PAIRED_ENGLISH::paired_english::m113_191125_204935::MountainSort4::24,PAIRED_ENGLISH::paired_english::m113_191125_204935,PAIRED_ENGLISH,paired,domain_b,0.8629698400155176,2.4986815259730313,-3.4896170246147107
hybrid_vs_paired_all,PAIRED_MEA64C_YGER::paired_mea64c::20170622_patch1::KiloSort::37,PAIRED_MEA64C_YGER::paired_mea64c::20170622_patch1,PAIRED_MEA64C_YGER,paired,domain_b,-1.5185647585743471,0.401641037822006,-4.305430621505653
hybrid_vs_paired_all,PAIRED_MEA64C_YGER::paired_mea64c::20160415_patch2::HerdingSpikes2::10,PAIRED_MEA64C_YGER::paired_mea64c::20160415_patch2,PAIRED_MEA64C_YGER,paired,domain_b,-0.4365821148647181,1.4537982414342683,-5.800399192180318
hybrid_vs_paired_all,PAIRED_ENGLISH::paired_english::m139_200114_191955::SpykingCircus::28,PAIRED_ENGLISH::paired_english::m139_200114_191955,PAIRED_ENGLISH,paired,domain_b,3.9712197625752874,1.1106123126487992,-1.7126842374630102
hybrid_vs_paired_all,PAIRED_MEA64C_YGER::paired_mea64c::20160415_patch2::HerdingSpikes2::249,PAIRED_MEA64C_YGER::paired_mea64c::20160415_patch2,PAIRED_MEA64C_YGER,paired,domain_b,-0.4918673037614676,1.5941692132502598,-5.131874020904959
hybrid_vs_paired_all,PAIRED_KAMPFF::paired_kampff::2015_09_03_Pair_9_0A::Tridesclous::16,PAIRED_KAMPFF::paired_kampff::2015_09_03_Pair_9_0A,PAIRED_KAMPFF,paired,domain_b,18.617588201373447,-2.2140633808898356,1.4360508644732923
hybrid_vs_paired_all,PAIRED_MEA64C_YGER::paired_mea64c::20160415_patch2::SpykingCircus::19,PAIRED_MEA64C_YGER::paired_mea64c::20160415_patch2,PAIRED_MEA64C_YGER,paired,domain_b,0.4254691316970008,3.0002227632587197,-6.186605142111411
hybrid_vs_paired_all,PAIRED_KAMPFF::paired_kampff::2015_09_03_Pair_9_0B::MountainSort4::27,PAIRED_KAMPFF::paired_kampff::2015_09_03_Pair_9_0B,PAIRED_KAMPFF,paired,domain_b,13.745053734857608,0.5705284842192799,-0.7309941761496318
hybrid_vs_paired_all,PAIRED_KAMPFF::paired_kampff::c14::KiloSort2::47,PAIRED_KAMPFF::paired_kampff::c14,PAIRED_KAMPFF,paired,domain_b,-3.1868299806361637,-1.4854339144147053,-1.3921799660412622
hybrid_vs_paired_all,PAIRED_ENGLISH::paired_english::m57_191105_141906::SpykingCircus::45,PAIRED_ENGLISH::paired_english::m57_191105_141906,PAIRED_ENGLISH,paired,domain_b,2.636735863937597,2.621453216251001,-0.665993675329008
hybrid_vs_paired_all,PAIRED_KAMPFF::paired_kampff::2015_09_03_Pair_9_0A::HerdingSpikes2::77,PAIRED_KAMPFF::paired_kampff::2015_09_03_Pair_9_0A,PAIRED_KAMPFF,paired,domain_b,17.457931479054068,-1.7313875815675241,0.8610918207652032
hybrid_vs_paired_all,PAIRED_MEA64C_YGER::paired_mea64c::20170621_patch1::KiloSort2::1,PAIRED_MEA64C_YGER::paired_mea64c::20170621_patch1,PAIRED_MEA64C_YGER,paired,domain_b,-0.601812227986031,1.5169865973285503,-4.333497653294567
hybrid_vs_paired_all,PAIRED_ENGLISH::paired_english::m57_191105_153915::KiloSort2::33,PAIRED_ENGLISH::paired_english::m57_191105_153915,PAIRED_ENGLISH,paired,domain_b,-10.20953393947911,13.665255645184086,-0.33369413774478707
hybrid_vs_paired_all,PAIRED_BOYDEN::paired_boyden32c::1103_1_1::MountainSort4::7,PAIRED_BOYDEN::paired_boyden32c::1103_1_1,PAIRED_BOYDEN,paired,domain_b,6.376832949595826,-1.5961832660512099,0.5535882918431818
hybrid_vs_paired_all,PAIRED_ENGLISH::paired_english::m139_200114_205038::MountainSort4::66,PAIRED_ENGLISH::paired_english::m139_200114_205038,PAIRED_ENGLISH,paired,domain_b,1.3529040458696238,0.4311914661061918,-0.1764134038558374
hybrid_vs_paired_all,PAIRED_ENGLISH::paired_english::m139_200114_205038::MountainSort4::59,PAIRED_ENGLISH::paired_english::m139_200114_205038,PAIRED_ENGLISH,paired,domain_b,0.1811894125144788,2.627881563238948,2.0112693941804625
hybrid_vs_paired_all,PAIRED_KAMPFF::paired_kampff::2015_09_03_Pair_9_0B::IronClust::27,PAIRED_KAMPFF::paired_kampff::2015_09_03_Pair_9_0B,PAIRED_KAMPFF,paired,domain_b,18.08828151884357,-2.634410145764099,-0.1477166474380373
hybrid_vs_paired_all,PAIRED_KAMPFF::paired_kampff::2015_09_03_Pair_9_0A::JRClust::74,PAIRED_KAMPFF::paired_kampff::2015_09_03_Pair_9_0A,PAIRED_KAMPFF,paired,domain_b,18.583044572423706,-2.3026989558323345,1.2101866273162014
hybrid_vs_paired_all,PAIRED_ENGLISH::paired_english::m139_200114_191955::IronClust::11,PAIRED_ENGLISH::paired_english::m139_200114_191955,PAIRED_ENGLISH,paired,domain_b,1.0527853081799168,2.2829414042603555,-1.7809793696805758
hybrid_vs_paired_all,PAIRED_MEA64C_YGER::paired_mea64c::20170621_patch1::SpykingCircus::27,PAIRED_MEA64C_YGER::paired_mea64c::20170621_patch1,PAIRED_MEA64C_YGER,paired,domain_b,0.0152347150298027,1.6509684969168577,-6.273837389843718
hybrid_vs_paired_all,PAIRED_KAMPFF::paired_kampff::2014_11_25_Pair_3_0::MountainSort4::11,PAIRED_KAMPFF::paired_kampff::2014_11_25_Pair_3_0,PAIRED_KAMPFF,paired,domain_b,20.012723647926038,-2.3669033543601197,2.12044442661228
hybrid_vs_paired_all,PAIRED_ENGLISH::paired_english::m139_200114_222743::SpykingCircus::45,PAIRED_ENGLISH::paired_english::m139_200114_222743,PAIRED_ENGLISH,paired,domain_b,-2.8572683213434202,3.716791798704699,-1.7938485032284857
hybrid_vs_paired_all,PAIRED_ENGLISH::paired_english::m139_200114_205038::MountainSort4::23,PAIRED_ENGLISH::paired_english::m139_200114_205038,PAIRED_ENGLISH,paired,domain_b,2.744569521860526,3.8429960804881778,-2.922996480834049
hybrid_vs_paired_all,PAIRED_KAMPFF::paired_kampff::2015_09_03_Pair_9_0A::KiloSort2::113,PAIRED_KAMPFF::paired_kampff::2015_09_03_Pair_9_0A,PAIRED_KAMPFF,paired,domain_b,18.243302653261573,-0.8332739129001105,0.6122371266619288
hybrid_vs_paired_all,PAIRED_ENGLISH::paired_english::m139_200114_205038::KiloSort::108,PAIRED_ENGLISH::paired_english::m139_200114_205038,PAIRED_ENGLISH,paired,domain_b,1.2018089911888845,2.6515500328676977,-2.8870728754773256
hybrid_vs_paired_all,PAIRED_MEA64C_YGER::paired_mea64c::20170622_patch2::HerdingSpikes2::111,PAIRED_MEA64C_YGER::paired_mea64c::20170622_patch2,PAIRED_MEA64C_YGER,paired,domain_b,-1.4990021105057472,0.19447545069310732,-2.513133585821738
hybrid_vs_paired_all,PAIRED_KAMPFF::paired_kampff::2015_09_03_Pair_9_0B::JRClust::22,PAIRED_KAMPFF::paired_kampff::2015_09_03_Pair_9_0B,PAIRED_KAMPFF,paired,domain_b,12.759962857209532,1.8840402280726012,-2.2646929087618224
hybrid_vs_paired_all,PAIRED_ENGLISH::paired_english::m57_191105_160026::MountainSort4::30,PAIRED_ENGLISH::paired_english::m57_191105_160026,PAIRED_ENGLISH,paired,domain_b,-13.12210920058911,15.071546844675913,2.2344294193164274
hybrid_vs_paired_all,PAIRED_MEA64C_YGER::paired_mea64c::20160415_patch2::KiloSort::218,PAIRED_MEA64C_YGER::paired_mea64c::20160415_patch2,PAIRED_MEA64C_YGER,paired,domain_b,-1.2270503111799609,0.08748994376179298,-3.547116736998379
hybrid_vs_paired_all,PAIRED_KAMPFF::paired_kampff::2015_09_03_Pair_9_0B::KiloSort::253,PAIRED_KAMPFF::paired_kampff::2015_09_03_Pair_9_0B,PAIRED_KAMPFF,paired,domain_b,17.432198568716256,-1.6051719027363647,0.7061634124809577
hybrid_vs_paired_all,PAIRED_MEA64C_YGER::paired_mea64c::20170622_patch2::IronClust::1,PAIRED_MEA64C_YGER::paired_mea64c::20170622_patch2,PAIRED_MEA64C_YGER,paired,domain_b,-0.588488730915399,0.9226027682074139,-5.07492756709283
hybrid_vs_paired_all,PAIRED_KAMPFF::paired_kampff::c14::KiloSort::6,PAIRED_KAMPFF::paired_kampff::c14,PAIRED_KAMPFF,paired,domain_b,-3.336021744330337,-1.6961848831884174,-1.057638726756527
hybrid_vs_paired_all,PAIRED_KAMPFF::paired_kampff::c14::IronClust::28,PAIRED_KAMPFF::paired_kampff::c14,PAIRED_KAMPFF,paired,domain_b,-3.036880116680138,-1.0357807195951172,-0.8871821279695609
hybrid_vs_paired_all,PAIRED_BOYDEN::paired_boyden32c::419_1_8::KiloSort::16,PAIRED_BOYDEN::paired_boyden32c::419_1_8,PAIRED_BOYDEN,paired,domain_b,7.783895684106892,-1.5862369541156836,0.3518894685641412
hybrid_vs_paired_all,PAIRED_BOYDEN::paired_boyden32c::1103_1_1::MountainSort4::36,PAIRED_BOYDEN::paired_boyden32c::1103_1_1,PAIRED_BOYDEN,paired,domain_b,6.024981396996499,-2.041659438253019,0.6293248928082803
hybrid_vs_paired_all,PAIRED_CRCNS_HC1::paired_crcns::d11222_d11222.002::JRClust::6,PAIRED_CRCNS_HC1::paired_crcns::d11222_d11222.002,PAIRED_CRCNS_HC1,paired,domain_b,3.999661560196903,2.779056402001581,-3.3196676503995834
hybrid_vs_paired_all,PAIRED_CRCNS_HC1::paired_crcns::d11221_d11221.001::SpykingCircus::0,PAIRED_CRCNS_HC1::paired_crcns::d11221_d11221.001,PAIRED_CRCNS_HC1,paired,domain_b,0.07239305321215347,2.9008406133447324,-2.248167185156502
hybrid_vs_paired_all,PAIRED_ENGLISH::paired_english::m15_190315_142052_cell1::KiloSort::67,PAIRED_ENGLISH::paired_english::m15_190315_142052_cell1,PAIRED_ENGLISH,paired,domain_b,1.3159510830121064,5.693199787663191,3.313133339558633
hybrid_vs_paired_all,PAIRED_KAMPFF::paired_kampff::2015_09_03_Pair_9_0A::SpykingCircus::26,PAIRED_KAMPFF::paired_kampff::2015_09_03_Pair_9_0A,PAIRED_KAMPFF,paired,domain_b,17.72735228597313,-2.863078313719059,3.048447800413145
hybrid_vs_paired_all,PAIRED_ENGLISH::paired_english::m14_190326_155432::KiloSort::0,PAIRED_ENGLISH::paired_english::m14_190326_155432,PAIRED_ENGLISH,paired,domain_b,10.415566610566534,0.1327534834177681,0.06323192791710212
hybrid_vs_paired_all,PAIRED_ENGLISH::paired_english::m113_191125_204935::MountainSort4::13,PAIRED_ENGLISH::paired_english::m113_191125_204935,PAIRED_ENGLISH,paired,domain_b,3.904902280521569,1.7053121163852234,-1.9035295894773685
hybrid_vs_paired_all,PAIRED_ENGLISH::paired_english::m57_191105_161455::KiloSort2::27,PAIRED_ENGLISH::paired_english::m57_191105_161455,PAIRED_ENGLISH,paired,domain_b,0.627567378867346,2.368921981002937,-1.3469772939726228
hybrid_vs_paired_all,PAIRED_MEA64C_YGER::paired_mea64c::20160415_patch2::JRClust::61,PAIRED_MEA64C_YGER::paired_mea64c::20160415_patch2,PAIRED_MEA64C_YGER,paired,domain_b,-1.9843994287365507,0.3729231116965253,-3.8107045728803373
hybrid_vs_paired_all,PAIRED_MEA64C_YGER::paired_mea64c::20170622_patch1::MountainSort4::46,PAIRED_MEA64C_YGER::paired_mea64c::20170622_patch1,PAIRED_MEA64C_YGER,paired,domain_b,-1.785570908908859,0.4780710171726675,-4.561003805320616
hybrid_vs_paired_all,PAIRED_MEA64C_YGER::paired_mea64c::20170621_patch1::MountainSort4::7,PAIRED_MEA64C_YGER::paired_mea64c::20170621_patch1,PAIRED_MEA64C_YGER,paired,domain_b,0.5444117866155394,1.431999092076028,-3.859552187325815
hybrid_vs_paired_all,PAIRED_MEA64C_YGER::paired_mea64c::20170621_patch1::KiloSort2::93,PAIRED_MEA64C_YGER::paired_mea64c::20170621_patch1,PAIRED_MEA64C_YGER,paired,domain_b,-0.5641723466866451,1.381909823387335,-4.402607362397698
hybrid_vs_paired_all,PAIRED_ENGLISH::paired_english::m139_200114_222743::KiloSort2::5,PAIRED_ENGLISH::paired_english::m139_200114_222743,PAIRED_ENGLISH,paired,domain_b,3.3638519920391037,3.2962592987868065,-0.028205583315134796
hybrid_vs_paired_all,PAIRED_ENGLISH::paired_english::m15_190315_142052_cell1::IronClust::5,PAIRED_ENGLISH::paired_english::m15_190315_142052_cell1,PAIRED_ENGLISH,paired,domain_b,0.03246078676002785,4.706995648894372,-0.4701343600030304
hybrid_vs_paired_all,PAIRED_KAMPFF::paired_kampff::2015_09_03_Pair_9_0A::MountainSort4::16,PAIRED_KAMPFF::paired_kampff::2015_09_03_Pair_9_0A,PAIRED_KAMPFF,paired,domain_b,11.530308183807595,1.7856046253219473,1.7425881533892915
hybrid_vs_paired_all,PAIRED_MEA64C_YGER::paired_mea64c::20170622_patch2::IronClust::9,PAIRED_MEA64C_YGER::paired_mea64c::20170622_patch2,PAIRED_MEA64C_YGER,paired,domain_b,-1.0118124215562059,0.8313492870329819,-5.313653085988395
hybrid_vs_paired_all,PAIRED_CRCNS_HC1::paired_crcns::d11222_d11222.002::KiloSort2::0,PAIRED_CRCNS_HC1::paired_crcns::d11222_d11222.002,PAIRED_CRCNS_HC1,paired,domain_b,-12.564302191731153,12.116670921258304,1.0729814259617314
hybrid_vs_paired_all,PAIRED_ENGLISH::paired_english::m139_200114_222743::SpykingCircus::21,PAIRED_ENGLISH::paired_english::m139_200114_222743,PAIRED_ENGLISH,paired,domain_b,-1.681423663555744,4.354833529830547,-3.9067594418601677
hybrid_vs_paired_all,PAIRED_ENGLISH::paired_english::m139_200114_191955::KiloSort2::25,PAIRED_ENGLISH::paired_english::m139_200114_191955,PAIRED_ENGLISH,paired,domain_b,-1.5111213793297138,3.6053566578132754,-2.773094876796839
hybrid_vs_paired_all,PAIRED_MEA64C_YGER::paired_mea64c::20170621_patch1::KiloSort2::19,PAIRED_MEA64C_YGER::paired_mea64c::20170621_patch1,PAIRED_MEA64C_YGER,paired,domain_b,0.09300962262558833,2.2203626476866796,-4.845031127651867
hybrid_vs_paired_all,PAIRED_ENGLISH::paired_english::m139_200114_191955::MountainSort4::36,PAIRED_ENGLISH::paired_english::m139_200114_191955,PAIRED_ENGLISH,paired,domain_b,2.119492476622353,0.19157331815703332,-0.3690524014349569
hybrid_vs_paired_all,PAIRED_KAMPFF::paired_kampff::2014_11_25_Pair_3_0::KiloSort2::52,PAIRED_KAMPFF::paired_kampff::2014_11_25_Pair_3_0,PAIRED_KAMPFF,paired,domain_b,20.191220788875263,-0.800000770316949,2.4257226989941265
hybrid_vs_paired_all,PAIRED_KAMPFF::paired_kampff::c14::HerdingSpikes2::81,PAIRED_KAMPFF::paired_kampff::c14,PAIRED_KAMPFF,paired,domain_b,-1.5230205410246576,0.08691074553973369,-2.2007249202008903
hybrid_vs_paired_all,PAIRED_MEA64C_YGER::paired_mea64c::20170621_patch1::MountainSort4::133,PAIRED_MEA64C_YGER::paired_mea64c::20170621_patch1,PAIRED_MEA64C_YGER,paired,domain_b,-0.16342764667109883,1.7737268313557337,-5.769894201551767
hybrid_vs_paired_all,PAIRED_MEA64C_YGER::paired_mea64c::20160415_patch2::JRClust::129,PAIRED_MEA64C_YGER::paired_mea64c::20160415_patch2,PAIRED_MEA64C_YGER,paired,domain_b,-0.6952811372157154,0.6553037809769537,-4.871058002465026
hybrid_vs_paired_all,PAIRED_MEA64C_YGER::paired_mea64c::20170622_patch2::KiloSort2::3,PAIRED_MEA64C_YGER::paired_mea64c::20170622_patch2,PAIRED_MEA64C_YGER,paired,domain_b,-0.12348622019077196,1.2880153610663367,-4.967813673306827
hybrid_vs_paired_all,PAIRED_KAMPFF::paired_kampff::2015_09_03_Pair_9_0A::HerdingSpikes2::41,PAIRED_KAMPFF::paired_kampff::2015_09_03_Pair_9_0A,PAIRED_KAMPFF,paired,domain_b,15.763314846990053,-2.0886245274104955,0.801066785596006
hybrid_vs_paired_all,PAIRED_KAMPFF::paired_kampff::2015_09_03_Pair_9_0A::MountainSort4::39,PAIRED_KAMPFF::paired_kampff::2015_09_03_Pair_9_0A,PAIRED_KAMPFF,paired,domain_b,17.648676275950443,-3.7271050629926523,1.9385968342145676
hybrid_vs_paired_all,PAIRED_MEA64C_YGER::paired_mea64c::20160415_patch2::MountainSort4::3,PAIRED_MEA64C_YGER::paired_mea64c::20160415_patch2,PAIRED_MEA64C_YGER,paired,domain_b,-0.8138659571565229,1.5224749104871091,-5.906796446469744
hybrid_vs_paired_all,PAIRED_ENGLISH::paired_english::m26_190524_100859_cell3::SpykingCircus::1,PAIRED_ENGLISH::paired_english::m26_190524_100859_cell3,PAIRED_ENGLISH,paired,domain_b,-2.203768424242347,3.4029455750153383,-1.8186466911033803
hybrid_vs_paired_all,PAIRED_ENGLISH::paired_english::m15_190315_142052_cell1::KiloSort::17,PAIRED_ENGLISH::paired_english::m15_190315_142052_cell1,PAIRED_ENGLISH,paired,domain_b,3.8899008551734604,6.12447514697467,1.9269982648561532
hybrid_vs_paired_all,PAIRED_BOYDEN::paired_boyden32c::419_1_8::Tridesclous::1,PAIRED_BOYDEN::paired_boyden32c::419_1_8,PAIRED_BOYDEN,paired,domain_b,2.7879529003293886,1.5864693466531739,-1.0406371620272727
hybrid_vs_paired_all,PAIRED_ENGLISH::paired_english::m15_190315_152315_cell1::IronClust::20,PAIRED_ENGLISH::paired_english::m15_190315_152315_cell1,PAIRED_ENGLISH,paired,domain_b,2.096489545952369,1.6510644832330637,-0.017513335171910466
