protocol,target,variant_id,family,backend,row_uid,recording_key,study_set,true,pred,abs_error
main,fpos,source_reweighted_cluster_trust_pseudo_lightgbm_default,backend_sweep,lightgbm_default,PAIRED_BOYDEN::paired_boyden32c::1103_1_1::IronClust::4,PAIRED_BOYDEN::paired_boyden32c::1103_1_1,PAIRED_BOYDEN,0.11363636363636363,0.13477676,0.02114039253104817
main,fpos,source_reweighted_cluster_trust_pseudo_lightgbm_default,backend_sweep,lightgbm_default,PAIRED_BOYDEN::paired_boyden32c::1103_1_1::JRClust::18,PAIRED_BOYDEN::paired_boyden32c::1103_1_1,PAIRED_BOYDEN,0.26138147566718994,0.3155647,0.054183216353226316
main,fpos,source_reweighted_cluster_trust_pseudo_lightgbm_default,backend_sweep,lightgbm_default,PAIRED_BOYDEN::paired_boyden32c::1103_1_1::KiloSort::111,PAIRED_BOYDEN::paired_boyden32c::1103_1_1,PAIRED_BOYDEN,0.11241007194244604,0.20125137,0.08884130075252314
main,fpos,source_reweighted_cluster_trust_pseudo_lightgbm_default,backend_sweep,lightgbm_default,PAIRED_BOYDEN::paired_boyden32c::1103_1_1::KiloSort2::33,PAIRED_BOYDEN::paired_boyden32c::1103_1_1,PAIRED_BOYDEN,0.17066290550070523,0.2130896,0.04242669470471622
main,fpos,source_reweighted_cluster_trust_pseudo_lightgbm_default,backend_sweep,lightgbm_default,PAIRED_BOYDEN::paired_boyden32c::1103_1_1::KiloSort2::55,PAIRED_BOYDEN::paired_boyden32c::1103_1_1,PAIRED_BOYDEN,0.3333333333333333,0.20042834,0.13290499647458393
main,fpos,source_reweighted_cluster_trust_pseudo_lightgbm_default,backend_sweep,lightgbm_default,PAIRED_BOYDEN::paired_boyden32c::1103_1_1::KiloSort2::60,PAIRED_BOYDEN::paired_boyden32c::1103_1_1,PAIRED_BOYDEN,0.15878378378378377,0.08859962,0.0701841615341805
main,fpos,source_reweighted_cluster_trust_pseudo_lightgbm_default,backend_sweep,lightgbm_default,PAIRED_BOYDEN::paired_boyden32c::1103_1_1::Klusta::12,PAIRED_BOYDEN::paired_boyden32c::1103_1_1,PAIRED_BOYDEN,0.156686626746507,0.22215673,0.06547010652795285
main,fpos,source_reweighted_cluster_trust_pseudo_lightgbm_default,backend_sweep,lightgbm_default,PAIRED_BOYDEN::paired_boyden32c::1103_1_1::MountainSort4::26,PAIRED_BOYDEN::paired_boyden32c::1103_1_1,PAIRED_BOYDEN,0.30532212885154064,0.30369622,0.0016259136988001632
main,fpos,source_reweighted_cluster_trust_pseudo_lightgbm_default,backend_sweep,lightgbm_default,PAIRED_BOYDEN::paired_boyden32c::1103_1_1::SpykingCircus::27,PAIRED_BOYDEN::paired_boyden32c::1103_1_1,PAIRED_BOYDEN,0.12258064516129032,0.22759694,0.10501629344878659
main,fpos,source_reweighted_cluster_trust_pseudo_lightgbm_default,backend_sweep,lightgbm_default,PAIRED_BOYDEN::paired_boyden32c::1103_1_1::Tridesclous::3,PAIRED_BOYDEN::paired_boyden32c::1103_1_1,PAIRED_BOYDEN,0.2613268608414239,0.34015822,0.07883136326441104
main,fpos,source_reweighted_cluster_trust_pseudo_lightgbm_default,backend_sweep,lightgbm_default,PAIRED_BOYDEN::paired_boyden32c::419_1_8::IronClust::14,PAIRED_BOYDEN::paired_boyden32c::419_1_8,PAIRED_BOYDEN,0.0663265306122449,0.037127826,0.02919870424939662
main,fpos,source_reweighted_cluster_trust_pseudo_lightgbm_default,backend_sweep,lightgbm_default,PAIRED_BOYDEN::paired_boyden32c::419_1_8::IronClust::4,PAIRED_BOYDEN::paired_boyden32c::419_1_8,PAIRED_BOYDEN,0.05829903978052126,0.06611895,0.007819908381080758
main,fpos,source_reweighted_cluster_trust_pseudo_lightgbm_default,backend_sweep,lightgbm_default,PAIRED_BOYDEN::paired_boyden32c::419_1_8::JRClust::24,PAIRED_BOYDEN::paired_boyden32c::419_1_8,PAIRED_BOYDEN,0.08062093139709564,0.020859366,0.05976156511427494
main,fpos,source_reweighted_cluster_trust_pseudo_lightgbm_default,backend_sweep,lightgbm_default,PAIRED_BOYDEN::paired_boyden32c::419_1_8::JRClust::8,PAIRED_BOYDEN::paired_boyden32c::419_1_8,PAIRED_BOYDEN,0.03907637655417407,0.0273852,0.011691177111668234
main,fpos,source_reweighted_cluster_trust_pseudo_lightgbm_default,backend_sweep,lightgbm_default,PAIRED_BOYDEN::paired_boyden32c::419_1_8::KiloSort::17,PAIRED_BOYDEN::paired_boyden32c::419_1_8,PAIRED_BOYDEN,0.06424161521775405,0.012951147,0.05129046840650718
main,fpos,source_reweighted_cluster_trust_pseudo_lightgbm_default,backend_sweep,lightgbm_default,PAIRED_BOYDEN::paired_boyden32c::419_1_8::KiloSort2::27,PAIRED_BOYDEN::paired_boyden32c::419_1_8,PAIRED_BOYDEN,0.1342059838895282,0.05962956,0.07457642437262146
main,fpos,source_reweighted_cluster_trust_pseudo_lightgbm_default,backend_sweep,lightgbm_default,PAIRED_BOYDEN::paired_boyden32c::419_1_8::KiloSort2::46,PAIRED_BOYDEN::paired_boyden32c::419_1_8,PAIRED_BOYDEN,0.02341480088873697,0.011682209,0.011732592261274582
main,fpos,source_reweighted_cluster_trust_pseudo_lightgbm_default,backend_sweep,lightgbm_default,PAIRED_BOYDEN::paired_boyden32c::419_1_8::MountainSort4::42,PAIRED_BOYDEN::paired_boyden32c::419_1_8,PAIRED_BOYDEN,0.16482219271063892,0.12347929,0.04134290091395465
main,fpos,source_reweighted_cluster_trust_pseudo_lightgbm_default,backend_sweep,lightgbm_default,PAIRED_BOYDEN::paired_boyden32c::419_1_8::SpykingCircus::24,PAIRED_BOYDEN::paired_boyden32c::419_1_8,PAIRED_BOYDEN,0.24721080446271285,0.097486824,0.1497239806654869
main,fpos,source_reweighted_cluster_trust_pseudo_lightgbm_default,backend_sweep,lightgbm_default,PAIRED_BOYDEN::paired_boyden32c::419_1_8::SpykingCircus::28,PAIRED_BOYDEN::paired_boyden32c::419_1_8,PAIRED_BOYDEN,0.029543112332531776,0.021504926,0.008038186768600311
main,fpos,source_reweighted_cluster_trust_pseudo_lightgbm_default,backend_sweep,lightgbm_default,PAIRED_BOYDEN::paired_boyden32c::419_1_8::Tridesclous::0,PAIRED_BOYDEN::paired_boyden32c::419_1_8,PAIRED_BOYDEN,0.15585806056898133,0.16175947,0.005901405363864742
main,fpos,source_reweighted_cluster_trust_pseudo_lightgbm_default,backend_sweep,lightgbm_default,PAIRED_CRCNS_HC1::paired_crcns::d11221_d11221.001::SpykingCircus::6,PAIRED_CRCNS_HC1::paired_crcns::d11221_d11221.001,PAIRED_CRCNS_HC1,0.8835978835978836,0.4066025,0.47699538172868194
main,fpos,source_reweighted_cluster_trust_pseudo_lightgbm_default,backend_sweep,lightgbm_default,PAIRED_CRCNS_HC1::paired_crcns::d11222_d11222.002::IronClust::2,PAIRED_CRCNS_HC1::paired_crcns::d11222_d11222.002,PAIRED_CRCNS_HC1,0.04466019417475728,0.13654162,0.09188142572213145
main,fpos,source_reweighted_cluster_trust_pseudo_lightgbm_default,backend_sweep,lightgbm_default,PAIRED_CRCNS_HC1::paired_crcns::d11222_d11222.002::JRClust::3,PAIRED_CRCNS_HC1::paired_crcns::d11222_d11222.002,PAIRED_CRCNS_HC1,0.039337474120082816,0.05378742,0.014449947315034906
main,fpos,source_reweighted_cluster_trust_pseudo_lightgbm_default,backend_sweep,lightgbm_default,PAIRED_CRCNS_HC1::paired_crcns::d11222_d11222.002::KiloSort::1,PAIRED_CRCNS_HC1::paired_crcns::d11222_d11222.002,PAIRED_CRCNS_HC1,0.03337783711615487,0.07250394,0.039126102154818335
main,fpos,source_reweighted_cluster_trust_pseudo_lightgbm_default,backend_sweep,lightgbm_default,PAIRED_CRCNS_HC1::paired_crcns::d11222_d11222.002::KiloSort2::10,PAIRED_CRCNS_HC1::paired_crcns::d11222_d11222.002,PAIRED_CRCNS_HC1,0.550417469492614,0.0496708,0.5007466689259408
main,fpos,source_reweighted_cluster_trust_pseudo_lightgbm_default,backend_sweep,lightgbm_default,PAIRED_CRCNS_HC1::paired_crcns::d11222_d11222.002::Klusta::2,PAIRED_CRCNS_HC1::paired_crcns::d11222_d11222.002,PAIRED_CRCNS_HC1,0.008777852802160702,0.05452397,0.045746118129607716
main,fpos,source_reweighted_cluster_trust_pseudo_lightgbm_default,backend_sweep,lightgbm_default,PAIRED_CRCNS_HC1::paired_crcns::d11222_d11222.002::MountainSort4::4,PAIRED_CRCNS_HC1::paired_crcns::d11222_d11222.002,PAIRED_CRCNS_HC1,0.360427807486631,0.21411826,0.14630955032167586
main,fpos,source_reweighted_cluster_trust_pseudo_lightgbm_default,backend_sweep,lightgbm_default,PAIRED_CRCNS_HC1::paired_crcns::d11222_d11222.002::SpykingCircus::4,PAIRED_CRCNS_HC1::paired_crcns::d11222_d11222.002,PAIRED_CRCNS_HC1,0.11986754966887417,0.05924295,0.06062460077914181
main,fpos,source_reweighted_cluster_trust_pseudo_lightgbm_default,backend_sweep,lightgbm_default,PAIRED_CRCNS_HC1::paired_crcns::d11222_d11222.002::Tridesclous::0,PAIRED_CRCNS_HC1::paired_crcns::d11222_d11222.002,PAIRED_CRCNS_HC1,0.021164021164021163,0.12545857,0.1042945471705583
main,fpos,source_reweighted_cluster_trust_pseudo_lightgbm_default,backend_sweep,lightgbm_default,PAIRED_ENGLISH::paired_english::m139_200114_191955::KiloSort2::25,PAIRED_ENGLISH::paired_english::m139_200114_191955,PAIRED_ENGLISH,0.7302739726027397,0.3044527,0.4258212851008324
main,fpos,source_reweighted_cluster_trust_pseudo_lightgbm_default,backend_sweep,lightgbm_default,PAIRED_ENGLISH::paired_english::m139_200114_191955::MountainSort4::36,PAIRED_ENGLISH::paired_english::m139_200114_191955,PAIRED_ENGLISH,0.8735255086994986,0.64117694,0.23234856968887851
main,fpos,source_reweighted_cluster_trust_pseudo_lightgbm_default,backend_sweep,lightgbm_default,PAIRED_ENGLISH::paired_english::m139_200114_191955::SpykingCircus::42,PAIRED_ENGLISH::paired_english::m139_200114_191955,PAIRED_ENGLISH,0.5584045584045584,0.2835378,0.27486675332414456
main,fpos,source_reweighted_cluster_trust_pseudo_lightgbm_default,backend_sweep,lightgbm_default,PAIRED_ENGLISH::paired_english::m139_200114_222743::HerdingSpikes2::5,PAIRED_ENGLISH::paired_english::m139_200114_222743,PAIRED_ENGLISH,0.03257707969749855,0.17507501,0.14249792976771905
main,fpos,source_reweighted_cluster_trust_pseudo_lightgbm_default,backend_sweep,lightgbm_default,PAIRED_ENGLISH::paired_english::m139_200114_222743::IronClust::17,PAIRED_ENGLISH::paired_english::m139_200114_222743,PAIRED_ENGLISH,0.02675196277987787,0.11436754,0.08761557442057302
main,fpos,source_reweighted_cluster_trust_pseudo_lightgbm_default,backend_sweep,lightgbm_default,PAIRED_ENGLISH::paired_english::m139_200114_222743::KiloSort::88,PAIRED_ENGLISH::paired_english::m139_200114_222743,PAIRED_ENGLISH,0.015151515151515152,0.22459652,0.20944500014637457
main,fpos,source_reweighted_cluster_trust_pseudo_lightgbm_default,backend_sweep,lightgbm_default,PAIRED_ENGLISH::paired_english::m139_200114_222743::KiloSort2::26,PAIRED_ENGLISH::paired_english::m139_200114_222743,PAIRED_ENGLISH,0.028645087367516472,0.15775265,0.12910756062843232
main,fpos,source_reweighted_cluster_trust_pseudo_lightgbm_default,backend_sweep,lightgbm_default,PAIRED_ENGLISH::paired_english::m139_200114_222743::MountainSort4::46,PAIRED_ENGLISH::paired_english::m139_200114_222743,PAIRED_ENGLISH,0.039886039886039885,0.2705158,0.23062975963636
main,fpos,source_reweighted_cluster_trust_pseudo_lightgbm_default,backend_sweep,lightgbm_default,PAIRED_ENGLISH::paired_english::m139_200114_222743::SpykingCircus::44,PAIRED_ENGLISH::paired_english::m139_200114_222743,PAIRED_ENGLISH,0.028064146620847653,0.11836382,0.09029967339553648
main,fpos,source_reweighted_cluster_trust_pseudo_lightgbm_default,backend_sweep,lightgbm_default,PAIRED_ENGLISH::paired_english::m139_200114_222743::Tridesclous::1,PAIRED_ENGLISH::paired_english::m139_200114_222743,PAIRED_ENGLISH,0.3089646722483153,0.2942266,0.01473808542962024
main,fpos,source_reweighted_cluster_trust_pseudo_lightgbm_default,backend_sweep,lightgbm_default,PAIRED_ENGLISH::paired_english::m14_190326_155432::IronClust::22,PAIRED_ENGLISH::paired_english::m14_190326_155432,PAIRED_ENGLISH,0.0481651376146789,0.034874257,0.013290880914401573
main,fpos,source_reweighted_cluster_trust_pseudo_lightgbm_default,backend_sweep,lightgbm_default,PAIRED_ENGLISH::paired_english::m14_190326_155432::MountainSort4::33,PAIRED_ENGLISH::paired_english::m14_190326_155432,PAIRED_ENGLISH,0.1981651376146789,0.35189575,0.1537306119542603
main,fpos,source_reweighted_cluster_trust_pseudo_lightgbm_default,backend_sweep,lightgbm_default,PAIRED_ENGLISH::paired_english::m14_190326_155432::SpykingCircus::38,PAIRED_ENGLISH::paired_english::m14_190326_155432,PAIRED_ENGLISH,0.013363028953229399,0.057435814,0.04407278533800939
main,fpos,source_reweighted_cluster_trust_pseudo_lightgbm_default,backend_sweep,lightgbm_default,PAIRED_ENGLISH::paired_english::m15_190315_142052_cell1::IronClust::40,PAIRED_ENGLISH::paired_english::m15_190315_142052_cell1,PAIRED_ENGLISH,0.2679960401640503,0.24542253,0.022573512970027187
main,fpos,source_reweighted_cluster_trust_pseudo_lightgbm_default,backend_sweep,lightgbm_default,PAIRED_ENGLISH::paired_english::m15_190315_142052_cell1::KiloSort2::48,PAIRED_ENGLISH::paired_english::m15_190315_142052_cell1,PAIRED_ENGLISH,0.8627861694595232,0.37203586,0.4907503084442034
main,fpos,source_reweighted_cluster_trust_pseudo_lightgbm_default,backend_sweep,lightgbm_default,PAIRED_ENGLISH::paired_english::m15_190315_142052_cell1::MountainSort4::62,PAIRED_ENGLISH::paired_english::m15_190315_142052_cell1,PAIRED_ENGLISH,0.8769885383524361,0.34438446,0.5326040767111244
main,fpos,source_reweighted_cluster_trust_pseudo_lightgbm_default,backend_sweep,lightgbm_default,PAIRED_ENGLISH::paired_english::m15_190315_142052_cell1::MountainSort4::64,PAIRED_ENGLISH::paired_english::m15_190315_142052_cell1,PAIRED_ENGLISH,0.14704761904761904,0.10711122,0.03993639600560778
main,fpos,source_reweighted_cluster_trust_pseudo_lightgbm_default,backend_sweep,lightgbm_default,PAIRED_ENGLISH::paired_english::m15_190315_142052_cell1::SpykingCircus::22,PAIRED_ENGLISH::paired_english::m15_190315_142052_cell1,PAIRED_ENGLISH,0.23500526131182042,0.52419883,0.28919356881589564
main,fpos,source_reweighted_cluster_trust_pseudo_lightgbm_default,backend_sweep,lightgbm_default,PAIRED_ENGLISH::paired_english::m15_190315_142052_cell1::SpykingCircus::57,PAIRED_ENGLISH::paired_english::m15_190315_142052_cell1,PAIRED_ENGLISH,0.6499202551834131,0.34280515,0.3071151080123926
main,fpos,source_reweighted_cluster_trust_pseudo_lightgbm_default,backend_sweep,lightgbm_default,PAIRED_ENGLISH::paired_english::m15_190315_152315_cell1::IronClust::35,PAIRED_ENGLISH::paired_english::m15_190315_152315_cell1,PAIRED_ENGLISH,0.002592440987856461,0.07921142,0.07661898032304518
main,fpos,source_reweighted_cluster_trust_pseudo_lightgbm_default,backend_sweep,lightgbm_default,PAIRED_ENGLISH::paired_english::m15_190315_152315_cell1::KiloSort::1,PAIRED_ENGLISH::paired_english::m15_190315_152315_cell1,PAIRED_ENGLISH,6.528267397832615e-05,0.07512614,0.07506085863575983
main,fpos,source_reweighted_cluster_trust_pseudo_lightgbm_default,backend_sweep,lightgbm_default,PAIRED_ENGLISH::paired_english::m15_190315_152315_cell1::KiloSort2::37,PAIRED_ENGLISH::paired_english::m15_190315_152315_cell1,PAIRED_ENGLISH,0.00039059957034047265,0.11258416,0.11219355920785014
main,fpos,source_reweighted_cluster_trust_pseudo_lightgbm_default,backend_sweep,lightgbm_default,PAIRED_ENGLISH::paired_english::m15_190315_152315_cell1::MountainSort4::72,PAIRED_ENGLISH::paired_english::m15_190315_152315_cell1,PAIRED_ENGLISH,0.052174468356855484,0.30467623,0.252501766365282
main,fpos,source_reweighted_cluster_trust_pseudo_lightgbm_default,backend_sweep,lightgbm_default,PAIRED_ENGLISH::paired_english::m15_190315_152315_cell1::SpykingCircus::46,PAIRED_ENGLISH::paired_english::m15_190315_152315_cell1,PAIRED_ENGLISH,0.010891280531030483,0.08008977,0.0691984897264425
main,fpos,source_reweighted_cluster_trust_pseudo_lightgbm_default,backend_sweep,lightgbm_default,PAIRED_ENGLISH::paired_english::m15_190315_152315_cell1::Tridesclous::0,PAIRED_ENGLISH::paired_english::m15_190315_152315_cell1,PAIRED_ENGLISH,0.8482136225209834,0.50013036,0.34808326716285964
main,fpos,source_reweighted_cluster_trust_pseudo_lightgbm_default,backend_sweep,lightgbm_default,PAIRED_ENGLISH::paired_english::m26_190524_100859_cell1::KiloSort::19,PAIRED_ENGLISH::paired_english::m26_190524_100859_cell1,PAIRED_ENGLISH,0.2440677966101695,0.117766745,0.12630105122166166
main,fpos,source_reweighted_cluster_trust_pseudo_lightgbm_default,backend_sweep,lightgbm_default,PAIRED_ENGLISH::paired_english::m26_190524_100859_cell1::KiloSort::8,PAIRED_ENGLISH::paired_english::m26_190524_100859_cell1,PAIRED_ENGLISH,0.6505139500734214,0.24839085,0.4021230966684226
main,fpos,source_reweighted_cluster_trust_pseudo_lightgbm_default,backend_sweep,lightgbm_default,PAIRED_ENGLISH::paired_english::m26_190524_100859_cell1::KiloSort2::0,PAIRED_ENGLISH::paired_english::m26_190524_100859_cell1,PAIRED_ENGLISH,0.38315988647114474,0.292963,0.09019688831936556
main,fpos,source_reweighted_cluster_trust_pseudo_lightgbm_default,backend_sweep,lightgbm_default,PAIRED_ENGLISH::paired_english::m57_191105_141906::IronClust::6,PAIRED_ENGLISH::paired_english::m57_191105_141906,PAIRED_ENGLISH,0.31826625386996904,0.20793362,0.11033263425155321
main,fpos,source_reweighted_cluster_trust_pseudo_lightgbm_default,backend_sweep,lightgbm_default,PAIRED_ENGLISH::paired_english::m57_191105_141906::KiloSort::47,PAIRED_ENGLISH::paired_english::m57_191105_141906,PAIRED_ENGLISH,0.35376344086021505,0.27020413,0.08355931402534567
main,fpos,source_reweighted_cluster_trust_pseudo_lightgbm_default,backend_sweep,lightgbm_default,PAIRED_ENGLISH::paired_english::m57_191105_141906::MountainSort4::21,PAIRED_ENGLISH::paired_english::m57_191105_141906,PAIRED_ENGLISH,0.3323335332933413,0.40734458,0.07501104640331396
main,fpos,source_reweighted_cluster_trust_pseudo_lightgbm_default,backend_sweep,lightgbm_default,PAIRED_ENGLISH::paired_english::m57_191105_141906::MountainSort4::57,PAIRED_ENGLISH::paired_english::m57_191105_141906,PAIRED_ENGLISH,0.23853211009174313,0.21332851,0.025203599568900725
main,fpos,source_reweighted_cluster_trust_pseudo_lightgbm_default,backend_sweep,lightgbm_default,PAIRED_ENGLISH::paired_english::m57_191105_141906::SpykingCircus::12,PAIRED_ENGLISH::paired_english::m57_191105_141906,PAIRED_ENGLISH,0.3535228677379481,0.26198223,0.0915406354057185
main,fpos,source_reweighted_cluster_trust_pseudo_lightgbm_default,backend_sweep,lightgbm_default,PAIRED_ENGLISH::paired_english::m57_191105_141906::SpykingCircus::30,PAIRED_ENGLISH::paired_english::m57_191105_141906,PAIRED_ENGLISH,0.2040332147093713,0.16544488,0.038588333985418055
main,fpos,source_reweighted_cluster_trust_pseudo_lightgbm_default,backend_sweep,lightgbm_default,PAIRED_ENGLISH::paired_english::m57_191105_160026::HerdingSpikes2::1,PAIRED_ENGLISH::paired_english::m57_191105_160026,PAIRED_ENGLISH,0.13630229419703105,0.2330913,0.09678900056844136
main,fpos,source_reweighted_cluster_trust_pseudo_lightgbm_default,backend_sweep,lightgbm_default,PAIRED_ENGLISH::paired_english::m57_191105_160026::IronClust::2,PAIRED_ENGLISH::paired_english::m57_191105_160026,PAIRED_ENGLISH,0.5044008124576845,0.22144379,0.28295702524054434
main,fpos,source_reweighted_cluster_trust_pseudo_lightgbm_default,backend_sweep,lightgbm_default,PAIRED_ENGLISH::paired_english::m57_191105_160026::IronClust::3,PAIRED_ENGLISH::paired_english::m57_191105_160026,PAIRED_ENGLISH,0.05838815789473684,0.23483035,0.17644219178902476
main,fpos,source_reweighted_cluster_trust_pseudo_lightgbm_default,backend_sweep,lightgbm_default,PAIRED_ENGLISH::paired_english::m57_191105_160026::KiloSort::127,PAIRED_ENGLISH::paired_english::m57_191105_160026,PAIRED_ENGLISH,0.5003422313483915,0.1871506,0.31319163377606485
main,fpos,source_reweighted_cluster_trust_pseudo_lightgbm_default,backend_sweep,lightgbm_default,PAIRED_ENGLISH::paired_english::m57_191105_160026::KiloSort::6,PAIRED_ENGLISH::paired_english::m57_191105_160026,PAIRED_ENGLISH,0.02531645569620253,0.19998494,0.17466848221006273
main,fpos,source_reweighted_cluster_trust_pseudo_lightgbm_default,backend_sweep,lightgbm_default,PAIRED_ENGLISH::paired_english::m57_191105_160026::MountainSort4::23,PAIRED_ENGLISH::paired_english::m57_191105_160026,PAIRED_ENGLISH,0.6737967914438503,0.2131593,0.4606374985075252
main,fpos,source_reweighted_cluster_trust_pseudo_lightgbm_default,backend_sweep,lightgbm_default,PAIRED_ENGLISH::paired_english::m57_191105_160026::MountainSort4::25,PAIRED_ENGLISH::paired_english::m57_191105_160026,PAIRED_ENGLISH,0.14568081991215226,0.2762177,0.13053687913875106
main,fpos,source_reweighted_cluster_trust_pseudo_lightgbm_default,backend_sweep,lightgbm_default,PAIRED_ENGLISH::paired_english::m57_191105_160026::SpykingCircus::2,PAIRED_ENGLISH::paired_english::m57_191105_160026,PAIRED_ENGLISH,0.6860282574568289,0.4252762,0.2607520674143332
main,fpos,source_reweighted_cluster_trust_pseudo_lightgbm_default,backend_sweep,lightgbm_default,PAIRED_ENGLISH::paired_english::m57_191105_160026::SpykingCircus::4,PAIRED_ENGLISH::paired_english::m57_191105_160026,PAIRED_ENGLISH,0.056790123456790124,0.29261,0.2358198661863068
main,fpos,source_reweighted_cluster_trust_pseudo_lightgbm_default,backend_sweep,lightgbm_default,PAIRED_ENGLISH::paired_english::m57_191105_160026::Tridesclous::0,PAIRED_ENGLISH::paired_english::m57_191105_160026,PAIRED_ENGLISH,0.8589226823012093,0.58794504,0.27097763826052934
main,fpos,source_reweighted_cluster_trust_pseudo_lightgbm_default,backend_sweep,lightgbm_default,PAIRED_KAMPFF::paired_kampff::c14::HerdingSpikes2::6,PAIRED_KAMPFF::paired_kampff::c14,PAIRED_KAMPFF,0.25090444775484144,0.08866955,0.16223489435575544
main,fpos,source_reweighted_cluster_trust_pseudo_lightgbm_default,backend_sweep,lightgbm_default,PAIRED_KAMPFF::paired_kampff::c14::IronClust::22,PAIRED_KAMPFF::paired_kampff::c14,PAIRED_KAMPFF,0.2240655987795576,0.10863195,0.1154336451824888
main,fpos,source_reweighted_cluster_trust_pseudo_lightgbm_default,backend_sweep,lightgbm_default,PAIRED_KAMPFF::paired_kampff::c14::KiloSort2::37,PAIRED_KAMPFF::paired_kampff::c14,PAIRED_KAMPFF,0.23899885489939474,0.17022698,0.0687718786239507
main,fpos,source_reweighted_cluster_trust_pseudo_lightgbm_default,backend_sweep,lightgbm_default,PAIRED_KAMPFF::paired_kampff::c14::MountainSort4::42,PAIRED_KAMPFF::paired_kampff::c14,PAIRED_KAMPFF,0.031842105263157894,0.06876141,0.036919303065852116
main,fpos,source_reweighted_cluster_trust_pseudo_lightgbm_default,backend_sweep,lightgbm_default,PAIRED_KAMPFF::paired_kampff::c14::SpykingCircus::14,PAIRED_KAMPFF::paired_kampff::c14,PAIRED_KAMPFF,0.0993841579953281,0.0595358,0.03984835658465305
main,fpos,source_reweighted_cluster_trust_pseudo_lightgbm_default,backend_sweep,lightgbm_default,PAIRED_KAMPFF::paired_kampff::c14::Tridesclous::8,PAIRED_KAMPFF::paired_kampff::c14,PAIRED_KAMPFF,0.7298130782302221,0.5870391,0.14277396518548335
main,fpos,source_reweighted_cluster_trust_pseudo_lightgbm_default,backend_sweep,lightgbm_default,PAIRED_MEA64C_YGER::paired_mea64c::20170622_patch1::HerdingSpikes2::19,PAIRED_MEA64C_YGER::paired_mea64c::20170622_patch1,PAIRED_MEA64C_YGER,0.3048016701461378,0.29466164,0.010140029025227149
main,fpos,source_reweighted_cluster_trust_pseudo_lightgbm_default,backend_sweep,lightgbm_default,PAIRED_MEA64C_YGER::paired_mea64c::20170622_patch1::HerdingSpikes2::7,PAIRED_MEA64C_YGER::paired_mea64c::20170622_patch1,PAIRED_MEA64C_YGER,0.006430868167202572,0.022876235,0.016445366557915113
main,fpos,source_reweighted_cluster_trust_pseudo_lightgbm_default,backend_sweep,lightgbm_default,PAIRED_MEA64C_YGER::paired_mea64c::20170622_patch1::IronClust::8,PAIRED_MEA64C_YGER::paired_mea64c::20170622_patch1,PAIRED_MEA64C_YGER,0.32512992968511156,0.21493262,0.11019730915975146
main,fpos,source_reweighted_cluster_trust_pseudo_lightgbm_default,backend_sweep,lightgbm_default,PAIRED_MEA64C_YGER::paired_mea64c::20170622_patch1::KiloSort::64,PAIRED_MEA64C_YGER::paired_mea64c::20170622_patch1,PAIRED_MEA64C_YGER,0.00022805017103762827,0.011425791,0.011197741137246177
main,fpos,source_reweighted_cluster_trust_pseudo_lightgbm_default,backend_sweep,lightgbm_default,PAIRED_MEA64C_YGER::paired_mea64c::20170622_patch1::KiloSort2::23,PAIRED_MEA64C_YGER::paired_mea64c::20170622_patch1,PAIRED_MEA64C_YGER,0.0,0.011142889,0.01114288903772831
main,fpos,source_reweighted_cluster_trust_pseudo_lightgbm_default,backend_sweep,lightgbm_default,PAIRED_MEA64C_YGER::paired_mea64c::20170622_patch1::Klusta::4,PAIRED_MEA64C_YGER::paired_mea64c::20170622_patch1,PAIRED_MEA64C_YGER,0.0050424628450106155,0.023058165,0.018015702019767904
main,fpos,source_reweighted_cluster_trust_pseudo_lightgbm_default,backend_sweep,lightgbm_default,PAIRED_MEA64C_YGER::paired_mea64c::20170622_patch1::MountainSort4::43,PAIRED_MEA64C_YGER::paired_mea64c::20170622_patch1,PAIRED_MEA64C_YGER,0.0040494938132733405,0.010507696,0.0064582024949222504
main,fpos,source_reweighted_cluster_trust_pseudo_lightgbm_default,backend_sweep,lightgbm_default,PAIRED_MEA64C_YGER::paired_mea64c::20170622_patch1::SpykingCircus::18,PAIRED_MEA64C_YGER::paired_mea64c::20170622_patch1,PAIRED_MEA64C_YGER,0.00022079929344226098,0.01508369,0.014862890880481709
main,fpos,source_reweighted_cluster_trust_pseudo_lightgbm_default,backend_sweep,lightgbm_default,PAIRED_MEA64C_YGER::paired_mea64c::20170622_patch1::Tridesclous::12,PAIRED_MEA64C_YGER::paired_mea64c::20170622_patch1,PAIRED_MEA64C_YGER,0.013830024537140308,0.029676653,0.01584662890762669
main,fpos,source_reweighted_cluster_trust_pseudo_lightgbm_default,backend_sweep,lightgbm_default,PAIRED_MEA64C_YGER::paired_mea64c::20170622_patch2::HerdingSpikes2::16,PAIRED_MEA64C_YGER::paired_mea64c::20170622_patch2,PAIRED_MEA64C_YGER,0.18683274021352314,0.30096087,0.1141281283835075
main,fpos,source_reweighted_cluster_trust_pseudo_lightgbm_default,backend_sweep,lightgbm_default,PAIRED_MEA64C_YGER::paired_mea64c::20170622_patch2::HerdingSpikes2::44,PAIRED_MEA64C_YGER::paired_mea64c::20170622_patch2,PAIRED_MEA64C_YGER,0.4028520499108734,0.18639787,0.21645418449625398
main,fpos,source_reweighted_cluster_trust_pseudo_lightgbm_default,backend_sweep,lightgbm_default,PAIRED_MEA64C_YGER::paired_mea64c::20170622_patch2::HerdingSpikes2::5,PAIRED_MEA64C_YGER::paired_mea64c::20170622_patch2,PAIRED_MEA64C_YGER,0.06115992970123023,0.0035492426,0.057610687076217235
main,fpos,source_reweighted_cluster_trust_pseudo_lightgbm_default,backend_sweep,lightgbm_default,PAIRED_MEA64C_YGER::paired_mea64c::20170622_patch2::IronClust::11,PAIRED_MEA64C_YGER::paired_mea64c::20170622_patch2,PAIRED_MEA64C_YGER,0.061366806136680614,0.0042772237,0.05708958241553403
main,fpos,source_reweighted_cluster_trust_pseudo_lightgbm_default,backend_sweep,lightgbm_default,PAIRED_MEA64C_YGER::paired_mea64c::20170622_patch2::JRClust::31,PAIRED_MEA64C_YGER::paired_mea64c::20170622_patch2,PAIRED_MEA64C_YGER,0.06118881118881119,0.003695415,0.057493396088728436
main,fpos,source_reweighted_cluster_trust_pseudo_lightgbm_default,backend_sweep,lightgbm_default,PAIRED_MEA64C_YGER::paired_mea64c::20170622_patch2::KiloSort::5,PAIRED_MEA64C_YGER::paired_mea64c::20170622_patch2,PAIRED_MEA64C_YGER,0.06143106457242583,0.0060836636,0.05534740101942633
main,fpos,source_reweighted_cluster_trust_pseudo_lightgbm_default,backend_sweep,lightgbm_default,PAIRED_MEA64C_YGER::paired_mea64c::20170622_patch2::KiloSort2::33,PAIRED_MEA64C_YGER::paired_mea64c::20170622_patch2,PAIRED_MEA64C_YGER,0.061409630146545706,0.00542577,0.05598386031083518
main,fpos,source_reweighted_cluster_trust_pseudo_lightgbm_default,backend_sweep,lightgbm_default,PAIRED_MEA64C_YGER::paired_mea64c::20170622_patch2::Klusta::14,PAIRED_MEA64C_YGER::paired_mea64c::20170622_patch2,PAIRED_MEA64C_YGER,0.05860349127182045,0.0041111554,0.05449233586990514
main,fpos,source_reweighted_cluster_trust_pseudo_lightgbm_default,backend_sweep,lightgbm_default,PAIRED_MEA64C_YGER::paired_mea64c::20170622_patch2::MountainSort4::31,PAIRED_MEA64C_YGER::paired_mea64c::20170622_patch2,PAIRED_MEA64C_YGER,0.07713404182379156,0.030833676,0.04630036536638647
main,fpos,source_reweighted_cluster_trust_pseudo_lightgbm_default,backend_sweep,lightgbm_default,PAIRED_MEA64C_YGER::paired_mea64c::20170622_patch2::SpykingCircus::17,PAIRED_MEA64C_YGER::paired_mea64c::20170622_patch2,PAIRED_MEA64C_YGER,0.061366806136680614,0.0045789666,0.05678783948929406
main,fpos,source_reweighted_cluster_trust_pseudo_lightgbm_default,backend_sweep,lightgbm_default,PAIRED_MEA64C_YGER::paired_mea64c::20170622_patch2::Tridesclous::0,PAIRED_MEA64C_YGER::paired_mea64c::20170622_patch2,PAIRED_MEA64C_YGER,0.061366806136680614,0.0041542137,0.05721259243251182
main,fpos,source_reweighted_cluster_trust_pseudo_xgboost_default,backend_sweep,xgboost_default,PAIRED_BOYDEN::paired_boyden32c::1103_1_1::IronClust::4,PAIRED_BOYDEN::paired_boyden32c::1103_1_1,PAIRED_BOYDEN,0.11363636363636363,0.12554376,0.011907394636761062
main,fpos,source_reweighted_cluster_trust_pseudo_xgboost_default,backend_sweep,xgboost_default,PAIRED_BOYDEN::paired_boyden32c::1103_1_1::JRClust::18,PAIRED_BOYDEN::paired_boyden32c::1103_1_1,PAIRED_BOYDEN,0.26138147566718994,0.26850903,0.007127554674912107
main,fpos,source_reweighted_cluster_trust_pseudo_xgboost_default,backend_sweep,xgboost_default,PAIRED_BOYDEN::paired_boyden32c::1103_1_1::KiloSort::111,PAIRED_BOYDEN::paired_boyden32c::1103_1_1,PAIRED_BOYDEN,0.11241007194244604,0.13881598,0.026405912187459663
main,fpos,source_reweighted_cluster_trust_pseudo_xgboost_default,backend_sweep,xgboost_default,PAIRED_BOYDEN::paired_boyden32c::1103_1_1::KiloSort2::33,PAIRED_BOYDEN::paired_boyden32c::1103_1_1,PAIRED_BOYDEN,0.17066290550070523,0.14864632,0.02201658062773465
main,fpos,source_reweighted_cluster_trust_pseudo_xgboost_default,backend_sweep,xgboost_default,PAIRED_BOYDEN::paired_boyden32c::1103_1_1::KiloSort2::55,PAIRED_BOYDEN::paired_boyden32c::1103_1_1,PAIRED_BOYDEN,0.3333333333333333,0.20219022,0.13114311297734577
main,fpos,source_reweighted_cluster_trust_pseudo_xgboost_default,backend_sweep,xgboost_default,PAIRED_BOYDEN::paired_boyden32c::1103_1_1::KiloSort2::60,PAIRED_BOYDEN::paired_boyden32c::1103_1_1,PAIRED_BOYDEN,0.15878378378378377,0.08809536,0.0706884242795609
main,fpos,source_reweighted_cluster_trust_pseudo_xgboost_default,backend_sweep,xgboost_default,PAIRED_BOYDEN::paired_boyden32c::1103_1_1::Klusta::12,PAIRED_BOYDEN::paired_boyden32c::1103_1_1,PAIRED_BOYDEN,0.156686626746507,0.16285785,0.006171218679098783
main,fpos,source_reweighted_cluster_trust_pseudo_xgboost_default,backend_sweep,xgboost_default,PAIRED_BOYDEN::paired_boyden32c::1103_1_1::MountainSort4::26,PAIRED_BOYDEN::paired_boyden32c::1103_1_1,PAIRED_BOYDEN,0.30532212885154064,0.22001928,0.0853028479410487
main,fpos,source_reweighted_cluster_trust_pseudo_xgboost_default,backend_sweep,xgboost_default,PAIRED_BOYDEN::paired_boyden32c::1103_1_1::SpykingCircus::27,PAIRED_BOYDEN::paired_boyden32c::1103_1_1,PAIRED_BOYDEN,0.12258064516129032,0.15327093,0.030690284890513272
main,fpos,source_reweighted_cluster_trust_pseudo_xgboost_default,backend_sweep,xgboost_default,PAIRED_BOYDEN::paired_boyden32c::1103_1_1::Tridesclous::3,PAIRED_BOYDEN::paired_boyden32c::1103_1_1,PAIRED_BOYDEN,0.2613268608414239,0.24033464,0.020992215927750524
main,fpos,source_reweighted_cluster_trust_pseudo_xgboost_default,backend_sweep,xgboost_default,PAIRED_BOYDEN::paired_boyden32c::419_1_8::IronClust::14,PAIRED_BOYDEN::paired_boyden32c::419_1_8,PAIRED_BOYDEN,0.0663265306122449,0.031143375,0.03518315587116748
main,fpos,source_reweighted_cluster_trust_pseudo_xgboost_default,backend_sweep,xgboost_default,PAIRED_BOYDEN::paired_boyden32c::419_1_8::IronClust::4,PAIRED_BOYDEN::paired_boyden32c::419_1_8,PAIRED_BOYDEN,0.05829903978052126,0.058143917,0.0001551223093508372
main,fpos,source_reweighted_cluster_trust_pseudo_xgboost_default,backend_sweep,xgboost_default,PAIRED_BOYDEN::paired_boyden32c::419_1_8::JRClust::24,PAIRED_BOYDEN::paired_boyden32c::419_1_8,PAIRED_BOYDEN,0.08062093139709564,0.025681557,0.05493937426330181
main,fpos,source_reweighted_cluster_trust_pseudo_xgboost_default,backend_sweep,xgboost_default,PAIRED_BOYDEN::paired_boyden32c::419_1_8::JRClust::8,PAIRED_BOYDEN::paired_boyden32c::419_1_8,PAIRED_BOYDEN,0.03907637655417407,0.04271013,0.003633752617435808
main,fpos,source_reweighted_cluster_trust_pseudo_xgboost_default,backend_sweep,xgboost_default,PAIRED_BOYDEN::paired_boyden32c::419_1_8::KiloSort::17,PAIRED_BOYDEN::paired_boyden32c::419_1_8,PAIRED_BOYDEN,0.06424161521775405,0.026246555,0.037995060068198847
main,fpos,source_reweighted_cluster_trust_pseudo_xgboost_default,backend_sweep,xgboost_default,PAIRED_BOYDEN::paired_boyden32c::419_1_8::KiloSort2::27,PAIRED_BOYDEN::paired_boyden32c::419_1_8,PAIRED_BOYDEN,0.1342059838895282,0.046016652,0.08818933175248711
main,fpos,source_reweighted_cluster_trust_pseudo_xgboost_default,backend_sweep,xgboost_default,PAIRED_BOYDEN::paired_boyden32c::419_1_8::KiloSort2::46,PAIRED_BOYDEN::paired_boyden32c::419_1_8,PAIRED_BOYDEN,0.02341480088873697,0.020236166,0.0031786346946556625
main,fpos,source_reweighted_cluster_trust_pseudo_xgboost_default,backend_sweep,xgboost_default,PAIRED_BOYDEN::paired_boyden32c::419_1_8::MountainSort4::42,PAIRED_BOYDEN::paired_boyden32c::419_1_8,PAIRED_BOYDEN,0.16482219271063892,0.10503264,0.059789554995299254
main,fpos,source_reweighted_cluster_trust_pseudo_xgboost_default,backend_sweep,xgboost_default,PAIRED_BOYDEN::paired_boyden32c::419_1_8::SpykingCircus::24,PAIRED_BOYDEN::paired_boyden32c::419_1_8,PAIRED_BOYDEN,0.24721080446271285,0.11594798,0.13126282775430068
main,fpos,source_reweighted_cluster_trust_pseudo_xgboost_default,backend_sweep,xgboost_default,PAIRED_BOYDEN::paired_boyden32c::419_1_8::SpykingCircus::28,PAIRED_BOYDEN::paired_boyden32c::419_1_8,PAIRED_BOYDEN,0.029543112332531776,0.024560142,0.004982970024058189
main,fpos,source_reweighted_cluster_trust_pseudo_xgboost_default,backend_sweep,xgboost_default,PAIRED_BOYDEN::paired_boyden32c::419_1_8::Tridesclous::0,PAIRED_BOYDEN::paired_boyden32c::419_1_8,PAIRED_BOYDEN,0.15585806056898133,0.13343808,0.022419980019741215
main,fpos,source_reweighted_cluster_trust_pseudo_xgboost_default,backend_sweep,xgboost_default,PAIRED_CRCNS_HC1::paired_crcns::d11221_d11221.001::SpykingCircus::6,PAIRED_CRCNS_HC1::paired_crcns::d11221_d11221.001,PAIRED_CRCNS_HC1,0.8835978835978836,0.36301893,0.5205789536395401
main,fpos,source_reweighted_cluster_trust_pseudo_xgboost_default,backend_sweep,xgboost_default,PAIRED_CRCNS_HC1::paired_crcns::d11222_d11222.002::IronClust::2,PAIRED_CRCNS_HC1::paired_crcns::d11222_d11222.002,PAIRED_CRCNS_HC1,0.04466019417475728,0.20699935,0.1623391524391267
main,fpos,source_reweighted_cluster_trust_pseudo_xgboost_default,backend_sweep,xgboost_default,PAIRED_CRCNS_HC1::paired_crcns::d11222_d11222.002::JRClust::3,PAIRED_CRCNS_HC1::paired_crcns::d11222_d11222.002,PAIRED_CRCNS_HC1,0.039337474120082816,0.08962878,0.05029130427795414
main,fpos,source_reweighted_cluster_trust_pseudo_xgboost_default,backend_sweep,xgboost_default,PAIRED_CRCNS_HC1::paired_crcns::d11222_d11222.002::KiloSort::1,PAIRED_CRCNS_HC1::paired_crcns::d11222_d11222.002,PAIRED_CRCNS_HC1,0.03337783711615487,0.100835375,0.06745753837164954
main,fpos,source_reweighted_cluster_trust_pseudo_xgboost_default,backend_sweep,xgboost_default,PAIRED_CRCNS_HC1::paired_crcns::d11222_d11222.002::KiloSort2::10,PAIRED_CRCNS_HC1::paired_crcns::d11222_d11222.002,PAIRED_CRCNS_HC1,0.550417469492614,0.07112214,0.47929532980030753
main,fpos,source_reweighted_cluster_trust_pseudo_xgboost_default,backend_sweep,xgboost_default,PAIRED_CRCNS_HC1::paired_crcns::d11222_d11222.002::Klusta::2,PAIRED_CRCNS_HC1::paired_crcns::d11222_d11222.002,PAIRED_CRCNS_HC1,0.008777852802160702,0.085372664,0.0765948112322059
main,fpos,source_reweighted_cluster_trust_pseudo_xgboost_default,backend_sweep,xgboost_default,PAIRED_CRCNS_HC1::paired_crcns::d11222_d11222.002::MountainSort4::4,PAIRED_CRCNS_HC1::paired_crcns::d11222_d11222.002,PAIRED_CRCNS_HC1,0.360427807486631,0.30088744,0.059540371811963644
main,fpos,source_reweighted_cluster_trust_pseudo_xgboost_default,backend_sweep,xgboost_default,PAIRED_CRCNS_HC1::paired_crcns::d11222_d11222.002::SpykingCircus::4,PAIRED_CRCNS_HC1::paired_crcns::d11222_d11222.002,PAIRED_CRCNS_HC1,0.11986754966887417,0.09479327,0.02507428212078991
main,fpos,source_reweighted_cluster_trust_pseudo_xgboost_default,backend_sweep,xgboost_default,PAIRED_CRCNS_HC1::paired_crcns::d11222_d11222.002::Tridesclous::0,PAIRED_CRCNS_HC1::paired_crcns::d11222_d11222.002,PAIRED_CRCNS_HC1,0.021164021164021163,0.13234982,0.11118579778090987
main,fpos,source_reweighted_cluster_trust_pseudo_xgboost_default,backend_sweep,xgboost_default,PAIRED_ENGLISH::paired_english::m139_200114_191955::KiloSort2::25,PAIRED_ENGLISH::paired_english::m139_200114_191955,PAIRED_ENGLISH,0.7302739726027397,0.27528346,0.4549905167540459
main,fpos,source_reweighted_cluster_trust_pseudo_xgboost_default,backend_sweep,xgboost_default,PAIRED_ENGLISH::paired_english::m139_200114_191955::MountainSort4::36,PAIRED_ENGLISH::paired_english::m139_200114_191955,PAIRED_ENGLISH,0.8735255086994986,0.6169446,0.25658089762695835
main,fpos,source_reweighted_cluster_trust_pseudo_xgboost_default,backend_sweep,xgboost_default,PAIRED_ENGLISH::paired_english::m139_200114_191955::SpykingCircus::42,PAIRED_ENGLISH::paired_english::m139_200114_191955,PAIRED_ENGLISH,0.5584045584045584,0.35090578,0.20749878238069364
main,fpos,source_reweighted_cluster_trust_pseudo_xgboost_default,backend_sweep,xgboost_default,PAIRED_ENGLISH::paired_english::m139_200114_222743::HerdingSpikes2::5,PAIRED_ENGLISH::paired_english::m139_200114_222743,PAIRED_ENGLISH,0.03257707969749855,0.1404795,0.10790242536460473
main,fpos,source_reweighted_cluster_trust_pseudo_xgboost_default,backend_sweep,xgboost_default,PAIRED_ENGLISH::paired_english::m139_200114_222743::IronClust::17,PAIRED_ENGLISH::paired_english::m139_200114_222743,PAIRED_ENGLISH,0.02675196277987787,0.116049305,0.08929734182465246
main,fpos,source_reweighted_cluster_trust_pseudo_xgboost_default,backend_sweep,xgboost_default,PAIRED_ENGLISH::paired_english::m139_200114_222743::KiloSort::88,PAIRED_ENGLISH::paired_english::m139_200114_222743,PAIRED_ENGLISH,0.015151515151515152,0.14693564,0.13178412661407934
main,fpos,source_reweighted_cluster_trust_pseudo_xgboost_default,backend_sweep,xgboost_default,PAIRED_ENGLISH::paired_english::m139_200114_222743::KiloSort2::26,PAIRED_ENGLISH::paired_english::m139_200114_222743,PAIRED_ENGLISH,0.028645087367516472,0.111248896,0.08260380815841584
main,fpos,source_reweighted_cluster_trust_pseudo_xgboost_default,backend_sweep,xgboost_default,PAIRED_ENGLISH::paired_english::m139_200114_222743::MountainSort4::46,PAIRED_ENGLISH::paired_english::m139_200114_222743,PAIRED_ENGLISH,0.039886039886039885,0.3701742,0.33028815945668777
main,fpos,source_reweighted_cluster_trust_pseudo_xgboost_default,backend_sweep,xgboost_default,PAIRED_ENGLISH::paired_english::m139_200114_222743::SpykingCircus::44,PAIRED_ENGLISH::paired_english::m139_200114_222743,PAIRED_ENGLISH,0.028064146620847653,0.10499761,0.07693346591510587
main,fpos,source_reweighted_cluster_trust_pseudo_xgboost_default,backend_sweep,xgboost_default,PAIRED_ENGLISH::paired_english::m139_200114_222743::Tridesclous::1,PAIRED_ENGLISH::paired_english::m139_200114_222743,PAIRED_ENGLISH,0.3089646722483153,0.28002742,0.028937252919625733
main,fpos,source_reweighted_cluster_trust_pseudo_xgboost_default,backend_sweep,xgboost_default,PAIRED_ENGLISH::paired_english::m14_190326_155432::IronClust::22,PAIRED_ENGLISH::paired_english::m14_190326_155432,PAIRED_ENGLISH,0.0481651376146789,0.034581576,0.013583562071990532
main,fpos,source_reweighted_cluster_trust_pseudo_xgboost_default,backend_sweep,xgboost_default,PAIRED_ENGLISH::paired_english::m14_190326_155432::MountainSort4::33,PAIRED_ENGLISH::paired_english::m14_190326_155432,PAIRED_ENGLISH,0.1981651376146789,0.28387657,0.08571143046431584
main,fpos,source_reweighted_cluster_trust_pseudo_xgboost_default,backend_sweep,xgboost_default,PAIRED_ENGLISH::paired_english::m14_190326_155432::SpykingCircus::38,PAIRED_ENGLISH::paired_english::m14_190326_155432,PAIRED_ENGLISH,0.013363028953229399,0.031358283,0.017995254059875995
main,fpos,source_reweighted_cluster_trust_pseudo_xgboost_default,backend_sweep,xgboost_default,PAIRED_ENGLISH::paired_english::m15_190315_142052_cell1::IronClust::40,PAIRED_ENGLISH::paired_english::m15_190315_142052_cell1,PAIRED_ENGLISH,0.2679960401640503,0.36044732,0.09245127719778135
main,fpos,source_reweighted_cluster_trust_pseudo_xgboost_default,backend_sweep,xgboost_default,PAIRED_ENGLISH::paired_english::m15_190315_142052_cell1::KiloSort2::48,PAIRED_ENGLISH::paired_english::m15_190315_142052_cell1,PAIRED_ENGLISH,0.8627861694595232,0.3932312,0.4695549563667193
main,fpos,source_reweighted_cluster_trust_pseudo_xgboost_default,backend_sweep,xgboost_default,PAIRED_ENGLISH::paired_english::m15_190315_142052_cell1::MountainSort4::62,PAIRED_ENGLISH::paired_english::m15_190315_142052_cell1,PAIRED_ENGLISH,0.8769885383524361,0.5210341,0.35595441683906937
main,fpos,source_reweighted_cluster_trust_pseudo_xgboost_default,backend_sweep,xgboost_default,PAIRED_ENGLISH::paired_english::m15_190315_142052_cell1::MountainSort4::64,PAIRED_ENGLISH::paired_english::m15_190315_142052_cell1,PAIRED_ENGLISH,0.14704761904761904,0.124682404,0.02236521494672411
main,fpos,source_reweighted_cluster_trust_pseudo_xgboost_default,backend_sweep,xgboost_default,PAIRED_ENGLISH::paired_english::m15_190315_142052_cell1::SpykingCircus::22,PAIRED_ENGLISH::paired_english::m15_190315_142052_cell1,PAIRED_ENGLISH,0.23500526131182042,0.49842533,0.2634200733801809
main,fpos,source_reweighted_cluster_trust_pseudo_xgboost_default,backend_sweep,xgboost_default,PAIRED_ENGLISH::paired_english::m15_190315_142052_cell1::SpykingCircus::57,PAIRED_ENGLISH::paired_english::m15_190315_142052_cell1,PAIRED_ENGLISH,0.6499202551834131,0.25405028,0.3958699705593134
main,fpos,source_reweighted_cluster_trust_pseudo_xgboost_default,backend_sweep,xgboost_default,PAIRED_ENGLISH::paired_english::m15_190315_152315_cell1::IronClust::35,PAIRED_ENGLISH::paired_english::m15_190315_152315_cell1,PAIRED_ENGLISH,0.002592440987856461,0.055725805,0.05313336447355025
main,fpos,source_reweighted_cluster_trust_pseudo_xgboost_default,backend_sweep,xgboost_default,PAIRED_ENGLISH::paired_english::m15_190315_152315_cell1::KiloSort::1,PAIRED_ENGLISH::paired_english::m15_190315_152315_cell1,PAIRED_ENGLISH,6.528267397832615e-05,0.056114398,0.05604911526904154
main,fpos,source_reweighted_cluster_trust_pseudo_xgboost_default,backend_sweep,xgboost_default,PAIRED_ENGLISH::paired_english::m15_190315_152315_cell1::KiloSort2::37,PAIRED_ENGLISH::paired_english::m15_190315_152315_cell1,PAIRED_ENGLISH,0.00039059957034047265,0.05979232,0.05940172160499636
main,fpos,source_reweighted_cluster_trust_pseudo_xgboost_default,backend_sweep,xgboost_default,PAIRED_ENGLISH::paired_english::m15_190315_152315_cell1::MountainSort4::72,PAIRED_ENGLISH::paired_english::m15_190315_152315_cell1,PAIRED_ENGLISH,0.052174468356855484,0.17173924,0.11956476716350736
main,fpos,source_reweighted_cluster_trust_pseudo_xgboost_default,backend_sweep,xgboost_default,PAIRED_ENGLISH::paired_english::m15_190315_152315_cell1::SpykingCircus::46,PAIRED_ENGLISH::paired_english::m15_190315_152315_cell1,PAIRED_ENGLISH,0.010891280531030483,0.056034263,0.045142982692379166
main,fpos,source_reweighted_cluster_trust_pseudo_xgboost_default,backend_sweep,xgboost_default,PAIRED_ENGLISH::paired_english::m15_190315_152315_cell1::Tridesclous::0,PAIRED_ENGLISH::paired_english::m15_190315_152315_cell1,PAIRED_ENGLISH,0.8482136225209834,0.40012228,0.44809133763176223
main,fpos,source_reweighted_cluster_trust_pseudo_xgboost_default,backend_sweep,xgboost_default,PAIRED_ENGLISH::paired_english::m26_190524_100859_cell1::KiloSort::19,PAIRED_ENGLISH::paired_english::m26_190524_100859_cell1,PAIRED_ENGLISH,0.2440677966101695,0.15076272,0.09330507471399793
main,fpos,source_reweighted_cluster_trust_pseudo_xgboost_default,backend_sweep,xgboost_default,PAIRED_ENGLISH::paired_english::m26_190524_100859_cell1::KiloSort::8,PAIRED_ENGLISH::paired_english::m26_190524_100859_cell1,PAIRED_ENGLISH,0.6505139500734214,0.17286578,0.47764817186564246
main,fpos,source_reweighted_cluster_trust_pseudo_xgboost_default,backend_sweep,xgboost_default,PAIRED_ENGLISH::paired_english::m26_190524_100859_cell1::KiloSort2::0,PAIRED_ENGLISH::paired_english::m26_190524_100859_cell1,PAIRED_ENGLISH,0.38315988647114474,0.34734353,0.035816352239958826
main,fpos,source_reweighted_cluster_trust_pseudo_xgboost_default,backend_sweep,xgboost_default,PAIRED_ENGLISH::paired_english::m57_191105_141906::IronClust::6,PAIRED_ENGLISH::paired_english::m57_191105_141906,PAIRED_ENGLISH,0.31826625386996904,0.20062485,0.11764140049739519
main,fpos,source_reweighted_cluster_trust_pseudo_xgboost_default,backend_sweep,xgboost_default,PAIRED_ENGLISH::paired_english::m57_191105_141906::KiloSort::47,PAIRED_ENGLISH::paired_english::m57_191105_141906,PAIRED_ENGLISH,0.35376344086021505,0.24589749,0.10786595405429922
main,fpos,source_reweighted_cluster_trust_pseudo_xgboost_default,backend_sweep,xgboost_default,PAIRED_ENGLISH::paired_english::m57_191105_141906::MountainSort4::21,PAIRED_ENGLISH::paired_english::m57_191105_141906,PAIRED_ENGLISH,0.3323335332933413,0.5127994,0.18046584891643652
main,fpos,source_reweighted_cluster_trust_pseudo_xgboost_default,backend_sweep,xgboost_default,PAIRED_ENGLISH::paired_english::m57_191105_141906::MountainSort4::57,PAIRED_ENGLISH::paired_english::m57_191105_141906,PAIRED_ENGLISH,0.23853211009174313,0.19927011,0.03926199578910794
main,fpos,source_reweighted_cluster_trust_pseudo_xgboost_default,backend_sweep,xgboost_default,PAIRED_ENGLISH::paired_english::m57_191105_141906::SpykingCircus::12,PAIRED_ENGLISH::paired_english::m57_191105_141906,PAIRED_ENGLISH,0.3535228677379481,0.26393062,0.08959224897497814
main,fpos,source_reweighted_cluster_trust_pseudo_xgboost_default,backend_sweep,xgboost_default,PAIRED_ENGLISH::paired_english::m57_191105_141906::SpykingCircus::30,PAIRED_ENGLISH::paired_english::m57_191105_141906,PAIRED_ENGLISH,0.2040332147093713,0.16278854,0.041244674584478114
main,fpos,source_reweighted_cluster_trust_pseudo_xgboost_default,backend_sweep,xgboost_default,PAIRED_ENGLISH::paired_english::m57_191105_160026::HerdingSpikes2::1,PAIRED_ENGLISH::paired_english::m57_191105_160026,PAIRED_ENGLISH,0.13630229419703105,0.18912864,0.052826343116811725
main,fpos,source_reweighted_cluster_trust_pseudo_xgboost_default,backend_sweep,xgboost_default,PAIRED_ENGLISH::paired_english::m57_191105_160026::IronClust::2,PAIRED_ENGLISH::paired_english::m57_191105_160026,PAIRED_ENGLISH,0.5044008124576845,0.15638259,0.3480182219253817
main,fpos,source_reweighted_cluster_trust_pseudo_xgboost_default,backend_sweep,xgboost_default,PAIRED_ENGLISH::paired_english::m57_191105_160026::IronClust::3,PAIRED_ENGLISH::paired_english::m57_191105_160026,PAIRED_ENGLISH,0.05838815789473684,0.21095642,0.15256826657997935
main,fpos,source_reweighted_cluster_trust_pseudo_xgboost_default,backend_sweep,xgboost_default,PAIRED_ENGLISH::paired_english::m57_191105_160026::KiloSort::127,PAIRED_ENGLISH::paired_english::m57_191105_160026,PAIRED_ENGLISH,0.5003422313483915,0.2762409,0.22410134609067056
main,fpos,source_reweighted_cluster_trust_pseudo_xgboost_default,backend_sweep,xgboost_default,PAIRED_ENGLISH::paired_english::m57_191105_160026::KiloSort::6,PAIRED_ENGLISH::paired_english::m57_191105_160026,PAIRED_ENGLISH,0.02531645569620253,0.17262751,0.14731105294408678
main,fpos,source_reweighted_cluster_trust_pseudo_xgboost_default,backend_sweep,xgboost_default,PAIRED_ENGLISH::paired_english::m57_191105_160026::MountainSort4::23,PAIRED_ENGLISH::paired_english::m57_191105_160026,PAIRED_ENGLISH,0.6737967914438503,0.13708283,0.536713961372401
main,fpos,source_reweighted_cluster_trust_pseudo_xgboost_default,backend_sweep,xgboost_default,PAIRED_ENGLISH::paired_english::m57_191105_160026::MountainSort4::25,PAIRED_ENGLISH::paired_english::m57_191105_160026,PAIRED_ENGLISH,0.14568081991215226,0.2103067,0.06462588413218978
main,fpos,source_reweighted_cluster_trust_pseudo_xgboost_default,backend_sweep,xgboost_default,PAIRED_ENGLISH::paired_english::m57_191105_160026::SpykingCircus::2,PAIRED_ENGLISH::paired_english::m57_191105_160026,PAIRED_ENGLISH,0.6860282574568289,0.45640504,0.2296232138548392
main,fpos,source_reweighted_cluster_trust_pseudo_xgboost_default,backend_sweep,xgboost_default,PAIRED_ENGLISH::paired_english::m57_191105_160026::SpykingCircus::4,PAIRED_ENGLISH::paired_english::m57_191105_160026,PAIRED_ENGLISH,0.056790123456790124,0.2198544,0.1630642761050919
main,fpos,source_reweighted_cluster_trust_pseudo_xgboost_default,backend_sweep,xgboost_default,PAIRED_ENGLISH::paired_english::m57_191105_160026::Tridesclous::0,PAIRED_ENGLISH::paired_english::m57_191105_160026,PAIRED_ENGLISH,0.8589226823012093,0.5554092,0.30351348926226884
main,fpos,source_reweighted_cluster_trust_pseudo_xgboost_default,backend_sweep,xgboost_default,PAIRED_KAMPFF::paired_kampff::c14::HerdingSpikes2::6,PAIRED_KAMPFF::paired_kampff::c14,PAIRED_KAMPFF,0.25090444775484144,0.07046285,0.18044159503839552
main,fpos,source_reweighted_cluster_trust_pseudo_xgboost_default,backend_sweep,xgboost_default,PAIRED_KAMPFF::paired_kampff::c14::IronClust::22,PAIRED_KAMPFF::paired_kampff::c14,PAIRED_KAMPFF,0.2240655987795576,0.08026583,0.1437997713025793
main,fpos,source_reweighted_cluster_trust_pseudo_xgboost_default,backend_sweep,xgboost_default,PAIRED_KAMPFF::paired_kampff::c14::KiloSort2::37,PAIRED_KAMPFF::paired_kampff::c14,PAIRED_KAMPFF,0.23899885489939474,0.08889368,0.15010517313479207
main,fpos,source_reweighted_cluster_trust_pseudo_xgboost_default,backend_sweep,xgboost_default,PAIRED_KAMPFF::paired_kampff::c14::MountainSort4::42,PAIRED_KAMPFF::paired_kampff::c14,PAIRED_KAMPFF,0.031842105263157894,0.028668301,0.0031738040831528203
main,fpos,source_reweighted_cluster_trust_pseudo_xgboost_default,backend_sweep,xgboost_default,PAIRED_KAMPFF::paired_kampff::c14::SpykingCircus::14,PAIRED_KAMPFF::paired_kampff::c14,PAIRED_KAMPFF,0.0993841579953281,0.05096593,0.04841822672878185
main,fpos,source_reweighted_cluster_trust_pseudo_xgboost_default,backend_sweep,xgboost_default,PAIRED_KAMPFF::paired_kampff::c14::Tridesclous::8,PAIRED_KAMPFF::paired_kampff::c14,PAIRED_KAMPFF,0.7298130782302221,0.5418852,0.18792788106759395
main,fpos,source_reweighted_cluster_trust_pseudo_xgboost_default,backend_sweep,xgboost_default,PAIRED_MEA64C_YGER::paired_mea64c::20170622_patch1::HerdingSpikes2::19,PAIRED_MEA64C_YGER::paired_mea64c::20170622_patch1,PAIRED_MEA64C_YGER,0.3048016701461378,0.18947735,0.1153243158580366
main,fpos,source_reweighted_cluster_trust_pseudo_xgboost_default,backend_sweep,xgboost_default,PAIRED_MEA64C_YGER::paired_mea64c::20170622_patch1::HerdingSpikes2::7,PAIRED_MEA64C_YGER::paired_mea64c::20170622_patch1,PAIRED_MEA64C_YGER,0.006430868167202572,0.009841619,0.0034107508922409015
main,fpos,source_reweighted_cluster_trust_pseudo_xgboost_default,backend_sweep,xgboost_default,PAIRED_MEA64C_YGER::paired_mea64c::20170622_patch1::IronClust::8,PAIRED_MEA64C_YGER::paired_mea64c::20170622_patch1,PAIRED_MEA64C_YGER,0.32512992968511156,0.10469229,0.22043764194201998
main,fpos,source_reweighted_cluster_trust_pseudo_xgboost_default,backend_sweep,xgboost_default,PAIRED_MEA64C_YGER::paired_mea64c::20170622_patch1::KiloSort::64,PAIRED_MEA64C_YGER::paired_mea64c::20170622_patch1,PAIRED_MEA64C_YGER,0.00022805017103762827,0.0061446,0.005916549818018959
main,fpos,source_reweighted_cluster_trust_pseudo_xgboost_default,backend_sweep,xgboost_default,PAIRED_MEA64C_YGER::paired_mea64c::20170622_patch1::KiloSort2::23,PAIRED_MEA64C_YGER::paired_mea64c::20170622_patch1,PAIRED_MEA64C_YGER,0.0,0.0069123046,0.006912304554134607
main,fpos,source_reweighted_cluster_trust_pseudo_xgboost_default,backend_sweep,xgboost_default,PAIRED_MEA64C_YGER::paired_mea64c::20170622_patch1::Klusta::4,PAIRED_MEA64C_YGER::paired_mea64c::20170622_patch1,PAIRED_MEA64C_YGER,0.0050424628450106155,0.010543936,0.005501473087208413
main,fpos,source_reweighted_cluster_trust_pseudo_xgboost_default,backend_sweep,xgboost_default,PAIRED_MEA64C_YGER::paired_mea64c::20170622_patch1::MountainSort4::43,PAIRED_MEA64C_YGER::paired_mea64c::20170622_patch1,PAIRED_MEA64C_YGER,0.0040494938132733405,0.00900771,0.00495821621889171
main,fpos,source_reweighted_cluster_trust_pseudo_xgboost_default,backend_sweep,xgboost_default,PAIRED_MEA64C_YGER::paired_mea64c::20170622_patch1::SpykingCircus::18,PAIRED_MEA64C_YGER::paired_mea64c::20170622_patch1,PAIRED_MEA64C_YGER,0.00022079929344226098,0.005549091,0.005328291620985973
main,fpos,source_reweighted_cluster_trust_pseudo_xgboost_default,backend_sweep,xgboost_default,PAIRED_MEA64C_YGER::paired_mea64c::20170622_patch1::Tridesclous::12,PAIRED_MEA64C_YGER::paired_mea64c::20170622_patch1,PAIRED_MEA64C_YGER,0.013830024537140308,0.009898419,0.003931605976516185
main,fpos,source_reweighted_cluster_trust_pseudo_xgboost_default,backend_sweep,xgboost_default,PAIRED_MEA64C_YGER::paired_mea64c::20170622_patch2::HerdingSpikes2::16,PAIRED_MEA64C_YGER::paired_mea64c::20170622_patch2,PAIRED_MEA64C_YGER,0.18683274021352314,0.09168985,0.09514289280379795
main,fpos,source_reweighted_cluster_trust_pseudo_xgboost_default,backend_sweep,xgboost_default,PAIRED_MEA64C_YGER::paired_mea64c::20170622_patch2::HerdingSpikes2::44,PAIRED_MEA64C_YGER::paired_mea64c::20170622_patch2,PAIRED_MEA64C_YGER,0.4028520499108734,0.0929071,0.3099449489949646
main,fpos,source_reweighted_cluster_trust_pseudo_xgboost_default,backend_sweep,xgboost_default,PAIRED_MEA64C_YGER::paired_mea64c::20170622_patch2::HerdingSpikes2::5,PAIRED_MEA64C_YGER::paired_mea64c::20170622_patch2,PAIRED_MEA64C_YGER,0.06115992970123023,0.000899078,0.06026085172603905
main,fpos,source_reweighted_cluster_trust_pseudo_xgboost_default,backend_sweep,xgboost_default,PAIRED_MEA64C_YGER::paired_mea64c::20170622_patch2::IronClust::11,PAIRED_MEA64C_YGER::paired_mea64c::20170622_patch2,PAIRED_MEA64C_YGER,0.061366806136680614,0.0013868205,0.05997998568159885
main,fpos,source_reweighted_cluster_trust_pseudo_xgboost_default,backend_sweep,xgboost_default,PAIRED_MEA64C_YGER::paired_mea64c::20170622_patch2::JRClust::31,PAIRED_MEA64C_YGER::paired_mea64c::20170622_patch2,PAIRED_MEA64C_YGER,0.06118881118881119,0.0011789814,0.06000982980175478
main,fpos,source_reweighted_cluster_trust_pseudo_xgboost_default,backend_sweep,xgboost_default,PAIRED_MEA64C_YGER::paired_mea64c::20170622_patch2::KiloSort::5,PAIRED_MEA64C_YGER::paired_mea64c::20170622_patch2,PAIRED_MEA64C_YGER,0.06143106457242583,0.0021140028,0.05931706174673353
main,fpos,source_reweighted_cluster_trust_pseudo_xgboost_default,backend_sweep,xgboost_default,PAIRED_MEA64C_YGER::paired_mea64c::20170622_patch2::KiloSort2::33,PAIRED_MEA64C_YGER::paired_mea64c::20170622_patch2,PAIRED_MEA64C_YGER,0.061409630146545706,0.0016074,0.059802230130617855
main,fpos,source_reweighted_cluster_trust_pseudo_xgboost_default,backend_sweep,xgboost_default,PAIRED_MEA64C_YGER::paired_mea64c::20170622_patch2::Klusta::14,PAIRED_MEA64C_YGER::paired_mea64c::20170622_patch2,PAIRED_MEA64C_YGER,0.05860349127182045,0.0015041964,0.05709929483567604
main,fpos,source_reweighted_cluster_trust_pseudo_xgboost_default,backend_sweep,xgboost_default,PAIRED_MEA64C_YGER::paired_mea64c::20170622_patch2::MountainSort4::31,PAIRED_MEA64C_YGER::paired_mea64c::20170622_patch2,PAIRED_MEA64C_YGER,0.07713404182379156,0.005484539,0.07164950273965508
main,fpos,source_reweighted_cluster_trust_pseudo_xgboost_default,backend_sweep,xgboost_default,PAIRED_MEA64C_YGER::paired_mea64c::20170622_patch2::SpykingCircus::17,PAIRED_MEA64C_YGER::paired_mea64c::20170622_patch2,PAIRED_MEA64C_YGER,0.061366806136680614,0.0015355546,0.05983125148737229
main,fpos,source_reweighted_cluster_trust_pseudo_xgboost_default,backend_sweep,xgboost_default,PAIRED_MEA64C_YGER::paired_mea64c::20170622_patch2::Tridesclous::0,PAIRED_MEA64C_YGER::paired_mea64c::20170622_patch2,PAIRED_MEA64C_YGER,0.061366806136680614,0.0014949242,0.059871881948089074
main,fpos,source_reweighted_cluster_trust_pseudo_xgboost_shallow,backend_sweep,xgboost_shallow,PAIRED_BOYDEN::paired_boyden32c::1103_1_1::IronClust::4,PAIRED_BOYDEN::paired_boyden32c::1103_1_1,PAIRED_BOYDEN,0.11363636363636363,0.15121372,0.03757735680450093
main,fpos,source_reweighted_cluster_trust_pseudo_xgboost_shallow,backend_sweep,xgboost_shallow,PAIRED_BOYDEN::paired_boyden32c::1103_1_1::JRClust::18,PAIRED_BOYDEN::paired_boyden32c::1103_1_1,PAIRED_BOYDEN,0.26138147566718994,0.33130246,0.06992098834114135
main,fpos,source_reweighted_cluster_trust_pseudo_xgboost_shallow,backend_sweep,xgboost_shallow,PAIRED_BOYDEN::paired_boyden32c::1103_1_1::KiloSort::111,PAIRED_BOYDEN::paired_boyden32c::1103_1_1,PAIRED_BOYDEN,0.11241007194244604,0.18332148,0.07091140404021998
main,fpos,source_reweighted_cluster_trust_pseudo_xgboost_shallow,backend_sweep,xgboost_shallow,PAIRED_BOYDEN::paired_boyden32c::1103_1_1::KiloSort2::33,PAIRED_BOYDEN::paired_boyden32c::1103_1_1,PAIRED_BOYDEN,0.17066290550070523,0.1447485,0.025914411471660126
main,fpos,source_reweighted_cluster_trust_pseudo_xgboost_shallow,backend_sweep,xgboost_shallow,PAIRED_BOYDEN::paired_boyden32c::1103_1_1::KiloSort2::55,PAIRED_BOYDEN::paired_boyden32c::1103_1_1,PAIRED_BOYDEN,0.3333333333333333,0.21834578,0.11498755713303882
main,fpos,source_reweighted_cluster_trust_pseudo_xgboost_shallow,backend_sweep,xgboost_shallow,PAIRED_BOYDEN::paired_boyden32c::1103_1_1::KiloSort2::60,PAIRED_BOYDEN::paired_boyden32c::1103_1_1,PAIRED_BOYDEN,0.15878378378378377,0.08982894,0.06895484553801046
main,fpos,source_reweighted_cluster_trust_pseudo_xgboost_shallow,backend_sweep,xgboost_shallow,PAIRED_BOYDEN::paired_boyden32c::1103_1_1::Klusta::12,PAIRED_BOYDEN::paired_boyden32c::1103_1_1,PAIRED_BOYDEN,0.156686626746507,0.2087714,0.052084765956549345
main,fpos,source_reweighted_cluster_trust_pseudo_xgboost_shallow,backend_sweep,xgboost_shallow,PAIRED_BOYDEN::paired_boyden32c::1103_1_1::MountainSort4::26,PAIRED_BOYDEN::paired_boyden32c::1103_1_1,PAIRED_BOYDEN,0.30532212885154064,0.31124693,0.005924802701346321
main,fpos,source_reweighted_cluster_trust_pseudo_xgboost_shallow,backend_sweep,xgboost_shallow,PAIRED_BOYDEN::paired_boyden32c::1103_1_1::SpykingCircus::27,PAIRED_BOYDEN::paired_boyden32c::1103_1_1,PAIRED_BOYDEN,0.12258064516129032,0.18664455,0.06406390897689328
main,fpos,source_reweighted_cluster_trust_pseudo_xgboost_shallow,backend_sweep,xgboost_shallow,PAIRED_BOYDEN::paired_boyden32c::1103_1_1::Tridesclous::3,PAIRED_BOYDEN::paired_boyden32c::1103_1_1,PAIRED_BOYDEN,0.2613268608414239,0.32001132,0.058684456888526026
main,fpos,source_reweighted_cluster_trust_pseudo_xgboost_shallow,backend_sweep,xgboost_shallow,PAIRED_BOYDEN::paired_boyden32c::419_1_8::IronClust::14,PAIRED_BOYDEN::paired_boyden32c::419_1_8,PAIRED_BOYDEN,0.0663265306122449,0.030868964,0.03545756634248763
main,fpos,source_reweighted_cluster_trust_pseudo_xgboost_shallow,backend_sweep,xgboost_shallow,PAIRED_BOYDEN::paired_boyden32c::419_1_8::IronClust::4,PAIRED_BOYDEN::paired_boyden32c::419_1_8,PAIRED_BOYDEN,0.05829903978052126,0.06930342,0.011004383385753762
main,fpos,source_reweighted_cluster_trust_pseudo_xgboost_shallow,backend_sweep,xgboost_shallow,PAIRED_BOYDEN::paired_boyden32c::419_1_8::JRClust::24,PAIRED_BOYDEN::paired_boyden32c::419_1_8,PAIRED_BOYDEN,0.08062093139709564,0.032431155,0.04818977595390411
main,fpos,source_reweighted_cluster_trust_pseudo_xgboost_shallow,backend_sweep,xgboost_shallow,PAIRED_BOYDEN::paired_boyden32c::419_1_8::JRClust::8,PAIRED_BOYDEN::paired_boyden32c::419_1_8,PAIRED_BOYDEN,0.03907637655417407,0.030768177,0.008308200013441687
main,fpos,source_reweighted_cluster_trust_pseudo_xgboost_shallow,backend_sweep,xgboost_shallow,PAIRED_BOYDEN::paired_boyden32c::419_1_8::KiloSort::17,PAIRED_BOYDEN::paired_boyden32c::419_1_8,PAIRED_BOYDEN,0.06424161521775405,0.01929079,0.04495082525593917
main,fpos,source_reweighted_cluster_trust_pseudo_xgboost_shallow,backend_sweep,xgboost_shallow,PAIRED_BOYDEN::paired_boyden32c::419_1_8::KiloSort2::27,PAIRED_BOYDEN::paired_boyden32c::419_1_8,PAIRED_BOYDEN,0.1342059838895282,0.053393025,0.08081295893830864
main,fpos,source_reweighted_cluster_trust_pseudo_xgboost_shallow,backend_sweep,xgboost_shallow,PAIRED_BOYDEN::paired_boyden32c::419_1_8::KiloSort2::46,PAIRED_BOYDEN::paired_boyden32c::419_1_8,PAIRED_BOYDEN,0.02341480088873697,0.014685953,0.008728847852786308
main,fpos,source_reweighted_cluster_trust_pseudo_xgboost_shallow,backend_sweep,xgboost_shallow,PAIRED_BOYDEN::paired_boyden32c::419_1_8::MountainSort4::42,PAIRED_BOYDEN::paired_boyden32c::419_1_8,PAIRED_BOYDEN,0.16482219271063892,0.11973796,0.04508423231244174
main,fpos,source_reweighted_cluster_trust_pseudo_xgboost_shallow,backend_sweep,xgboost_shallow,PAIRED_BOYDEN::paired_boyden32c::419_1_8::SpykingCircus::24,PAIRED_BOYDEN::paired_boyden32c::419_1_8,PAIRED_BOYDEN,0.24721080446271285,0.14003953,0.10717127108601912
main,fpos,source_reweighted_cluster_trust_pseudo_xgboost_shallow,backend_sweep,xgboost_shallow,PAIRED_BOYDEN::paired_boyden32c::419_1_8::SpykingCircus::28,PAIRED_BOYDEN::paired_boyden32c::419_1_8,PAIRED_BOYDEN,0.029543112332531776,0.030872095,0.0013289830437213518
main,fpos,source_reweighted_cluster_trust_pseudo_xgboost_shallow,backend_sweep,xgboost_shallow,PAIRED_BOYDEN::paired_boyden32c::419_1_8::Tridesclous::0,PAIRED_BOYDEN::paired_boyden32c::419_1_8,PAIRED_BOYDEN,0.15585806056898133,0.14659363,0.009264430255108036
main,fpos,source_reweighted_cluster_trust_pseudo_xgboost_shallow,backend_sweep,xgboost_shallow,PAIRED_CRCNS_HC1::paired_crcns::d11221_d11221.001::SpykingCircus::6,PAIRED_CRCNS_HC1::paired_crcns::d11221_d11221.001,PAIRED_CRCNS_HC1,0.8835978835978836,0.44759688,0.43600100578454437
main,fpos,source_reweighted_cluster_trust_pseudo_xgboost_shallow,backend_sweep,xgboost_shallow,PAIRED_CRCNS_HC1::paired_crcns::d11222_d11222.002::IronClust::2,PAIRED_CRCNS_HC1::paired_crcns::d11222_d11222.002,PAIRED_CRCNS_HC1,0.04466019417475728,0.22574572,0.18108552847672435
main,fpos,source_reweighted_cluster_trust_pseudo_xgboost_shallow,backend_sweep,xgboost_shallow,PAIRED_CRCNS_HC1::paired_crcns::d11222_d11222.002::JRClust::3,PAIRED_CRCNS_HC1::paired_crcns::d11222_d11222.002,PAIRED_CRCNS_HC1,0.039337474120082816,0.075697064,0.03635959027963642
main,fpos,source_reweighted_cluster_trust_pseudo_xgboost_shallow,backend_sweep,xgboost_shallow,PAIRED_CRCNS_HC1::paired_crcns::d11222_d11222.002::KiloSort::1,PAIRED_CRCNS_HC1::paired_crcns::d11222_d11222.002,PAIRED_CRCNS_HC1,0.03337783711615487,0.09167486,0.05829701972540931
main,fpos,source_reweighted_cluster_trust_pseudo_xgboost_shallow,backend_sweep,xgboost_shallow,PAIRED_CRCNS_HC1::paired_crcns::d11222_d11222.002::KiloSort2::10,PAIRED_CRCNS_HC1::paired_crcns::d11222_d11222.002,PAIRED_CRCNS_HC1,0.550417469492614,0.07422595,0.4761915222317574
main,fpos,source_reweighted_cluster_trust_pseudo_xgboost_shallow,backend_sweep,xgboost_shallow,PAIRED_CRCNS_HC1::paired_crcns::d11222_d11222.002::Klusta::2,PAIRED_CRCNS_HC1::paired_crcns::d11222_d11222.002,PAIRED_CRCNS_HC1,0.008777852802160702,0.06856344,0.059785586149808445
main,fpos,source_reweighted_cluster_trust_pseudo_xgboost_shallow,backend_sweep,xgboost_shallow,PAIRED_CRCNS_HC1::paired_crcns::d11222_d11222.002::MountainSort4::4,PAIRED_CRCNS_HC1::paired_crcns::d11222_d11222.002,PAIRED_CRCNS_HC1,0.360427807486631,0.21144965,0.14897815457639846
main,fpos,source_reweighted_cluster_trust_pseudo_xgboost_shallow,backend_sweep,xgboost_shallow,PAIRED_CRCNS_HC1::paired_crcns::d11222_d11222.002::SpykingCircus::4,PAIRED_CRCNS_HC1::paired_crcns::d11222_d11222.002,PAIRED_CRCNS_HC1,0.11986754966887417,0.07990955,0.03995800150546017
main,fpos,source_reweighted_cluster_trust_pseudo_xgboost_shallow,backend_sweep,xgboost_shallow,PAIRED_CRCNS_HC1::paired_crcns::d11222_d11222.002::Tridesclous::0,PAIRED_CRCNS_HC1::paired_crcns::d11222_d11222.002,PAIRED_CRCNS_HC1,0.021164021164021163,0.111185595,0.09002157422915968
main,fpos,source_reweighted_cluster_trust_pseudo_xgboost_shallow,backend_sweep,xgboost_shallow,PAIRED_ENGLISH::paired_english::m139_200114_191955::KiloSort2::25,PAIRED_ENGLISH::paired_english::m139_200114_191955,PAIRED_ENGLISH,0.7302739726027397,0.2633473,0.46692667469586413
main,fpos,source_reweighted_cluster_trust_pseudo_xgboost_shallow,backend_sweep,xgboost_shallow,PAIRED_ENGLISH::paired_english::m139_200114_191955::MountainSort4::36,PAIRED_ENGLISH::paired_english::m139_200114_191955,PAIRED_ENGLISH,0.8735255086994986,0.6273089,0.24621660357483433
main,fpos,source_reweighted_cluster_trust_pseudo_xgboost_shallow,backend_sweep,xgboost_shallow,PAIRED_ENGLISH::paired_english::m139_200114_191955::SpykingCircus::42,PAIRED_ENGLISH::paired_english::m139_200114_191955,PAIRED_ENGLISH,0.5584045584045584,0.30571276,0.2526917989097769
main,fpos,source_reweighted_cluster_trust_pseudo_xgboost_shallow,backend_sweep,xgboost_shallow,PAIRED_ENGLISH::paired_english::m139_200114_222743::HerdingSpikes2::5,PAIRED_ENGLISH::paired_english::m139_200114_222743,PAIRED_ENGLISH,0.03257707969749855,0.20195176,0.16937467737590386
main,fpos,source_reweighted_cluster_trust_pseudo_xgboost_shallow,backend_sweep,xgboost_shallow,PAIRED_ENGLISH::paired_english::m139_200114_222743::IronClust::17,PAIRED_ENGLISH::paired_english::m139_200114_222743,PAIRED_ENGLISH,0.02675196277987787,0.13218416,0.10543219995606115
main,fpos,source_reweighted_cluster_trust_pseudo_xgboost_shallow,backend_sweep,xgboost_shallow,PAIRED_ENGLISH::paired_english::m139_200114_222743::KiloSort::88,PAIRED_ENGLISH::paired_english::m139_200114_222743,PAIRED_ENGLISH,0.015151515151515152,0.1806435,0.16549198374603735
main,fpos,source_reweighted_cluster_trust_pseudo_xgboost_shallow,backend_sweep,xgboost_shallow,PAIRED_ENGLISH::paired_english::m139_200114_222743::KiloSort2::26,PAIRED_ENGLISH::paired_english::m139_200114_222743,PAIRED_ENGLISH,0.028645087367516472,0.13288698,0.10424188863613038
main,fpos,source_reweighted_cluster_trust_pseudo_xgboost_shallow,backend_sweep,xgboost_shallow,PAIRED_ENGLISH::paired_english::m139_200114_222743::MountainSort4::46,PAIRED_ENGLISH::paired_english::m139_200114_222743,PAIRED_ENGLISH,0.039886039886039885,0.29982734,0.25994129737897476
main,fpos,source_reweighted_cluster_trust_pseudo_xgboost_shallow,backend_sweep,xgboost_shallow,PAIRED_ENGLISH::paired_english::m139_200114_222743::SpykingCircus::44,PAIRED_ENGLISH::paired_english::m139_200114_222743,PAIRED_ENGLISH,0.028064146620847653,0.13023576,0.10217161478318983
main,fpos,source_reweighted_cluster_trust_pseudo_xgboost_shallow,backend_sweep,xgboost_shallow,PAIRED_ENGLISH::paired_english::m139_200114_222743::Tridesclous::1,PAIRED_ENGLISH::paired_english::m139_200114_222743,PAIRED_ENGLISH,0.3089646722483153,0.27129582,0.03766885654206226
main,fpos,source_reweighted_cluster_trust_pseudo_xgboost_shallow,backend_sweep,xgboost_shallow,PAIRED_ENGLISH::paired_english::m14_190326_155432::IronClust::22,PAIRED_ENGLISH::paired_english::m14_190326_155432,PAIRED_ENGLISH,0.0481651376146789,0.031063013,0.0171021248359199
main,fpos,source_reweighted_cluster_trust_pseudo_xgboost_shallow,backend_sweep,xgboost_shallow,PAIRED_ENGLISH::paired_english::m14_190326_155432::MountainSort4::33,PAIRED_ENGLISH::paired_english::m14_190326_155432,PAIRED_ENGLISH,0.1981651376146789,0.24442519,0.04626005486064
main,fpos,source_reweighted_cluster_trust_pseudo_xgboost_shallow,backend_sweep,xgboost_shallow,PAIRED_ENGLISH::paired_english::m14_190326_155432::SpykingCircus::38,PAIRED_ENGLISH::paired_english::m14_190326_155432,PAIRED_ENGLISH,0.013363028953229399,0.04091288,0.027549852540339023
main,fpos,source_reweighted_cluster_trust_pseudo_xgboost_shallow,backend_sweep,xgboost_shallow,PAIRED_ENGLISH::paired_english::m15_190315_142052_cell1::IronClust::40,PAIRED_ENGLISH::paired_english::m15_190315_142052_cell1,PAIRED_ENGLISH,0.2679960401640503,0.31364658,0.04565054458517148
main,fpos,source_reweighted_cluster_trust_pseudo_xgboost_shallow,backend_sweep,xgboost_shallow,PAIRED_ENGLISH::paired_english::m15_190315_142052_cell1::KiloSort2::48,PAIRED_ENGLISH::paired_english::m15_190315_142052_cell1,PAIRED_ENGLISH,0.8627861694595232,0.3533899,0.5093962804576769
main,fpos,source_reweighted_cluster_trust_pseudo_xgboost_shallow,backend_sweep,xgboost_shallow,PAIRED_ENGLISH::paired_english::m15_190315_142052_cell1::MountainSort4::62,PAIRED_ENGLISH::paired_english::m15_190315_142052_cell1,PAIRED_ENGLISH,0.8769885383524361,0.45121425,0.42577428445000076
main,fpos,source_reweighted_cluster_trust_pseudo_xgboost_shallow,backend_sweep,xgboost_shallow,PAIRED_ENGLISH::paired_english::m15_190315_142052_cell1::MountainSort4::64,PAIRED_ENGLISH::paired_english::m15_190315_142052_cell1,PAIRED_ENGLISH,0.14704761904761904,0.12384391,0.023203710737682515
main,fpos,source_reweighted_cluster_trust_pseudo_xgboost_shallow,backend_sweep,xgboost_shallow,PAIRED_ENGLISH::paired_english::m15_190315_142052_cell1::SpykingCircus::22,PAIRED_ENGLISH::paired_english::m15_190315_142052_cell1,PAIRED_ENGLISH,0.23500526131182042,0.5430237,0.3080184441706625
main,fpos,source_reweighted_cluster_trust_pseudo_xgboost_shallow,backend_sweep,xgboost_shallow,PAIRED_ENGLISH::paired_english::m15_190315_142052_cell1::SpykingCircus::57,PAIRED_ENGLISH::paired_english::m15_190315_142052_cell1,PAIRED_ENGLISH,0.6499202551834131,0.30011025,0.3498100044719721
main,fpos,source_reweighted_cluster_trust_pseudo_xgboost_shallow,backend_sweep,xgboost_shallow,PAIRED_ENGLISH::paired_english::m15_190315_152315_cell1::IronClust::35,PAIRED_ENGLISH::paired_english::m15_190315_152315_cell1,PAIRED_ENGLISH,0.002592440987856461,0.025499979,0.02290753804620974
main,fpos,source_reweighted_cluster_trust_pseudo_xgboost_shallow,backend_sweep,xgboost_shallow,PAIRED_ENGLISH::paired_english::m15_190315_152315_cell1::KiloSort::1,PAIRED_ENGLISH::paired_english::m15_190315_152315_cell1,PAIRED_ENGLISH,6.528267397832615e-05,0.025321743,0.025256459845757962
main,fpos,source_reweighted_cluster_trust_pseudo_xgboost_shallow,backend_sweep,xgboost_shallow,PAIRED_ENGLISH::paired_english::m15_190315_152315_cell1::KiloSort2::37,PAIRED_ENGLISH::paired_english::m15_190315_152315_cell1,PAIRED_ENGLISH,0.00039059957034047265,0.022958843,0.022568243467145605
main,fpos,source_reweighted_cluster_trust_pseudo_xgboost_shallow,backend_sweep,xgboost_shallow,PAIRED_ENGLISH::paired_english::m15_190315_152315_cell1::MountainSort4::72,PAIRED_ENGLISH::paired_english::m15_190315_152315_cell1,PAIRED_ENGLISH,0.052174468356855484,0.14015777,0.08798330573391142
main,fpos,source_reweighted_cluster_trust_pseudo_xgboost_shallow,backend_sweep,xgboost_shallow,PAIRED_ENGLISH::paired_english::m15_190315_152315_cell1::SpykingCircus::46,PAIRED_ENGLISH::paired_english::m15_190315_152315_cell1,PAIRED_ENGLISH,0.010891280531030483,0.027919762,0.017028481305498295
main,fpos,source_reweighted_cluster_trust_pseudo_xgboost_shallow,backend_sweep,xgboost_shallow,PAIRED_ENGLISH::paired_english::m15_190315_152315_cell1::Tridesclous::0,PAIRED_ENGLISH::paired_english::m15_190315_152315_cell1,PAIRED_ENGLISH,0.8482136225209834,0.35230905,0.49590457434517166
main,fpos,source_reweighted_cluster_trust_pseudo_xgboost_shallow,backend_sweep,xgboost_shallow,PAIRED_ENGLISH::paired_english::m26_190524_100859_cell1::KiloSort::19,PAIRED_ENGLISH::paired_english::m26_190524_100859_cell1,PAIRED_ENGLISH,0.2440677966101695,0.122657485,0.12141031130390653
main,fpos,source_reweighted_cluster_trust_pseudo_xgboost_shallow,backend_sweep,xgboost_shallow,PAIRED_ENGLISH::paired_english::m26_190524_100859_cell1::KiloSort::8,PAIRED_ENGLISH::paired_english::m26_190524_100859_cell1,PAIRED_ENGLISH,0.6505139500734214,0.293155,0.3573589355584983
main,fpos,source_reweighted_cluster_trust_pseudo_xgboost_shallow,backend_sweep,xgboost_shallow,PAIRED_ENGLISH::paired_english::m26_190524_100859_cell1::KiloSort2::0,PAIRED_ENGLISH::paired_english::m26_190524_100859_cell1,PAIRED_ENGLISH,0.38315988647114474,0.29116634,0.09199355112683016
main,fpos,source_reweighted_cluster_trust_pseudo_xgboost_shallow,backend_sweep,xgboost_shallow,PAIRED_ENGLISH::paired_english::m57_191105_141906::IronClust::6,PAIRED_ENGLISH::paired_english::m57_191105_141906,PAIRED_ENGLISH,0.31826625386996904,0.2383313,0.0799349508695189
main,fpos,source_reweighted_cluster_trust_pseudo_xgboost_shallow,backend_sweep,xgboost_shallow,PAIRED_ENGLISH::paired_english::m57_191105_141906::KiloSort::47,PAIRED_ENGLISH::paired_english::m57_191105_141906,PAIRED_ENGLISH,0.35376344086021505,0.25569573,0.09806771041244589
main,fpos,source_reweighted_cluster_trust_pseudo_xgboost_shallow,backend_sweep,xgboost_shallow,PAIRED_ENGLISH::paired_english::m57_191105_141906::MountainSort4::21,PAIRED_ENGLISH::paired_english::m57_191105_141906,PAIRED_ENGLISH,0.3323335332933413,0.445007,0.11267346309986243
main,fpos,source_reweighted_cluster_trust_pseudo_xgboost_shallow,backend_sweep,xgboost_shallow,PAIRED_ENGLISH::paired_english::m57_191105_141906::MountainSort4::57,PAIRED_ENGLISH::paired_english::m57_191105_141906,PAIRED_ENGLISH,0.23853211009174313,0.3129063,0.07437418496936832
main,fpos,source_reweighted_cluster_trust_pseudo_xgboost_shallow,backend_sweep,xgboost_shallow,PAIRED_ENGLISH::paired_english::m57_191105_141906::SpykingCircus::12,PAIRED_ENGLISH::paired_english::m57_191105_141906,PAIRED_ENGLISH,0.3535228677379481,0.28879765,0.06472522097700756
main,fpos,source_reweighted_cluster_trust_pseudo_xgboost_shallow,backend_sweep,xgboost_shallow,PAIRED_ENGLISH::paired_english::m57_191105_141906::SpykingCircus::30,PAIRED_ENGLISH::paired_english::m57_191105_141906,PAIRED_ENGLISH,0.2040332147093713,0.17694452,0.02708869065961239
main,fpos,source_reweighted_cluster_trust_pseudo_xgboost_shallow,backend_sweep,xgboost_shallow,PAIRED_ENGLISH::paired_english::m57_191105_160026::HerdingSpikes2::1,PAIRED_ENGLISH::paired_english::m57_191105_160026,PAIRED_ENGLISH,0.13630229419703105,0.32733592,0.19103362971310994
main,fpos,source_reweighted_cluster_trust_pseudo_xgboost_shallow,backend_sweep,xgboost_shallow,PAIRED_ENGLISH::paired_english::m57_191105_160026::IronClust::2,PAIRED_ENGLISH::paired_english::m57_191105_160026,PAIRED_ENGLISH,0.5044008124576845,0.27635083,0.22804998643267538
main,fpos,source_reweighted_cluster_trust_pseudo_xgboost_shallow,backend_sweep,xgboost_shallow,PAIRED_ENGLISH::paired_english::m57_191105_160026::IronClust::3,PAIRED_ENGLISH::paired_english::m57_191105_160026,PAIRED_ENGLISH,0.05838815789473684,0.3292655,0.2708773471807179
main,fpos,source_reweighted_cluster_trust_pseudo_xgboost_shallow,backend_sweep,xgboost_shallow,PAIRED_ENGLISH::paired_english::m57_191105_160026::KiloSort::127,PAIRED_ENGLISH::paired_english::m57_191105_160026,PAIRED_ENGLISH,0.5003422313483915,0.24484777,0.2554944568427763
main,fpos,source_reweighted_cluster_trust_pseudo_xgboost_shallow,backend_sweep,xgboost_shallow,PAIRED_ENGLISH::paired_english::m57_191105_160026::KiloSort::6,PAIRED_ENGLISH::paired_english::m57_191105_160026,PAIRED_ENGLISH,0.02531645569620253,0.30981112,0.28449465956869
main,fpos,source_reweighted_cluster_trust_pseudo_xgboost_shallow,backend_sweep,xgboost_shallow,PAIRED_ENGLISH::paired_english::m57_191105_160026::MountainSort4::23,PAIRED_ENGLISH::paired_english::m57_191105_160026,PAIRED_ENGLISH,0.6737967914438503,0.25656715,0.4172296410894649
main,fpos,source_reweighted_cluster_trust_pseudo_xgboost_shallow,backend_sweep,xgboost_shallow,PAIRED_ENGLISH::paired_english::m57_191105_160026::MountainSort4::25,PAIRED_ENGLISH::paired_english::m57_191105_160026,PAIRED_ENGLISH,0.14568081991215226,0.34551576,0.1998349378869963
main,fpos,source_reweighted_cluster_trust_pseudo_xgboost_shallow,backend_sweep,xgboost_shallow,PAIRED_ENGLISH::paired_english::m57_191105_160026::SpykingCircus::2,PAIRED_ENGLISH::paired_english::m57_191105_160026,PAIRED_ENGLISH,0.6860282574568289,0.44586256,0.24016569599251925
main,fpos,source_reweighted_cluster_trust_pseudo_xgboost_shallow,backend_sweep,xgboost_shallow,PAIRED_ENGLISH::paired_english::m57_191105_160026::SpykingCircus::4,PAIRED_ENGLISH::paired_english::m57_191105_160026,PAIRED_ENGLISH,0.056790123456790124,0.33142394,0.2746338148175934
main,fpos,source_reweighted_cluster_trust_pseudo_xgboost_shallow,backend_sweep,xgboost_shallow,PAIRED_ENGLISH::paired_english::m57_191105_160026::Tridesclous::0,PAIRED_ENGLISH::paired_english::m57_191105_160026,PAIRED_ENGLISH,0.8589226823012093,0.56869626,0.29022642184893876
main,fpos,source_reweighted_cluster_trust_pseudo_xgboost_shallow,backend_sweep,xgboost_shallow,PAIRED_KAMPFF::paired_kampff::c14::HerdingSpikes2::6,PAIRED_KAMPFF::paired_kampff::c14,PAIRED_KAMPFF,0.25090444775484144,0.09239536,0.15850908996723234
main,fpos,source_reweighted_cluster_trust_pseudo_xgboost_shallow,backend_sweep,xgboost_shallow,PAIRED_KAMPFF::paired_kampff::c14::IronClust::22,PAIRED_KAMPFF::paired_kampff::c14,PAIRED_KAMPFF,0.2240655987795576,0.14053638,0.0835292159851774
main,fpos,source_reweighted_cluster_trust_pseudo_xgboost_shallow,backend_sweep,xgboost_shallow,PAIRED_KAMPFF::paired_kampff::c14::KiloSort2::37,PAIRED_KAMPFF::paired_kampff::c14,PAIRED_KAMPFF,0.23899885489939474,0.11205522,0.12694363518952154
main,fpos,source_reweighted_cluster_trust_pseudo_xgboost_shallow,backend_sweep,xgboost_shallow,PAIRED_KAMPFF::paired_kampff::c14::MountainSort4::42,PAIRED_KAMPFF::paired_kampff::c14,PAIRED_KAMPFF,0.031842105263157894,0.03657213,0.004730023271159123
main,fpos,source_reweighted_cluster_trust_pseudo_xgboost_shallow,backend_sweep,xgboost_shallow,PAIRED_KAMPFF::paired_kampff::c14::SpykingCircus::14,PAIRED_KAMPFF::paired_kampff::c14,PAIRED_KAMPFF,0.0993841579953281,0.05359795,0.04578620855008045
main,fpos,source_reweighted_cluster_trust_pseudo_xgboost_shallow,backend_sweep,xgboost_shallow,PAIRED_KAMPFF::paired_kampff::c14::Tridesclous::8,PAIRED_KAMPFF::paired_kampff::c14,PAIRED_KAMPFF,0.7298130782302221,0.44501105,0.28480202872117366
main,fpos,source_reweighted_cluster_trust_pseudo_xgboost_shallow,backend_sweep,xgboost_shallow,PAIRED_MEA64C_YGER::paired_mea64c::20170622_patch1::HerdingSpikes2::19,PAIRED_MEA64C_YGER::paired_mea64c::20170622_patch1,PAIRED_MEA64C_YGER,0.3048016701461378,0.32614717,0.021345498728602808
main,fpos,source_reweighted_cluster_trust_pseudo_xgboost_shallow,backend_sweep,xgboost_shallow,PAIRED_MEA64C_YGER::paired_mea64c::20170622_patch1::HerdingSpikes2::7,PAIRED_MEA64C_YGER::paired_mea64c::20170622_patch1,PAIRED_MEA64C_YGER,0.006430868167202572,0.01500616,0.008575292196352382
main,fpos,source_reweighted_cluster_trust_pseudo_xgboost_shallow,backend_sweep,xgboost_shallow,PAIRED_MEA64C_YGER::paired_mea64c::20170622_patch1::IronClust::8,PAIRED_MEA64C_YGER::paired_mea64c::20170622_patch1,PAIRED_MEA64C_YGER,0.32512992968511156,0.22505581,0.10007411589574389
main,fpos,source_reweighted_cluster_trust_pseudo_xgboost_shallow,backend_sweep,xgboost_shallow,PAIRED_MEA64C_YGER::paired_mea64c::20170622_patch1::KiloSort::64,PAIRED_MEA64C_YGER::paired_mea64c::20170622_patch1,PAIRED_MEA64C_YGER,0.00022805017103762827,0.009050576,0.008822525845269248
main,fpos,source_reweighted_cluster_trust_pseudo_xgboost_shallow,backend_sweep,xgboost_shallow,PAIRED_MEA64C_YGER::paired_mea64c::20170622_patch1::KiloSort2::23,PAIRED_MEA64C_YGER::paired_mea64c::20170622_patch1,PAIRED_MEA64C_YGER,0.0,0.011242382,0.011242382228374481
main,fpos,source_reweighted_cluster_trust_pseudo_xgboost_shallow,backend_sweep,xgboost_shallow,PAIRED_MEA64C_YGER::paired_mea64c::20170622_patch1::Klusta::4,PAIRED_MEA64C_YGER::paired_mea64c::20170622_patch1,PAIRED_MEA64C_YGER,0.0050424628450106155,0.012559317,0.007516854207353734
main,fpos,source_reweighted_cluster_trust_pseudo_xgboost_shallow,backend_sweep,xgboost_shallow,PAIRED_MEA64C_YGER::paired_mea64c::20170622_patch1::MountainSort4::43,PAIRED_MEA64C_YGER::paired_mea64c::20170622_patch1,PAIRED_MEA64C_YGER,0.0040494938132733405,0.011275724,0.007226229763272375
main,fpos,source_reweighted_cluster_trust_pseudo_xgboost_shallow,backend_sweep,xgboost_shallow,PAIRED_MEA64C_YGER::paired_mea64c::20170622_patch1::SpykingCircus::18,PAIRED_MEA64C_YGER::paired_mea64c::20170622_patch1,PAIRED_MEA64C_YGER,0.00022079929344226098,0.00799958,0.007778781060056198
main,fpos,source_reweighted_cluster_trust_pseudo_xgboost_shallow,backend_sweep,xgboost_shallow,PAIRED_MEA64C_YGER::paired_mea64c::20170622_patch1::Tridesclous::12,PAIRED_MEA64C_YGER::paired_mea64c::20170622_patch1,PAIRED_MEA64C_YGER,0.013830024537140308,0.013697406,0.000132618260079799
main,fpos,source_reweighted_cluster_trust_pseudo_xgboost_shallow,backend_sweep,xgboost_shallow,PAIRED_MEA64C_YGER::paired_mea64c::20170622_patch2::HerdingSpikes2::16,PAIRED_MEA64C_YGER::paired_mea64c::20170622_patch2,PAIRED_MEA64C_YGER,0.18683274021352314,0.13820688,0.04862585594857716
main,fpos,source_reweighted_cluster_trust_pseudo_xgboost_shallow,backend_sweep,xgboost_shallow,PAIRED_MEA64C_YGER::paired_mea64c::20170622_patch2::HerdingSpikes2::44,PAIRED_MEA64C_YGER::paired_mea64c::20170622_patch2,PAIRED_MEA64C_YGER,0.4028520499108734,0.10402753,0.2988245178698006
main,fpos,source_reweighted_cluster_trust_pseudo_xgboost_shallow,backend_sweep,xgboost_shallow,PAIRED_MEA64C_YGER::paired_mea64c::20170622_patch2::HerdingSpikes2::5,PAIRED_MEA64C_YGER::paired_mea64c::20170622_patch2,PAIRED_MEA64C_YGER,0.06115992970123023,0.0017802581,0.05937967155884087
main,fpos,source_reweighted_cluster_trust_pseudo_xgboost_shallow,backend_sweep,xgboost_shallow,PAIRED_MEA64C_YGER::paired_mea64c::20170622_patch2::IronClust::11,PAIRED_MEA64C_YGER::paired_mea64c::20170622_patch2,PAIRED_MEA64C_YGER,0.061366806136680614,0.00153329,0.05983351611462779
main,fpos,source_reweighted_cluster_trust_pseudo_xgboost_shallow,backend_sweep,xgboost_shallow,PAIRED_MEA64C_YGER::paired_mea64c::20170622_patch2::JRClust::31,PAIRED_MEA64C_YGER::paired_mea64c::20170622_patch2,PAIRED_MEA64C_YGER,0.06118881118881119,0.0012473809,0.05994143032866133
main,fpos,source_reweighted_cluster_trust_pseudo_xgboost_shallow,backend_sweep,xgboost_shallow,PAIRED_MEA64C_YGER::paired_mea64c::20170622_patch2::KiloSort::5,PAIRED_MEA64C_YGER::paired_mea64c::20170622_patch2,PAIRED_MEA64C_YGER,0.06143106457242583,0.0020545304,0.05937653414370333
main,fpos,source_reweighted_cluster_trust_pseudo_xgboost_shallow,backend_sweep,xgboost_shallow,PAIRED_MEA64C_YGER::paired_mea64c::20170622_patch2::KiloSort2::33,PAIRED_MEA64C_YGER::paired_mea64c::20170622_patch2,PAIRED_MEA64C_YGER,0.061409630146545706,0.0016495317,0.05976009849432611
main,fpos,source_reweighted_cluster_trust_pseudo_xgboost_shallow,backend_sweep,xgboost_shallow,PAIRED_MEA64C_YGER::paired_mea64c::20170622_patch2::Klusta::14,PAIRED_MEA64C_YGER::paired_mea64c::20170622_patch2,PAIRED_MEA64C_YGER,0.05860349127182045,0.001728783,0.056874708259452664
main,fpos,source_reweighted_cluster_trust_pseudo_xgboost_shallow,backend_sweep,xgboost_shallow,PAIRED_MEA64C_YGER::paired_mea64c::20170622_patch2::MountainSort4::31,PAIRED_MEA64C_YGER::paired_mea64c::20170622_patch2,PAIRED_MEA64C_YGER,0.07713404182379156,0.009311082,0.06782295998220354
main,fpos,source_reweighted_cluster_trust_pseudo_xgboost_shallow,backend_sweep,xgboost_shallow,PAIRED_MEA64C_YGER::paired_mea64c::20170622_patch2::SpykingCircus::17,PAIRED_MEA64C_YGER::paired_mea64c::20170622_patch2,PAIRED_MEA64C_YGER,0.061366806136680614,0.001505641,0.05986116510280765
main,fpos,source_reweighted_cluster_trust_pseudo_xgboost_shallow,backend_sweep,xgboost_shallow,PAIRED_MEA64C_YGER::paired_mea64c::20170622_patch2::Tridesclous::0,PAIRED_MEA64C_YGER::paired_mea64c::20170622_patch2,PAIRED_MEA64C_YGER,0.061366806136680614,0.0015704302,0.0597963759016747
main,fpos,source_reweighted_cluster_trust_pseudo_catboost_default,backend_sweep,catboost_default,PAIRED_BOYDEN::paired_boyden32c::1103_1_1::IronClust::4,PAIRED_BOYDEN::paired_boyden32c::1103_1_1,PAIRED_BOYDEN,0.11363636363636363,0.14448117,0.030844803560863845
main,fpos,source_reweighted_cluster_trust_pseudo_catboost_default,backend_sweep,catboost_default,PAIRED_BOYDEN::paired_boyden32c::1103_1_1::JRClust::18,PAIRED_BOYDEN::paired_boyden32c::1103_1_1,PAIRED_BOYDEN,0.26138147566718994,0.2945456,0.033164115210343015
main,fpos,source_reweighted_cluster_trust_pseudo_catboost_default,backend_sweep,catboost_default,PAIRED_BOYDEN::paired_boyden32c::1103_1_1::KiloSort::111,PAIRED_BOYDEN::paired_boyden32c::1103_1_1,PAIRED_BOYDEN,0.11241007194244604,0.17073038,0.05832031026160975
main,fpos,source_reweighted_cluster_trust_pseudo_catboost_default,backend_sweep,catboost_default,PAIRED_BOYDEN::paired_boyden32c::1103_1_1::KiloSort2::33,PAIRED_BOYDEN::paired_boyden32c::1103_1_1,PAIRED_BOYDEN,0.17066290550070523,0.18857782,0.017914910389606964
main,fpos,source_reweighted_cluster_trust_pseudo_catboost_default,backend_sweep,catboost_default,PAIRED_BOYDEN::paired_boyden32c::1103_1_1::KiloSort2::55,PAIRED_BOYDEN::paired_boyden32c::1103_1_1,PAIRED_BOYDEN,0.3333333333333333,0.22167636,0.11165696879227954
main,fpos,source_reweighted_cluster_trust_pseudo_catboost_default,backend_sweep,catboost_default,PAIRED_BOYDEN::paired_boyden32c::1103_1_1::KiloSort2::60,PAIRED_BOYDEN::paired_boyden32c::1103_1_1,PAIRED_BOYDEN,0.15878378378378377,0.17021133,0.011427546272406719
main,fpos,source_reweighted_cluster_trust_pseudo_catboost_default,backend_sweep,catboost_default,PAIRED_BOYDEN::paired_boyden32c::1103_1_1::Klusta::12,PAIRED_BOYDEN::paired_boyden32c::1103_1_1,PAIRED_BOYDEN,0.156686626746507,0.21060956,0.05392292849793881
main,fpos,source_reweighted_cluster_trust_pseudo_catboost_default,backend_sweep,catboost_default,PAIRED_BOYDEN::paired_boyden32c::1103_1_1::MountainSort4::26,PAIRED_BOYDEN::paired_boyden32c::1103_1_1,PAIRED_BOYDEN,0.30532212885154064,0.3062465,0.0009243604348820877
main,fpos,source_reweighted_cluster_trust_pseudo_catboost_default,backend_sweep,catboost_default,PAIRED_BOYDEN::paired_boyden32c::1103_1_1::SpykingCircus::27,PAIRED_BOYDEN::paired_boyden32c::1103_1_1,PAIRED_BOYDEN,0.12258064516129032,0.19024453,0.06766388050971493
main,fpos,source_reweighted_cluster_trust_pseudo_catboost_default,backend_sweep,catboost_default,PAIRED_BOYDEN::paired_boyden32c::1103_1_1::Tridesclous::3,PAIRED_BOYDEN::paired_boyden32c::1103_1_1,PAIRED_BOYDEN,0.2613268608414239,0.3093638,0.048036951366751734
main,fpos,source_reweighted_cluster_trust_pseudo_catboost_default,backend_sweep,catboost_default,PAIRED_BOYDEN::paired_boyden32c::419_1_8::IronClust::14,PAIRED_BOYDEN::paired_boyden32c::419_1_8,PAIRED_BOYDEN,0.0663265306122449,0.020817822,0.04550870876683265
main,fpos,source_reweighted_cluster_trust_pseudo_catboost_default,backend_sweep,catboost_default,PAIRED_BOYDEN::paired_boyden32c::419_1_8::IronClust::4,PAIRED_BOYDEN::paired_boyden32c::419_1_8,PAIRED_BOYDEN,0.05829903978052126,0.057679832,0.0006192077988623271
main,fpos,source_reweighted_cluster_trust_pseudo_catboost_default,backend_sweep,catboost_default,PAIRED_BOYDEN::paired_boyden32c::419_1_8::JRClust::24,PAIRED_BOYDEN::paired_boyden32c::419_1_8,PAIRED_BOYDEN,0.08062093139709564,0.016466746,0.06415418529035183
main,fpos,source_reweighted_cluster_trust_pseudo_catboost_default,backend_sweep,catboost_default,PAIRED_BOYDEN::paired_boyden32c::419_1_8::JRClust::8,PAIRED_BOYDEN::paired_boyden32c::419_1_8,PAIRED_BOYDEN,0.03907637655417407,0.024793992,0.014282384735149985
main,fpos,source_reweighted_cluster_trust_pseudo_catboost_default,backend_sweep,catboost_default,PAIRED_BOYDEN::paired_boyden32c::419_1_8::KiloSort::17,PAIRED_BOYDEN::paired_boyden32c::419_1_8,PAIRED_BOYDEN,0.06424161521775405,0.016782336,0.04745927928073089
main,fpos,source_reweighted_cluster_trust_pseudo_catboost_default,backend_sweep,catboost_default,PAIRED_BOYDEN::paired_boyden32c::419_1_8::KiloSort2::27,PAIRED_BOYDEN::paired_boyden32c::419_1_8,PAIRED_BOYDEN,0.1342059838895282,0.03227268,0.10193330229563324
main,fpos,source_reweighted_cluster_trust_pseudo_catboost_default,backend_sweep,catboost_default,PAIRED_BOYDEN::paired_boyden32c::419_1_8::KiloSort2::46,PAIRED_BOYDEN::paired_boyden32c::419_1_8,PAIRED_BOYDEN,0.02341480088873697,0.017439738,0.005975062972744232
main,fpos,source_reweighted_cluster_trust_pseudo_catboost_default,backend_sweep,catboost_default,PAIRED_BOYDEN::paired_boyden32c::419_1_8::MountainSort4::42,PAIRED_BOYDEN::paired_boyden32c::419_1_8,PAIRED_BOYDEN,0.16482219271063892,0.066403985,0.09841820768714038
main,fpos,source_reweighted_cluster_trust_pseudo_catboost_default,backend_sweep,catboost_default,PAIRED_BOYDEN::paired_boyden32c::419_1_8::SpykingCircus::24,PAIRED_BOYDEN::paired_boyden32c::419_1_8,PAIRED_BOYDEN,0.24721080446271285,0.20790069,0.03931011641053542
main,fpos,source_reweighted_cluster_trust_pseudo_catboost_default,backend_sweep,catboost_default,PAIRED_BOYDEN::paired_boyden32c::419_1_8::SpykingCircus::28,PAIRED_BOYDEN::paired_boyden32c::419_1_8,PAIRED_BOYDEN,0.029543112332531776,0.012288239,0.017254873479315605
main,fpos,source_reweighted_cluster_trust_pseudo_catboost_default,backend_sweep,catboost_default,PAIRED_BOYDEN::paired_boyden32c::419_1_8::Tridesclous::0,PAIRED_BOYDEN::paired_boyden32c::419_1_8,PAIRED_BOYDEN,0.15585806056898133,0.08517212,0.07068594381254212
main,fpos,source_reweighted_cluster_trust_pseudo_catboost_default,backend_sweep,catboost_default,PAIRED_CRCNS_HC1::paired_crcns::d11221_d11221.001::SpykingCircus::6,PAIRED_CRCNS_HC1::paired_crcns::d11221_d11221.001,PAIRED_CRCNS_HC1,0.8835978835978836,0.37259567,0.5110022157588333
main,fpos,source_reweighted_cluster_trust_pseudo_catboost_default,backend_sweep,catboost_default,PAIRED_CRCNS_HC1::paired_crcns::d11222_d11222.002::IronClust::2,PAIRED_CRCNS_HC1::paired_crcns::d11222_d11222.002,PAIRED_CRCNS_HC1,0.04466019417475728,0.313299,0.2686388060884568
main,fpos,source_reweighted_cluster_trust_pseudo_catboost_default,backend_sweep,catboost_default,PAIRED_CRCNS_HC1::paired_crcns::d11222_d11222.002::JRClust::3,PAIRED_CRCNS_HC1::paired_crcns::d11222_d11222.002,PAIRED_CRCNS_HC1,0.039337474120082816,0.13524191,0.09590443669515614
main,fpos,source_reweighted_cluster_trust_pseudo_catboost_default,backend_sweep,catboost_default,PAIRED_CRCNS_HC1::paired_crcns::d11222_d11222.002::KiloSort::1,PAIRED_CRCNS_HC1::paired_crcns::d11222_d11222.002,PAIRED_CRCNS_HC1,0.03337783711615487,0.15621454,0.12283669812020377
main,fpos,source_reweighted_cluster_trust_pseudo_catboost_default,backend_sweep,catboost_default,PAIRED_CRCNS_HC1::paired_crcns::d11222_d11222.002::KiloSort2::10,PAIRED_CRCNS_HC1::paired_crcns::d11222_d11222.002,PAIRED_CRCNS_HC1,0.550417469492614,0.114669025,0.43574844454830863
main,fpos,source_reweighted_cluster_trust_pseudo_catboost_default,backend_sweep,catboost_default,PAIRED_CRCNS_HC1::paired_crcns::d11222_d11222.002::Klusta::2,PAIRED_CRCNS_HC1::paired_crcns::d11222_d11222.002,PAIRED_CRCNS_HC1,0.008777852802160702,0.12057171,0.11179385736715464
main,fpos,source_reweighted_cluster_trust_pseudo_catboost_default,backend_sweep,catboost_default,PAIRED_CRCNS_HC1::paired_crcns::d11222_d11222.002::MountainSort4::4,PAIRED_CRCNS_HC1::paired_crcns::d11222_d11222.002,PAIRED_CRCNS_HC1,0.360427807486631,0.26164174,0.0987860666876808
main,fpos,source_reweighted_cluster_trust_pseudo_catboost_default,backend_sweep,catboost_default,PAIRED_CRCNS_HC1::paired_crcns::d11222_d11222.002::SpykingCircus::4,PAIRED_CRCNS_HC1::paired_crcns::d11222_d11222.002,PAIRED_CRCNS_HC1,0.11986754966887417,0.12024331,0.0003757612594705584
main,fpos,source_reweighted_cluster_trust_pseudo_catboost_default,backend_sweep,catboost_default,PAIRED_CRCNS_HC1::paired_crcns::d11222_d11222.002::Tridesclous::0,PAIRED_CRCNS_HC1::paired_crcns::d11222_d11222.002,PAIRED_CRCNS_HC1,0.021164021164021163,0.16204016,0.14087613794223341
main,fpos,source_reweighted_cluster_trust_pseudo_catboost_default,backend_sweep,catboost_default,PAIRED_ENGLISH::paired_english::m139_200114_191955::KiloSort2::25,PAIRED_ENGLISH::paired_english::m139_200114_191955,PAIRED_ENGLISH,0.7302739726027397,0.18135408,0.5489198969324974
main,fpos,source_reweighted_cluster_trust_pseudo_catboost_default,backend_sweep,catboost_default,PAIRED_ENGLISH::paired_english::m139_200114_191955::MountainSort4::36,PAIRED_ENGLISH::paired_english::m139_200114_191955,PAIRED_ENGLISH,0.8735255086994986,0.45021763,0.42330787426003025
main,fpos,source_reweighted_cluster_trust_pseudo_catboost_default,backend_sweep,catboost_default,PAIRED_ENGLISH::paired_english::m139_200114_191955::SpykingCircus::42,PAIRED_ENGLISH::paired_english::m139_200114_191955,PAIRED_ENGLISH,0.5584045584045584,0.17338297,0.3850215906940634
main,fpos,source_reweighted_cluster_trust_pseudo_catboost_default,backend_sweep,catboost_default,PAIRED_ENGLISH::paired_english::m139_200114_222743::HerdingSpikes2::5,PAIRED_ENGLISH::paired_english::m139_200114_222743,PAIRED_ENGLISH,0.03257707969749855,0.15380651,0.12122942788993432
main,fpos,source_reweighted_cluster_trust_pseudo_catboost_default,backend_sweep,catboost_default,PAIRED_ENGLISH::paired_english::m139_200114_222743::IronClust::17,PAIRED_ENGLISH::paired_english::m139_200114_222743,PAIRED_ENGLISH,0.02675196277987787,0.1134807,0.08672873926270178
main,fpos,source_reweighted_cluster_trust_pseudo_catboost_default,backend_sweep,catboost_default,PAIRED_ENGLISH::paired_english::m139_200114_222743::KiloSort::88,PAIRED_ENGLISH::paired_english::m139_200114_222743,PAIRED_ENGLISH,0.015151515151515152,0.13063446,0.11548294172142491
main,fpos,source_reweighted_cluster_trust_pseudo_catboost_default,backend_sweep,catboost_default,PAIRED_ENGLISH::paired_english::m139_200114_222743::KiloSort2::26,PAIRED_ENGLISH::paired_english::m139_200114_222743,PAIRED_ENGLISH,0.028645087367516472,0.111777306,0.08313221823551087
main,fpos,source_reweighted_cluster_trust_pseudo_catboost_default,backend_sweep,catboost_default,PAIRED_ENGLISH::paired_english::m139_200114_222743::MountainSort4::46,PAIRED_ENGLISH::paired_english::m139_200114_222743,PAIRED_ENGLISH,0.039886039886039885,0.24565668,0.20577064415498336
main,fpos,source_reweighted_cluster_trust_pseudo_catboost_default,backend_sweep,catboost_default,PAIRED_ENGLISH::paired_english::m139_200114_222743::SpykingCircus::44,PAIRED_ENGLISH::paired_english::m139_200114_222743,PAIRED_ENGLISH,0.028064146620847653,0.106384374,0.07832022758045011
main,fpos,source_reweighted_cluster_trust_pseudo_catboost_default,backend_sweep,catboost_default,PAIRED_ENGLISH::paired_english::m139_200114_222743::Tridesclous::1,PAIRED_ENGLISH::paired_english::m139_200114_222743,PAIRED_ENGLISH,0.3089646722483153,0.25710493,0.05185973898644397
main,fpos,source_reweighted_cluster_trust_pseudo_catboost_default,backend_sweep,catboost_default,PAIRED_ENGLISH::paired_english::m14_190326_155432::IronClust::22,PAIRED_ENGLISH::paired_english::m14_190326_155432,PAIRED_ENGLISH,0.0481651376146789,0.06542335,0.017258209441233116
main,fpos,source_reweighted_cluster_trust_pseudo_catboost_default,backend_sweep,catboost_default,PAIRED_ENGLISH::paired_english::m14_190326_155432::MountainSort4::33,PAIRED_ENGLISH::paired_english::m14_190326_155432,PAIRED_ENGLISH,0.1981651376146789,0.31422967,0.11606452957205815
main,fpos,source_reweighted_cluster_trust_pseudo_catboost_default,backend_sweep,catboost_default,PAIRED_ENGLISH::paired_english::m14_190326_155432::SpykingCircus::38,PAIRED_ENGLISH::paired_english::m14_190326_155432,PAIRED_ENGLISH,0.013363028953229399,0.09050072,0.07713769089206556
main,fpos,source_reweighted_cluster_trust_pseudo_catboost_default,backend_sweep,catboost_default,PAIRED_ENGLISH::paired_english::m15_190315_142052_cell1::IronClust::40,PAIRED_ENGLISH::paired_english::m15_190315_142052_cell1,PAIRED_ENGLISH,0.2679960401640503,0.35225442,0.0842583803548248
main,fpos,source_reweighted_cluster_trust_pseudo_catboost_default,backend_sweep,catboost_default,PAIRED_ENGLISH::paired_english::m15_190315_142052_cell1::KiloSort2::48,PAIRED_ENGLISH::paired_english::m15_190315_142052_cell1,PAIRED_ENGLISH,0.8627861694595232,0.41260493,0.45018124144286065
main,fpos,source_reweighted_cluster_trust_pseudo_catboost_default,backend_sweep,catboost_default,PAIRED_ENGLISH::paired_english::m15_190315_142052_cell1::MountainSort4::62,PAIRED_ENGLISH::paired_english::m15_190315_142052_cell1,PAIRED_ENGLISH,0.8769885383524361,0.38515154,0.4918370030798378
main,fpos,source_reweighted_cluster_trust_pseudo_catboost_default,backend_sweep,catboost_default,PAIRED_ENGLISH::paired_english::m15_190315_142052_cell1::MountainSort4::64,PAIRED_ENGLISH::paired_english::m15_190315_142052_cell1,PAIRED_ENGLISH,0.14704761904761904,0.19619834,0.04915072518303282
main,fpos,source_reweighted_cluster_trust_pseudo_catboost_default,backend_sweep,catboost_default,PAIRED_ENGLISH::paired_english::m15_190315_142052_cell1::SpykingCircus::22,PAIRED_ENGLISH::paired_english::m15_190315_142052_cell1,PAIRED_ENGLISH,0.23500526131182042,0.44736084,0.21235558210820826
main,fpos,source_reweighted_cluster_trust_pseudo_catboost_default,backend_sweep,catboost_default,PAIRED_ENGLISH::paired_english::m15_190315_142052_cell1::SpykingCircus::57,PAIRED_ENGLISH::paired_english::m15_190315_142052_cell1,PAIRED_ENGLISH,0.6499202551834131,0.40169936,0.24822089099807987
main,fpos,source_reweighted_cluster_trust_pseudo_catboost_default,backend_sweep,catboost_default,PAIRED_ENGLISH::paired_english::m15_190315_152315_cell1::IronClust::35,PAIRED_ENGLISH::paired_english::m15_190315_152315_cell1,PAIRED_ENGLISH,0.002592440987856461,0.08039848,0.07780603662606947
main,fpos,source_reweighted_cluster_trust_pseudo_catboost_default,backend_sweep,catboost_default,PAIRED_ENGLISH::paired_english::m15_190315_152315_cell1::KiloSort::1,PAIRED_ENGLISH::paired_english::m15_190315_152315_cell1,PAIRED_ENGLISH,6.528267397832615e-05,0.07436268,0.07429739764199304
main,fpos,source_reweighted_cluster_trust_pseudo_catboost_default,backend_sweep,catboost_default,PAIRED_ENGLISH::paired_english::m15_190315_152315_cell1::KiloSort2::37,PAIRED_ENGLISH::paired_english::m15_190315_152315_cell1,PAIRED_ENGLISH,0.00039059957034047265,0.08464699,0.08425639281504695
main,fpos,source_reweighted_cluster_trust_pseudo_catboost_default,backend_sweep,catboost_default,PAIRED_ENGLISH::paired_english::m15_190315_152315_cell1::MountainSort4::72,PAIRED_ENGLISH::paired_english::m15_190315_152315_cell1,PAIRED_ENGLISH,0.052174468356855484,0.27144834,0.21927387563537779
main,fpos,source_reweighted_cluster_trust_pseudo_catboost_default,backend_sweep,catboost_default,PAIRED_ENGLISH::paired_english::m15_190315_152315_cell1::SpykingCircus::46,PAIRED_ENGLISH::paired_english::m15_190315_152315_cell1,PAIRED_ENGLISH,0.010891280531030483,0.085999876,0.07510859572972696
main,fpos,source_reweighted_cluster_trust_pseudo_catboost_default,backend_sweep,catboost_default,PAIRED_ENGLISH::paired_english::m15_190315_152315_cell1::Tridesclous::0,PAIRED_ENGLISH::paired_english::m15_190315_152315_cell1,PAIRED_ENGLISH,0.8482136225209834,0.40592998,0.4422836398587825
main,fpos,source_reweighted_cluster_trust_pseudo_catboost_default,backend_sweep,catboost_default,PAIRED_ENGLISH::paired_english::m26_190524_100859_cell1::KiloSort::19,PAIRED_ENGLISH::paired_english::m26_190524_100859_cell1,PAIRED_ENGLISH,0.2440677966101695,0.18828128,0.055786513827614875
main,fpos,source_reweighted_cluster_trust_pseudo_catboost_default,backend_sweep,catboost_default,PAIRED_ENGLISH::paired_english::m26_190524_100859_cell1::KiloSort::8,PAIRED_ENGLISH::paired_english::m26_190524_100859_cell1,PAIRED_ENGLISH,0.6505139500734214,0.23113586,0.419378089987934
main,fpos,source_reweighted_cluster_trust_pseudo_catboost_default,backend_sweep,catboost_default,PAIRED_ENGLISH::paired_english::m26_190524_100859_cell1::KiloSort2::0,PAIRED_ENGLISH::paired_english::m26_190524_100859_cell1,PAIRED_ENGLISH,0.38315988647114474,0.3425244,0.04063547717701632
main,fpos,source_reweighted_cluster_trust_pseudo_catboost_default,backend_sweep,catboost_default,PAIRED_ENGLISH::paired_english::m57_191105_141906::IronClust::6,PAIRED_ENGLISH::paired_english::m57_191105_141906,PAIRED_ENGLISH,0.31826625386996904,0.25356776,0.06469849864764848
main,fpos,source_reweighted_cluster_trust_pseudo_catboost_default,backend_sweep,catboost_default,PAIRED_ENGLISH::paired_english::m57_191105_141906::KiloSort::47,PAIRED_ENGLISH::paired_english::m57_191105_141906,PAIRED_ENGLISH,0.35376344086021505,0.2546631,0.09910033108085714
main,fpos,source_reweighted_cluster_trust_pseudo_catboost_default,backend_sweep,catboost_default,PAIRED_ENGLISH::paired_english::m57_191105_141906::MountainSort4::21,PAIRED_ENGLISH::paired_english::m57_191105_141906,PAIRED_ENGLISH,0.3323335332933413,0.44848713,0.11615359949436316
main,fpos,source_reweighted_cluster_trust_pseudo_catboost_default,backend_sweep,catboost_default,PAIRED_ENGLISH::paired_english::m57_191105_141906::MountainSort4::57,PAIRED_ENGLISH::paired_english::m57_191105_141906,PAIRED_ENGLISH,0.23853211009174313,0.24013524,0.001603127482834199
main,fpos,source_reweighted_cluster_trust_pseudo_catboost_default,backend_sweep,catboost_default,PAIRED_ENGLISH::paired_english::m57_191105_141906::SpykingCircus::12,PAIRED_ENGLISH::paired_english::m57_191105_141906,PAIRED_ENGLISH,0.3535228677379481,0.39296368,0.039440809906781504
main,fpos,source_reweighted_cluster_trust_pseudo_catboost_default,backend_sweep,catboost_default,PAIRED_ENGLISH::paired_english::m57_191105_141906::SpykingCircus::30,PAIRED_ENGLISH::paired_english::m57_191105_141906,PAIRED_ENGLISH,0.2040332147093713,0.18025823,0.023774985334485743
main,fpos,source_reweighted_cluster_trust_pseudo_catboost_default,backend_sweep,catboost_default,PAIRED_ENGLISH::paired_english::m57_191105_160026::HerdingSpikes2::1,PAIRED_ENGLISH::paired_english::m57_191105_160026,PAIRED_ENGLISH,0.13630229419703105,0.21391545,0.07761315816407582
main,fpos,source_reweighted_cluster_trust_pseudo_catboost_default,backend_sweep,catboost_default,PAIRED_ENGLISH::paired_english::m57_191105_160026::IronClust::2,PAIRED_ENGLISH::paired_english::m57_191105_160026,PAIRED_ENGLISH,0.5044008124576845,0.23157224,0.27282857186663534
main,fpos,source_reweighted_cluster_trust_pseudo_catboost_default,backend_sweep,catboost_default,PAIRED_ENGLISH::paired_english::m57_191105_160026::IronClust::3,PAIRED_ENGLISH::paired_english::m57_191105_160026,PAIRED_ENGLISH,0.05838815789473684,0.31206775,0.25367958922135203
main,fpos,source_reweighted_cluster_trust_pseudo_catboost_default,backend_sweep,catboost_default,PAIRED_ENGLISH::paired_english::m57_191105_160026::KiloSort::127,PAIRED_ENGLISH::paired_english::m57_191105_160026,PAIRED_ENGLISH,0.5003422313483915,0.28188905,0.21845318014943216
main,fpos,source_reweighted_cluster_trust_pseudo_catboost_default,backend_sweep,catboost_default,PAIRED_ENGLISH::paired_english::m57_191105_160026::KiloSort::6,PAIRED_ENGLISH::paired_english::m57_191105_160026,PAIRED_ENGLISH,0.02531645569620253,0.21789968,0.19258322444143175
main,fpos,source_reweighted_cluster_trust_pseudo_catboost_default,backend_sweep,catboost_default,PAIRED_ENGLISH::paired_english::m57_191105_160026::MountainSort4::23,PAIRED_ENGLISH::paired_english::m57_191105_160026,PAIRED_ENGLISH,0.6737967914438503,0.22383699,0.4499598032331722
main,fpos,source_reweighted_cluster_trust_pseudo_catboost_default,backend_sweep,catboost_default,PAIRED_ENGLISH::paired_english::m57_191105_160026::MountainSort4::25,PAIRED_ENGLISH::paired_english::m57_191105_160026,PAIRED_ENGLISH,0.14568081991215226,0.35497737,0.20929654939631942
main,fpos,source_reweighted_cluster_trust_pseudo_catboost_default,backend_sweep,catboost_default,PAIRED_ENGLISH::paired_english::m57_191105_160026::SpykingCircus::2,PAIRED_ENGLISH::paired_english::m57_191105_160026,PAIRED_ENGLISH,0.6860282574568289,0.36471212,0.3213161383543509
main,fpos,source_reweighted_cluster_trust_pseudo_catboost_default,backend_sweep,catboost_default,PAIRED_ENGLISH::paired_english::m57_191105_160026::SpykingCircus::4,PAIRED_ENGLISH::paired_english::m57_191105_160026,PAIRED_ENGLISH,0.056790123456790124,0.34165925,0.2848691244184235
main,fpos,source_reweighted_cluster_trust_pseudo_catboost_default,backend_sweep,catboost_default,PAIRED_ENGLISH::paired_english::m57_191105_160026::Tridesclous::0,PAIRED_ENGLISH::paired_english::m57_191105_160026,PAIRED_ENGLISH,0.8589226823012093,0.5268727,0.3320499878088692
main,fpos,source_reweighted_cluster_trust_pseudo_catboost_default,backend_sweep,catboost_default,PAIRED_KAMPFF::paired_kampff::c14::HerdingSpikes2::6,PAIRED_KAMPFF::paired_kampff::c14,PAIRED_KAMPFF,0.25090444775484144,0.12664622,0.12425822707078993
main,fpos,source_reweighted_cluster_trust_pseudo_catboost_default,backend_sweep,catboost_default,PAIRED_KAMPFF::paired_kampff::c14::IronClust::22,PAIRED_KAMPFF::paired_kampff::c14,PAIRED_KAMPFF,0.2240655987795576,0.16867442,0.055391174488900546
main,fpos,source_reweighted_cluster_trust_pseudo_catboost_default,backend_sweep,catboost_default,PAIRED_KAMPFF::paired_kampff::c14::KiloSort2::37,PAIRED_KAMPFF::paired_kampff::c14,PAIRED_KAMPFF,0.23899885489939474,0.14943263,0.0895662255525472
main,fpos,source_reweighted_cluster_trust_pseudo_catboost_default,backend_sweep,catboost_default,PAIRED_KAMPFF::paired_kampff::c14::MountainSort4::42,PAIRED_KAMPFF::paired_kampff::c14,PAIRED_KAMPFF,0.031842105263157894,0.07396762,0.04212551546724219
main,fpos,source_reweighted_cluster_trust_pseudo_catboost_default,backend_sweep,catboost_default,PAIRED_KAMPFF::paired_kampff::c14::SpykingCircus::14,PAIRED_KAMPFF::paired_kampff::c14,PAIRED_KAMPFF,0.0993841579953281,0.08710685,0.012277304271802097
main,fpos,source_reweighted_cluster_trust_pseudo_catboost_default,backend_sweep,catboost_default,PAIRED_KAMPFF::paired_kampff::c14::Tridesclous::8,PAIRED_KAMPFF::paired_kampff::c14,PAIRED_KAMPFF,0.7298130782302221,0.37862968,0.35118339378197994
main,fpos,source_reweighted_cluster_trust_pseudo_catboost_default,backend_sweep,catboost_default,PAIRED_MEA64C_YGER::paired_mea64c::20170622_patch1::HerdingSpikes2::19,PAIRED_MEA64C_YGER::paired_mea64c::20170622_patch1,PAIRED_MEA64C_YGER,0.3048016701461378,0.2798034,0.024998274874836524
main,fpos,source_reweighted_cluster_trust_pseudo_catboost_default,backend_sweep,catboost_default,PAIRED_MEA64C_YGER::paired_mea64c::20170622_patch1::HerdingSpikes2::7,PAIRED_MEA64C_YGER::paired_mea64c::20170622_patch1,PAIRED_MEA64C_YGER,0.006430868167202572,0.027982827,0.02155195910878887
main,fpos,source_reweighted_cluster_trust_pseudo_catboost_default,backend_sweep,catboost_default,PAIRED_MEA64C_YGER::paired_mea64c::20170622_patch1::IronClust::8,PAIRED_MEA64C_YGER::paired_mea64c::20170622_patch1,PAIRED_MEA64C_YGER,0.32512992968511156,0.21385078,0.11127914836358599
main,fpos,source_reweighted_cluster_trust_pseudo_catboost_default,backend_sweep,catboost_default,PAIRED_MEA64C_YGER::paired_mea64c::20170622_patch1::KiloSort::64,PAIRED_MEA64C_YGER::paired_mea64c::20170622_patch1,PAIRED_MEA64C_YGER,0.00022805017103762827,0.018821692,0.01859364192316918
main,fpos,source_reweighted_cluster_trust_pseudo_catboost_default,backend_sweep,catboost_default,PAIRED_MEA64C_YGER::paired_mea64c::20170622_patch1::KiloSort2::23,PAIRED_MEA64C_YGER::paired_mea64c::20170622_patch1,PAIRED_MEA64C_YGER,0.0,0.018056976,0.018056975677609444
main,fpos,source_reweighted_cluster_trust_pseudo_catboost_default,backend_sweep,catboost_default,PAIRED_MEA64C_YGER::paired_mea64c::20170622_patch1::Klusta::4,PAIRED_MEA64C_YGER::paired_mea64c::20170622_patch1,PAIRED_MEA64C_YGER,0.0050424628450106155,0.04202018,0.03697771648629203
main,fpos,source_reweighted_cluster_trust_pseudo_catboost_default,backend_sweep,catboost_default,PAIRED_MEA64C_YGER::paired_mea64c::20170622_patch1::MountainSort4::43,PAIRED_MEA64C_YGER::paired_mea64c::20170622_patch1,PAIRED_MEA64C_YGER,0.0040494938132733405,0.019288268,0.015238774127009481
main,fpos,source_reweighted_cluster_trust_pseudo_catboost_default,backend_sweep,catboost_default,PAIRED_MEA64C_YGER::paired_mea64c::20170622_patch1::SpykingCircus::18,PAIRED_MEA64C_YGER::paired_mea64c::20170622_patch1,PAIRED_MEA64C_YGER,0.00022079929344226098,0.016953517,0.016732717458085525
main,fpos,source_reweighted_cluster_trust_pseudo_catboost_default,backend_sweep,catboost_default,PAIRED_MEA64C_YGER::paired_mea64c::20170622_patch1::Tridesclous::12,PAIRED_MEA64C_YGER::paired_mea64c::20170622_patch1,PAIRED_MEA64C_YGER,0.013830024537140308,0.030572869,0.016742844346469464
main,fpos,source_reweighted_cluster_trust_pseudo_catboost_default,backend_sweep,catboost_default,PAIRED_MEA64C_YGER::paired_mea64c::20170622_patch2::HerdingSpikes2::16,PAIRED_MEA64C_YGER::paired_mea64c::20170622_patch2,PAIRED_MEA64C_YGER,0.18683274021352314,0.09402084,0.09281189670766377
main,fpos,source_reweighted_cluster_trust_pseudo_catboost_default,backend_sweep,catboost_default,PAIRED_MEA64C_YGER::paired_mea64c::20170622_patch2::HerdingSpikes2::44,PAIRED_MEA64C_YGER::paired_mea64c::20170622_patch2,PAIRED_MEA64C_YGER,0.4028520499108734,0.10283856,0.3000134889720383
main,fpos,source_reweighted_cluster_trust_pseudo_catboost_default,backend_sweep,catboost_default,PAIRED_MEA64C_YGER::paired_mea64c::20170622_patch2::HerdingSpikes2::5,PAIRED_MEA64C_YGER::paired_mea64c::20170622_patch2,PAIRED_MEA64C_YGER,0.06115992970123023,0.006892336,0.05426759363441795
main,fpos,source_reweighted_cluster_trust_pseudo_catboost_default,backend_sweep,catboost_default,PAIRED_MEA64C_YGER::paired_mea64c::20170622_patch2::IronClust::11,PAIRED_MEA64C_YGER::paired_mea64c::20170622_patch2,PAIRED_MEA64C_YGER,0.061366806136680614,0.0060408902,0.05532591590122677
main,fpos,source_reweighted_cluster_trust_pseudo_catboost_default,backend_sweep,catboost_default,PAIRED_MEA64C_YGER::paired_mea64c::20170622_patch2::JRClust::31,PAIRED_MEA64C_YGER::paired_mea64c::20170622_patch2,PAIRED_MEA64C_YGER,0.06118881118881119,0.005512904,0.05567590727868093
main,fpos,source_reweighted_cluster_trust_pseudo_catboost_default,backend_sweep,catboost_default,PAIRED_MEA64C_YGER::paired_mea64c::20170622_patch2::KiloSort::5,PAIRED_MEA64C_YGER::paired_mea64c::20170622_patch2,PAIRED_MEA64C_YGER,0.06143106457242583,0.007853983,0.05357708160230731
main,fpos,source_reweighted_cluster_trust_pseudo_catboost_default,backend_sweep,catboost_default,PAIRED_MEA64C_YGER::paired_mea64c::20170622_patch2::KiloSort2::33,PAIRED_MEA64C_YGER::paired_mea64c::20170622_patch2,PAIRED_MEA64C_YGER,0.061409630146545706,0.004043236,0.05736639423735195
main,fpos,source_reweighted_cluster_trust_pseudo_catboost_default,backend_sweep,catboost_default,PAIRED_MEA64C_YGER::paired_mea64c::20170622_patch2::Klusta::14,PAIRED_MEA64C_YGER::paired_mea64c::20170622_patch2,PAIRED_MEA64C_YGER,0.05860349127182045,0.0041007586,0.05450273268946686
main,fpos,source_reweighted_cluster_trust_pseudo_catboost_default,backend_sweep,catboost_default,PAIRED_MEA64C_YGER::paired_mea64c::20170622_patch2::MountainSort4::31,PAIRED_MEA64C_YGER::paired_mea64c::20170622_patch2,PAIRED_MEA64C_YGER,0.07713404182379156,0.023091376,0.054042665996002257
main,fpos,source_reweighted_cluster_trust_pseudo_catboost_default,backend_sweep,catboost_default,PAIRED_MEA64C_YGER::paired_mea64c::20170622_patch2::SpykingCircus::17,PAIRED_MEA64C_YGER::paired_mea64c::20170622_patch2,PAIRED_MEA64C_YGER,0.061366806136680614,0.0051925126,0.05617429349036313
main,fpos,source_reweighted_cluster_trust_pseudo_catboost_default,backend_sweep,catboost_default,PAIRED_MEA64C_YGER::paired_mea64c::20170622_patch2::Tridesclous::0,PAIRED_MEA64C_YGER::paired_mea64c::20170622_patch2,PAIRED_MEA64C_YGER,0.061366806136680614,0.006757956,0.05460885013849832
main,fpos,source_reweighted_cluster_trust_pseudo_catboost_l2,backend_sweep,catboost_l2,PAIRED_BOYDEN::paired_boyden32c::1103_1_1::IronClust::4,PAIRED_BOYDEN::paired_boyden32c::1103_1_1,PAIRED_BOYDEN,0.11363636363636363,0.13746695,0.023830588568340652
main,fpos,source_reweighted_cluster_trust_pseudo_catboost_l2,backend_sweep,catboost_l2,PAIRED_BOYDEN::paired_boyden32c::1103_1_1::JRClust::18,PAIRED_BOYDEN::paired_boyden32c::1103_1_1,PAIRED_BOYDEN,0.26138147566718994,0.2837071,0.02232563640670837
main,fpos,source_reweighted_cluster_trust_pseudo_catboost_l2,backend_sweep,catboost_l2,PAIRED_BOYDEN::paired_boyden32c::1103_1_1::KiloSort::111,PAIRED_BOYDEN::paired_boyden32c::1103_1_1,PAIRED_BOYDEN,0.11241007194244604,0.17684302,0.06443294539726038
main,fpos,source_reweighted_cluster_trust_pseudo_catboost_l2,backend_sweep,catboost_l2,PAIRED_BOYDEN::paired_boyden32c::1103_1_1::KiloSort2::33,PAIRED_BOYDEN::paired_boyden32c::1103_1_1,PAIRED_BOYDEN,0.17066290550070523,0.16407071,0.006592194960887421
main,fpos,source_reweighted_cluster_trust_pseudo_catboost_l2,backend_sweep,catboost_l2,PAIRED_BOYDEN::paired_boyden32c::1103_1_1::KiloSort2::55,PAIRED_BOYDEN::paired_boyden32c::1103_1_1,PAIRED_BOYDEN,0.3333333333333333,0.17335545,0.15997788806756336
main,fpos,source_reweighted_cluster_trust_pseudo_catboost_l2,backend_sweep,catboost_l2,PAIRED_BOYDEN::paired_boyden32c::1103_1_1::KiloSort2::60,PAIRED_BOYDEN::paired_boyden32c::1103_1_1,PAIRED_BOYDEN,0.15878378378378377,0.15043055,0.008353238572945454
main,fpos,source_reweighted_cluster_trust_pseudo_catboost_l2,backend_sweep,catboost_l2,PAIRED_BOYDEN::paired_boyden32c::1103_1_1::Klusta::12,PAIRED_BOYDEN::paired_boyden32c::1103_1_1,PAIRED_BOYDEN,0.156686626746507,0.17687587,0.020189247653631864
main,fpos,source_reweighted_cluster_trust_pseudo_catboost_l2,backend_sweep,catboost_l2,PAIRED_BOYDEN::paired_boyden32c::1103_1_1::MountainSort4::26,PAIRED_BOYDEN::paired_boyden32c::1103_1_1,PAIRED_BOYDEN,0.30532212885154064,0.31156287,0.006240737120978279
main,fpos,source_reweighted_cluster_trust_pseudo_catboost_l2,backend_sweep,catboost_l2,PAIRED_BOYDEN::paired_boyden32c::1103_1_1::SpykingCircus::27,PAIRED_BOYDEN::paired_boyden32c::1103_1_1,PAIRED_BOYDEN,0.12258064516129032,0.18837266,0.06579201154170498
main,fpos,source_reweighted_cluster_trust_pseudo_catboost_l2,backend_sweep,catboost_l2,PAIRED_BOYDEN::paired_boyden32c::1103_1_1::Tridesclous::3,PAIRED_BOYDEN::paired_boyden32c::1103_1_1,PAIRED_BOYDEN,0.2613268608414239,0.2966279,0.035301048103659693
main,fpos,source_reweighted_cluster_trust_pseudo_catboost_l2,backend_sweep,catboost_l2,PAIRED_BOYDEN::paired_boyden32c::419_1_8::IronClust::14,PAIRED_BOYDEN::paired_boyden32c::419_1_8,PAIRED_BOYDEN,0.0663265306122449,0.029430382,0.036896148658528624
main,fpos,source_reweighted_cluster_trust_pseudo_catboost_l2,backend_sweep,catboost_l2,PAIRED_BOYDEN::paired_boyden32c::419_1_8::IronClust::4,PAIRED_BOYDEN::paired_boyden32c::419_1_8,PAIRED_BOYDEN,0.05829903978052126,0.073950715,0.015651675582504403
main,fpos,source_reweighted_cluster_trust_pseudo_catboost_l2,backend_sweep,catboost_l2,PAIRED_BOYDEN::paired_boyden32c::419_1_8::JRClust::24,PAIRED_BOYDEN::paired_boyden32c::419_1_8,PAIRED_BOYDEN,0.08062093139709564,0.021237478,0.0593834537369165
main,fpos,source_reweighted_cluster_trust_pseudo_catboost_l2,backend_sweep,catboost_l2,PAIRED_BOYDEN::paired_boyden32c::419_1_8::JRClust::8,PAIRED_BOYDEN::paired_boyden32c::419_1_8,PAIRED_BOYDEN,0.03907637655417407,0.04412179,0.005045414123134966
main,fpos,source_reweighted_cluster_trust_pseudo_catboost_l2,backend_sweep,catboost_l2,PAIRED_BOYDEN::paired_boyden32c::419_1_8::KiloSort::17,PAIRED_BOYDEN::paired_boyden32c::419_1_8,PAIRED_BOYDEN,0.06424161521775405,0.021944083,0.042297531944343256
main,fpos,source_reweighted_cluster_trust_pseudo_catboost_l2,backend_sweep,catboost_l2,PAIRED_BOYDEN::paired_boyden32c::419_1_8::KiloSort2::27,PAIRED_BOYDEN::paired_boyden32c::419_1_8,PAIRED_BOYDEN,0.1342059838895282,0.038005628,0.09620035619778244
main,fpos,source_reweighted_cluster_trust_pseudo_catboost_l2,backend_sweep,catboost_l2,PAIRED_BOYDEN::paired_boyden32c::419_1_8::KiloSort2::46,PAIRED_BOYDEN::paired_boyden32c::419_1_8,PAIRED_BOYDEN,0.02341480088873697,0.016421799,0.006993002272089249
main,fpos,source_reweighted_cluster_trust_pseudo_catboost_l2,backend_sweep,catboost_l2,PAIRED_BOYDEN::paired_boyden32c::419_1_8::MountainSort4::42,PAIRED_BOYDEN::paired_boyden32c::419_1_8,PAIRED_BOYDEN,0.16482219271063892,0.08294958,0.08187261394858447
main,fpos,source_reweighted_cluster_trust_pseudo_catboost_l2,backend_sweep,catboost_l2,PAIRED_BOYDEN::paired_boyden32c::419_1_8::SpykingCircus::24,PAIRED_BOYDEN::paired_boyden32c::419_1_8,PAIRED_BOYDEN,0.24721080446271285,0.16354062,0.08367018783120497
main,fpos,source_reweighted_cluster_trust_pseudo_catboost_l2,backend_sweep,catboost_l2,PAIRED_BOYDEN::paired_boyden32c::419_1_8::SpykingCircus::28,PAIRED_BOYDEN::paired_boyden32c::419_1_8,PAIRED_BOYDEN,0.029543112332531776,0.020206502,0.009336610625097122
main,fpos,source_reweighted_cluster_trust_pseudo_catboost_l2,backend_sweep,catboost_l2,PAIRED_BOYDEN::paired_boyden32c::419_1_8::Tridesclous::0,PAIRED_BOYDEN::paired_boyden32c::419_1_8,PAIRED_BOYDEN,0.15585806056898133,0.13183881,0.024019247144870914
main,fpos,source_reweighted_cluster_trust_pseudo_catboost_l2,backend_sweep,catboost_l2,PAIRED_CRCNS_HC1::paired_crcns::d11221_d11221.001::SpykingCircus::6,PAIRED_CRCNS_HC1::paired_crcns::d11221_d11221.001,PAIRED_CRCNS_HC1,0.8835978835978836,0.4043986,0.4791992932715744
main,fpos,source_reweighted_cluster_trust_pseudo_catboost_l2,backend_sweep,catboost_l2,PAIRED_CRCNS_HC1::paired_crcns::d11222_d11222.002::IronClust::2,PAIRED_CRCNS_HC1::paired_crcns::d11222_d11222.002,PAIRED_CRCNS_HC1,0.04466019417475728,0.2186981,0.17403790508080455
main,fpos,source_reweighted_cluster_trust_pseudo_catboost_l2,backend_sweep,catboost_l2,PAIRED_CRCNS_HC1::paired_crcns::d11222_d11222.002::JRClust::3,PAIRED_CRCNS_HC1::paired_crcns::d11222_d11222.002,PAIRED_CRCNS_HC1,0.039337474120082816,0.081278056,0.04194058178621296
main,fpos,source_reweighted_cluster_trust_pseudo_catboost_l2,backend_sweep,catboost_l2,PAIRED_CRCNS_HC1::paired_crcns::d11222_d11222.002::KiloSort::1,PAIRED_CRCNS_HC1::paired_crcns::d11222_d11222.002,PAIRED_CRCNS_HC1,0.03337783711615487,0.089080095,0.055702258174982824
main,fpos,source_reweighted_cluster_trust_pseudo_catboost_l2,backend_sweep,catboost_l2,PAIRED_CRCNS_HC1::paired_crcns::d11222_d11222.002::KiloSort2::10,PAIRED_CRCNS_HC1::paired_crcns::d11222_d11222.002,PAIRED_CRCNS_HC1,0.550417469492614,0.098214045,0.45220342432564475
main,fpos,source_reweighted_cluster_trust_pseudo_catboost_l2,backend_sweep,catboost_l2,PAIRED_CRCNS_HC1::paired_crcns::d11222_d11222.002::Klusta::2,PAIRED_CRCNS_HC1::paired_crcns::d11222_d11222.002,PAIRED_CRCNS_HC1,0.008777852802160702,0.08389895,0.07512109384071497
main,fpos,source_reweighted_cluster_trust_pseudo_catboost_l2,backend_sweep,catboost_l2,PAIRED_CRCNS_HC1::paired_crcns::d11222_d11222.002::MountainSort4::4,PAIRED_CRCNS_HC1::paired_crcns::d11222_d11222.002,PAIRED_CRCNS_HC1,0.360427807486631,0.2617855,0.09864230028448256
main,fpos,source_reweighted_cluster_trust_pseudo_catboost_l2,backend_sweep,catboost_l2,PAIRED_CRCNS_HC1::paired_crcns::d11222_d11222.002::SpykingCircus::4,PAIRED_CRCNS_HC1::paired_crcns::d11222_d11222.002,PAIRED_CRCNS_HC1,0.11986754966887417,0.08504349,0.03482405973586025
main,fpos,source_reweighted_cluster_trust_pseudo_catboost_l2,backend_sweep,catboost_l2,PAIRED_CRCNS_HC1::paired_crcns::d11222_d11222.002::Tridesclous::0,PAIRED_CRCNS_HC1::paired_crcns::d11222_d11222.002,PAIRED_CRCNS_HC1,0.021164021164021163,0.10134484,0.0801808175744203
main,fpos,source_reweighted_cluster_trust_pseudo_catboost_l2,backend_sweep,catboost_l2,PAIRED_ENGLISH::paired_english::m139_200114_191955::KiloSort2::25,PAIRED_ENGLISH::paired_english::m139_200114_191955,PAIRED_ENGLISH,0.7302739726027397,0.19037366,0.5399003134688286
main,fpos,source_reweighted_cluster_trust_pseudo_catboost_l2,backend_sweep,catboost_l2,PAIRED_ENGLISH::paired_english::m139_200114_191955::MountainSort4::36,PAIRED_ENGLISH::paired_english::m139_200114_191955,PAIRED_ENGLISH,0.8735255086994986,0.49999523,0.37353027707108066
main,fpos,source_reweighted_cluster_trust_pseudo_catboost_l2,backend_sweep,catboost_l2,PAIRED_ENGLISH::paired_english::m139_200114_191955::SpykingCircus::42,PAIRED_ENGLISH::paired_english::m139_200114_191955,PAIRED_ENGLISH,0.5584045584045584,0.18568213,0.3727224255644018
main,fpos,source_reweighted_cluster_trust_pseudo_catboost_l2,backend_sweep,catboost_l2,PAIRED_ENGLISH::paired_english::m139_200114_222743::HerdingSpikes2::5,PAIRED_ENGLISH::paired_english::m139_200114_222743,PAIRED_ENGLISH,0.03257707969749855,0.16997032,0.13739323897754266
main,fpos,source_reweighted_cluster_trust_pseudo_catboost_l2,backend_sweep,catboost_l2,PAIRED_ENGLISH::paired_english::m139_200114_222743::IronClust::17,PAIRED_ENGLISH::paired_english::m139_200114_222743,PAIRED_ENGLISH,0.02675196277987787,0.102580465,0.07582850259649923
main,fpos,source_reweighted_cluster_trust_pseudo_catboost_l2,backend_sweep,catboost_l2,PAIRED_ENGLISH::paired_english::m139_200114_222743::KiloSort::88,PAIRED_ENGLISH::paired_english::m139_200114_222743,PAIRED_ENGLISH,0.015151515151515152,0.09480455,0.07965303257559285
main,fpos,source_reweighted_cluster_trust_pseudo_catboost_l2,backend_sweep,catboost_l2,PAIRED_ENGLISH::paired_english::m139_200114_222743::KiloSort2::26,PAIRED_ENGLISH::paired_english::m139_200114_222743,PAIRED_ENGLISH,0.028645087367516472,0.09762643,0.06898134540893464
main,fpos,source_reweighted_cluster_trust_pseudo_catboost_l2,backend_sweep,catboost_l2,PAIRED_ENGLISH::paired_english::m139_200114_222743::MountainSort4::46,PAIRED_ENGLISH::paired_english::m139_200114_222743,PAIRED_ENGLISH,0.039886039886039885,0.2512648,0.2113787706760939
main,fpos,source_reweighted_cluster_trust_pseudo_catboost_l2,backend_sweep,catboost_l2,PAIRED_ENGLISH::paired_english::m139_200114_222743::SpykingCircus::44,PAIRED_ENGLISH::paired_english::m139_200114_222743,PAIRED_ENGLISH,0.028064146620847653,0.09942604,0.07136189194240385
main,fpos,source_reweighted_cluster_trust_pseudo_catboost_l2,backend_sweep,catboost_l2,PAIRED_ENGLISH::paired_english::m139_200114_222743::Tridesclous::1,PAIRED_ENGLISH::paired_english::m139_200114_222743,PAIRED_ENGLISH,0.3089646722483153,0.23082776,0.07813690857167194
main,fpos,source_reweighted_cluster_trust_pseudo_catboost_l2,backend_sweep,catboost_l2,PAIRED_ENGLISH::paired_english::m14_190326_155432::IronClust::22,PAIRED_ENGLISH::paired_english::m14_190326_155432,PAIRED_ENGLISH,0.0481651376146789,0.07960016,0.03143502518944784
main,fpos,source_reweighted_cluster_trust_pseudo_catboost_l2,backend_sweep,catboost_l2,PAIRED_ENGLISH::paired_english::m14_190326_155432::MountainSort4::33,PAIRED_ENGLISH::paired_english::m14_190326_155432,PAIRED_ENGLISH,0.1981651376146789,0.32798767,0.1298225332837586
main,fpos,source_reweighted_cluster_trust_pseudo_catboost_l2,backend_sweep,catboost_l2,PAIRED_ENGLISH::paired_english::m14_190326_155432::SpykingCircus::38,PAIRED_ENGLISH::paired_english::m14_190326_155432,PAIRED_ENGLISH,0.013363028953229399,0.0812884,0.06792536835893491
main,fpos,source_reweighted_cluster_trust_pseudo_catboost_l2,backend_sweep,catboost_l2,PAIRED_ENGLISH::paired_english::m15_190315_142052_cell1::IronClust::40,PAIRED_ENGLISH::paired_english::m15_190315_142052_cell1,PAIRED_ENGLISH,0.2679960401640503,0.30791816,0.039922120989743015
main,fpos,source_reweighted_cluster_trust_pseudo_catboost_l2,backend_sweep,catboost_l2,PAIRED_ENGLISH::paired_english::m15_190315_142052_cell1::KiloSort2::48,PAIRED_ENGLISH::paired_english::m15_190315_142052_cell1,PAIRED_ENGLISH,0.8627861694595232,0.31441784,0.5483683304092303
main,fpos,source_reweighted_cluster_trust_pseudo_catboost_l2,backend_sweep,catboost_l2,PAIRED_ENGLISH::paired_english::m15_190315_142052_cell1::MountainSort4::62,PAIRED_ENGLISH::paired_english::m15_190315_142052_cell1,PAIRED_ENGLISH,0.8769885383524361,0.36078015,0.5162083886541786
main,fpos,source_reweighted_cluster_trust_pseudo_catboost_l2,backend_sweep,catboost_l2,PAIRED_ENGLISH::paired_english::m15_190315_142052_cell1::MountainSort4::64,PAIRED_ENGLISH::paired_english::m15_190315_142052_cell1,PAIRED_ENGLISH,0.14704761904761904,0.15060583,0.0035582085223425097
main,fpos,source_reweighted_cluster_trust_pseudo_catboost_l2,backend_sweep,catboost_l2,PAIRED_ENGLISH::paired_english::m15_190315_142052_cell1::SpykingCircus::22,PAIRED_ENGLISH::paired_english::m15_190315_142052_cell1,PAIRED_ENGLISH,0.23500526131182042,0.41778952,0.18278425752133998
main,fpos,source_reweighted_cluster_trust_pseudo_catboost_l2,backend_sweep,catboost_l2,PAIRED_ENGLISH::paired_english::m15_190315_142052_cell1::SpykingCircus::57,PAIRED_ENGLISH::paired_english::m15_190315_142052_cell1,PAIRED_ENGLISH,0.6499202551834131,0.32203546,0.3278847935192133
main,fpos,source_reweighted_cluster_trust_pseudo_catboost_l2,backend_sweep,catboost_l2,PAIRED_ENGLISH::paired_english::m15_190315_152315_cell1::IronClust::35,PAIRED_ENGLISH::paired_english::m15_190315_152315_cell1,PAIRED_ENGLISH,0.002592440987856461,0.12912697,0.1265345250117468
main,fpos,source_reweighted_cluster_trust_pseudo_catboost_l2,backend_sweep,catboost_l2,PAIRED_ENGLISH::paired_english::m15_190315_152315_cell1::KiloSort::1,PAIRED_ENGLISH::paired_english::m15_190315_152315_cell1,PAIRED_ENGLISH,6.528267397832615e-05,0.11089301,0.11082772841916132
main,fpos,source_reweighted_cluster_trust_pseudo_catboost_l2,backend_sweep,catboost_l2,PAIRED_ENGLISH::paired_english::m15_190315_152315_cell1::KiloSort2::37,PAIRED_ENGLISH::paired_english::m15_190315_152315_cell1,PAIRED_ENGLISH,0.00039059957034047265,0.12256068,0.12217008034222666
main,fpos,source_reweighted_cluster_trust_pseudo_catboost_l2,backend_sweep,catboost_l2,PAIRED_ENGLISH::paired_english::m15_190315_152315_cell1::MountainSort4::72,PAIRED_ENGLISH::paired_english::m15_190315_152315_cell1,PAIRED_ENGLISH,0.052174468356855484,0.32940722,0.27723274676155274
main,fpos,source_reweighted_cluster_trust_pseudo_catboost_l2,backend_sweep,catboost_l2,PAIRED_ENGLISH::paired_english::m15_190315_152315_cell1::SpykingCircus::46,PAIRED_ENGLISH::paired_english::m15_190315_152315_cell1,PAIRED_ENGLISH,0.010891280531030483,0.122202426,0.11131114566411417
main,fpos,source_reweighted_cluster_trust_pseudo_catboost_l2,backend_sweep,catboost_l2,PAIRED_ENGLISH::paired_english::m15_190315_152315_cell1::Tridesclous::0,PAIRED_ENGLISH::paired_english::m15_190315_152315_cell1,PAIRED_ENGLISH,0.8482136225209834,0.45239916,0.39581445808273574
main,fpos,source_reweighted_cluster_trust_pseudo_catboost_l2,backend_sweep,catboost_l2,PAIRED_ENGLISH::paired_english::m26_190524_100859_cell1::KiloSort::19,PAIRED_ENGLISH::paired_english::m26_190524_100859_cell1,PAIRED_ENGLISH,0.2440677966101695,0.14188886,0.10217893972235212
main,fpos,source_reweighted_cluster_trust_pseudo_catboost_l2,backend_sweep,catboost_l2,PAIRED_ENGLISH::paired_english::m26_190524_100859_cell1::KiloSort::8,PAIRED_ENGLISH::paired_english::m26_190524_100859_cell1,PAIRED_ENGLISH,0.6505139500734214,0.27810982,0.3724041313764457
main,fpos,source_reweighted_cluster_trust_pseudo_catboost_l2,backend_sweep,catboost_l2,PAIRED_ENGLISH::paired_english::m26_190524_100859_cell1::KiloSort2::0,PAIRED_ENGLISH::paired_english::m26_190524_100859_cell1,PAIRED_ENGLISH,0.38315988647114474,0.27039105,0.11276883947025973
main,fpos,source_reweighted_cluster_trust_pseudo_catboost_l2,backend_sweep,catboost_l2,PAIRED_ENGLISH::paired_english::m57_191105_141906::IronClust::6,PAIRED_ENGLISH::paired_english::m57_191105_141906,PAIRED_ENGLISH,0.31826625386996904,0.25011656,0.06814969698711076
main,fpos,source_reweighted_cluster_trust_pseudo_catboost_l2,backend_sweep,catboost_l2,PAIRED_ENGLISH::paired_english::m57_191105_141906::KiloSort::47,PAIRED_ENGLISH::paired_english::m57_191105_141906,PAIRED_ENGLISH,0.35376344086021505,0.26374575,0.09001768590301595
main,fpos,source_reweighted_cluster_trust_pseudo_catboost_l2,backend_sweep,catboost_l2,PAIRED_ENGLISH::paired_english::m57_191105_141906::MountainSort4::21,PAIRED_ENGLISH::paired_english::m57_191105_141906,PAIRED_ENGLISH,0.3323335332933413,0.41029188,0.07795834707584509
main,fpos,source_reweighted_cluster_trust_pseudo_catboost_l2,backend_sweep,catboost_l2,PAIRED_ENGLISH::paired_english::m57_191105_141906::MountainSort4::57,PAIRED_ENGLISH::paired_english::m57_191105_141906,PAIRED_ENGLISH,0.23853211009174313,0.25312278,0.014590666655006745
main,fpos,source_reweighted_cluster_trust_pseudo_catboost_l2,backend_sweep,catboost_l2,PAIRED_ENGLISH::paired_english::m57_191105_141906::SpykingCircus::12,PAIRED_ENGLISH::paired_english::m57_191105_141906,PAIRED_ENGLISH,0.3535228677379481,0.29018337,0.06333950239294689
main,fpos,source_reweighted_cluster_trust_pseudo_catboost_l2,backend_sweep,catboost_l2,PAIRED_ENGLISH::paired_english::m57_191105_141906::SpykingCircus::30,PAIRED_ENGLISH::paired_english::m57_191105_141906,PAIRED_ENGLISH,0.2040332147093713,0.15087573,0.05315748240670559
main,fpos,source_reweighted_cluster_trust_pseudo_catboost_l2,backend_sweep,catboost_l2,PAIRED_ENGLISH::paired_english::m57_191105_160026::HerdingSpikes2::1,PAIRED_ENGLISH::paired_english::m57_191105_160026,PAIRED_ENGLISH,0.13630229419703105,0.18799101,0.051688713965467425
main,fpos,source_reweighted_cluster_trust_pseudo_catboost_l2,backend_sweep,catboost_l2,PAIRED_ENGLISH::paired_english::m57_191105_160026::IronClust::2,PAIRED_ENGLISH::paired_english::m57_191105_160026,PAIRED_ENGLISH,0.5044008124576845,0.18922004,0.3151807714210787
main,fpos,source_reweighted_cluster_trust_pseudo_catboost_l2,backend_sweep,catboost_l2,PAIRED_ENGLISH::paired_english::m57_191105_160026::IronClust::3,PAIRED_ENGLISH::paired_english::m57_191105_160026,PAIRED_ENGLISH,0.05838815789473684,0.20790398,0.14951582331406443
main,fpos,source_reweighted_cluster_trust_pseudo_catboost_l2,backend_sweep,catboost_l2,PAIRED_ENGLISH::paired_english::m57_191105_160026::KiloSort::127,PAIRED_ENGLISH::paired_english::m57_191105_160026,PAIRED_ENGLISH,0.5003422313483915,0.22636464,0.2739775889667234
main,fpos,source_reweighted_cluster_trust_pseudo_catboost_l2,backend_sweep,catboost_l2,PAIRED_ENGLISH::paired_english::m57_191105_160026::KiloSort::6,PAIRED_ENGLISH::paired_english::m57_191105_160026,PAIRED_ENGLISH,0.02531645569620253,0.16857463,0.14325817551793932
main,fpos,source_reweighted_cluster_trust_pseudo_catboost_l2,backend_sweep,catboost_l2,PAIRED_ENGLISH::paired_english::m57_191105_160026::MountainSort4::23,PAIRED_ENGLISH::paired_english::m57_191105_160026,PAIRED_ENGLISH,0.6737967914438503,0.1458547,0.5279420948124187
main,fpos,source_reweighted_cluster_trust_pseudo_catboost_l2,backend_sweep,catboost_l2,PAIRED_ENGLISH::paired_english::m57_191105_160026::MountainSort4::25,PAIRED_ENGLISH::paired_english::m57_191105_160026,PAIRED_ENGLISH,0.14568081991215226,0.27714124,0.13146042330722335
main,fpos,source_reweighted_cluster_trust_pseudo_catboost_l2,backend_sweep,catboost_l2,PAIRED_ENGLISH::paired_english::m57_191105_160026::SpykingCircus::2,PAIRED_ENGLISH::paired_english::m57_191105_160026,PAIRED_ENGLISH,0.6860282574568289,0.33281228,0.3532159779940146
main,fpos,source_reweighted_cluster_trust_pseudo_catboost_l2,backend_sweep,catboost_l2,PAIRED_ENGLISH::paired_english::m57_191105_160026::SpykingCircus::4,PAIRED_ENGLISH::paired_english::m57_191105_160026,PAIRED_ENGLISH,0.056790123456790124,0.22724248,0.17045236123196872
main,fpos,source_reweighted_cluster_trust_pseudo_catboost_l2,backend_sweep,catboost_l2,PAIRED_ENGLISH::paired_english::m57_191105_160026::Tridesclous::0,PAIRED_ENGLISH::paired_english::m57_191105_160026,PAIRED_ENGLISH,0.8589226823012093,0.37481445,0.48410823156039506
main,fpos,source_reweighted_cluster_trust_pseudo_catboost_l2,backend_sweep,catboost_l2,PAIRED_KAMPFF::paired_kampff::c14::HerdingSpikes2::6,PAIRED_KAMPFF::paired_kampff::c14,PAIRED_KAMPFF,0.25090444775484144,0.11842335,0.1324810975994879
main,fpos,source_reweighted_cluster_trust_pseudo_catboost_l2,backend_sweep,catboost_l2,PAIRED_KAMPFF::paired_kampff::c14::IronClust::22,PAIRED_KAMPFF::paired_kampff::c14,PAIRED_KAMPFF,0.2240655987795576,0.14969733,0.07436826520526255
main,fpos,source_reweighted_cluster_trust_pseudo_catboost_l2,backend_sweep,catboost_l2,PAIRED_KAMPFF::paired_kampff::c14::KiloSort2::37,PAIRED_KAMPFF::paired_kampff::c14,PAIRED_KAMPFF,0.23899885489939474,0.13631834,0.10268051400183462
main,fpos,source_reweighted_cluster_trust_pseudo_catboost_l2,backend_sweep,catboost_l2,PAIRED_KAMPFF::paired_kampff::c14::MountainSort4::42,PAIRED_KAMPFF::paired_kampff::c14,PAIRED_KAMPFF,0.031842105263157894,0.057837006,0.02599490044148345
main,fpos,source_reweighted_cluster_trust_pseudo_catboost_l2,backend_sweep,catboost_l2,PAIRED_KAMPFF::paired_kampff::c14::SpykingCircus::14,PAIRED_KAMPFF::paired_kampff::c14,PAIRED_KAMPFF,0.0993841579953281,0.07847163,0.020912527183636814
main,fpos,source_reweighted_cluster_trust_pseudo_catboost_l2,backend_sweep,catboost_l2,PAIRED_KAMPFF::paired_kampff::c14::Tridesclous::8,PAIRED_KAMPFF::paired_kampff::c14,PAIRED_KAMPFF,0.7298130782302221,0.32531443,0.4044986458476385
main,fpos,source_reweighted_cluster_trust_pseudo_catboost_l2,backend_sweep,catboost_l2,PAIRED_MEA64C_YGER::paired_mea64c::20170622_patch1::HerdingSpikes2::19,PAIRED_MEA64C_YGER::paired_mea64c::20170622_patch1,PAIRED_MEA64C_YGER,0.3048016701461378,0.26011997,0.044681695532948096
main,fpos,source_reweighted_cluster_trust_pseudo_catboost_l2,backend_sweep,catboost_l2,PAIRED_MEA64C_YGER::paired_mea64c::20170622_patch1::HerdingSpikes2::7,PAIRED_MEA64C_YGER::paired_mea64c::20170622_patch1,PAIRED_MEA64C_YGER,0.006430868167202572,0.04387432,0.03744345147557964
main,fpos,source_reweighted_cluster_trust_pseudo_catboost_l2,backend_sweep,catboost_l2,PAIRED_MEA64C_YGER::paired_mea64c::20170622_patch1::IronClust::8,PAIRED_MEA64C_YGER::paired_mea64c::20170622_patch1,PAIRED_MEA64C_YGER,0.32512992968511156,0.17179886,0.15333107461881212
main,fpos,source_reweighted_cluster_trust_pseudo_catboost_l2,backend_sweep,catboost_l2,PAIRED_MEA64C_YGER::paired_mea64c::20170622_patch1::KiloSort::64,PAIRED_MEA64C_YGER::paired_mea64c::20170622_patch1,PAIRED_MEA64C_YGER,0.00022805017103762827,0.02811667,0.02788861933479695
main,fpos,source_reweighted_cluster_trust_pseudo_catboost_l2,backend_sweep,catboost_l2,PAIRED_MEA64C_YGER::paired_mea64c::20170622_patch1::KiloSort2::23,PAIRED_MEA64C_YGER::paired_mea64c::20170622_patch1,PAIRED_MEA64C_YGER,0.0,0.032812256,0.03281225636601448
main,fpos,source_reweighted_cluster_trust_pseudo_catboost_l2,backend_sweep,catboost_l2,PAIRED_MEA64C_YGER::paired_mea64c::20170622_patch1::Klusta::4,PAIRED_MEA64C_YGER::paired_mea64c::20170622_patch1,PAIRED_MEA64C_YGER,0.0050424628450106155,0.044711646,0.039669182847576284
main,fpos,source_reweighted_cluster_trust_pseudo_catboost_l2,backend_sweep,catboost_l2,PAIRED_MEA64C_YGER::paired_mea64c::20170622_patch1::MountainSort4::43,PAIRED_MEA64C_YGER::paired_mea64c::20170622_patch1,PAIRED_MEA64C_YGER,0.0040494938132733405,0.03650355,0.03245405585193929
main,fpos,source_reweighted_cluster_trust_pseudo_catboost_l2,backend_sweep,catboost_l2,PAIRED_MEA64C_YGER::paired_mea64c::20170622_patch1::SpykingCircus::18,PAIRED_MEA64C_YGER::paired_mea64c::20170622_patch1,PAIRED_MEA64C_YGER,0.00022079929344226098,0.026319494,0.02609869517751168
main,fpos,source_reweighted_cluster_trust_pseudo_catboost_l2,backend_sweep,catboost_l2,PAIRED_MEA64C_YGER::paired_mea64c::20170622_patch1::Tridesclous::12,PAIRED_MEA64C_YGER::paired_mea64c::20170622_patch1,PAIRED_MEA64C_YGER,0.013830024537140308,0.03830401,0.024473984006351056
main,fpos,source_reweighted_cluster_trust_pseudo_catboost_l2,backend_sweep,catboost_l2,PAIRED_MEA64C_YGER::paired_mea64c::20170622_patch2::HerdingSpikes2::16,PAIRED_MEA64C_YGER::paired_mea64c::20170622_patch2,PAIRED_MEA64C_YGER,0.18683274021352314,0.08660926,0.1002234809657433
main,fpos,source_reweighted_cluster_trust_pseudo_catboost_l2,backend_sweep,catboost_l2,PAIRED_MEA64C_YGER::paired_mea64c::20170622_patch2::HerdingSpikes2::44,PAIRED_MEA64C_YGER::paired_mea64c::20170622_patch2,PAIRED_MEA64C_YGER,0.4028520499108734,0.12651816,0.27633388980612184
main,fpos,source_reweighted_cluster_trust_pseudo_catboost_l2,backend_sweep,catboost_l2,PAIRED_MEA64C_YGER::paired_mea64c::20170622_patch2::HerdingSpikes2::5,PAIRED_MEA64C_YGER::paired_mea64c::20170622_patch2,PAIRED_MEA64C_YGER,0.06115992970123023,0.005050453,0.056109476809493006
main,fpos,source_reweighted_cluster_trust_pseudo_catboost_l2,backend_sweep,catboost_l2,PAIRED_MEA64C_YGER::paired_mea64c::20170622_patch2::IronClust::11,PAIRED_MEA64C_YGER::paired_mea64c::20170622_patch2,PAIRED_MEA64C_YGER,0.061366806136680614,0.005053166,0.05631364030228354
main,fpos,source_reweighted_cluster_trust_pseudo_catboost_l2,backend_sweep,catboost_l2,PAIRED_MEA64C_YGER::paired_mea64c::20170622_patch2::JRClust::31,PAIRED_MEA64C_YGER::paired_mea64c::20170622_patch2,PAIRED_MEA64C_YGER,0.06118881118881119,0.004566062,0.0566227494126798
main,fpos,source_reweighted_cluster_trust_pseudo_catboost_l2,backend_sweep,catboost_l2,PAIRED_MEA64C_YGER::paired_mea64c::20170622_patch2::KiloSort::5,PAIRED_MEA64C_YGER::paired_mea64c::20170622_patch2,PAIRED_MEA64C_YGER,0.06143106457242583,0.0055597527,0.0558713118771634
main,fpos,source_reweighted_cluster_trust_pseudo_catboost_l2,backend_sweep,catboost_l2,PAIRED_MEA64C_YGER::paired_mea64c::20170622_patch2::KiloSort2::33,PAIRED_MEA64C_YGER::paired_mea64c::20170622_patch2,PAIRED_MEA64C_YGER,0.061409630146545706,0.0043669306,0.05704269957236701
main,fpos,source_reweighted_cluster_trust_pseudo_catboost_l2,backend_sweep,catboost_l2,PAIRED_MEA64C_YGER::paired_mea64c::20170622_patch2::Klusta::14,PAIRED_MEA64C_YGER::paired_mea64c::20170622_patch2,PAIRED_MEA64C_YGER,0.05860349127182045,0.004686769,0.05391672217377701
main,fpos,source_reweighted_cluster_trust_pseudo_catboost_l2,backend_sweep,catboost_l2,PAIRED_MEA64C_YGER::paired_mea64c::20170622_patch2::MountainSort4::31,PAIRED_MEA64C_YGER::paired_mea64c::20170622_patch2,PAIRED_MEA64C_YGER,0.07713404182379156,0.025483798,0.05165024358813673
main,fpos,source_reweighted_cluster_trust_pseudo_catboost_l2,backend_sweep,catboost_l2,PAIRED_MEA64C_YGER::paired_mea64c::20170622_patch2::SpykingCircus::17,PAIRED_MEA64C_YGER::paired_mea64c::20170622_patch2,PAIRED_MEA64C_YGER,0.061366806136680614,0.004868944,0.05649786196113921
main,fpos,source_reweighted_cluster_trust_pseudo_catboost_l2,backend_sweep,catboost_l2,PAIRED_MEA64C_YGER::paired_mea64c::20170622_patch2::Tridesclous::0,PAIRED_MEA64C_YGER::paired_mea64c::20170622_patch2,PAIRED_MEA64C_YGER,0.061366806136680614,0.0042834748,0.05708333137841321
main,fpos,source_reweighted_cluster_trust_pseudo_histgb,backend_sweep,histgb,PAIRED_BOYDEN::paired_boyden32c::1103_1_1::IronClust::4,PAIRED_BOYDEN::paired_boyden32c::1103_1_1,PAIRED_BOYDEN,0.11363636363636363,0.122270025,0.00863366167653691
main,fpos,source_reweighted_cluster_trust_pseudo_histgb,backend_sweep,histgb,PAIRED_BOYDEN::paired_boyden32c::1103_1_1::JRClust::18,PAIRED_BOYDEN::paired_boyden32c::1103_1_1,PAIRED_BOYDEN,0.26138147566718994,0.21929798,0.04208350036544739
main,fpos,source_reweighted_cluster_trust_pseudo_histgb,backend_sweep,histgb,PAIRED_BOYDEN::paired_boyden32c::1103_1_1::KiloSort::111,PAIRED_BOYDEN::paired_boyden32c::1103_1_1,PAIRED_BOYDEN,0.11241007194244604,0.18488428,0.07247420802390833
main,fpos,source_reweighted_cluster_trust_pseudo_histgb,backend_sweep,histgb,PAIRED_BOYDEN::paired_boyden32c::1103_1_1::KiloSort2::33,PAIRED_BOYDEN::paired_boyden32c::1103_1_1,PAIRED_BOYDEN,0.17066290550070523,0.16662559,0.004037316368396271
main,fpos,source_reweighted_cluster_trust_pseudo_histgb,backend_sweep,histgb,PAIRED_BOYDEN::paired_boyden32c::1103_1_1::KiloSort2::55,PAIRED_BOYDEN::paired_boyden32c::1103_1_1,PAIRED_BOYDEN,0.3333333333333333,0.20672986,0.12660347421964008
main,fpos,source_reweighted_cluster_trust_pseudo_histgb,backend_sweep,histgb,PAIRED_BOYDEN::paired_boyden32c::1103_1_1::KiloSort2::60,PAIRED_BOYDEN::paired_boyden32c::1103_1_1,PAIRED_BOYDEN,0.15878378378378377,0.078185946,0.08059783803450093
main,fpos,source_reweighted_cluster_trust_pseudo_histgb,backend_sweep,histgb,PAIRED_BOYDEN::paired_boyden32c::1103_1_1::Klusta::12,PAIRED_BOYDEN::paired_boyden32c::1103_1_1,PAIRED_BOYDEN,0.156686626746507,0.15583454,0.0008520860217526571
main,fpos,source_reweighted_cluster_trust_pseudo_histgb,backend_sweep,histgb,PAIRED_BOYDEN::paired_boyden32c::1103_1_1::MountainSort4::26,PAIRED_BOYDEN::paired_boyden32c::1103_1_1,PAIRED_BOYDEN,0.30532212885154064,0.24175923,0.06356290312541302
main,fpos,source_reweighted_cluster_trust_pseudo_histgb,backend_sweep,histgb,PAIRED_BOYDEN::paired_boyden32c::1103_1_1::SpykingCircus::27,PAIRED_BOYDEN::paired_boyden32c::1103_1_1,PAIRED_BOYDEN,0.12258064516129032,0.17573787,0.05315722755847439
main,fpos,source_reweighted_cluster_trust_pseudo_histgb,backend_sweep,histgb,PAIRED_BOYDEN::paired_boyden32c::1103_1_1::Tridesclous::3,PAIRED_BOYDEN::paired_boyden32c::1103_1_1,PAIRED_BOYDEN,0.2613268608414239,0.19275132,0.06857554262510007
main,fpos,source_reweighted_cluster_trust_pseudo_histgb,backend_sweep,histgb,PAIRED_BOYDEN::paired_boyden32c::419_1_8::IronClust::14,PAIRED_BOYDEN::paired_boyden32c::419_1_8,PAIRED_BOYDEN,0.0663265306122449,0.022366835,0.0439596958078292
main,fpos,source_reweighted_cluster_trust_pseudo_histgb,backend_sweep,histgb,PAIRED_BOYDEN::paired_boyden32c::419_1_8::IronClust::4,PAIRED_BOYDEN::paired_boyden32c::419_1_8,PAIRED_BOYDEN,0.05829903978052126,0.05435924,0.003939801185750831
main,fpos,source_reweighted_cluster_trust_pseudo_histgb,backend_sweep,histgb,PAIRED_BOYDEN::paired_boyden32c::419_1_8::JRClust::24,PAIRED_BOYDEN::paired_boyden32c::419_1_8,PAIRED_BOYDEN,0.08062093139709564,0.018307326,0.06231360503555866
main,fpos,source_reweighted_cluster_trust_pseudo_histgb,backend_sweep,histgb,PAIRED_BOYDEN::paired_boyden32c::419_1_8::JRClust::8,PAIRED_BOYDEN::paired_boyden32c::419_1_8,PAIRED_BOYDEN,0.03907637655417407,0.040029332,0.0009529554875663468
main,fpos,source_reweighted_cluster_trust_pseudo_histgb,backend_sweep,histgb,PAIRED_BOYDEN::paired_boyden32c::419_1_8::KiloSort::17,PAIRED_BOYDEN::paired_boyden32c::419_1_8,PAIRED_BOYDEN,0.06424161521775405,0.013850088,0.05039152698648851
main,fpos,source_reweighted_cluster_trust_pseudo_histgb,backend_sweep,histgb,PAIRED_BOYDEN::paired_boyden32c::419_1_8::KiloSort2::27,PAIRED_BOYDEN::paired_boyden32c::419_1_8,PAIRED_BOYDEN,0.1342059838895282,0.06767953,0.06652645201725571
main,fpos,source_reweighted_cluster_trust_pseudo_histgb,backend_sweep,histgb,PAIRED_BOYDEN::paired_boyden32c::419_1_8::KiloSort2::46,PAIRED_BOYDEN::paired_boyden32c::419_1_8,PAIRED_BOYDEN,0.02341480088873697,0.009665428,0.01374937315924955
main,fpos,source_reweighted_cluster_trust_pseudo_histgb,backend_sweep,histgb,PAIRED_BOYDEN::paired_boyden32c::419_1_8::MountainSort4::42,PAIRED_BOYDEN::paired_boyden32c::419_1_8,PAIRED_BOYDEN,0.16482219271063892,0.09847271,0.06634948573708621
main,fpos,source_reweighted_cluster_trust_pseudo_histgb,backend_sweep,histgb,PAIRED_BOYDEN::paired_boyden32c::419_1_8::SpykingCircus::24,PAIRED_BOYDEN::paired_boyden32c::419_1_8,PAIRED_BOYDEN,0.24721080446271285,0.07109881,0.1761119925382553
main,fpos,source_reweighted_cluster_trust_pseudo_histgb,backend_sweep,histgb,PAIRED_BOYDEN::paired_boyden32c::419_1_8::SpykingCircus::28,PAIRED_BOYDEN::paired_boyden32c::419_1_8,PAIRED_BOYDEN,0.029543112332531776,0.015786998,0.013756114358612861
main,fpos,source_reweighted_cluster_trust_pseudo_histgb,backend_sweep,histgb,PAIRED_BOYDEN::paired_boyden32c::419_1_8::Tridesclous::0,PAIRED_BOYDEN::paired_boyden32c::419_1_8,PAIRED_BOYDEN,0.15585806056898133,0.10684034,0.049017718285732426
main,fpos,source_reweighted_cluster_trust_pseudo_histgb,backend_sweep,histgb,PAIRED_CRCNS_HC1::paired_crcns::d11221_d11221.001::SpykingCircus::6,PAIRED_CRCNS_HC1::paired_crcns::d11221_d11221.001,PAIRED_CRCNS_HC1,0.8835978835978836,0.47073877,0.4128591150203079
main,fpos,source_reweighted_cluster_trust_pseudo_histgb,backend_sweep,histgb,PAIRED_CRCNS_HC1::paired_crcns::d11222_d11222.002::IronClust::2,PAIRED_CRCNS_HC1::paired_crcns::d11222_d11222.002,PAIRED_CRCNS_HC1,0.04466019417475728,0.18445775,0.1397975549535844
main,fpos,source_reweighted_cluster_trust_pseudo_histgb,backend_sweep,histgb,PAIRED_CRCNS_HC1::paired_crcns::d11222_d11222.002::JRClust::3,PAIRED_CRCNS_HC1::paired_crcns::d11222_d11222.002,PAIRED_CRCNS_HC1,0.039337474120082816,0.057475373,0.018137899028835336
main,fpos,source_reweighted_cluster_trust_pseudo_histgb,backend_sweep,histgb,PAIRED_CRCNS_HC1::paired_crcns::d11222_d11222.002::KiloSort::1,PAIRED_CRCNS_HC1::paired_crcns::d11222_d11222.002,PAIRED_CRCNS_HC1,0.03337783711615487,0.06964406,0.03626622659501151
main,fpos,source_reweighted_cluster_trust_pseudo_histgb,backend_sweep,histgb,PAIRED_CRCNS_HC1::paired_crcns::d11222_d11222.002::KiloSort2::10,PAIRED_CRCNS_HC1::paired_crcns::d11222_d11222.002,PAIRED_CRCNS_HC1,0.550417469492614,0.047430903,0.5029865667731164
main,fpos,source_reweighted_cluster_trust_pseudo_histgb,backend_sweep,histgb,PAIRED_CRCNS_HC1::paired_crcns::d11222_d11222.002::Klusta::2,PAIRED_CRCNS_HC1::paired_crcns::d11222_d11222.002,PAIRED_CRCNS_HC1,0.008777852802160702,0.057475027,0.04869717389475969
main,fpos,source_reweighted_cluster_trust_pseudo_histgb,backend_sweep,histgb,PAIRED_CRCNS_HC1::paired_crcns::d11222_d11222.002::MountainSort4::4,PAIRED_CRCNS_HC1::paired_crcns::d11222_d11222.002,PAIRED_CRCNS_HC1,0.360427807486631,0.26365435,0.09677345625219497
main,fpos,source_reweighted_cluster_trust_pseudo_histgb,backend_sweep,histgb,PAIRED_CRCNS_HC1::paired_crcns::d11222_d11222.002::SpykingCircus::4,PAIRED_CRCNS_HC1::paired_crcns::d11222_d11222.002,PAIRED_CRCNS_HC1,0.11986754966887417,0.06038252,0.05948503075155201
main,fpos,source_reweighted_cluster_trust_pseudo_histgb,backend_sweep,histgb,PAIRED_CRCNS_HC1::paired_crcns::d11222_d11222.002::Tridesclous::0,PAIRED_CRCNS_HC1::paired_crcns::d11222_d11222.002,PAIRED_CRCNS_HC1,0.021164021164021163,0.14222664,0.12106261524573836
main,fpos,source_reweighted_cluster_trust_pseudo_histgb,backend_sweep,histgb,PAIRED_ENGLISH::paired_english::m139_200114_191955::KiloSort2::25,PAIRED_ENGLISH::paired_english::m139_200114_191955,PAIRED_ENGLISH,0.7302739726027397,0.30193818,0.4283357964476494
main,fpos,source_reweighted_cluster_trust_pseudo_histgb,backend_sweep,histgb,PAIRED_ENGLISH::paired_english::m139_200114_191955::MountainSort4::36,PAIRED_ENGLISH::paired_english::m139_200114_191955,PAIRED_ENGLISH,0.8735255086994986,0.64567494,0.22785056477554844
main,fpos,source_reweighted_cluster_trust_pseudo_histgb,backend_sweep,histgb,PAIRED_ENGLISH::paired_english::m139_200114_191955::SpykingCircus::42,PAIRED_ENGLISH::paired_english::m139_200114_191955,PAIRED_ENGLISH,0.5584045584045584,0.35159624,0.2068083221756155
main,fpos,source_reweighted_cluster_trust_pseudo_histgb,backend_sweep,histgb,PAIRED_ENGLISH::paired_english::m139_200114_222743::HerdingSpikes2::5,PAIRED_ENGLISH::paired_english::m139_200114_222743,PAIRED_ENGLISH,0.03257707969749855,0.16869295,0.13611586673652246
main,fpos,source_reweighted_cluster_trust_pseudo_histgb,backend_sweep,histgb,PAIRED_ENGLISH::paired_english::m139_200114_222743::IronClust::17,PAIRED_ENGLISH::paired_english::m139_200114_222743,PAIRED_ENGLISH,0.02675196277987787,0.11144036,0.08468839776623419
main,fpos,source_reweighted_cluster_trust_pseudo_histgb,backend_sweep,histgb,PAIRED_ENGLISH::paired_english::m139_200114_222743::KiloSort::88,PAIRED_ENGLISH::paired_english::m139_200114_222743,PAIRED_ENGLISH,0.015151515151515152,0.12304916,0.1078976471767281
main,fpos,source_reweighted_cluster_trust_pseudo_histgb,backend_sweep,histgb,PAIRED_ENGLISH::paired_english::m139_200114_222743::KiloSort2::26,PAIRED_ENGLISH::paired_english::m139_200114_222743,PAIRED_ENGLISH,0.028645087367516472,0.10831595,0.07967086475469498
main,fpos,source_reweighted_cluster_trust_pseudo_histgb,backend_sweep,histgb,PAIRED_ENGLISH::paired_english::m139_200114_222743::MountainSort4::46,PAIRED_ENGLISH::paired_english::m139_200114_222743,PAIRED_ENGLISH,0.039886039886039885,0.24196726,0.20208122095151504
main,fpos,source_reweighted_cluster_trust_pseudo_histgb,backend_sweep,histgb,PAIRED_ENGLISH::paired_english::m139_200114_222743::SpykingCircus::44,PAIRED_ENGLISH::paired_english::m139_200114_222743,PAIRED_ENGLISH,0.028064146620847653,0.11522181,0.08715766670026594
main,fpos,source_reweighted_cluster_trust_pseudo_histgb,backend_sweep,histgb,PAIRED_ENGLISH::paired_english::m139_200114_222743::Tridesclous::1,PAIRED_ENGLISH::paired_english::m139_200114_222743,PAIRED_ENGLISH,0.3089646722483153,0.24097376,0.06799091653103778
main,fpos,source_reweighted_cluster_trust_pseudo_histgb,backend_sweep,histgb,PAIRED_ENGLISH::paired_english::m14_190326_155432::IronClust::22,PAIRED_ENGLISH::paired_english::m14_190326_155432,PAIRED_ENGLISH,0.0481651376146789,0.05123847,0.003073332164812523
main,fpos,source_reweighted_cluster_trust_pseudo_histgb,backend_sweep,histgb,PAIRED_ENGLISH::paired_english::m14_190326_155432::MountainSort4::33,PAIRED_ENGLISH::paired_english::m14_190326_155432,PAIRED_ENGLISH,0.1981651376146789,0.28563598,0.08747084036879582
main,fpos,source_reweighted_cluster_trust_pseudo_histgb,backend_sweep,histgb,PAIRED_ENGLISH::paired_english::m14_190326_155432::SpykingCircus::38,PAIRED_ENGLISH::paired_english::m14_190326_155432,PAIRED_ENGLISH,0.013363028953229399,0.023369873,0.010006843989337473
main,fpos,source_reweighted_cluster_trust_pseudo_histgb,backend_sweep,histgb,PAIRED_ENGLISH::paired_english::m15_190315_142052_cell1::IronClust::40,PAIRED_ENGLISH::paired_english::m15_190315_142052_cell1,PAIRED_ENGLISH,0.2679960401640503,0.27248895,0.004492911518994114
main,fpos,source_reweighted_cluster_trust_pseudo_histgb,backend_sweep,histgb,PAIRED_ENGLISH::paired_english::m15_190315_142052_cell1::KiloSort2::48,PAIRED_ENGLISH::paired_english::m15_190315_142052_cell1,PAIRED_ENGLISH,0.8627861694595232,0.30479088,0.5579952852031603
main,fpos,source_reweighted_cluster_trust_pseudo_histgb,backend_sweep,histgb,PAIRED_ENGLISH::paired_english::m15_190315_142052_cell1::MountainSort4::62,PAIRED_ENGLISH::paired_english::m15_190315_142052_cell1,PAIRED_ENGLISH,0.8769885383524361,0.34894747,0.5280410729326668
main,fpos,source_reweighted_cluster_trust_pseudo_histgb,backend_sweep,histgb,PAIRED_ENGLISH::paired_english::m15_190315_142052_cell1::MountainSort4::64,PAIRED_ENGLISH::paired_english::m15_190315_142052_cell1,PAIRED_ENGLISH,0.14704761904761904,0.09450432,0.05254329991624468
main,fpos,source_reweighted_cluster_trust_pseudo_histgb,backend_sweep,histgb,PAIRED_ENGLISH::paired_english::m15_190315_142052_cell1::SpykingCircus::22,PAIRED_ENGLISH::paired_english::m15_190315_142052_cell1,PAIRED_ENGLISH,0.23500526131182042,0.46812144,0.2331161779067007
main,fpos,source_reweighted_cluster_trust_pseudo_histgb,backend_sweep,histgb,PAIRED_ENGLISH::paired_english::m15_190315_142052_cell1::SpykingCircus::57,PAIRED_ENGLISH::paired_english::m15_190315_142052_cell1,PAIRED_ENGLISH,0.6499202551834131,0.278643,0.37127724313659916
main,fpos,source_reweighted_cluster_trust_pseudo_histgb,backend_sweep,histgb,PAIRED_ENGLISH::paired_english::m15_190315_152315_cell1::IronClust::35,PAIRED_ENGLISH::paired_english::m15_190315_152315_cell1,PAIRED_ENGLISH,0.002592440987856461,0.05007317,0.04748072818395369
main,fpos,source_reweighted_cluster_trust_pseudo_histgb,backend_sweep,histgb,PAIRED_ENGLISH::paired_english::m15_190315_152315_cell1::KiloSort::1,PAIRED_ENGLISH::paired_english::m15_190315_152315_cell1,PAIRED_ENGLISH,6.528267397832615e-05,0.043792523,0.04372724076972056
main,fpos,source_reweighted_cluster_trust_pseudo_histgb,backend_sweep,histgb,PAIRED_ENGLISH::paired_english::m15_190315_152315_cell1::KiloSort2::37,PAIRED_ENGLISH::paired_english::m15_190315_152315_cell1,PAIRED_ENGLISH,0.00039059957034047265,0.13443105,0.13404044965737408
main,fpos,source_reweighted_cluster_trust_pseudo_histgb,backend_sweep,histgb,PAIRED_ENGLISH::paired_english::m15_190315_152315_cell1::MountainSort4::72,PAIRED_ENGLISH::paired_english::m15_190315_152315_cell1,PAIRED_ENGLISH,0.052174468356855484,0.2128666,0.16069213597130003
main,fpos,source_reweighted_cluster_trust_pseudo_histgb,backend_sweep,histgb,PAIRED_ENGLISH::paired_english::m15_190315_152315_cell1::SpykingCircus::46,PAIRED_ENGLISH::paired_english::m15_190315_152315_cell1,PAIRED_ENGLISH,0.010891280531030483,0.041661285,0.03077000433291834
main,fpos,source_reweighted_cluster_trust_pseudo_histgb,backend_sweep,histgb,PAIRED_ENGLISH::paired_english::m15_190315_152315_cell1::Tridesclous::0,PAIRED_ENGLISH::paired_english::m15_190315_152315_cell1,PAIRED_ENGLISH,0.8482136225209834,0.43906182,0.40915180201393386
main,fpos,source_reweighted_cluster_trust_pseudo_histgb,backend_sweep,histgb,PAIRED_ENGLISH::paired_english::m26_190524_100859_cell1::KiloSort::19,PAIRED_ENGLISH::paired_english::m26_190524_100859_cell1,PAIRED_ENGLISH,0.2440677966101695,0.09612977,0.14793802901344785
main,fpos,source_reweighted_cluster_trust_pseudo_histgb,backend_sweep,histgb,PAIRED_ENGLISH::paired_english::m26_190524_100859_cell1::KiloSort::8,PAIRED_ENGLISH::paired_english::m26_190524_100859_cell1,PAIRED_ENGLISH,0.6505139500734214,0.18069886,0.46981509336203375
main,fpos,source_reweighted_cluster_trust_pseudo_histgb,backend_sweep,histgb,PAIRED_ENGLISH::paired_english::m26_190524_100859_cell1::KiloSort2::0,PAIRED_ENGLISH::paired_english::m26_190524_100859_cell1,PAIRED_ENGLISH,0.38315988647114474,0.20636539,0.17679449485909182
main,fpos,source_reweighted_cluster_trust_pseudo_histgb,backend_sweep,histgb,PAIRED_ENGLISH::paired_english::m57_191105_141906::IronClust::6,PAIRED_ENGLISH::paired_english::m57_191105_141906,PAIRED_ENGLISH,0.31826625386996904,0.20027208,0.11799417058749834
main,fpos,source_reweighted_cluster_trust_pseudo_histgb,backend_sweep,histgb,PAIRED_ENGLISH::paired_english::m57_191105_141906::KiloSort::47,PAIRED_ENGLISH::paired_english::m57_191105_141906,PAIRED_ENGLISH,0.35376344086021505,0.16538748,0.1883759594091805
main,fpos,source_reweighted_cluster_trust_pseudo_histgb,backend_sweep,histgb,PAIRED_ENGLISH::paired_english::m57_191105_141906::MountainSort4::21,PAIRED_ENGLISH::paired_english::m57_191105_141906,PAIRED_ENGLISH,0.3323335332933413,0.3934569,0.06112337278690466
main,fpos,source_reweighted_cluster_trust_pseudo_histgb,backend_sweep,histgb,PAIRED_ENGLISH::paired_english::m57_191105_141906::MountainSort4::57,PAIRED_ENGLISH::paired_english::m57_191105_141906,PAIRED_ENGLISH,0.23853211009174313,0.17077632,0.06775578760772671
main,fpos,source_reweighted_cluster_trust_pseudo_histgb,backend_sweep,histgb,PAIRED_ENGLISH::paired_english::m57_191105_141906::SpykingCircus::12,PAIRED_ENGLISH::paired_english::m57_191105_141906,PAIRED_ENGLISH,0.3535228677379481,0.20867224,0.14485062736147564
main,fpos,source_reweighted_cluster_trust_pseudo_histgb,backend_sweep,histgb,PAIRED_ENGLISH::paired_english::m57_191105_141906::SpykingCircus::30,PAIRED_ENGLISH::paired_english::m57_191105_141906,PAIRED_ENGLISH,0.2040332147093713,0.13961321,0.06442000355443356
main,fpos,source_reweighted_cluster_trust_pseudo_histgb,backend_sweep,histgb,PAIRED_ENGLISH::paired_english::m57_191105_160026::HerdingSpikes2::1,PAIRED_ENGLISH::paired_english::m57_191105_160026,PAIRED_ENGLISH,0.13630229419703105,0.30359995,0.16729765945439717
main,fpos,source_reweighted_cluster_trust_pseudo_histgb,backend_sweep,histgb,PAIRED_ENGLISH::paired_english::m57_191105_160026::IronClust::2,PAIRED_ENGLISH::paired_english::m57_191105_160026,PAIRED_ENGLISH,0.5044008124576845,0.35148823,0.15291257984507467
main,fpos,source_reweighted_cluster_trust_pseudo_histgb,backend_sweep,histgb,PAIRED_ENGLISH::paired_english::m57_191105_160026::IronClust::3,PAIRED_ENGLISH::paired_english::m57_191105_160026,PAIRED_ENGLISH,0.05838815789473684,0.3039417,0.2455535389875111
main,fpos,source_reweighted_cluster_trust_pseudo_histgb,backend_sweep,histgb,PAIRED_ENGLISH::paired_english::m57_191105_160026::KiloSort::127,PAIRED_ENGLISH::paired_english::m57_191105_160026,PAIRED_ENGLISH,0.5003422313483915,0.24933527,0.25100695724808786
main,fpos,source_reweighted_cluster_trust_pseudo_histgb,backend_sweep,histgb,PAIRED_ENGLISH::paired_english::m57_191105_160026::KiloSort::6,PAIRED_ENGLISH::paired_english::m57_191105_160026,PAIRED_ENGLISH,0.02531645569620253,0.2609499,0.2356334539908397
main,fpos,source_reweighted_cluster_trust_pseudo_histgb,backend_sweep,histgb,PAIRED_ENGLISH::paired_english::m57_191105_160026::MountainSort4::23,PAIRED_ENGLISH::paired_english::m57_191105_160026,PAIRED_ENGLISH,0.6737967914438503,0.15908054,0.5147162562704342
main,fpos,source_reweighted_cluster_trust_pseudo_histgb,backend_sweep,histgb,PAIRED_ENGLISH::paired_english::m57_191105_160026::MountainSort4::25,PAIRED_ENGLISH::paired_english::m57_191105_160026,PAIRED_ENGLISH,0.14568081991215226,0.31990087,0.1742200504110289
main,fpos,source_reweighted_cluster_trust_pseudo_histgb,backend_sweep,histgb,PAIRED_ENGLISH::paired_english::m57_191105_160026::SpykingCircus::2,PAIRED_ENGLISH::paired_english::m57_191105_160026,PAIRED_ENGLISH,0.6860282574568289,0.45911312,0.2269151364241141
main,fpos,source_reweighted_cluster_trust_pseudo_histgb,backend_sweep,histgb,PAIRED_ENGLISH::paired_english::m57_191105_160026::SpykingCircus::4,PAIRED_ENGLISH::paired_english::m57_191105_160026,PAIRED_ENGLISH,0.056790123456790124,0.3387206,0.2819304664193848
main,fpos,source_reweighted_cluster_trust_pseudo_histgb,backend_sweep,histgb,PAIRED_ENGLISH::paired_english::m57_191105_160026::Tridesclous::0,PAIRED_ENGLISH::paired_english::m57_191105_160026,PAIRED_ENGLISH,0.8589226823012093,0.625489,0.23343368579547197
main,fpos,source_reweighted_cluster_trust_pseudo_histgb,backend_sweep,histgb,PAIRED_KAMPFF::paired_kampff::c14::HerdingSpikes2::6,PAIRED_KAMPFF::paired_kampff::c14,PAIRED_KAMPFF,0.25090444775484144,0.07038664,0.18051780702732145
main,fpos,source_reweighted_cluster_trust_pseudo_histgb,backend_sweep,histgb,PAIRED_KAMPFF::paired_kampff::c14::IronClust::22,PAIRED_KAMPFF::paired_kampff::c14,PAIRED_KAMPFF,0.2240655987795576,0.08994302,0.13412257724368418
main,fpos,source_reweighted_cluster_trust_pseudo_histgb,backend_sweep,histgb,PAIRED_KAMPFF::paired_kampff::c14::KiloSort2::37,PAIRED_KAMPFF::paired_kampff::c14,PAIRED_KAMPFF,0.23899885489939474,0.18635744,0.0526414163350942
main,fpos,source_reweighted_cluster_trust_pseudo_histgb,backend_sweep,histgb,PAIRED_KAMPFF::paired_kampff::c14::MountainSort4::42,PAIRED_KAMPFF::paired_kampff::c14,PAIRED_KAMPFF,0.031842105263157894,0.029790016,0.0020520893719635502
main,fpos,source_reweighted_cluster_trust_pseudo_histgb,backend_sweep,histgb,PAIRED_KAMPFF::paired_kampff::c14::SpykingCircus::14,PAIRED_KAMPFF::paired_kampff::c14,PAIRED_KAMPFF,0.0993841579953281,0.050691184,0.04869297433887401
main,fpos,source_reweighted_cluster_trust_pseudo_histgb,backend_sweep,histgb,PAIRED_KAMPFF::paired_kampff::c14::Tridesclous::8,PAIRED_KAMPFF::paired_kampff::c14,PAIRED_KAMPFF,0.7298130782302221,0.44850883,0.2813042493518194
main,fpos,source_reweighted_cluster_trust_pseudo_histgb,backend_sweep,histgb,PAIRED_MEA64C_YGER::paired_mea64c::20170622_patch1::HerdingSpikes2::19,PAIRED_MEA64C_YGER::paired_mea64c::20170622_patch1,PAIRED_MEA64C_YGER,0.3048016701461378,0.21598312,0.08881854755893381
main,fpos,source_reweighted_cluster_trust_pseudo_histgb,backend_sweep,histgb,PAIRED_MEA64C_YGER::paired_mea64c::20170622_patch1::HerdingSpikes2::7,PAIRED_MEA64C_YGER::paired_mea64c::20170622_patch1,PAIRED_MEA64C_YGER,0.006430868167202572,0.020141602,0.013710733395297428
main,fpos,source_reweighted_cluster_trust_pseudo_histgb,backend_sweep,histgb,PAIRED_MEA64C_YGER::paired_mea64c::20170622_patch1::IronClust::8,PAIRED_MEA64C_YGER::paired_mea64c::20170622_patch1,PAIRED_MEA64C_YGER,0.32512992968511156,0.13074282,0.19438711156796984
main,fpos,source_reweighted_cluster_trust_pseudo_histgb,backend_sweep,histgb,PAIRED_MEA64C_YGER::paired_mea64c::20170622_patch1::KiloSort::64,PAIRED_MEA64C_YGER::paired_mea64c::20170622_patch1,PAIRED_MEA64C_YGER,0.00022805017103762827,0.004445281,0.0042172307086983185
main,fpos,source_reweighted_cluster_trust_pseudo_histgb,backend_sweep,histgb,PAIRED_MEA64C_YGER::paired_mea64c::20170622_patch1::KiloSort2::23,PAIRED_MEA64C_YGER::paired_mea64c::20170622_patch1,PAIRED_MEA64C_YGER,0.0,0.01218742,0.012187420390546322
main,fpos,source_reweighted_cluster_trust_pseudo_histgb,backend_sweep,histgb,PAIRED_MEA64C_YGER::paired_mea64c::20170622_patch1::Klusta::4,PAIRED_MEA64C_YGER::paired_mea64c::20170622_patch1,PAIRED_MEA64C_YGER,0.0050424628450106155,0.018404607,0.01336214388473525
main,fpos,source_reweighted_cluster_trust_pseudo_histgb,backend_sweep,histgb,PAIRED_MEA64C_YGER::paired_mea64c::20170622_patch1::MountainSort4::43,PAIRED_MEA64C_YGER::paired_mea64c::20170622_patch1,PAIRED_MEA64C_YGER,0.0040494938132733405,0.003724666,0.0003248277337670625
main,fpos,source_reweighted_cluster_trust_pseudo_histgb,backend_sweep,histgb,PAIRED_MEA64C_YGER::paired_mea64c::20170622_patch1::SpykingCircus::18,PAIRED_MEA64C_YGER::paired_mea64c::20170622_patch1,PAIRED_MEA64C_YGER,0.00022079929344226098,0.005200524,0.004979724589662064
main,fpos,source_reweighted_cluster_trust_pseudo_histgb,backend_sweep,histgb,PAIRED_MEA64C_YGER::paired_mea64c::20170622_patch1::Tridesclous::12,PAIRED_MEA64C_YGER::paired_mea64c::20170622_patch1,PAIRED_MEA64C_YGER,0.013830024537140308,0.01484041,0.0010103855538426063
main,fpos,source_reweighted_cluster_trust_pseudo_histgb,backend_sweep,histgb,PAIRED_MEA64C_YGER::paired_mea64c::20170622_patch2::HerdingSpikes2::16,PAIRED_MEA64C_YGER::paired_mea64c::20170622_patch2,PAIRED_MEA64C_YGER,0.18683274021352314,0.12069006,0.06614267757142567
main,fpos,source_reweighted_cluster_trust_pseudo_histgb,backend_sweep,histgb,PAIRED_MEA64C_YGER::paired_mea64c::20170622_patch2::HerdingSpikes2::44,PAIRED_MEA64C_YGER::paired_mea64c::20170622_patch2,PAIRED_MEA64C_YGER,0.4028520499108734,0.1467584,0.25609364255651856
main,fpos,source_reweighted_cluster_trust_pseudo_histgb,backend_sweep,histgb,PAIRED_MEA64C_YGER::paired_mea64c::20170622_patch2::HerdingSpikes2::5,PAIRED_MEA64C_YGER::paired_mea64c::20170622_patch2,PAIRED_MEA64C_YGER,0.06115992970123023,0.00091527094,0.06024465876222655
main,fpos,source_reweighted_cluster_trust_pseudo_histgb,backend_sweep,histgb,PAIRED_MEA64C_YGER::paired_mea64c::20170622_patch2::IronClust::11,PAIRED_MEA64C_YGER::paired_mea64c::20170622_patch2,PAIRED_MEA64C_YGER,0.061366806136680614,0.0008227504,0.060544055750829946
main,fpos,source_reweighted_cluster_trust_pseudo_histgb,backend_sweep,histgb,PAIRED_MEA64C_YGER::paired_mea64c::20170622_patch2::JRClust::31,PAIRED_MEA64C_YGER::paired_mea64c::20170622_patch2,PAIRED_MEA64C_YGER,0.06118881118881119,0.0006857583,0.060503052882166335
main,fpos,source_reweighted_cluster_trust_pseudo_histgb,backend_sweep,histgb,PAIRED_MEA64C_YGER::paired_mea64c::20170622_patch2::KiloSort::5,PAIRED_MEA64C_YGER::paired_mea64c::20170622_patch2,PAIRED_MEA64C_YGER,0.06143106457242583,0.0011697202,0.06026134437346672
main,fpos,source_reweighted_cluster_trust_pseudo_histgb,backend_sweep,histgb,PAIRED_MEA64C_YGER::paired_mea64c::20170622_patch2::KiloSort2::33,PAIRED_MEA64C_YGER::paired_mea64c::20170622_patch2,PAIRED_MEA64C_YGER,0.061409630146545706,0.0005283346,0.06088129556478688
main,fpos,source_reweighted_cluster_trust_pseudo_histgb,backend_sweep,histgb,PAIRED_MEA64C_YGER::paired_mea64c::20170622_patch2::Klusta::14,PAIRED_MEA64C_YGER::paired_mea64c::20170622_patch2,PAIRED_MEA64C_YGER,0.05860349127182045,0.0006852506,0.05791824065239408
main,fpos,source_reweighted_cluster_trust_pseudo_histgb,backend_sweep,histgb,PAIRED_MEA64C_YGER::paired_mea64c::20170622_patch2::MountainSort4::31,PAIRED_MEA64C_YGER::paired_mea64c::20170622_patch2,PAIRED_MEA64C_YGER,0.07713404182379156,0.001681037,0.07545300480944127
main,fpos,source_reweighted_cluster_trust_pseudo_histgb,backend_sweep,histgb,PAIRED_MEA64C_YGER::paired_mea64c::20170622_patch2::SpykingCircus::17,PAIRED_MEA64C_YGER::paired_mea64c::20170622_patch2,PAIRED_MEA64C_YGER,0.061366806136680614,0.0010016465,0.060365159627286565
main,fpos,source_reweighted_cluster_trust_pseudo_histgb,backend_sweep,histgb,PAIRED_MEA64C_YGER::paired_mea64c::20170622_patch2::Tridesclous::0,PAIRED_MEA64C_YGER::paired_mea64c::20170622_patch2,PAIRED_MEA64C_YGER,0.061366806136680614,0.00076902396,0.06059778217855267
main,fpos,source_reweighted_cluster_trust_pseudo_extra_trees,backend_sweep,extra_trees,PAIRED_BOYDEN::paired_boyden32c::1103_1_1::IronClust::4,PAIRED_BOYDEN::paired_boyden32c::1103_1_1,PAIRED_BOYDEN,0.11363636363636363,0.15451673,0.040880363095890396
main,fpos,source_reweighted_cluster_trust_pseudo_extra_trees,backend_sweep,extra_trees,PAIRED_BOYDEN::paired_boyden32c::1103_1_1::JRClust::18,PAIRED_BOYDEN::paired_boyden32c::1103_1_1,PAIRED_BOYDEN,0.26138147566718994,0.22025321,0.041128261427115786
main,fpos,source_reweighted_cluster_trust_pseudo_extra_trees,backend_sweep,extra_trees,PAIRED_BOYDEN::paired_boyden32c::1103_1_1::KiloSort::111,PAIRED_BOYDEN::paired_boyden32c::1103_1_1,PAIRED_BOYDEN,0.11241007194244604,0.16495088,0.05254080548560877
main,fpos,source_reweighted_cluster_trust_pseudo_extra_trees,backend_sweep,extra_trees,PAIRED_BOYDEN::paired_boyden32c::1103_1_1::KiloSort2::33,PAIRED_BOYDEN::paired_boyden32c::1103_1_1,PAIRED_BOYDEN,0.17066290550070523,0.18059896,0.009936053826038849
main,fpos,source_reweighted_cluster_trust_pseudo_extra_trees,backend_sweep,extra_trees,PAIRED_BOYDEN::paired_boyden32c::1103_1_1::KiloSort2::55,PAIRED_BOYDEN::paired_boyden32c::1103_1_1,PAIRED_BOYDEN,0.3333333333333333,0.15905643,0.17427690823872882
main,fpos,source_reweighted_cluster_trust_pseudo_extra_trees,backend_sweep,extra_trees,PAIRED_BOYDEN::paired_boyden32c::1103_1_1::KiloSort2::60,PAIRED_BOYDEN::paired_boyden32c::1103_1_1,PAIRED_BOYDEN,0.15878378378378377,0.13344973,0.02533405052649007
main,fpos,source_reweighted_cluster_trust_pseudo_extra_trees,backend_sweep,extra_trees,PAIRED_BOYDEN::paired_boyden32c::1103_1_1::Klusta::12,PAIRED_BOYDEN::paired_boyden32c::1103_1_1,PAIRED_BOYDEN,0.156686626746507,0.18045783,0.023771203682570158
main,fpos,source_reweighted_cluster_trust_pseudo_extra_trees,backend_sweep,extra_trees,PAIRED_BOYDEN::paired_boyden32c::1103_1_1::MountainSort4::26,PAIRED_BOYDEN::paired_boyden32c::1103_1_1,PAIRED_BOYDEN,0.30532212885154064,0.20927593,0.09604619773162182
main,fpos,source_reweighted_cluster_trust_pseudo_extra_trees,backend_sweep,extra_trees,PAIRED_BOYDEN::paired_boyden32c::1103_1_1::SpykingCircus::27,PAIRED_BOYDEN::paired_boyden32c::1103_1_1,PAIRED_BOYDEN,0.12258064516129032,0.16666998,0.044089334530215116
main,fpos,source_reweighted_cluster_trust_pseudo_extra_trees,backend_sweep,extra_trees,PAIRED_BOYDEN::paired_boyden32c::1103_1_1::Tridesclous::3,PAIRED_BOYDEN::paired_boyden32c::1103_1_1,PAIRED_BOYDEN,0.2613268608414239,0.2158675,0.04545935636392301
main,fpos,source_reweighted_cluster_trust_pseudo_extra_trees,backend_sweep,extra_trees,PAIRED_BOYDEN::paired_boyden32c::419_1_8::IronClust::14,PAIRED_BOYDEN::paired_boyden32c::419_1_8,PAIRED_BOYDEN,0.0663265306122449,0.030115249,0.03621128197683364
main,fpos,source_reweighted_cluster_trust_pseudo_extra_trees,backend_sweep,extra_trees,PAIRED_BOYDEN::paired_boyden32c::419_1_8::IronClust::4,PAIRED_BOYDEN::paired_boyden32c::419_1_8,PAIRED_BOYDEN,0.05829903978052126,0.05601888,0.002280158280753959
main,fpos,source_reweighted_cluster_trust_pseudo_extra_trees,backend_sweep,extra_trees,PAIRED_BOYDEN::paired_boyden32c::419_1_8::JRClust::24,PAIRED_BOYDEN::paired_boyden32c::419_1_8,PAIRED_BOYDEN,0.08062093139709564,0.032169193,0.048451738367691954
main,fpos,source_reweighted_cluster_trust_pseudo_extra_trees,backend_sweep,extra_trees,PAIRED_BOYDEN::paired_boyden32c::419_1_8::JRClust::8,PAIRED_BOYDEN::paired_boyden32c::419_1_8,PAIRED_BOYDEN,0.03907637655417407,0.056479298,0.017402921024160738
main,fpos,source_reweighted_cluster_trust_pseudo_extra_trees,backend_sweep,extra_trees,PAIRED_BOYDEN::paired_boyden32c::419_1_8::KiloSort::17,PAIRED_BOYDEN::paired_boyden32c::419_1_8,PAIRED_BOYDEN,0.06424161521775405,0.03256356,0.03167805550677459
main,fpos,source_reweighted_cluster_trust_pseudo_extra_trees,backend_sweep,extra_trees,PAIRED_BOYDEN::paired_boyden32c::419_1_8::KiloSort2::27,PAIRED_BOYDEN::paired_boyden32c::419_1_8,PAIRED_BOYDEN,0.1342059838895282,0.057788383,0.07641760067386238
main,fpos,source_reweighted_cluster_trust_pseudo_extra_trees,backend_sweep,extra_trees,PAIRED_BOYDEN::paired_boyden32c::419_1_8::KiloSort2::46,PAIRED_BOYDEN::paired_boyden32c::419_1_8,PAIRED_BOYDEN,0.02341480088873697,0.037912536,0.014497735523740524
main,fpos,source_reweighted_cluster_trust_pseudo_extra_trees,backend_sweep,extra_trees,PAIRED_BOYDEN::paired_boyden32c::419_1_8::MountainSort4::42,PAIRED_BOYDEN::paired_boyden32c::419_1_8,PAIRED_BOYDEN,0.16482219271063892,0.051417757,0.11340443588495341
main,fpos,source_reweighted_cluster_trust_pseudo_extra_trees,backend_sweep,extra_trees,PAIRED_BOYDEN::paired_boyden32c::419_1_8::SpykingCircus::24,PAIRED_BOYDEN::paired_boyden32c::419_1_8,PAIRED_BOYDEN,0.24721080446271285,0.16103365,0.0861771591904579
main,fpos,source_reweighted_cluster_trust_pseudo_extra_trees,backend_sweep,extra_trees,PAIRED_BOYDEN::paired_boyden32c::419_1_8::SpykingCircus::28,PAIRED_BOYDEN::paired_boyden32c::419_1_8,PAIRED_BOYDEN,0.029543112332531776,0.03094435,0.0014012369117051698
main,fpos,source_reweighted_cluster_trust_pseudo_extra_trees,backend_sweep,extra_trees,PAIRED_BOYDEN::paired_boyden32c::419_1_8::Tridesclous::0,PAIRED_BOYDEN::paired_boyden32c::419_1_8,PAIRED_BOYDEN,0.15585806056898133,0.061881933,0.09397612720768944
main,fpos,source_reweighted_cluster_trust_pseudo_extra_trees,backend_sweep,extra_trees,PAIRED_CRCNS_HC1::paired_crcns::d11221_d11221.001::SpykingCircus::6,PAIRED_CRCNS_HC1::paired_crcns::d11221_d11221.001,PAIRED_CRCNS_HC1,0.8835978835978836,0.296731,0.586866888419661
main,fpos,source_reweighted_cluster_trust_pseudo_extra_trees,backend_sweep,extra_trees,PAIRED_CRCNS_HC1::paired_crcns::d11222_d11222.002::IronClust::2,PAIRED_CRCNS_HC1::paired_crcns::d11222_d11222.002,PAIRED_CRCNS_HC1,0.04466019417475728,0.22304817,0.1783879712658021
main,fpos,source_reweighted_cluster_trust_pseudo_extra_trees,backend_sweep,extra_trees,PAIRED_CRCNS_HC1::paired_crcns::d11222_d11222.002::JRClust::3,PAIRED_CRCNS_HC1::paired_crcns::d11222_d11222.002,PAIRED_CRCNS_HC1,0.039337474120082816,0.19591005,0.15657257734495167
main,fpos,source_reweighted_cluster_trust_pseudo_extra_trees,backend_sweep,extra_trees,PAIRED_CRCNS_HC1::paired_crcns::d11222_d11222.002::KiloSort::1,PAIRED_CRCNS_HC1::paired_crcns::d11222_d11222.002,PAIRED_CRCNS_HC1,0.03337783711615487,0.20763697,0.17425913018521383
main,fpos,source_reweighted_cluster_trust_pseudo_extra_trees,backend_sweep,extra_trees,PAIRED_CRCNS_HC1::paired_crcns::d11222_d11222.002::KiloSort2::10,PAIRED_CRCNS_HC1::paired_crcns::d11222_d11222.002,PAIRED_CRCNS_HC1,0.550417469492614,0.24774732,0.302670152536094
main,fpos,source_reweighted_cluster_trust_pseudo_extra_trees,backend_sweep,extra_trees,PAIRED_CRCNS_HC1::paired_crcns::d11222_d11222.002::Klusta::2,PAIRED_CRCNS_HC1::paired_crcns::d11222_d11222.002,PAIRED_CRCNS_HC1,0.008777852802160702,0.20169748,0.1929196308566299
main,fpos,source_reweighted_cluster_trust_pseudo_extra_trees,backend_sweep,extra_trees,PAIRED_CRCNS_HC1::paired_crcns::d11222_d11222.002::MountainSort4::4,PAIRED_CRCNS_HC1::paired_crcns::d11222_d11222.002,PAIRED_CRCNS_HC1,0.360427807486631,0.2097115,0.15071630052385482
main,fpos,source_reweighted_cluster_trust_pseudo_extra_trees,backend_sweep,extra_trees,PAIRED_CRCNS_HC1::paired_crcns::d11222_d11222.002::SpykingCircus::4,PAIRED_CRCNS_HC1::paired_crcns::d11222_d11222.002,PAIRED_CRCNS_HC1,0.11986754966887417,0.20616962,0.08630207048741398
main,fpos,source_reweighted_cluster_trust_pseudo_extra_trees,backend_sweep,extra_trees,PAIRED_CRCNS_HC1::paired_crcns::d11222_d11222.002::Tridesclous::0,PAIRED_CRCNS_HC1::paired_crcns::d11222_d11222.002,PAIRED_CRCNS_HC1,0.021164021164021163,0.20754634,0.18638231727496657
main,fpos,source_reweighted_cluster_trust_pseudo_extra_trees,backend_sweep,extra_trees,PAIRED_ENGLISH::paired_english::m139_200114_191955::KiloSort2::25,PAIRED_ENGLISH::paired_english::m139_200114_191955,PAIRED_ENGLISH,0.7302739726027397,0.22173399,0.5085399852713494
main,fpos,source_reweighted_cluster_trust_pseudo_extra_trees,backend_sweep,extra_trees,PAIRED_ENGLISH::paired_english::m139_200114_191955::MountainSort4::36,PAIRED_ENGLISH::paired_english::m139_200114_191955,PAIRED_ENGLISH,0.8735255086994986,0.35536116,0.5181643450833182
main,fpos,source_reweighted_cluster_trust_pseudo_extra_trees,backend_sweep,extra_trees,PAIRED_ENGLISH::paired_english::m139_200114_191955::SpykingCircus::42,PAIRED_ENGLISH::paired_english::m139_200114_191955,PAIRED_ENGLISH,0.5584045584045584,0.24585593,0.3125486309372122
main,fpos,source_reweighted_cluster_trust_pseudo_extra_trees,backend_sweep,extra_trees,PAIRED_ENGLISH::paired_english::m139_200114_222743::HerdingSpikes2::5,PAIRED_ENGLISH::paired_english::m139_200114_222743,PAIRED_ENGLISH,0.03257707969749855,0.14769535,0.11511826796924188
main,fpos,source_reweighted_cluster_trust_pseudo_extra_trees,backend_sweep,extra_trees,PAIRED_ENGLISH::paired_english::m139_200114_222743::IronClust::17,PAIRED_ENGLISH::paired_english::m139_200114_222743,PAIRED_ENGLISH,0.02675196277987787,0.14825168,0.12149971974003484
main,fpos,source_reweighted_cluster_trust_pseudo_extra_trees,backend_sweep,extra_trees,PAIRED_ENGLISH::paired_english::m139_200114_222743::KiloSort::88,PAIRED_ENGLISH::paired_english::m139_200114_222743,PAIRED_ENGLISH,0.015151515151515152,0.1456876,0.13053607985828863
main,fpos,source_reweighted_cluster_trust_pseudo_extra_trees,backend_sweep,extra_trees,PAIRED_ENGLISH::paired_english::m139_200114_222743::KiloSort2::26,PAIRED_ENGLISH::paired_english::m139_200114_222743,PAIRED_ENGLISH,0.028645087367516472,0.15062764,0.12198255550243287
main,fpos,source_reweighted_cluster_trust_pseudo_extra_trees,backend_sweep,extra_trees,PAIRED_ENGLISH::paired_english::m139_200114_222743::MountainSort4::46,PAIRED_ENGLISH::paired_english::m139_200114_222743,PAIRED_ENGLISH,0.039886039886039885,0.14338703,0.10350099464936813
main,fpos,source_reweighted_cluster_trust_pseudo_extra_trees,backend_sweep,extra_trees,PAIRED_ENGLISH::paired_english::m139_200114_222743::SpykingCircus::44,PAIRED_ENGLISH::paired_english::m139_200114_222743,PAIRED_ENGLISH,0.028064146620847653,0.14409074,0.11602659525193983
main,fpos,source_reweighted_cluster_trust_pseudo_extra_trees,backend_sweep,extra_trees,PAIRED_ENGLISH::paired_english::m139_200114_222743::Tridesclous::1,PAIRED_ENGLISH::paired_english::m139_200114_222743,PAIRED_ENGLISH,0.3089646722483153,0.15801899,0.15094568089718768
main,fpos,source_reweighted_cluster_trust_pseudo_extra_trees,backend_sweep,extra_trees,PAIRED_ENGLISH::paired_english::m14_190326_155432::IronClust::22,PAIRED_ENGLISH::paired_english::m14_190326_155432,PAIRED_ENGLISH,0.0481651376146789,0.20617692,0.15801178411059424
main,fpos,source_reweighted_cluster_trust_pseudo_extra_trees,backend_sweep,extra_trees,PAIRED_ENGLISH::paired_english::m14_190326_155432::MountainSort4::33,PAIRED_ENGLISH::paired_english::m14_190326_155432,PAIRED_ENGLISH,0.1981651376146789,0.29654843,0.09838328853659672
main,fpos,source_reweighted_cluster_trust_pseudo_extra_trees,backend_sweep,extra_trees,PAIRED_ENGLISH::paired_english::m14_190326_155432::SpykingCircus::38,PAIRED_ENGLISH::paired_english::m14_190326_155432,PAIRED_ENGLISH,0.013363028953229399,0.23897363,0.22561060350164272
main,fpos,source_reweighted_cluster_trust_pseudo_extra_trees,backend_sweep,extra_trees,PAIRED_ENGLISH::paired_english::m15_190315_142052_cell1::IronClust::40,PAIRED_ENGLISH::paired_english::m15_190315_142052_cell1,PAIRED_ENGLISH,0.2679960401640503,0.2713558,0.0033597676171691626
main,fpos,source_reweighted_cluster_trust_pseudo_extra_trees,backend_sweep,extra_trees,PAIRED_ENGLISH::paired_english::m15_190315_142052_cell1::KiloSort2::48,PAIRED_ENGLISH::paired_english::m15_190315_142052_cell1,PAIRED_ENGLISH,0.8627861694595232,0.3592471,0.5035390810272112
main,fpos,source_reweighted_cluster_trust_pseudo_extra_trees,backend_sweep,extra_trees,PAIRED_ENGLISH::paired_english::m15_190315_142052_cell1::MountainSort4::62,PAIRED_ENGLISH::paired_english::m15_190315_142052_cell1,PAIRED_ENGLISH,0.8769885383524361,0.36649466,0.5104938827433052
main,fpos,source_reweighted_cluster_trust_pseudo_extra_trees,backend_sweep,extra_trees,PAIRED_ENGLISH::paired_english::m15_190315_142052_cell1::MountainSort4::64,PAIRED_ENGLISH::paired_english::m15_190315_142052_cell1,PAIRED_ENGLISH,0.14704761904761904,0.2773707,0.13032307225181944
main,fpos,source_reweighted_cluster_trust_pseudo_extra_trees,backend_sweep,extra_trees,PAIRED_ENGLISH::paired_english::m15_190315_142052_cell1::SpykingCircus::22,PAIRED_ENGLISH::paired_english::m15_190315_142052_cell1,PAIRED_ENGLISH,0.23500526131182042,0.3777499,0.1427446287772146
main,fpos,source_reweighted_cluster_trust_pseudo_extra_trees,backend_sweep,extra_trees,PAIRED_ENGLISH::paired_english::m15_190315_142052_cell1::SpykingCircus::57,PAIRED_ENGLISH::paired_english::m15_190315_142052_cell1,PAIRED_ENGLISH,0.6499202551834131,0.33856684,0.3113534154884363
main,fpos,source_reweighted_cluster_trust_pseudo_extra_trees,backend_sweep,extra_trees,PAIRED_ENGLISH::paired_english::m15_190315_152315_cell1::IronClust::35,PAIRED_ENGLISH::paired_english::m15_190315_152315_cell1,PAIRED_ENGLISH,0.002592440987856461,0.18958333,0.18699089035865538
main,fpos,source_reweighted_cluster_trust_pseudo_extra_trees,backend_sweep,extra_trees,PAIRED_ENGLISH::paired_english::m15_190315_152315_cell1::KiloSort::1,PAIRED_ENGLISH::paired_english::m15_190315_152315_cell1,PAIRED_ENGLISH,6.528267397832615e-05,0.2028789,0.2028136246489053
main,fpos,source_reweighted_cluster_trust_pseudo_extra_trees,backend_sweep,extra_trees,PAIRED_ENGLISH::paired_english::m15_190315_152315_cell1::KiloSort2::37,PAIRED_ENGLISH::paired_english::m15_190315_152315_cell1,PAIRED_ENGLISH,0.00039059957034047265,0.17439134,0.1740007446193034
main,fpos,source_reweighted_cluster_trust_pseudo_extra_trees,backend_sweep,extra_trees,PAIRED_ENGLISH::paired_english::m15_190315_152315_cell1::MountainSort4::72,PAIRED_ENGLISH::paired_english::m15_190315_152315_cell1,PAIRED_ENGLISH,0.052174468356855484,0.24219199,0.19001751689266386
main,fpos,source_reweighted_cluster_trust_pseudo_extra_trees,backend_sweep,extra_trees,PAIRED_ENGLISH::paired_english::m15_190315_152315_cell1::SpykingCircus::46,PAIRED_ENGLISH::paired_english::m15_190315_152315_cell1,PAIRED_ENGLISH,0.010891280531030483,0.18803813,0.17714684510316295
main,fpos,source_reweighted_cluster_trust_pseudo_extra_trees,backend_sweep,extra_trees,PAIRED_ENGLISH::paired_english::m15_190315_152315_cell1::Tridesclous::0,PAIRED_ENGLISH::paired_english::m15_190315_152315_cell1,PAIRED_ENGLISH,0.8482136225209834,0.3068698,0.541343817661822
main,fpos,source_reweighted_cluster_trust_pseudo_extra_trees,backend_sweep,extra_trees,PAIRED_ENGLISH::paired_english::m26_190524_100859_cell1::KiloSort::19,PAIRED_ENGLISH::paired_english::m26_190524_100859_cell1,PAIRED_ENGLISH,0.2440677966101695,0.26218835,0.018120548583693413
main,fpos,source_reweighted_cluster_trust_pseudo_extra_trees,backend_sweep,extra_trees,PAIRED_ENGLISH::paired_english::m26_190524_100859_cell1::KiloSort::8,PAIRED_ENGLISH::paired_english::m26_190524_100859_cell1,PAIRED_ENGLISH,0.6505139500734214,0.29844788,0.352066072904766
main,fpos,source_reweighted_cluster_trust_pseudo_extra_trees,backend_sweep,extra_trees,PAIRED_ENGLISH::paired_english::m26_190524_100859_cell1::KiloSort2::0,PAIRED_ENGLISH::paired_english::m26_190524_100859_cell1,PAIRED_ENGLISH,0.38315988647114474,0.31871152,0.06444836722981173
main,fpos,source_reweighted_cluster_trust_pseudo_extra_trees,backend_sweep,extra_trees,PAIRED_ENGLISH::paired_english::m57_191105_141906::IronClust::6,PAIRED_ENGLISH::paired_english::m57_191105_141906,PAIRED_ENGLISH,0.31826625386996904,0.26049224,0.05777401844783464
main,fpos,source_reweighted_cluster_trust_pseudo_extra_trees,backend_sweep,extra_trees,PAIRED_ENGLISH::paired_english::m57_191105_141906::KiloSort::47,PAIRED_ENGLISH::paired_english::m57_191105_141906,PAIRED_ENGLISH,0.35376344086021505,0.25987372,0.09388972283691488
main,fpos,source_reweighted_cluster_trust_pseudo_extra_trees,backend_sweep,extra_trees,PAIRED_ENGLISH::paired_english::m57_191105_141906::MountainSort4::21,PAIRED_ENGLISH::paired_english::m57_191105_141906,PAIRED_ENGLISH,0.3323335332933413,0.28288546,0.049448071247671754
main,fpos,source_reweighted_cluster_trust_pseudo_extra_trees,backend_sweep,extra_trees,PAIRED_ENGLISH::paired_english::m57_191105_141906::MountainSort4::57,PAIRED_ENGLISH::paired_english::m57_191105_141906,PAIRED_ENGLISH,0.23853211009174313,0.2585571,0.020025000933113435
main,fpos,source_reweighted_cluster_trust_pseudo_extra_trees,backend_sweep,extra_trees,PAIRED_ENGLISH::paired_english::m57_191105_141906::SpykingCircus::12,PAIRED_ENGLISH::paired_english::m57_191105_141906,PAIRED_ENGLISH,0.3535228677379481,0.24371415,0.10980871397131603
main,fpos,source_reweighted_cluster_trust_pseudo_extra_trees,backend_sweep,extra_trees,PAIRED_ENGLISH::paired_english::m57_191105_141906::SpykingCircus::30,PAIRED_ENGLISH::paired_english::m57_191105_141906,PAIRED_ENGLISH,0.2040332147093713,0.21463421,0.010600995161920812
main,fpos,source_reweighted_cluster_trust_pseudo_extra_trees,backend_sweep,extra_trees,PAIRED_ENGLISH::paired_english::m57_191105_160026::HerdingSpikes2::1,PAIRED_ENGLISH::paired_english::m57_191105_160026,PAIRED_ENGLISH,0.13630229419703105,0.22011021,0.08380791359906575
main,fpos,source_reweighted_cluster_trust_pseudo_extra_trees,backend_sweep,extra_trees,PAIRED_ENGLISH::paired_english::m57_191105_160026::IronClust::2,PAIRED_ENGLISH::paired_english::m57_191105_160026,PAIRED_ENGLISH,0.5044008124576845,0.23224622,0.2721545923458376
main,fpos,source_reweighted_cluster_trust_pseudo_extra_trees,backend_sweep,extra_trees,PAIRED_ENGLISH::paired_english::m57_191105_160026::IronClust::3,PAIRED_ENGLISH::paired_english::m57_191105_160026,PAIRED_ENGLISH,0.05838815789473684,0.24407682,0.1856886603330311
main,fpos,source_reweighted_cluster_trust_pseudo_extra_trees,backend_sweep,extra_trees,PAIRED_ENGLISH::paired_english::m57_191105_160026::KiloSort::127,PAIRED_ENGLISH::paired_english::m57_191105_160026,PAIRED_ENGLISH,0.5003422313483915,0.26023424,0.2401079946311674
main,fpos,source_reweighted_cluster_trust_pseudo_extra_trees,backend_sweep,extra_trees,PAIRED_ENGLISH::paired_english::m57_191105_160026::KiloSort::6,PAIRED_ENGLISH::paired_english::m57_191105_160026,PAIRED_ENGLISH,0.02531645569620253,0.21541934,0.19010288145723223
main,fpos,source_reweighted_cluster_trust_pseudo_extra_trees,backend_sweep,extra_trees,PAIRED_ENGLISH::paired_english::m57_191105_160026::MountainSort4::23,PAIRED_ENGLISH::paired_english::m57_191105_160026,PAIRED_ENGLISH,0.6737967914438503,0.2377531,0.43604369820120503
main,fpos,source_reweighted_cluster_trust_pseudo_extra_trees,backend_sweep,extra_trees,PAIRED_ENGLISH::paired_english::m57_191105_160026::MountainSort4::25,PAIRED_ENGLISH::paired_english::m57_191105_160026,PAIRED_ENGLISH,0.14568081991215226,0.25368723,0.10800641282062057
main,fpos,source_reweighted_cluster_trust_pseudo_extra_trees,backend_sweep,extra_trees,PAIRED_ENGLISH::paired_english::m57_191105_160026::SpykingCircus::2,PAIRED_ENGLISH::paired_english::m57_191105_160026,PAIRED_ENGLISH,0.6860282574568289,0.28082123,0.4052070234690207
main,fpos,source_reweighted_cluster_trust_pseudo_extra_trees,backend_sweep,extra_trees,PAIRED_ENGLISH::paired_english::m57_191105_160026::SpykingCircus::4,PAIRED_ENGLISH::paired_english::m57_191105_160026,PAIRED_ENGLISH,0.056790123456790124,0.27074897,0.2139588494359711
main,fpos,source_reweighted_cluster_trust_pseudo_extra_trees,backend_sweep,extra_trees,PAIRED_ENGLISH::paired_english::m57_191105_160026::Tridesclous::0,PAIRED_ENGLISH::paired_english::m57_191105_160026,PAIRED_ENGLISH,0.8589226823012093,0.27315885,0.5857638340155342
main,fpos,source_reweighted_cluster_trust_pseudo_extra_trees,backend_sweep,extra_trees,PAIRED_KAMPFF::paired_kampff::c14::HerdingSpikes2::6,PAIRED_KAMPFF::paired_kampff::c14,PAIRED_KAMPFF,0.25090444775484144,0.12592702,0.12497743161581099
main,fpos,source_reweighted_cluster_trust_pseudo_extra_trees,backend_sweep,extra_trees,PAIRED_KAMPFF::paired_kampff::c14::IronClust::22,PAIRED_KAMPFF::paired_kampff::c14,PAIRED_KAMPFF,0.2240655987795576,0.129907,0.09415860169493998
main,fpos,source_reweighted_cluster_trust_pseudo_extra_trees,backend_sweep,extra_trees,PAIRED_KAMPFF::paired_kampff::c14::KiloSort2::37,PAIRED_KAMPFF::paired_kampff::c14,PAIRED_KAMPFF,0.23899885489939474,0.13471192,0.10428693368433736
main,fpos,source_reweighted_cluster_trust_pseudo_extra_trees,backend_sweep,extra_trees,PAIRED_KAMPFF::paired_kampff::c14::MountainSort4::42,PAIRED_KAMPFF::paired_kampff::c14,PAIRED_KAMPFF,0.031842105263157894,0.10228932,0.07044721377523322
main,fpos,source_reweighted_cluster_trust_pseudo_extra_trees,backend_sweep,extra_trees,PAIRED_KAMPFF::paired_kampff::c14::SpykingCircus::14,PAIRED_KAMPFF::paired_kampff::c14,PAIRED_KAMPFF,0.0993841579953281,0.109573945,0.010189787407770962
main,fpos,source_reweighted_cluster_trust_pseudo_extra_trees,backend_sweep,extra_trees,PAIRED_KAMPFF::paired_kampff::c14::Tridesclous::8,PAIRED_KAMPFF::paired_kampff::c14,PAIRED_KAMPFF,0.7298130782302221,0.22358172,0.5062313618119558
main,fpos,source_reweighted_cluster_trust_pseudo_extra_trees,backend_sweep,extra_trees,PAIRED_MEA64C_YGER::paired_mea64c::20170622_patch1::HerdingSpikes2::19,PAIRED_MEA64C_YGER::paired_mea64c::20170622_patch1,PAIRED_MEA64C_YGER,0.3048016701461378,0.2764421,0.028359559607655127
main,fpos,source_reweighted_cluster_trust_pseudo_extra_trees,backend_sweep,extra_trees,PAIRED_MEA64C_YGER::paired_mea64c::20170622_patch1::HerdingSpikes2::7,PAIRED_MEA64C_YGER::paired_mea64c::20170622_patch1,PAIRED_MEA64C_YGER,0.006430868167202572,0.043429866,0.036998998265941045
main,fpos,source_reweighted_cluster_trust_pseudo_extra_trees,backend_sweep,extra_trees,PAIRED_MEA64C_YGER::paired_mea64c::20170622_patch1::IronClust::8,PAIRED_MEA64C_YGER::paired_mea64c::20170622_patch1,PAIRED_MEA64C_YGER,0.32512992968511156,0.08542915,0.23970078279923968
main,fpos,source_reweighted_cluster_trust_pseudo_extra_trees,backend_sweep,extra_trees,PAIRED_MEA64C_YGER::paired_mea64c::20170622_patch1::KiloSort::64,PAIRED_MEA64C_YGER::paired_mea64c::20170622_patch1,PAIRED_MEA64C_YGER,0.00022805017103762827,0.037070286,0.03684223535786061
main,fpos,source_reweighted_cluster_trust_pseudo_extra_trees,backend_sweep,extra_trees,PAIRED_MEA64C_YGER::paired_mea64c::20170622_patch1::KiloSort2::23,PAIRED_MEA64C_YGER::paired_mea64c::20170622_patch1,PAIRED_MEA64C_YGER,0.0,0.046065897,0.04606589674949646
main,fpos,source_reweighted_cluster_trust_pseudo_extra_trees,backend_sweep,extra_trees,PAIRED_MEA64C_YGER::paired_mea64c::20170622_patch1::Klusta::4,PAIRED_MEA64C_YGER::paired_mea64c::20170622_patch1,PAIRED_MEA64C_YGER,0.0050424628450106155,0.048742063,0.04369960049851432
main,fpos,source_reweighted_cluster_trust_pseudo_extra_trees,backend_sweep,extra_trees,PAIRED_MEA64C_YGER::paired_mea64c::20170622_patch1::MountainSort4::43,PAIRED_MEA64C_YGER::paired_mea64c::20170622_patch1,PAIRED_MEA64C_YGER,0.0040494938132733405,0.037698664,0.03364916995787916
main,fpos,source_reweighted_cluster_trust_pseudo_extra_trees,backend_sweep,extra_trees,PAIRED_MEA64C_YGER::paired_mea64c::20170622_patch1::SpykingCircus::18,PAIRED_MEA64C_YGER::paired_mea64c::20170622_patch1,PAIRED_MEA64C_YGER,0.00022079929344226098,0.028671408,0.02845060877867173
main,fpos,source_reweighted_cluster_trust_pseudo_extra_trees,backend_sweep,extra_trees,PAIRED_MEA64C_YGER::paired_mea64c::20170622_patch1::Tridesclous::12,PAIRED_MEA64C_YGER::paired_mea64c::20170622_patch1,PAIRED_MEA64C_YGER,0.013830024537140308,0.043488987,0.0296589622530399
main,fpos,source_reweighted_cluster_trust_pseudo_extra_trees,backend_sweep,extra_trees,PAIRED_MEA64C_YGER::paired_mea64c::20170622_patch2::HerdingSpikes2::16,PAIRED_MEA64C_YGER::paired_mea64c::20170622_patch2,PAIRED_MEA64C_YGER,0.18683274021352314,0.13131526,0.055517479087958566
main,fpos,source_reweighted_cluster_trust_pseudo_extra_trees,backend_sweep,extra_trees,PAIRED_MEA64C_YGER::paired_mea64c::20170622_patch2::HerdingSpikes2::44,PAIRED_MEA64C_YGER::paired_mea64c::20170622_patch2,PAIRED_MEA64C_YGER,0.4028520499108734,0.16530007,0.237551978671402
main,fpos,source_reweighted_cluster_trust_pseudo_extra_trees,backend_sweep,extra_trees,PAIRED_MEA64C_YGER::paired_mea64c::20170622_patch2::HerdingSpikes2::5,PAIRED_MEA64C_YGER::paired_mea64c::20170622_patch2,PAIRED_MEA64C_YGER,0.06115992970123023,0.008983964,0.05217596560075015
main,fpos,source_reweighted_cluster_trust_pseudo_extra_trees,backend_sweep,extra_trees,PAIRED_MEA64C_YGER::paired_mea64c::20170622_patch2::IronClust::11,PAIRED_MEA64C_YGER::paired_mea64c::20170622_patch2,PAIRED_MEA64C_YGER,0.061366806136680614,0.009361231,0.052005575368417274
main,fpos,source_reweighted_cluster_trust_pseudo_extra_trees,backend_sweep,extra_trees,PAIRED_MEA64C_YGER::paired_mea64c::20170622_patch2::JRClust::31,PAIRED_MEA64C_YGER::paired_mea64c::20170622_patch2,PAIRED_MEA64C_YGER,0.06118881118881119,0.0076673618,0.05352144943016184
main,fpos,source_reweighted_cluster_trust_pseudo_extra_trees,backend_sweep,extra_trees,PAIRED_MEA64C_YGER::paired_mea64c::20170622_patch2::KiloSort::5,PAIRED_MEA64C_YGER::paired_mea64c::20170622_patch2,PAIRED_MEA64C_YGER,0.06143106457242583,0.011332875,0.05009818945476626
main,fpos,source_reweighted_cluster_trust_pseudo_extra_trees,backend_sweep,extra_trees,PAIRED_MEA64C_YGER::paired_mea64c::20170622_patch2::KiloSort2::33,PAIRED_MEA64C_YGER::paired_mea64c::20170622_patch2,PAIRED_MEA64C_YGER,0.061409630146545706,0.0083951,0.0530145301341241
main,fpos,source_reweighted_cluster_trust_pseudo_extra_trees,backend_sweep,extra_trees,PAIRED_MEA64C_YGER::paired_mea64c::20170622_patch2::Klusta::14,PAIRED_MEA64C_YGER::paired_mea64c::20170622_patch2,PAIRED_MEA64C_YGER,0.05860349127182045,0.008513577,0.05008991398939171
main,fpos,source_reweighted_cluster_trust_pseudo_extra_trees,backend_sweep,extra_trees,PAIRED_MEA64C_YGER::paired_mea64c::20170622_patch2::MountainSort4::31,PAIRED_MEA64C_YGER::paired_mea64c::20170622_patch2,PAIRED_MEA64C_YGER,0.07713404182379156,0.011320273,0.06581376843188912
main,fpos,source_reweighted_cluster_trust_pseudo_extra_trees,backend_sweep,extra_trees,PAIRED_MEA64C_YGER::paired_mea64c::20170622_patch2::SpykingCircus::17,PAIRED_MEA64C_YGER::paired_mea64c::20170622_patch2,PAIRED_MEA64C_YGER,0.061366806136680614,0.009032274,0.05233453247161008
main,fpos,source_reweighted_cluster_trust_pseudo_extra_trees,backend_sweep,extra_trees,PAIRED_MEA64C_YGER::paired_mea64c::20170622_patch2::Tridesclous::0,PAIRED_MEA64C_YGER::paired_mea64c::20170622_patch2,PAIRED_MEA64C_YGER,0.061366806136680614,0.00834942,0.05301738656522132
main,fpos,source_reweighted_anchor_stack_cluster_trust_pseudo_lightgbm_default,backend_sweep,lightgbm_default,PAIRED_BOYDEN::paired_boyden32c::1103_1_1::IronClust::4,PAIRED_BOYDEN::paired_boyden32c::1103_1_1,PAIRED_BOYDEN,0.11363636363636363,0.18441598,0.07077961753715169
main,fpos,source_reweighted_anchor_stack_cluster_trust_pseudo_lightgbm_default,backend_sweep,lightgbm_default,PAIRED_BOYDEN::paired_boyden32c::1103_1_1::JRClust::18,PAIRED_BOYDEN::paired_boyden32c::1103_1_1,PAIRED_BOYDEN,0.26138147566718994,0.3326555,0.07127401377754272
main,fpos,source_reweighted_anchor_stack_cluster_trust_pseudo_lightgbm_default,backend_sweep,lightgbm_default,PAIRED_BOYDEN::paired_boyden32c::1103_1_1::KiloSort::111,PAIRED_BOYDEN::paired_boyden32c::1103_1_1,PAIRED_BOYDEN,0.11241007194244604,0.2592303,0.1468202139405038
main,fpos,source_reweighted_anchor_stack_cluster_trust_pseudo_lightgbm_default,backend_sweep,lightgbm_default,PAIRED_BOYDEN::paired_boyden32c::1103_1_1::KiloSort2::33,PAIRED_BOYDEN::paired_boyden32c::1103_1_1,PAIRED_BOYDEN,0.17066290550070523,0.21936274,0.048699830247585785
main,fpos,source_reweighted_anchor_stack_cluster_trust_pseudo_lightgbm_default,backend_sweep,lightgbm_default,PAIRED_BOYDEN::paired_boyden32c::1103_1_1::KiloSort2::55,PAIRED_BOYDEN::paired_boyden32c::1103_1_1,PAIRED_BOYDEN,0.3333333333333333,0.19928561,0.13404772182305652
main,fpos,source_reweighted_anchor_stack_cluster_trust_pseudo_lightgbm_default,backend_sweep,lightgbm_default,PAIRED_BOYDEN::paired_boyden32c::1103_1_1::KiloSort2::60,PAIRED_BOYDEN::paired_boyden32c::1103_1_1,PAIRED_BOYDEN,0.15878378378378377,0.13703194,0.021751841177811482
main,fpos,source_reweighted_anchor_stack_cluster_trust_pseudo_lightgbm_default,backend_sweep,lightgbm_default,PAIRED_BOYDEN::paired_boyden32c::1103_1_1::Klusta::12,PAIRED_BOYDEN::paired_boyden32c::1103_1_1,PAIRED_BOYDEN,0.156686626746507,0.25429827,0.09761164300218075
main,fpos,source_reweighted_anchor_stack_cluster_trust_pseudo_lightgbm_default,backend_sweep,lightgbm_default,PAIRED_BOYDEN::paired_boyden32c::1103_1_1::MountainSort4::26,PAIRED_BOYDEN::paired_boyden32c::1103_1_1,PAIRED_BOYDEN,0.30532212885154064,0.35008287,0.04476074544655506
main,fpos,source_reweighted_anchor_stack_cluster_trust_pseudo_lightgbm_default,backend_sweep,lightgbm_default,PAIRED_BOYDEN::paired_boyden32c::1103_1_1::SpykingCircus::27,PAIRED_BOYDEN::paired_boyden32c::1103_1_1,PAIRED_BOYDEN,0.12258064516129032,0.26921946,0.14663881294188963
main,fpos,source_reweighted_anchor_stack_cluster_trust_pseudo_lightgbm_default,backend_sweep,lightgbm_default,PAIRED_BOYDEN::paired_boyden32c::1103_1_1::Tridesclous::3,PAIRED_BOYDEN::paired_boyden32c::1103_1_1,PAIRED_BOYDEN,0.2613268608414239,0.39618424,0.1348573749698096
main,fpos,source_reweighted_anchor_stack_cluster_trust_pseudo_lightgbm_default,backend_sweep,lightgbm_default,PAIRED_BOYDEN::paired_boyden32c::419_1_8::IronClust::14,PAIRED_BOYDEN::paired_boyden32c::419_1_8,PAIRED_BOYDEN,0.0663265306122449,0.024439467,0.04188706349505454
main,fpos,source_reweighted_anchor_stack_cluster_trust_pseudo_lightgbm_default,backend_sweep,lightgbm_default,PAIRED_BOYDEN::paired_boyden32c::419_1_8::IronClust::4,PAIRED_BOYDEN::paired_boyden32c::419_1_8,PAIRED_BOYDEN,0.05829903978052126,0.05415343,0.004145608573579658
main,fpos,source_reweighted_anchor_stack_cluster_trust_pseudo_lightgbm_default,backend_sweep,lightgbm_default,PAIRED_BOYDEN::paired_boyden32c::419_1_8::JRClust::24,PAIRED_BOYDEN::paired_boyden32c::419_1_8,PAIRED_BOYDEN,0.08062093139709564,0.018332873,0.06228805885733696
main,fpos,source_reweighted_anchor_stack_cluster_trust_pseudo_lightgbm_default,backend_sweep,lightgbm_default,PAIRED_BOYDEN::paired_boyden32c::419_1_8::JRClust::8,PAIRED_BOYDEN::paired_boyden32c::419_1_8,PAIRED_BOYDEN,0.03907637655417407,0.029845791,0.009230585616631155
main,fpos,source_reweighted_anchor_stack_cluster_trust_pseudo_lightgbm_default,backend_sweep,lightgbm_default,PAIRED_BOYDEN::paired_boyden32c::419_1_8::KiloSort::17,PAIRED_BOYDEN::paired_boyden32c::419_1_8,PAIRED_BOYDEN,0.06424161521775405,0.016081622,0.04815999334735553
main,fpos,source_reweighted_anchor_stack_cluster_trust_pseudo_lightgbm_default,backend_sweep,lightgbm_default,PAIRED_BOYDEN::paired_boyden32c::419_1_8::KiloSort2::27,PAIRED_BOYDEN::paired_boyden32c::419_1_8,PAIRED_BOYDEN,0.1342059838895282,0.06601596,0.06819002510351746
main,fpos,source_reweighted_anchor_stack_cluster_trust_pseudo_lightgbm_default,backend_sweep,lightgbm_default,PAIRED_BOYDEN::paired_boyden32c::419_1_8::KiloSort2::46,PAIRED_BOYDEN::paired_boyden32c::419_1_8,PAIRED_BOYDEN,0.02341480088873697,0.012636564,0.010778237148066288
main,fpos,source_reweighted_anchor_stack_cluster_trust_pseudo_lightgbm_default,backend_sweep,lightgbm_default,PAIRED_BOYDEN::paired_boyden32c::419_1_8::MountainSort4::42,PAIRED_BOYDEN::paired_boyden32c::419_1_8,PAIRED_BOYDEN,0.16482219271063892,0.120671034,0.044151158851385985
main,fpos,source_reweighted_anchor_stack_cluster_trust_pseudo_lightgbm_default,backend_sweep,lightgbm_default,PAIRED_BOYDEN::paired_boyden32c::419_1_8::SpykingCircus::24,PAIRED_BOYDEN::paired_boyden32c::419_1_8,PAIRED_BOYDEN,0.24721080446271285,0.14090575,0.10630505168465956
main,fpos,source_reweighted_anchor_stack_cluster_trust_pseudo_lightgbm_default,backend_sweep,lightgbm_default,PAIRED_BOYDEN::paired_boyden32c::419_1_8::SpykingCircus::28,PAIRED_BOYDEN::paired_boyden32c::419_1_8,PAIRED_BOYDEN,0.029543112332531776,0.0147343315,0.01480878081412014
main,fpos,source_reweighted_anchor_stack_cluster_trust_pseudo_lightgbm_default,backend_sweep,lightgbm_default,PAIRED_BOYDEN::paired_boyden32c::419_1_8::Tridesclous::0,PAIRED_BOYDEN::paired_boyden32c::419_1_8,PAIRED_BOYDEN,0.15585806056898133,0.12414633,0.031711733192615665
main,fpos,source_reweighted_anchor_stack_cluster_trust_pseudo_lightgbm_default,backend_sweep,lightgbm_default,PAIRED_CRCNS_HC1::paired_crcns::d11221_d11221.001::SpykingCircus::6,PAIRED_CRCNS_HC1::paired_crcns::d11221_d11221.001,PAIRED_CRCNS_HC1,0.8835978835978836,0.48787594,0.39572194518235626
main,fpos,source_reweighted_anchor_stack_cluster_trust_pseudo_lightgbm_default,backend_sweep,lightgbm_default,PAIRED_CRCNS_HC1::paired_crcns::d11222_d11222.002::IronClust::2,PAIRED_CRCNS_HC1::paired_crcns::d11222_d11222.002,PAIRED_CRCNS_HC1,0.04466019417475728,0.18516798,0.14050778899956676
main,fpos,source_reweighted_anchor_stack_cluster_trust_pseudo_lightgbm_default,backend_sweep,lightgbm_default,PAIRED_CRCNS_HC1::paired_crcns::d11222_d11222.002::JRClust::3,PAIRED_CRCNS_HC1::paired_crcns::d11222_d11222.002,PAIRED_CRCNS_HC1,0.039337474120082816,0.04665613,0.00731865762430195
main,fpos,source_reweighted_anchor_stack_cluster_trust_pseudo_lightgbm_default,backend_sweep,lightgbm_default,PAIRED_CRCNS_HC1::paired_crcns::d11222_d11222.002::KiloSort::1,PAIRED_CRCNS_HC1::paired_crcns::d11222_d11222.002,PAIRED_CRCNS_HC1,0.03337783711615487,0.080678724,0.047300886636343756
main,fpos,source_reweighted_anchor_stack_cluster_trust_pseudo_lightgbm_default,backend_sweep,lightgbm_default,PAIRED_CRCNS_HC1::paired_crcns::d11222_d11222.002::KiloSort2::10,PAIRED_CRCNS_HC1::paired_crcns::d11222_d11222.002,PAIRED_CRCNS_HC1,0.550417469492614,0.12046317,0.4299542993814347
main,fpos,source_reweighted_anchor_stack_cluster_trust_pseudo_lightgbm_default,backend_sweep,lightgbm_default,PAIRED_CRCNS_HC1::paired_crcns::d11222_d11222.002::Klusta::2,PAIRED_CRCNS_HC1::paired_crcns::d11222_d11222.002,PAIRED_CRCNS_HC1,0.008777852802160702,0.0758803,0.06710244372617868
main,fpos,source_reweighted_anchor_stack_cluster_trust_pseudo_lightgbm_default,backend_sweep,lightgbm_default,PAIRED_CRCNS_HC1::paired_crcns::d11222_d11222.002::MountainSort4::4,PAIRED_CRCNS_HC1::paired_crcns::d11222_d11222.002,PAIRED_CRCNS_HC1,0.360427807486631,0.2714711,0.08895669452009353
main,fpos,source_reweighted_anchor_stack_cluster_trust_pseudo_lightgbm_default,backend_sweep,lightgbm_default,PAIRED_CRCNS_HC1::paired_crcns::d11222_d11222.002::SpykingCircus::4,PAIRED_CRCNS_HC1::paired_crcns::d11222_d11222.002,PAIRED_CRCNS_HC1,0.11986754966887417,0.075250894,0.044616655837621116
main,fpos,source_reweighted_anchor_stack_cluster_trust_pseudo_lightgbm_default,backend_sweep,lightgbm_default,PAIRED_CRCNS_HC1::paired_crcns::d11222_d11222.002::Tridesclous::0,PAIRED_CRCNS_HC1::paired_crcns::d11222_d11222.002,PAIRED_CRCNS_HC1,0.021164021164021163,0.12911035,0.10794633004085097
main,fpos,source_reweighted_anchor_stack_cluster_trust_pseudo_lightgbm_default,backend_sweep,lightgbm_default,PAIRED_ENGLISH::paired_english::m139_200114_191955::KiloSort2::25,PAIRED_ENGLISH::paired_english::m139_200114_191955,PAIRED_ENGLISH,0.7302739726027397,0.24455987,0.48571410343255084
main,fpos,source_reweighted_anchor_stack_cluster_trust_pseudo_lightgbm_default,backend_sweep,lightgbm_default,PAIRED_ENGLISH::paired_english::m139_200114_191955::MountainSort4::36,PAIRED_ENGLISH::paired_english::m139_200114_191955,PAIRED_ENGLISH,0.8735255086994986,0.7007428,0.17278272753723667
main,fpos,source_reweighted_anchor_stack_cluster_trust_pseudo_lightgbm_default,backend_sweep,lightgbm_default,PAIRED_ENGLISH::paired_english::m139_200114_191955::SpykingCircus::42,PAIRED_ENGLISH::paired_english::m139_200114_191955,PAIRED_ENGLISH,0.5584045584045584,0.2995547,0.25884985278474637
main,fpos,source_reweighted_anchor_stack_cluster_trust_pseudo_lightgbm_default,backend_sweep,lightgbm_default,PAIRED_ENGLISH::paired_english::m139_200114_222743::HerdingSpikes2::5,PAIRED_ENGLISH::paired_english::m139_200114_222743,PAIRED_ENGLISH,0.03257707969749855,0.17577669,0.14319961054717614
main,fpos,source_reweighted_anchor_stack_cluster_trust_pseudo_lightgbm_default,backend_sweep,lightgbm_default,PAIRED_ENGLISH::paired_english::m139_200114_222743::IronClust::17,PAIRED_ENGLISH::paired_english::m139_200114_222743,PAIRED_ENGLISH,0.02675196277987787,0.12148878,0.09473681700337103
main,fpos,source_reweighted_anchor_stack_cluster_trust_pseudo_lightgbm_default,backend_sweep,lightgbm_default,PAIRED_ENGLISH::paired_english::m139_200114_222743::KiloSort::88,PAIRED_ENGLISH::paired_english::m139_200114_222743,PAIRED_ENGLISH,0.015151515151515152,0.23127839,0.21612687454079138
main,fpos,source_reweighted_anchor_stack_cluster_trust_pseudo_lightgbm_default,backend_sweep,lightgbm_default,PAIRED_ENGLISH::paired_english::m139_200114_222743::KiloSort2::26,PAIRED_ENGLISH::paired_english::m139_200114_222743,PAIRED_ENGLISH,0.028645087367516472,0.15766475,0.1290196586785498
main,fpos,source_reweighted_anchor_stack_cluster_trust_pseudo_lightgbm_default,backend_sweep,lightgbm_default,PAIRED_ENGLISH::paired_english::m139_200114_222743::MountainSort4::46,PAIRED_ENGLISH::paired_english::m139_200114_222743,PAIRED_ENGLISH,0.039886039886039885,0.29472566,0.2548396166233595
main,fpos,source_reweighted_anchor_stack_cluster_trust_pseudo_lightgbm_default,backend_sweep,lightgbm_default,PAIRED_ENGLISH::paired_english::m139_200114_222743::SpykingCircus::44,PAIRED_ENGLISH::paired_english::m139_200114_222743,PAIRED_ENGLISH,0.028064146620847653,0.16486235,0.1367982030085545
main,fpos,source_reweighted_anchor_stack_cluster_trust_pseudo_lightgbm_default,backend_sweep,lightgbm_default,PAIRED_ENGLISH::paired_english::m139_200114_222743::Tridesclous::1,PAIRED_ENGLISH::paired_english::m139_200114_222743,PAIRED_ENGLISH,0.3089646722483153,0.29108897,0.01787570373291919
main,fpos,source_reweighted_anchor_stack_cluster_trust_pseudo_lightgbm_default,backend_sweep,lightgbm_default,PAIRED_ENGLISH::paired_english::m14_190326_155432::IronClust::22,PAIRED_ENGLISH::paired_english::m14_190326_155432,PAIRED_ENGLISH,0.0481651376146789,0.030105168,0.018059969614815277
main,fpos,source_reweighted_anchor_stack_cluster_trust_pseudo_lightgbm_default,backend_sweep,lightgbm_default,PAIRED_ENGLISH::paired_english::m14_190326_155432::MountainSort4::33,PAIRED_ENGLISH::paired_english::m14_190326_155432,PAIRED_ENGLISH,0.1981651376146789,0.3775753,0.179410170469809
main,fpos,source_reweighted_anchor_stack_cluster_trust_pseudo_lightgbm_default,backend_sweep,lightgbm_default,PAIRED_ENGLISH::paired_english::m14_190326_155432::SpykingCircus::38,PAIRED_ENGLISH::paired_english::m14_190326_155432,PAIRED_ENGLISH,0.013363028953229399,0.049507216,0.03614418666585782
main,fpos,source_reweighted_anchor_stack_cluster_trust_pseudo_lightgbm_default,backend_sweep,lightgbm_default,PAIRED_ENGLISH::paired_english::m15_190315_142052_cell1::IronClust::40,PAIRED_ENGLISH::paired_english::m15_190315_142052_cell1,PAIRED_ENGLISH,0.2679960401640503,0.3500337,0.08203766030210569
main,fpos,source_reweighted_anchor_stack_cluster_trust_pseudo_lightgbm_default,backend_sweep,lightgbm_default,PAIRED_ENGLISH::paired_english::m15_190315_142052_cell1::KiloSort2::48,PAIRED_ENGLISH::paired_english::m15_190315_142052_cell1,PAIRED_ENGLISH,0.8627861694595232,0.46696505,0.3958211199542895
main,fpos,source_reweighted_anchor_stack_cluster_trust_pseudo_lightgbm_default,backend_sweep,lightgbm_default,PAIRED_ENGLISH::paired_english::m15_190315_142052_cell1::MountainSort4::62,PAIRED_ENGLISH::paired_english::m15_190315_142052_cell1,PAIRED_ENGLISH,0.8769885383524361,0.4199529,0.4570356391348305
main,fpos,source_reweighted_anchor_stack_cluster_trust_pseudo_lightgbm_default,backend_sweep,lightgbm_default,PAIRED_ENGLISH::paired_english::m15_190315_142052_cell1::MountainSort4::64,PAIRED_ENGLISH::paired_english::m15_190315_142052_cell1,PAIRED_ENGLISH,0.14704761904761904,0.12478033,0.02226729196593874
main,fpos,source_reweighted_anchor_stack_cluster_trust_pseudo_lightgbm_default,backend_sweep,lightgbm_default,PAIRED_ENGLISH::paired_english::m15_190315_142052_cell1::SpykingCircus::22,PAIRED_ENGLISH::paired_english::m15_190315_142052_cell1,PAIRED_ENGLISH,0.23500526131182042,0.60753703,0.37253176986188563
main,fpos,source_reweighted_anchor_stack_cluster_trust_pseudo_lightgbm_default,backend_sweep,lightgbm_default,PAIRED_ENGLISH::paired_english::m15_190315_142052_cell1::SpykingCircus::57,PAIRED_ENGLISH::paired_english::m15_190315_142052_cell1,PAIRED_ENGLISH,0.6499202551834131,0.43201277,0.21790748858375797
main,fpos,source_reweighted_anchor_stack_cluster_trust_pseudo_lightgbm_default,backend_sweep,lightgbm_default,PAIRED_ENGLISH::paired_english::m15_190315_152315_cell1::IronClust::35,PAIRED_ENGLISH::paired_english::m15_190315_152315_cell1,PAIRED_ENGLISH,0.002592440987856461,0.061943516,0.0593510751473593
main,fpos,source_reweighted_anchor_stack_cluster_trust_pseudo_lightgbm_default,backend_sweep,lightgbm_default,PAIRED_ENGLISH::paired_english::m15_190315_152315_cell1::KiloSort::1,PAIRED_ENGLISH::paired_english::m15_190315_152315_cell1,PAIRED_ENGLISH,6.528267397832615e-05,0.11287271,0.11280742964015054
main,fpos,source_reweighted_anchor_stack_cluster_trust_pseudo_lightgbm_default,backend_sweep,lightgbm_default,PAIRED_ENGLISH::paired_english::m15_190315_152315_cell1::KiloSort2::37,PAIRED_ENGLISH::paired_english::m15_190315_152315_cell1,PAIRED_ENGLISH,0.00039059957034047265,0.08237184,0.0819812388204867
main,fpos,source_reweighted_anchor_stack_cluster_trust_pseudo_lightgbm_default,backend_sweep,lightgbm_default,PAIRED_ENGLISH::paired_english::m15_190315_152315_cell1::MountainSort4::72,PAIRED_ENGLISH::paired_english::m15_190315_152315_cell1,PAIRED_ENGLISH,0.052174468356855484,0.3155068,0.2633323177511615
main,fpos,source_reweighted_anchor_stack_cluster_trust_pseudo_lightgbm_default,backend_sweep,lightgbm_default,PAIRED_ENGLISH::paired_english::m15_190315_152315_cell1::SpykingCircus::46,PAIRED_ENGLISH::paired_english::m15_190315_152315_cell1,PAIRED_ENGLISH,0.010891280531030483,0.055268537,0.04437725672211092
main,fpos,source_reweighted_anchor_stack_cluster_trust_pseudo_lightgbm_default,backend_sweep,lightgbm_default,PAIRED_ENGLISH::paired_english::m15_190315_152315_cell1::Tridesclous::0,PAIRED_ENGLISH::paired_english::m15_190315_152315_cell1,PAIRED_ENGLISH,0.8482136225209834,0.45498848,0.3932251429067256
main,fpos,source_reweighted_anchor_stack_cluster_trust_pseudo_lightgbm_default,backend_sweep,lightgbm_default,PAIRED_ENGLISH::paired_english::m26_190524_100859_cell1::KiloSort::19,PAIRED_ENGLISH::paired_english::m26_190524_100859_cell1,PAIRED_ENGLISH,0.2440677966101695,0.21474545,0.029322349570565315
main,fpos,source_reweighted_anchor_stack_cluster_trust_pseudo_lightgbm_default,backend_sweep,lightgbm_default,PAIRED_ENGLISH::paired_english::m26_190524_100859_cell1::KiloSort::8,PAIRED_ENGLISH::paired_english::m26_190524_100859_cell1,PAIRED_ENGLISH,0.6505139500734214,0.37723318,0.2732807726499442
main,fpos,source_reweighted_anchor_stack_cluster_trust_pseudo_lightgbm_default,backend_sweep,lightgbm_default,PAIRED_ENGLISH::paired_english::m26_190524_100859_cell1::KiloSort2::0,PAIRED_ENGLISH::paired_english::m26_190524_100859_cell1,PAIRED_ENGLISH,0.38315988647114474,0.41224715,0.029087264665253576
main,fpos,source_reweighted_anchor_stack_cluster_trust_pseudo_lightgbm_default,backend_sweep,lightgbm_default,PAIRED_ENGLISH::paired_english::m57_191105_141906::IronClust::6,PAIRED_ENGLISH::paired_english::m57_191105_141906,PAIRED_ENGLISH,0.31826625386996904,0.15781474,0.16045151273532549
main,fpos,source_reweighted_anchor_stack_cluster_trust_pseudo_lightgbm_default,backend_sweep,lightgbm_default,PAIRED_ENGLISH::paired_english::m57_191105_141906::KiloSort::47,PAIRED_ENGLISH::paired_english::m57_191105_141906,PAIRED_ENGLISH,0.35376344086021505,0.19669184,0.15707159997314535
main,fpos,source_reweighted_anchor_stack_cluster_trust_pseudo_lightgbm_default,backend_sweep,lightgbm_default,PAIRED_ENGLISH::paired_english::m57_191105_141906::MountainSort4::21,PAIRED_ENGLISH::paired_english::m57_191105_141906,PAIRED_ENGLISH,0.3323335332933413,0.36197227,0.029638739102746336
main,fpos,source_reweighted_anchor_stack_cluster_trust_pseudo_lightgbm_default,backend_sweep,lightgbm_default,PAIRED_ENGLISH::paired_english::m57_191105_141906::MountainSort4::57,PAIRED_ENGLISH::paired_english::m57_191105_141906,PAIRED_ENGLISH,0.23853211009174313,0.14370546,0.09482665264278378
main,fpos,source_reweighted_anchor_stack_cluster_trust_pseudo_lightgbm_default,backend_sweep,lightgbm_default,PAIRED_ENGLISH::paired_english::m57_191105_141906::SpykingCircus::12,PAIRED_ENGLISH::paired_english::m57_191105_141906,PAIRED_ENGLISH,0.3535228677379481,0.21906036,0.13446250635260265
main,fpos,source_reweighted_anchor_stack_cluster_trust_pseudo_lightgbm_default,backend_sweep,lightgbm_default,PAIRED_ENGLISH::paired_english::m57_191105_141906::SpykingCircus::30,PAIRED_ENGLISH::paired_english::m57_191105_141906,PAIRED_ENGLISH,0.2040332147093713,0.1719237,0.03210951771458981
main,fpos,source_reweighted_anchor_stack_cluster_trust_pseudo_lightgbm_default,backend_sweep,lightgbm_default,PAIRED_ENGLISH::paired_english::m57_191105_160026::HerdingSpikes2::1,PAIRED_ENGLISH::paired_english::m57_191105_160026,PAIRED_ENGLISH,0.13630229419703105,0.21538924,0.07908694261079213
main,fpos,source_reweighted_anchor_stack_cluster_trust_pseudo_lightgbm_default,backend_sweep,lightgbm_default,PAIRED_ENGLISH::paired_english::m57_191105_160026::IronClust::2,PAIRED_ENGLISH::paired_english::m57_191105_160026,PAIRED_ENGLISH,0.5044008124576845,0.21511064,0.2892901677595415
main,fpos,source_reweighted_anchor_stack_cluster_trust_pseudo_lightgbm_default,backend_sweep,lightgbm_default,PAIRED_ENGLISH::paired_english::m57_191105_160026::IronClust::3,PAIRED_ENGLISH::paired_english::m57_191105_160026,PAIRED_ENGLISH,0.05838815789473684,0.21593766,0.15754950124966471
main,fpos,source_reweighted_anchor_stack_cluster_trust_pseudo_lightgbm_default,backend_sweep,lightgbm_default,PAIRED_ENGLISH::paired_english::m57_191105_160026::KiloSort::127,PAIRED_ENGLISH::paired_english::m57_191105_160026,PAIRED_ENGLISH,0.5003422313483915,0.18036592,0.319976311281558
main,fpos,source_reweighted_anchor_stack_cluster_trust_pseudo_lightgbm_default,backend_sweep,lightgbm_default,PAIRED_ENGLISH::paired_english::m57_191105_160026::KiloSort::6,PAIRED_ENGLISH::paired_english::m57_191105_160026,PAIRED_ENGLISH,0.02531645569620253,0.18870473,0.16338827338399767
main,fpos,source_reweighted_anchor_stack_cluster_trust_pseudo_lightgbm_default,backend_sweep,lightgbm_default,PAIRED_ENGLISH::paired_english::m57_191105_160026::MountainSort4::23,PAIRED_ENGLISH::paired_english::m57_191105_160026,PAIRED_ENGLISH,0.6737967914438503,0.18441491,0.48938188315394093
main,fpos,source_reweighted_anchor_stack_cluster_trust_pseudo_lightgbm_default,backend_sweep,lightgbm_default,PAIRED_ENGLISH::paired_english::m57_191105_160026::MountainSort4::25,PAIRED_ENGLISH::paired_english::m57_191105_160026,PAIRED_ENGLISH,0.14568081991215226,0.25249436,0.10681354506473068
main,fpos,source_reweighted_anchor_stack_cluster_trust_pseudo_lightgbm_default,backend_sweep,lightgbm_default,PAIRED_ENGLISH::paired_english::m57_191105_160026::SpykingCircus::2,PAIRED_ENGLISH::paired_english::m57_191105_160026,PAIRED_ENGLISH,0.6860282574568289,0.43063375,0.2553945039186972
main,fpos,source_reweighted_anchor_stack_cluster_trust_pseudo_lightgbm_default,backend_sweep,lightgbm_default,PAIRED_ENGLISH::paired_english::m57_191105_160026::SpykingCircus::4,PAIRED_ENGLISH::paired_english::m57_191105_160026,PAIRED_ENGLISH,0.056790123456790124,0.25428703,0.19749691081635745
main,fpos,source_reweighted_anchor_stack_cluster_trust_pseudo_lightgbm_default,backend_sweep,lightgbm_default,PAIRED_ENGLISH::paired_english::m57_191105_160026::Tridesclous::0,PAIRED_ENGLISH::paired_english::m57_191105_160026,PAIRED_ENGLISH,0.8589226823012093,0.59504217,0.2638805132071236
main,fpos,source_reweighted_anchor_stack_cluster_trust_pseudo_lightgbm_default,backend_sweep,lightgbm_default,PAIRED_KAMPFF::paired_kampff::c14::HerdingSpikes2::6,PAIRED_KAMPFF::paired_kampff::c14,PAIRED_KAMPFF,0.25090444775484144,0.08324409,0.1676603549923712
main,fpos,source_reweighted_anchor_stack_cluster_trust_pseudo_lightgbm_default,backend_sweep,lightgbm_default,PAIRED_KAMPFF::paired_kampff::c14::IronClust::22,PAIRED_KAMPFF::paired_kampff::c14,PAIRED_KAMPFF,0.2240655987795576,0.10977279,0.11429281228148783
main,fpos,source_reweighted_anchor_stack_cluster_trust_pseudo_lightgbm_default,backend_sweep,lightgbm_default,PAIRED_KAMPFF::paired_kampff::c14::KiloSort2::37,PAIRED_KAMPFF::paired_kampff::c14,PAIRED_KAMPFF,0.23899885489939474,0.1353162,0.10368266179560445
main,fpos,source_reweighted_anchor_stack_cluster_trust_pseudo_lightgbm_default,backend_sweep,lightgbm_default,PAIRED_KAMPFF::paired_kampff::c14::MountainSort4::42,PAIRED_KAMPFF::paired_kampff::c14,PAIRED_KAMPFF,0.031842105263157894,0.045557696,0.01371559110911269
main,fpos,source_reweighted_anchor_stack_cluster_trust_pseudo_lightgbm_default,backend_sweep,lightgbm_default,PAIRED_KAMPFF::paired_kampff::c14::SpykingCircus::14,PAIRED_KAMPFF::paired_kampff::c14,PAIRED_KAMPFF,0.0993841579953281,0.050297346,0.049086812029227406
main,fpos,source_reweighted_anchor_stack_cluster_trust_pseudo_lightgbm_default,backend_sweep,lightgbm_default,PAIRED_KAMPFF::paired_kampff::c14::Tridesclous::8,PAIRED_KAMPFF::paired_kampff::c14,PAIRED_KAMPFF,0.7298130782302221,0.5388367,0.1909763606246313
main,fpos,source_reweighted_anchor_stack_cluster_trust_pseudo_lightgbm_default,backend_sweep,lightgbm_default,PAIRED_MEA64C_YGER::paired_mea64c::20170622_patch1::HerdingSpikes2::19,PAIRED_MEA64C_YGER::paired_mea64c::20170622_patch1,PAIRED_MEA64C_YGER,0.3048016701461378,0.3823123,0.07751062767490713
main,fpos,source_reweighted_anchor_stack_cluster_trust_pseudo_lightgbm_default,backend_sweep,lightgbm_default,PAIRED_MEA64C_YGER::paired_mea64c::20170622_patch1::HerdingSpikes2::7,PAIRED_MEA64C_YGER::paired_mea64c::20170622_patch1,PAIRED_MEA64C_YGER,0.006430868167202572,0.030777315,0.02434644651063194
main,fpos,source_reweighted_anchor_stack_cluster_trust_pseudo_lightgbm_default,backend_sweep,lightgbm_default,PAIRED_MEA64C_YGER::paired_mea64c::20170622_patch1::IronClust::8,PAIRED_MEA64C_YGER::paired_mea64c::20170622_patch1,PAIRED_MEA64C_YGER,0.32512992968511156,0.22648817,0.09864175667714647
main,fpos,source_reweighted_anchor_stack_cluster_trust_pseudo_lightgbm_default,backend_sweep,lightgbm_default,PAIRED_MEA64C_YGER::paired_mea64c::20170622_patch1::KiloSort::64,PAIRED_MEA64C_YGER::paired_mea64c::20170622_patch1,PAIRED_MEA64C_YGER,0.00022805017103762827,0.009772984,0.009544934139946983
main,fpos,source_reweighted_anchor_stack_cluster_trust_pseudo_lightgbm_default,backend_sweep,lightgbm_default,PAIRED_MEA64C_YGER::paired_mea64c::20170622_patch1::KiloSort2::23,PAIRED_MEA64C_YGER::paired_mea64c::20170622_patch1,PAIRED_MEA64C_YGER,0.0,0.015057014,0.015057014301419258
main,fpos,source_reweighted_anchor_stack_cluster_trust_pseudo_lightgbm_default,backend_sweep,lightgbm_default,PAIRED_MEA64C_YGER::paired_mea64c::20170622_patch1::Klusta::4,PAIRED_MEA64C_YGER::paired_mea64c::20170622_patch1,PAIRED_MEA64C_YGER,0.0050424628450106155,0.022920715,0.017878251846270704
main,fpos,source_reweighted_anchor_stack_cluster_trust_pseudo_lightgbm_default,backend_sweep,lightgbm_default,PAIRED_MEA64C_YGER::paired_mea64c::20170622_patch1::MountainSort4::43,PAIRED_MEA64C_YGER::paired_mea64c::20170622_patch1,PAIRED_MEA64C_YGER,0.0040494938132733405,0.012107986,0.008058492212238878
main,fpos,source_reweighted_anchor_stack_cluster_trust_pseudo_lightgbm_default,backend_sweep,lightgbm_default,PAIRED_MEA64C_YGER::paired_mea64c::20170622_patch1::SpykingCircus::18,PAIRED_MEA64C_YGER::paired_mea64c::20170622_patch1,PAIRED_MEA64C_YGER,0.00022079929344226098,0.011136502,0.010915702734069336
main,fpos,source_reweighted_anchor_stack_cluster_trust_pseudo_lightgbm_default,backend_sweep,lightgbm_default,PAIRED_MEA64C_YGER::paired_mea64c::20170622_patch1::Tridesclous::12,PAIRED_MEA64C_YGER::paired_mea64c::20170622_patch1,PAIRED_MEA64C_YGER,0.013830024537140308,0.023503551,0.009673526722496571
main,fpos,source_reweighted_anchor_stack_cluster_trust_pseudo_lightgbm_default,backend_sweep,lightgbm_default,PAIRED_MEA64C_YGER::paired_mea64c::20170622_patch2::HerdingSpikes2::16,PAIRED_MEA64C_YGER::paired_mea64c::20170622_patch2,PAIRED_MEA64C_YGER,0.18683274021352314,0.21832661,0.031493873093476066
main,fpos,source_reweighted_anchor_stack_cluster_trust_pseudo_lightgbm_default,backend_sweep,lightgbm_default,PAIRED_MEA64C_YGER::paired_mea64c::20170622_patch2::HerdingSpikes2::44,PAIRED_MEA64C_YGER::paired_mea64c::20170622_patch2,PAIRED_MEA64C_YGER,0.4028520499108734,0.30196202,0.10089003189787293
main,fpos,source_reweighted_anchor_stack_cluster_trust_pseudo_lightgbm_default,backend_sweep,lightgbm_default,PAIRED_MEA64C_YGER::paired_mea64c::20170622_patch2::HerdingSpikes2::5,PAIRED_MEA64C_YGER::paired_mea64c::20170622_patch2,PAIRED_MEA64C_YGER,0.06115992970123023,0.0038552207,0.0573047089605692
main,fpos,source_reweighted_anchor_stack_cluster_trust_pseudo_lightgbm_default,backend_sweep,lightgbm_default,PAIRED_MEA64C_YGER::paired_mea64c::20170622_patch2::IronClust::11,PAIRED_MEA64C_YGER::paired_mea64c::20170622_patch2,PAIRED_MEA64C_YGER,0.061366806136680614,0.004836012,0.056530793993038904
main,fpos,source_reweighted_anchor_stack_cluster_trust_pseudo_lightgbm_default,backend_sweep,lightgbm_default,PAIRED_MEA64C_YGER::paired_mea64c::20170622_patch2::JRClust::31,PAIRED_MEA64C_YGER::paired_mea64c::20170622_patch2,PAIRED_MEA64C_YGER,0.06118881118881119,0.0035892734,0.057599537758404144
main,fpos,source_reweighted_anchor_stack_cluster_trust_pseudo_lightgbm_default,backend_sweep,lightgbm_default,PAIRED_MEA64C_YGER::paired_mea64c::20170622_patch2::KiloSort::5,PAIRED_MEA64C_YGER::paired_mea64c::20170622_patch2,PAIRED_MEA64C_YGER,0.06143106457242583,0.0070458213,0.05438524328568791
main,fpos,source_reweighted_anchor_stack_cluster_trust_pseudo_lightgbm_default,backend_sweep,lightgbm_default,PAIRED_MEA64C_YGER::paired_mea64c::20170622_patch2::KiloSort2::33,PAIRED_MEA64C_YGER::paired_mea64c::20170622_patch2,PAIRED_MEA64C_YGER,0.061409630146545706,0.005046575,0.05636305528200918
main,fpos,source_reweighted_anchor_stack_cluster_trust_pseudo_lightgbm_default,backend_sweep,lightgbm_default,PAIRED_MEA64C_YGER::paired_mea64c::20170622_patch2::Klusta::14,PAIRED_MEA64C_YGER::paired_mea64c::20170622_patch2,PAIRED_MEA64C_YGER,0.05860349127182045,0.0034181983,0.055185292950805806
main,fpos,source_reweighted_anchor_stack_cluster_trust_pseudo_lightgbm_default,backend_sweep,lightgbm_default,PAIRED_MEA64C_YGER::paired_mea64c::20170622_patch2::MountainSort4::31,PAIRED_MEA64C_YGER::paired_mea64c::20170622_patch2,PAIRED_MEA64C_YGER,0.07713404182379156,0.021957196,0.05517684552853018
main,fpos,source_reweighted_anchor_stack_cluster_trust_pseudo_lightgbm_default,backend_sweep,lightgbm_default,PAIRED_MEA64C_YGER::paired_mea64c::20170622_patch2::SpykingCircus::17,PAIRED_MEA64C_YGER::paired_mea64c::20170622_patch2,PAIRED_MEA64C_YGER,0.061366806136680614,0.0056198556,0.05574695053906537
main,fpos,source_reweighted_anchor_stack_cluster_trust_pseudo_lightgbm_default,backend_sweep,lightgbm_default,PAIRED_MEA64C_YGER::paired_mea64c::20170622_patch2::Tridesclous::0,PAIRED_MEA64C_YGER::paired_mea64c::20170622_patch2,PAIRED_MEA64C_YGER,0.061366806136680614,0.0049722074,0.056394598776711
main,fpos,source_reweighted_anchor_stack_cluster_trust_pseudo_xgboost_default,backend_sweep,xgboost_default,PAIRED_BOYDEN::paired_boyden32c::1103_1_1::IronClust::4,PAIRED_BOYDEN::paired_boyden32c::1103_1_1,PAIRED_BOYDEN,0.11363636363636363,0.16648331,0.05284694920886647
main,fpos,source_reweighted_anchor_stack_cluster_trust_pseudo_xgboost_default,backend_sweep,xgboost_default,PAIRED_BOYDEN::paired_boyden32c::1103_1_1::JRClust::18,PAIRED_BOYDEN::paired_boyden32c::1103_1_1,PAIRED_BOYDEN,0.26138147566718994,0.3002334,0.03885191824035705
main,fpos,source_reweighted_anchor_stack_cluster_trust_pseudo_xgboost_default,backend_sweep,xgboost_default,PAIRED_BOYDEN::paired_boyden32c::1103_1_1::KiloSort::111,PAIRED_BOYDEN::paired_boyden32c::1103_1_1,PAIRED_BOYDEN,0.11241007194244604,0.18826185,0.07585177972591181
main,fpos,source_reweighted_anchor_stack_cluster_trust_pseudo_xgboost_default,backend_sweep,xgboost_default,PAIRED_BOYDEN::paired_boyden32c::1103_1_1::KiloSort2::33,PAIRED_BOYDEN::paired_boyden32c::1103_1_1,PAIRED_BOYDEN,0.17066290550070523,0.2060325,0.03536959417027713
main,fpos,source_reweighted_anchor_stack_cluster_trust_pseudo_xgboost_default,backend_sweep,xgboost_default,PAIRED_BOYDEN::paired_boyden32c::1103_1_1::KiloSort2::55,PAIRED_BOYDEN::paired_boyden32c::1103_1_1,PAIRED_BOYDEN,0.3333333333333333,0.22670965,0.10662368436654407
main,fpos,source_reweighted_anchor_stack_cluster_trust_pseudo_xgboost_default,backend_sweep,xgboost_default,PAIRED_BOYDEN::paired_boyden32c::1103_1_1::KiloSort2::60,PAIRED_BOYDEN::paired_boyden32c::1103_1_1,PAIRED_BOYDEN,0.15878378378378377,0.10426091,0.05452287720667348
main,fpos,source_reweighted_anchor_stack_cluster_trust_pseudo_xgboost_default,backend_sweep,xgboost_default,PAIRED_BOYDEN::paired_boyden32c::1103_1_1::Klusta::12,PAIRED_BOYDEN::paired_boyden32c::1103_1_1,PAIRED_BOYDEN,0.156686626746507,0.26652953,0.10984290354028195
main,fpos,source_reweighted_anchor_stack_cluster_trust_pseudo_xgboost_default,backend_sweep,xgboost_default,PAIRED_BOYDEN::paired_boyden32c::1103_1_1::MountainSort4::26,PAIRED_BOYDEN::paired_boyden32c::1103_1_1,PAIRED_BOYDEN,0.30532212885154064,0.27225187,0.033070254643090324
main,fpos,source_reweighted_anchor_stack_cluster_trust_pseudo_xgboost_default,backend_sweep,xgboost_default,PAIRED_BOYDEN::paired_boyden32c::1103_1_1::SpykingCircus::27,PAIRED_BOYDEN::paired_boyden32c::1103_1_1,PAIRED_BOYDEN,0.12258064516129032,0.20002411,0.07744346789775357
main,fpos,source_reweighted_anchor_stack_cluster_trust_pseudo_xgboost_default,backend_sweep,xgboost_default,PAIRED_BOYDEN::paired_boyden32c::1103_1_1::Tridesclous::3,PAIRED_BOYDEN::paired_boyden32c::1103_1_1,PAIRED_BOYDEN,0.2613268608414239,0.2623391,0.0010122244990759532
main,fpos,source_reweighted_anchor_stack_cluster_trust_pseudo_xgboost_default,backend_sweep,xgboost_default,PAIRED_BOYDEN::paired_boyden32c::419_1_8::IronClust::14,PAIRED_BOYDEN::paired_boyden32c::419_1_8,PAIRED_BOYDEN,0.0663265306122449,0.029647393,0.03667913746012717
main,fpos,source_reweighted_anchor_stack_cluster_trust_pseudo_xgboost_default,backend_sweep,xgboost_default,PAIRED_BOYDEN::paired_boyden32c::419_1_8::IronClust::4,PAIRED_BOYDEN::paired_boyden32c::419_1_8,PAIRED_BOYDEN,0.05829903978052126,0.055721052,0.0025779877895353923
main,fpos,source_reweighted_anchor_stack_cluster_trust_pseudo_xgboost_default,backend_sweep,xgboost_default,PAIRED_BOYDEN::paired_boyden32c::419_1_8::JRClust::24,PAIRED_BOYDEN::paired_boyden32c::419_1_8,PAIRED_BOYDEN,0.08062093139709564,0.026511405,0.054109526733771285
main,fpos,source_reweighted_anchor_stack_cluster_trust_pseudo_xgboost_default,backend_sweep,xgboost_default,PAIRED_BOYDEN::paired_boyden32c::419_1_8::JRClust::8,PAIRED_BOYDEN::paired_boyden32c::419_1_8,PAIRED_BOYDEN,0.03907637655417407,0.028842103,0.010234273817939406
main,fpos,source_reweighted_anchor_stack_cluster_trust_pseudo_xgboost_default,backend_sweep,xgboost_default,PAIRED_BOYDEN::paired_boyden32c::419_1_8::KiloSort::17,PAIRED_BOYDEN::paired_boyden32c::419_1_8,PAIRED_BOYDEN,0.06424161521775405,0.024695363,0.039546252322026895
main,fpos,source_reweighted_anchor_stack_cluster_trust_pseudo_xgboost_default,backend_sweep,xgboost_default,PAIRED_BOYDEN::paired_boyden32c::419_1_8::KiloSort2::27,PAIRED_BOYDEN::paired_boyden32c::419_1_8,PAIRED_BOYDEN,0.1342059838895282,0.05020852,0.08399746374530404
main,fpos,source_reweighted_anchor_stack_cluster_trust_pseudo_xgboost_default,backend_sweep,xgboost_default,PAIRED_BOYDEN::paired_boyden32c::419_1_8::KiloSort2::46,PAIRED_BOYDEN::paired_boyden32c::419_1_8,PAIRED_BOYDEN,0.02341480088873697,0.021071583,0.0023432178561289367
main,fpos,source_reweighted_anchor_stack_cluster_trust_pseudo_xgboost_default,backend_sweep,xgboost_default,PAIRED_BOYDEN::paired_boyden32c::419_1_8::MountainSort4::42,PAIRED_BOYDEN::paired_boyden32c::419_1_8,PAIRED_BOYDEN,0.16482219271063892,0.09639187,0.06843032113909808
main,fpos,source_reweighted_anchor_stack_cluster_trust_pseudo_xgboost_default,backend_sweep,xgboost_default,PAIRED_BOYDEN::paired_boyden32c::419_1_8::SpykingCircus::24,PAIRED_BOYDEN::paired_boyden32c::419_1_8,PAIRED_BOYDEN,0.24721080446271285,0.14604047,0.10117033505467757
main,fpos,source_reweighted_anchor_stack_cluster_trust_pseudo_xgboost_default,backend_sweep,xgboost_default,PAIRED_BOYDEN::paired_boyden32c::419_1_8::SpykingCircus::28,PAIRED_BOYDEN::paired_boyden32c::419_1_8,PAIRED_BOYDEN,0.029543112332531776,0.02261476,0.006928352008172836
main,fpos,source_reweighted_anchor_stack_cluster_trust_pseudo_xgboost_default,backend_sweep,xgboost_default,PAIRED_BOYDEN::paired_boyden32c::419_1_8::Tridesclous::0,PAIRED_BOYDEN::paired_boyden32c::419_1_8,PAIRED_BOYDEN,0.15585806056898133,0.130305,0.02555305346887604
main,fpos,source_reweighted_anchor_stack_cluster_trust_pseudo_xgboost_default,backend_sweep,xgboost_default,PAIRED_CRCNS_HC1::paired_crcns::d11221_d11221.001::SpykingCircus::6,PAIRED_CRCNS_HC1::paired_crcns::d11221_d11221.001,PAIRED_CRCNS_HC1,0.8835978835978836,0.3331931,0.5504047900595993
main,fpos,source_reweighted_anchor_stack_cluster_trust_pseudo_xgboost_default,backend_sweep,xgboost_default,PAIRED_CRCNS_HC1::paired_crcns::d11222_d11222.002::IronClust::2,PAIRED_CRCNS_HC1::paired_crcns::d11222_d11222.002,PAIRED_CRCNS_HC1,0.04466019417475728,0.21358629,0.1689260915355775
main,fpos,source_reweighted_anchor_stack_cluster_trust_pseudo_xgboost_default,backend_sweep,xgboost_default,PAIRED_CRCNS_HC1::paired_crcns::d11222_d11222.002::JRClust::3,PAIRED_CRCNS_HC1::paired_crcns::d11222_d11222.002,PAIRED_CRCNS_HC1,0.039337474120082816,0.07224517,0.03290769903617863
main,fpos,source_reweighted_anchor_stack_cluster_trust_pseudo_xgboost_default,backend_sweep,xgboost_default,PAIRED_CRCNS_HC1::paired_crcns::d11222_d11222.002::KiloSort::1,PAIRED_CRCNS_HC1::paired_crcns::d11222_d11222.002,PAIRED_CRCNS_HC1,0.03337783711615487,0.10303635,0.06965851438578681
main,fpos,source_reweighted_anchor_stack_cluster_trust_pseudo_xgboost_default,backend_sweep,xgboost_default,PAIRED_CRCNS_HC1::paired_crcns::d11222_d11222.002::KiloSort2::10,PAIRED_CRCNS_HC1::paired_crcns::d11222_d11222.002,PAIRED_CRCNS_HC1,0.550417469492614,0.10769557,0.44272189741438606
main,fpos,source_reweighted_anchor_stack_cluster_trust_pseudo_xgboost_default,backend_sweep,xgboost_default,PAIRED_CRCNS_HC1::paired_crcns::d11222_d11222.002::Klusta::2,PAIRED_CRCNS_HC1::paired_crcns::d11222_d11222.002,PAIRED_CRCNS_HC1,0.008777852802160702,0.100625806,0.09184795275461344
main,fpos,source_reweighted_anchor_stack_cluster_trust_pseudo_xgboost_default,backend_sweep,xgboost_default,PAIRED_CRCNS_HC1::paired_crcns::d11222_d11222.002::MountainSort4::4,PAIRED_CRCNS_HC1::paired_crcns::d11222_d11222.002,PAIRED_CRCNS_HC1,0.360427807486631,0.25848868,0.10193912259397658
main,fpos,source_reweighted_anchor_stack_cluster_trust_pseudo_xgboost_default,backend_sweep,xgboost_default,PAIRED_CRCNS_HC1::paired_crcns::d11222_d11222.002::SpykingCircus::4,PAIRED_CRCNS_HC1::paired_crcns::d11222_d11222.002,PAIRED_CRCNS_HC1,0.11986754966887417,0.082097806,0.03776974363240185
main,fpos,source_reweighted_anchor_stack_cluster_trust_pseudo_xgboost_default,backend_sweep,xgboost_default,PAIRED_CRCNS_HC1::paired_crcns::d11222_d11222.002::Tridesclous::0,PAIRED_CRCNS_HC1::paired_crcns::d11222_d11222.002,PAIRED_CRCNS_HC1,0.021164021164021163,0.13977778,0.11861375841514143
main,fpos,source_reweighted_anchor_stack_cluster_trust_pseudo_xgboost_default,backend_sweep,xgboost_default,PAIRED_ENGLISH::paired_english::m139_200114_191955::KiloSort2::25,PAIRED_ENGLISH::paired_english::m139_200114_191955,PAIRED_ENGLISH,0.7302739726027397,0.39676723,0.3335067437609581
main,fpos,source_reweighted_anchor_stack_cluster_trust_pseudo_xgboost_default,backend_sweep,xgboost_default,PAIRED_ENGLISH::paired_english::m139_200114_191955::MountainSort4::36,PAIRED_ENGLISH::paired_english::m139_200114_191955,PAIRED_ENGLISH,0.8735255086994986,0.63350815,0.24001736289032505
main,fpos,source_reweighted_anchor_stack_cluster_trust_pseudo_xgboost_default,backend_sweep,xgboost_default,PAIRED_ENGLISH::paired_english::m139_200114_191955::SpykingCircus::42,PAIRED_ENGLISH::paired_english::m139_200114_191955,PAIRED_ENGLISH,0.5584045584045584,0.37627777,0.18212678383218595
main,fpos,source_reweighted_anchor_stack_cluster_trust_pseudo_xgboost_default,backend_sweep,xgboost_default,PAIRED_ENGLISH::paired_english::m139_200114_222743::HerdingSpikes2::5,PAIRED_ENGLISH::paired_english::m139_200114_222743,PAIRED_ENGLISH,0.03257707969749855,0.1949367,0.16235961301719262
main,fpos,source_reweighted_anchor_stack_cluster_trust_pseudo_xgboost_default,backend_sweep,xgboost_default,PAIRED_ENGLISH::paired_english::m139_200114_222743::IronClust::17,PAIRED_ENGLISH::paired_english::m139_200114_222743,PAIRED_ENGLISH,0.02675196277987787,0.1480706,0.12131864082920721
main,fpos,source_reweighted_anchor_stack_cluster_trust_pseudo_xgboost_default,backend_sweep,xgboost_default,PAIRED_ENGLISH::paired_english::m139_200114_222743::KiloSort::88,PAIRED_ENGLISH::paired_english::m139_200114_222743,PAIRED_ENGLISH,0.015151515151515152,0.17089435,0.15574283943031775
main,fpos,source_reweighted_anchor_stack_cluster_trust_pseudo_xgboost_default,backend_sweep,xgboost_default,PAIRED_ENGLISH::paired_english::m139_200114_222743::KiloSort2::26,PAIRED_ENGLISH::paired_english::m139_200114_222743,PAIRED_ENGLISH,0.028645087367516472,0.12756854,0.09892345558978943
main,fpos,source_reweighted_anchor_stack_cluster_trust_pseudo_xgboost_default,backend_sweep,xgboost_default,PAIRED_ENGLISH::paired_english::m139_200114_222743::MountainSort4::46,PAIRED_ENGLISH::paired_english::m139_200114_222743,PAIRED_ENGLISH,0.039886039886039885,0.35751936,0.31763331851049026
main,fpos,source_reweighted_anchor_stack_cluster_trust_pseudo_xgboost_default,backend_sweep,xgboost_default,PAIRED_ENGLISH::paired_english::m139_200114_222743::SpykingCircus::44,PAIRED_ENGLISH::paired_english::m139_200114_222743,PAIRED_ENGLISH,0.028064146620847653,0.120854676,0.09279052914895826
main,fpos,source_reweighted_anchor_stack_cluster_trust_pseudo_xgboost_default,backend_sweep,xgboost_default,PAIRED_ENGLISH::paired_english::m139_200114_222743::Tridesclous::1,PAIRED_ENGLISH::paired_english::m139_200114_222743,PAIRED_ENGLISH,0.3089646722483153,0.34975114,0.04078647239928296
main,fpos,source_reweighted_anchor_stack_cluster_trust_pseudo_xgboost_default,backend_sweep,xgboost_default,PAIRED_ENGLISH::paired_english::m14_190326_155432::IronClust::22,PAIRED_ENGLISH::paired_english::m14_190326_155432,PAIRED_ENGLISH,0.0481651376146789,0.03399934,0.01416579886860804
main,fpos,source_reweighted_anchor_stack_cluster_trust_pseudo_xgboost_default,backend_sweep,xgboost_default,PAIRED_ENGLISH::paired_english::m14_190326_155432::MountainSort4::33,PAIRED_ENGLISH::paired_english::m14_190326_155432,PAIRED_ENGLISH,0.1981651376146789,0.38348868,0.1853235472779755
main,fpos,source_reweighted_anchor_stack_cluster_trust_pseudo_xgboost_default,backend_sweep,xgboost_default,PAIRED_ENGLISH::paired_english::m14_190326_155432::SpykingCircus::38,PAIRED_ENGLISH::paired_english::m14_190326_155432,PAIRED_ENGLISH,0.013363028953229399,0.024560234,0.0111972046248565
main,fpos,source_reweighted_anchor_stack_cluster_trust_pseudo_xgboost_default,backend_sweep,xgboost_default,PAIRED_ENGLISH::paired_english::m15_190315_142052_cell1::IronClust::40,PAIRED_ENGLISH::paired_english::m15_190315_142052_cell1,PAIRED_ENGLISH,0.2679960401640503,0.36653218,0.09853613656896665
main,fpos,source_reweighted_anchor_stack_cluster_trust_pseudo_xgboost_default,backend_sweep,xgboost_default,PAIRED_ENGLISH::paired_english::m15_190315_142052_cell1::KiloSort2::48,PAIRED_ENGLISH::paired_english::m15_190315_142052_cell1,PAIRED_ENGLISH,0.8627861694595232,0.42207983,0.4407063380977526
main,fpos,source_reweighted_anchor_stack_cluster_trust_pseudo_xgboost_default,backend_sweep,xgboost_default,PAIRED_ENGLISH::paired_english::m15_190315_142052_cell1::MountainSort4::62,PAIRED_ENGLISH::paired_english::m15_190315_142052_cell1,PAIRED_ENGLISH,0.8769885383524361,0.5524739,0.3245146356501045
main,fpos,source_reweighted_anchor_stack_cluster_trust_pseudo_xgboost_default,backend_sweep,xgboost_default,PAIRED_ENGLISH::paired_english::m15_190315_142052_cell1::MountainSort4::64,PAIRED_ENGLISH::paired_english::m15_190315_142052_cell1,PAIRED_ENGLISH,0.14704761904761904,0.16561365,0.018566032228015728
main,fpos,source_reweighted_anchor_stack_cluster_trust_pseudo_xgboost_default,backend_sweep,xgboost_default,PAIRED_ENGLISH::paired_english::m15_190315_142052_cell1::SpykingCircus::22,PAIRED_ENGLISH::paired_english::m15_190315_142052_cell1,PAIRED_ENGLISH,0.23500526131182042,0.5206466,0.2856413108012167
main,fpos,source_reweighted_anchor_stack_cluster_trust_pseudo_xgboost_default,backend_sweep,xgboost_default,PAIRED_ENGLISH::paired_english::m15_190315_142052_cell1::SpykingCircus::57,PAIRED_ENGLISH::paired_english::m15_190315_142052_cell1,PAIRED_ENGLISH,0.6499202551834131,0.31890368,0.33101657056732425
main,fpos,source_reweighted_anchor_stack_cluster_trust_pseudo_xgboost_default,backend_sweep,xgboost_default,PAIRED_ENGLISH::paired_english::m15_190315_152315_cell1::IronClust::35,PAIRED_ENGLISH::paired_english::m15_190315_152315_cell1,PAIRED_ENGLISH,0.002592440987856461,0.03971131,0.03711887047168486
main,fpos,source_reweighted_anchor_stack_cluster_trust_pseudo_xgboost_default,backend_sweep,xgboost_default,PAIRED_ENGLISH::paired_english::m15_190315_152315_cell1::KiloSort::1,PAIRED_ENGLISH::paired_english::m15_190315_152315_cell1,PAIRED_ENGLISH,6.528267397832615e-05,0.06546798,0.06540270081028986
main,fpos,source_reweighted_anchor_stack_cluster_trust_pseudo_xgboost_default,backend_sweep,xgboost_default,PAIRED_ENGLISH::paired_english::m15_190315_152315_cell1::KiloSort2::37,PAIRED_ENGLISH::paired_english::m15_190315_152315_cell1,PAIRED_ENGLISH,0.00039059957034047265,0.044668693,0.04427809352510516
main,fpos,source_reweighted_anchor_stack_cluster_trust_pseudo_xgboost_default,backend_sweep,xgboost_default,PAIRED_ENGLISH::paired_english::m15_190315_152315_cell1::MountainSort4::72,PAIRED_ENGLISH::paired_english::m15_190315_152315_cell1,PAIRED_ENGLISH,0.052174468356855484,0.21119541,0.15902094094108762
main,fpos,source_reweighted_anchor_stack_cluster_trust_pseudo_xgboost_default,backend_sweep,xgboost_default,PAIRED_ENGLISH::paired_english::m15_190315_152315_cell1::SpykingCircus::46,PAIRED_ENGLISH::paired_english::m15_190315_152315_cell1,PAIRED_ENGLISH,0.010891280531030483,0.03990703,0.02901575023021143
main,fpos,source_reweighted_anchor_stack_cluster_trust_pseudo_xgboost_default,backend_sweep,xgboost_default,PAIRED_ENGLISH::paired_english::m15_190315_152315_cell1::Tridesclous::0,PAIRED_ENGLISH::paired_english::m15_190315_152315_cell1,PAIRED_ENGLISH,0.8482136225209834,0.35941154,0.4888020848737361
main,fpos,source_reweighted_anchor_stack_cluster_trust_pseudo_xgboost_default,backend_sweep,xgboost_default,PAIRED_ENGLISH::paired_english::m26_190524_100859_cell1::KiloSort::19,PAIRED_ENGLISH::paired_english::m26_190524_100859_cell1,PAIRED_ENGLISH,0.2440677966101695,0.14227568,0.10179212047892103
main,fpos,source_reweighted_anchor_stack_cluster_trust_pseudo_xgboost_default,backend_sweep,xgboost_default,PAIRED_ENGLISH::paired_english::m26_190524_100859_cell1::KiloSort::8,PAIRED_ENGLISH::paired_english::m26_190524_100859_cell1,PAIRED_ENGLISH,0.6505139500734214,0.25414705,0.3963668973085288
main,fpos,source_reweighted_anchor_stack_cluster_trust_pseudo_xgboost_default,backend_sweep,xgboost_default,PAIRED_ENGLISH::paired_english::m26_190524_100859_cell1::KiloSort2::0,PAIRED_ENGLISH::paired_english::m26_190524_100859_cell1,PAIRED_ENGLISH,0.38315988647114474,0.43023053,0.04707064164508146
main,fpos,source_reweighted_anchor_stack_cluster_trust_pseudo_xgboost_default,backend_sweep,xgboost_default,PAIRED_ENGLISH::paired_english::m57_191105_141906::IronClust::6,PAIRED_ENGLISH::paired_english::m57_191105_141906,PAIRED_ENGLISH,0.31826625386996904,0.30671838,0.011547874610859543
main,fpos,source_reweighted_anchor_stack_cluster_trust_pseudo_xgboost_default,backend_sweep,xgboost_default,PAIRED_ENGLISH::paired_english::m57_191105_141906::KiloSort::47,PAIRED_ENGLISH::paired_english::m57_191105_141906,PAIRED_ENGLISH,0.35376344086021505,0.31186712,0.04189632297844015
main,fpos,source_reweighted_anchor_stack_cluster_trust_pseudo_xgboost_default,backend_sweep,xgboost_default,PAIRED_ENGLISH::paired_english::m57_191105_141906::MountainSort4::21,PAIRED_ENGLISH::paired_english::m57_191105_141906,PAIRED_ENGLISH,0.3323335332933413,0.48163635,0.14930281209316382
main,fpos,source_reweighted_anchor_stack_cluster_trust_pseudo_xgboost_default,backend_sweep,xgboost_default,PAIRED_ENGLISH::paired_english::m57_191105_141906::MountainSort4::57,PAIRED_ENGLISH::paired_english::m57_191105_141906,PAIRED_ENGLISH,0.23853211009174313,0.2893182,0.05078609383434329
main,fpos,source_reweighted_anchor_stack_cluster_trust_pseudo_xgboost_default,backend_sweep,xgboost_default,PAIRED_ENGLISH::paired_english::m57_191105_141906::SpykingCircus::12,PAIRED_ENGLISH::paired_english::m57_191105_141906,PAIRED_ENGLISH,0.3535228677379481,0.30647847,0.04704439717405956
main,fpos,source_reweighted_anchor_stack_cluster_trust_pseudo_xgboost_default,backend_sweep,xgboost_default,PAIRED_ENGLISH::paired_english::m57_191105_141906::SpykingCircus::30,PAIRED_ENGLISH::paired_english::m57_191105_141906,PAIRED_ENGLISH,0.2040332147093713,0.2210275,0.016994278767496374
main,fpos,source_reweighted_anchor_stack_cluster_trust_pseudo_xgboost_default,backend_sweep,xgboost_default,PAIRED_ENGLISH::paired_english::m57_191105_160026::HerdingSpikes2::1,PAIRED_ENGLISH::paired_english::m57_191105_160026,PAIRED_ENGLISH,0.13630229419703105,0.22722901,0.09092671984200856
main,fpos,source_reweighted_anchor_stack_cluster_trust_pseudo_xgboost_default,backend_sweep,xgboost_default,PAIRED_ENGLISH::paired_english::m57_191105_160026::IronClust::2,PAIRED_ENGLISH::paired_english::m57_191105_160026,PAIRED_ENGLISH,0.5044008124576845,0.23947363,0.26492718644011404
main,fpos,source_reweighted_anchor_stack_cluster_trust_pseudo_xgboost_default,backend_sweep,xgboost_default,PAIRED_ENGLISH::paired_english::m57_191105_160026::IronClust::3,PAIRED_ENGLISH::paired_english::m57_191105_160026,PAIRED_ENGLISH,0.05838815789473684,0.2296955,0.17130734104859202
main,fpos,source_reweighted_anchor_stack_cluster_trust_pseudo_xgboost_default,backend_sweep,xgboost_default,PAIRED_ENGLISH::paired_english::m57_191105_160026::KiloSort::127,PAIRED_ENGLISH::paired_english::m57_191105_160026,PAIRED_ENGLISH,0.5003422313483915,0.3273409,0.17300133045041177
main,fpos,source_reweighted_anchor_stack_cluster_trust_pseudo_xgboost_default,backend_sweep,xgboost_default,PAIRED_ENGLISH::paired_english::m57_191105_160026::KiloSort::6,PAIRED_ENGLISH::paired_english::m57_191105_160026,PAIRED_ENGLISH,0.02531645569620253,0.2128555,0.18753904726686357
main,fpos,source_reweighted_anchor_stack_cluster_trust_pseudo_xgboost_default,backend_sweep,xgboost_default,PAIRED_ENGLISH::paired_english::m57_191105_160026::MountainSort4::23,PAIRED_ENGLISH::paired_english::m57_191105_160026,PAIRED_ENGLISH,0.6737967914438503,0.18014021,0.49365657926562
main,fpos,source_reweighted_anchor_stack_cluster_trust_pseudo_xgboost_default,backend_sweep,xgboost_default,PAIRED_ENGLISH::paired_english::m57_191105_160026::MountainSort4::25,PAIRED_ENGLISH::paired_english::m57_191105_160026,PAIRED_ENGLISH,0.14568081991215226,0.21817072,0.07248989744643691
main,fpos,source_reweighted_anchor_stack_cluster_trust_pseudo_xgboost_default,backend_sweep,xgboost_default,PAIRED_ENGLISH::paired_english::m57_191105_160026::SpykingCircus::2,PAIRED_ENGLISH::paired_english::m57_191105_160026,PAIRED_ENGLISH,0.6860282574568289,0.49134013,0.19468812688927828
main,fpos,source_reweighted_anchor_stack_cluster_trust_pseudo_xgboost_default,backend_sweep,xgboost_default,PAIRED_ENGLISH::paired_english::m57_191105_160026::SpykingCircus::4,PAIRED_ENGLISH::paired_english::m57_191105_160026,PAIRED_ENGLISH,0.056790123456790124,0.23969378,0.18290365231625827
main,fpos,source_reweighted_anchor_stack_cluster_trust_pseudo_xgboost_default,backend_sweep,xgboost_default,PAIRED_ENGLISH::paired_english::m57_191105_160026::Tridesclous::0,PAIRED_ENGLISH::paired_english::m57_191105_160026,PAIRED_ENGLISH,0.8589226823012093,0.5944761,0.26444657851855546
main,fpos,source_reweighted_anchor_stack_cluster_trust_pseudo_xgboost_default,backend_sweep,xgboost_default,PAIRED_KAMPFF::paired_kampff::c14::HerdingSpikes2::6,PAIRED_KAMPFF::paired_kampff::c14,PAIRED_KAMPFF,0.25090444775484144,0.06726579,0.18363865407369673
main,fpos,source_reweighted_anchor_stack_cluster_trust_pseudo_xgboost_default,backend_sweep,xgboost_default,PAIRED_KAMPFF::paired_kampff::c14::IronClust::22,PAIRED_KAMPFF::paired_kampff::c14,PAIRED_KAMPFF,0.2240655987795576,0.12147326,0.10259233855569208
main,fpos,source_reweighted_anchor_stack_cluster_trust_pseudo_xgboost_default,backend_sweep,xgboost_default,PAIRED_KAMPFF::paired_kampff::c14::KiloSort2::37,PAIRED_KAMPFF::paired_kampff::c14,PAIRED_KAMPFF,0.23899885489939474,0.124962635,0.11403621956108831
main,fpos,source_reweighted_anchor_stack_cluster_trust_pseudo_xgboost_default,backend_sweep,xgboost_default,PAIRED_KAMPFF::paired_kampff::c14::MountainSort4::42,PAIRED_KAMPFF::paired_kampff::c14,PAIRED_KAMPFF,0.031842105263157894,0.023449725,0.008392380723043491
main,fpos,source_reweighted_anchor_stack_cluster_trust_pseudo_xgboost_default,backend_sweep,xgboost_default,PAIRED_KAMPFF::paired_kampff::c14::SpykingCircus::14,PAIRED_KAMPFF::paired_kampff::c14,PAIRED_KAMPFF,0.0993841579953281,0.04764922,0.051734938363179356
main,fpos,source_reweighted_anchor_stack_cluster_trust_pseudo_xgboost_default,backend_sweep,xgboost_default,PAIRED_KAMPFF::paired_kampff::c14::Tridesclous::8,PAIRED_KAMPFF::paired_kampff::c14,PAIRED_KAMPFF,0.7298130782302221,0.5534569,0.17635617572625484
main,fpos,source_reweighted_anchor_stack_cluster_trust_pseudo_xgboost_default,backend_sweep,xgboost_default,PAIRED_MEA64C_YGER::paired_mea64c::20170622_patch1::HerdingSpikes2::19,PAIRED_MEA64C_YGER::paired_mea64c::20170622_patch1,PAIRED_MEA64C_YGER,0.3048016701461378,0.24321207,0.061589596104771216
main,fpos,source_reweighted_anchor_stack_cluster_trust_pseudo_xgboost_default,backend_sweep,xgboost_default,PAIRED_MEA64C_YGER::paired_mea64c::20170622_patch1::HerdingSpikes2::7,PAIRED_MEA64C_YGER::paired_mea64c::20170622_patch1,PAIRED_MEA64C_YGER,0.006430868167202572,0.012013281,0.005582412597019573
main,fpos,source_reweighted_anchor_stack_cluster_trust_pseudo_xgboost_default,backend_sweep,xgboost_default,PAIRED_MEA64C_YGER::paired_mea64c::20170622_patch1::IronClust::8,PAIRED_MEA64C_YGER::paired_mea64c::20170622_patch1,PAIRED_MEA64C_YGER,0.32512992968511156,0.13854146,0.18658846964788012
main,fpos,source_reweighted_anchor_stack_cluster_trust_pseudo_xgboost_default,backend_sweep,xgboost_default,PAIRED_MEA64C_YGER::paired_mea64c::20170622_patch1::KiloSort::64,PAIRED_MEA64C_YGER::paired_mea64c::20170622_patch1,PAIRED_MEA64C_YGER,0.00022805017103762827,0.0065821754,0.006354125210444019
main,fpos,source_reweighted_anchor_stack_cluster_trust_pseudo_xgboost_default,backend_sweep,xgboost_default,PAIRED_MEA64C_YGER::paired_mea64c::20170622_patch1::KiloSort2::23,PAIRED_MEA64C_YGER::paired_mea64c::20170622_patch1,PAIRED_MEA64C_YGER,0.0,0.008814383,0.008814383298158646
main,fpos,source_reweighted_anchor_stack_cluster_trust_pseudo_xgboost_default,backend_sweep,xgboost_default,PAIRED_MEA64C_YGER::paired_mea64c::20170622_patch1::Klusta::4,PAIRED_MEA64C_YGER::paired_mea64c::20170622_patch1,PAIRED_MEA64C_YGER,0.0050424628450106155,0.013539064,0.008496600899236345
main,fpos,source_reweighted_anchor_stack_cluster_trust_pseudo_xgboost_default,backend_sweep,xgboost_default,PAIRED_MEA64C_YGER::paired_mea64c::20170622_patch1::MountainSort4::43,PAIRED_MEA64C_YGER::paired_mea64c::20170622_patch1,PAIRED_MEA64C_YGER,0.0040494938132733405,0.008905308,0.004855814507845014
main,fpos,source_reweighted_anchor_stack_cluster_trust_pseudo_xgboost_default,backend_sweep,xgboost_default,PAIRED_MEA64C_YGER::paired_mea64c::20170622_patch1::SpykingCircus::18,PAIRED_MEA64C_YGER::paired_mea64c::20170622_patch1,PAIRED_MEA64C_YGER,0.00022079929344226098,0.0075108227,0.007290023438559282
main,fpos,source_reweighted_anchor_stack_cluster_trust_pseudo_xgboost_default,backend_sweep,xgboost_default,PAIRED_MEA64C_YGER::paired_mea64c::20170622_patch1::Tridesclous::12,PAIRED_MEA64C_YGER::paired_mea64c::20170622_patch1,PAIRED_MEA64C_YGER,0.013830024537140308,0.014710398,0.0008803738537488601
main,fpos,source_reweighted_anchor_stack_cluster_trust_pseudo_xgboost_default,backend_sweep,xgboost_default,PAIRED_MEA64C_YGER::paired_mea64c::20170622_patch2::HerdingSpikes2::16,PAIRED_MEA64C_YGER::paired_mea64c::20170622_patch2,PAIRED_MEA64C_YGER,0.18683274021352314,0.08085981,0.10597293009961628
main,fpos,source_reweighted_anchor_stack_cluster_trust_pseudo_xgboost_default,backend_sweep,xgboost_default,PAIRED_MEA64C_YGER::paired_mea64c::20170622_patch2::HerdingSpikes2::44,PAIRED_MEA64C_YGER::paired_mea64c::20170622_patch2,PAIRED_MEA64C_YGER,0.4028520499108734,0.15534212,0.24750993295893098
main,fpos,source_reweighted_anchor_stack_cluster_trust_pseudo_xgboost_default,backend_sweep,xgboost_default,PAIRED_MEA64C_YGER::paired_mea64c::20170622_patch2::HerdingSpikes2::5,PAIRED_MEA64C_YGER::paired_mea64c::20170622_patch2,PAIRED_MEA64C_YGER,0.06115992970123023,0.0011713431,0.05998858655626953
main,fpos,source_reweighted_anchor_stack_cluster_trust_pseudo_xgboost_default,backend_sweep,xgboost_default,PAIRED_MEA64C_YGER::paired_mea64c::20170622_patch2::IronClust::11,PAIRED_MEA64C_YGER::paired_mea64c::20170622_patch2,PAIRED_MEA64C_YGER,0.061366806136680614,0.0018569557,0.05950985043705798
main,fpos,source_reweighted_anchor_stack_cluster_trust_pseudo_xgboost_default,backend_sweep,xgboost_default,PAIRED_MEA64C_YGER::paired_mea64c::20170622_patch2::JRClust::31,PAIRED_MEA64C_YGER::paired_mea64c::20170622_patch2,PAIRED_MEA64C_YGER,0.06118881118881119,0.0018096701,0.059379141064608225
main,fpos,source_reweighted_anchor_stack_cluster_trust_pseudo_xgboost_default,backend_sweep,xgboost_default,PAIRED_MEA64C_YGER::paired_mea64c::20170622_patch2::KiloSort::5,PAIRED_MEA64C_YGER::paired_mea64c::20170622_patch2,PAIRED_MEA64C_YGER,0.06143106457242583,0.0028674845,0.0585635801071844
main,fpos,source_reweighted_anchor_stack_cluster_trust_pseudo_xgboost_default,backend_sweep,xgboost_default,PAIRED_MEA64C_YGER::paired_mea64c::20170622_patch2::KiloSort2::33,PAIRED_MEA64C_YGER::paired_mea64c::20170622_patch2,PAIRED_MEA64C_YGER,0.061409630146545706,0.002107274,0.05930235612645501
main,fpos,source_reweighted_anchor_stack_cluster_trust_pseudo_xgboost_default,backend_sweep,xgboost_default,PAIRED_MEA64C_YGER::paired_mea64c::20170622_patch2::Klusta::14,PAIRED_MEA64C_YGER::paired_mea64c::20170622_patch2,PAIRED_MEA64C_YGER,0.05860349127182045,0.0020066146,0.05659687669106998
main,fpos,source_reweighted_anchor_stack_cluster_trust_pseudo_xgboost_default,backend_sweep,xgboost_default,PAIRED_MEA64C_YGER::paired_mea64c::20170622_patch2::MountainSort4::31,PAIRED_MEA64C_YGER::paired_mea64c::20170622_patch2,PAIRED_MEA64C_YGER,0.07713404182379156,0.0052679917,0.07186605013941437
main,fpos,source_reweighted_anchor_stack_cluster_trust_pseudo_xgboost_default,backend_sweep,xgboost_default,PAIRED_MEA64C_YGER::paired_mea64c::20170622_patch2::SpykingCircus::17,PAIRED_MEA64C_YGER::paired_mea64c::20170622_patch2,PAIRED_MEA64C_YGER,0.061366806136680614,0.0020410488,0.0593257573007176
main,fpos,source_reweighted_anchor_stack_cluster_trust_pseudo_xgboost_default,backend_sweep,xgboost_default,PAIRED_MEA64C_YGER::paired_mea64c::20170622_patch2::Tridesclous::0,PAIRED_MEA64C_YGER::paired_mea64c::20170622_patch2,PAIRED_MEA64C_YGER,0.061366806136680614,0.0018504683,0.05951633779728211
main,fpos,source_reweighted_anchor_stack_cluster_trust_pseudo_xgboost_shallow,backend_sweep,xgboost_shallow,PAIRED_BOYDEN::paired_boyden32c::1103_1_1::IronClust::4,PAIRED_BOYDEN::paired_boyden32c::1103_1_1,PAIRED_BOYDEN,0.11363636363636363,0.15126653,0.037630166519771927
main,fpos,source_reweighted_anchor_stack_cluster_trust_pseudo_xgboost_shallow,backend_sweep,xgboost_shallow,PAIRED_BOYDEN::paired_boyden32c::1103_1_1::JRClust::18,PAIRED_BOYDEN::paired_boyden32c::1103_1_1,PAIRED_BOYDEN,0.26138147566718994,0.31639323,0.05501175071792663
main,fpos,source_reweighted_anchor_stack_cluster_trust_pseudo_xgboost_shallow,backend_sweep,xgboost_shallow,PAIRED_BOYDEN::paired_boyden32c::1103_1_1::KiloSort::111,PAIRED_BOYDEN::paired_boyden32c::1103_1_1,PAIRED_BOYDEN,0.11241007194244604,0.19604416,0.08363408997333308
main,fpos,source_reweighted_anchor_stack_cluster_trust_pseudo_xgboost_shallow,backend_sweep,xgboost_shallow,PAIRED_BOYDEN::paired_boyden32c::1103_1_1::KiloSort2::33,PAIRED_BOYDEN::paired_boyden32c::1103_1_1,PAIRED_BOYDEN,0.17066290550070523,0.16851778,0.002145122216517914
main,fpos,source_reweighted_anchor_stack_cluster_trust_pseudo_xgboost_shallow,backend_sweep,xgboost_shallow,PAIRED_BOYDEN::paired_boyden32c::1103_1_1::KiloSort2::55,PAIRED_BOYDEN::paired_boyden32c::1103_1_1,PAIRED_BOYDEN,0.3333333333333333,0.18934639,0.14398694535096485
main,fpos,source_reweighted_anchor_stack_cluster_trust_pseudo_xgboost_shallow,backend_sweep,xgboost_shallow,PAIRED_BOYDEN::paired_boyden32c::1103_1_1::KiloSort2::60,PAIRED_BOYDEN::paired_boyden32c::1103_1_1,PAIRED_BOYDEN,0.15878378378378377,0.09156108,0.06722270475851522
main,fpos,source_reweighted_anchor_stack_cluster_trust_pseudo_xgboost_shallow,backend_sweep,xgboost_shallow,PAIRED_BOYDEN::paired_boyden32c::1103_1_1::Klusta::12,PAIRED_BOYDEN::paired_boyden32c::1103_1_1,PAIRED_BOYDEN,0.156686626746507,0.20523496,0.048548332975058256
main,fpos,source_reweighted_anchor_stack_cluster_trust_pseudo_xgboost_shallow,backend_sweep,xgboost_shallow,PAIRED_BOYDEN::paired_boyden32c::1103_1_1::MountainSort4::26,PAIRED_BOYDEN::paired_boyden32c::1103_1_1,PAIRED_BOYDEN,0.30532212885154064,0.27362916,0.03169297011626537
main,fpos,source_reweighted_anchor_stack_cluster_trust_pseudo_xgboost_shallow,backend_sweep,xgboost_shallow,PAIRED_BOYDEN::paired_boyden32c::1103_1_1::SpykingCircus::27,PAIRED_BOYDEN::paired_boyden32c::1103_1_1,PAIRED_BOYDEN,0.12258064516129032,0.18860829,0.0660276436036633
main,fpos,source_reweighted_anchor_stack_cluster_trust_pseudo_xgboost_shallow,backend_sweep,xgboost_shallow,PAIRED_BOYDEN::paired_boyden32c::1103_1_1::Tridesclous::3,PAIRED_BOYDEN::paired_boyden32c::1103_1_1,PAIRED_BOYDEN,0.2613268608414239,0.3040916,0.04276474172243411
main,fpos,source_reweighted_anchor_stack_cluster_trust_pseudo_xgboost_shallow,backend_sweep,xgboost_shallow,PAIRED_BOYDEN::paired_boyden32c::419_1_8::IronClust::14,PAIRED_BOYDEN::paired_boyden32c::419_1_8,PAIRED_BOYDEN,0.0663265306122449,0.020876734,0.04544979702605277
main,fpos,source_reweighted_anchor_stack_cluster_trust_pseudo_xgboost_shallow,backend_sweep,xgboost_shallow,PAIRED_BOYDEN::paired_boyden32c::419_1_8::IronClust::4,PAIRED_BOYDEN::paired_boyden32c::419_1_8,PAIRED_BOYDEN,0.05829903978052126,0.054735016,0.003564023702764381
main,fpos,source_reweighted_anchor_stack_cluster_trust_pseudo_xgboost_shallow,backend_sweep,xgboost_shallow,PAIRED_BOYDEN::paired_boyden32c::419_1_8::JRClust::24,PAIRED_BOYDEN::paired_boyden32c::419_1_8,PAIRED_BOYDEN,0.08062093139709564,0.020169063,0.06045186885716053
main,fpos,source_reweighted_anchor_stack_cluster_trust_pseudo_xgboost_shallow,backend_sweep,xgboost_shallow,PAIRED_BOYDEN::paired_boyden32c::419_1_8::JRClust::8,PAIRED_BOYDEN::paired_boyden32c::419_1_8,PAIRED_BOYDEN,0.03907637655417407,0.022723729,0.01635264776329482
main,fpos,source_reweighted_anchor_stack_cluster_trust_pseudo_xgboost_shallow,backend_sweep,xgboost_shallow,PAIRED_BOYDEN::paired_boyden32c::419_1_8::KiloSort::17,PAIRED_BOYDEN::paired_boyden32c::419_1_8,PAIRED_BOYDEN,0.06424161521775405,0.017568601,0.04667301392240207
main,fpos,source_reweighted_anchor_stack_cluster_trust_pseudo_xgboost_shallow,backend_sweep,xgboost_shallow,PAIRED_BOYDEN::paired_boyden32c::419_1_8::KiloSort2::27,PAIRED_BOYDEN::paired_boyden32c::419_1_8,PAIRED_BOYDEN,0.1342059838895282,0.044808846,0.08939713792247383
main,fpos,source_reweighted_anchor_stack_cluster_trust_pseudo_xgboost_shallow,backend_sweep,xgboost_shallow,PAIRED_BOYDEN::paired_boyden32c::419_1_8::KiloSort2::46,PAIRED_BOYDEN::paired_boyden32c::419_1_8,PAIRED_BOYDEN,0.02341480088873697,0.015883986,0.007530814981897598
main,fpos,source_reweighted_anchor_stack_cluster_trust_pseudo_xgboost_shallow,backend_sweep,xgboost_shallow,PAIRED_BOYDEN::paired_boyden32c::419_1_8::MountainSort4::42,PAIRED_BOYDEN::paired_boyden32c::419_1_8,PAIRED_BOYDEN,0.16482219271063892,0.09218444,0.07263775340914813
main,fpos,source_reweighted_anchor_stack_cluster_trust_pseudo_xgboost_shallow,backend_sweep,xgboost_shallow,PAIRED_BOYDEN::paired_boyden32c::419_1_8::SpykingCircus::24,PAIRED_BOYDEN::paired_boyden32c::419_1_8,PAIRED_BOYDEN,0.24721080446271285,0.13496019,0.11225061500100478
main,fpos,source_reweighted_anchor_stack_cluster_trust_pseudo_xgboost_shallow,backend_sweep,xgboost_shallow,PAIRED_BOYDEN::paired_boyden32c::419_1_8::SpykingCircus::28,PAIRED_BOYDEN::paired_boyden32c::419_1_8,PAIRED_BOYDEN,0.029543112332531776,0.021606991,0.007936121265003052
main,fpos,source_reweighted_anchor_stack_cluster_trust_pseudo_xgboost_shallow,backend_sweep,xgboost_shallow,PAIRED_BOYDEN::paired_boyden32c::419_1_8::Tridesclous::0,PAIRED_BOYDEN::paired_boyden32c::419_1_8,PAIRED_BOYDEN,0.15585806056898133,0.13518004,0.02067801937501923
main,fpos,source_reweighted_anchor_stack_cluster_trust_pseudo_xgboost_shallow,backend_sweep,xgboost_shallow,PAIRED_CRCNS_HC1::paired_crcns::d11221_d11221.001::SpykingCircus::6,PAIRED_CRCNS_HC1::paired_crcns::d11221_d11221.001,PAIRED_CRCNS_HC1,0.8835978835978836,0.42397267,0.4596252173343033
main,fpos,source_reweighted_anchor_stack_cluster_trust_pseudo_xgboost_shallow,backend_sweep,xgboost_shallow,PAIRED_CRCNS_HC1::paired_crcns::d11222_d11222.002::IronClust::2,PAIRED_CRCNS_HC1::paired_crcns::d11222_d11222.002,PAIRED_CRCNS_HC1,0.04466019417475728,0.2056477,0.16098751281071635
main,fpos,source_reweighted_anchor_stack_cluster_trust_pseudo_xgboost_shallow,backend_sweep,xgboost_shallow,PAIRED_CRCNS_HC1::paired_crcns::d11222_d11222.002::JRClust::3,PAIRED_CRCNS_HC1::paired_crcns::d11222_d11222.002,PAIRED_CRCNS_HC1,0.039337474120082816,0.06115216,0.021814686047611276
main,fpos,source_reweighted_anchor_stack_cluster_trust_pseudo_xgboost_shallow,backend_sweep,xgboost_shallow,PAIRED_CRCNS_HC1::paired_crcns::d11222_d11222.002::KiloSort::1,PAIRED_CRCNS_HC1::paired_crcns::d11222_d11222.002,PAIRED_CRCNS_HC1,0.03337783711615487,0.10957002,0.07619218183096961
main,fpos,source_reweighted_anchor_stack_cluster_trust_pseudo_xgboost_shallow,backend_sweep,xgboost_shallow,PAIRED_CRCNS_HC1::paired_crcns::d11222_d11222.002::KiloSort2::10,PAIRED_CRCNS_HC1::paired_crcns::d11222_d11222.002,PAIRED_CRCNS_HC1,0.550417469492614,0.118813425,0.43160404419010856
main,fpos,source_reweighted_anchor_stack_cluster_trust_pseudo_xgboost_shallow,backend_sweep,xgboost_shallow,PAIRED_CRCNS_HC1::paired_crcns::d11222_d11222.002::Klusta::2,PAIRED_CRCNS_HC1::paired_crcns::d11222_d11222.002,PAIRED_CRCNS_HC1,0.008777852802160702,0.08127306,0.07249520376455454
main,fpos,source_reweighted_anchor_stack_cluster_trust_pseudo_xgboost_shallow,backend_sweep,xgboost_shallow,PAIRED_CRCNS_HC1::paired_crcns::d11222_d11222.002::MountainSort4::4,PAIRED_CRCNS_HC1::paired_crcns::d11222_d11222.002,PAIRED_CRCNS_HC1,0.360427807486631,0.23133592,0.12909188441095504
main,fpos,source_reweighted_anchor_stack_cluster_trust_pseudo_xgboost_shallow,backend_sweep,xgboost_shallow,PAIRED_CRCNS_HC1::paired_crcns::d11222_d11222.002::SpykingCircus::4,PAIRED_CRCNS_HC1::paired_crcns::d11222_d11222.002,PAIRED_CRCNS_HC1,0.11986754966887417,0.07738786,0.04247968776139202
main,fpos,source_reweighted_anchor_stack_cluster_trust_pseudo_xgboost_shallow,backend_sweep,xgboost_shallow,PAIRED_CRCNS_HC1::paired_crcns::d11222_d11222.002::Tridesclous::0,PAIRED_CRCNS_HC1::paired_crcns::d11222_d11222.002,PAIRED_CRCNS_HC1,0.021164021164021163,0.09126603,0.07010200741902861
main,fpos,source_reweighted_anchor_stack_cluster_trust_pseudo_xgboost_shallow,backend_sweep,xgboost_shallow,PAIRED_ENGLISH::paired_english::m139_200114_191955::KiloSort2::25,PAIRED_ENGLISH::paired_english::m139_200114_191955,PAIRED_ENGLISH,0.7302739726027397,0.28799063,0.4422833429297356
main,fpos,source_reweighted_anchor_stack_cluster_trust_pseudo_xgboost_shallow,backend_sweep,xgboost_shallow,PAIRED_ENGLISH::paired_english::m139_200114_191955::MountainSort4::36,PAIRED_ENGLISH::paired_english::m139_200114_191955,PAIRED_ENGLISH,0.8735255086994986,0.6279418,0.24558372145660923
main,fpos,source_reweighted_anchor_stack_cluster_trust_pseudo_xgboost_shallow,backend_sweep,xgboost_shallow,PAIRED_ENGLISH::paired_english::m139_200114_191955::SpykingCircus::42,PAIRED_ENGLISH::paired_english::m139_200114_191955,PAIRED_ENGLISH,0.5584045584045584,0.3653086,0.19309594581949063
main,fpos,source_reweighted_anchor_stack_cluster_trust_pseudo_xgboost_shallow,backend_sweep,xgboost_shallow,PAIRED_ENGLISH::paired_english::m139_200114_222743::HerdingSpikes2::5,PAIRED_ENGLISH::paired_english::m139_200114_222743,PAIRED_ENGLISH,0.03257707969749855,0.23393469,0.20135760589038446
main,fpos,source_reweighted_anchor_stack_cluster_trust_pseudo_xgboost_shallow,backend_sweep,xgboost_shallow,PAIRED_ENGLISH::paired_english::m139_200114_222743::IronClust::17,PAIRED_ENGLISH::paired_english::m139_200114_222743,PAIRED_ENGLISH,0.02675196277987787,0.17346187,0.14670990657913854
main,fpos,source_reweighted_anchor_stack_cluster_trust_pseudo_xgboost_shallow,backend_sweep,xgboost_shallow,PAIRED_ENGLISH::paired_english::m139_200114_222743::KiloSort::88,PAIRED_ENGLISH::paired_english::m139_200114_222743,PAIRED_ENGLISH,0.015151515151515152,0.21953091,0.20437939510200964
main,fpos,source_reweighted_anchor_stack_cluster_trust_pseudo_xgboost_shallow,backend_sweep,xgboost_shallow,PAIRED_ENGLISH::paired_english::m139_200114_222743::KiloSort2::26,PAIRED_ENGLISH::paired_english::m139_200114_222743,PAIRED_ENGLISH,0.028645087367516472,0.16603433,0.1373892385897818
main,fpos,source_reweighted_anchor_stack_cluster_trust_pseudo_xgboost_shallow,backend_sweep,xgboost_shallow,PAIRED_ENGLISH::paired_english::m139_200114_222743::MountainSort4::46,PAIRED_ENGLISH::paired_english::m139_200114_222743,PAIRED_ENGLISH,0.039886039886039885,0.34280324,0.3029171999363478
main,fpos,source_reweighted_anchor_stack_cluster_trust_pseudo_xgboost_shallow,backend_sweep,xgboost_shallow,PAIRED_ENGLISH::paired_english::m139_200114_222743::SpykingCircus::44,PAIRED_ENGLISH::paired_english::m139_200114_222743,PAIRED_ENGLISH,0.028064146620847653,0.16262761,0.13456346096315197
main,fpos,source_reweighted_anchor_stack_cluster_trust_pseudo_xgboost_shallow,backend_sweep,xgboost_shallow,PAIRED_ENGLISH::paired_english::m139_200114_222743::Tridesclous::1,PAIRED_ENGLISH::paired_english::m139_200114_222743,PAIRED_ENGLISH,0.3089646722483153,0.3166671,0.0077024374795441886
main,fpos,source_reweighted_anchor_stack_cluster_trust_pseudo_xgboost_shallow,backend_sweep,xgboost_shallow,PAIRED_ENGLISH::paired_english::m14_190326_155432::IronClust::22,PAIRED_ENGLISH::paired_english::m14_190326_155432,PAIRED_ENGLISH,0.0481651376146789,0.026579348,0.021585789244246048
main,fpos,source_reweighted_anchor_stack_cluster_trust_pseudo_xgboost_shallow,backend_sweep,xgboost_shallow,PAIRED_ENGLISH::paired_english::m14_190326_155432::MountainSort4::33,PAIRED_ENGLISH::paired_english::m14_190326_155432,PAIRED_ENGLISH,0.1981651376146789,0.38089916,0.18273402348570866
main,fpos,source_reweighted_anchor_stack_cluster_trust_pseudo_xgboost_shallow,backend_sweep,xgboost_shallow,PAIRED_ENGLISH::paired_english::m14_190326_155432::SpykingCircus::38,PAIRED_ENGLISH::paired_english::m14_190326_155432,PAIRED_ENGLISH,0.013363028953229399,0.029754842,0.01639181274696687
main,fpos,source_reweighted_anchor_stack_cluster_trust_pseudo_xgboost_shallow,backend_sweep,xgboost_shallow,PAIRED_ENGLISH::paired_english::m15_190315_142052_cell1::IronClust::40,PAIRED_ENGLISH::paired_english::m15_190315_142052_cell1,PAIRED_ENGLISH,0.2679960401640503,0.2910297,0.023033651532116672
main,fpos,source_reweighted_anchor_stack_cluster_trust_pseudo_xgboost_shallow,backend_sweep,xgboost_shallow,PAIRED_ENGLISH::paired_english::m15_190315_142052_cell1::KiloSort2::48,PAIRED_ENGLISH::paired_english::m15_190315_142052_cell1,PAIRED_ENGLISH,0.8627861694595232,0.38418397,0.4786021963855639
main,fpos,source_reweighted_anchor_stack_cluster_trust_pseudo_xgboost_shallow,backend_sweep,xgboost_shallow,PAIRED_ENGLISH::paired_english::m15_190315_142052_cell1::MountainSort4::62,PAIRED_ENGLISH::paired_english::m15_190315_142052_cell1,PAIRED_ENGLISH,0.8769885383524361,0.4389632,0.4380253337301674
main,fpos,source_reweighted_anchor_stack_cluster_trust_pseudo_xgboost_shallow,backend_sweep,xgboost_shallow,PAIRED_ENGLISH::paired_english::m15_190315_142052_cell1::MountainSort4::64,PAIRED_ENGLISH::paired_english::m15_190315_142052_cell1,PAIRED_ENGLISH,0.14704761904761904,0.15182836,0.004780744490169353
main,fpos,source_reweighted_anchor_stack_cluster_trust_pseudo_xgboost_shallow,backend_sweep,xgboost_shallow,PAIRED_ENGLISH::paired_english::m15_190315_142052_cell1::SpykingCircus::22,PAIRED_ENGLISH::paired_english::m15_190315_142052_cell1,PAIRED_ENGLISH,0.23500526131182042,0.5980231,0.3630178552767721
main,fpos,source_reweighted_anchor_stack_cluster_trust_pseudo_xgboost_shallow,backend_sweep,xgboost_shallow,PAIRED_ENGLISH::paired_english::m15_190315_142052_cell1::SpykingCircus::57,PAIRED_ENGLISH::paired_english::m15_190315_142052_cell1,PAIRED_ENGLISH,0.6499202551834131,0.42366013,0.22626012587471256
main,fpos,source_reweighted_anchor_stack_cluster_trust_pseudo_xgboost_shallow,backend_sweep,xgboost_shallow,PAIRED_ENGLISH::paired_english::m15_190315_152315_cell1::IronClust::35,PAIRED_ENGLISH::paired_english::m15_190315_152315_cell1,PAIRED_ENGLISH,0.002592440987856461,0.023098962,0.020506521393625663
main,fpos,source_reweighted_anchor_stack_cluster_trust_pseudo_xgboost_shallow,backend_sweep,xgboost_shallow,PAIRED_ENGLISH::paired_english::m15_190315_152315_cell1::KiloSort::1,PAIRED_ENGLISH::paired_english::m15_190315_152315_cell1,PAIRED_ENGLISH,6.528267397832615e-05,0.030636404,0.030571121035671712
main,fpos,source_reweighted_anchor_stack_cluster_trust_pseudo_xgboost_shallow,backend_sweep,xgboost_shallow,PAIRED_ENGLISH::paired_english::m15_190315_152315_cell1::KiloSort2::37,PAIRED_ENGLISH::paired_english::m15_190315_152315_cell1,PAIRED_ENGLISH,0.00039059957034047265,0.020886634,0.020496033974819822
main,fpos,source_reweighted_anchor_stack_cluster_trust_pseudo_xgboost_shallow,backend_sweep,xgboost_shallow,PAIRED_ENGLISH::paired_english::m15_190315_152315_cell1::MountainSort4::72,PAIRED_ENGLISH::paired_english::m15_190315_152315_cell1,PAIRED_ENGLISH,0.052174468356855484,0.12651822,0.07434375135254087
main,fpos,source_reweighted_anchor_stack_cluster_trust_pseudo_xgboost_shallow,backend_sweep,xgboost_shallow,PAIRED_ENGLISH::paired_english::m15_190315_152315_cell1::SpykingCircus::46,PAIRED_ENGLISH::paired_english::m15_190315_152315_cell1,PAIRED_ENGLISH,0.010891280531030483,0.023723004,0.012831723854798489
main,fpos,source_reweighted_anchor_stack_cluster_trust_pseudo_xgboost_shallow,backend_sweep,xgboost_shallow,PAIRED_ENGLISH::paired_english::m15_190315_152315_cell1::Tridesclous::0,PAIRED_ENGLISH::paired_english::m15_190315_152315_cell1,PAIRED_ENGLISH,0.8482136225209834,0.35756817,0.4906454479203822
main,fpos,source_reweighted_anchor_stack_cluster_trust_pseudo_xgboost_shallow,backend_sweep,xgboost_shallow,PAIRED_ENGLISH::paired_english::m26_190524_100859_cell1::KiloSort::19,PAIRED_ENGLISH::paired_english::m26_190524_100859_cell1,PAIRED_ENGLISH,0.2440677966101695,0.16368206,0.08038573815660963
main,fpos,source_reweighted_anchor_stack_cluster_trust_pseudo_xgboost_shallow,backend_sweep,xgboost_shallow,PAIRED_ENGLISH::paired_english::m26_190524_100859_cell1::KiloSort::8,PAIRED_ENGLISH::paired_english::m26_190524_100859_cell1,PAIRED_ENGLISH,0.6505139500734214,0.38403526,0.26647869058817664
main,fpos,source_reweighted_anchor_stack_cluster_trust_pseudo_xgboost_shallow,backend_sweep,xgboost_shallow,PAIRED_ENGLISH::paired_english::m26_190524_100859_cell1::KiloSort2::0,PAIRED_ENGLISH::paired_english::m26_190524_100859_cell1,PAIRED_ENGLISH,0.38315988647114474,0.36132738,0.021832506529204432
main,fpos,source_reweighted_anchor_stack_cluster_trust_pseudo_xgboost_shallow,backend_sweep,xgboost_shallow,PAIRED_ENGLISH::paired_english::m57_191105_141906::IronClust::6,PAIRED_ENGLISH::paired_english::m57_191105_141906,PAIRED_ENGLISH,0.31826625386996904,0.25197873,0.06628752867503801
main,fpos,source_reweighted_anchor_stack_cluster_trust_pseudo_xgboost_shallow,backend_sweep,xgboost_shallow,PAIRED_ENGLISH::paired_english::m57_191105_141906::KiloSort::47,PAIRED_ENGLISH::paired_english::m57_191105_141906,PAIRED_ENGLISH,0.35376344086021505,0.27014896,0.08361447812408529
main,fpos,source_reweighted_anchor_stack_cluster_trust_pseudo_xgboost_shallow,backend_sweep,xgboost_shallow,PAIRED_ENGLISH::paired_english::m57_191105_141906::MountainSort4::21,PAIRED_ENGLISH::paired_english::m57_191105_141906,PAIRED_ENGLISH,0.3323335332933413,0.46402135,0.13168782162037024
main,fpos,source_reweighted_anchor_stack_cluster_trust_pseudo_xgboost_shallow,backend_sweep,xgboost_shallow,PAIRED_ENGLISH::paired_english::m57_191105_141906::MountainSort4::57,PAIRED_ENGLISH::paired_english::m57_191105_141906,PAIRED_ENGLISH,0.23853211009174313,0.29454032,0.056008205774727204
main,fpos,source_reweighted_anchor_stack_cluster_trust_pseudo_xgboost_shallow,backend_sweep,xgboost_shallow,PAIRED_ENGLISH::paired_english::m57_191105_141906::SpykingCircus::12,PAIRED_ENGLISH::paired_english::m57_191105_141906,PAIRED_ENGLISH,0.3535228677379481,0.28063777,0.07288509684675853
main,fpos,source_reweighted_anchor_stack_cluster_trust_pseudo_xgboost_shallow,backend_sweep,xgboost_shallow,PAIRED_ENGLISH::paired_english::m57_191105_141906::SpykingCircus::30,PAIRED_ENGLISH::paired_english::m57_191105_141906,PAIRED_ENGLISH,0.2040332147093713,0.19815159,0.005881626269429896
main,fpos,source_reweighted_anchor_stack_cluster_trust_pseudo_xgboost_shallow,backend_sweep,xgboost_shallow,PAIRED_ENGLISH::paired_english::m57_191105_160026::HerdingSpikes2::1,PAIRED_ENGLISH::paired_english::m57_191105_160026,PAIRED_ENGLISH,0.13630229419703105,0.3608057,0.22450339609151265
main,fpos,source_reweighted_anchor_stack_cluster_trust_pseudo_xgboost_shallow,backend_sweep,xgboost_shallow,PAIRED_ENGLISH::paired_english::m57_191105_160026::IronClust::2,PAIRED_ENGLISH::paired_english::m57_191105_160026,PAIRED_ENGLISH,0.5044008124576845,0.26543373,0.23896708376276876
main,fpos,source_reweighted_anchor_stack_cluster_trust_pseudo_xgboost_shallow,backend_sweep,xgboost_shallow,PAIRED_ENGLISH::paired_english::m57_191105_160026::IronClust::3,PAIRED_ENGLISH::paired_english::m57_191105_160026,PAIRED_ENGLISH,0.05838815789473684,0.34185195,0.2834637917970356
main,fpos,source_reweighted_anchor_stack_cluster_trust_pseudo_xgboost_shallow,backend_sweep,xgboost_shallow,PAIRED_ENGLISH::paired_english::m57_191105_160026::KiloSort::127,PAIRED_ENGLISH::paired_english::m57_191105_160026,PAIRED_ENGLISH,0.5003422313483915,0.21846157,0.2818806582244596
main,fpos,source_reweighted_anchor_stack_cluster_trust_pseudo_xgboost_shallow,backend_sweep,xgboost_shallow,PAIRED_ENGLISH::paired_english::m57_191105_160026::KiloSort::6,PAIRED_ENGLISH::paired_english::m57_191105_160026,PAIRED_ENGLISH,0.02531645569620253,0.27866462,0.2533481630343425
main,fpos,source_reweighted_anchor_stack_cluster_trust_pseudo_xgboost_shallow,backend_sweep,xgboost_shallow,PAIRED_ENGLISH::paired_english::m57_191105_160026::MountainSort4::23,PAIRED_ENGLISH::paired_english::m57_191105_160026,PAIRED_ENGLISH,0.6737967914438503,0.22627422,0.4475225693083065
main,fpos,source_reweighted_anchor_stack_cluster_trust_pseudo_xgboost_shallow,backend_sweep,xgboost_shallow,PAIRED_ENGLISH::paired_english::m57_191105_160026::MountainSort4::25,PAIRED_ENGLISH::paired_english::m57_191105_160026,PAIRED_ENGLISH,0.14568081991215226,0.32741705,0.18173622591952804
main,fpos,source_reweighted_anchor_stack_cluster_trust_pseudo_xgboost_shallow,backend_sweep,xgboost_shallow,PAIRED_ENGLISH::paired_english::m57_191105_160026::SpykingCircus::2,PAIRED_ENGLISH::paired_english::m57_191105_160026,PAIRED_ENGLISH,0.6860282574568289,0.48565015,0.20037810548882662
main,fpos,source_reweighted_anchor_stack_cluster_trust_pseudo_xgboost_shallow,backend_sweep,xgboost_shallow,PAIRED_ENGLISH::paired_english::m57_191105_160026::SpykingCircus::4,PAIRED_ENGLISH::paired_english::m57_191105_160026,PAIRED_ENGLISH,0.056790123456790124,0.33744067,0.28065054607980044
main,fpos,source_reweighted_anchor_stack_cluster_trust_pseudo_xgboost_shallow,backend_sweep,xgboost_shallow,PAIRED_ENGLISH::paired_english::m57_191105_160026::Tridesclous::0,PAIRED_ENGLISH::paired_english::m57_191105_160026,PAIRED_ENGLISH,0.8589226823012093,0.5176974,0.3412252884070137
main,fpos,source_reweighted_anchor_stack_cluster_trust_pseudo_xgboost_shallow,backend_sweep,xgboost_shallow,PAIRED_KAMPFF::paired_kampff::c14::HerdingSpikes2::6,PAIRED_KAMPFF::paired_kampff::c14,PAIRED_KAMPFF,0.25090444775484144,0.06966395,0.18124049844406187
main,fpos,source_reweighted_anchor_stack_cluster_trust_pseudo_xgboost_shallow,backend_sweep,xgboost_shallow,PAIRED_KAMPFF::paired_kampff::c14::IronClust::22,PAIRED_KAMPFF::paired_kampff::c14,PAIRED_KAMPFF,0.2240655987795576,0.15527856,0.0687870352801069
main,fpos,source_reweighted_anchor_stack_cluster_trust_pseudo_xgboost_shallow,backend_sweep,xgboost_shallow,PAIRED_KAMPFF::paired_kampff::c14::KiloSort2::37,PAIRED_KAMPFF::paired_kampff::c14,PAIRED_KAMPFF,0.23899885489939474,0.14543799,0.0935608692407491
main,fpos,source_reweighted_anchor_stack_cluster_trust_pseudo_xgboost_shallow,backend_sweep,xgboost_shallow,PAIRED_KAMPFF::paired_kampff::c14::MountainSort4::42,PAIRED_KAMPFF::paired_kampff::c14,PAIRED_KAMPFF,0.031842105263157894,0.030190486,0.0016516188022337452
main,fpos,source_reweighted_anchor_stack_cluster_trust_pseudo_xgboost_shallow,backend_sweep,xgboost_shallow,PAIRED_KAMPFF::paired_kampff::c14::SpykingCircus::14,PAIRED_KAMPFF::paired_kampff::c14,PAIRED_KAMPFF,0.0993841579953281,0.040691502,0.058692655603036076
main,fpos,source_reweighted_anchor_stack_cluster_trust_pseudo_xgboost_shallow,backend_sweep,xgboost_shallow,PAIRED_KAMPFF::paired_kampff::c14::Tridesclous::8,PAIRED_KAMPFF::paired_kampff::c14,PAIRED_KAMPFF,0.7298130782302221,0.531029,0.19878409225304927
main,fpos,source_reweighted_anchor_stack_cluster_trust_pseudo_xgboost_shallow,backend_sweep,xgboost_shallow,PAIRED_MEA64C_YGER::paired_mea64c::20170622_patch1::HerdingSpikes2::19,PAIRED_MEA64C_YGER::paired_mea64c::20170622_patch1,PAIRED_MEA64C_YGER,0.3048016701461378,0.3410812,0.03627953188404409
main,fpos,source_reweighted_anchor_stack_cluster_trust_pseudo_xgboost_shallow,backend_sweep,xgboost_shallow,PAIRED_MEA64C_YGER::paired_mea64c::20170622_patch1::HerdingSpikes2::7,PAIRED_MEA64C_YGER::paired_mea64c::20170622_patch1,PAIRED_MEA64C_YGER,0.006430868167202572,0.015415864,0.008984995898086925
main,fpos,source_reweighted_anchor_stack_cluster_trust_pseudo_xgboost_shallow,backend_sweep,xgboost_shallow,PAIRED_MEA64C_YGER::paired_mea64c::20170622_patch1::IronClust::8,PAIRED_MEA64C_YGER::paired_mea64c::20170622_patch1,PAIRED_MEA64C_YGER,0.32512992968511156,0.22135848,0.10377145161580614
main,fpos,source_reweighted_anchor_stack_cluster_trust_pseudo_xgboost_shallow,backend_sweep,xgboost_shallow,PAIRED_MEA64C_YGER::paired_mea64c::20170622_patch1::KiloSort::64,PAIRED_MEA64C_YGER::paired_mea64c::20170622_patch1,PAIRED_MEA64C_YGER,0.00022805017103762827,0.008671537,0.008443486870626495
main,fpos,source_reweighted_anchor_stack_cluster_trust_pseudo_xgboost_shallow,backend_sweep,xgboost_shallow,PAIRED_MEA64C_YGER::paired_mea64c::20170622_patch1::KiloSort2::23,PAIRED_MEA64C_YGER::paired_mea64c::20170622_patch1,PAIRED_MEA64C_YGER,0.0,0.009442125,0.00944212544709444
main,fpos,source_reweighted_anchor_stack_cluster_trust_pseudo_xgboost_shallow,backend_sweep,xgboost_shallow,PAIRED_MEA64C_YGER::paired_mea64c::20170622_patch1::Klusta::4,PAIRED_MEA64C_YGER::paired_mea64c::20170622_patch1,PAIRED_MEA64C_YGER,0.0050424628450106155,0.012566735,0.007524272191660546
main,fpos,source_reweighted_anchor_stack_cluster_trust_pseudo_xgboost_shallow,backend_sweep,xgboost_shallow,PAIRED_MEA64C_YGER::paired_mea64c::20170622_patch1::MountainSort4::43,PAIRED_MEA64C_YGER::paired_mea64c::20170622_patch1,PAIRED_MEA64C_YGER,0.0040494938132733405,0.010587878,0.0065383837806611955
main,fpos,source_reweighted_anchor_stack_cluster_trust_pseudo_xgboost_shallow,backend_sweep,xgboost_shallow,PAIRED_MEA64C_YGER::paired_mea64c::20170622_patch1::SpykingCircus::18,PAIRED_MEA64C_YGER::paired_mea64c::20170622_patch1,PAIRED_MEA64C_YGER,0.00022079929344226098,0.008282573,0.008061773668901432
main,fpos,source_reweighted_anchor_stack_cluster_trust_pseudo_xgboost_shallow,backend_sweep,xgboost_shallow,PAIRED_MEA64C_YGER::paired_mea64c::20170622_patch1::Tridesclous::12,PAIRED_MEA64C_YGER::paired_mea64c::20170622_patch1,PAIRED_MEA64C_YGER,0.013830024537140308,0.0129664065,0.0008636180055083612
main,fpos,source_reweighted_anchor_stack_cluster_trust_pseudo_xgboost_shallow,backend_sweep,xgboost_shallow,PAIRED_MEA64C_YGER::paired_mea64c::20170622_patch2::HerdingSpikes2::16,PAIRED_MEA64C_YGER::paired_mea64c::20170622_patch2,PAIRED_MEA64C_YGER,0.18683274021352314,0.095977835,0.09085490485633396
main,fpos,source_reweighted_anchor_stack_cluster_trust_pseudo_xgboost_shallow,backend_sweep,xgboost_shallow,PAIRED_MEA64C_YGER::paired_mea64c::20170622_patch2::HerdingSpikes2::44,PAIRED_MEA64C_YGER::paired_mea64c::20170622_patch2,PAIRED_MEA64C_YGER,0.4028520499108734,0.14160101,0.2612510387538376
main,fpos,source_reweighted_anchor_stack_cluster_trust_pseudo_xgboost_shallow,backend_sweep,xgboost_shallow,PAIRED_MEA64C_YGER::paired_mea64c::20170622_patch2::HerdingSpikes2::5,PAIRED_MEA64C_YGER::paired_mea64c::20170622_patch2,PAIRED_MEA64C_YGER,0.06115992970123023,0.0021028526,0.059057077135062516
main,fpos,source_reweighted_anchor_stack_cluster_trust_pseudo_xgboost_shallow,backend_sweep,xgboost_shallow,PAIRED_MEA64C_YGER::paired_mea64c::20170622_patch2::IronClust::11,PAIRED_MEA64C_YGER::paired_mea64c::20170622_patch2,PAIRED_MEA64C_YGER,0.061366806136680614,0.0019564694,0.05941033675731517
main,fpos,source_reweighted_anchor_stack_cluster_trust_pseudo_xgboost_shallow,backend_sweep,xgboost_shallow,PAIRED_MEA64C_YGER::paired_mea64c::20170622_patch2::JRClust::31,PAIRED_MEA64C_YGER::paired_mea64c::20170622_patch2,PAIRED_MEA64C_YGER,0.06118881118881119,0.001738697,0.0594501141312213
main,fpos,source_reweighted_anchor_stack_cluster_trust_pseudo_xgboost_shallow,backend_sweep,xgboost_shallow,PAIRED_MEA64C_YGER::paired_mea64c::20170622_patch2::KiloSort::5,PAIRED_MEA64C_YGER::paired_mea64c::20170622_patch2,PAIRED_MEA64C_YGER,0.06143106457242583,0.0030970047,0.058334059849622
main,fpos,source_reweighted_anchor_stack_cluster_trust_pseudo_xgboost_shallow,backend_sweep,xgboost_shallow,PAIRED_MEA64C_YGER::paired_mea64c::20170622_patch2::KiloSort2::33,PAIRED_MEA64C_YGER::paired_mea64c::20170622_patch2,PAIRED_MEA64C_YGER,0.061409630146545706,0.0025056887,0.058903941451308665
main,fpos,source_reweighted_anchor_stack_cluster_trust_pseudo_xgboost_shallow,backend_sweep,xgboost_shallow,PAIRED_MEA64C_YGER::paired_mea64c::20170622_patch2::Klusta::14,PAIRED_MEA64C_YGER::paired_mea64c::20170622_patch2,PAIRED_MEA64C_YGER,0.05860349127182045,0.0027022604,0.0559012308818964
main,fpos,source_reweighted_anchor_stack_cluster_trust_pseudo_xgboost_shallow,backend_sweep,xgboost_shallow,PAIRED_MEA64C_YGER::paired_mea64c::20170622_patch2::MountainSort4::31,PAIRED_MEA64C_YGER::paired_mea64c::20170622_patch2,PAIRED_MEA64C_YGER,0.07713404182379156,0.008985374,0.06814866770093352
main,fpos,source_reweighted_anchor_stack_cluster_trust_pseudo_xgboost_shallow,backend_sweep,xgboost_shallow,PAIRED_MEA64C_YGER::paired_mea64c::20170622_patch2::SpykingCircus::17,PAIRED_MEA64C_YGER::paired_mea64c::20170622_patch2,PAIRED_MEA64C_YGER,0.061366806136680614,0.0020149567,0.059351849466798674
main,fpos,source_reweighted_anchor_stack_cluster_trust_pseudo_xgboost_shallow,backend_sweep,xgboost_shallow,PAIRED_MEA64C_YGER::paired_mea64c::20170622_patch2::Tridesclous::0,PAIRED_MEA64C_YGER::paired_mea64c::20170622_patch2,PAIRED_MEA64C_YGER,0.061366806136680614,0.0021165905,0.05925021563121475
main,fpos,source_reweighted_anchor_stack_cluster_trust_pseudo_catboost_default,backend_sweep,catboost_default,PAIRED_BOYDEN::paired_boyden32c::1103_1_1::IronClust::4,PAIRED_BOYDEN::paired_boyden32c::1103_1_1,PAIRED_BOYDEN,0.11363636363636363,0.14851911,0.03488275002349507
main,fpos,source_reweighted_anchor_stack_cluster_trust_pseudo_catboost_default,backend_sweep,catboost_default,PAIRED_BOYDEN::paired_boyden32c::1103_1_1::JRClust::18,PAIRED_BOYDEN::paired_boyden32c::1103_1_1,PAIRED_BOYDEN,0.26138147566718994,0.3186604,0.057278932591248166
main,fpos,source_reweighted_anchor_stack_cluster_trust_pseudo_catboost_default,backend_sweep,catboost_default,PAIRED_BOYDEN::paired_boyden32c::1103_1_1::KiloSort::111,PAIRED_BOYDEN::paired_boyden32c::1103_1_1,PAIRED_BOYDEN,0.11241007194244604,0.1917265,0.07931643381393214
main,fpos,source_reweighted_anchor_stack_cluster_trust_pseudo_catboost_default,backend_sweep,catboost_default,PAIRED_BOYDEN::paired_boyden32c::1103_1_1::KiloSort2::33,PAIRED_BOYDEN::paired_boyden32c::1103_1_1,PAIRED_BOYDEN,0.17066290550070523,0.1638189,0.006844009683902252
main,fpos,source_reweighted_anchor_stack_cluster_trust_pseudo_catboost_default,backend_sweep,catboost_default,PAIRED_BOYDEN::paired_boyden32c::1103_1_1::KiloSort2::55,PAIRED_BOYDEN::paired_boyden32c::1103_1_1,PAIRED_BOYDEN,0.3333333333333333,0.18710627,0.14622706671555835
main,fpos,source_reweighted_anchor_stack_cluster_trust_pseudo_catboost_default,backend_sweep,catboost_default,PAIRED_BOYDEN::paired_boyden32c::1103_1_1::KiloSort2::60,PAIRED_BOYDEN::paired_boyden32c::1103_1_1,PAIRED_BOYDEN,0.15878378378378377,0.16710709,0.008323306570181987
main,fpos,source_reweighted_anchor_stack_cluster_trust_pseudo_catboost_default,backend_sweep,catboost_default,PAIRED_BOYDEN::paired_boyden32c::1103_1_1::Klusta::12,PAIRED_BOYDEN::paired_boyden32c::1103_1_1,PAIRED_BOYDEN,0.156686626746507,0.19097537,0.03428874127641171
main,fpos,source_reweighted_anchor_stack_cluster_trust_pseudo_catboost_default,backend_sweep,catboost_default,PAIRED_BOYDEN::paired_boyden32c::1103_1_1::MountainSort4::26,PAIRED_BOYDEN::paired_boyden32c::1103_1_1,PAIRED_BOYDEN,0.30532212885154064,0.30377734,0.0015447917772608566
main,fpos,source_reweighted_anchor_stack_cluster_trust_pseudo_catboost_default,backend_sweep,catboost_default,PAIRED_BOYDEN::paired_boyden32c::1103_1_1::SpykingCircus::27,PAIRED_BOYDEN::paired_boyden32c::1103_1_1,PAIRED_BOYDEN,0.12258064516129032,0.19081277,0.06823212139068112
main,fpos,source_reweighted_anchor_stack_cluster_trust_pseudo_catboost_default,backend_sweep,catboost_default,PAIRED_BOYDEN::paired_boyden32c::1103_1_1::Tridesclous::3,PAIRED_BOYDEN::paired_boyden32c::1103_1_1,PAIRED_BOYDEN,0.2613268608414239,0.33444524,0.0731183772719794
main,fpos,source_reweighted_anchor_stack_cluster_trust_pseudo_catboost_default,backend_sweep,catboost_default,PAIRED_BOYDEN::paired_boyden32c::419_1_8::IronClust::14,PAIRED_BOYDEN::paired_boyden32c::419_1_8,PAIRED_BOYDEN,0.0663265306122449,0.018242992,0.04808353815151721
main,fpos,source_reweighted_anchor_stack_cluster_trust_pseudo_catboost_default,backend_sweep,catboost_default,PAIRED_BOYDEN::paired_boyden32c::419_1_8::IronClust::4,PAIRED_BOYDEN::paired_boyden32c::419_1_8,PAIRED_BOYDEN,0.05829903978052126,0.068625264,0.010326224089241158
main,fpos,source_reweighted_anchor_stack_cluster_trust_pseudo_catboost_default,backend_sweep,catboost_default,PAIRED_BOYDEN::paired_boyden32c::419_1_8::JRClust::24,PAIRED_BOYDEN::paired_boyden32c::419_1_8,PAIRED_BOYDEN,0.08062093139709564,0.016943831,0.06367710040034386
main,fpos,source_reweighted_anchor_stack_cluster_trust_pseudo_catboost_default,backend_sweep,catboost_default,PAIRED_BOYDEN::paired_boyden32c::419_1_8::JRClust::8,PAIRED_BOYDEN::paired_boyden32c::419_1_8,PAIRED_BOYDEN,0.03907637655417407,0.038442083,0.0006342938510605148
main,fpos,source_reweighted_anchor_stack_cluster_trust_pseudo_catboost_default,backend_sweep,catboost_default,PAIRED_BOYDEN::paired_boyden32c::419_1_8::KiloSort::17,PAIRED_BOYDEN::paired_boyden32c::419_1_8,PAIRED_BOYDEN,0.06424161521775405,0.013952791,0.05028882445825021
main,fpos,source_reweighted_anchor_stack_cluster_trust_pseudo_catboost_default,backend_sweep,catboost_default,PAIRED_BOYDEN::paired_boyden32c::419_1_8::KiloSort2::27,PAIRED_BOYDEN::paired_boyden32c::419_1_8,PAIRED_BOYDEN,0.1342059838895282,0.044461068,0.08974491612357705
main,fpos,source_reweighted_anchor_stack_cluster_trust_pseudo_catboost_default,backend_sweep,catboost_default,PAIRED_BOYDEN::paired_boyden32c::419_1_8::KiloSort2::46,PAIRED_BOYDEN::paired_boyden32c::419_1_8,PAIRED_BOYDEN,0.02341480088873697,0.015562083,0.007852718247910267
main,fpos,source_reweighted_anchor_stack_cluster_trust_pseudo_catboost_default,backend_sweep,catboost_default,PAIRED_BOYDEN::paired_boyden32c::419_1_8::MountainSort4::42,PAIRED_BOYDEN::paired_boyden32c::419_1_8,PAIRED_BOYDEN,0.16482219271063892,0.07660832,0.08821387014985171
main,fpos,source_reweighted_anchor_stack_cluster_trust_pseudo_catboost_default,backend_sweep,catboost_default,PAIRED_BOYDEN::paired_boyden32c::419_1_8::SpykingCircus::24,PAIRED_BOYDEN::paired_boyden32c::419_1_8,PAIRED_BOYDEN,0.24721080446271285,0.21662766,0.03058314704923018
main,fpos,source_reweighted_anchor_stack_cluster_trust_pseudo_catboost_default,backend_sweep,catboost_default,PAIRED_BOYDEN::paired_boyden32c::419_1_8::SpykingCircus::28,PAIRED_BOYDEN::paired_boyden32c::419_1_8,PAIRED_BOYDEN,0.029543112332531776,0.0134377275,0.016105384866306152
main,fpos,source_reweighted_anchor_stack_cluster_trust_pseudo_catboost_default,backend_sweep,catboost_default,PAIRED_BOYDEN::paired_boyden32c::419_1_8::Tridesclous::0,PAIRED_BOYDEN::paired_boyden32c::419_1_8,PAIRED_BOYDEN,0.15585806056898133,0.14541006,0.010447999686412968
main,fpos,source_reweighted_anchor_stack_cluster_trust_pseudo_catboost_default,backend_sweep,catboost_default,PAIRED_CRCNS_HC1::paired_crcns::d11221_d11221.001::SpykingCircus::6,PAIRED_CRCNS_HC1::paired_crcns::d11221_d11221.001,PAIRED_CRCNS_HC1,0.8835978835978836,0.46851388,0.4150840073981613
main,fpos,source_reweighted_anchor_stack_cluster_trust_pseudo_catboost_default,backend_sweep,catboost_default,PAIRED_CRCNS_HC1::paired_crcns::d11222_d11222.002::IronClust::2,PAIRED_CRCNS_HC1::paired_crcns::d11222_d11222.002,PAIRED_CRCNS_HC1,0.04466019417475728,0.2231327,0.1784725055532548
main,fpos,source_reweighted_anchor_stack_cluster_trust_pseudo_catboost_default,backend_sweep,catboost_default,PAIRED_CRCNS_HC1::paired_crcns::d11222_d11222.002::JRClust::3,PAIRED_CRCNS_HC1::paired_crcns::d11222_d11222.002,PAIRED_CRCNS_HC1,0.039337474120082816,0.11295927,0.07362179903942112
main,fpos,source_reweighted_anchor_stack_cluster_trust_pseudo_catboost_default,backend_sweep,catboost_default,PAIRED_CRCNS_HC1::paired_crcns::d11222_d11222.002::KiloSort::1,PAIRED_CRCNS_HC1::paired_crcns::d11222_d11222.002,PAIRED_CRCNS_HC1,0.03337783711615487,0.15115778,0.11777994436558799
main,fpos,source_reweighted_anchor_stack_cluster_trust_pseudo_catboost_default,backend_sweep,catboost_default,PAIRED_CRCNS_HC1::paired_crcns::d11222_d11222.002::KiloSort2::10,PAIRED_CRCNS_HC1::paired_crcns::d11222_d11222.002,PAIRED_CRCNS_HC1,0.550417469492614,0.13400641,0.4164110586554406
main,fpos,source_reweighted_anchor_stack_cluster_trust_pseudo_catboost_default,backend_sweep,catboost_default,PAIRED_CRCNS_HC1::paired_crcns::d11222_d11222.002::Klusta::2,PAIRED_CRCNS_HC1::paired_crcns::d11222_d11222.002,PAIRED_CRCNS_HC1,0.008777852802160702,0.1204998,0.11172194436323313
main,fpos,source_reweighted_anchor_stack_cluster_trust_pseudo_catboost_default,backend_sweep,catboost_default,PAIRED_CRCNS_HC1::paired_crcns::d11222_d11222.002::MountainSort4::4,PAIRED_CRCNS_HC1::paired_crcns::d11222_d11222.002,PAIRED_CRCNS_HC1,0.360427807486631,0.24127804,0.1191497700577751
main,fpos,source_reweighted_anchor_stack_cluster_trust_pseudo_catboost_default,backend_sweep,catboost_default,PAIRED_CRCNS_HC1::paired_crcns::d11222_d11222.002::SpykingCircus::4,PAIRED_CRCNS_HC1::paired_crcns::d11222_d11222.002,PAIRED_CRCNS_HC1,0.11986754966887417,0.097074114,0.022793435882653618
main,fpos,source_reweighted_anchor_stack_cluster_trust_pseudo_catboost_default,backend_sweep,catboost_default,PAIRED_CRCNS_HC1::paired_crcns::d11222_d11222.002::Tridesclous::0,PAIRED_CRCNS_HC1::paired_crcns::d11222_d11222.002,PAIRED_CRCNS_HC1,0.021164021164021163,0.10153445,0.08037042740003142
main,fpos,source_reweighted_anchor_stack_cluster_trust_pseudo_catboost_default,backend_sweep,catboost_default,PAIRED_ENGLISH::paired_english::m139_200114_191955::KiloSort2::25,PAIRED_ENGLISH::paired_english::m139_200114_191955,PAIRED_ENGLISH,0.7302739726027397,0.2767366,0.45353738531674426
main,fpos,source_reweighted_anchor_stack_cluster_trust_pseudo_catboost_default,backend_sweep,catboost_default,PAIRED_ENGLISH::paired_english::m139_200114_191955::MountainSort4::36,PAIRED_ENGLISH::paired_english::m139_200114_191955,PAIRED_ENGLISH,0.8735255086994986,0.38705274,0.48647276407249973
main,fpos,source_reweighted_anchor_stack_cluster_trust_pseudo_catboost_default,backend_sweep,catboost_default,PAIRED_ENGLISH::paired_english::m139_200114_191955::SpykingCircus::42,PAIRED_ENGLISH::paired_english::m139_200114_191955,PAIRED_ENGLISH,0.5584045584045584,0.25127384,0.3071307177387411
main,fpos,source_reweighted_anchor_stack_cluster_trust_pseudo_catboost_default,backend_sweep,catboost_default,PAIRED_ENGLISH::paired_english::m139_200114_222743::HerdingSpikes2::5,PAIRED_ENGLISH::paired_english::m139_200114_222743,PAIRED_ENGLISH,0.03257707969749855,0.17262317,0.14004609270488336
main,fpos,source_reweighted_anchor_stack_cluster_trust_pseudo_catboost_default,backend_sweep,catboost_default,PAIRED_ENGLISH::paired_english::m139_200114_222743::IronClust::17,PAIRED_ENGLISH::paired_english::m139_200114_222743,PAIRED_ENGLISH,0.02675196277987787,0.11340165,0.08664968860256841
main,fpos,source_reweighted_anchor_stack_cluster_trust_pseudo_catboost_default,backend_sweep,catboost_default,PAIRED_ENGLISH::paired_english::m139_200114_222743::KiloSort::88,PAIRED_ENGLISH::paired_english::m139_200114_222743,PAIRED_ENGLISH,0.015151515151515152,0.12797086,0.11281934425686345
main,fpos,source_reweighted_anchor_stack_cluster_trust_pseudo_catboost_default,backend_sweep,catboost_default,PAIRED_ENGLISH::paired_english::m139_200114_222743::KiloSort2::26,PAIRED_ENGLISH::paired_english::m139_200114_222743,PAIRED_ENGLISH,0.028645087367516472,0.11458822,0.0859431360302153
main,fpos,source_reweighted_anchor_stack_cluster_trust_pseudo_catboost_default,backend_sweep,catboost_default,PAIRED_ENGLISH::paired_english::m139_200114_222743::MountainSort4::46,PAIRED_ENGLISH::paired_english::m139_200114_222743,PAIRED_ENGLISH,0.039886039886039885,0.2513453,0.21145926674886306
main,fpos,source_reweighted_anchor_stack_cluster_trust_pseudo_catboost_default,backend_sweep,catboost_default,PAIRED_ENGLISH::paired_english::m139_200114_222743::SpykingCircus::44,PAIRED_ENGLISH::paired_english::m139_200114_222743,PAIRED_ENGLISH,0.028064146620847653,0.121742465,0.09367831798114591
main,fpos,source_reweighted_anchor_stack_cluster_trust_pseudo_catboost_default,backend_sweep,catboost_default,PAIRED_ENGLISH::paired_english::m139_200114_222743::Tridesclous::1,PAIRED_ENGLISH::paired_english::m139_200114_222743,PAIRED_ENGLISH,0.3089646722483153,0.27183214,0.03713253394837329
main,fpos,source_reweighted_anchor_stack_cluster_trust_pseudo_catboost_default,backend_sweep,catboost_default,PAIRED_ENGLISH::paired_english::m14_190326_155432::IronClust::22,PAIRED_ENGLISH::paired_english::m14_190326_155432,PAIRED_ENGLISH,0.0481651376146789,0.0806048,0.03243966147713705
main,fpos,source_reweighted_anchor_stack_cluster_trust_pseudo_catboost_default,backend_sweep,catboost_default,PAIRED_ENGLISH::paired_english::m14_190326_155432::MountainSort4::33,PAIRED_ENGLISH::paired_english::m14_190326_155432,PAIRED_ENGLISH,0.1981651376146789,0.3968371,0.19867194787077946
main,fpos,source_reweighted_anchor_stack_cluster_trust_pseudo_catboost_default,backend_sweep,catboost_default,PAIRED_ENGLISH::paired_english::m14_190326_155432::SpykingCircus::38,PAIRED_ENGLISH::paired_english::m14_190326_155432,PAIRED_ENGLISH,0.013363028953229399,0.0794685,0.0661054746411691
main,fpos,source_reweighted_anchor_stack_cluster_trust_pseudo_catboost_default,backend_sweep,catboost_default,PAIRED_ENGLISH::paired_english::m15_190315_142052_cell1::IronClust::40,PAIRED_ENGLISH::paired_english::m15_190315_142052_cell1,PAIRED_ENGLISH,0.2679960401640503,0.3313902,0.06339416188139035
main,fpos,source_reweighted_anchor_stack_cluster_trust_pseudo_catboost_default,backend_sweep,catboost_default,PAIRED_ENGLISH::paired_english::m15_190315_142052_cell1::KiloSort2::48,PAIRED_ENGLISH::paired_english::m15_190315_142052_cell1,PAIRED_ENGLISH,0.8627861694595232,0.45723495,0.40555122058600335
main,fpos,source_reweighted_anchor_stack_cluster_trust_pseudo_catboost_default,backend_sweep,catboost_default,PAIRED_ENGLISH::paired_english::m15_190315_142052_cell1::MountainSort4::62,PAIRED_ENGLISH::paired_english::m15_190315_142052_cell1,PAIRED_ENGLISH,0.8769885383524361,0.43225783,0.4447307072557869
main,fpos,source_reweighted_anchor_stack_cluster_trust_pseudo_catboost_default,backend_sweep,catboost_default,PAIRED_ENGLISH::paired_english::m15_190315_142052_cell1::MountainSort4::64,PAIRED_ENGLISH::paired_english::m15_190315_142052_cell1,PAIRED_ENGLISH,0.14704761904761904,0.14720234,0.00015472370102292965
main,fpos,source_reweighted_anchor_stack_cluster_trust_pseudo_catboost_default,backend_sweep,catboost_default,PAIRED_ENGLISH::paired_english::m15_190315_142052_cell1::SpykingCircus::22,PAIRED_ENGLISH::paired_english::m15_190315_142052_cell1,PAIRED_ENGLISH,0.23500526131182042,0.47428292,0.23927765904874476
main,fpos,source_reweighted_anchor_stack_cluster_trust_pseudo_catboost_default,backend_sweep,catboost_default,PAIRED_ENGLISH::paired_english::m15_190315_142052_cell1::SpykingCircus::57,PAIRED_ENGLISH::paired_english::m15_190315_142052_cell1,PAIRED_ENGLISH,0.6499202551834131,0.41956457,0.2303556802265192
main,fpos,source_reweighted_anchor_stack_cluster_trust_pseudo_catboost_default,backend_sweep,catboost_default,PAIRED_ENGLISH::paired_english::m15_190315_152315_cell1::IronClust::35,PAIRED_ENGLISH::paired_english::m15_190315_152315_cell1,PAIRED_ENGLISH,0.002592440987856461,0.07541498,0.07282253697988264
main,fpos,source_reweighted_anchor_stack_cluster_trust_pseudo_catboost_default,backend_sweep,catboost_default,PAIRED_ENGLISH::paired_english::m15_190315_152315_cell1::KiloSort::1,PAIRED_ENGLISH::paired_english::m15_190315_152315_cell1,PAIRED_ENGLISH,6.528267397832615e-05,0.08660773,0.08654244920477915
main,fpos,source_reweighted_anchor_stack_cluster_trust_pseudo_catboost_default,backend_sweep,catboost_default,PAIRED_ENGLISH::paired_english::m15_190315_152315_cell1::KiloSort2::37,PAIRED_ENGLISH::paired_english::m15_190315_152315_cell1,PAIRED_ENGLISH,0.00039059957034047265,0.07970569,0.0793150932573611
main,fpos,source_reweighted_anchor_stack_cluster_trust_pseudo_catboost_default,backend_sweep,catboost_default,PAIRED_ENGLISH::paired_english::m15_190315_152315_cell1::MountainSort4::72,PAIRED_ENGLISH::paired_english::m15_190315_152315_cell1,PAIRED_ENGLISH,0.052174468356855484,0.2847358,0.2325613304788989
main,fpos,source_reweighted_anchor_stack_cluster_trust_pseudo_catboost_default,backend_sweep,catboost_default,PAIRED_ENGLISH::paired_english::m15_190315_152315_cell1::SpykingCircus::46,PAIRED_ENGLISH::paired_english::m15_190315_152315_cell1,PAIRED_ENGLISH,0.010891280531030483,0.0784917,0.06760042214478891
main,fpos,source_reweighted_anchor_stack_cluster_trust_pseudo_catboost_default,backend_sweep,catboost_default,PAIRED_ENGLISH::paired_english::m15_190315_152315_cell1::Tridesclous::0,PAIRED_ENGLISH::paired_english::m15_190315_152315_cell1,PAIRED_ENGLISH,0.8482136225209834,0.41593415,0.4322794770703914
main,fpos,source_reweighted_anchor_stack_cluster_trust_pseudo_catboost_default,backend_sweep,catboost_default,PAIRED_ENGLISH::paired_english::m26_190524_100859_cell1::KiloSort::19,PAIRED_ENGLISH::paired_english::m26_190524_100859_cell1,PAIRED_ENGLISH,0.2440677966101695,0.15724672,0.08682107283907423
main,fpos,source_reweighted_anchor_stack_cluster_trust_pseudo_catboost_default,backend_sweep,catboost_default,PAIRED_ENGLISH::paired_english::m26_190524_100859_cell1::KiloSort::8,PAIRED_ENGLISH::paired_english::m26_190524_100859_cell1,PAIRED_ENGLISH,0.6505139500734214,0.24801396,0.4024999917384986
main,fpos,source_reweighted_anchor_stack_cluster_trust_pseudo_catboost_default,backend_sweep,catboost_default,PAIRED_ENGLISH::paired_english::m26_190524_100859_cell1::KiloSort2::0,PAIRED_ENGLISH::paired_english::m26_190524_100859_cell1,PAIRED_ENGLISH,0.38315988647114474,0.30355895,0.07960094081532199
main,fpos,source_reweighted_anchor_stack_cluster_trust_pseudo_catboost_default,backend_sweep,catboost_default,PAIRED_ENGLISH::paired_english::m57_191105_141906::IronClust::6,PAIRED_ENGLISH::paired_english::m57_191105_141906,PAIRED_ENGLISH,0.31826625386996904,0.30456766,0.013698589008289963
main,fpos,source_reweighted_anchor_stack_cluster_trust_pseudo_catboost_default,backend_sweep,catboost_default,PAIRED_ENGLISH::paired_english::m57_191105_141906::KiloSort::47,PAIRED_ENGLISH::paired_english::m57_191105_141906,PAIRED_ENGLISH,0.35376344086021505,0.26488754,0.08887589932769857
main,fpos,source_reweighted_anchor_stack_cluster_trust_pseudo_catboost_default,backend_sweep,catboost_default,PAIRED_ENGLISH::paired_english::m57_191105_141906::MountainSort4::21,PAIRED_ENGLISH::paired_english::m57_191105_141906,PAIRED_ENGLISH,0.3323335332933413,0.40671542,0.07438188957538733
main,fpos,source_reweighted_anchor_stack_cluster_trust_pseudo_catboost_default,backend_sweep,catboost_default,PAIRED_ENGLISH::paired_english::m57_191105_141906::MountainSort4::57,PAIRED_ENGLISH::paired_english::m57_191105_141906,PAIRED_ENGLISH,0.23853211009174313,0.2564513,0.017919198635521272
main,fpos,source_reweighted_anchor_stack_cluster_trust_pseudo_catboost_default,backend_sweep,catboost_default,PAIRED_ENGLISH::paired_english::m57_191105_141906::SpykingCircus::12,PAIRED_ENGLISH::paired_english::m57_191105_141906,PAIRED_ENGLISH,0.3535228677379481,0.36577487,0.012252002180875132
main,fpos,source_reweighted_anchor_stack_cluster_trust_pseudo_catboost_default,backend_sweep,catboost_default,PAIRED_ENGLISH::paired_english::m57_191105_141906::SpykingCircus::30,PAIRED_ENGLISH::paired_english::m57_191105_141906,PAIRED_ENGLISH,0.2040332147093713,0.13590354,0.06812967743596432
main,fpos,source_reweighted_anchor_stack_cluster_trust_pseudo_catboost_default,backend_sweep,catboost_default,PAIRED_ENGLISH::paired_english::m57_191105_160026::HerdingSpikes2::1,PAIRED_ENGLISH::paired_english::m57_191105_160026,PAIRED_ENGLISH,0.13630229419703105,0.26167426,0.12537196093564412
main,fpos,source_reweighted_anchor_stack_cluster_trust_pseudo_catboost_default,backend_sweep,catboost_default,PAIRED_ENGLISH::paired_english::m57_191105_160026::IronClust::2,PAIRED_ENGLISH::paired_english::m57_191105_160026,PAIRED_ENGLISH,0.5044008124576845,0.22996223,0.2744385827289858
main,fpos,source_reweighted_anchor_stack_cluster_trust_pseudo_catboost_default,backend_sweep,catboost_default,PAIRED_ENGLISH::paired_english::m57_191105_160026::IronClust::3,PAIRED_ENGLISH::paired_english::m57_191105_160026,PAIRED_ENGLISH,0.05838815789473684,0.31762964,0.25924147743927806
main,fpos,source_reweighted_anchor_stack_cluster_trust_pseudo_catboost_default,backend_sweep,catboost_default,PAIRED_ENGLISH::paired_english::m57_191105_160026::KiloSort::127,PAIRED_ENGLISH::paired_english::m57_191105_160026,PAIRED_ENGLISH,0.5003422313483915,0.29135126,0.20899097259366128
main,fpos,source_reweighted_anchor_stack_cluster_trust_pseudo_catboost_default,backend_sweep,catboost_default,PAIRED_ENGLISH::paired_english::m57_191105_160026::KiloSort::6,PAIRED_ENGLISH::paired_english::m57_191105_160026,PAIRED_ENGLISH,0.02531645569620253,0.2247744,0.19945794966401934
main,fpos,source_reweighted_anchor_stack_cluster_trust_pseudo_catboost_default,backend_sweep,catboost_default,PAIRED_ENGLISH::paired_english::m57_191105_160026::MountainSort4::23,PAIRED_ENGLISH::paired_english::m57_191105_160026,PAIRED_ENGLISH,0.6737967914438503,0.18476443,0.48903236151697804
main,fpos,source_reweighted_anchor_stack_cluster_trust_pseudo_catboost_default,backend_sweep,catboost_default,PAIRED_ENGLISH::paired_english::m57_191105_160026::MountainSort4::25,PAIRED_ENGLISH::paired_english::m57_191105_160026,PAIRED_ENGLISH,0.14568081991215226,0.35888955,0.21320873005847457
main,fpos,source_reweighted_anchor_stack_cluster_trust_pseudo_catboost_default,backend_sweep,catboost_default,PAIRED_ENGLISH::paired_english::m57_191105_160026::SpykingCircus::2,PAIRED_ENGLISH::paired_english::m57_191105_160026,PAIRED_ENGLISH,0.6860282574568289,0.4256845,0.2603437457952994
main,fpos,source_reweighted_anchor_stack_cluster_trust_pseudo_catboost_default,backend_sweep,catboost_default,PAIRED_ENGLISH::paired_english::m57_191105_160026::SpykingCircus::4,PAIRED_ENGLISH::paired_english::m57_191105_160026,PAIRED_ENGLISH,0.056790123456790124,0.33283094,0.2760408122598389
main,fpos,source_reweighted_anchor_stack_cluster_trust_pseudo_catboost_default,backend_sweep,catboost_default,PAIRED_ENGLISH::paired_english::m57_191105_160026::Tridesclous::0,PAIRED_ENGLISH::paired_english::m57_191105_160026,PAIRED_ENGLISH,0.8589226823012093,0.5287229,0.3301998000303963
main,fpos,source_reweighted_anchor_stack_cluster_trust_pseudo_catboost_default,backend_sweep,catboost_default,PAIRED_KAMPFF::paired_kampff::c14::HerdingSpikes2::6,PAIRED_KAMPFF::paired_kampff::c14,PAIRED_KAMPFF,0.25090444775484144,0.17014454,0.08075990470312178
main,fpos,source_reweighted_anchor_stack_cluster_trust_pseudo_catboost_default,backend_sweep,catboost_default,PAIRED_KAMPFF::paired_kampff::c14::IronClust::22,PAIRED_KAMPFF::paired_kampff::c14,PAIRED_KAMPFF,0.2240655987795576,0.1669736,0.05709199302756632
main,fpos,source_reweighted_anchor_stack_cluster_trust_pseudo_catboost_default,backend_sweep,catboost_default,PAIRED_KAMPFF::paired_kampff::c14::KiloSort2::37,PAIRED_KAMPFF::paired_kampff::c14,PAIRED_KAMPFF,0.23899885489939474,0.1946041,0.044394756102550254
main,fpos,source_reweighted_anchor_stack_cluster_trust_pseudo_catboost_default,backend_sweep,catboost_default,PAIRED_KAMPFF::paired_kampff::c14::MountainSort4::42,PAIRED_KAMPFF::paired_kampff::c14,PAIRED_KAMPFF,0.031842105263157894,0.072367184,0.040525078600958775
main,fpos,source_reweighted_anchor_stack_cluster_trust_pseudo_catboost_default,backend_sweep,catboost_default,PAIRED_KAMPFF::paired_kampff::c14::SpykingCircus::14,PAIRED_KAMPFF::paired_kampff::c14,PAIRED_KAMPFF,0.0993841579953281,0.101313725,0.001929567118540615
main,fpos,source_reweighted_anchor_stack_cluster_trust_pseudo_catboost_default,backend_sweep,catboost_default,PAIRED_KAMPFF::paired_kampff::c14::Tridesclous::8,PAIRED_KAMPFF::paired_kampff::c14,PAIRED_KAMPFF,0.7298130782302221,0.41550693,0.3143061490710577
main,fpos,source_reweighted_anchor_stack_cluster_trust_pseudo_catboost_default,backend_sweep,catboost_default,PAIRED_MEA64C_YGER::paired_mea64c::20170622_patch1::HerdingSpikes2::19,PAIRED_MEA64C_YGER::paired_mea64c::20170622_patch1,PAIRED_MEA64C_YGER,0.3048016701461378,0.2854894,0.019312259984165747
main,fpos,source_reweighted_anchor_stack_cluster_trust_pseudo_catboost_default,backend_sweep,catboost_default,PAIRED_MEA64C_YGER::paired_mea64c::20170622_patch1::HerdingSpikes2::7,PAIRED_MEA64C_YGER::paired_mea64c::20170622_patch1,PAIRED_MEA64C_YGER,0.006430868167202572,0.046065427,0.03963455919571628
main,fpos,source_reweighted_anchor_stack_cluster_trust_pseudo_catboost_default,backend_sweep,catboost_default,PAIRED_MEA64C_YGER::paired_mea64c::20170622_patch1::IronClust::8,PAIRED_MEA64C_YGER::paired_mea64c::20170622_patch1,PAIRED_MEA64C_YGER,0.32512992968511156,0.21348631,0.11164361586522631
main,fpos,source_reweighted_anchor_stack_cluster_trust_pseudo_catboost_default,backend_sweep,catboost_default,PAIRED_MEA64C_YGER::paired_mea64c::20170622_patch1::KiloSort::64,PAIRED_MEA64C_YGER::paired_mea64c::20170622_patch1,PAIRED_MEA64C_YGER,0.00022805017103762827,0.034643978,0.034415927709440276
main,fpos,source_reweighted_anchor_stack_cluster_trust_pseudo_catboost_default,backend_sweep,catboost_default,PAIRED_MEA64C_YGER::paired_mea64c::20170622_patch1::KiloSort2::23,PAIRED_MEA64C_YGER::paired_mea64c::20170622_patch1,PAIRED_MEA64C_YGER,0.0,0.036204778,0.03620477765798569
main,fpos,source_reweighted_anchor_stack_cluster_trust_pseudo_catboost_default,backend_sweep,catboost_default,PAIRED_MEA64C_YGER::paired_mea64c::20170622_patch1::Klusta::4,PAIRED_MEA64C_YGER::paired_mea64c::20170622_patch1,PAIRED_MEA64C_YGER,0.0050424628450106155,0.03838842,0.0333459570513536
main,fpos,source_reweighted_anchor_stack_cluster_trust_pseudo_catboost_default,backend_sweep,catboost_default,PAIRED_MEA64C_YGER::paired_mea64c::20170622_patch1::MountainSort4::43,PAIRED_MEA64C_YGER::paired_mea64c::20170622_patch1,PAIRED_MEA64C_YGER,0.0040494938132733405,0.052650135,0.04860064119720754
main,fpos,source_reweighted_anchor_stack_cluster_trust_pseudo_catboost_default,backend_sweep,catboost_default,PAIRED_MEA64C_YGER::paired_mea64c::20170622_patch1::SpykingCircus::18,PAIRED_MEA64C_YGER::paired_mea64c::20170622_patch1,PAIRED_MEA64C_YGER,0.00022079929344226098,0.03429635,0.03407554939754437
main,fpos,source_reweighted_anchor_stack_cluster_trust_pseudo_catboost_default,backend_sweep,catboost_default,PAIRED_MEA64C_YGER::paired_mea64c::20170622_patch1::Tridesclous::12,PAIRED_MEA64C_YGER::paired_mea64c::20170622_patch1,PAIRED_MEA64C_YGER,0.013830024537140308,0.052276503,0.03844647875756604
main,fpos,source_reweighted_anchor_stack_cluster_trust_pseudo_catboost_default,backend_sweep,catboost_default,PAIRED_MEA64C_YGER::paired_mea64c::20170622_patch2::HerdingSpikes2::16,PAIRED_MEA64C_YGER::paired_mea64c::20170622_patch2,PAIRED_MEA64C_YGER,0.18683274021352314,0.082713515,0.10411922564710163
main,fpos,source_reweighted_anchor_stack_cluster_trust_pseudo_catboost_default,backend_sweep,catboost_default,PAIRED_MEA64C_YGER::paired_mea64c::20170622_patch2::HerdingSpikes2::44,PAIRED_MEA64C_YGER::paired_mea64c::20170622_patch2,PAIRED_MEA64C_YGER,0.4028520499108734,0.114343755,0.2885082949636879
main,fpos,source_reweighted_anchor_stack_cluster_trust_pseudo_catboost_default,backend_sweep,catboost_default,PAIRED_MEA64C_YGER::paired_mea64c::20170622_patch2::HerdingSpikes2::5,PAIRED_MEA64C_YGER::paired_mea64c::20170622_patch2,PAIRED_MEA64C_YGER,0.06115992970123023,0.004259964,0.056899965715697706
main,fpos,source_reweighted_anchor_stack_cluster_trust_pseudo_catboost_default,backend_sweep,catboost_default,PAIRED_MEA64C_YGER::paired_mea64c::20170622_patch2::IronClust::11,PAIRED_MEA64C_YGER::paired_mea64c::20170622_patch2,PAIRED_MEA64C_YGER,0.061366806136680614,0.0044933665,0.05687343967543341
main,fpos,source_reweighted_anchor_stack_cluster_trust_pseudo_catboost_default,backend_sweep,catboost_default,PAIRED_MEA64C_YGER::paired_mea64c::20170622_patch2::JRClust::31,PAIRED_MEA64C_YGER::paired_mea64c::20170622_patch2,PAIRED_MEA64C_YGER,0.06118881118881119,0.0038633123,0.057325498884791264
main,fpos,source_reweighted_anchor_stack_cluster_trust_pseudo_catboost_default,backend_sweep,catboost_default,PAIRED_MEA64C_YGER::paired_mea64c::20170622_patch2::KiloSort::5,PAIRED_MEA64C_YGER::paired_mea64c::20170622_patch2,PAIRED_MEA64C_YGER,0.06143106457242583,0.005687897,0.055743167478831755
main,fpos,source_reweighted_anchor_stack_cluster_trust_pseudo_catboost_default,backend_sweep,catboost_default,PAIRED_MEA64C_YGER::paired_mea64c::20170622_patch2::KiloSort2::33,PAIRED_MEA64C_YGER::paired_mea64c::20170622_patch2,PAIRED_MEA64C_YGER,0.061409630146545706,0.0038385252,0.05757110499284917
main,fpos,source_reweighted_anchor_stack_cluster_trust_pseudo_catboost_default,backend_sweep,catboost_default,PAIRED_MEA64C_YGER::paired_mea64c::20170622_patch2::Klusta::14,PAIRED_MEA64C_YGER::paired_mea64c::20170622_patch2,PAIRED_MEA64C_YGER,0.05860349127182045,0.0045894044,0.054014086826678895
main,fpos,source_reweighted_anchor_stack_cluster_trust_pseudo_catboost_default,backend_sweep,catboost_default,PAIRED_MEA64C_YGER::paired_mea64c::20170622_patch2::MountainSort4::31,PAIRED_MEA64C_YGER::paired_mea64c::20170622_patch2,PAIRED_MEA64C_YGER,0.07713404182379156,0.015477599,0.06165644317899853
main,fpos,source_reweighted_anchor_stack_cluster_trust_pseudo_catboost_default,backend_sweep,catboost_default,PAIRED_MEA64C_YGER::paired_mea64c::20170622_patch2::SpykingCircus::17,PAIRED_MEA64C_YGER::paired_mea64c::20170622_patch2,PAIRED_MEA64C_YGER,0.061366806136680614,0.0042555872,0.0571112189015875
main,fpos,source_reweighted_anchor_stack_cluster_trust_pseudo_catboost_default,backend_sweep,catboost_default,PAIRED_MEA64C_YGER::paired_mea64c::20170622_patch2::Tridesclous::0,PAIRED_MEA64C_YGER::paired_mea64c::20170622_patch2,PAIRED_MEA64C_YGER,0.061366806136680614,0.0032076843,0.05815912187495626
main,fpos,source_reweighted_anchor_stack_cluster_trust_pseudo_catboost_l2,backend_sweep,catboost_l2,PAIRED_BOYDEN::paired_boyden32c::1103_1_1::IronClust::4,PAIRED_BOYDEN::paired_boyden32c::1103_1_1,PAIRED_BOYDEN,0.11363636363636363,0.17466684,0.06103047322143208
main,fpos,source_reweighted_anchor_stack_cluster_trust_pseudo_catboost_l2,backend_sweep,catboost_l2,PAIRED_BOYDEN::paired_boyden32c::1103_1_1::JRClust::18,PAIRED_BOYDEN::paired_boyden32c::1103_1_1,PAIRED_BOYDEN,0.26138147566718994,0.304989,0.04360753442840637
main,fpos,source_reweighted_anchor_stack_cluster_trust_pseudo_catboost_l2,backend_sweep,catboost_l2,PAIRED_BOYDEN::paired_boyden32c::1103_1_1::KiloSort::111,PAIRED_BOYDEN::paired_boyden32c::1103_1_1,PAIRED_BOYDEN,0.11241007194244604,0.20873132,0.09632125153816004
main,fpos,source_reweighted_anchor_stack_cluster_trust_pseudo_catboost_l2,backend_sweep,catboost_l2,PAIRED_BOYDEN::paired_boyden32c::1103_1_1::KiloSort2::33,PAIRED_BOYDEN::paired_boyden32c::1103_1_1,PAIRED_BOYDEN,0.17066290550070523,0.19118935,0.020526443196957123
main,fpos,source_reweighted_anchor_stack_cluster_trust_pseudo_catboost_l2,backend_sweep,catboost_l2,PAIRED_BOYDEN::paired_boyden32c::1103_1_1::KiloSort2::55,PAIRED_BOYDEN::paired_boyden32c::1103_1_1,PAIRED_BOYDEN,0.3333333333333333,0.21873172,0.11460161705811817
main,fpos,source_reweighted_anchor_stack_cluster_trust_pseudo_catboost_l2,backend_sweep,catboost_l2,PAIRED_BOYDEN::paired_boyden32c::1103_1_1::KiloSort2::60,PAIRED_BOYDEN::paired_boyden32c::1103_1_1,PAIRED_BOYDEN,0.15878378378378377,0.18695612,0.028172338733801983
main,fpos,source_reweighted_anchor_stack_cluster_trust_pseudo_catboost_l2,backend_sweep,catboost_l2,PAIRED_BOYDEN::paired_boyden32c::1103_1_1::Klusta::12,PAIRED_BOYDEN::paired_boyden32c::1103_1_1,PAIRED_BOYDEN,0.156686626746507,0.23470725,0.07802062444463223
main,fpos,source_reweighted_anchor_stack_cluster_trust_pseudo_catboost_l2,backend_sweep,catboost_l2,PAIRED_BOYDEN::paired_boyden32c::1103_1_1::MountainSort4::26,PAIRED_BOYDEN::paired_boyden32c::1103_1_1,PAIRED_BOYDEN,0.30532212885154064,0.30584306,0.0005209263967198563
main,fpos,source_reweighted_anchor_stack_cluster_trust_pseudo_catboost_l2,backend_sweep,catboost_l2,PAIRED_BOYDEN::paired_boyden32c::1103_1_1::SpykingCircus::27,PAIRED_BOYDEN::paired_boyden32c::1103_1_1,PAIRED_BOYDEN,0.12258064516129032,0.23473576,0.11215511195121274
main,fpos,source_reweighted_anchor_stack_cluster_trust_pseudo_catboost_l2,backend_sweep,catboost_l2,PAIRED_BOYDEN::paired_boyden32c::1103_1_1::Tridesclous::3,PAIRED_BOYDEN::paired_boyden32c::1103_1_1,PAIRED_BOYDEN,0.2613268608414239,0.30385563,0.042528766933768336
main,fpos,source_reweighted_anchor_stack_cluster_trust_pseudo_catboost_l2,backend_sweep,catboost_l2,PAIRED_BOYDEN::paired_boyden32c::419_1_8::IronClust::14,PAIRED_BOYDEN::paired_boyden32c::419_1_8,PAIRED_BOYDEN,0.0663265306122449,0.019694665,0.04663186516536742
main,fpos,source_reweighted_anchor_stack_cluster_trust_pseudo_catboost_l2,backend_sweep,catboost_l2,PAIRED_BOYDEN::paired_boyden32c::419_1_8::IronClust::4,PAIRED_BOYDEN::paired_boyden32c::419_1_8,PAIRED_BOYDEN,0.05829903978052126,0.052572872,0.005726167290830482
main,fpos,source_reweighted_anchor_stack_cluster_trust_pseudo_catboost_l2,backend_sweep,catboost_l2,PAIRED_BOYDEN::paired_boyden32c::419_1_8::JRClust::24,PAIRED_BOYDEN::paired_boyden32c::419_1_8,PAIRED_BOYDEN,0.08062093139709564,0.016065294,0.06455563747407528
main,fpos,source_reweighted_anchor_stack_cluster_trust_pseudo_catboost_l2,backend_sweep,catboost_l2,PAIRED_BOYDEN::paired_boyden32c::419_1_8::JRClust::8,PAIRED_BOYDEN::paired_boyden32c::419_1_8,PAIRED_BOYDEN,0.03907637655417407,0.031970616,0.0071057601241298965
main,fpos,source_reweighted_anchor_stack_cluster_trust_pseudo_catboost_l2,backend_sweep,catboost_l2,PAIRED_BOYDEN::paired_boyden32c::419_1_8::KiloSort::17,PAIRED_BOYDEN::paired_boyden32c::419_1_8,PAIRED_BOYDEN,0.06424161521775405,0.014029577,0.05021203784329574
main,fpos,source_reweighted_anchor_stack_cluster_trust_pseudo_catboost_l2,backend_sweep,catboost_l2,PAIRED_BOYDEN::paired_boyden32c::419_1_8::KiloSort2::27,PAIRED_BOYDEN::paired_boyden32c::419_1_8,PAIRED_BOYDEN,0.1342059838895282,0.039695058,0.09451092587155907
main,fpos,source_reweighted_anchor_stack_cluster_trust_pseudo_catboost_l2,backend_sweep,catboost_l2,PAIRED_BOYDEN::paired_boyden32c::419_1_8::KiloSort2::46,PAIRED_BOYDEN::paired_boyden32c::419_1_8,PAIRED_BOYDEN,0.02341480088873697,0.015390056,0.008024744703312641
main,fpos,source_reweighted_anchor_stack_cluster_trust_pseudo_catboost_l2,backend_sweep,catboost_l2,PAIRED_BOYDEN::paired_boyden32c::419_1_8::MountainSort4::42,PAIRED_BOYDEN::paired_boyden32c::419_1_8,PAIRED_BOYDEN,0.16482219271063892,0.05963265,0.10518954120278445
main,fpos,source_reweighted_anchor_stack_cluster_trust_pseudo_catboost_l2,backend_sweep,catboost_l2,PAIRED_BOYDEN::paired_boyden32c::419_1_8::SpykingCircus::24,PAIRED_BOYDEN::paired_boyden32c::419_1_8,PAIRED_BOYDEN,0.24721080446271285,0.20364189,0.04356891298322066
main,fpos,source_reweighted_anchor_stack_cluster_trust_pseudo_catboost_l2,backend_sweep,catboost_l2,PAIRED_BOYDEN::paired_boyden32c::419_1_8::SpykingCircus::28,PAIRED_BOYDEN::paired_boyden32c::419_1_8,PAIRED_BOYDEN,0.029543112332531776,0.0123461615,0.01719695080310997
main,fpos,source_reweighted_anchor_stack_cluster_trust_pseudo_catboost_l2,backend_sweep,catboost_l2,PAIRED_BOYDEN::paired_boyden32c::419_1_8::Tridesclous::0,PAIRED_BOYDEN::paired_boyden32c::419_1_8,PAIRED_BOYDEN,0.15585806056898133,0.12847577,0.027382290214710392
main,fpos,source_reweighted_anchor_stack_cluster_trust_pseudo_catboost_l2,backend_sweep,catboost_l2,PAIRED_CRCNS_HC1::paired_crcns::d11221_d11221.001::SpykingCircus::6,PAIRED_CRCNS_HC1::paired_crcns::d11221_d11221.001,PAIRED_CRCNS_HC1,0.8835978835978836,0.35470253,0.5288953513064713
main,fpos,source_reweighted_anchor_stack_cluster_trust_pseudo_catboost_l2,backend_sweep,catboost_l2,PAIRED_CRCNS_HC1::paired_crcns::d11222_d11222.002::IronClust::2,PAIRED_CRCNS_HC1::paired_crcns::d11222_d11222.002,PAIRED_CRCNS_HC1,0.04466019417475728,0.27481642,0.230156229479799
main,fpos,source_reweighted_anchor_stack_cluster_trust_pseudo_catboost_l2,backend_sweep,catboost_l2,PAIRED_CRCNS_HC1::paired_crcns::d11222_d11222.002::JRClust::3,PAIRED_CRCNS_HC1::paired_crcns::d11222_d11222.002,PAIRED_CRCNS_HC1,0.039337474120082816,0.127168,0.08783052562433247
main,fpos,source_reweighted_anchor_stack_cluster_trust_pseudo_catboost_l2,backend_sweep,catboost_l2,PAIRED_CRCNS_HC1::paired_crcns::d11222_d11222.002::KiloSort::1,PAIRED_CRCNS_HC1::paired_crcns::d11222_d11222.002,PAIRED_CRCNS_HC1,0.03337783711615487,0.13322826,0.09985042018231467
main,fpos,source_reweighted_anchor_stack_cluster_trust_pseudo_catboost_l2,backend_sweep,catboost_l2,PAIRED_CRCNS_HC1::paired_crcns::d11222_d11222.002::KiloSort2::10,PAIRED_CRCNS_HC1::paired_crcns::d11222_d11222.002,PAIRED_CRCNS_HC1,0.550417469492614,0.1430045,0.4074129626662133
main,fpos,source_reweighted_anchor_stack_cluster_trust_pseudo_catboost_l2,backend_sweep,catboost_l2,PAIRED_CRCNS_HC1::paired_crcns::d11222_d11222.002::Klusta::2,PAIRED_CRCNS_HC1::paired_crcns::d11222_d11222.002,PAIRED_CRCNS_HC1,0.008777852802160702,0.118892044,0.11011419102680353
main,fpos,source_reweighted_anchor_stack_cluster_trust_pseudo_catboost_l2,backend_sweep,catboost_l2,PAIRED_CRCNS_HC1::paired_crcns::d11222_d11222.002::MountainSort4::4,PAIRED_CRCNS_HC1::paired_crcns::d11222_d11222.002,PAIRED_CRCNS_HC1,0.360427807486631,0.27239802,0.08802978268919143
main,fpos,source_reweighted_anchor_stack_cluster_trust_pseudo_catboost_l2,backend_sweep,catboost_l2,PAIRED_CRCNS_HC1::paired_crcns::d11222_d11222.002::SpykingCircus::4,PAIRED_CRCNS_HC1::paired_crcns::d11222_d11222.002,PAIRED_CRCNS_HC1,0.11986754966887417,0.13606139,0.016193835605059242
main,fpos,source_reweighted_anchor_stack_cluster_trust_pseudo_catboost_l2,backend_sweep,catboost_l2,PAIRED_CRCNS_HC1::paired_crcns::d11222_d11222.002::Tridesclous::0,PAIRED_CRCNS_HC1::paired_crcns::d11222_d11222.002,PAIRED_CRCNS_HC1,0.021164021164021163,0.13292657,0.11176254722491774
main,fpos,source_reweighted_anchor_stack_cluster_trust_pseudo_catboost_l2,backend_sweep,catboost_l2,PAIRED_ENGLISH::paired_english::m139_200114_191955::KiloSort2::25,PAIRED_ENGLISH::paired_english::m139_200114_191955,PAIRED_ENGLISH,0.7302739726027397,0.21324915,0.5170248256644158
main,fpos,source_reweighted_anchor_stack_cluster_trust_pseudo_catboost_l2,backend_sweep,catboost_l2,PAIRED_ENGLISH::paired_english::m139_200114_191955::MountainSort4::36,PAIRED_ENGLISH::paired_english::m139_200114_191955,PAIRED_ENGLISH,0.8735255086994986,0.47618628,0.3973392332173209
main,fpos,source_reweighted_anchor_stack_cluster_trust_pseudo_catboost_l2,backend_sweep,catboost_l2,PAIRED_ENGLISH::paired_english::m139_200114_191955::SpykingCircus::42,PAIRED_ENGLISH::paired_english::m139_200114_191955,PAIRED_ENGLISH,0.5584045584045584,0.2193933,0.3390112603746588
main,fpos,source_reweighted_anchor_stack_cluster_trust_pseudo_catboost_l2,backend_sweep,catboost_l2,PAIRED_ENGLISH::paired_english::m139_200114_222743::HerdingSpikes2::5,PAIRED_ENGLISH::paired_english::m139_200114_222743,PAIRED_ENGLISH,0.03257707969749855,0.1719821,0.13940501494800164
main,fpos,source_reweighted_anchor_stack_cluster_trust_pseudo_catboost_l2,backend_sweep,catboost_l2,PAIRED_ENGLISH::paired_english::m139_200114_222743::IronClust::17,PAIRED_ENGLISH::paired_english::m139_200114_222743,PAIRED_ENGLISH,0.02675196277987787,0.1251735,0.0984215314399021
main,fpos,source_reweighted_anchor_stack_cluster_trust_pseudo_catboost_l2,backend_sweep,catboost_l2,PAIRED_ENGLISH::paired_english::m139_200114_222743::KiloSort::88,PAIRED_ENGLISH::paired_english::m139_200114_222743,PAIRED_ENGLISH,0.015151515151515152,0.111856304,0.09670478895758138
main,fpos,source_reweighted_anchor_stack_cluster_trust_pseudo_catboost_l2,backend_sweep,catboost_l2,PAIRED_ENGLISH::paired_english::m139_200114_222743::KiloSort2::26,PAIRED_ENGLISH::paired_english::m139_200114_222743,PAIRED_ENGLISH,0.028645087367516472,0.11737721,0.0887321193156424
main,fpos,source_reweighted_anchor_stack_cluster_trust_pseudo_catboost_l2,backend_sweep,catboost_l2,PAIRED_ENGLISH::paired_english::m139_200114_222743::MountainSort4::46,PAIRED_ENGLISH::paired_english::m139_200114_222743,PAIRED_ENGLISH,0.039886039886039885,0.27594417,0.23605813344998916
main,fpos,source_reweighted_anchor_stack_cluster_trust_pseudo_catboost_l2,backend_sweep,catboost_l2,PAIRED_ENGLISH::paired_english::m139_200114_222743::SpykingCircus::44,PAIRED_ENGLISH::paired_english::m139_200114_222743,PAIRED_ENGLISH,0.028064146620847653,0.109926656,0.08186250926770978
main,fpos,source_reweighted_anchor_stack_cluster_trust_pseudo_catboost_l2,backend_sweep,catboost_l2,PAIRED_ENGLISH::paired_english::m139_200114_222743::Tridesclous::1,PAIRED_ENGLISH::paired_english::m139_200114_222743,PAIRED_ENGLISH,0.3089646722483153,0.22716133,0.08180333928341815
main,fpos,source_reweighted_anchor_stack_cluster_trust_pseudo_catboost_l2,backend_sweep,catboost_l2,PAIRED_ENGLISH::paired_english::m14_190326_155432::IronClust::22,PAIRED_ENGLISH::paired_english::m14_190326_155432,PAIRED_ENGLISH,0.0481651376146789,0.082109034,0.03394389644675298
main,fpos,source_reweighted_anchor_stack_cluster_trust_pseudo_catboost_l2,backend_sweep,catboost_l2,PAIRED_ENGLISH::paired_english::m14_190326_155432::MountainSort4::33,PAIRED_ENGLISH::paired_english::m14_190326_155432,PAIRED_ENGLISH,0.1981651376146789,0.27659282,0.07842768326811833
main,fpos,source_reweighted_anchor_stack_cluster_trust_pseudo_catboost_l2,backend_sweep,catboost_l2,PAIRED_ENGLISH::paired_english::m14_190326_155432::SpykingCircus::38,PAIRED_ENGLISH::paired_english::m14_190326_155432,PAIRED_ENGLISH,0.013363028953229399,0.093530566,0.08016753654703
main,fpos,source_reweighted_anchor_stack_cluster_trust_pseudo_catboost_l2,backend_sweep,catboost_l2,PAIRED_ENGLISH::paired_english::m15_190315_142052_cell1::IronClust::40,PAIRED_ENGLISH::paired_english::m15_190315_142052_cell1,PAIRED_ENGLISH,0.2679960401640503,0.33950433,0.07150829118627622
main,fpos,source_reweighted_anchor_stack_cluster_trust_pseudo_catboost_l2,backend_sweep,catboost_l2,PAIRED_ENGLISH::paired_english::m15_190315_142052_cell1::KiloSort2::48,PAIRED_ENGLISH::paired_english::m15_190315_142052_cell1,PAIRED_ENGLISH,0.8627861694595232,0.41576236,0.4470238045951739
main,fpos,source_reweighted_anchor_stack_cluster_trust_pseudo_catboost_l2,backend_sweep,catboost_l2,PAIRED_ENGLISH::paired_english::m15_190315_142052_cell1::MountainSort4::62,PAIRED_ENGLISH::paired_english::m15_190315_142052_cell1,PAIRED_ENGLISH,0.8769885383524361,0.45066276,0.42632577642578506
main,fpos,source_reweighted_anchor_stack_cluster_trust_pseudo_catboost_l2,backend_sweep,catboost_l2,PAIRED_ENGLISH::paired_english::m15_190315_142052_cell1::MountainSort4::64,PAIRED_ENGLISH::paired_english::m15_190315_142052_cell1,PAIRED_ENGLISH,0.14704761904761904,0.21280172,0.06575410562469847
main,fpos,source_reweighted_anchor_stack_cluster_trust_pseudo_catboost_l2,backend_sweep,catboost_l2,PAIRED_ENGLISH::paired_english::m15_190315_142052_cell1::SpykingCircus::22,PAIRED_ENGLISH::paired_english::m15_190315_142052_cell1,PAIRED_ENGLISH,0.23500526131182042,0.49398383,0.2589785736700979
main,fpos,source_reweighted_anchor_stack_cluster_trust_pseudo_catboost_l2,backend_sweep,catboost_l2,PAIRED_ENGLISH::paired_english::m15_190315_142052_cell1::SpykingCircus::57,PAIRED_ENGLISH::paired_english::m15_190315_142052_cell1,PAIRED_ENGLISH,0.6499202551834131,0.3935896,0.25633066916389713
main,fpos,source_reweighted_anchor_stack_cluster_trust_pseudo_catboost_l2,backend_sweep,catboost_l2,PAIRED_ENGLISH::paired_english::m15_190315_152315_cell1::IronClust::35,PAIRED_ENGLISH::paired_english::m15_190315_152315_cell1,PAIRED_ENGLISH,0.002592440987856461,0.11540207,0.1128096316802191
main,fpos,source_reweighted_anchor_stack_cluster_trust_pseudo_catboost_l2,backend_sweep,catboost_l2,PAIRED_ENGLISH::paired_english::m15_190315_152315_cell1::KiloSort::1,PAIRED_ENGLISH::paired_english::m15_190315_152315_cell1,PAIRED_ENGLISH,6.528267397832615e-05,0.09900989,0.09894460371003198
main,fpos,source_reweighted_anchor_stack_cluster_trust_pseudo_catboost_l2,backend_sweep,catboost_l2,PAIRED_ENGLISH::paired_english::m15_190315_152315_cell1::KiloSort2::37,PAIRED_ENGLISH::paired_english::m15_190315_152315_cell1,PAIRED_ENGLISH,0.00039059957034047265,0.10325342,0.10286281714671199
main,fpos,source_reweighted_anchor_stack_cluster_trust_pseudo_catboost_l2,backend_sweep,catboost_l2,PAIRED_ENGLISH::paired_english::m15_190315_152315_cell1::MountainSort4::72,PAIRED_ENGLISH::paired_english::m15_190315_152315_cell1,PAIRED_ENGLISH,0.052174468356855484,0.27470383,0.22252936212372007
main,fpos,source_reweighted_anchor_stack_cluster_trust_pseudo_catboost_l2,backend_sweep,catboost_l2,PAIRED_ENGLISH::paired_english::m15_190315_152315_cell1::SpykingCircus::46,PAIRED_ENGLISH::paired_english::m15_190315_152315_cell1,PAIRED_ENGLISH,0.010891280531030483,0.11375835,0.10286706739749353
main,fpos,source_reweighted_anchor_stack_cluster_trust_pseudo_catboost_l2,backend_sweep,catboost_l2,PAIRED_ENGLISH::paired_english::m15_190315_152315_cell1::Tridesclous::0,PAIRED_ENGLISH::paired_english::m15_190315_152315_cell1,PAIRED_ENGLISH,0.8482136225209834,0.4404761,0.4077375328050258
main,fpos,source_reweighted_anchor_stack_cluster_trust_pseudo_catboost_l2,backend_sweep,catboost_l2,PAIRED_ENGLISH::paired_english::m26_190524_100859_cell1::KiloSort::19,PAIRED_ENGLISH::paired_english::m26_190524_100859_cell1,PAIRED_ENGLISH,0.2440677966101695,0.15453583,0.08953196658926496
main,fpos,source_reweighted_anchor_stack_cluster_trust_pseudo_catboost_l2,backend_sweep,catboost_l2,PAIRED_ENGLISH::paired_english::m26_190524_100859_cell1::KiloSort::8,PAIRED_ENGLISH::paired_english::m26_190524_100859_cell1,PAIRED_ENGLISH,0.6505139500734214,0.23104545,0.4194684953328971
main,fpos,source_reweighted_anchor_stack_cluster_trust_pseudo_catboost_l2,backend_sweep,catboost_l2,PAIRED_ENGLISH::paired_english::m26_190524_100859_cell1::KiloSort2::0,PAIRED_ENGLISH::paired_english::m26_190524_100859_cell1,PAIRED_ENGLISH,0.38315988647114474,0.3008536,0.08230627643238742
main,fpos,source_reweighted_anchor_stack_cluster_trust_pseudo_catboost_l2,backend_sweep,catboost_l2,PAIRED_ENGLISH::paired_english::m57_191105_141906::IronClust::6,PAIRED_ENGLISH::paired_english::m57_191105_141906,PAIRED_ENGLISH,0.31826625386996904,0.2466536,0.07161265234275499
main,fpos,source_reweighted_anchor_stack_cluster_trust_pseudo_catboost_l2,backend_sweep,catboost_l2,PAIRED_ENGLISH::paired_english::m57_191105_141906::KiloSort::47,PAIRED_ENGLISH::paired_english::m57_191105_141906,PAIRED_ENGLISH,0.35376344086021505,0.2655474,0.08821604610771261
main,fpos,source_reweighted_anchor_stack_cluster_trust_pseudo_catboost_l2,backend_sweep,catboost_l2,PAIRED_ENGLISH::paired_english::m57_191105_141906::MountainSort4::21,PAIRED_ENGLISH::paired_english::m57_191105_141906,PAIRED_ENGLISH,0.3323335332933413,0.35742947,0.025095941298867552
main,fpos,source_reweighted_anchor_stack_cluster_trust_pseudo_catboost_l2,backend_sweep,catboost_l2,PAIRED_ENGLISH::paired_english::m57_191105_141906::MountainSort4::57,PAIRED_ENGLISH::paired_english::m57_191105_141906,PAIRED_ENGLISH,0.23853211009174313,0.24194266,0.0034105489286807567
main,fpos,source_reweighted_anchor_stack_cluster_trust_pseudo_catboost_l2,backend_sweep,catboost_l2,PAIRED_ENGLISH::paired_english::m57_191105_141906::SpykingCircus::12,PAIRED_ENGLISH::paired_english::m57_191105_141906,PAIRED_ENGLISH,0.3535228677379481,0.30291945,0.05060342031592052
main,fpos,source_reweighted_anchor_stack_cluster_trust_pseudo_catboost_l2,backend_sweep,catboost_l2,PAIRED_ENGLISH::paired_english::m57_191105_141906::SpykingCircus::30,PAIRED_ENGLISH::paired_english::m57_191105_141906,PAIRED_ENGLISH,0.2040332147093713,0.16449688,0.03953633095940945
main,fpos,source_reweighted_anchor_stack_cluster_trust_pseudo_catboost_l2,backend_sweep,catboost_l2,PAIRED_ENGLISH::paired_english::m57_191105_160026::HerdingSpikes2::1,PAIRED_ENGLISH::paired_english::m57_191105_160026,PAIRED_ENGLISH,0.13630229419703105,0.256673,0.12037071400647542
main,fpos,source_reweighted_anchor_stack_cluster_trust_pseudo_catboost_l2,backend_sweep,catboost_l2,PAIRED_ENGLISH::paired_english::m57_191105_160026::IronClust::2,PAIRED_ENGLISH::paired_english::m57_191105_160026,PAIRED_ENGLISH,0.5044008124576845,0.23240715,0.27199365980494405
main,fpos,source_reweighted_anchor_stack_cluster_trust_pseudo_catboost_l2,backend_sweep,catboost_l2,PAIRED_ENGLISH::paired_english::m57_191105_160026::IronClust::3,PAIRED_ENGLISH::paired_english::m57_191105_160026,PAIRED_ENGLISH,0.05838815789473684,0.2783458,0.21995763559090464
main,fpos,source_reweighted_anchor_stack_cluster_trust_pseudo_catboost_l2,backend_sweep,catboost_l2,PAIRED_ENGLISH::paired_english::m57_191105_160026::KiloSort::127,PAIRED_ENGLISH::paired_english::m57_191105_160026,PAIRED_ENGLISH,0.5003422313483915,0.32155967,0.17878256376111124
main,fpos,source_reweighted_anchor_stack_cluster_trust_pseudo_catboost_l2,backend_sweep,catboost_l2,PAIRED_ENGLISH::paired_english::m57_191105_160026::KiloSort::6,PAIRED_ENGLISH::paired_english::m57_191105_160026,PAIRED_ENGLISH,0.02531645569620253,0.20782493,0.18250847485246538
main,fpos,source_reweighted_anchor_stack_cluster_trust_pseudo_catboost_l2,backend_sweep,catboost_l2,PAIRED_ENGLISH::paired_english::m57_191105_160026::MountainSort4::23,PAIRED_ENGLISH::paired_english::m57_191105_160026,PAIRED_ENGLISH,0.6737967914438503,0.18325754,0.4905392563438671
main,fpos,source_reweighted_anchor_stack_cluster_trust_pseudo_catboost_l2,backend_sweep,catboost_l2,PAIRED_ENGLISH::paired_english::m57_191105_160026::MountainSort4::25,PAIRED_ENGLISH::paired_english::m57_191105_160026,PAIRED_ENGLISH,0.14568081991215226,0.34602445,0.20034363372783187
main,fpos,source_reweighted_anchor_stack_cluster_trust_pseudo_catboost_l2,backend_sweep,catboost_l2,PAIRED_ENGLISH::paired_english::m57_191105_160026::SpykingCircus::2,PAIRED_ENGLISH::paired_english::m57_191105_160026,PAIRED_ENGLISH,0.6860282574568289,0.41691834,0.26910992011170565
main,fpos,source_reweighted_anchor_stack_cluster_trust_pseudo_catboost_l2,backend_sweep,catboost_l2,PAIRED_ENGLISH::paired_english::m57_191105_160026::SpykingCircus::4,PAIRED_ENGLISH::paired_english::m57_191105_160026,PAIRED_ENGLISH,0.056790123456790124,0.30237472,0.24558459711663516
main,fpos,source_reweighted_anchor_stack_cluster_trust_pseudo_catboost_l2,backend_sweep,catboost_l2,PAIRED_ENGLISH::paired_english::m57_191105_160026::Tridesclous::0,PAIRED_ENGLISH::paired_english::m57_191105_160026,PAIRED_ENGLISH,0.8589226823012093,0.43432388,0.4245988052050331
main,fpos,source_reweighted_anchor_stack_cluster_trust_pseudo_catboost_l2,backend_sweep,catboost_l2,PAIRED_KAMPFF::paired_kampff::c14::HerdingSpikes2::6,PAIRED_KAMPFF::paired_kampff::c14,PAIRED_KAMPFF,0.25090444775484144,0.14883505,0.10206939967535078
main,fpos,source_reweighted_anchor_stack_cluster_trust_pseudo_catboost_l2,backend_sweep,catboost_l2,PAIRED_KAMPFF::paired_kampff::c14::IronClust::22,PAIRED_KAMPFF::paired_kampff::c14,PAIRED_KAMPFF,0.2240655987795576,0.14861159,0.07545400851332987
main,fpos,source_reweighted_anchor_stack_cluster_trust_pseudo_catboost_l2,backend_sweep,catboost_l2,PAIRED_KAMPFF::paired_kampff::c14::KiloSort2::37,PAIRED_KAMPFF::paired_kampff::c14,PAIRED_KAMPFF,0.23899885489939474,0.18328318,0.05571567490099691
main,fpos,source_reweighted_anchor_stack_cluster_trust_pseudo_catboost_l2,backend_sweep,catboost_l2,PAIRED_KAMPFF::paired_kampff::c14::MountainSort4::42,PAIRED_KAMPFF::paired_kampff::c14,PAIRED_KAMPFF,0.031842105263157894,0.067692555,0.03585045022399802
main,fpos,source_reweighted_anchor_stack_cluster_trust_pseudo_catboost_l2,backend_sweep,catboost_l2,PAIRED_KAMPFF::paired_kampff::c14::SpykingCircus::14,PAIRED_KAMPFF::paired_kampff::c14,PAIRED_KAMPFF,0.0993841579953281,0.10731525,0.007931091745749325
main,fpos,source_reweighted_anchor_stack_cluster_trust_pseudo_catboost_l2,backend_sweep,catboost_l2,PAIRED_KAMPFF::paired_kampff::c14::Tridesclous::8,PAIRED_KAMPFF::paired_kampff::c14,PAIRED_KAMPFF,0.7298130782302221,0.34985945,0.37995363194306697
main,fpos,source_reweighted_anchor_stack_cluster_trust_pseudo_catboost_l2,backend_sweep,catboost_l2,PAIRED_MEA64C_YGER::paired_mea64c::20170622_patch1::HerdingSpikes2::19,PAIRED_MEA64C_YGER::paired_mea64c::20170622_patch1,PAIRED_MEA64C_YGER,0.3048016701461378,0.2679835,0.03681817395702036
main,fpos,source_reweighted_anchor_stack_cluster_trust_pseudo_catboost_l2,backend_sweep,catboost_l2,PAIRED_MEA64C_YGER::paired_mea64c::20170622_patch1::HerdingSpikes2::7,PAIRED_MEA64C_YGER::paired_mea64c::20170622_patch1,PAIRED_MEA64C_YGER,0.006430868167202572,0.045149896,0.038719028126675985
main,fpos,source_reweighted_anchor_stack_cluster_trust_pseudo_catboost_l2,backend_sweep,catboost_l2,PAIRED_MEA64C_YGER::paired_mea64c::20170622_patch1::IronClust::8,PAIRED_MEA64C_YGER::paired_mea64c::20170622_patch1,PAIRED_MEA64C_YGER,0.32512992968511156,0.17603835,0.14909157504987292
main,fpos,source_reweighted_anchor_stack_cluster_trust_pseudo_catboost_l2,backend_sweep,catboost_l2,PAIRED_MEA64C_YGER::paired_mea64c::20170622_patch1::KiloSort::64,PAIRED_MEA64C_YGER::paired_mea64c::20170622_patch1,PAIRED_MEA64C_YGER,0.00022805017103762827,0.02736889,0.02714083995054154
main,fpos,source_reweighted_anchor_stack_cluster_trust_pseudo_catboost_l2,backend_sweep,catboost_l2,PAIRED_MEA64C_YGER::paired_mea64c::20170622_patch1::KiloSort2::23,PAIRED_MEA64C_YGER::paired_mea64c::20170622_patch1,PAIRED_MEA64C_YGER,0.0,0.038057953,0.038057953119277954
main,fpos,source_reweighted_anchor_stack_cluster_trust_pseudo_catboost_l2,backend_sweep,catboost_l2,PAIRED_MEA64C_YGER::paired_mea64c::20170622_patch1::Klusta::4,PAIRED_MEA64C_YGER::paired_mea64c::20170622_patch1,PAIRED_MEA64C_YGER,0.0050424628450106155,0.046620034,0.041577570836382055
main,fpos,source_reweighted_anchor_stack_cluster_trust_pseudo_catboost_l2,backend_sweep,catboost_l2,PAIRED_MEA64C_YGER::paired_mea64c::20170622_patch1::MountainSort4::43,PAIRED_MEA64C_YGER::paired_mea64c::20170622_patch1,PAIRED_MEA64C_YGER,0.0040494938132733405,0.032871563,0.028822069174292655
main,fpos,source_reweighted_anchor_stack_cluster_trust_pseudo_catboost_l2,backend_sweep,catboost_l2,PAIRED_MEA64C_YGER::paired_mea64c::20170622_patch1::SpykingCircus::18,PAIRED_MEA64C_YGER::paired_mea64c::20170622_patch1,PAIRED_MEA64C_YGER,0.00022079929344226098,0.026505679,0.02628487959869336
main,fpos,source_reweighted_anchor_stack_cluster_trust_pseudo_catboost_l2,backend_sweep,catboost_l2,PAIRED_MEA64C_YGER::paired_mea64c::20170622_patch1::Tridesclous::12,PAIRED_MEA64C_YGER::paired_mea64c::20170622_patch1,PAIRED_MEA64C_YGER,0.013830024537140308,0.045180455,0.03135043031305653
main,fpos,source_reweighted_anchor_stack_cluster_trust_pseudo_catboost_l2,backend_sweep,catboost_l2,PAIRED_MEA64C_YGER::paired_mea64c::20170622_patch2::HerdingSpikes2::16,PAIRED_MEA64C_YGER::paired_mea64c::20170622_patch2,PAIRED_MEA64C_YGER,0.18683274021352314,0.11057256,0.07626017859185719
main,fpos,source_reweighted_anchor_stack_cluster_trust_pseudo_catboost_l2,backend_sweep,catboost_l2,PAIRED_MEA64C_YGER::paired_mea64c::20170622_patch2::HerdingSpikes2::44,PAIRED_MEA64C_YGER::paired_mea64c::20170622_patch2,PAIRED_MEA64C_YGER,0.4028520499108734,0.11890933,0.2839427207349243
main,fpos,source_reweighted_anchor_stack_cluster_trust_pseudo_catboost_l2,backend_sweep,catboost_l2,PAIRED_MEA64C_YGER::paired_mea64c::20170622_patch2::HerdingSpikes2::5,PAIRED_MEA64C_YGER::paired_mea64c::20170622_patch2,PAIRED_MEA64C_YGER,0.06115992970123023,0.0072930017,0.053866927952608765
main,fpos,source_reweighted_anchor_stack_cluster_trust_pseudo_catboost_l2,backend_sweep,catboost_l2,PAIRED_MEA64C_YGER::paired_mea64c::20170622_patch2::IronClust::11,PAIRED_MEA64C_YGER::paired_mea64c::20170622_patch2,PAIRED_MEA64C_YGER,0.061366806136680614,0.009014825,0.0523519808000455
main,fpos,source_reweighted_anchor_stack_cluster_trust_pseudo_catboost_l2,backend_sweep,catboost_l2,PAIRED_MEA64C_YGER::paired_mea64c::20170622_patch2::JRClust::31,PAIRED_MEA64C_YGER::paired_mea64c::20170622_patch2,PAIRED_MEA64C_YGER,0.06118881118881119,0.007930142,0.05325866931515349
main,fpos,source_reweighted_anchor_stack_cluster_trust_pseudo_catboost_l2,backend_sweep,catboost_l2,PAIRED_MEA64C_YGER::paired_mea64c::20170622_patch2::KiloSort::5,PAIRED_MEA64C_YGER::paired_mea64c::20170622_patch2,PAIRED_MEA64C_YGER,0.06143106457242583,0.010255555,0.05117550988146876
main,fpos,source_reweighted_anchor_stack_cluster_trust_pseudo_catboost_l2,backend_sweep,catboost_l2,PAIRED_MEA64C_YGER::paired_mea64c::20170622_patch2::KiloSort2::33,PAIRED_MEA64C_YGER::paired_mea64c::20170622_patch2,PAIRED_MEA64C_YGER,0.061409630146545706,0.0070708618,0.0543387683897441
main,fpos,source_reweighted_anchor_stack_cluster_trust_pseudo_catboost_l2,backend_sweep,catboost_l2,PAIRED_MEA64C_YGER::paired_mea64c::20170622_patch2::Klusta::14,PAIRED_MEA64C_YGER::paired_mea64c::20170622_patch2,PAIRED_MEA64C_YGER,0.05860349127182045,0.007874456,0.050729035037544154
main,fpos,source_reweighted_anchor_stack_cluster_trust_pseudo_catboost_l2,backend_sweep,catboost_l2,PAIRED_MEA64C_YGER::paired_mea64c::20170622_patch2::MountainSort4::31,PAIRED_MEA64C_YGER::paired_mea64c::20170622_patch2,PAIRED_MEA64C_YGER,0.07713404182379156,0.024580272,0.05255376990919024
main,fpos,source_reweighted_anchor_stack_cluster_trust_pseudo_catboost_l2,backend_sweep,catboost_l2,PAIRED_MEA64C_YGER::paired_mea64c::20170622_patch2::SpykingCircus::17,PAIRED_MEA64C_YGER::paired_mea64c::20170622_patch2,PAIRED_MEA64C_YGER,0.061366806136680614,0.00824057,0.05312623582245208
main,fpos,source_reweighted_anchor_stack_cluster_trust_pseudo_catboost_l2,backend_sweep,catboost_l2,PAIRED_MEA64C_YGER::paired_mea64c::20170622_patch2::Tridesclous::0,PAIRED_MEA64C_YGER::paired_mea64c::20170622_patch2,PAIRED_MEA64C_YGER,0.061366806136680614,0.0071779997,0.054188806427879106
main,fpos,source_reweighted_anchor_stack_cluster_trust_pseudo_histgb,backend_sweep,histgb,PAIRED_BOYDEN::paired_boyden32c::1103_1_1::IronClust::4,PAIRED_BOYDEN::paired_boyden32c::1103_1_1,PAIRED_BOYDEN,0.11363636363636363,0.21631296,0.10267659615386616
main,fpos,source_reweighted_anchor_stack_cluster_trust_pseudo_histgb,backend_sweep,histgb,PAIRED_BOYDEN::paired_boyden32c::1103_1_1::JRClust::18,PAIRED_BOYDEN::paired_boyden32c::1103_1_1,PAIRED_BOYDEN,0.26138147566718994,0.2783358,0.016954334040451657
main,fpos,source_reweighted_anchor_stack_cluster_trust_pseudo_histgb,backend_sweep,histgb,PAIRED_BOYDEN::paired_boyden32c::1103_1_1::KiloSort::111,PAIRED_BOYDEN::paired_boyden32c::1103_1_1,PAIRED_BOYDEN,0.11241007194244604,0.25297675,0.14056667342460413
main,fpos,source_reweighted_anchor_stack_cluster_trust_pseudo_histgb,backend_sweep,histgb,PAIRED_BOYDEN::paired_boyden32c::1103_1_1::KiloSort2::33,PAIRED_BOYDEN::paired_boyden32c::1103_1_1,PAIRED_BOYDEN,0.17066290550070523,0.2519929,0.08133000559968234
main,fpos,source_reweighted_anchor_stack_cluster_trust_pseudo_histgb,backend_sweep,histgb,PAIRED_BOYDEN::paired_boyden32c::1103_1_1::KiloSort2::55,PAIRED_BOYDEN::paired_boyden32c::1103_1_1,PAIRED_BOYDEN,0.3333333333333333,0.20011875,0.1332145829995473
main,fpos,source_reweighted_anchor_stack_cluster_trust_pseudo_histgb,backend_sweep,histgb,PAIRED_BOYDEN::paired_boyden32c::1103_1_1::KiloSort2::60,PAIRED_BOYDEN::paired_boyden32c::1103_1_1,PAIRED_BOYDEN,0.15878378378378377,0.08090166,0.07788212375866399
main,fpos,source_reweighted_anchor_stack_cluster_trust_pseudo_histgb,backend_sweep,histgb,PAIRED_BOYDEN::paired_boyden32c::1103_1_1::Klusta::12,PAIRED_BOYDEN::paired_boyden32c::1103_1_1,PAIRED_BOYDEN,0.156686626746507,0.21549475,0.058808125183729826
main,fpos,source_reweighted_anchor_stack_cluster_trust_pseudo_histgb,backend_sweep,histgb,PAIRED_BOYDEN::paired_boyden32c::1103_1_1::MountainSort4::26,PAIRED_BOYDEN::paired_boyden32c::1103_1_1,PAIRED_BOYDEN,0.30532212885154064,0.2722142,0.03310792477858837
main,fpos,source_reweighted_anchor_stack_cluster_trust_pseudo_histgb,backend_sweep,histgb,PAIRED_BOYDEN::paired_boyden32c::1103_1_1::SpykingCircus::27,PAIRED_BOYDEN::paired_boyden32c::1103_1_1,PAIRED_BOYDEN,0.12258064516129032,0.26120338,0.13862273327765928
main,fpos,source_reweighted_anchor_stack_cluster_trust_pseudo_histgb,backend_sweep,histgb,PAIRED_BOYDEN::paired_boyden32c::1103_1_1::Tridesclous::3,PAIRED_BOYDEN::paired_boyden32c::1103_1_1,PAIRED_BOYDEN,0.2613268608414239,0.24706684,0.014260020311982091
main,fpos,source_reweighted_anchor_stack_cluster_trust_pseudo_histgb,backend_sweep,histgb,PAIRED_BOYDEN::paired_boyden32c::419_1_8::IronClust::14,PAIRED_BOYDEN::paired_boyden32c::419_1_8,PAIRED_BOYDEN,0.0663265306122449,0.020291902,0.04603462848736316
main,fpos,source_reweighted_anchor_stack_cluster_trust_pseudo_histgb,backend_sweep,histgb,PAIRED_BOYDEN::paired_boyden32c::419_1_8::IronClust::4,PAIRED_BOYDEN::paired_boyden32c::419_1_8,PAIRED_BOYDEN,0.05829903978052126,0.042099744,0.01619929569902407
main,fpos,source_reweighted_anchor_stack_cluster_trust_pseudo_histgb,backend_sweep,histgb,PAIRED_BOYDEN::paired_boyden32c::419_1_8::JRClust::24,PAIRED_BOYDEN::paired_boyden32c::419_1_8,PAIRED_BOYDEN,0.08062093139709564,0.012576425,0.0680445059490356
main,fpos,source_reweighted_anchor_stack_cluster_trust_pseudo_histgb,backend_sweep,histgb,PAIRED_BOYDEN::paired_boyden32c::419_1_8::JRClust::8,PAIRED_BOYDEN::paired_boyden32c::419_1_8,PAIRED_BOYDEN,0.03907637655417407,0.026606165,0.012470211681527739
main,fpos,source_reweighted_anchor_stack_cluster_trust_pseudo_histgb,backend_sweep,histgb,PAIRED_BOYDEN::paired_boyden32c::419_1_8::KiloSort::17,PAIRED_BOYDEN::paired_boyden32c::419_1_8,PAIRED_BOYDEN,0.06424161521775405,0.01247668,0.05176493534875791
main,fpos,source_reweighted_anchor_stack_cluster_trust_pseudo_histgb,backend_sweep,histgb,PAIRED_BOYDEN::paired_boyden32c::419_1_8::KiloSort2::27,PAIRED_BOYDEN::paired_boyden32c::419_1_8,PAIRED_BOYDEN,0.1342059838895282,0.058041982,0.07616400153679459
main,fpos,source_reweighted_anchor_stack_cluster_trust_pseudo_histgb,backend_sweep,histgb,PAIRED_BOYDEN::paired_boyden32c::419_1_8::KiloSort2::46,PAIRED_BOYDEN::paired_boyden32c::419_1_8,PAIRED_BOYDEN,0.02341480088873697,0.008258238,0.015156562453945404
main,fpos,source_reweighted_anchor_stack_cluster_trust_pseudo_histgb,backend_sweep,histgb,PAIRED_BOYDEN::paired_boyden32c::419_1_8::MountainSort4::42,PAIRED_BOYDEN::paired_boyden32c::419_1_8,PAIRED_BOYDEN,0.16482219271063892,0.076551355,0.0882708372890958
main,fpos,source_reweighted_anchor_stack_cluster_trust_pseudo_histgb,backend_sweep,histgb,PAIRED_BOYDEN::paired_boyden32c::419_1_8::SpykingCircus::24,PAIRED_BOYDEN::paired_boyden32c::419_1_8,PAIRED_BOYDEN,0.24721080446271285,0.089846745,0.15736405932931288
main,fpos,source_reweighted_anchor_stack_cluster_trust_pseudo_histgb,backend_sweep,histgb,PAIRED_BOYDEN::paired_boyden32c::419_1_8::SpykingCircus::28,PAIRED_BOYDEN::paired_boyden32c::419_1_8,PAIRED_BOYDEN,0.029543112332531776,0.012347975,0.017195137518057194
main,fpos,source_reweighted_anchor_stack_cluster_trust_pseudo_histgb,backend_sweep,histgb,PAIRED_BOYDEN::paired_boyden32c::419_1_8::Tridesclous::0,PAIRED_BOYDEN::paired_boyden32c::419_1_8,PAIRED_BOYDEN,0.15585806056898133,0.08391342,0.07194463744800583
main,fpos,source_reweighted_anchor_stack_cluster_trust_pseudo_histgb,backend_sweep,histgb,PAIRED_CRCNS_HC1::paired_crcns::d11221_d11221.001::SpykingCircus::6,PAIRED_CRCNS_HC1::paired_crcns::d11221_d11221.001,PAIRED_CRCNS_HC1,0.8835978835978836,0.4433636,0.44023427666810455
main,fpos,source_reweighted_anchor_stack_cluster_trust_pseudo_histgb,backend_sweep,histgb,PAIRED_CRCNS_HC1::paired_crcns::d11222_d11222.002::IronClust::2,PAIRED_CRCNS_HC1::paired_crcns::d11222_d11222.002,PAIRED_CRCNS_HC1,0.04466019417475728,0.1507499,0.10608971272278758
main,fpos,source_reweighted_anchor_stack_cluster_trust_pseudo_histgb,backend_sweep,histgb,PAIRED_CRCNS_HC1::paired_crcns::d11222_d11222.002::JRClust::3,PAIRED_CRCNS_HC1::paired_crcns::d11222_d11222.002,PAIRED_CRCNS_HC1,0.039337474120082816,0.043048948,0.003711473929462472
main,fpos,source_reweighted_anchor_stack_cluster_trust_pseudo_histgb,backend_sweep,histgb,PAIRED_CRCNS_HC1::paired_crcns::d11222_d11222.002::KiloSort::1,PAIRED_CRCNS_HC1::paired_crcns::d11222_d11222.002,PAIRED_CRCNS_HC1,0.03337783711615487,0.09002488,0.056647043948736944
main,fpos,source_reweighted_anchor_stack_cluster_trust_pseudo_histgb,backend_sweep,histgb,PAIRED_CRCNS_HC1::paired_crcns::d11222_d11222.002::KiloSort2::10,PAIRED_CRCNS_HC1::paired_crcns::d11222_d11222.002,PAIRED_CRCNS_HC1,0.550417469492614,0.079477295,0.4709401742131112
main,fpos,source_reweighted_anchor_stack_cluster_trust_pseudo_histgb,backend_sweep,histgb,PAIRED_CRCNS_HC1::paired_crcns::d11222_d11222.002::Klusta::2,PAIRED_CRCNS_HC1::paired_crcns::d11222_d11222.002,PAIRED_CRCNS_HC1,0.008777852802160702,0.0898124,0.08103454515468744
main,fpos,source_reweighted_anchor_stack_cluster_trust_pseudo_histgb,backend_sweep,histgb,PAIRED_CRCNS_HC1::paired_crcns::d11222_d11222.002::MountainSort4::4,PAIRED_CRCNS_HC1::paired_crcns::d11222_d11222.002,PAIRED_CRCNS_HC1,0.360427807486631,0.29382637,0.0666014360552803
main,fpos,source_reweighted_anchor_stack_cluster_trust_pseudo_histgb,backend_sweep,histgb,PAIRED_CRCNS_HC1::paired_crcns::d11222_d11222.002::SpykingCircus::4,PAIRED_CRCNS_HC1::paired_crcns::d11222_d11222.002,PAIRED_CRCNS_HC1,0.11986754966887417,0.116573334,0.003294215928639793
main,fpos,source_reweighted_anchor_stack_cluster_trust_pseudo_histgb,backend_sweep,histgb,PAIRED_CRCNS_HC1::paired_crcns::d11222_d11222.002::Tridesclous::0,PAIRED_CRCNS_HC1::paired_crcns::d11222_d11222.002,PAIRED_CRCNS_HC1,0.021164021164021163,0.14628813,0.12512410554305586
main,fpos,source_reweighted_anchor_stack_cluster_trust_pseudo_histgb,backend_sweep,histgb,PAIRED_ENGLISH::paired_english::m139_200114_191955::KiloSort2::25,PAIRED_ENGLISH::paired_english::m139_200114_191955,PAIRED_ENGLISH,0.7302739726027397,0.3916185,0.33865548238362353
main,fpos,source_reweighted_anchor_stack_cluster_trust_pseudo_histgb,backend_sweep,histgb,PAIRED_ENGLISH::paired_english::m139_200114_191955::MountainSort4::36,PAIRED_ENGLISH::paired_english::m139_200114_191955,PAIRED_ENGLISH,0.8735255086994986,0.6001824,0.273343094644628
main,fpos,source_reweighted_anchor_stack_cluster_trust_pseudo_histgb,backend_sweep,histgb,PAIRED_ENGLISH::paired_english::m139_200114_191955::SpykingCircus::42,PAIRED_ENGLISH::paired_english::m139_200114_191955,PAIRED_ENGLISH,0.5584045584045584,0.43289733,0.12550722907411405
main,fpos,source_reweighted_anchor_stack_cluster_trust_pseudo_histgb,backend_sweep,histgb,PAIRED_ENGLISH::paired_english::m139_200114_222743::HerdingSpikes2::5,PAIRED_ENGLISH::paired_english::m139_200114_222743,PAIRED_ENGLISH,0.03257707969749855,0.16687444,0.13429735882674768
main,fpos,source_reweighted_anchor_stack_cluster_trust_pseudo_histgb,backend_sweep,histgb,PAIRED_ENGLISH::paired_english::m139_200114_222743::IronClust::17,PAIRED_ENGLISH::paired_english::m139_200114_222743,PAIRED_ENGLISH,0.02675196277987787,0.13477603,0.10802406323063543
main,fpos,source_reweighted_anchor_stack_cluster_trust_pseudo_histgb,backend_sweep,histgb,PAIRED_ENGLISH::paired_english::m139_200114_222743::KiloSort::88,PAIRED_ENGLISH::paired_english::m139_200114_222743,PAIRED_ENGLISH,0.015151515151515152,0.1265735,0.11142198786591039
main,fpos,source_reweighted_anchor_stack_cluster_trust_pseudo_histgb,backend_sweep,histgb,PAIRED_ENGLISH::paired_english::m139_200114_222743::KiloSort2::26,PAIRED_ENGLISH::paired_english::m139_200114_222743,PAIRED_ENGLISH,0.028645087367516472,0.1284519,0.09980681132652192
main,fpos,source_reweighted_anchor_stack_cluster_trust_pseudo_histgb,backend_sweep,histgb,PAIRED_ENGLISH::paired_english::m139_200114_222743::MountainSort4::46,PAIRED_ENGLISH::paired_english::m139_200114_222743,PAIRED_ENGLISH,0.039886039886039885,0.25015953,0.21027349194570144
main,fpos,source_reweighted_anchor_stack_cluster_trust_pseudo_histgb,backend_sweep,histgb,PAIRED_ENGLISH::paired_english::m139_200114_222743::SpykingCircus::44,PAIRED_ENGLISH::paired_english::m139_200114_222743,PAIRED_ENGLISH,0.028064146620847653,0.122727945,0.09466379882612043
main,fpos,source_reweighted_anchor_stack_cluster_trust_pseudo_histgb,backend_sweep,histgb,PAIRED_ENGLISH::paired_english::m139_200114_222743::Tridesclous::1,PAIRED_ENGLISH::paired_english::m139_200114_222743,PAIRED_ENGLISH,0.3089646722483153,0.26135164,0.04761302725548694
main,fpos,source_reweighted_anchor_stack_cluster_trust_pseudo_histgb,backend_sweep,histgb,PAIRED_ENGLISH::paired_english::m14_190326_155432::IronClust::22,PAIRED_ENGLISH::paired_english::m14_190326_155432,PAIRED_ENGLISH,0.0481651376146789,0.03458047,0.013584668483209175
main,fpos,source_reweighted_anchor_stack_cluster_trust_pseudo_histgb,backend_sweep,histgb,PAIRED_ENGLISH::paired_english::m14_190326_155432::MountainSort4::33,PAIRED_ENGLISH::paired_english::m14_190326_155432,PAIRED_ENGLISH,0.1981651376146789,0.2843672,0.08620206609778447
main,fpos,source_reweighted_anchor_stack_cluster_trust_pseudo_histgb,backend_sweep,histgb,PAIRED_ENGLISH::paired_english::m14_190326_155432::SpykingCircus::38,PAIRED_ENGLISH::paired_english::m14_190326_155432,PAIRED_ENGLISH,0.013363028953229399,0.024436949,0.011073919867719202
main,fpos,source_reweighted_anchor_stack_cluster_trust_pseudo_histgb,backend_sweep,histgb,PAIRED_ENGLISH::paired_english::m15_190315_142052_cell1::IronClust::40,PAIRED_ENGLISH::paired_english::m15_190315_142052_cell1,PAIRED_ENGLISH,0.2679960401640503,0.2745023,0.006506267012539646
main,fpos,source_reweighted_anchor_stack_cluster_trust_pseudo_histgb,backend_sweep,histgb,PAIRED_ENGLISH::paired_english::m15_190315_142052_cell1::KiloSort2::48,PAIRED_ENGLISH::paired_english::m15_190315_142052_cell1,PAIRED_ENGLISH,0.8627861694595232,0.3392544,0.5235317603847399
main,fpos,source_reweighted_anchor_stack_cluster_trust_pseudo_histgb,backend_sweep,histgb,PAIRED_ENGLISH::paired_english::m15_190315_142052_cell1::MountainSort4::62,PAIRED_ENGLISH::paired_english::m15_190315_142052_cell1,PAIRED_ENGLISH,0.8769885383524361,0.378633,0.49835554584640884
main,fpos,source_reweighted_anchor_stack_cluster_trust_pseudo_histgb,backend_sweep,histgb,PAIRED_ENGLISH::paired_english::m15_190315_142052_cell1::MountainSort4::64,PAIRED_ENGLISH::paired_english::m15_190315_142052_cell1,PAIRED_ENGLISH,0.14704761904761904,0.115937546,0.03111007315204256
main,fpos,source_reweighted_anchor_stack_cluster_trust_pseudo_histgb,backend_sweep,histgb,PAIRED_ENGLISH::paired_english::m15_190315_142052_cell1::SpykingCircus::22,PAIRED_ENGLISH::paired_english::m15_190315_142052_cell1,PAIRED_ENGLISH,0.23500526131182042,0.46629268,0.23128741799802455
main,fpos,source_reweighted_anchor_stack_cluster_trust_pseudo_histgb,backend_sweep,histgb,PAIRED_ENGLISH::paired_english::m15_190315_142052_cell1::SpykingCircus::57,PAIRED_ENGLISH::paired_english::m15_190315_142052_cell1,PAIRED_ENGLISH,0.6499202551834131,0.2890244,0.3608958425514246
main,fpos,source_reweighted_anchor_stack_cluster_trust_pseudo_histgb,backend_sweep,histgb,PAIRED_ENGLISH::paired_english::m15_190315_152315_cell1::IronClust::35,PAIRED_ENGLISH::paired_english::m15_190315_152315_cell1,PAIRED_ENGLISH,0.002592440987856461,0.03769903,0.03510658786174529
main,fpos,source_reweighted_anchor_stack_cluster_trust_pseudo_histgb,backend_sweep,histgb,PAIRED_ENGLISH::paired_english::m15_190315_152315_cell1::KiloSort::1,PAIRED_ENGLISH::paired_english::m15_190315_152315_cell1,PAIRED_ENGLISH,6.528267397832615e-05,0.07224957,0.0721842863248353
main,fpos,source_reweighted_anchor_stack_cluster_trust_pseudo_histgb,backend_sweep,histgb,PAIRED_ENGLISH::paired_english::m15_190315_152315_cell1::KiloSort2::37,PAIRED_ENGLISH::paired_english::m15_190315_152315_cell1,PAIRED_ENGLISH,0.00039059957034047265,0.14531153,0.14492093483441418
main,fpos,source_reweighted_anchor_stack_cluster_trust_pseudo_histgb,backend_sweep,histgb,PAIRED_ENGLISH::paired_english::m15_190315_152315_cell1::MountainSort4::72,PAIRED_ENGLISH::paired_english::m15_190315_152315_cell1,PAIRED_ENGLISH,0.052174468356855484,0.2522218,0.20004732457946958
main,fpos,source_reweighted_anchor_stack_cluster_trust_pseudo_histgb,backend_sweep,histgb,PAIRED_ENGLISH::paired_english::m15_190315_152315_cell1::SpykingCircus::46,PAIRED_ENGLISH::paired_english::m15_190315_152315_cell1,PAIRED_ENGLISH,0.010891280531030483,0.036482524,0.02559124359573763
main,fpos,source_reweighted_anchor_stack_cluster_trust_pseudo_histgb,backend_sweep,histgb,PAIRED_ENGLISH::paired_english::m15_190315_152315_cell1::Tridesclous::0,PAIRED_ENGLISH::paired_english::m15_190315_152315_cell1,PAIRED_ENGLISH,0.8482136225209834,0.4888824,0.3593312298761012
main,fpos,source_reweighted_anchor_stack_cluster_trust_pseudo_histgb,backend_sweep,histgb,PAIRED_ENGLISH::paired_english::m26_190524_100859_cell1::KiloSort::19,PAIRED_ENGLISH::paired_english::m26_190524_100859_cell1,PAIRED_ENGLISH,0.2440677966101695,0.11545732,0.12861047788696775
main,fpos,source_reweighted_anchor_stack_cluster_trust_pseudo_histgb,backend_sweep,histgb,PAIRED_ENGLISH::paired_english::m26_190524_100859_cell1::KiloSort::8,PAIRED_ENGLISH::paired_english::m26_190524_100859_cell1,PAIRED_ENGLISH,0.6505139500734214,0.19859424,0.45191970773905554
main,fpos,source_reweighted_anchor_stack_cluster_trust_pseudo_histgb,backend_sweep,histgb,PAIRED_ENGLISH::paired_english::m26_190524_100859_cell1::KiloSort2::0,PAIRED_ENGLISH::paired_english::m26_190524_100859_cell1,PAIRED_ENGLISH,0.38315988647114474,0.21159232,0.1715675698436423
main,fpos,source_reweighted_anchor_stack_cluster_trust_pseudo_histgb,backend_sweep,histgb,PAIRED_ENGLISH::paired_english::m57_191105_141906::IronClust::6,PAIRED_ENGLISH::paired_english::m57_191105_141906,PAIRED_ENGLISH,0.31826625386996904,0.1447812,0.17348505179210344
main,fpos,source_reweighted_anchor_stack_cluster_trust_pseudo_histgb,backend_sweep,histgb,PAIRED_ENGLISH::paired_english::m57_191105_141906::KiloSort::47,PAIRED_ENGLISH::paired_english::m57_191105_141906,PAIRED_ENGLISH,0.35376344086021505,0.14690936,0.20685408474296652
main,fpos,source_reweighted_anchor_stack_cluster_trust_pseudo_histgb,backend_sweep,histgb,PAIRED_ENGLISH::paired_english::m57_191105_141906::MountainSort4::21,PAIRED_ENGLISH::paired_english::m57_191105_141906,PAIRED_ENGLISH,0.3323335332933413,0.3081088,0.024224726683233888
main,fpos,source_reweighted_anchor_stack_cluster_trust_pseudo_histgb,backend_sweep,histgb,PAIRED_ENGLISH::paired_english::m57_191105_141906::MountainSort4::57,PAIRED_ENGLISH::paired_english::m57_191105_141906,PAIRED_ENGLISH,0.23853211009174313,0.1327252,0.10580691599517789
main,fpos,source_reweighted_anchor_stack_cluster_trust_pseudo_histgb,backend_sweep,histgb,PAIRED_ENGLISH::paired_english::m57_191105_141906::SpykingCircus::12,PAIRED_ENGLISH::paired_english::m57_191105_141906,PAIRED_ENGLISH,0.3535228677379481,0.17518961,0.17833325344198864
main,fpos,source_reweighted_anchor_stack_cluster_trust_pseudo_histgb,backend_sweep,histgb,PAIRED_ENGLISH::paired_english::m57_191105_141906::SpykingCircus::30,PAIRED_ENGLISH::paired_english::m57_191105_141906,PAIRED_ENGLISH,0.2040332147093713,0.12149071,0.0825425052257478
main,fpos,source_reweighted_anchor_stack_cluster_trust_pseudo_histgb,backend_sweep,histgb,PAIRED_ENGLISH::paired_english::m57_191105_160026::HerdingSpikes2::1,PAIRED_ENGLISH::paired_english::m57_191105_160026,PAIRED_ENGLISH,0.13630229419703105,0.25472423,0.11842194014554402
main,fpos,source_reweighted_anchor_stack_cluster_trust_pseudo_histgb,backend_sweep,histgb,PAIRED_ENGLISH::paired_english::m57_191105_160026::IronClust::2,PAIRED_ENGLISH::paired_english::m57_191105_160026,PAIRED_ENGLISH,0.5044008124576845,0.26402223,0.2403785813556948
main,fpos,source_reweighted_anchor_stack_cluster_trust_pseudo_histgb,backend_sweep,histgb,PAIRED_ENGLISH::paired_english::m57_191105_160026::IronClust::3,PAIRED_ENGLISH::paired_english::m57_191105_160026,PAIRED_ENGLISH,0.05838815789473684,0.2718441,0.21345593113648265
main,fpos,source_reweighted_anchor_stack_cluster_trust_pseudo_histgb,backend_sweep,histgb,PAIRED_ENGLISH::paired_english::m57_191105_160026::KiloSort::127,PAIRED_ENGLISH::paired_english::m57_191105_160026,PAIRED_ENGLISH,0.5003422313483915,0.23450857,0.26583365733944986
main,fpos,source_reweighted_anchor_stack_cluster_trust_pseudo_histgb,backend_sweep,histgb,PAIRED_ENGLISH::paired_english::m57_191105_160026::KiloSort::6,PAIRED_ENGLISH::paired_english::m57_191105_160026,PAIRED_ENGLISH,0.02531645569620253,0.2542536,0.22893714037122606
main,fpos,source_reweighted_anchor_stack_cluster_trust_pseudo_histgb,backend_sweep,histgb,PAIRED_ENGLISH::paired_english::m57_191105_160026::MountainSort4::23,PAIRED_ENGLISH::paired_english::m57_191105_160026,PAIRED_ENGLISH,0.6737967914438503,0.1819443,0.4918524956798809
main,fpos,source_reweighted_anchor_stack_cluster_trust_pseudo_histgb,backend_sweep,histgb,PAIRED_ENGLISH::paired_english::m57_191105_160026::MountainSort4::25,PAIRED_ENGLISH::paired_english::m57_191105_160026,PAIRED_ENGLISH,0.14568081991215226,0.28691265,0.14123182995776656
main,fpos,source_reweighted_anchor_stack_cluster_trust_pseudo_histgb,backend_sweep,histgb,PAIRED_ENGLISH::paired_english::m57_191105_160026::SpykingCircus::2,PAIRED_ENGLISH::paired_english::m57_191105_160026,PAIRED_ENGLISH,0.6860282574568289,0.45210472,0.2339235399637717
main,fpos,source_reweighted_anchor_stack_cluster_trust_pseudo_histgb,backend_sweep,histgb,PAIRED_ENGLISH::paired_english::m57_191105_160026::SpykingCircus::4,PAIRED_ENGLISH::paired_english::m57_191105_160026,PAIRED_ENGLISH,0.056790123456790124,0.30123243,0.2444423039018372
main,fpos,source_reweighted_anchor_stack_cluster_trust_pseudo_histgb,backend_sweep,histgb,PAIRED_ENGLISH::paired_english::m57_191105_160026::Tridesclous::0,PAIRED_ENGLISH::paired_english::m57_191105_160026,PAIRED_ENGLISH,0.8589226823012093,0.58274496,0.27617772628466875
main,fpos,source_reweighted_anchor_stack_cluster_trust_pseudo_histgb,backend_sweep,histgb,PAIRED_KAMPFF::paired_kampff::c14::HerdingSpikes2::6,PAIRED_KAMPFF::paired_kampff::c14,PAIRED_KAMPFF,0.25090444775484144,0.052756682,0.19814776571653425
main,fpos,source_reweighted_anchor_stack_cluster_trust_pseudo_histgb,backend_sweep,histgb,PAIRED_KAMPFF::paired_kampff::c14::IronClust::22,PAIRED_KAMPFF::paired_kampff::c14,PAIRED_KAMPFF,0.2240655987795576,0.10436718,0.11969841712081278
main,fpos,source_reweighted_anchor_stack_cluster_trust_pseudo_histgb,backend_sweep,histgb,PAIRED_KAMPFF::paired_kampff::c14::KiloSort2::37,PAIRED_KAMPFF::paired_kampff::c14,PAIRED_KAMPFF,0.23899885489939474,0.19326872,0.045730138564098105
main,fpos,source_reweighted_anchor_stack_cluster_trust_pseudo_histgb,backend_sweep,histgb,PAIRED_KAMPFF::paired_kampff::c14::MountainSort4::42,PAIRED_KAMPFF::paired_kampff::c14,PAIRED_KAMPFF,0.031842105263157894,0.023371642,0.008470462807699253
main,fpos,source_reweighted_anchor_stack_cluster_trust_pseudo_histgb,backend_sweep,histgb,PAIRED_KAMPFF::paired_kampff::c14::SpykingCircus::14,PAIRED_KAMPFF::paired_kampff::c14,PAIRED_KAMPFF,0.0993841579953281,0.04399781,0.05538634870444217
main,fpos,source_reweighted_anchor_stack_cluster_trust_pseudo_histgb,backend_sweep,histgb,PAIRED_KAMPFF::paired_kampff::c14::Tridesclous::8,PAIRED_KAMPFF::paired_kampff::c14,PAIRED_KAMPFF,0.7298130782302221,0.49742186,0.23239121753533687
main,fpos,source_reweighted_anchor_stack_cluster_trust_pseudo_histgb,backend_sweep,histgb,PAIRED_MEA64C_YGER::paired_mea64c::20170622_patch1::HerdingSpikes2::19,PAIRED_MEA64C_YGER::paired_mea64c::20170622_patch1,PAIRED_MEA64C_YGER,0.3048016701461378,0.24043638,0.064365295004994
main,fpos,source_reweighted_anchor_stack_cluster_trust_pseudo_histgb,backend_sweep,histgb,PAIRED_MEA64C_YGER::paired_mea64c::20170622_patch1::HerdingSpikes2::7,PAIRED_MEA64C_YGER::paired_mea64c::20170622_patch1,PAIRED_MEA64C_YGER,0.006430868167202572,0.014345322,0.007914453637082477
main,fpos,source_reweighted_anchor_stack_cluster_trust_pseudo_histgb,backend_sweep,histgb,PAIRED_MEA64C_YGER::paired_mea64c::20170622_patch1::IronClust::8,PAIRED_MEA64C_YGER::paired_mea64c::20170622_patch1,PAIRED_MEA64C_YGER,0.32512992968511156,0.14594312,0.1791868095631557
main,fpos,source_reweighted_anchor_stack_cluster_trust_pseudo_histgb,backend_sweep,histgb,PAIRED_MEA64C_YGER::paired_mea64c::20170622_patch1::KiloSort::64,PAIRED_MEA64C_YGER::paired_mea64c::20170622_patch1,PAIRED_MEA64C_YGER,0.00022805017103762827,0.003963362,0.003735311788866804
main,fpos,source_reweighted_anchor_stack_cluster_trust_pseudo_histgb,backend_sweep,histgb,PAIRED_MEA64C_YGER::paired_mea64c::20170622_patch1::KiloSort2::23,PAIRED_MEA64C_YGER::paired_mea64c::20170622_patch1,PAIRED_MEA64C_YGER,0.0,0.006249818,0.00624981801956892
main,fpos,source_reweighted_anchor_stack_cluster_trust_pseudo_histgb,backend_sweep,histgb,PAIRED_MEA64C_YGER::paired_mea64c::20170622_patch1::Klusta::4,PAIRED_MEA64C_YGER::paired_mea64c::20170622_patch1,PAIRED_MEA64C_YGER,0.0050424628450106155,0.012152075,0.0071096119911839
main,fpos,source_reweighted_anchor_stack_cluster_trust_pseudo_histgb,backend_sweep,histgb,PAIRED_MEA64C_YGER::paired_mea64c::20170622_patch1::MountainSort4::43,PAIRED_MEA64C_YGER::paired_mea64c::20170622_patch1,PAIRED_MEA64C_YGER,0.0040494938132733405,0.0025474012,0.0015020925769031346
main,fpos,source_reweighted_anchor_stack_cluster_trust_pseudo_histgb,backend_sweep,histgb,PAIRED_MEA64C_YGER::paired_mea64c::20170622_patch1::SpykingCircus::18,PAIRED_MEA64C_YGER::paired_mea64c::20170622_patch1,PAIRED_MEA64C_YGER,0.00022079929344226098,0.0042565307,0.0040357313714189415
main,fpos,source_reweighted_anchor_stack_cluster_trust_pseudo_histgb,backend_sweep,histgb,PAIRED_MEA64C_YGER::paired_mea64c::20170622_patch1::Tridesclous::12,PAIRED_MEA64C_YGER::paired_mea64c::20170622_patch1,PAIRED_MEA64C_YGER,0.013830024537140308,0.011588335,0.0022416894999088624
main,fpos,source_reweighted_anchor_stack_cluster_trust_pseudo_histgb,backend_sweep,histgb,PAIRED_MEA64C_YGER::paired_mea64c::20170622_patch2::HerdingSpikes2::16,PAIRED_MEA64C_YGER::paired_mea64c::20170622_patch2,PAIRED_MEA64C_YGER,0.18683274021352314,0.07117363,0.11565910955871128
main,fpos,source_reweighted_anchor_stack_cluster_trust_pseudo_histgb,backend_sweep,histgb,PAIRED_MEA64C_YGER::paired_mea64c::20170622_patch2::HerdingSpikes2::44,PAIRED_MEA64C_YGER::paired_mea64c::20170622_patch2,PAIRED_MEA64C_YGER,0.4028520499108734,0.18244073,0.22041132196173097
main,fpos,source_reweighted_anchor_stack_cluster_trust_pseudo_histgb,backend_sweep,histgb,PAIRED_MEA64C_YGER::paired_mea64c::20170622_patch2::HerdingSpikes2::5,PAIRED_MEA64C_YGER::paired_mea64c::20170622_patch2,PAIRED_MEA64C_YGER,0.06115992970123023,0.0010545539,0.06010537580411017
main,fpos,source_reweighted_anchor_stack_cluster_trust_pseudo_histgb,backend_sweep,histgb,PAIRED_MEA64C_YGER::paired_mea64c::20170622_patch2::IronClust::11,PAIRED_MEA64C_YGER::paired_mea64c::20170622_patch2,PAIRED_MEA64C_YGER,0.061366806136680614,0.0012251496,0.060141656528463434
main,fpos,source_reweighted_anchor_stack_cluster_trust_pseudo_histgb,backend_sweep,histgb,PAIRED_MEA64C_YGER::paired_mea64c::20170622_patch2::JRClust::31,PAIRED_MEA64C_YGER::paired_mea64c::20170622_patch2,PAIRED_MEA64C_YGER,0.06118881118881119,0.000840042,0.06034876916954828
main,fpos,source_reweighted_anchor_stack_cluster_trust_pseudo_histgb,backend_sweep,histgb,PAIRED_MEA64C_YGER::paired_mea64c::20170622_patch2::KiloSort::5,PAIRED_MEA64C_YGER::paired_mea64c::20170622_patch2,PAIRED_MEA64C_YGER,0.06143106457242583,0.001778709,0.05965235556872402
main,fpos,source_reweighted_anchor_stack_cluster_trust_pseudo_histgb,backend_sweep,histgb,PAIRED_MEA64C_YGER::paired_mea64c::20170622_patch2::KiloSort2::33,PAIRED_MEA64C_YGER::paired_mea64c::20170622_patch2,PAIRED_MEA64C_YGER,0.061409630146545706,0.0007243124,0.06068531776286417
main,fpos,source_reweighted_anchor_stack_cluster_trust_pseudo_histgb,backend_sweep,histgb,PAIRED_MEA64C_YGER::paired_mea64c::20170622_patch2::Klusta::14,PAIRED_MEA64C_YGER::paired_mea64c::20170622_patch2,PAIRED_MEA64C_YGER,0.05860349127182045,0.0006643039,0.05793918737766572
main,fpos,source_reweighted_anchor_stack_cluster_trust_pseudo_histgb,backend_sweep,histgb,PAIRED_MEA64C_YGER::paired_mea64c::20170622_patch2::MountainSort4::31,PAIRED_MEA64C_YGER::paired_mea64c::20170622_patch2,PAIRED_MEA64C_YGER,0.07713404182379156,0.0016641223,0.07546991949004143
main,fpos,source_reweighted_anchor_stack_cluster_trust_pseudo_histgb,backend_sweep,histgb,PAIRED_MEA64C_YGER::paired_mea64c::20170622_patch2::SpykingCircus::17,PAIRED_MEA64C_YGER::paired_mea64c::20170622_patch2,PAIRED_MEA64C_YGER,0.061366806136680614,0.0013440953,0.06002271080320127
main,fpos,source_reweighted_anchor_stack_cluster_trust_pseudo_histgb,backend_sweep,histgb,PAIRED_MEA64C_YGER::paired_mea64c::20170622_patch2::Tridesclous::0,PAIRED_MEA64C_YGER::paired_mea64c::20170622_patch2,PAIRED_MEA64C_YGER,0.061366806136680614,0.0011997106,0.060167095488173734
main,fpos,source_reweighted_anchor_stack_cluster_trust_pseudo_extra_trees,backend_sweep,extra_trees,PAIRED_BOYDEN::paired_boyden32c::1103_1_1::IronClust::4,PAIRED_BOYDEN::paired_boyden32c::1103_1_1,PAIRED_BOYDEN,0.11363636363636363,0.1800072,0.06637084077705037
main,fpos,source_reweighted_anchor_stack_cluster_trust_pseudo_extra_trees,backend_sweep,extra_trees,PAIRED_BOYDEN::paired_boyden32c::1103_1_1::JRClust::18,PAIRED_BOYDEN::paired_boyden32c::1103_1_1,PAIRED_BOYDEN,0.26138147566718994,0.2220443,0.039337171653937686
main,fpos,source_reweighted_anchor_stack_cluster_trust_pseudo_extra_trees,backend_sweep,extra_trees,PAIRED_BOYDEN::paired_boyden32c::1103_1_1::KiloSort::111,PAIRED_BOYDEN::paired_boyden32c::1103_1_1,PAIRED_BOYDEN,0.11241007194244604,0.17974038,0.06733031227863093
main,fpos,source_reweighted_anchor_stack_cluster_trust_pseudo_extra_trees,backend_sweep,extra_trees,PAIRED_BOYDEN::paired_boyden32c::1103_1_1::KiloSort2::33,PAIRED_BOYDEN::paired_boyden32c::1103_1_1,PAIRED_BOYDEN,0.17066290550070523,0.17893542,0.008272517992680084
main,fpos,source_reweighted_anchor_stack_cluster_trust_pseudo_extra_trees,backend_sweep,extra_trees,PAIRED_BOYDEN::paired_boyden32c::1103_1_1::KiloSort2::55,PAIRED_BOYDEN::paired_boyden32c::1103_1_1,PAIRED_BOYDEN,0.3333333333333333,0.1753626,0.15797073145707446
main,fpos,source_reweighted_anchor_stack_cluster_trust_pseudo_extra_trees,backend_sweep,extra_trees,PAIRED_BOYDEN::paired_boyden32c::1103_1_1::KiloSort2::60,PAIRED_BOYDEN::paired_boyden32c::1103_1_1,PAIRED_BOYDEN,0.15878378378378377,0.12987249,0.028911297788491108
main,fpos,source_reweighted_anchor_stack_cluster_trust_pseudo_extra_trees,backend_sweep,extra_trees,PAIRED_BOYDEN::paired_boyden32c::1103_1_1::Klusta::12,PAIRED_BOYDEN::paired_boyden32c::1103_1_1,PAIRED_BOYDEN,0.156686626746507,0.17608418,0.01939754895940274
main,fpos,source_reweighted_anchor_stack_cluster_trust_pseudo_extra_trees,backend_sweep,extra_trees,PAIRED_BOYDEN::paired_boyden32c::1103_1_1::MountainSort4::26,PAIRED_BOYDEN::paired_boyden32c::1103_1_1,PAIRED_BOYDEN,0.30532212885154064,0.21114765,0.09417447777522381
main,fpos,source_reweighted_anchor_stack_cluster_trust_pseudo_extra_trees,backend_sweep,extra_trees,PAIRED_BOYDEN::paired_boyden32c::1103_1_1::SpykingCircus::27,PAIRED_BOYDEN::paired_boyden32c::1103_1_1,PAIRED_BOYDEN,0.12258064516129032,0.17853494,0.05595429472384915
main,fpos,source_reweighted_anchor_stack_cluster_trust_pseudo_extra_trees,backend_sweep,extra_trees,PAIRED_BOYDEN::paired_boyden32c::1103_1_1::Tridesclous::3,PAIRED_BOYDEN::paired_boyden32c::1103_1_1,PAIRED_BOYDEN,0.2613268608414239,0.22607201,0.035254847463280614
main,fpos,source_reweighted_anchor_stack_cluster_trust_pseudo_extra_trees,backend_sweep,extra_trees,PAIRED_BOYDEN::paired_boyden32c::419_1_8::IronClust::14,PAIRED_BOYDEN::paired_boyden32c::419_1_8,PAIRED_BOYDEN,0.0663265306122449,0.027147884,0.039178647062912283
main,fpos,source_reweighted_anchor_stack_cluster_trust_pseudo_extra_trees,backend_sweep,extra_trees,PAIRED_BOYDEN::paired_boyden32c::419_1_8::IronClust::4,PAIRED_BOYDEN::paired_boyden32c::419_1_8,PAIRED_BOYDEN,0.05829903978052126,0.056891847,0.0014071923786638865
main,fpos,source_reweighted_anchor_stack_cluster_trust_pseudo_extra_trees,backend_sweep,extra_trees,PAIRED_BOYDEN::paired_boyden32c::419_1_8::JRClust::24,PAIRED_BOYDEN::paired_boyden32c::419_1_8,PAIRED_BOYDEN,0.08062093139709564,0.03240681,0.04821412072600456
main,fpos,source_reweighted_anchor_stack_cluster_trust_pseudo_extra_trees,backend_sweep,extra_trees,PAIRED_BOYDEN::paired_boyden32c::419_1_8::JRClust::8,PAIRED_BOYDEN::paired_boyden32c::419_1_8,PAIRED_BOYDEN,0.03907637655417407,0.05140221,0.012325834635095949
main,fpos,source_reweighted_anchor_stack_cluster_trust_pseudo_extra_trees,backend_sweep,extra_trees,PAIRED_BOYDEN::paired_boyden32c::419_1_8::KiloSort::17,PAIRED_BOYDEN::paired_boyden32c::419_1_8,PAIRED_BOYDEN,0.06424161521775405,0.03166336,0.03257825700623672
main,fpos,source_reweighted_anchor_stack_cluster_trust_pseudo_extra_trees,backend_sweep,extra_trees,PAIRED_BOYDEN::paired_boyden32c::419_1_8::KiloSort2::27,PAIRED_BOYDEN::paired_boyden32c::419_1_8,PAIRED_BOYDEN,0.1342059838895282,0.049362738,0.08484324620408623
main,fpos,source_reweighted_anchor_stack_cluster_trust_pseudo_extra_trees,backend_sweep,extra_trees,PAIRED_BOYDEN::paired_boyden32c::419_1_8::KiloSort2::46,PAIRED_BOYDEN::paired_boyden32c::419_1_8,PAIRED_BOYDEN,0.02341480088873697,0.037333503,0.013918702476779694
main,fpos,source_reweighted_anchor_stack_cluster_trust_pseudo_extra_trees,backend_sweep,extra_trees,PAIRED_BOYDEN::paired_boyden32c::419_1_8::MountainSort4::42,PAIRED_BOYDEN::paired_boyden32c::419_1_8,PAIRED_BOYDEN,0.16482219271063892,0.052655656,0.11216653681993571
main,fpos,source_reweighted_anchor_stack_cluster_trust_pseudo_extra_trees,backend_sweep,extra_trees,PAIRED_BOYDEN::paired_boyden32c::419_1_8::SpykingCircus::24,PAIRED_BOYDEN::paired_boyden32c::419_1_8,PAIRED_BOYDEN,0.24721080446271285,0.15075825,0.09645255291489943
main,fpos,source_reweighted_anchor_stack_cluster_trust_pseudo_extra_trees,backend_sweep,extra_trees,PAIRED_BOYDEN::paired_boyden32c::419_1_8::SpykingCircus::28,PAIRED_BOYDEN::paired_boyden32c::419_1_8,PAIRED_BOYDEN,0.029543112332531776,0.031050311,0.0015071990689546205
main,fpos,source_reweighted_anchor_stack_cluster_trust_pseudo_extra_trees,backend_sweep,extra_trees,PAIRED_BOYDEN::paired_boyden32c::419_1_8::Tridesclous::0,PAIRED_BOYDEN::paired_boyden32c::419_1_8,PAIRED_BOYDEN,0.15585806056898133,0.0683268,0.08753125950735108
main,fpos,source_reweighted_anchor_stack_cluster_trust_pseudo_extra_trees,backend_sweep,extra_trees,PAIRED_CRCNS_HC1::paired_crcns::d11221_d11221.001::SpykingCircus::6,PAIRED_CRCNS_HC1::paired_crcns::d11221_d11221.001,PAIRED_CRCNS_HC1,0.8835978835978836,0.303877,0.5797208875575394
main,fpos,source_reweighted_anchor_stack_cluster_trust_pseudo_extra_trees,backend_sweep,extra_trees,PAIRED_CRCNS_HC1::paired_crcns::d11222_d11222.002::IronClust::2,PAIRED_CRCNS_HC1::paired_crcns::d11222_d11222.002,PAIRED_CRCNS_HC1,0.04466019417475728,0.24560042,0.200940223081598
main,fpos,source_reweighted_anchor_stack_cluster_trust_pseudo_extra_trees,backend_sweep,extra_trees,PAIRED_CRCNS_HC1::paired_crcns::d11222_d11222.002::JRClust::3,PAIRED_CRCNS_HC1::paired_crcns::d11222_d11222.002,PAIRED_CRCNS_HC1,0.039337474120082816,0.19382656,0.1544890820856667
main,fpos,source_reweighted_anchor_stack_cluster_trust_pseudo_extra_trees,backend_sweep,extra_trees,PAIRED_CRCNS_HC1::paired_crcns::d11222_d11222.002::KiloSort::1,PAIRED_CRCNS_HC1::paired_crcns::d11222_d11222.002,PAIRED_CRCNS_HC1,0.03337783711615487,0.22002976,0.18665191931065633
main,fpos,source_reweighted_anchor_stack_cluster_trust_pseudo_extra_trees,backend_sweep,extra_trees,PAIRED_CRCNS_HC1::paired_crcns::d11222_d11222.002::KiloSort2::10,PAIRED_CRCNS_HC1::paired_crcns::d11222_d11222.002,PAIRED_CRCNS_HC1,0.550417469492614,0.22835694,0.32206052695816734
main,fpos,source_reweighted_anchor_stack_cluster_trust_pseudo_extra_trees,backend_sweep,extra_trees,PAIRED_CRCNS_HC1::paired_crcns::d11222_d11222.002::Klusta::2,PAIRED_CRCNS_HC1::paired_crcns::d11222_d11222.002,PAIRED_CRCNS_HC1,0.008777852802160702,0.2162599,0.2074820439530578
main,fpos,source_reweighted_anchor_stack_cluster_trust_pseudo_extra_trees,backend_sweep,extra_trees,PAIRED_CRCNS_HC1::paired_crcns::d11222_d11222.002::MountainSort4::4,PAIRED_CRCNS_HC1::paired_crcns::d11222_d11222.002,PAIRED_CRCNS_HC1,0.360427807486631,0.22921748,0.13121032289323958
main,fpos,source_reweighted_anchor_stack_cluster_trust_pseudo_extra_trees,backend_sweep,extra_trees,PAIRED_CRCNS_HC1::paired_crcns::d11222_d11222.002::SpykingCircus::4,PAIRED_CRCNS_HC1::paired_crcns::d11222_d11222.002,PAIRED_CRCNS_HC1,0.11986754966887417,0.21632951,0.096461965311442
main,fpos,source_reweighted_anchor_stack_cluster_trust_pseudo_extra_trees,backend_sweep,extra_trees,PAIRED_CRCNS_HC1::paired_crcns::d11222_d11222.002::Tridesclous::0,PAIRED_CRCNS_HC1::paired_crcns::d11222_d11222.002,PAIRED_CRCNS_HC1,0.021164021164021163,0.21145163,0.19028761360065016
main,fpos,source_reweighted_anchor_stack_cluster_trust_pseudo_extra_trees,backend_sweep,extra_trees,PAIRED_ENGLISH::paired_english::m139_200114_191955::KiloSort2::25,PAIRED_ENGLISH::paired_english::m139_200114_191955,PAIRED_ENGLISH,0.7302739726027397,0.22654748,0.5037264929732231
main,fpos,source_reweighted_anchor_stack_cluster_trust_pseudo_extra_trees,backend_sweep,extra_trees,PAIRED_ENGLISH::paired_english::m139_200114_191955::MountainSort4::36,PAIRED_ENGLISH::paired_english::m139_200114_191955,PAIRED_ENGLISH,0.8735255086994986,0.4036323,0.46989319568642185
main,fpos,source_reweighted_anchor_stack_cluster_trust_pseudo_extra_trees,backend_sweep,extra_trees,PAIRED_ENGLISH::paired_english::m139_200114_191955::SpykingCircus::42,PAIRED_ENGLISH::paired_english::m139_200114_191955,PAIRED_ENGLISH,0.5584045584045584,0.23356983,0.32483472774850675
main,fpos,source_reweighted_anchor_stack_cluster_trust_pseudo_extra_trees,backend_sweep,extra_trees,PAIRED_ENGLISH::paired_english::m139_200114_222743::HerdingSpikes2::5,PAIRED_ENGLISH::paired_english::m139_200114_222743,PAIRED_ENGLISH,0.03257707969749855,0.1399721,0.10739502592479303
main,fpos,source_reweighted_anchor_stack_cluster_trust_pseudo_extra_trees,backend_sweep,extra_trees,PAIRED_ENGLISH::paired_english::m139_200114_222743::IronClust::17,PAIRED_ENGLISH::paired_english::m139_200114_222743,PAIRED_ENGLISH,0.02675196277987787,0.1387393,0.11198733997452429
main,fpos,source_reweighted_anchor_stack_cluster_trust_pseudo_extra_trees,backend_sweep,extra_trees,PAIRED_ENGLISH::paired_english::m139_200114_222743::KiloSort::88,PAIRED_ENGLISH::paired_english::m139_200114_222743,PAIRED_ENGLISH,0.015151515151515152,0.13940296,0.1242514406189774
main,fpos,source_reweighted_anchor_stack_cluster_trust_pseudo_extra_trees,backend_sweep,extra_trees,PAIRED_ENGLISH::paired_english::m139_200114_222743::KiloSort2::26,PAIRED_ENGLISH::paired_english::m139_200114_222743,PAIRED_ENGLISH,0.028645087367516472,0.13401969,0.1053746004042807
main,fpos,source_reweighted_anchor_stack_cluster_trust_pseudo_extra_trees,backend_sweep,extra_trees,PAIRED_ENGLISH::paired_english::m139_200114_222743::MountainSort4::46,PAIRED_ENGLISH::paired_english::m139_200114_222743,PAIRED_ENGLISH,0.039886039886039885,0.15370318,0.11381714304967483
main,fpos,source_reweighted_anchor_stack_cluster_trust_pseudo_extra_trees,backend_sweep,extra_trees,PAIRED_ENGLISH::paired_english::m139_200114_222743::SpykingCircus::44,PAIRED_ENGLISH::paired_english::m139_200114_222743,PAIRED_ENGLISH,0.028064146620847653,0.12513821,0.09707406164922529
main,fpos,source_reweighted_anchor_stack_cluster_trust_pseudo_extra_trees,backend_sweep,extra_trees,PAIRED_ENGLISH::paired_english::m139_200114_222743::Tridesclous::1,PAIRED_ENGLISH::paired_english::m139_200114_222743,PAIRED_ENGLISH,0.3089646722483153,0.16460386,0.14436081306214282
main,fpos,source_reweighted_anchor_stack_cluster_trust_pseudo_extra_trees,backend_sweep,extra_trees,PAIRED_ENGLISH::paired_english::m14_190326_155432::IronClust::22,PAIRED_ENGLISH::paired_english::m14_190326_155432,PAIRED_ENGLISH,0.0481651376146789,0.21219105,0.16402590766959235
main,fpos,source_reweighted_anchor_stack_cluster_trust_pseudo_extra_trees,backend_sweep,extra_trees,PAIRED_ENGLISH::paired_english::m14_190326_155432::MountainSort4::33,PAIRED_ENGLISH::paired_english::m14_190326_155432,PAIRED_ENGLISH,0.1981651376146789,0.32689115,0.12872601643614812
main,fpos,source_reweighted_anchor_stack_cluster_trust_pseudo_extra_trees,backend_sweep,extra_trees,PAIRED_ENGLISH::paired_english::m14_190326_155432::SpykingCircus::38,PAIRED_ENGLISH::paired_english::m14_190326_155432,PAIRED_ENGLISH,0.013363028953229399,0.2328685,0.2195054636500726
main,fpos,source_reweighted_anchor_stack_cluster_trust_pseudo_extra_trees,backend_sweep,extra_trees,PAIRED_ENGLISH::paired_english::m15_190315_142052_cell1::IronClust::40,PAIRED_ENGLISH::paired_english::m15_190315_142052_cell1,PAIRED_ENGLISH,0.2679960401640503,0.26682076,0.0011752815828888208
main,fpos,source_reweighted_anchor_stack_cluster_trust_pseudo_extra_trees,backend_sweep,extra_trees,PAIRED_ENGLISH::paired_english::m15_190315_142052_cell1::KiloSort2::48,PAIRED_ENGLISH::paired_english::m15_190315_142052_cell1,PAIRED_ENGLISH,0.8627861694595232,0.31764078,0.5451453880569354
main,fpos,source_reweighted_anchor_stack_cluster_trust_pseudo_extra_trees,backend_sweep,extra_trees,PAIRED_ENGLISH::paired_english::m15_190315_142052_cell1::MountainSort4::62,PAIRED_ENGLISH::paired_english::m15_190315_142052_cell1,PAIRED_ENGLISH,0.8769885383524361,0.33657637,0.540412165967411
main,fpos,source_reweighted_anchor_stack_cluster_trust_pseudo_extra_trees,backend_sweep,extra_trees,PAIRED_ENGLISH::paired_english::m15_190315_142052_cell1::MountainSort4::64,PAIRED_ENGLISH::paired_english::m15_190315_142052_cell1,PAIRED_ENGLISH,0.14704761904761904,0.2779977,0.13095008331253416
main,fpos,source_reweighted_anchor_stack_cluster_trust_pseudo_extra_trees,backend_sweep,extra_trees,PAIRED_ENGLISH::paired_english::m15_190315_142052_cell1::SpykingCircus::22,PAIRED_ENGLISH::paired_english::m15_190315_142052_cell1,PAIRED_ENGLISH,0.23500526131182042,0.39912772,0.1641224604746786
main,fpos,source_reweighted_anchor_stack_cluster_trust_pseudo_extra_trees,backend_sweep,extra_trees,PAIRED_ENGLISH::paired_english::m15_190315_142052_cell1::SpykingCircus::57,PAIRED_ENGLISH::paired_english::m15_190315_142052_cell1,PAIRED_ENGLISH,0.6499202551834131,0.36842135,0.28149890923424015
main,fpos,source_reweighted_anchor_stack_cluster_trust_pseudo_extra_trees,backend_sweep,extra_trees,PAIRED_ENGLISH::paired_english::m15_190315_152315_cell1::IronClust::35,PAIRED_ENGLISH::paired_english::m15_190315_152315_cell1,PAIRED_ENGLISH,0.002592440987856461,0.1646133,0.16202086553451292
main,fpos,source_reweighted_anchor_stack_cluster_trust_pseudo_extra_trees,backend_sweep,extra_trees,PAIRED_ENGLISH::paired_english::m15_190315_152315_cell1::KiloSort::1,PAIRED_ENGLISH::paired_english::m15_190315_152315_cell1,PAIRED_ENGLISH,6.528267397832615e-05,0.16601266,0.1659473769949441
main,fpos,source_reweighted_anchor_stack_cluster_trust_pseudo_extra_trees,backend_sweep,extra_trees,PAIRED_ENGLISH::paired_english::m15_190315_152315_cell1::KiloSort2::37,PAIRED_ENGLISH::paired_english::m15_190315_152315_cell1,PAIRED_ENGLISH,0.00039059957034047265,0.14317271,0.14278211156361645
main,fpos,source_reweighted_anchor_stack_cluster_trust_pseudo_extra_trees,backend_sweep,extra_trees,PAIRED_ENGLISH::paired_english::m15_190315_152315_cell1::MountainSort4::72,PAIRED_ENGLISH::paired_english::m15_190315_152315_cell1,PAIRED_ENGLISH,0.052174468356855484,0.21576956,0.16359509078811826
main,fpos,source_reweighted_anchor_stack_cluster_trust_pseudo_extra_trees,backend_sweep,extra_trees,PAIRED_ENGLISH::paired_english::m15_190315_152315_cell1::SpykingCircus::46,PAIRED_ENGLISH::paired_english::m15_190315_152315_cell1,PAIRED_ENGLISH,0.010891280531030483,0.17375769,0.1628664066800062
main,fpos,source_reweighted_anchor_stack_cluster_trust_pseudo_extra_trees,backend_sweep,extra_trees,PAIRED_ENGLISH::paired_english::m15_190315_152315_cell1::Tridesclous::0,PAIRED_ENGLISH::paired_english::m15_190315_152315_cell1,PAIRED_ENGLISH,0.8482136225209834,0.27106997,0.5771436488137843
main,fpos,source_reweighted_anchor_stack_cluster_trust_pseudo_extra_trees,backend_sweep,extra_trees,PAIRED_ENGLISH::paired_english::m26_190524_100859_cell1::KiloSort::19,PAIRED_ENGLISH::paired_english::m26_190524_100859_cell1,PAIRED_ENGLISH,0.2440677966101695,0.25043756,0.006369761087126641
main,fpos,source_reweighted_anchor_stack_cluster_trust_pseudo_extra_trees,backend_sweep,extra_trees,PAIRED_ENGLISH::paired_english::m26_190524_100859_cell1::KiloSort::8,PAIRED_ENGLISH::paired_english::m26_190524_100859_cell1,PAIRED_ENGLISH,0.6505139500734214,0.2763036,0.37421036072939673
main,fpos,source_reweighted_anchor_stack_cluster_trust_pseudo_extra_trees,backend_sweep,extra_trees,PAIRED_ENGLISH::paired_english::m26_190524_100859_cell1::KiloSort2::0,PAIRED_ENGLISH::paired_english::m26_190524_100859_cell1,PAIRED_ENGLISH,0.38315988647114474,0.29462326,0.08853663074146945
main,fpos,source_reweighted_anchor_stack_cluster_trust_pseudo_extra_trees,backend_sweep,extra_trees,PAIRED_ENGLISH::paired_english::m57_191105_141906::IronClust::6,PAIRED_ENGLISH::paired_english::m57_191105_141906,PAIRED_ENGLISH,0.31826625386996904,0.24057548,0.07769077638908067
main,fpos,source_reweighted_anchor_stack_cluster_trust_pseudo_extra_trees,backend_sweep,extra_trees,PAIRED_ENGLISH::paired_english::m57_191105_141906::KiloSort::47,PAIRED_ENGLISH::paired_english::m57_191105_141906,PAIRED_ENGLISH,0.35376344086021505,0.25317764,0.10058579803794943
main,fpos,source_reweighted_anchor_stack_cluster_trust_pseudo_extra_trees,backend_sweep,extra_trees,PAIRED_ENGLISH::paired_english::m57_191105_141906::MountainSort4::21,PAIRED_ENGLISH::paired_english::m57_191105_141906,PAIRED_ENGLISH,0.3323335332933413,0.2684344,0.06389912796649805
main,fpos,source_reweighted_anchor_stack_cluster_trust_pseudo_extra_trees,backend_sweep,extra_trees,PAIRED_ENGLISH::paired_english::m57_191105_141906::MountainSort4::57,PAIRED_ENGLISH::paired_english::m57_191105_141906,PAIRED_ENGLISH,0.23853211009174313,0.24129026,0.0027581462892917186
main,fpos,source_reweighted_anchor_stack_cluster_trust_pseudo_extra_trees,backend_sweep,extra_trees,PAIRED_ENGLISH::paired_english::m57_191105_141906::SpykingCircus::12,PAIRED_ENGLISH::paired_english::m57_191105_141906,PAIRED_ENGLISH,0.3535228677379481,0.24594237,0.10758049863451641
main,fpos,source_reweighted_anchor_stack_cluster_trust_pseudo_extra_trees,backend_sweep,extra_trees,PAIRED_ENGLISH::paired_english::m57_191105_141906::SpykingCircus::30,PAIRED_ENGLISH::paired_english::m57_191105_141906,PAIRED_ENGLISH,0.2040332147093713,0.20813194,0.004098724463373449
main,fpos,source_reweighted_anchor_stack_cluster_trust_pseudo_extra_trees,backend_sweep,extra_trees,PAIRED_ENGLISH::paired_english::m57_191105_160026::HerdingSpikes2::1,PAIRED_ENGLISH::paired_english::m57_191105_160026,PAIRED_ENGLISH,0.13630229419703105,0.22750023,0.09119793587689778
main,fpos,source_reweighted_anchor_stack_cluster_trust_pseudo_extra_trees,backend_sweep,extra_trees,PAIRED_ENGLISH::paired_english::m57_191105_160026::IronClust::2,PAIRED_ENGLISH::paired_english::m57_191105_160026,PAIRED_ENGLISH,0.5044008124576845,0.22218427,0.28221654183733846
main,fpos,source_reweighted_anchor_stack_cluster_trust_pseudo_extra_trees,backend_sweep,extra_trees,PAIRED_ENGLISH::paired_english::m57_191105_160026::IronClust::3,PAIRED_ENGLISH::paired_english::m57_191105_160026,PAIRED_ENGLISH,0.05838815789473684,0.24179451,0.18340635378109782
main,fpos,source_reweighted_anchor_stack_cluster_trust_pseudo_extra_trees,backend_sweep,extra_trees,PAIRED_ENGLISH::paired_english::m57_191105_160026::KiloSort::127,PAIRED_ENGLISH::paired_english::m57_191105_160026,PAIRED_ENGLISH,0.5003422313483915,0.23334816,0.26699407036625955
main,fpos,source_reweighted_anchor_stack_cluster_trust_pseudo_extra_trees,backend_sweep,extra_trees,PAIRED_ENGLISH::paired_english::m57_191105_160026::KiloSort::6,PAIRED_ENGLISH::paired_english::m57_191105_160026,PAIRED_ENGLISH,0.02531645569620253,0.20595714,0.18064068880262255
main,fpos,source_reweighted_anchor_stack_cluster_trust_pseudo_extra_trees,backend_sweep,extra_trees,PAIRED_ENGLISH::paired_english::m57_191105_160026::MountainSort4::23,PAIRED_ENGLISH::paired_english::m57_191105_160026,PAIRED_ENGLISH,0.6737967914438503,0.23334461,0.4404521769380825
main,fpos,source_reweighted_anchor_stack_cluster_trust_pseudo_extra_trees,backend_sweep,extra_trees,PAIRED_ENGLISH::paired_english::m57_191105_160026::MountainSort4::25,PAIRED_ENGLISH::paired_english::m57_191105_160026,PAIRED_ENGLISH,0.14568081991215226,0.2516426,0.10596179469089034
main,fpos,source_reweighted_anchor_stack_cluster_trust_pseudo_extra_trees,backend_sweep,extra_trees,PAIRED_ENGLISH::paired_english::m57_191105_160026::SpykingCircus::2,PAIRED_ENGLISH::paired_english::m57_191105_160026,PAIRED_ENGLISH,0.6860282574568289,0.26245502,0.4235732410822409
main,fpos,source_reweighted_anchor_stack_cluster_trust_pseudo_extra_trees,backend_sweep,extra_trees,PAIRED_ENGLISH::paired_english::m57_191105_160026::SpykingCircus::4,PAIRED_ENGLISH::paired_english::m57_191105_160026,PAIRED_ENGLISH,0.056790123456790124,0.25957865,0.20278852177254947
main,fpos,source_reweighted_anchor_stack_cluster_trust_pseudo_extra_trees,backend_sweep,extra_trees,PAIRED_ENGLISH::paired_english::m57_191105_160026::Tridesclous::0,PAIRED_ENGLISH::paired_english::m57_191105_160026,PAIRED_ENGLISH,0.8589226823012093,0.27846593,0.580456755654023
main,fpos,source_reweighted_anchor_stack_cluster_trust_pseudo_extra_trees,backend_sweep,extra_trees,PAIRED_KAMPFF::paired_kampff::c14::HerdingSpikes2::6,PAIRED_KAMPFF::paired_kampff::c14,PAIRED_KAMPFF,0.25090444775484144,0.11784174,0.13306270482204496
main,fpos,source_reweighted_anchor_stack_cluster_trust_pseudo_extra_trees,backend_sweep,extra_trees,PAIRED_KAMPFF::paired_kampff::c14::IronClust::22,PAIRED_KAMPFF::paired_kampff::c14,PAIRED_KAMPFF,0.2240655987795576,0.12880325,0.09526234560572946
main,fpos,source_reweighted_anchor_stack_cluster_trust_pseudo_extra_trees,backend_sweep,extra_trees,PAIRED_KAMPFF::paired_kampff::c14::KiloSort2::37,PAIRED_KAMPFF::paired_kampff::c14,PAIRED_KAMPFF,0.23899885489939474,0.1241163,0.11488255336283468
main,fpos,source_reweighted_anchor_stack_cluster_trust_pseudo_extra_trees,backend_sweep,extra_trees,PAIRED_KAMPFF::paired_kampff::c14::MountainSort4::42,PAIRED_KAMPFF::paired_kampff::c14,PAIRED_KAMPFF,0.031842105263157894,0.0880599,0.056217796928004216
main,fpos,source_reweighted_anchor_stack_cluster_trust_pseudo_extra_trees,backend_sweep,extra_trees,PAIRED_KAMPFF::paired_kampff::c14::SpykingCircus::14,PAIRED_KAMPFF::paired_kampff::c14,PAIRED_KAMPFF,0.0993841579953281,0.10217371,0.0027895503839405478
main,fpos,source_reweighted_anchor_stack_cluster_trust_pseudo_extra_trees,backend_sweep,extra_trees,PAIRED_KAMPFF::paired_kampff::c14::Tridesclous::8,PAIRED_KAMPFF::paired_kampff::c14,PAIRED_KAMPFF,0.7298130782302221,0.24662395,0.48318913001378383
main,fpos,source_reweighted_anchor_stack_cluster_trust_pseudo_extra_trees,backend_sweep,extra_trees,PAIRED_MEA64C_YGER::paired_mea64c::20170622_patch1::HerdingSpikes2::19,PAIRED_MEA64C_YGER::paired_mea64c::20170622_patch1,PAIRED_MEA64C_YGER,0.3048016701461378,0.2544854,0.05031627161517771
main,fpos,source_reweighted_anchor_stack_cluster_trust_pseudo_extra_trees,backend_sweep,extra_trees,PAIRED_MEA64C_YGER::paired_mea64c::20170622_patch1::HerdingSpikes2::7,PAIRED_MEA64C_YGER::paired_mea64c::20170622_patch1,PAIRED_MEA64C_YGER,0.006430868167202572,0.044818584,0.038387715708691976
main,fpos,source_reweighted_anchor_stack_cluster_trust_pseudo_extra_trees,backend_sweep,extra_trees,PAIRED_MEA64C_YGER::paired_mea64c::20170622_patch1::IronClust::8,PAIRED_MEA64C_YGER::paired_mea64c::20170622_patch1,PAIRED_MEA64C_YGER,0.32512992968511156,0.09127854,0.23385139157723955
main,fpos,source_reweighted_anchor_stack_cluster_trust_pseudo_extra_trees,backend_sweep,extra_trees,PAIRED_MEA64C_YGER::paired_mea64c::20170622_patch1::KiloSort::64,PAIRED_MEA64C_YGER::paired_mea64c::20170622_patch1,PAIRED_MEA64C_YGER,0.00022805017103762827,0.03982221,0.039594159455398605
main,fpos,source_reweighted_anchor_stack_cluster_trust_pseudo_extra_trees,backend_sweep,extra_trees,PAIRED_MEA64C_YGER::paired_mea64c::20170622_patch1::KiloSort2::23,PAIRED_MEA64C_YGER::paired_mea64c::20170622_patch1,PAIRED_MEA64C_YGER,0.0,0.04491587,0.04491586983203888
main,fpos,source_reweighted_anchor_stack_cluster_trust_pseudo_extra_trees,backend_sweep,extra_trees,PAIRED_MEA64C_YGER::paired_mea64c::20170622_patch1::Klusta::4,PAIRED_MEA64C_YGER::paired_mea64c::20170622_patch1,PAIRED_MEA64C_YGER,0.0050424628450106155,0.0528312,0.04778873617513671
main,fpos,source_reweighted_anchor_stack_cluster_trust_pseudo_extra_trees,backend_sweep,extra_trees,PAIRED_MEA64C_YGER::paired_mea64c::20170622_patch1::MountainSort4::43,PAIRED_MEA64C_YGER::paired_mea64c::20170622_patch1,PAIRED_MEA64C_YGER,0.0040494938132733405,0.040579706,0.03653021261716184
main,fpos,source_reweighted_anchor_stack_cluster_trust_pseudo_extra_trees,backend_sweep,extra_trees,PAIRED_MEA64C_YGER::paired_mea64c::20170622_patch1::SpykingCircus::18,PAIRED_MEA64C_YGER::paired_mea64c::20170622_patch1,PAIRED_MEA64C_YGER,0.00022079929344226098,0.030956814,0.03073601477213334
main,fpos,source_reweighted_anchor_stack_cluster_trust_pseudo_extra_trees,backend_sweep,extra_trees,PAIRED_MEA64C_YGER::paired_mea64c::20170622_patch1::Tridesclous::12,PAIRED_MEA64C_YGER::paired_mea64c::20170622_patch1,PAIRED_MEA64C_YGER,0.013830024537140308,0.0439635,0.030133474830096783
main,fpos,source_reweighted_anchor_stack_cluster_trust_pseudo_extra_trees,backend_sweep,extra_trees,PAIRED_MEA64C_YGER::paired_mea64c::20170622_patch2::HerdingSpikes2::16,PAIRED_MEA64C_YGER::paired_mea64c::20170622_patch2,PAIRED_MEA64C_YGER,0.18683274021352314,0.09972764,0.08710510214770817
main,fpos,source_reweighted_anchor_stack_cluster_trust_pseudo_extra_trees,backend_sweep,extra_trees,PAIRED_MEA64C_YGER::paired_mea64c::20170622_patch2::HerdingSpikes2::44,PAIRED_MEA64C_YGER::paired_mea64c::20170622_patch2,PAIRED_MEA64C_YGER,0.4028520499108734,0.15684305,0.24600899859651948
main,fpos,source_reweighted_anchor_stack_cluster_trust_pseudo_extra_trees,backend_sweep,extra_trees,PAIRED_MEA64C_YGER::paired_mea64c::20170622_patch2::HerdingSpikes2::5,PAIRED_MEA64C_YGER::paired_mea64c::20170622_patch2,PAIRED_MEA64C_YGER,0.06115992970123023,0.0075622997,0.053597629976561964
main,fpos,source_reweighted_anchor_stack_cluster_trust_pseudo_extra_trees,backend_sweep,extra_trees,PAIRED_MEA64C_YGER::paired_mea64c::20170622_patch2::IronClust::11,PAIRED_MEA64C_YGER::paired_mea64c::20170622_patch2,PAIRED_MEA64C_YGER,0.061366806136680614,0.008764896,0.05260191052616931
main,fpos,source_reweighted_anchor_stack_cluster_trust_pseudo_extra_trees,backend_sweep,extra_trees,PAIRED_MEA64C_YGER::paired_mea64c::20170622_patch2::JRClust::31,PAIRED_MEA64C_YGER::paired_mea64c::20170622_patch2,PAIRED_MEA64C_YGER,0.06118881118881119,0.0076278774,0.05356093378203524
main,fpos,source_reweighted_anchor_stack_cluster_trust_pseudo_extra_trees,backend_sweep,extra_trees,PAIRED_MEA64C_YGER::paired_mea64c::20170622_patch2::KiloSort::5,PAIRED_MEA64C_YGER::paired_mea64c::20170622_patch2,PAIRED_MEA64C_YGER,0.06143106457242583,0.011011011,0.050420053605230795
main,fpos,source_reweighted_anchor_stack_cluster_trust_pseudo_extra_trees,backend_sweep,extra_trees,PAIRED_MEA64C_YGER::paired_mea64c::20170622_patch2::KiloSort2::33,PAIRED_MEA64C_YGER::paired_mea64c::20170622_patch2,PAIRED_MEA64C_YGER,0.061409630146545706,0.0081742015,0.053235428672951994
main,fpos,source_reweighted_anchor_stack_cluster_trust_pseudo_extra_trees,backend_sweep,extra_trees,PAIRED_MEA64C_YGER::paired_mea64c::20170622_patch2::Klusta::14,PAIRED_MEA64C_YGER::paired_mea64c::20170622_patch2,PAIRED_MEA64C_YGER,0.05860349127182045,0.0085581485,0.05004534275361576
main,fpos,source_reweighted_anchor_stack_cluster_trust_pseudo_extra_trees,backend_sweep,extra_trees,PAIRED_MEA64C_YGER::paired_mea64c::20170622_patch2::MountainSort4::31,PAIRED_MEA64C_YGER::paired_mea64c::20170622_patch2,PAIRED_MEA64C_YGER,0.07713404182379156,0.009927772,0.06720626983826071
main,fpos,source_reweighted_anchor_stack_cluster_trust_pseudo_extra_trees,backend_sweep,extra_trees,PAIRED_MEA64C_YGER::paired_mea64c::20170622_patch2::SpykingCircus::17,PAIRED_MEA64C_YGER::paired_mea64c::20170622_patch2,PAIRED_MEA64C_YGER,0.061366806136680614,0.008735126,0.052631680252266895
main,fpos,source_reweighted_anchor_stack_cluster_trust_pseudo_extra_trees,backend_sweep,extra_trees,PAIRED_MEA64C_YGER::paired_mea64c::20170622_patch2::Tridesclous::0,PAIRED_MEA64C_YGER::paired_mea64c::20170622_patch2,PAIRED_MEA64C_YGER,0.061366806136680614,0.0072781825,0.05408862359286643
