protocol,target,variant_id,family,backend,row_uid,recording_key,study_set,true,pred,abs_error
main,fpos,reference_xgboost,family_robustness,xgboost_default,PAIRED_BOYDEN::paired_boyden32c::1103_1_1::IronClust::4,PAIRED_BOYDEN::paired_boyden32c::1103_1_1,PAIRED_BOYDEN,0.11363636363636363,0.16648331,0.05284694920886647
main,fpos,reference_xgboost,family_robustness,xgboost_default,PAIRED_BOYDEN::paired_boyden32c::1103_1_1::JRClust::18,PAIRED_BOYDEN::paired_boyden32c::1103_1_1,PAIRED_BOYDEN,0.26138147566718994,0.3002334,0.03885191824035705
main,fpos,reference_xgboost,family_robustness,xgboost_default,PAIRED_BOYDEN::paired_boyden32c::1103_1_1::KiloSort::111,PAIRED_BOYDEN::paired_boyden32c::1103_1_1,PAIRED_BOYDEN,0.11241007194244604,0.18826185,0.07585177972591181
main,fpos,reference_xgboost,family_robustness,xgboost_default,PAIRED_BOYDEN::paired_boyden32c::1103_1_1::KiloSort2::33,PAIRED_BOYDEN::paired_boyden32c::1103_1_1,PAIRED_BOYDEN,0.17066290550070523,0.2060325,0.03536959417027713
main,fpos,reference_xgboost,family_robustness,xgboost_default,PAIRED_BOYDEN::paired_boyden32c::1103_1_1::KiloSort2::55,PAIRED_BOYDEN::paired_boyden32c::1103_1_1,PAIRED_BOYDEN,0.3333333333333333,0.22670965,0.10662368436654407
main,fpos,reference_xgboost,family_robustness,xgboost_default,PAIRED_BOYDEN::paired_boyden32c::1103_1_1::KiloSort2::60,PAIRED_BOYDEN::paired_boyden32c::1103_1_1,PAIRED_BOYDEN,0.15878378378378377,0.10426091,0.05452287720667348
main,fpos,reference_xgboost,family_robustness,xgboost_default,PAIRED_BOYDEN::paired_boyden32c::1103_1_1::Klusta::12,PAIRED_BOYDEN::paired_boyden32c::1103_1_1,PAIRED_BOYDEN,0.156686626746507,0.26652953,0.10984290354028195
main,fpos,reference_xgboost,family_robustness,xgboost_default,PAIRED_BOYDEN::paired_boyden32c::1103_1_1::MountainSort4::26,PAIRED_BOYDEN::paired_boyden32c::1103_1_1,PAIRED_BOYDEN,0.30532212885154064,0.27225187,0.033070254643090324
main,fpos,reference_xgboost,family_robustness,xgboost_default,PAIRED_BOYDEN::paired_boyden32c::1103_1_1::SpykingCircus::27,PAIRED_BOYDEN::paired_boyden32c::1103_1_1,PAIRED_BOYDEN,0.12258064516129032,0.20002411,0.07744346789775357
main,fpos,reference_xgboost,family_robustness,xgboost_default,PAIRED_BOYDEN::paired_boyden32c::1103_1_1::Tridesclous::3,PAIRED_BOYDEN::paired_boyden32c::1103_1_1,PAIRED_BOYDEN,0.2613268608414239,0.2623391,0.0010122244990759532
main,fpos,reference_xgboost,family_robustness,xgboost_default,PAIRED_BOYDEN::paired_boyden32c::419_1_8::IronClust::14,PAIRED_BOYDEN::paired_boyden32c::419_1_8,PAIRED_BOYDEN,0.0663265306122449,0.029647393,0.03667913746012717
main,fpos,reference_xgboost,family_robustness,xgboost_default,PAIRED_BOYDEN::paired_boyden32c::419_1_8::IronClust::4,PAIRED_BOYDEN::paired_boyden32c::419_1_8,PAIRED_BOYDEN,0.05829903978052126,0.055721052,0.0025779877895353923
main,fpos,reference_xgboost,family_robustness,xgboost_default,PAIRED_BOYDEN::paired_boyden32c::419_1_8::JRClust::24,PAIRED_BOYDEN::paired_boyden32c::419_1_8,PAIRED_BOYDEN,0.08062093139709564,0.026511405,0.054109526733771285
main,fpos,reference_xgboost,family_robustness,xgboost_default,PAIRED_BOYDEN::paired_boyden32c::419_1_8::JRClust::8,PAIRED_BOYDEN::paired_boyden32c::419_1_8,PAIRED_BOYDEN,0.03907637655417407,0.028842103,0.010234273817939406
main,fpos,reference_xgboost,family_robustness,xgboost_default,PAIRED_BOYDEN::paired_boyden32c::419_1_8::KiloSort::17,PAIRED_BOYDEN::paired_boyden32c::419_1_8,PAIRED_BOYDEN,0.06424161521775405,0.024695363,0.039546252322026895
main,fpos,reference_xgboost,family_robustness,xgboost_default,PAIRED_BOYDEN::paired_boyden32c::419_1_8::KiloSort2::27,PAIRED_BOYDEN::paired_boyden32c::419_1_8,PAIRED_BOYDEN,0.1342059838895282,0.05020852,0.08399746374530404
main,fpos,reference_xgboost,family_robustness,xgboost_default,PAIRED_BOYDEN::paired_boyden32c::419_1_8::KiloSort2::46,PAIRED_BOYDEN::paired_boyden32c::419_1_8,PAIRED_BOYDEN,0.02341480088873697,0.021071583,0.0023432178561289367
main,fpos,reference_xgboost,family_robustness,xgboost_default,PAIRED_BOYDEN::paired_boyden32c::419_1_8::MountainSort4::42,PAIRED_BOYDEN::paired_boyden32c::419_1_8,PAIRED_BOYDEN,0.16482219271063892,0.09639187,0.06843032113909808
main,fpos,reference_xgboost,family_robustness,xgboost_default,PAIRED_BOYDEN::paired_boyden32c::419_1_8::SpykingCircus::24,PAIRED_BOYDEN::paired_boyden32c::419_1_8,PAIRED_BOYDEN,0.24721080446271285,0.14604047,0.10117033505467757
main,fpos,reference_xgboost,family_robustness,xgboost_default,PAIRED_BOYDEN::paired_boyden32c::419_1_8::SpykingCircus::28,PAIRED_BOYDEN::paired_boyden32c::419_1_8,PAIRED_BOYDEN,0.029543112332531776,0.02261476,0.006928352008172836
main,fpos,reference_xgboost,family_robustness,xgboost_default,PAIRED_BOYDEN::paired_boyden32c::419_1_8::Tridesclous::0,PAIRED_BOYDEN::paired_boyden32c::419_1_8,PAIRED_BOYDEN,0.15585806056898133,0.130305,0.02555305346887604
main,fpos,reference_xgboost,family_robustness,xgboost_default,PAIRED_CRCNS_HC1::paired_crcns::d11221_d11221.001::SpykingCircus::6,PAIRED_CRCNS_HC1::paired_crcns::d11221_d11221.001,PAIRED_CRCNS_HC1,0.8835978835978836,0.3331931,0.5504047900595993
main,fpos,reference_xgboost,family_robustness,xgboost_default,PAIRED_CRCNS_HC1::paired_crcns::d11222_d11222.002::IronClust::2,PAIRED_CRCNS_HC1::paired_crcns::d11222_d11222.002,PAIRED_CRCNS_HC1,0.04466019417475728,0.21358629,0.1689260915355775
main,fpos,reference_xgboost,family_robustness,xgboost_default,PAIRED_CRCNS_HC1::paired_crcns::d11222_d11222.002::JRClust::3,PAIRED_CRCNS_HC1::paired_crcns::d11222_d11222.002,PAIRED_CRCNS_HC1,0.039337474120082816,0.07224517,0.03290769903617863
main,fpos,reference_xgboost,family_robustness,xgboost_default,PAIRED_CRCNS_HC1::paired_crcns::d11222_d11222.002::KiloSort::1,PAIRED_CRCNS_HC1::paired_crcns::d11222_d11222.002,PAIRED_CRCNS_HC1,0.03337783711615487,0.10303635,0.06965851438578681
main,fpos,reference_xgboost,family_robustness,xgboost_default,PAIRED_CRCNS_HC1::paired_crcns::d11222_d11222.002::KiloSort2::10,PAIRED_CRCNS_HC1::paired_crcns::d11222_d11222.002,PAIRED_CRCNS_HC1,0.550417469492614,0.10769557,0.44272189741438606
main,fpos,reference_xgboost,family_robustness,xgboost_default,PAIRED_CRCNS_HC1::paired_crcns::d11222_d11222.002::Klusta::2,PAIRED_CRCNS_HC1::paired_crcns::d11222_d11222.002,PAIRED_CRCNS_HC1,0.008777852802160702,0.100625806,0.09184795275461344
main,fpos,reference_xgboost,family_robustness,xgboost_default,PAIRED_CRCNS_HC1::paired_crcns::d11222_d11222.002::MountainSort4::4,PAIRED_CRCNS_HC1::paired_crcns::d11222_d11222.002,PAIRED_CRCNS_HC1,0.360427807486631,0.25848868,0.10193912259397658
main,fpos,reference_xgboost,family_robustness,xgboost_default,PAIRED_CRCNS_HC1::paired_crcns::d11222_d11222.002::SpykingCircus::4,PAIRED_CRCNS_HC1::paired_crcns::d11222_d11222.002,PAIRED_CRCNS_HC1,0.11986754966887417,0.082097806,0.03776974363240185
main,fpos,reference_xgboost,family_robustness,xgboost_default,PAIRED_CRCNS_HC1::paired_crcns::d11222_d11222.002::Tridesclous::0,PAIRED_CRCNS_HC1::paired_crcns::d11222_d11222.002,PAIRED_CRCNS_HC1,0.021164021164021163,0.13977778,0.11861375841514143
main,fpos,reference_xgboost,family_robustness,xgboost_default,PAIRED_ENGLISH::paired_english::m139_200114_191955::KiloSort2::25,PAIRED_ENGLISH::paired_english::m139_200114_191955,PAIRED_ENGLISH,0.7302739726027397,0.39676723,0.3335067437609581
main,fpos,reference_xgboost,family_robustness,xgboost_default,PAIRED_ENGLISH::paired_english::m139_200114_191955::MountainSort4::36,PAIRED_ENGLISH::paired_english::m139_200114_191955,PAIRED_ENGLISH,0.8735255086994986,0.63350815,0.24001736289032505
main,fpos,reference_xgboost,family_robustness,xgboost_default,PAIRED_ENGLISH::paired_english::m139_200114_191955::SpykingCircus::42,PAIRED_ENGLISH::paired_english::m139_200114_191955,PAIRED_ENGLISH,0.5584045584045584,0.37627777,0.18212678383218595
main,fpos,reference_xgboost,family_robustness,xgboost_default,PAIRED_ENGLISH::paired_english::m139_200114_222743::HerdingSpikes2::5,PAIRED_ENGLISH::paired_english::m139_200114_222743,PAIRED_ENGLISH,0.03257707969749855,0.1949367,0.16235961301719262
main,fpos,reference_xgboost,family_robustness,xgboost_default,PAIRED_ENGLISH::paired_english::m139_200114_222743::IronClust::17,PAIRED_ENGLISH::paired_english::m139_200114_222743,PAIRED_ENGLISH,0.02675196277987787,0.1480706,0.12131864082920721
main,fpos,reference_xgboost,family_robustness,xgboost_default,PAIRED_ENGLISH::paired_english::m139_200114_222743::KiloSort::88,PAIRED_ENGLISH::paired_english::m139_200114_222743,PAIRED_ENGLISH,0.015151515151515152,0.17089435,0.15574283943031775
main,fpos,reference_xgboost,family_robustness,xgboost_default,PAIRED_ENGLISH::paired_english::m139_200114_222743::KiloSort2::26,PAIRED_ENGLISH::paired_english::m139_200114_222743,PAIRED_ENGLISH,0.028645087367516472,0.12756854,0.09892345558978943
main,fpos,reference_xgboost,family_robustness,xgboost_default,PAIRED_ENGLISH::paired_english::m139_200114_222743::MountainSort4::46,PAIRED_ENGLISH::paired_english::m139_200114_222743,PAIRED_ENGLISH,0.039886039886039885,0.35751936,0.31763331851049026
main,fpos,reference_xgboost,family_robustness,xgboost_default,PAIRED_ENGLISH::paired_english::m139_200114_222743::SpykingCircus::44,PAIRED_ENGLISH::paired_english::m139_200114_222743,PAIRED_ENGLISH,0.028064146620847653,0.120854676,0.09279052914895826
main,fpos,reference_xgboost,family_robustness,xgboost_default,PAIRED_ENGLISH::paired_english::m139_200114_222743::Tridesclous::1,PAIRED_ENGLISH::paired_english::m139_200114_222743,PAIRED_ENGLISH,0.3089646722483153,0.34975114,0.04078647239928296
main,fpos,reference_xgboost,family_robustness,xgboost_default,PAIRED_ENGLISH::paired_english::m14_190326_155432::IronClust::22,PAIRED_ENGLISH::paired_english::m14_190326_155432,PAIRED_ENGLISH,0.0481651376146789,0.03399934,0.01416579886860804
main,fpos,reference_xgboost,family_robustness,xgboost_default,PAIRED_ENGLISH::paired_english::m14_190326_155432::MountainSort4::33,PAIRED_ENGLISH::paired_english::m14_190326_155432,PAIRED_ENGLISH,0.1981651376146789,0.38348868,0.1853235472779755
main,fpos,reference_xgboost,family_robustness,xgboost_default,PAIRED_ENGLISH::paired_english::m14_190326_155432::SpykingCircus::38,PAIRED_ENGLISH::paired_english::m14_190326_155432,PAIRED_ENGLISH,0.013363028953229399,0.024560234,0.0111972046248565
main,fpos,reference_xgboost,family_robustness,xgboost_default,PAIRED_ENGLISH::paired_english::m15_190315_142052_cell1::IronClust::40,PAIRED_ENGLISH::paired_english::m15_190315_142052_cell1,PAIRED_ENGLISH,0.2679960401640503,0.36653218,0.09853613656896665
main,fpos,reference_xgboost,family_robustness,xgboost_default,PAIRED_ENGLISH::paired_english::m15_190315_142052_cell1::KiloSort2::48,PAIRED_ENGLISH::paired_english::m15_190315_142052_cell1,PAIRED_ENGLISH,0.8627861694595232,0.42207983,0.4407063380977526
main,fpos,reference_xgboost,family_robustness,xgboost_default,PAIRED_ENGLISH::paired_english::m15_190315_142052_cell1::MountainSort4::62,PAIRED_ENGLISH::paired_english::m15_190315_142052_cell1,PAIRED_ENGLISH,0.8769885383524361,0.5524739,0.3245146356501045
main,fpos,reference_xgboost,family_robustness,xgboost_default,PAIRED_ENGLISH::paired_english::m15_190315_142052_cell1::MountainSort4::64,PAIRED_ENGLISH::paired_english::m15_190315_142052_cell1,PAIRED_ENGLISH,0.14704761904761904,0.16561365,0.018566032228015728
main,fpos,reference_xgboost,family_robustness,xgboost_default,PAIRED_ENGLISH::paired_english::m15_190315_142052_cell1::SpykingCircus::22,PAIRED_ENGLISH::paired_english::m15_190315_142052_cell1,PAIRED_ENGLISH,0.23500526131182042,0.5206466,0.2856413108012167
main,fpos,reference_xgboost,family_robustness,xgboost_default,PAIRED_ENGLISH::paired_english::m15_190315_142052_cell1::SpykingCircus::57,PAIRED_ENGLISH::paired_english::m15_190315_142052_cell1,PAIRED_ENGLISH,0.6499202551834131,0.31890368,0.33101657056732425
main,fpos,reference_xgboost,family_robustness,xgboost_default,PAIRED_ENGLISH::paired_english::m15_190315_152315_cell1::IronClust::35,PAIRED_ENGLISH::paired_english::m15_190315_152315_cell1,PAIRED_ENGLISH,0.002592440987856461,0.03971131,0.03711887047168486
main,fpos,reference_xgboost,family_robustness,xgboost_default,PAIRED_ENGLISH::paired_english::m15_190315_152315_cell1::KiloSort::1,PAIRED_ENGLISH::paired_english::m15_190315_152315_cell1,PAIRED_ENGLISH,6.528267397832615e-05,0.06546798,0.06540270081028986
main,fpos,reference_xgboost,family_robustness,xgboost_default,PAIRED_ENGLISH::paired_english::m15_190315_152315_cell1::KiloSort2::37,PAIRED_ENGLISH::paired_english::m15_190315_152315_cell1,PAIRED_ENGLISH,0.00039059957034047265,0.044668693,0.04427809352510516
main,fpos,reference_xgboost,family_robustness,xgboost_default,PAIRED_ENGLISH::paired_english::m15_190315_152315_cell1::MountainSort4::72,PAIRED_ENGLISH::paired_english::m15_190315_152315_cell1,PAIRED_ENGLISH,0.052174468356855484,0.21119541,0.15902094094108762
main,fpos,reference_xgboost,family_robustness,xgboost_default,PAIRED_ENGLISH::paired_english::m15_190315_152315_cell1::SpykingCircus::46,PAIRED_ENGLISH::paired_english::m15_190315_152315_cell1,PAIRED_ENGLISH,0.010891280531030483,0.03990703,0.02901575023021143
main,fpos,reference_xgboost,family_robustness,xgboost_default,PAIRED_ENGLISH::paired_english::m15_190315_152315_cell1::Tridesclous::0,PAIRED_ENGLISH::paired_english::m15_190315_152315_cell1,PAIRED_ENGLISH,0.8482136225209834,0.35941154,0.4888020848737361
main,fpos,reference_xgboost,family_robustness,xgboost_default,PAIRED_ENGLISH::paired_english::m26_190524_100859_cell1::KiloSort::19,PAIRED_ENGLISH::paired_english::m26_190524_100859_cell1,PAIRED_ENGLISH,0.2440677966101695,0.14227568,0.10179212047892103
main,fpos,reference_xgboost,family_robustness,xgboost_default,PAIRED_ENGLISH::paired_english::m26_190524_100859_cell1::KiloSort::8,PAIRED_ENGLISH::paired_english::m26_190524_100859_cell1,PAIRED_ENGLISH,0.6505139500734214,0.25414705,0.3963668973085288
main,fpos,reference_xgboost,family_robustness,xgboost_default,PAIRED_ENGLISH::paired_english::m26_190524_100859_cell1::KiloSort2::0,PAIRED_ENGLISH::paired_english::m26_190524_100859_cell1,PAIRED_ENGLISH,0.38315988647114474,0.43023053,0.04707064164508146
main,fpos,reference_xgboost,family_robustness,xgboost_default,PAIRED_ENGLISH::paired_english::m57_191105_141906::IronClust::6,PAIRED_ENGLISH::paired_english::m57_191105_141906,PAIRED_ENGLISH,0.31826625386996904,0.30671838,0.011547874610859543
main,fpos,reference_xgboost,family_robustness,xgboost_default,PAIRED_ENGLISH::paired_english::m57_191105_141906::KiloSort::47,PAIRED_ENGLISH::paired_english::m57_191105_141906,PAIRED_ENGLISH,0.35376344086021505,0.31186712,0.04189632297844015
main,fpos,reference_xgboost,family_robustness,xgboost_default,PAIRED_ENGLISH::paired_english::m57_191105_141906::MountainSort4::21,PAIRED_ENGLISH::paired_english::m57_191105_141906,PAIRED_ENGLISH,0.3323335332933413,0.48163635,0.14930281209316382
main,fpos,reference_xgboost,family_robustness,xgboost_default,PAIRED_ENGLISH::paired_english::m57_191105_141906::MountainSort4::57,PAIRED_ENGLISH::paired_english::m57_191105_141906,PAIRED_ENGLISH,0.23853211009174313,0.2893182,0.05078609383434329
main,fpos,reference_xgboost,family_robustness,xgboost_default,PAIRED_ENGLISH::paired_english::m57_191105_141906::SpykingCircus::12,PAIRED_ENGLISH::paired_english::m57_191105_141906,PAIRED_ENGLISH,0.3535228677379481,0.30647847,0.04704439717405956
main,fpos,reference_xgboost,family_robustness,xgboost_default,PAIRED_ENGLISH::paired_english::m57_191105_141906::SpykingCircus::30,PAIRED_ENGLISH::paired_english::m57_191105_141906,PAIRED_ENGLISH,0.2040332147093713,0.2210275,0.016994278767496374
main,fpos,reference_xgboost,family_robustness,xgboost_default,PAIRED_ENGLISH::paired_english::m57_191105_160026::HerdingSpikes2::1,PAIRED_ENGLISH::paired_english::m57_191105_160026,PAIRED_ENGLISH,0.13630229419703105,0.22722901,0.09092671984200856
main,fpos,reference_xgboost,family_robustness,xgboost_default,PAIRED_ENGLISH::paired_english::m57_191105_160026::IronClust::2,PAIRED_ENGLISH::paired_english::m57_191105_160026,PAIRED_ENGLISH,0.5044008124576845,0.23947363,0.26492718644011404
main,fpos,reference_xgboost,family_robustness,xgboost_default,PAIRED_ENGLISH::paired_english::m57_191105_160026::IronClust::3,PAIRED_ENGLISH::paired_english::m57_191105_160026,PAIRED_ENGLISH,0.05838815789473684,0.2296955,0.17130734104859202
main,fpos,reference_xgboost,family_robustness,xgboost_default,PAIRED_ENGLISH::paired_english::m57_191105_160026::KiloSort::127,PAIRED_ENGLISH::paired_english::m57_191105_160026,PAIRED_ENGLISH,0.5003422313483915,0.3273409,0.17300133045041177
main,fpos,reference_xgboost,family_robustness,xgboost_default,PAIRED_ENGLISH::paired_english::m57_191105_160026::KiloSort::6,PAIRED_ENGLISH::paired_english::m57_191105_160026,PAIRED_ENGLISH,0.02531645569620253,0.2128555,0.18753904726686357
main,fpos,reference_xgboost,family_robustness,xgboost_default,PAIRED_ENGLISH::paired_english::m57_191105_160026::MountainSort4::23,PAIRED_ENGLISH::paired_english::m57_191105_160026,PAIRED_ENGLISH,0.6737967914438503,0.18014021,0.49365657926562
main,fpos,reference_xgboost,family_robustness,xgboost_default,PAIRED_ENGLISH::paired_english::m57_191105_160026::MountainSort4::25,PAIRED_ENGLISH::paired_english::m57_191105_160026,PAIRED_ENGLISH,0.14568081991215226,0.21817072,0.07248989744643691
main,fpos,reference_xgboost,family_robustness,xgboost_default,PAIRED_ENGLISH::paired_english::m57_191105_160026::SpykingCircus::2,PAIRED_ENGLISH::paired_english::m57_191105_160026,PAIRED_ENGLISH,0.6860282574568289,0.49134013,0.19468812688927828
main,fpos,reference_xgboost,family_robustness,xgboost_default,PAIRED_ENGLISH::paired_english::m57_191105_160026::SpykingCircus::4,PAIRED_ENGLISH::paired_english::m57_191105_160026,PAIRED_ENGLISH,0.056790123456790124,0.23969378,0.18290365231625827
main,fpos,reference_xgboost,family_robustness,xgboost_default,PAIRED_ENGLISH::paired_english::m57_191105_160026::Tridesclous::0,PAIRED_ENGLISH::paired_english::m57_191105_160026,PAIRED_ENGLISH,0.8589226823012093,0.5944761,0.26444657851855546
main,fpos,reference_xgboost,family_robustness,xgboost_default,PAIRED_KAMPFF::paired_kampff::c14::HerdingSpikes2::6,PAIRED_KAMPFF::paired_kampff::c14,PAIRED_KAMPFF,0.25090444775484144,0.06726579,0.18363865407369673
main,fpos,reference_xgboost,family_robustness,xgboost_default,PAIRED_KAMPFF::paired_kampff::c14::IronClust::22,PAIRED_KAMPFF::paired_kampff::c14,PAIRED_KAMPFF,0.2240655987795576,0.12147326,0.10259233855569208
main,fpos,reference_xgboost,family_robustness,xgboost_default,PAIRED_KAMPFF::paired_kampff::c14::KiloSort2::37,PAIRED_KAMPFF::paired_kampff::c14,PAIRED_KAMPFF,0.23899885489939474,0.124962635,0.11403621956108831
main,fpos,reference_xgboost,family_robustness,xgboost_default,PAIRED_KAMPFF::paired_kampff::c14::MountainSort4::42,PAIRED_KAMPFF::paired_kampff::c14,PAIRED_KAMPFF,0.031842105263157894,0.023449725,0.008392380723043491
main,fpos,reference_xgboost,family_robustness,xgboost_default,PAIRED_KAMPFF::paired_kampff::c14::SpykingCircus::14,PAIRED_KAMPFF::paired_kampff::c14,PAIRED_KAMPFF,0.0993841579953281,0.04764922,0.051734938363179356
main,fpos,reference_xgboost,family_robustness,xgboost_default,PAIRED_KAMPFF::paired_kampff::c14::Tridesclous::8,PAIRED_KAMPFF::paired_kampff::c14,PAIRED_KAMPFF,0.7298130782302221,0.5534569,0.17635617572625484
main,fpos,reference_xgboost,family_robustness,xgboost_default,PAIRED_MEA64C_YGER::paired_mea64c::20170622_patch1::HerdingSpikes2::19,PAIRED_MEA64C_YGER::paired_mea64c::20170622_patch1,PAIRED_MEA64C_YGER,0.3048016701461378,0.24321207,0.061589596104771216
main,fpos,reference_xgboost,family_robustness,xgboost_default,PAIRED_MEA64C_YGER::paired_mea64c::20170622_patch1::HerdingSpikes2::7,PAIRED_MEA64C_YGER::paired_mea64c::20170622_patch1,PAIRED_MEA64C_YGER,0.006430868167202572,0.012013281,0.005582412597019573
main,fpos,reference_xgboost,family_robustness,xgboost_default,PAIRED_MEA64C_YGER::paired_mea64c::20170622_patch1::IronClust::8,PAIRED_MEA64C_YGER::paired_mea64c::20170622_patch1,PAIRED_MEA64C_YGER,0.32512992968511156,0.13854146,0.18658846964788012
main,fpos,reference_xgboost,family_robustness,xgboost_default,PAIRED_MEA64C_YGER::paired_mea64c::20170622_patch1::KiloSort::64,PAIRED_MEA64C_YGER::paired_mea64c::20170622_patch1,PAIRED_MEA64C_YGER,0.00022805017103762827,0.0065821754,0.006354125210444019
main,fpos,reference_xgboost,family_robustness,xgboost_default,PAIRED_MEA64C_YGER::paired_mea64c::20170622_patch1::KiloSort2::23,PAIRED_MEA64C_YGER::paired_mea64c::20170622_patch1,PAIRED_MEA64C_YGER,0.0,0.008814383,0.008814383298158646
main,fpos,reference_xgboost,family_robustness,xgboost_default,PAIRED_MEA64C_YGER::paired_mea64c::20170622_patch1::Klusta::4,PAIRED_MEA64C_YGER::paired_mea64c::20170622_patch1,PAIRED_MEA64C_YGER,0.0050424628450106155,0.013539064,0.008496600899236345
main,fpos,reference_xgboost,family_robustness,xgboost_default,PAIRED_MEA64C_YGER::paired_mea64c::20170622_patch1::MountainSort4::43,PAIRED_MEA64C_YGER::paired_mea64c::20170622_patch1,PAIRED_MEA64C_YGER,0.0040494938132733405,0.008905308,0.004855814507845014
main,fpos,reference_xgboost,family_robustness,xgboost_default,PAIRED_MEA64C_YGER::paired_mea64c::20170622_patch1::SpykingCircus::18,PAIRED_MEA64C_YGER::paired_mea64c::20170622_patch1,PAIRED_MEA64C_YGER,0.00022079929344226098,0.0075108227,0.007290023438559282
main,fpos,reference_xgboost,family_robustness,xgboost_default,PAIRED_MEA64C_YGER::paired_mea64c::20170622_patch1::Tridesclous::12,PAIRED_MEA64C_YGER::paired_mea64c::20170622_patch1,PAIRED_MEA64C_YGER,0.013830024537140308,0.014710398,0.0008803738537488601
main,fpos,reference_xgboost,family_robustness,xgboost_default,PAIRED_MEA64C_YGER::paired_mea64c::20170622_patch2::HerdingSpikes2::16,PAIRED_MEA64C_YGER::paired_mea64c::20170622_patch2,PAIRED_MEA64C_YGER,0.18683274021352314,0.08085981,0.10597293009961628
main,fpos,reference_xgboost,family_robustness,xgboost_default,PAIRED_MEA64C_YGER::paired_mea64c::20170622_patch2::HerdingSpikes2::44,PAIRED_MEA64C_YGER::paired_mea64c::20170622_patch2,PAIRED_MEA64C_YGER,0.4028520499108734,0.15534212,0.24750993295893098
main,fpos,reference_xgboost,family_robustness,xgboost_default,PAIRED_MEA64C_YGER::paired_mea64c::20170622_patch2::HerdingSpikes2::5,PAIRED_MEA64C_YGER::paired_mea64c::20170622_patch2,PAIRED_MEA64C_YGER,0.06115992970123023,0.0011713431,0.05998858655626953
main,fpos,reference_xgboost,family_robustness,xgboost_default,PAIRED_MEA64C_YGER::paired_mea64c::20170622_patch2::IronClust::11,PAIRED_MEA64C_YGER::paired_mea64c::20170622_patch2,PAIRED_MEA64C_YGER,0.061366806136680614,0.0018569557,0.05950985043705798
main,fpos,reference_xgboost,family_robustness,xgboost_default,PAIRED_MEA64C_YGER::paired_mea64c::20170622_patch2::JRClust::31,PAIRED_MEA64C_YGER::paired_mea64c::20170622_patch2,PAIRED_MEA64C_YGER,0.06118881118881119,0.0018096701,0.059379141064608225
main,fpos,reference_xgboost,family_robustness,xgboost_default,PAIRED_MEA64C_YGER::paired_mea64c::20170622_patch2::KiloSort::5,PAIRED_MEA64C_YGER::paired_mea64c::20170622_patch2,PAIRED_MEA64C_YGER,0.06143106457242583,0.0028674845,0.0585635801071844
main,fpos,reference_xgboost,family_robustness,xgboost_default,PAIRED_MEA64C_YGER::paired_mea64c::20170622_patch2::KiloSort2::33,PAIRED_MEA64C_YGER::paired_mea64c::20170622_patch2,PAIRED_MEA64C_YGER,0.061409630146545706,0.002107274,0.05930235612645501
main,fpos,reference_xgboost,family_robustness,xgboost_default,PAIRED_MEA64C_YGER::paired_mea64c::20170622_patch2::Klusta::14,PAIRED_MEA64C_YGER::paired_mea64c::20170622_patch2,PAIRED_MEA64C_YGER,0.05860349127182045,0.0020066146,0.05659687669106998
main,fpos,reference_xgboost,family_robustness,xgboost_default,PAIRED_MEA64C_YGER::paired_mea64c::20170622_patch2::MountainSort4::31,PAIRED_MEA64C_YGER::paired_mea64c::20170622_patch2,PAIRED_MEA64C_YGER,0.07713404182379156,0.0052679917,0.07186605013941437
main,fpos,reference_xgboost,family_robustness,xgboost_default,PAIRED_MEA64C_YGER::paired_mea64c::20170622_patch2::SpykingCircus::17,PAIRED_MEA64C_YGER::paired_mea64c::20170622_patch2,PAIRED_MEA64C_YGER,0.061366806136680614,0.0020410488,0.0593257573007176
main,fpos,reference_xgboost,family_robustness,xgboost_default,PAIRED_MEA64C_YGER::paired_mea64c::20170622_patch2::Tridesclous::0,PAIRED_MEA64C_YGER::paired_mea64c::20170622_patch2,PAIRED_MEA64C_YGER,0.061366806136680614,0.0018504683,0.05951633779728211
main,fpos,family_balanced_mild_xgboost,family_robustness,xgboost_default,PAIRED_BOYDEN::paired_boyden32c::1103_1_1::IronClust::4,PAIRED_BOYDEN::paired_boyden32c::1103_1_1,PAIRED_BOYDEN,0.11363636363636363,0.12834944,0.014713074673305862
main,fpos,family_balanced_mild_xgboost,family_robustness,xgboost_default,PAIRED_BOYDEN::paired_boyden32c::1103_1_1::JRClust::18,PAIRED_BOYDEN::paired_boyden32c::1103_1_1,PAIRED_BOYDEN,0.26138147566718994,0.29742163,0.03604015853004516
main,fpos,family_balanced_mild_xgboost,family_robustness,xgboost_default,PAIRED_BOYDEN::paired_boyden32c::1103_1_1::KiloSort::111,PAIRED_BOYDEN::paired_boyden32c::1103_1_1,PAIRED_BOYDEN,0.11241007194244604,0.18543215,0.07302207901752253
main,fpos,family_balanced_mild_xgboost,family_robustness,xgboost_default,PAIRED_BOYDEN::paired_boyden32c::1103_1_1::KiloSort2::33,PAIRED_BOYDEN::paired_boyden32c::1103_1_1,PAIRED_BOYDEN,0.17066290550070523,0.19158883,0.020925928427402984
main,fpos,family_balanced_mild_xgboost,family_robustness,xgboost_default,PAIRED_BOYDEN::paired_boyden32c::1103_1_1::KiloSort2::55,PAIRED_BOYDEN::paired_boyden32c::1103_1_1,PAIRED_BOYDEN,0.3333333333333333,0.22815697,0.10517636438210803
main,fpos,family_balanced_mild_xgboost,family_robustness,xgboost_default,PAIRED_BOYDEN::paired_boyden32c::1103_1_1::KiloSort2::60,PAIRED_BOYDEN::paired_boyden32c::1103_1_1,PAIRED_BOYDEN,0.15878378378378377,0.11048383,0.04829995112644658
main,fpos,family_balanced_mild_xgboost,family_robustness,xgboost_default,PAIRED_BOYDEN::paired_boyden32c::1103_1_1::Klusta::12,PAIRED_BOYDEN::paired_boyden32c::1103_1_1,PAIRED_BOYDEN,0.156686626746507,0.22358534,0.06689871065392941
main,fpos,family_balanced_mild_xgboost,family_robustness,xgboost_default,PAIRED_BOYDEN::paired_boyden32c::1103_1_1::MountainSort4::26,PAIRED_BOYDEN::paired_boyden32c::1103_1_1,PAIRED_BOYDEN,0.30532212885154064,0.28524187,0.020080256779320793
main,fpos,family_balanced_mild_xgboost,family_robustness,xgboost_default,PAIRED_BOYDEN::paired_boyden32c::1103_1_1::SpykingCircus::27,PAIRED_BOYDEN::paired_boyden32c::1103_1_1,PAIRED_BOYDEN,0.12258064516129032,0.21089199,0.08831134669242367
main,fpos,family_balanced_mild_xgboost,family_robustness,xgboost_default,PAIRED_BOYDEN::paired_boyden32c::1103_1_1::Tridesclous::3,PAIRED_BOYDEN::paired_boyden32c::1103_1_1,PAIRED_BOYDEN,0.2613268608414239,0.3086472,0.04732032472261721
main,fpos,family_balanced_mild_xgboost,family_robustness,xgboost_default,PAIRED_BOYDEN::paired_boyden32c::419_1_8::IronClust::14,PAIRED_BOYDEN::paired_boyden32c::419_1_8,PAIRED_BOYDEN,0.0663265306122449,0.02198844,0.04433809030725032
main,fpos,family_balanced_mild_xgboost,family_robustness,xgboost_default,PAIRED_BOYDEN::paired_boyden32c::419_1_8::IronClust::4,PAIRED_BOYDEN::paired_boyden32c::419_1_8,PAIRED_BOYDEN,0.05829903978052126,0.05826425,3.478798212992046e-05
main,fpos,family_balanced_mild_xgboost,family_robustness,xgboost_default,PAIRED_BOYDEN::paired_boyden32c::419_1_8::JRClust::24,PAIRED_BOYDEN::paired_boyden32c::419_1_8,PAIRED_BOYDEN,0.08062093139709564,0.023808623,0.05681230866433712
main,fpos,family_balanced_mild_xgboost,family_robustness,xgboost_default,PAIRED_BOYDEN::paired_boyden32c::419_1_8::JRClust::8,PAIRED_BOYDEN::paired_boyden32c::419_1_8,PAIRED_BOYDEN,0.03907637655417407,0.024484996,0.014591380801601057
main,fpos,family_balanced_mild_xgboost,family_robustness,xgboost_default,PAIRED_BOYDEN::paired_boyden32c::419_1_8::KiloSort::17,PAIRED_BOYDEN::paired_boyden32c::419_1_8,PAIRED_BOYDEN,0.06424161521775405,0.026767096,0.037474519666859316
main,fpos,family_balanced_mild_xgboost,family_robustness,xgboost_default,PAIRED_BOYDEN::paired_boyden32c::419_1_8::KiloSort2::27,PAIRED_BOYDEN::paired_boyden32c::419_1_8,PAIRED_BOYDEN,0.1342059838895282,0.038582515,0.09562346891803353
main,fpos,family_balanced_mild_xgboost,family_robustness,xgboost_default,PAIRED_BOYDEN::paired_boyden32c::419_1_8::KiloSort2::46,PAIRED_BOYDEN::paired_boyden32c::419_1_8,PAIRED_BOYDEN,0.02341480088873697,0.027325647,0.003910846063057655
main,fpos,family_balanced_mild_xgboost,family_robustness,xgboost_default,PAIRED_BOYDEN::paired_boyden32c::419_1_8::MountainSort4::42,PAIRED_BOYDEN::paired_boyden32c::419_1_8,PAIRED_BOYDEN,0.16482219271063892,0.10450343,0.06031876228451816
main,fpos,family_balanced_mild_xgboost,family_robustness,xgboost_default,PAIRED_BOYDEN::paired_boyden32c::419_1_8::SpykingCircus::24,PAIRED_BOYDEN::paired_boyden32c::419_1_8,PAIRED_BOYDEN,0.24721080446271285,0.13423413,0.112976674080175
main,fpos,family_balanced_mild_xgboost,family_robustness,xgboost_default,PAIRED_BOYDEN::paired_boyden32c::419_1_8::SpykingCircus::28,PAIRED_BOYDEN::paired_boyden32c::419_1_8,PAIRED_BOYDEN,0.029543112332531776,0.018699236,0.010843876118370857
main,fpos,family_balanced_mild_xgboost,family_robustness,xgboost_default,PAIRED_BOYDEN::paired_boyden32c::419_1_8::Tridesclous::0,PAIRED_BOYDEN::paired_boyden32c::419_1_8,PAIRED_BOYDEN,0.15585806056898133,0.12637793,0.02948013529222504
main,fpos,family_balanced_mild_xgboost,family_robustness,xgboost_default,PAIRED_CRCNS_HC1::paired_crcns::d11221_d11221.001::SpykingCircus::6,PAIRED_CRCNS_HC1::paired_crcns::d11221_d11221.001,PAIRED_CRCNS_HC1,0.8835978835978836,0.40264755,0.48095032872346344
main,fpos,family_balanced_mild_xgboost,family_robustness,xgboost_default,PAIRED_CRCNS_HC1::paired_crcns::d11222_d11222.002::IronClust::2,PAIRED_CRCNS_HC1::paired_crcns::d11222_d11222.002,PAIRED_CRCNS_HC1,0.04466019417475728,0.19028993,0.14562973533440562
main,fpos,family_balanced_mild_xgboost,family_robustness,xgboost_default,PAIRED_CRCNS_HC1::paired_crcns::d11222_d11222.002::JRClust::3,PAIRED_CRCNS_HC1::paired_crcns::d11222_d11222.002,PAIRED_CRCNS_HC1,0.039337474120082816,0.06607796,0.026740488397655526
main,fpos,family_balanced_mild_xgboost,family_robustness,xgboost_default,PAIRED_CRCNS_HC1::paired_crcns::d11222_d11222.002::KiloSort::1,PAIRED_CRCNS_HC1::paired_crcns::d11222_d11222.002,PAIRED_CRCNS_HC1,0.03337783711615487,0.09009172,0.05671388310727195
main,fpos,family_balanced_mild_xgboost,family_robustness,xgboost_default,PAIRED_CRCNS_HC1::paired_crcns::d11222_d11222.002::KiloSort2::10,PAIRED_CRCNS_HC1::paired_crcns::d11222_d11222.002,PAIRED_CRCNS_HC1,0.550417469492614,0.09975076,0.4506667122752068
main,fpos,family_balanced_mild_xgboost,family_robustness,xgboost_default,PAIRED_CRCNS_HC1::paired_crcns::d11222_d11222.002::Klusta::2,PAIRED_CRCNS_HC1::paired_crcns::d11222_d11222.002,PAIRED_CRCNS_HC1,0.008777852802160702,0.084087715,0.07530986175071863
main,fpos,family_balanced_mild_xgboost,family_robustness,xgboost_default,PAIRED_CRCNS_HC1::paired_crcns::d11222_d11222.002::MountainSort4::4,PAIRED_CRCNS_HC1::paired_crcns::d11222_d11222.002,PAIRED_CRCNS_HC1,0.360427807486631,0.21786636,0.14256144634542617
main,fpos,family_balanced_mild_xgboost,family_robustness,xgboost_default,PAIRED_CRCNS_HC1::paired_crcns::d11222_d11222.002::SpykingCircus::4,PAIRED_CRCNS_HC1::paired_crcns::d11222_d11222.002,PAIRED_CRCNS_HC1,0.11986754966887417,0.06442033,0.05544722212466183
main,fpos,family_balanced_mild_xgboost,family_robustness,xgboost_default,PAIRED_CRCNS_HC1::paired_crcns::d11222_d11222.002::Tridesclous::0,PAIRED_CRCNS_HC1::paired_crcns::d11222_d11222.002,PAIRED_CRCNS_HC1,0.021164021164021163,0.12489423,0.1037302103938249
main,fpos,family_balanced_mild_xgboost,family_robustness,xgboost_default,PAIRED_ENGLISH::paired_english::m139_200114_191955::KiloSort2::25,PAIRED_ENGLISH::paired_english::m139_200114_191955,PAIRED_ENGLISH,0.7302739726027397,0.3590994,0.37117458448018115
main,fpos,family_balanced_mild_xgboost,family_robustness,xgboost_default,PAIRED_ENGLISH::paired_english::m139_200114_191955::MountainSort4::36,PAIRED_ENGLISH::paired_english::m139_200114_191955,PAIRED_ENGLISH,0.8735255086994986,0.6265195,0.2470060074902396
main,fpos,family_balanced_mild_xgboost,family_robustness,xgboost_default,PAIRED_ENGLISH::paired_english::m139_200114_191955::SpykingCircus::42,PAIRED_ENGLISH::paired_english::m139_200114_191955,PAIRED_ENGLISH,0.5584045584045584,0.31752977,0.24087479065286466
main,fpos,family_balanced_mild_xgboost,family_robustness,xgboost_default,PAIRED_ENGLISH::paired_english::m139_200114_222743::HerdingSpikes2::5,PAIRED_ENGLISH::paired_english::m139_200114_222743,PAIRED_ENGLISH,0.03257707969749855,0.19274585,0.16016876979266717
main,fpos,family_balanced_mild_xgboost,family_robustness,xgboost_default,PAIRED_ENGLISH::paired_english::m139_200114_222743::IronClust::17,PAIRED_ENGLISH::paired_english::m139_200114_222743,PAIRED_ENGLISH,0.02675196277987787,0.15581112,0.12905915331947973
main,fpos,family_balanced_mild_xgboost,family_robustness,xgboost_default,PAIRED_ENGLISH::paired_english::m139_200114_222743::KiloSort::88,PAIRED_ENGLISH::paired_english::m139_200114_222743,PAIRED_ENGLISH,0.015151515151515152,0.17013551,0.15498399779652106
main,fpos,family_balanced_mild_xgboost,family_robustness,xgboost_default,PAIRED_ENGLISH::paired_english::m139_200114_222743::KiloSort2::26,PAIRED_ENGLISH::paired_english::m139_200114_222743,PAIRED_ENGLISH,0.028645087367516472,0.14177744,0.11313235353805451
main,fpos,family_balanced_mild_xgboost,family_robustness,xgboost_default,PAIRED_ENGLISH::paired_english::m139_200114_222743::MountainSort4::46,PAIRED_ENGLISH::paired_english::m139_200114_222743,PAIRED_ENGLISH,0.039886039886039885,0.35153717,0.31165112813993057
main,fpos,family_balanced_mild_xgboost,family_robustness,xgboost_default,PAIRED_ENGLISH::paired_english::m139_200114_222743::SpykingCircus::44,PAIRED_ENGLISH::paired_english::m139_200114_222743,PAIRED_ENGLISH,0.028064146620847653,0.12396401,0.09589986504831129
main,fpos,family_balanced_mild_xgboost,family_robustness,xgboost_default,PAIRED_ENGLISH::paired_english::m139_200114_222743::Tridesclous::1,PAIRED_ENGLISH::paired_english::m139_200114_222743,PAIRED_ENGLISH,0.3089646722483153,0.32277432,0.013809648592520263
main,fpos,family_balanced_mild_xgboost,family_robustness,xgboost_default,PAIRED_ENGLISH::paired_english::m14_190326_155432::IronClust::22,PAIRED_ENGLISH::paired_english::m14_190326_155432,PAIRED_ENGLISH,0.0481651376146789,0.030187702,0.017977435808252853
main,fpos,family_balanced_mild_xgboost,family_robustness,xgboost_default,PAIRED_ENGLISH::paired_english::m14_190326_155432::MountainSort4::33,PAIRED_ENGLISH::paired_english::m14_190326_155432,PAIRED_ENGLISH,0.1981651376146789,0.33029905,0.13213391200118108
main,fpos,family_balanced_mild_xgboost,family_robustness,xgboost_default,PAIRED_ENGLISH::paired_english::m14_190326_155432::SpykingCircus::38,PAIRED_ENGLISH::paired_english::m14_190326_155432,PAIRED_ENGLISH,0.013363028953229399,0.0220991,0.008736071100080995
main,fpos,family_balanced_mild_xgboost,family_robustness,xgboost_default,PAIRED_ENGLISH::paired_english::m15_190315_142052_cell1::IronClust::40,PAIRED_ENGLISH::paired_english::m15_190315_142052_cell1,PAIRED_ENGLISH,0.2679960401640503,0.32962596,0.06162992400068357
main,fpos,family_balanced_mild_xgboost,family_robustness,xgboost_default,PAIRED_ENGLISH::paired_english::m15_190315_142052_cell1::KiloSort2::48,PAIRED_ENGLISH::paired_english::m15_190315_142052_cell1,PAIRED_ENGLISH,0.8627861694595232,0.41448617,0.44829999964445977
main,fpos,family_balanced_mild_xgboost,family_robustness,xgboost_default,PAIRED_ENGLISH::paired_english::m15_190315_142052_cell1::MountainSort4::62,PAIRED_ENGLISH::paired_english::m15_190315_142052_cell1,PAIRED_ENGLISH,0.8769885383524361,0.56265455,0.3143339835085335
main,fpos,family_balanced_mild_xgboost,family_robustness,xgboost_default,PAIRED_ENGLISH::paired_english::m15_190315_142052_cell1::MountainSort4::64,PAIRED_ENGLISH::paired_english::m15_190315_142052_cell1,PAIRED_ENGLISH,0.14704761904761904,0.15665725,0.009609629687808818
main,fpos,family_balanced_mild_xgboost,family_robustness,xgboost_default,PAIRED_ENGLISH::paired_english::m15_190315_142052_cell1::SpykingCircus::22,PAIRED_ENGLISH::paired_english::m15_190315_142052_cell1,PAIRED_ENGLISH,0.23500526131182042,0.49481112,0.25980585633725795
main,fpos,family_balanced_mild_xgboost,family_robustness,xgboost_default,PAIRED_ENGLISH::paired_english::m15_190315_142052_cell1::SpykingCircus::57,PAIRED_ENGLISH::paired_english::m15_190315_142052_cell1,PAIRED_ENGLISH,0.6499202551834131,0.28700623,0.36291402602119693
main,fpos,family_balanced_mild_xgboost,family_robustness,xgboost_default,PAIRED_ENGLISH::paired_english::m15_190315_152315_cell1::IronClust::35,PAIRED_ENGLISH::paired_english::m15_190315_152315_cell1,PAIRED_ENGLISH,0.002592440987856461,0.038238596,0.03564615518328421
main,fpos,family_balanced_mild_xgboost,family_robustness,xgboost_default,PAIRED_ENGLISH::paired_english::m15_190315_152315_cell1::KiloSort::1,PAIRED_ENGLISH::paired_english::m15_190315_152315_cell1,PAIRED_ENGLISH,6.528267397832615e-05,0.0683194,0.06825411996111917
main,fpos,family_balanced_mild_xgboost,family_robustness,xgboost_default,PAIRED_ENGLISH::paired_english::m15_190315_152315_cell1::KiloSort2::37,PAIRED_ENGLISH::paired_english::m15_190315_152315_cell1,PAIRED_ENGLISH,0.00039059957034047265,0.045718927,0.04532832736604754
main,fpos,family_balanced_mild_xgboost,family_robustness,xgboost_default,PAIRED_ENGLISH::paired_english::m15_190315_152315_cell1::MountainSort4::72,PAIRED_ENGLISH::paired_english::m15_190315_152315_cell1,PAIRED_ENGLISH,0.052174468356855484,0.2115787,0.15940422860931577
main,fpos,family_balanced_mild_xgboost,family_robustness,xgboost_default,PAIRED_ENGLISH::paired_english::m15_190315_152315_cell1::SpykingCircus::46,PAIRED_ENGLISH::paired_english::m15_190315_152315_cell1,PAIRED_ENGLISH,0.010891280531030483,0.042081777,0.031190496475357227
main,fpos,family_balanced_mild_xgboost,family_robustness,xgboost_default,PAIRED_ENGLISH::paired_english::m15_190315_152315_cell1::Tridesclous::0,PAIRED_ENGLISH::paired_english::m15_190315_152315_cell1,PAIRED_ENGLISH,0.8482136225209834,0.40616807,0.4420455491052272
main,fpos,family_balanced_mild_xgboost,family_robustness,xgboost_default,PAIRED_ENGLISH::paired_english::m26_190524_100859_cell1::KiloSort::19,PAIRED_ENGLISH::paired_english::m26_190524_100859_cell1,PAIRED_ENGLISH,0.2440677966101695,0.19013968,0.053928115509324165
main,fpos,family_balanced_mild_xgboost,family_robustness,xgboost_default,PAIRED_ENGLISH::paired_english::m26_190524_100859_cell1::KiloSort::8,PAIRED_ENGLISH::paired_english::m26_190524_100859_cell1,PAIRED_ENGLISH,0.6505139500734214,0.2239006,0.42661334880560675
main,fpos,family_balanced_mild_xgboost,family_robustness,xgboost_default,PAIRED_ENGLISH::paired_english::m26_190524_100859_cell1::KiloSort2::0,PAIRED_ENGLISH::paired_english::m26_190524_100859_cell1,PAIRED_ENGLISH,0.38315988647114474,0.41498092,0.03182103169787687
main,fpos,family_balanced_mild_xgboost,family_robustness,xgboost_default,PAIRED_ENGLISH::paired_english::m57_191105_141906::IronClust::6,PAIRED_ENGLISH::paired_english::m57_191105_141906,PAIRED_ENGLISH,0.31826625386996904,0.2713873,0.046878945033985764
main,fpos,family_balanced_mild_xgboost,family_robustness,xgboost_default,PAIRED_ENGLISH::paired_english::m57_191105_141906::KiloSort::47,PAIRED_ENGLISH::paired_english::m57_191105_141906,PAIRED_ENGLISH,0.35376344086021505,0.31706205,0.036701390756073815
main,fpos,family_balanced_mild_xgboost,family_robustness,xgboost_default,PAIRED_ENGLISH::paired_english::m57_191105_141906::MountainSort4::21,PAIRED_ENGLISH::paired_english::m57_191105_141906,PAIRED_ENGLISH,0.3323335332933413,0.49944937,0.16711583899822363
main,fpos,family_balanced_mild_xgboost,family_robustness,xgboost_default,PAIRED_ENGLISH::paired_english::m57_191105_141906::MountainSort4::57,PAIRED_ENGLISH::paired_english::m57_191105_141906,PAIRED_ENGLISH,0.23853211009174313,0.2803215,0.04178939855426822
main,fpos,family_balanced_mild_xgboost,family_robustness,xgboost_default,PAIRED_ENGLISH::paired_english::m57_191105_141906::SpykingCircus::12,PAIRED_ENGLISH::paired_english::m57_191105_141906,PAIRED_ENGLISH,0.3535228677379481,0.2932341,0.06028875785940807
main,fpos,family_balanced_mild_xgboost,family_robustness,xgboost_default,PAIRED_ENGLISH::paired_english::m57_191105_141906::SpykingCircus::30,PAIRED_ENGLISH::paired_english::m57_191105_141906,PAIRED_ENGLISH,0.2040332147093713,0.24910793,0.045074712374597814
main,fpos,family_balanced_mild_xgboost,family_robustness,xgboost_default,PAIRED_ENGLISH::paired_english::m57_191105_160026::HerdingSpikes2::1,PAIRED_ENGLISH::paired_english::m57_191105_160026,PAIRED_ENGLISH,0.13630229419703105,0.1669912,0.030688909826330157
main,fpos,family_balanced_mild_xgboost,family_robustness,xgboost_default,PAIRED_ENGLISH::paired_english::m57_191105_160026::IronClust::2,PAIRED_ENGLISH::paired_english::m57_191105_160026,PAIRED_ENGLISH,0.5044008124576845,0.17050122,0.33389959521162893
main,fpos,family_balanced_mild_xgboost,family_robustness,xgboost_default,PAIRED_ENGLISH::paired_english::m57_191105_160026::IronClust::3,PAIRED_ENGLISH::paired_english::m57_191105_160026,PAIRED_ENGLISH,0.05838815789473684,0.1830028,0.12461464185463755
main,fpos,family_balanced_mild_xgboost,family_robustness,xgboost_default,PAIRED_ENGLISH::paired_english::m57_191105_160026::KiloSort::127,PAIRED_ENGLISH::paired_english::m57_191105_160026,PAIRED_ENGLISH,0.5003422313483915,0.3229445,0.1773977392467222
main,fpos,family_balanced_mild_xgboost,family_robustness,xgboost_default,PAIRED_ENGLISH::paired_english::m57_191105_160026::KiloSort::6,PAIRED_ENGLISH::paired_english::m57_191105_160026,PAIRED_ENGLISH,0.02531645569620253,0.16290963,0.13759317126455187
main,fpos,family_balanced_mild_xgboost,family_robustness,xgboost_default,PAIRED_ENGLISH::paired_english::m57_191105_160026::MountainSort4::23,PAIRED_ENGLISH::paired_english::m57_191105_160026,PAIRED_ENGLISH,0.6737967914438503,0.12922464,0.5445721483326214
main,fpos,family_balanced_mild_xgboost,family_robustness,xgboost_default,PAIRED_ENGLISH::paired_english::m57_191105_160026::MountainSort4::25,PAIRED_ENGLISH::paired_english::m57_191105_160026,PAIRED_ENGLISH,0.14568081991215226,0.175416,0.029735172824664147
main,fpos,family_balanced_mild_xgboost,family_robustness,xgboost_default,PAIRED_ENGLISH::paired_english::m57_191105_160026::SpykingCircus::2,PAIRED_ENGLISH::paired_english::m57_191105_160026,PAIRED_ENGLISH,0.6860282574568289,0.45441824,0.2316100154791373
main,fpos,family_balanced_mild_xgboost,family_robustness,xgboost_default,PAIRED_ENGLISH::paired_english::m57_191105_160026::SpykingCircus::4,PAIRED_ENGLISH::paired_english::m57_191105_160026,PAIRED_ENGLISH,0.056790123456790124,0.17598318,0.1191930521785477
main,fpos,family_balanced_mild_xgboost,family_robustness,xgboost_default,PAIRED_ENGLISH::paired_english::m57_191105_160026::Tridesclous::0,PAIRED_ENGLISH::paired_english::m57_191105_160026,PAIRED_ENGLISH,0.8589226823012093,0.5180207,0.340901992813752
main,fpos,family_balanced_mild_xgboost,family_robustness,xgboost_default,PAIRED_KAMPFF::paired_kampff::c14::HerdingSpikes2::6,PAIRED_KAMPFF::paired_kampff::c14,PAIRED_KAMPFF,0.25090444775484144,0.04924572,0.20165872888825476
main,fpos,family_balanced_mild_xgboost,family_robustness,xgboost_default,PAIRED_KAMPFF::paired_kampff::c14::IronClust::22,PAIRED_KAMPFF::paired_kampff::c14,PAIRED_KAMPFF,0.2240655987795576,0.082408495,0.14165710353219355
main,fpos,family_balanced_mild_xgboost,family_robustness,xgboost_default,PAIRED_KAMPFF::paired_kampff::c14::KiloSort2::37,PAIRED_KAMPFF::paired_kampff::c14,PAIRED_KAMPFF,0.23899885489939474,0.11425647,0.12474238350390218
main,fpos,family_balanced_mild_xgboost,family_robustness,xgboost_default,PAIRED_KAMPFF::paired_kampff::c14::MountainSort4::42,PAIRED_KAMPFF::paired_kampff::c14,PAIRED_KAMPFF,0.031842105263157894,0.01995285,0.011889254846855213
main,fpos,family_balanced_mild_xgboost,family_robustness,xgboost_default,PAIRED_KAMPFF::paired_kampff::c14::SpykingCircus::14,PAIRED_KAMPFF::paired_kampff::c14,PAIRED_KAMPFF,0.0993841579953281,0.030910222,0.06847393613551536
main,fpos,family_balanced_mild_xgboost,family_robustness,xgboost_default,PAIRED_KAMPFF::paired_kampff::c14::Tridesclous::8,PAIRED_KAMPFF::paired_kampff::c14,PAIRED_KAMPFF,0.7298130782302221,0.5632476,0.1665654571708044
main,fpos,family_balanced_mild_xgboost,family_robustness,xgboost_default,PAIRED_MEA64C_YGER::paired_mea64c::20170622_patch1::HerdingSpikes2::19,PAIRED_MEA64C_YGER::paired_mea64c::20170622_patch1,PAIRED_MEA64C_YGER,0.3048016701461378,0.28328326,0.02151840670123728
main,fpos,family_balanced_mild_xgboost,family_robustness,xgboost_default,PAIRED_MEA64C_YGER::paired_mea64c::20170622_patch1::HerdingSpikes2::7,PAIRED_MEA64C_YGER::paired_mea64c::20170622_patch1,PAIRED_MEA64C_YGER,0.006430868167202572,0.013118931,0.0066880629251193004
main,fpos,family_balanced_mild_xgboost,family_robustness,xgboost_default,PAIRED_MEA64C_YGER::paired_mea64c::20170622_patch1::IronClust::8,PAIRED_MEA64C_YGER::paired_mea64c::20170622_patch1,PAIRED_MEA64C_YGER,0.32512992968511156,0.1645095,0.16062042465161852
main,fpos,family_balanced_mild_xgboost,family_robustness,xgboost_default,PAIRED_MEA64C_YGER::paired_mea64c::20170622_patch1::KiloSort::64,PAIRED_MEA64C_YGER::paired_mea64c::20170622_patch1,PAIRED_MEA64C_YGER,0.00022805017103762827,0.009282399,0.009054348797897384
main,fpos,family_balanced_mild_xgboost,family_robustness,xgboost_default,PAIRED_MEA64C_YGER::paired_mea64c::20170622_patch1::KiloSort2::23,PAIRED_MEA64C_YGER::paired_mea64c::20170622_patch1,PAIRED_MEA64C_YGER,0.0,0.009679629,0.009679628536105156
main,fpos,family_balanced_mild_xgboost,family_robustness,xgboost_default,PAIRED_MEA64C_YGER::paired_mea64c::20170622_patch1::Klusta::4,PAIRED_MEA64C_YGER::paired_mea64c::20170622_patch1,PAIRED_MEA64C_YGER,0.0050424628450106155,0.021382378,0.016339915569262647
main,fpos,family_balanced_mild_xgboost,family_robustness,xgboost_default,PAIRED_MEA64C_YGER::paired_mea64c::20170622_patch1::MountainSort4::43,PAIRED_MEA64C_YGER::paired_mea64c::20170622_patch1,PAIRED_MEA64C_YGER,0.0040494938132733405,0.011296794,0.007247300005200475
main,fpos,family_balanced_mild_xgboost,family_robustness,xgboost_default,PAIRED_MEA64C_YGER::paired_mea64c::20170622_patch1::SpykingCircus::18,PAIRED_MEA64C_YGER::paired_mea64c::20170622_patch1,PAIRED_MEA64C_YGER,0.00022079929344226098,0.0083792405,0.00815844122685622
main,fpos,family_balanced_mild_xgboost,family_robustness,xgboost_default,PAIRED_MEA64C_YGER::paired_mea64c::20170622_patch1::Tridesclous::12,PAIRED_MEA64C_YGER::paired_mea64c::20170622_patch1,PAIRED_MEA64C_YGER,0.013830024537140308,0.017471142,0.003641117576068463
main,fpos,family_balanced_mild_xgboost,family_robustness,xgboost_default,PAIRED_MEA64C_YGER::paired_mea64c::20170622_patch2::HerdingSpikes2::16,PAIRED_MEA64C_YGER::paired_mea64c::20170622_patch2,PAIRED_MEA64C_YGER,0.18683274021352314,0.055656735,0.13117600535954022
main,fpos,family_balanced_mild_xgboost,family_robustness,xgboost_default,PAIRED_MEA64C_YGER::paired_mea64c::20170622_patch2::HerdingSpikes2::44,PAIRED_MEA64C_YGER::paired_mea64c::20170622_patch2,PAIRED_MEA64C_YGER,0.4028520499108734,0.14021495,0.2626371000646057
main,fpos,family_balanced_mild_xgboost,family_robustness,xgboost_default,PAIRED_MEA64C_YGER::paired_mea64c::20170622_patch2::HerdingSpikes2::5,PAIRED_MEA64C_YGER::paired_mea64c::20170622_patch2,PAIRED_MEA64C_YGER,0.06115992970123023,0.00086327747,0.06029665223146856
main,fpos,family_balanced_mild_xgboost,family_robustness,xgboost_default,PAIRED_MEA64C_YGER::paired_mea64c::20170622_patch2::IronClust::11,PAIRED_MEA64C_YGER::paired_mea64c::20170622_patch2,PAIRED_MEA64C_YGER,0.061366806136680614,0.0012625614,0.06010424471856452
main,fpos,family_balanced_mild_xgboost,family_robustness,xgboost_default,PAIRED_MEA64C_YGER::paired_mea64c::20170622_patch2::JRClust::31,PAIRED_MEA64C_YGER::paired_mea64c::20170622_patch2,PAIRED_MEA64C_YGER,0.06118881118881119,0.0013678761,0.05982093511546565
main,fpos,family_balanced_mild_xgboost,family_robustness,xgboost_default,PAIRED_MEA64C_YGER::paired_mea64c::20170622_patch2::KiloSort::5,PAIRED_MEA64C_YGER::paired_mea64c::20170622_patch2,PAIRED_MEA64C_YGER,0.06143106457242583,0.0025631238,0.058867940748350965
main,fpos,family_balanced_mild_xgboost,family_robustness,xgboost_default,PAIRED_MEA64C_YGER::paired_mea64c::20170622_patch2::KiloSort2::33,PAIRED_MEA64C_YGER::paired_mea64c::20170622_patch2,PAIRED_MEA64C_YGER,0.061409630146545706,0.0019877192,0.05942191093668097
main,fpos,family_balanced_mild_xgboost,family_robustness,xgboost_default,PAIRED_MEA64C_YGER::paired_mea64c::20170622_patch2::Klusta::14,PAIRED_MEA64C_YGER::paired_mea64c::20170622_patch2,PAIRED_MEA64C_YGER,0.05860349127182045,0.0017020158,0.05690147551798501
main,fpos,family_balanced_mild_xgboost,family_robustness,xgboost_default,PAIRED_MEA64C_YGER::paired_mea64c::20170622_patch2::MountainSort4::31,PAIRED_MEA64C_YGER::paired_mea64c::20170622_patch2,PAIRED_MEA64C_YGER,0.07713404182379156,0.004448644,0.07268539793823868
main,fpos,family_balanced_mild_xgboost,family_robustness,xgboost_default,PAIRED_MEA64C_YGER::paired_mea64c::20170622_patch2::SpykingCircus::17,PAIRED_MEA64C_YGER::paired_mea64c::20170622_patch2,PAIRED_MEA64C_YGER,0.061366806136680614,0.001917126,0.059449680130233835
main,fpos,family_balanced_mild_xgboost,family_robustness,xgboost_default,PAIRED_MEA64C_YGER::paired_mea64c::20170622_patch2::Tridesclous::0,PAIRED_MEA64C_YGER::paired_mea64c::20170622_patch2,PAIRED_MEA64C_YGER,0.061366806136680614,0.0015050403,0.05986176580586828
main,fpos,family_balanced_strong_xgboost,family_robustness,xgboost_default,PAIRED_BOYDEN::paired_boyden32c::1103_1_1::IronClust::4,PAIRED_BOYDEN::paired_boyden32c::1103_1_1,PAIRED_BOYDEN,0.11363636363636363,0.16187344,0.04823708127845418
main,fpos,family_balanced_strong_xgboost,family_robustness,xgboost_default,PAIRED_BOYDEN::paired_boyden32c::1103_1_1::JRClust::18,PAIRED_BOYDEN::paired_boyden32c::1103_1_1,PAIRED_BOYDEN,0.26138147566718994,0.32565618,0.06427469994621338
main,fpos,family_balanced_strong_xgboost,family_robustness,xgboost_default,PAIRED_BOYDEN::paired_boyden32c::1103_1_1::KiloSort::111,PAIRED_BOYDEN::paired_boyden32c::1103_1_1,PAIRED_BOYDEN,0.11241007194244604,0.21295743,0.10054735496318598
main,fpos,family_balanced_strong_xgboost,family_robustness,xgboost_default,PAIRED_BOYDEN::paired_boyden32c::1103_1_1::KiloSort2::33,PAIRED_BOYDEN::paired_boyden32c::1103_1_1,PAIRED_BOYDEN,0.17066290550070523,0.21341668,0.04275377519292117
main,fpos,family_balanced_strong_xgboost,family_robustness,xgboost_default,PAIRED_BOYDEN::paired_boyden32c::1103_1_1::KiloSort2::55,PAIRED_BOYDEN::paired_boyden32c::1103_1_1,PAIRED_BOYDEN,0.3333333333333333,0.2320688,0.10126452644666034
main,fpos,family_balanced_strong_xgboost,family_robustness,xgboost_default,PAIRED_BOYDEN::paired_boyden32c::1103_1_1::KiloSort2::60,PAIRED_BOYDEN::paired_boyden32c::1103_1_1,PAIRED_BOYDEN,0.15878378378378377,0.11204861,0.046735172738900044
main,fpos,family_balanced_strong_xgboost,family_robustness,xgboost_default,PAIRED_BOYDEN::paired_boyden32c::1103_1_1::Klusta::12,PAIRED_BOYDEN::paired_boyden32c::1103_1_1,PAIRED_BOYDEN,0.156686626746507,0.21523432,0.05854769758954495
main,fpos,family_balanced_strong_xgboost,family_robustness,xgboost_default,PAIRED_BOYDEN::paired_boyden32c::1103_1_1::MountainSort4::26,PAIRED_BOYDEN::paired_boyden32c::1103_1_1,PAIRED_BOYDEN,0.30532212885154064,0.3256262,0.020304065625540657
main,fpos,family_balanced_strong_xgboost,family_robustness,xgboost_default,PAIRED_BOYDEN::paired_boyden32c::1103_1_1::SpykingCircus::27,PAIRED_BOYDEN::paired_boyden32c::1103_1_1,PAIRED_BOYDEN,0.12258064516129032,0.20954834,0.08696769408641324
main,fpos,family_balanced_strong_xgboost,family_robustness,xgboost_default,PAIRED_BOYDEN::paired_boyden32c::1103_1_1::Tridesclous::3,PAIRED_BOYDEN::paired_boyden32c::1103_1_1,PAIRED_BOYDEN,0.2613268608414239,0.29888734,0.037560481373160426
main,fpos,family_balanced_strong_xgboost,family_robustness,xgboost_default,PAIRED_BOYDEN::paired_boyden32c::419_1_8::IronClust::14,PAIRED_BOYDEN::paired_boyden32c::419_1_8,PAIRED_BOYDEN,0.0663265306122449,0.027955603,0.03837092775775462
main,fpos,family_balanced_strong_xgboost,family_robustness,xgboost_default,PAIRED_BOYDEN::paired_boyden32c::419_1_8::IronClust::4,PAIRED_BOYDEN::paired_boyden32c::419_1_8,PAIRED_BOYDEN,0.05829903978052126,0.053070955,0.005228084802055229
main,fpos,family_balanced_strong_xgboost,family_robustness,xgboost_default,PAIRED_BOYDEN::paired_boyden32c::419_1_8::JRClust::24,PAIRED_BOYDEN::paired_boyden32c::419_1_8,PAIRED_BOYDEN,0.08062093139709564,0.02177078,0.05885015049101444
main,fpos,family_balanced_strong_xgboost,family_robustness,xgboost_default,PAIRED_BOYDEN::paired_boyden32c::419_1_8::JRClust::8,PAIRED_BOYDEN::paired_boyden32c::419_1_8,PAIRED_BOYDEN,0.03907637655417407,0.027523147,0.01155322961191619
main,fpos,family_balanced_strong_xgboost,family_robustness,xgboost_default,PAIRED_BOYDEN::paired_boyden32c::419_1_8::KiloSort::17,PAIRED_BOYDEN::paired_boyden32c::419_1_8,PAIRED_BOYDEN,0.06424161521775405,0.028726457,0.03551515853089969
main,fpos,family_balanced_strong_xgboost,family_robustness,xgboost_default,PAIRED_BOYDEN::paired_boyden32c::419_1_8::KiloSort2::27,PAIRED_BOYDEN::paired_boyden32c::419_1_8,PAIRED_BOYDEN,0.1342059838895282,0.045604546,0.08860143826646416
main,fpos,family_balanced_strong_xgboost,family_robustness,xgboost_default,PAIRED_BOYDEN::paired_boyden32c::419_1_8::KiloSort2::46,PAIRED_BOYDEN::paired_boyden32c::419_1_8,PAIRED_BOYDEN,0.02341480088873697,0.02073926,0.002675541690428978
main,fpos,family_balanced_strong_xgboost,family_robustness,xgboost_default,PAIRED_BOYDEN::paired_boyden32c::419_1_8::MountainSort4::42,PAIRED_BOYDEN::paired_boyden32c::419_1_8,PAIRED_BOYDEN,0.16482219271063892,0.08436997,0.08045222036242572
main,fpos,family_balanced_strong_xgboost,family_robustness,xgboost_default,PAIRED_BOYDEN::paired_boyden32c::419_1_8::SpykingCircus::24,PAIRED_BOYDEN::paired_boyden32c::419_1_8,PAIRED_BOYDEN,0.24721080446271285,0.1266993,0.12051150584248885
main,fpos,family_balanced_strong_xgboost,family_robustness,xgboost_default,PAIRED_BOYDEN::paired_boyden32c::419_1_8::SpykingCircus::28,PAIRED_BOYDEN::paired_boyden32c::419_1_8,PAIRED_BOYDEN,0.029543112332531776,0.01295033,0.016592782291182842
main,fpos,family_balanced_strong_xgboost,family_robustness,xgboost_default,PAIRED_BOYDEN::paired_boyden32c::419_1_8::Tridesclous::0,PAIRED_BOYDEN::paired_boyden32c::419_1_8,PAIRED_BOYDEN,0.15585806056898133,0.14523666,0.010621404499225773
main,fpos,family_balanced_strong_xgboost,family_robustness,xgboost_default,PAIRED_CRCNS_HC1::paired_crcns::d11221_d11221.001::SpykingCircus::6,PAIRED_CRCNS_HC1::paired_crcns::d11221_d11221.001,PAIRED_CRCNS_HC1,0.8835978835978836,0.38605657,0.4975413113990158
main,fpos,family_balanced_strong_xgboost,family_robustness,xgboost_default,PAIRED_CRCNS_HC1::paired_crcns::d11222_d11222.002::IronClust::2,PAIRED_CRCNS_HC1::paired_crcns::d11222_d11222.002,PAIRED_CRCNS_HC1,0.04466019417475728,0.1710414,0.1263812050657365
main,fpos,family_balanced_strong_xgboost,family_robustness,xgboost_default,PAIRED_CRCNS_HC1::paired_crcns::d11222_d11222.002::JRClust::3,PAIRED_CRCNS_HC1::paired_crcns::d11222_d11222.002,PAIRED_CRCNS_HC1,0.039337474120082816,0.05589504,0.016557567554292718
main,fpos,family_balanced_strong_xgboost,family_robustness,xgboost_default,PAIRED_CRCNS_HC1::paired_crcns::d11222_d11222.002::KiloSort::1,PAIRED_CRCNS_HC1::paired_crcns::d11222_d11222.002,PAIRED_CRCNS_HC1,0.03337783711615487,0.06935613,0.03597829145726279
main,fpos,family_balanced_strong_xgboost,family_robustness,xgboost_default,PAIRED_CRCNS_HC1::paired_crcns::d11222_d11222.002::KiloSort2::10,PAIRED_CRCNS_HC1::paired_crcns::d11222_d11222.002,PAIRED_CRCNS_HC1,0.550417469492614,0.12391595,0.4265015215188859
main,fpos,family_balanced_strong_xgboost,family_robustness,xgboost_default,PAIRED_CRCNS_HC1::paired_crcns::d11222_d11222.002::Klusta::2,PAIRED_CRCNS_HC1::paired_crcns::d11222_d11222.002,PAIRED_CRCNS_HC1,0.008777852802160702,0.072425224,0.063647371084806
main,fpos,family_balanced_strong_xgboost,family_robustness,xgboost_default,PAIRED_CRCNS_HC1::paired_crcns::d11222_d11222.002::MountainSort4::4,PAIRED_CRCNS_HC1::paired_crcns::d11222_d11222.002,PAIRED_CRCNS_HC1,0.360427807486631,0.24742474,0.11300307086763534
main,fpos,family_balanced_strong_xgboost,family_robustness,xgboost_default,PAIRED_CRCNS_HC1::paired_crcns::d11222_d11222.002::SpykingCircus::4,PAIRED_CRCNS_HC1::paired_crcns::d11222_d11222.002,PAIRED_CRCNS_HC1,0.11986754966887417,0.06631795,0.05354959649952831
main,fpos,family_balanced_strong_xgboost,family_robustness,xgboost_default,PAIRED_CRCNS_HC1::paired_crcns::d11222_d11222.002::Tridesclous::0,PAIRED_CRCNS_HC1::paired_crcns::d11222_d11222.002,PAIRED_CRCNS_HC1,0.021164021164021163,0.08188816,0.060724140435614915
main,fpos,family_balanced_strong_xgboost,family_robustness,xgboost_default,PAIRED_ENGLISH::paired_english::m139_200114_191955::KiloSort2::25,PAIRED_ENGLISH::paired_english::m139_200114_191955,PAIRED_ENGLISH,0.7302739726027397,0.3522416,0.3780323670824913
main,fpos,family_balanced_strong_xgboost,family_robustness,xgboost_default,PAIRED_ENGLISH::paired_english::m139_200114_191955::MountainSort4::36,PAIRED_ENGLISH::paired_english::m139_200114_191955,PAIRED_ENGLISH,0.8735255086994986,0.6127952,0.26073033457764194
main,fpos,family_balanced_strong_xgboost,family_robustness,xgboost_default,PAIRED_ENGLISH::paired_english::m139_200114_191955::SpykingCircus::42,PAIRED_ENGLISH::paired_english::m139_200114_191955,PAIRED_ENGLISH,0.5584045584045584,0.32842973,0.2299748296581442
main,fpos,family_balanced_strong_xgboost,family_robustness,xgboost_default,PAIRED_ENGLISH::paired_english::m139_200114_222743::HerdingSpikes2::5,PAIRED_ENGLISH::paired_english::m139_200114_222743,PAIRED_ENGLISH,0.03257707969749855,0.17530152,0.14272444231902673
main,fpos,family_balanced_strong_xgboost,family_robustness,xgboost_default,PAIRED_ENGLISH::paired_english::m139_200114_222743::IronClust::17,PAIRED_ENGLISH::paired_english::m139_200114_222743,PAIRED_ENGLISH,0.02675196277987787,0.15183865,0.12508668255913427
main,fpos,family_balanced_strong_xgboost,family_robustness,xgboost_default,PAIRED_ENGLISH::paired_english::m139_200114_222743::KiloSort::88,PAIRED_ENGLISH::paired_english::m139_200114_222743,PAIRED_ENGLISH,0.015151515151515152,0.14849666,0.13334514245842444
main,fpos,family_balanced_strong_xgboost,family_robustness,xgboost_default,PAIRED_ENGLISH::paired_english::m139_200114_222743::KiloSort2::26,PAIRED_ENGLISH::paired_english::m139_200114_222743,PAIRED_ENGLISH,0.028645087367516472,0.14691344,0.11826835166789917
main,fpos,family_balanced_strong_xgboost,family_robustness,xgboost_default,PAIRED_ENGLISH::paired_english::m139_200114_222743::MountainSort4::46,PAIRED_ENGLISH::paired_english::m139_200114_222743,PAIRED_ENGLISH,0.039886039886039885,0.35485387,0.3149678285984572
main,fpos,family_balanced_strong_xgboost,family_robustness,xgboost_default,PAIRED_ENGLISH::paired_english::m139_200114_222743::SpykingCircus::44,PAIRED_ENGLISH::paired_english::m139_200114_222743,PAIRED_ENGLISH,0.028064146620847653,0.11062562,0.082561470585249
main,fpos,family_balanced_strong_xgboost,family_robustness,xgboost_default,PAIRED_ENGLISH::paired_english::m139_200114_222743::Tridesclous::1,PAIRED_ENGLISH::paired_english::m139_200114_222743,PAIRED_ENGLISH,0.3089646722483153,0.2416525,0.06731216863865802
main,fpos,family_balanced_strong_xgboost,family_robustness,xgboost_default,PAIRED_ENGLISH::paired_english::m14_190326_155432::IronClust::22,PAIRED_ENGLISH::paired_english::m14_190326_155432,PAIRED_ENGLISH,0.0481651376146789,0.036478166,0.01168697207755999
main,fpos,family_balanced_strong_xgboost,family_robustness,xgboost_default,PAIRED_ENGLISH::paired_english::m14_190326_155432::MountainSort4::33,PAIRED_ENGLISH::paired_english::m14_190326_155432,PAIRED_ENGLISH,0.1981651376146789,0.364336,0.1661708761792664
main,fpos,family_balanced_strong_xgboost,family_robustness,xgboost_default,PAIRED_ENGLISH::paired_english::m14_190326_155432::SpykingCircus::38,PAIRED_ENGLISH::paired_english::m14_190326_155432,PAIRED_ENGLISH,0.013363028953229399,0.024876053,0.011513023560489206
main,fpos,family_balanced_strong_xgboost,family_robustness,xgboost_default,PAIRED_ENGLISH::paired_english::m15_190315_142052_cell1::IronClust::40,PAIRED_ENGLISH::paired_english::m15_190315_142052_cell1,PAIRED_ENGLISH,0.2679960401640503,0.28118837,0.013192328633251926
main,fpos,family_balanced_strong_xgboost,family_robustness,xgboost_default,PAIRED_ENGLISH::paired_english::m15_190315_142052_cell1::KiloSort2::48,PAIRED_ENGLISH::paired_english::m15_190315_142052_cell1,PAIRED_ENGLISH,0.8627861694595232,0.4048669,0.4579192654392138
main,fpos,family_balanced_strong_xgboost,family_robustness,xgboost_default,PAIRED_ENGLISH::paired_english::m15_190315_142052_cell1::MountainSort4::62,PAIRED_ENGLISH::paired_english::m15_190315_142052_cell1,PAIRED_ENGLISH,0.8769885383524361,0.53246975,0.34451878890175247
main,fpos,family_balanced_strong_xgboost,family_robustness,xgboost_default,PAIRED_ENGLISH::paired_english::m15_190315_142052_cell1::MountainSort4::64,PAIRED_ENGLISH::paired_english::m15_190315_142052_cell1,PAIRED_ENGLISH,0.14704761904761904,0.14181633,0.005231286111332112
main,fpos,family_balanced_strong_xgboost,family_robustness,xgboost_default,PAIRED_ENGLISH::paired_english::m15_190315_142052_cell1::SpykingCircus::22,PAIRED_ENGLISH::paired_english::m15_190315_142052_cell1,PAIRED_ENGLISH,0.23500526131182042,0.5865139,0.3515086156031576
main,fpos,family_balanced_strong_xgboost,family_robustness,xgboost_default,PAIRED_ENGLISH::paired_english::m15_190315_142052_cell1::SpykingCircus::57,PAIRED_ENGLISH::paired_english::m15_190315_142052_cell1,PAIRED_ENGLISH,0.6499202551834131,0.37260208,0.2773181798450495
main,fpos,family_balanced_strong_xgboost,family_robustness,xgboost_default,PAIRED_ENGLISH::paired_english::m15_190315_152315_cell1::IronClust::35,PAIRED_ENGLISH::paired_english::m15_190315_152315_cell1,PAIRED_ENGLISH,0.002592440987856461,0.032078404,0.02948596299168341
main,fpos,family_balanced_strong_xgboost,family_robustness,xgboost_default,PAIRED_ENGLISH::paired_english::m15_190315_152315_cell1::KiloSort::1,PAIRED_ENGLISH::paired_english::m15_190315_152315_cell1,PAIRED_ENGLISH,6.528267397832615e-05,0.06429346,0.06422817638382959
main,fpos,family_balanced_strong_xgboost,family_robustness,xgboost_default,PAIRED_ENGLISH::paired_english::m15_190315_152315_cell1::KiloSort2::37,PAIRED_ENGLISH::paired_english::m15_190315_152315_cell1,PAIRED_ENGLISH,0.00039059957034047265,0.03502348,0.03463288108342234
main,fpos,family_balanced_strong_xgboost,family_robustness,xgboost_default,PAIRED_ENGLISH::paired_english::m15_190315_152315_cell1::MountainSort4::72,PAIRED_ENGLISH::paired_english::m15_190315_152315_cell1,PAIRED_ENGLISH,0.052174468356855484,0.18984197,0.13766750244449796
main,fpos,family_balanced_strong_xgboost,family_robustness,xgboost_default,PAIRED_ENGLISH::paired_english::m15_190315_152315_cell1::SpykingCircus::46,PAIRED_ENGLISH::paired_english::m15_190315_152315_cell1,PAIRED_ENGLISH,0.010891280531030483,0.03843951,0.027548227996486836
main,fpos,family_balanced_strong_xgboost,family_robustness,xgboost_default,PAIRED_ENGLISH::paired_english::m15_190315_152315_cell1::Tridesclous::0,PAIRED_ENGLISH::paired_english::m15_190315_152315_cell1,PAIRED_ENGLISH,0.8482136225209834,0.33581108,0.512402543972552
main,fpos,family_balanced_strong_xgboost,family_robustness,xgboost_default,PAIRED_ENGLISH::paired_english::m26_190524_100859_cell1::KiloSort::19,PAIRED_ENGLISH::paired_english::m26_190524_100859_cell1,PAIRED_ENGLISH,0.2440677966101695,0.20551406,0.03855373813944349
main,fpos,family_balanced_strong_xgboost,family_robustness,xgboost_default,PAIRED_ENGLISH::paired_english::m26_190524_100859_cell1::KiloSort::8,PAIRED_ENGLISH::paired_english::m26_190524_100859_cell1,PAIRED_ENGLISH,0.6505139500734214,0.25435084,0.39616310902804175
main,fpos,family_balanced_strong_xgboost,family_robustness,xgboost_default,PAIRED_ENGLISH::paired_english::m26_190524_100859_cell1::KiloSort2::0,PAIRED_ENGLISH::paired_english::m26_190524_100859_cell1,PAIRED_ENGLISH,0.38315988647114474,0.35350642,0.029653470388762537
main,fpos,family_balanced_strong_xgboost,family_robustness,xgboost_default,PAIRED_ENGLISH::paired_english::m57_191105_141906::IronClust::6,PAIRED_ENGLISH::paired_english::m57_191105_141906,PAIRED_ENGLISH,0.31826625386996904,0.29984584,0.018420409362751633
main,fpos,family_balanced_strong_xgboost,family_robustness,xgboost_default,PAIRED_ENGLISH::paired_english::m57_191105_141906::KiloSort::47,PAIRED_ENGLISH::paired_english::m57_191105_141906,PAIRED_ENGLISH,0.35376344086021505,0.31015947,0.0436039662489327
main,fpos,family_balanced_strong_xgboost,family_robustness,xgboost_default,PAIRED_ENGLISH::paired_english::m57_191105_141906::MountainSort4::21,PAIRED_ENGLISH::paired_english::m57_191105_141906,PAIRED_ENGLISH,0.3323335332933413,0.5051881,0.17285457419719824
main,fpos,family_balanced_strong_xgboost,family_robustness,xgboost_default,PAIRED_ENGLISH::paired_english::m57_191105_141906::MountainSort4::57,PAIRED_ENGLISH::paired_english::m57_191105_141906,PAIRED_ENGLISH,0.23853211009174313,0.24051861,0.0019865045580295115
main,fpos,family_balanced_strong_xgboost,family_robustness,xgboost_default,PAIRED_ENGLISH::paired_english::m57_191105_141906::SpykingCircus::12,PAIRED_ENGLISH::paired_english::m57_191105_141906,PAIRED_ENGLISH,0.3535228677379481,0.27013597,0.08338689881437938
main,fpos,family_balanced_strong_xgboost,family_robustness,xgboost_default,PAIRED_ENGLISH::paired_english::m57_191105_141906::SpykingCircus::30,PAIRED_ENGLISH::paired_english::m57_191105_141906,PAIRED_ENGLISH,0.2040332147093713,0.225022,0.020988788345247533
main,fpos,family_balanced_strong_xgboost,family_robustness,xgboost_default,PAIRED_ENGLISH::paired_english::m57_191105_160026::HerdingSpikes2::1,PAIRED_ENGLISH::paired_english::m57_191105_160026,PAIRED_ENGLISH,0.13630229419703105,0.22462201,0.08831971698766133
main,fpos,family_balanced_strong_xgboost,family_robustness,xgboost_default,PAIRED_ENGLISH::paired_english::m57_191105_160026::IronClust::2,PAIRED_ENGLISH::paired_english::m57_191105_160026,PAIRED_ENGLISH,0.5044008124576845,0.24467798,0.2597228366838732
main,fpos,family_balanced_strong_xgboost,family_robustness,xgboost_default,PAIRED_ENGLISH::paired_english::m57_191105_160026::IronClust::3,PAIRED_ENGLISH::paired_english::m57_191105_160026,PAIRED_ENGLISH,0.05838815789473684,0.2223222,0.1639340378736195
main,fpos,family_balanced_strong_xgboost,family_robustness,xgboost_default,PAIRED_ENGLISH::paired_english::m57_191105_160026::KiloSort::127,PAIRED_ENGLISH::paired_english::m57_191105_160026,PAIRED_ENGLISH,0.5003422313483915,0.33857143,0.161770802095767
main,fpos,family_balanced_strong_xgboost,family_robustness,xgboost_default,PAIRED_ENGLISH::paired_english::m57_191105_160026::KiloSort::6,PAIRED_ENGLISH::paired_english::m57_191105_160026,PAIRED_ENGLISH,0.02531645569620253,0.17671598,0.15139952924432634
main,fpos,family_balanced_strong_xgboost,family_robustness,xgboost_default,PAIRED_ENGLISH::paired_english::m57_191105_160026::MountainSort4::23,PAIRED_ENGLISH::paired_english::m57_191105_160026,PAIRED_ENGLISH,0.6737967914438503,0.18077028,0.49302651346686055
main,fpos,family_balanced_strong_xgboost,family_robustness,xgboost_default,PAIRED_ENGLISH::paired_english::m57_191105_160026::MountainSort4::25,PAIRED_ENGLISH::paired_english::m57_191105_160026,PAIRED_ENGLISH,0.14568081991215226,0.21115789,0.06547706826190475
main,fpos,family_balanced_strong_xgboost,family_robustness,xgboost_default,PAIRED_ENGLISH::paired_english::m57_191105_160026::SpykingCircus::2,PAIRED_ENGLISH::paired_english::m57_191105_160026,PAIRED_ENGLISH,0.6860282574568289,0.44917542,0.23685284003358065
main,fpos,family_balanced_strong_xgboost,family_robustness,xgboost_default,PAIRED_ENGLISH::paired_english::m57_191105_160026::SpykingCircus::4,PAIRED_ENGLISH::paired_english::m57_191105_160026,PAIRED_ENGLISH,0.056790123456790124,0.22662817,0.16983804596059116
main,fpos,family_balanced_strong_xgboost,family_robustness,xgboost_default,PAIRED_ENGLISH::paired_english::m57_191105_160026::Tridesclous::0,PAIRED_ENGLISH::paired_english::m57_191105_160026,PAIRED_ENGLISH,0.8589226823012093,0.38426247,0.47466020991008073
main,fpos,family_balanced_strong_xgboost,family_robustness,xgboost_default,PAIRED_KAMPFF::paired_kampff::c14::HerdingSpikes2::6,PAIRED_KAMPFF::paired_kampff::c14,PAIRED_KAMPFF,0.25090444775484144,0.053669285,0.19723516272566854
main,fpos,family_balanced_strong_xgboost,family_robustness,xgboost_default,PAIRED_KAMPFF::paired_kampff::c14::IronClust::22,PAIRED_KAMPFF::paired_kampff::c14,PAIRED_KAMPFF,0.2240655987795576,0.07953608,0.144529518419145
main,fpos,family_balanced_strong_xgboost,family_robustness,xgboost_default,PAIRED_KAMPFF::paired_kampff::c14::KiloSort2::37,PAIRED_KAMPFF::paired_kampff::c14,PAIRED_KAMPFF,0.23899885489939474,0.12356524,0.11543361320494436
main,fpos,family_balanced_strong_xgboost,family_robustness,xgboost_default,PAIRED_KAMPFF::paired_kampff::c14::MountainSort4::42,PAIRED_KAMPFF::paired_kampff::c14,PAIRED_KAMPFF,0.031842105263157894,0.024827652,0.007014453583642055
main,fpos,family_balanced_strong_xgboost,family_robustness,xgboost_default,PAIRED_KAMPFF::paired_kampff::c14::SpykingCircus::14,PAIRED_KAMPFF::paired_kampff::c14,PAIRED_KAMPFF,0.0993841579953281,0.037201777,0.06218238089476505
main,fpos,family_balanced_strong_xgboost,family_robustness,xgboost_default,PAIRED_KAMPFF::paired_kampff::c14::Tridesclous::8,PAIRED_KAMPFF::paired_kampff::c14,PAIRED_KAMPFF,0.7298130782302221,0.6319027,0.09791038352807369
main,fpos,family_balanced_strong_xgboost,family_robustness,xgboost_default,PAIRED_MEA64C_YGER::paired_mea64c::20170622_patch1::HerdingSpikes2::19,PAIRED_MEA64C_YGER::paired_mea64c::20170622_patch1,PAIRED_MEA64C_YGER,0.3048016701461378,0.25580403,0.04899763805881174
main,fpos,family_balanced_strong_xgboost,family_robustness,xgboost_default,PAIRED_MEA64C_YGER::paired_mea64c::20170622_patch1::HerdingSpikes2::7,PAIRED_MEA64C_YGER::paired_mea64c::20170622_patch1,PAIRED_MEA64C_YGER,0.006430868167202572,0.018731954,0.012301085409004589
main,fpos,family_balanced_strong_xgboost,family_robustness,xgboost_default,PAIRED_MEA64C_YGER::paired_mea64c::20170622_patch1::IronClust::8,PAIRED_MEA64C_YGER::paired_mea64c::20170622_patch1,PAIRED_MEA64C_YGER,0.32512992968511156,0.14566098,0.1794689481492
main,fpos,family_balanced_strong_xgboost,family_robustness,xgboost_default,PAIRED_MEA64C_YGER::paired_mea64c::20170622_patch1::KiloSort::64,PAIRED_MEA64C_YGER::paired_mea64c::20170622_patch1,PAIRED_MEA64C_YGER,0.00022805017103762827,0.012016648,0.011788598255614326
main,fpos,family_balanced_strong_xgboost,family_robustness,xgboost_default,PAIRED_MEA64C_YGER::paired_mea64c::20170622_patch1::KiloSort2::23,PAIRED_MEA64C_YGER::paired_mea64c::20170622_patch1,PAIRED_MEA64C_YGER,0.0,0.013543043,0.013543043285608292
main,fpos,family_balanced_strong_xgboost,family_robustness,xgboost_default,PAIRED_MEA64C_YGER::paired_mea64c::20170622_patch1::Klusta::4,PAIRED_MEA64C_YGER::paired_mea64c::20170622_patch1,PAIRED_MEA64C_YGER,0.0050424628450106155,0.026522947,0.021480484630303526
main,fpos,family_balanced_strong_xgboost,family_robustness,xgboost_default,PAIRED_MEA64C_YGER::paired_mea64c::20170622_patch1::MountainSort4::43,PAIRED_MEA64C_YGER::paired_mea64c::20170622_patch1,PAIRED_MEA64C_YGER,0.0040494938132733405,0.015045711,0.01099621702605781
main,fpos,family_balanced_strong_xgboost,family_robustness,xgboost_default,PAIRED_MEA64C_YGER::paired_mea64c::20170622_patch1::SpykingCircus::18,PAIRED_MEA64C_YGER::paired_mea64c::20170622_patch1,PAIRED_MEA64C_YGER,0.00022079929344226098,0.01209393,0.011873130280451286
main,fpos,family_balanced_strong_xgboost,family_robustness,xgboost_default,PAIRED_MEA64C_YGER::paired_mea64c::20170622_patch1::Tridesclous::12,PAIRED_MEA64C_YGER::paired_mea64c::20170622_patch1,PAIRED_MEA64C_YGER,0.013830024537140308,0.021926686,0.008096661630576672
main,fpos,family_balanced_strong_xgboost,family_robustness,xgboost_default,PAIRED_MEA64C_YGER::paired_mea64c::20170622_patch2::HerdingSpikes2::16,PAIRED_MEA64C_YGER::paired_mea64c::20170622_patch2,PAIRED_MEA64C_YGER,0.18683274021352314,0.06759903,0.11923371186460041
main,fpos,family_balanced_strong_xgboost,family_robustness,xgboost_default,PAIRED_MEA64C_YGER::paired_mea64c::20170622_patch2::HerdingSpikes2::44,PAIRED_MEA64C_YGER::paired_mea64c::20170622_patch2,PAIRED_MEA64C_YGER,0.4028520499108734,0.17740132,0.2254507307647171
main,fpos,family_balanced_strong_xgboost,family_robustness,xgboost_default,PAIRED_MEA64C_YGER::paired_mea64c::20170622_patch2::HerdingSpikes2::5,PAIRED_MEA64C_YGER::paired_mea64c::20170622_patch2,PAIRED_MEA64C_YGER,0.06115992970123023,0.0017777508,0.05938217891204238
main,fpos,family_balanced_strong_xgboost,family_robustness,xgboost_default,PAIRED_MEA64C_YGER::paired_mea64c::20170622_patch2::IronClust::11,PAIRED_MEA64C_YGER::paired_mea64c::20170622_patch2,PAIRED_MEA64C_YGER,0.061366806136680614,0.0013780069,0.05998879925278373
main,fpos,family_balanced_strong_xgboost,family_robustness,xgboost_default,PAIRED_MEA64C_YGER::paired_mea64c::20170622_patch2::JRClust::31,PAIRED_MEA64C_YGER::paired_mea64c::20170622_patch2,PAIRED_MEA64C_YGER,0.06118881118881119,0.0022068806,0.05898193058955086
main,fpos,family_balanced_strong_xgboost,family_robustness,xgboost_default,PAIRED_MEA64C_YGER::paired_mea64c::20170622_patch2::KiloSort::5,PAIRED_MEA64C_YGER::paired_mea64c::20170622_patch2,PAIRED_MEA64C_YGER,0.06143106457242583,0.0021382857,0.0592927789075843
main,fpos,family_balanced_strong_xgboost,family_robustness,xgboost_default,PAIRED_MEA64C_YGER::paired_mea64c::20170622_patch2::KiloSort2::33,PAIRED_MEA64C_YGER::paired_mea64c::20170622_patch2,PAIRED_MEA64C_YGER,0.061409630146545706,0.003010843,0.05839878719739371
main,fpos,family_balanced_strong_xgboost,family_robustness,xgboost_default,PAIRED_MEA64C_YGER::paired_mea64c::20170622_patch2::Klusta::14,PAIRED_MEA64C_YGER::paired_mea64c::20170622_patch2,PAIRED_MEA64C_YGER,0.05860349127182045,0.002601565,0.056001926177155756
main,fpos,family_balanced_strong_xgboost,family_robustness,xgboost_default,PAIRED_MEA64C_YGER::paired_mea64c::20170622_patch2::MountainSort4::31,PAIRED_MEA64C_YGER::paired_mea64c::20170622_patch2,PAIRED_MEA64C_YGER,0.07713404182379156,0.0061189174,0.07101512445171386
main,fpos,family_balanced_strong_xgboost,family_robustness,xgboost_default,PAIRED_MEA64C_YGER::paired_mea64c::20170622_patch2::SpykingCircus::17,PAIRED_MEA64C_YGER::paired_mea64c::20170622_patch2,PAIRED_MEA64C_YGER,0.061366806136680614,0.002957959,0.05840884717577494
main,fpos,family_balanced_strong_xgboost,family_robustness,xgboost_default,PAIRED_MEA64C_YGER::paired_mea64c::20170622_patch2::Tridesclous::0,PAIRED_MEA64C_YGER::paired_mea64c::20170622_patch2,PAIRED_MEA64C_YGER,0.061366806136680614,0.001232368,0.060134438080018233
main,fpos,family_balanced_shallow_xgboost,family_robustness,xgboost_shallow,PAIRED_BOYDEN::paired_boyden32c::1103_1_1::IronClust::4,PAIRED_BOYDEN::paired_boyden32c::1103_1_1,PAIRED_BOYDEN,0.11363636363636363,0.1427586,0.029122229326855056
main,fpos,family_balanced_shallow_xgboost,family_robustness,xgboost_shallow,PAIRED_BOYDEN::paired_boyden32c::1103_1_1::JRClust::18,PAIRED_BOYDEN::paired_boyden32c::1103_1_1,PAIRED_BOYDEN,0.26138147566718994,0.33358037,0.07219889905052246
main,fpos,family_balanced_shallow_xgboost,family_robustness,xgboost_shallow,PAIRED_BOYDEN::paired_boyden32c::1103_1_1::KiloSort::111,PAIRED_BOYDEN::paired_boyden32c::1103_1_1,PAIRED_BOYDEN,0.11241007194244604,0.18356726,0.0711571837929513
main,fpos,family_balanced_shallow_xgboost,family_robustness,xgboost_shallow,PAIRED_BOYDEN::paired_boyden32c::1103_1_1::KiloSort2::33,PAIRED_BOYDEN::paired_boyden32c::1103_1_1,PAIRED_BOYDEN,0.17066290550070523,0.1594175,0.011245410369212616
main,fpos,family_balanced_shallow_xgboost,family_robustness,xgboost_shallow,PAIRED_BOYDEN::paired_boyden32c::1103_1_1::KiloSort2::55,PAIRED_BOYDEN::paired_boyden32c::1103_1_1,PAIRED_BOYDEN,0.3333333333333333,0.2029833,0.1303500284751256
main,fpos,family_balanced_shallow_xgboost,family_robustness,xgboost_shallow,PAIRED_BOYDEN::paired_boyden32c::1103_1_1::KiloSort2::60,PAIRED_BOYDEN::paired_boyden32c::1103_1_1,PAIRED_BOYDEN,0.15878378378378377,0.11195336,0.04683042096125112
main,fpos,family_balanced_shallow_xgboost,family_robustness,xgboost_shallow,PAIRED_BOYDEN::paired_boyden32c::1103_1_1::Klusta::12,PAIRED_BOYDEN::paired_boyden32c::1103_1_1,PAIRED_BOYDEN,0.156686626746507,0.17726225,0.02057561986222714
main,fpos,family_balanced_shallow_xgboost,family_robustness,xgboost_shallow,PAIRED_BOYDEN::paired_boyden32c::1103_1_1::MountainSort4::26,PAIRED_BOYDEN::paired_boyden32c::1103_1_1,PAIRED_BOYDEN,0.30532212885154064,0.2903859,0.014936226923592644
main,fpos,family_balanced_shallow_xgboost,family_robustness,xgboost_shallow,PAIRED_BOYDEN::paired_boyden32c::1103_1_1::SpykingCircus::27,PAIRED_BOYDEN::paired_boyden32c::1103_1_1,PAIRED_BOYDEN,0.12258064516129032,0.17886251,0.0562818669503735
main,fpos,family_balanced_shallow_xgboost,family_robustness,xgboost_shallow,PAIRED_BOYDEN::paired_boyden32c::1103_1_1::Tridesclous::3,PAIRED_BOYDEN::paired_boyden32c::1103_1_1,PAIRED_BOYDEN,0.2613268608414239,0.35590753,0.09458066875109011
main,fpos,family_balanced_shallow_xgboost,family_robustness,xgboost_shallow,PAIRED_BOYDEN::paired_boyden32c::419_1_8::IronClust::14,PAIRED_BOYDEN::paired_boyden32c::419_1_8,PAIRED_BOYDEN,0.0663265306122449,0.023382021,0.042944509498014746
main,fpos,family_balanced_shallow_xgboost,family_robustness,xgboost_shallow,PAIRED_BOYDEN::paired_boyden32c::419_1_8::IronClust::4,PAIRED_BOYDEN::paired_boyden32c::419_1_8,PAIRED_BOYDEN,0.05829903978052126,0.044706482,0.013592557340288032
main,fpos,family_balanced_shallow_xgboost,family_robustness,xgboost_shallow,PAIRED_BOYDEN::paired_boyden32c::419_1_8::JRClust::24,PAIRED_BOYDEN::paired_boyden32c::419_1_8,PAIRED_BOYDEN,0.08062093139709564,0.022836315,0.057784616882816275
main,fpos,family_balanced_shallow_xgboost,family_robustness,xgboost_shallow,PAIRED_BOYDEN::paired_boyden32c::419_1_8::JRClust::8,PAIRED_BOYDEN::paired_boyden32c::419_1_8,PAIRED_BOYDEN,0.03907637655417407,0.028621597,0.010454779338640814
main,fpos,family_balanced_shallow_xgboost,family_robustness,xgboost_shallow,PAIRED_BOYDEN::paired_boyden32c::419_1_8::KiloSort::17,PAIRED_BOYDEN::paired_boyden32c::419_1_8,PAIRED_BOYDEN,0.06424161521775405,0.02102013,0.04322148589474838
main,fpos,family_balanced_shallow_xgboost,family_robustness,xgboost_shallow,PAIRED_BOYDEN::paired_boyden32c::419_1_8::KiloSort2::27,PAIRED_BOYDEN::paired_boyden32c::419_1_8,PAIRED_BOYDEN,0.1342059838895282,0.042410634,0.09179534943146317
main,fpos,family_balanced_shallow_xgboost,family_robustness,xgboost_shallow,PAIRED_BOYDEN::paired_boyden32c::419_1_8::KiloSort2::46,PAIRED_BOYDEN::paired_boyden32c::419_1_8,PAIRED_BOYDEN,0.02341480088873697,0.017142579,0.006272221929271942
main,fpos,family_balanced_shallow_xgboost,family_robustness,xgboost_shallow,PAIRED_BOYDEN::paired_boyden32c::419_1_8::MountainSort4::42,PAIRED_BOYDEN::paired_boyden32c::419_1_8,PAIRED_BOYDEN,0.16482219271063892,0.07656759,0.0882546024739751
main,fpos,family_balanced_shallow_xgboost,family_robustness,xgboost_shallow,PAIRED_BOYDEN::paired_boyden32c::419_1_8::SpykingCircus::24,PAIRED_BOYDEN::paired_boyden32c::419_1_8,PAIRED_BOYDEN,0.24721080446271285,0.14726543,0.09994537019757613
main,fpos,family_balanced_shallow_xgboost,family_robustness,xgboost_shallow,PAIRED_BOYDEN::paired_boyden32c::419_1_8::SpykingCircus::28,PAIRED_BOYDEN::paired_boyden32c::419_1_8,PAIRED_BOYDEN,0.029543112332531776,0.021356218,0.008186894769379463
main,fpos,family_balanced_shallow_xgboost,family_robustness,xgboost_shallow,PAIRED_BOYDEN::paired_boyden32c::419_1_8::Tridesclous::0,PAIRED_BOYDEN::paired_boyden32c::419_1_8,PAIRED_BOYDEN,0.15585806056898133,0.13907504,0.016783019751720585
main,fpos,family_balanced_shallow_xgboost,family_robustness,xgboost_shallow,PAIRED_CRCNS_HC1::paired_crcns::d11221_d11221.001::SpykingCircus::6,PAIRED_CRCNS_HC1::paired_crcns::d11221_d11221.001,PAIRED_CRCNS_HC1,0.8835978835978836,0.429501,0.4540968865313858
main,fpos,family_balanced_shallow_xgboost,family_robustness,xgboost_shallow,PAIRED_CRCNS_HC1::paired_crcns::d11222_d11222.002::IronClust::2,PAIRED_CRCNS_HC1::paired_crcns::d11222_d11222.002,PAIRED_CRCNS_HC1,0.04466019417475728,0.20532952,0.16066932831574413
main,fpos,family_balanced_shallow_xgboost,family_robustness,xgboost_shallow,PAIRED_CRCNS_HC1::paired_crcns::d11222_d11222.002::JRClust::3,PAIRED_CRCNS_HC1::paired_crcns::d11222_d11222.002,PAIRED_CRCNS_HC1,0.039337474120082816,0.05831965,0.018982176470336953
main,fpos,family_balanced_shallow_xgboost,family_robustness,xgboost_shallow,PAIRED_CRCNS_HC1::paired_crcns::d11222_d11222.002::KiloSort::1,PAIRED_CRCNS_HC1::paired_crcns::d11222_d11222.002,PAIRED_CRCNS_HC1,0.03337783711615487,0.093880445,0.06050260764893607
main,fpos,family_balanced_shallow_xgboost,family_robustness,xgboost_shallow,PAIRED_CRCNS_HC1::paired_crcns::d11222_d11222.002::KiloSort2::10,PAIRED_CRCNS_HC1::paired_crcns::d11222_d11222.002,PAIRED_CRCNS_HC1,0.550417469492614,0.099729784,0.45068768565958717
main,fpos,family_balanced_shallow_xgboost,family_robustness,xgboost_shallow,PAIRED_CRCNS_HC1::paired_crcns::d11222_d11222.002::Klusta::2,PAIRED_CRCNS_HC1::paired_crcns::d11222_d11222.002,PAIRED_CRCNS_HC1,0.008777852802160702,0.069753624,0.060975771696683445
main,fpos,family_balanced_shallow_xgboost,family_robustness,xgboost_shallow,PAIRED_CRCNS_HC1::paired_crcns::d11222_d11222.002::MountainSort4::4,PAIRED_CRCNS_HC1::paired_crcns::d11222_d11222.002,PAIRED_CRCNS_HC1,0.360427807486631,0.2287037,0.13172411493120345
main,fpos,family_balanced_shallow_xgboost,family_robustness,xgboost_shallow,PAIRED_CRCNS_HC1::paired_crcns::d11222_d11222.002::SpykingCircus::4,PAIRED_CRCNS_HC1::paired_crcns::d11222_d11222.002,PAIRED_CRCNS_HC1,0.11986754966887417,0.07017843,0.04968912286671581
main,fpos,family_balanced_shallow_xgboost,family_robustness,xgboost_shallow,PAIRED_CRCNS_HC1::paired_crcns::d11222_d11222.002::Tridesclous::0,PAIRED_CRCNS_HC1::paired_crcns::d11222_d11222.002,PAIRED_CRCNS_HC1,0.021164021164021163,0.08071629,0.059552268415847154
main,fpos,family_balanced_shallow_xgboost,family_robustness,xgboost_shallow,PAIRED_ENGLISH::paired_english::m139_200114_191955::KiloSort2::25,PAIRED_ENGLISH::paired_english::m139_200114_191955,PAIRED_ENGLISH,0.7302739726027397,0.325289,0.4049849616011528
main,fpos,family_balanced_shallow_xgboost,family_robustness,xgboost_shallow,PAIRED_ENGLISH::paired_english::m139_200114_191955::MountainSort4::36,PAIRED_ENGLISH::paired_english::m139_200114_191955,PAIRED_ENGLISH,0.8735255086994986,0.62704855,0.24647695666321323
main,fpos,family_balanced_shallow_xgboost,family_robustness,xgboost_shallow,PAIRED_ENGLISH::paired_english::m139_200114_191955::SpykingCircus::42,PAIRED_ENGLISH::paired_english::m139_200114_191955,PAIRED_ENGLISH,0.5584045584045584,0.36105403,0.19735052536355802
main,fpos,family_balanced_shallow_xgboost,family_robustness,xgboost_shallow,PAIRED_ENGLISH::paired_english::m139_200114_222743::HerdingSpikes2::5,PAIRED_ENGLISH::paired_english::m139_200114_222743,PAIRED_ENGLISH,0.03257707969749855,0.27786654,0.2452894626418264
main,fpos,family_balanced_shallow_xgboost,family_robustness,xgboost_shallow,PAIRED_ENGLISH::paired_english::m139_200114_222743::IronClust::17,PAIRED_ENGLISH::paired_english::m139_200114_222743,PAIRED_ENGLISH,0.02675196277987787,0.22912903,0.20237706852066686
main,fpos,family_balanced_shallow_xgboost,family_robustness,xgboost_shallow,PAIRED_ENGLISH::paired_english::m139_200114_222743::KiloSort::88,PAIRED_ENGLISH::paired_english::m139_200114_222743,PAIRED_ENGLISH,0.015151515151515152,0.267161,0.2520094965443467
main,fpos,family_balanced_shallow_xgboost,family_robustness,xgboost_shallow,PAIRED_ENGLISH::paired_english::m139_200114_222743::KiloSort2::26,PAIRED_ENGLISH::paired_english::m139_200114_222743,PAIRED_ENGLISH,0.028645087367516472,0.21081704,0.18217195164539246
main,fpos,family_balanced_shallow_xgboost,family_robustness,xgboost_shallow,PAIRED_ENGLISH::paired_english::m139_200114_222743::MountainSort4::46,PAIRED_ENGLISH::paired_english::m139_200114_222743,PAIRED_ENGLISH,0.039886039886039885,0.39518195,0.35529591402097305
main,fpos,family_balanced_shallow_xgboost,family_robustness,xgboost_shallow,PAIRED_ENGLISH::paired_english::m139_200114_222743::SpykingCircus::44,PAIRED_ENGLISH::paired_english::m139_200114_222743,PAIRED_ENGLISH,0.028064146620847653,0.19582725,0.1677630990914326
main,fpos,family_balanced_shallow_xgboost,family_robustness,xgboost_shallow,PAIRED_ENGLISH::paired_english::m139_200114_222743::Tridesclous::1,PAIRED_ENGLISH::paired_english::m139_200114_222743,PAIRED_ENGLISH,0.3089646722483153,0.35656318,0.047598508436728026
main,fpos,family_balanced_shallow_xgboost,family_robustness,xgboost_shallow,PAIRED_ENGLISH::paired_english::m14_190326_155432::IronClust::22,PAIRED_ENGLISH::paired_english::m14_190326_155432,PAIRED_ENGLISH,0.0481651376146789,0.026002044,0.022163093756508392
main,fpos,family_balanced_shallow_xgboost,family_robustness,xgboost_shallow,PAIRED_ENGLISH::paired_english::m14_190326_155432::MountainSort4::33,PAIRED_ENGLISH::paired_english::m14_190326_155432,PAIRED_ENGLISH,0.1981651376146789,0.393619,0.19545386329703374
main,fpos,family_balanced_shallow_xgboost,family_robustness,xgboost_shallow,PAIRED_ENGLISH::paired_english::m14_190326_155432::SpykingCircus::38,PAIRED_ENGLISH::paired_english::m14_190326_155432,PAIRED_ENGLISH,0.013363028953229399,0.033313513,0.019950483848894626
main,fpos,family_balanced_shallow_xgboost,family_robustness,xgboost_shallow,PAIRED_ENGLISH::paired_english::m15_190315_142052_cell1::IronClust::40,PAIRED_ENGLISH::paired_english::m15_190315_142052_cell1,PAIRED_ENGLISH,0.2679960401640503,0.3372042,0.0692081479443939
main,fpos,family_balanced_shallow_xgboost,family_robustness,xgboost_shallow,PAIRED_ENGLISH::paired_english::m15_190315_142052_cell1::KiloSort2::48,PAIRED_ENGLISH::paired_english::m15_190315_142052_cell1,PAIRED_ENGLISH,0.8627861694595232,0.41745433,0.44533183734625725
main,fpos,family_balanced_shallow_xgboost,family_robustness,xgboost_shallow,PAIRED_ENGLISH::paired_english::m15_190315_142052_cell1::MountainSort4::62,PAIRED_ENGLISH::paired_english::m15_190315_142052_cell1,PAIRED_ENGLISH,0.8769885383524361,0.50627625,0.370712288466877
main,fpos,family_balanced_shallow_xgboost,family_robustness,xgboost_shallow,PAIRED_ENGLISH::paired_english::m15_190315_142052_cell1::MountainSort4::64,PAIRED_ENGLISH::paired_english::m15_190315_142052_cell1,PAIRED_ENGLISH,0.14704761904761904,0.19556336,0.04851574200107939
main,fpos,family_balanced_shallow_xgboost,family_robustness,xgboost_shallow,PAIRED_ENGLISH::paired_english::m15_190315_142052_cell1::SpykingCircus::22,PAIRED_ENGLISH::paired_english::m15_190315_142052_cell1,PAIRED_ENGLISH,0.23500526131182042,0.6352976,0.40029233514279994
main,fpos,family_balanced_shallow_xgboost,family_robustness,xgboost_shallow,PAIRED_ENGLISH::paired_english::m15_190315_142052_cell1::SpykingCircus::57,PAIRED_ENGLISH::paired_english::m15_190315_142052_cell1,PAIRED_ENGLISH,0.6499202551834131,0.44519037,0.2047298851005579
main,fpos,family_balanced_shallow_xgboost,family_robustness,xgboost_shallow,PAIRED_ENGLISH::paired_english::m15_190315_152315_cell1::IronClust::35,PAIRED_ENGLISH::paired_english::m15_190315_152315_cell1,PAIRED_ENGLISH,0.002592440987856461,0.032168467,0.029576025609939025
main,fpos,family_balanced_shallow_xgboost,family_robustness,xgboost_shallow,PAIRED_ENGLISH::paired_english::m15_190315_152315_cell1::KiloSort::1,PAIRED_ENGLISH::paired_english::m15_190315_152315_cell1,PAIRED_ENGLISH,6.528267397832615e-05,0.039640572,0.0395752892480855
main,fpos,family_balanced_shallow_xgboost,family_robustness,xgboost_shallow,PAIRED_ENGLISH::paired_english::m15_190315_152315_cell1::KiloSort2::37,PAIRED_ENGLISH::paired_english::m15_190315_152315_cell1,PAIRED_ENGLISH,0.00039059957034047265,0.033222757,0.03283215770953242
main,fpos,family_balanced_shallow_xgboost,family_robustness,xgboost_shallow,PAIRED_ENGLISH::paired_english::m15_190315_152315_cell1::MountainSort4::72,PAIRED_ENGLISH::paired_english::m15_190315_152315_cell1,PAIRED_ENGLISH,0.052174468356855484,0.13473284,0.08255837408851804
main,fpos,family_balanced_shallow_xgboost,family_robustness,xgboost_shallow,PAIRED_ENGLISH::paired_english::m15_190315_152315_cell1::SpykingCircus::46,PAIRED_ENGLISH::paired_english::m15_190315_152315_cell1,PAIRED_ENGLISH,0.010891280531030483,0.035568256,0.02467697540010851
main,fpos,family_balanced_shallow_xgboost,family_robustness,xgboost_shallow,PAIRED_ENGLISH::paired_english::m15_190315_152315_cell1::Tridesclous::0,PAIRED_ENGLISH::paired_english::m15_190315_152315_cell1,PAIRED_ENGLISH,0.8482136225209834,0.359319,0.4888946210847499
main,fpos,family_balanced_shallow_xgboost,family_robustness,xgboost_shallow,PAIRED_ENGLISH::paired_english::m26_190524_100859_cell1::KiloSort::19,PAIRED_ENGLISH::paired_english::m26_190524_100859_cell1,PAIRED_ENGLISH,0.2440677966101695,0.21924958,0.024818220279984565
main,fpos,family_balanced_shallow_xgboost,family_robustness,xgboost_shallow,PAIRED_ENGLISH::paired_english::m26_190524_100859_cell1::KiloSort::8,PAIRED_ENGLISH::paired_english::m26_190524_100859_cell1,PAIRED_ENGLISH,0.6505139500734214,0.36970168,0.28081226655215064
main,fpos,family_balanced_shallow_xgboost,family_robustness,xgboost_shallow,PAIRED_ENGLISH::paired_english::m26_190524_100859_cell1::KiloSort2::0,PAIRED_ENGLISH::paired_english::m26_190524_100859_cell1,PAIRED_ENGLISH,0.38315988647114474,0.36979464,0.013365249506346766
main,fpos,family_balanced_shallow_xgboost,family_robustness,xgboost_shallow,PAIRED_ENGLISH::paired_english::m57_191105_141906::IronClust::6,PAIRED_ENGLISH::paired_english::m57_191105_141906,PAIRED_ENGLISH,0.31826625386996904,0.29369763,0.024568628471333176
main,fpos,family_balanced_shallow_xgboost,family_robustness,xgboost_shallow,PAIRED_ENGLISH::paired_english::m57_191105_141906::KiloSort::47,PAIRED_ENGLISH::paired_english::m57_191105_141906,PAIRED_ENGLISH,0.35376344086021505,0.28560132,0.06816212297767721
main,fpos,family_balanced_shallow_xgboost,family_robustness,xgboost_shallow,PAIRED_ENGLISH::paired_english::m57_191105_141906::MountainSort4::21,PAIRED_ENGLISH::paired_english::m57_191105_141906,PAIRED_ENGLISH,0.3323335332933413,0.53239685,0.20006331967678198
main,fpos,family_balanced_shallow_xgboost,family_robustness,xgboost_shallow,PAIRED_ENGLISH::paired_english::m57_191105_141906::MountainSort4::57,PAIRED_ENGLISH::paired_english::m57_191105_141906,PAIRED_ENGLISH,0.23853211009174313,0.38372752,0.14519541061252628
main,fpos,family_balanced_shallow_xgboost,family_robustness,xgboost_shallow,PAIRED_ENGLISH::paired_english::m57_191105_141906::SpykingCircus::12,PAIRED_ENGLISH::paired_english::m57_191105_141906,PAIRED_ENGLISH,0.3535228677379481,0.2800944,0.07342848259085338
main,fpos,family_balanced_shallow_xgboost,family_robustness,xgboost_shallow,PAIRED_ENGLISH::paired_english::m57_191105_141906::SpykingCircus::30,PAIRED_ENGLISH::paired_english::m57_191105_141906,PAIRED_ENGLISH,0.2040332147093713,0.21291417,0.008880954125314977
main,fpos,family_balanced_shallow_xgboost,family_robustness,xgboost_shallow,PAIRED_ENGLISH::paired_english::m57_191105_160026::HerdingSpikes2::1,PAIRED_ENGLISH::paired_english::m57_191105_160026,PAIRED_ENGLISH,0.13630229419703105,0.32427418,0.18797188812261006
main,fpos,family_balanced_shallow_xgboost,family_robustness,xgboost_shallow,PAIRED_ENGLISH::paired_english::m57_191105_160026::IronClust::2,PAIRED_ENGLISH::paired_english::m57_191105_160026,PAIRED_ENGLISH,0.5044008124576845,0.2670556,0.237345211576108
main,fpos,family_balanced_shallow_xgboost,family_robustness,xgboost_shallow,PAIRED_ENGLISH::paired_english::m57_191105_160026::IronClust::3,PAIRED_ENGLISH::paired_english::m57_191105_160026,PAIRED_ENGLISH,0.05838815789473684,0.32303345,0.26464529413925975
main,fpos,family_balanced_shallow_xgboost,family_robustness,xgboost_shallow,PAIRED_ENGLISH::paired_english::m57_191105_160026::KiloSort::127,PAIRED_ENGLISH::paired_english::m57_191105_160026,PAIRED_ENGLISH,0.5003422313483915,0.2525277,0.24781451757275674
main,fpos,family_balanced_shallow_xgboost,family_robustness,xgboost_shallow,PAIRED_ENGLISH::paired_english::m57_191105_160026::KiloSort::6,PAIRED_ENGLISH::paired_english::m57_191105_160026,PAIRED_ENGLISH,0.02531645569620253,0.25477582,0.22945936646642565
main,fpos,family_balanced_shallow_xgboost,family_robustness,xgboost_shallow,PAIRED_ENGLISH::paired_english::m57_191105_160026::MountainSort4::23,PAIRED_ENGLISH::paired_english::m57_191105_160026,PAIRED_ENGLISH,0.6737967914438503,0.22263233,0.4511644578075664
main,fpos,family_balanced_shallow_xgboost,family_robustness,xgboost_shallow,PAIRED_ENGLISH::paired_english::m57_191105_160026::MountainSort4::25,PAIRED_ENGLISH::paired_english::m57_191105_160026,PAIRED_ENGLISH,0.14568081991215226,0.3072452,0.16156437499980453
main,fpos,family_balanced_shallow_xgboost,family_robustness,xgboost_shallow,PAIRED_ENGLISH::paired_english::m57_191105_160026::SpykingCircus::2,PAIRED_ENGLISH::paired_english::m57_191105_160026,PAIRED_ENGLISH,0.6860282574568289,0.49415317,0.19187508567910372
main,fpos,family_balanced_shallow_xgboost,family_robustness,xgboost_shallow,PAIRED_ENGLISH::paired_english::m57_191105_160026::SpykingCircus::4,PAIRED_ENGLISH::paired_english::m57_191105_160026,PAIRED_ENGLISH,0.056790123456790124,0.3170591,0.2602689762174347
main,fpos,family_balanced_shallow_xgboost,family_robustness,xgboost_shallow,PAIRED_ENGLISH::paired_english::m57_191105_160026::Tridesclous::0,PAIRED_ENGLISH::paired_english::m57_191105_160026,PAIRED_ENGLISH,0.8589226823012093,0.43009454,0.42882814218203813
main,fpos,family_balanced_shallow_xgboost,family_robustness,xgboost_shallow,PAIRED_KAMPFF::paired_kampff::c14::HerdingSpikes2::6,PAIRED_KAMPFF::paired_kampff::c14,PAIRED_KAMPFF,0.25090444775484144,0.06796907,0.1829353788699919
main,fpos,family_balanced_shallow_xgboost,family_robustness,xgboost_shallow,PAIRED_KAMPFF::paired_kampff::c14::IronClust::22,PAIRED_KAMPFF::paired_kampff::c14,PAIRED_KAMPFF,0.2240655987795576,0.108255826,0.11580977284276331
main,fpos,family_balanced_shallow_xgboost,family_robustness,xgboost_shallow,PAIRED_KAMPFF::paired_kampff::c14::KiloSort2::37,PAIRED_KAMPFF::paired_kampff::c14,PAIRED_KAMPFF,0.23899885489939474,0.13552335,0.10347550585268758
main,fpos,family_balanced_shallow_xgboost,family_robustness,xgboost_shallow,PAIRED_KAMPFF::paired_kampff::c14::MountainSort4::42,PAIRED_KAMPFF::paired_kampff::c14,PAIRED_KAMPFF,0.031842105263157894,0.02903659,0.0028055144336662785
main,fpos,family_balanced_shallow_xgboost,family_robustness,xgboost_shallow,PAIRED_KAMPFF::paired_kampff::c14::SpykingCircus::14,PAIRED_KAMPFF::paired_kampff::c14,PAIRED_KAMPFF,0.0993841579953281,0.04548479,0.05389936927948871
main,fpos,family_balanced_shallow_xgboost,family_robustness,xgboost_shallow,PAIRED_KAMPFF::paired_kampff::c14::Tridesclous::8,PAIRED_KAMPFF::paired_kampff::c14,PAIRED_KAMPFF,0.7298130782302221,0.4768805,0.2529325874503454
main,fpos,family_balanced_shallow_xgboost,family_robustness,xgboost_shallow,PAIRED_MEA64C_YGER::paired_mea64c::20170622_patch1::HerdingSpikes2::19,PAIRED_MEA64C_YGER::paired_mea64c::20170622_patch1,PAIRED_MEA64C_YGER,0.3048016701461378,0.3918867,0.08708504097446768
main,fpos,family_balanced_shallow_xgboost,family_robustness,xgboost_shallow,PAIRED_MEA64C_YGER::paired_mea64c::20170622_patch1::HerdingSpikes2::7,PAIRED_MEA64C_YGER::paired_mea64c::20170622_patch1,PAIRED_MEA64C_YGER,0.006430868167202572,0.014563104,0.00813223597057571
main,fpos,family_balanced_shallow_xgboost,family_robustness,xgboost_shallow,PAIRED_MEA64C_YGER::paired_mea64c::20170622_patch1::IronClust::8,PAIRED_MEA64C_YGER::paired_mea64c::20170622_patch1,PAIRED_MEA64C_YGER,0.32512992968511156,0.23002997,0.0950999592776256
main,fpos,family_balanced_shallow_xgboost,family_robustness,xgboost_shallow,PAIRED_MEA64C_YGER::paired_mea64c::20170622_patch1::KiloSort::64,PAIRED_MEA64C_YGER::paired_mea64c::20170622_patch1,PAIRED_MEA64C_YGER,0.00022805017103762827,0.010054894,0.009826843620637939
main,fpos,family_balanced_shallow_xgboost,family_robustness,xgboost_shallow,PAIRED_MEA64C_YGER::paired_mea64c::20170622_patch1::KiloSort2::23,PAIRED_MEA64C_YGER::paired_mea64c::20170622_patch1,PAIRED_MEA64C_YGER,0.0,0.011016339,0.01101633906364441
main,fpos,family_balanced_shallow_xgboost,family_robustness,xgboost_shallow,PAIRED_MEA64C_YGER::paired_mea64c::20170622_patch1::Klusta::4,PAIRED_MEA64C_YGER::paired_mea64c::20170622_patch1,PAIRED_MEA64C_YGER,0.0050424628450106155,0.021943003,0.01690054009421363
main,fpos,family_balanced_shallow_xgboost,family_robustness,xgboost_shallow,PAIRED_MEA64C_YGER::paired_mea64c::20170622_patch1::MountainSort4::43,PAIRED_MEA64C_YGER::paired_mea64c::20170622_patch1,PAIRED_MEA64C_YGER,0.0040494938132733405,0.012278184,0.008228690481427282
main,fpos,family_balanced_shallow_xgboost,family_robustness,xgboost_shallow,PAIRED_MEA64C_YGER::paired_mea64c::20170622_patch1::SpykingCircus::18,PAIRED_MEA64C_YGER::paired_mea64c::20170622_patch1,PAIRED_MEA64C_YGER,0.00022079929344226098,0.0076850867,0.00746428739644717
main,fpos,family_balanced_shallow_xgboost,family_robustness,xgboost_shallow,PAIRED_MEA64C_YGER::paired_mea64c::20170622_patch1::Tridesclous::12,PAIRED_MEA64C_YGER::paired_mea64c::20170622_patch1,PAIRED_MEA64C_YGER,0.013830024537140308,0.01972725,0.005897226023977818
main,fpos,family_balanced_shallow_xgboost,family_robustness,xgboost_shallow,PAIRED_MEA64C_YGER::paired_mea64c::20170622_patch2::HerdingSpikes2::16,PAIRED_MEA64C_YGER::paired_mea64c::20170622_patch2,PAIRED_MEA64C_YGER,0.18683274021352314,0.11053766,0.07629507711137318
main,fpos,family_balanced_shallow_xgboost,family_robustness,xgboost_shallow,PAIRED_MEA64C_YGER::paired_mea64c::20170622_patch2::HerdingSpikes2::44,PAIRED_MEA64C_YGER::paired_mea64c::20170622_patch2,PAIRED_MEA64C_YGER,0.4028520499108734,0.12900195,0.27385010465368653
main,fpos,family_balanced_shallow_xgboost,family_robustness,xgboost_shallow,PAIRED_MEA64C_YGER::paired_mea64c::20170622_patch2::HerdingSpikes2::5,PAIRED_MEA64C_YGER::paired_mea64c::20170622_patch2,PAIRED_MEA64C_YGER,0.06115992970123023,0.0018478191,0.05931211062531054
main,fpos,family_balanced_shallow_xgboost,family_robustness,xgboost_shallow,PAIRED_MEA64C_YGER::paired_mea64c::20170622_patch2::IronClust::11,PAIRED_MEA64C_YGER::paired_mea64c::20170622_patch2,PAIRED_MEA64C_YGER,0.061366806136680614,0.0019237577,0.05944304841501064
main,fpos,family_balanced_shallow_xgboost,family_robustness,xgboost_shallow,PAIRED_MEA64C_YGER::paired_mea64c::20170622_patch2::JRClust::31,PAIRED_MEA64C_YGER::paired_mea64c::20170622_patch2,PAIRED_MEA64C_YGER,0.06118881118881119,0.0015177911,0.059671020120629796
main,fpos,family_balanced_shallow_xgboost,family_robustness,xgboost_shallow,PAIRED_MEA64C_YGER::paired_mea64c::20170622_patch2::KiloSort::5,PAIRED_MEA64C_YGER::paired_mea64c::20170622_patch2,PAIRED_MEA64C_YGER,0.06143106457242583,0.0024831435,0.05894792110124444
main,fpos,family_balanced_shallow_xgboost,family_robustness,xgboost_shallow,PAIRED_MEA64C_YGER::paired_mea64c::20170622_patch2::KiloSort2::33,PAIRED_MEA64C_YGER::paired_mea64c::20170622_patch2,PAIRED_MEA64C_YGER,0.061409630146545706,0.002242436,0.05916719421252364
main,fpos,family_balanced_shallow_xgboost,family_robustness,xgboost_shallow,PAIRED_MEA64C_YGER::paired_mea64c::20170622_patch2::Klusta::14,PAIRED_MEA64C_YGER::paired_mea64c::20170622_patch2,PAIRED_MEA64C_YGER,0.05860349127182045,0.0019591416,0.05664434969515779
main,fpos,family_balanced_shallow_xgboost,family_robustness,xgboost_shallow,PAIRED_MEA64C_YGER::paired_mea64c::20170622_patch2::MountainSort4::31,PAIRED_MEA64C_YGER::paired_mea64c::20170622_patch2,PAIRED_MEA64C_YGER,0.07713404182379156,0.0053635226,0.0717705192606619
main,fpos,family_balanced_shallow_xgboost,family_robustness,xgboost_shallow,PAIRED_MEA64C_YGER::paired_mea64c::20170622_patch2::SpykingCircus::17,PAIRED_MEA64C_YGER::paired_mea64c::20170622_patch2,PAIRED_MEA64C_YGER,0.061366806136680614,0.0016231254,0.05974368073908038
main,fpos,family_balanced_shallow_xgboost,family_robustness,xgboost_shallow,PAIRED_MEA64C_YGER::paired_mea64c::20170622_patch2::Tridesclous::0,PAIRED_MEA64C_YGER::paired_mea64c::20170622_patch2,PAIRED_MEA64C_YGER,0.061366806136680614,0.001988304,0.05937850205623902
main,fpos,reference_plus_strong_blend_025,family_robustness_blend,blend,PAIRED_BOYDEN::paired_boyden32c::1103_1_1::IronClust::4,PAIRED_BOYDEN::paired_boyden32c::1103_1_1,PAIRED_BOYDEN,0.11363636363636363,0.16533084,0.0516944785009731
main,fpos,reference_plus_strong_blend_025,family_robustness_blend,blend,PAIRED_BOYDEN::paired_boyden32c::1103_1_1::JRClust::18,PAIRED_BOYDEN::paired_boyden32c::1103_1_1,PAIRED_BOYDEN,0.26138147566718994,0.3065891,0.04520762111740173
main,fpos,reference_plus_strong_blend_025,family_robustness_blend,blend,PAIRED_BOYDEN::paired_boyden32c::1103_1_1::KiloSort::111,PAIRED_BOYDEN::paired_boyden32c::1103_1_1,PAIRED_BOYDEN,0.11241007194244604,0.19443575,0.08202567353523035
main,fpos,reference_plus_strong_blend_025,family_robustness_blend,blend,PAIRED_BOYDEN::paired_boyden32c::1103_1_1::KiloSort2::33,PAIRED_BOYDEN::paired_boyden32c::1103_1_1,PAIRED_BOYDEN,0.17066290550070523,0.20787854,0.03721563942593814
main,fpos,reference_plus_strong_blend_025,family_robustness_blend,blend,PAIRED_BOYDEN::paired_boyden32c::1103_1_1::KiloSort2::55,PAIRED_BOYDEN::paired_boyden32c::1103_1_1,PAIRED_BOYDEN,0.3333333333333333,0.22804943,0.10528390606244403
main,fpos,reference_plus_strong_blend_025,family_robustness_blend,blend,PAIRED_BOYDEN::paired_boyden32c::1103_1_1::KiloSort2::60,PAIRED_BOYDEN::paired_boyden32c::1103_1_1,PAIRED_BOYDEN,0.15878378378378377,0.10620783,0.05257595108973012
main,fpos,reference_plus_strong_blend_025,family_robustness_blend,blend,PAIRED_BOYDEN::paired_boyden32c::1103_1_1::Klusta::12,PAIRED_BOYDEN::paired_boyden32c::1103_1_1,PAIRED_BOYDEN,0.156686626746507,0.2537057,0.09701908342614621
main,fpos,reference_plus_strong_blend_025,family_robustness_blend,blend,PAIRED_BOYDEN::paired_boyden32c::1103_1_1::MountainSort4::26,PAIRED_BOYDEN::paired_boyden32c::1103_1_1,PAIRED_BOYDEN,0.30532212885154064,0.28559548,0.019726652224190788
main,fpos,reference_plus_strong_blend_025,family_robustness_blend,blend,PAIRED_BOYDEN::paired_boyden32c::1103_1_1::SpykingCircus::27,PAIRED_BOYDEN::paired_boyden32c::1103_1_1,PAIRED_BOYDEN,0.12258064516129032,0.20240517,0.07982452444491848
main,fpos,reference_plus_strong_blend_025,family_robustness_blend,blend,PAIRED_BOYDEN::paired_boyden32c::1103_1_1::Tridesclous::3,PAIRED_BOYDEN::paired_boyden32c::1103_1_1,PAIRED_BOYDEN,0.2613268608414239,0.27147615,0.010149288717597071
main,fpos,reference_plus_strong_blend_025,family_robustness_blend,blend,PAIRED_BOYDEN::paired_boyden32c::419_1_8::IronClust::14,PAIRED_BOYDEN::paired_boyden32c::419_1_8,PAIRED_BOYDEN,0.0663265306122449,0.029224444,0.0371020864315179
main,fpos,reference_plus_strong_blend_025,family_robustness_blend,blend,PAIRED_BOYDEN::paired_boyden32c::419_1_8::IronClust::4,PAIRED_BOYDEN::paired_boyden32c::419_1_8,PAIRED_BOYDEN,0.05829903978052126,0.05505853,0.003240508317375053
main,fpos,reference_plus_strong_blend_025,family_robustness_blend,blend,PAIRED_BOYDEN::paired_boyden32c::419_1_8::JRClust::24,PAIRED_BOYDEN::paired_boyden32c::419_1_8,PAIRED_BOYDEN,0.08062093139709564,0.02532625,0.05529468127609821
main,fpos,reference_plus_strong_blend_025,family_robustness_blend,blend,PAIRED_BOYDEN::paired_boyden32c::419_1_8::JRClust::8,PAIRED_BOYDEN::paired_boyden32c::419_1_8,PAIRED_BOYDEN,0.03907637655417407,0.028512362,0.010564014163417464
main,fpos,reference_plus_strong_blend_025,family_robustness_blend,blend,PAIRED_BOYDEN::paired_boyden32c::419_1_8::KiloSort::17,PAIRED_BOYDEN::paired_boyden32c::419_1_8,PAIRED_BOYDEN,0.06424161521775405,0.025703136,0.03853847933990638
main,fpos,reference_plus_strong_blend_025,family_robustness_blend,blend,PAIRED_BOYDEN::paired_boyden32c::419_1_8::KiloSort2::27,PAIRED_BOYDEN::paired_boyden32c::419_1_8,PAIRED_BOYDEN,0.1342059838895282,0.049057525,0.08514845923823922
main,fpos,reference_plus_strong_blend_025,family_robustness_blend,blend,PAIRED_BOYDEN::paired_boyden32c::419_1_8::KiloSort2::46,PAIRED_BOYDEN::paired_boyden32c::419_1_8,PAIRED_BOYDEN,0.02341480088873697,0.020988502,0.0024262992803652343
main,fpos,reference_plus_strong_blend_025,family_robustness_blend,blend,PAIRED_BOYDEN::paired_boyden32c::419_1_8::MountainSort4::42,PAIRED_BOYDEN::paired_boyden32c::419_1_8,PAIRED_BOYDEN,0.16482219271063892,0.0933864,0.07143579594492999
main,fpos,reference_plus_strong_blend_025,family_robustness_blend,blend,PAIRED_BOYDEN::paired_boyden32c::419_1_8::SpykingCircus::24,PAIRED_BOYDEN::paired_boyden32c::419_1_8,PAIRED_BOYDEN,0.24721080446271285,0.14120518,0.10600562775163039
main,fpos,reference_plus_strong_blend_025,family_robustness_blend,blend,PAIRED_BOYDEN::paired_boyden32c::419_1_8::SpykingCircus::28,PAIRED_BOYDEN::paired_boyden32c::419_1_8,PAIRED_BOYDEN,0.029543112332531776,0.020198653,0.009344459811755981
main,fpos,reference_plus_strong_blend_025,family_robustness_blend,blend,PAIRED_BOYDEN::paired_boyden32c::419_1_8::Tridesclous::0,PAIRED_BOYDEN::paired_boyden32c::419_1_8,PAIRED_BOYDEN,0.15585806056898133,0.13403793,0.021820133775882877
main,fpos,reference_plus_strong_blend_025,family_robustness_blend,blend,PAIRED_CRCNS_HC1::paired_crcns::d11221_d11221.001::SpykingCircus::6,PAIRED_CRCNS_HC1::paired_crcns::d11221_d11221.001,PAIRED_CRCNS_HC1,0.8835978835978836,0.34640896,0.5371889203944534
main,fpos,reference_plus_strong_blend_025,family_robustness_blend,blend,PAIRED_CRCNS_HC1::paired_crcns::d11222_d11222.002::IronClust::2,PAIRED_CRCNS_HC1::paired_crcns::d11222_d11222.002,PAIRED_CRCNS_HC1,0.04466019417475728,0.20295006,0.15828986619282695
main,fpos,reference_plus_strong_blend_025,family_robustness_blend,blend,PAIRED_CRCNS_HC1::paired_crcns::d11222_d11222.002::JRClust::3,PAIRED_CRCNS_HC1::paired_crcns::d11222_d11222.002,PAIRED_CRCNS_HC1,0.039337474120082816,0.068157636,0.028820161509094278
main,fpos,reference_plus_strong_blend_025,family_robustness_blend,blend,PAIRED_CRCNS_HC1::paired_crcns::d11222_d11222.002::KiloSort::1,PAIRED_CRCNS_HC1::paired_crcns::d11222_d11222.002,PAIRED_CRCNS_HC1,0.03337783711615487,0.094616294,0.061238456791010656
main,fpos,reference_plus_strong_blend_025,family_robustness_blend,blend,PAIRED_CRCNS_HC1::paired_crcns::d11222_d11222.002::KiloSort2::10,PAIRED_CRCNS_HC1::paired_crcns::d11222_d11222.002,PAIRED_CRCNS_HC1,0.550417469492614,0.11175066,0.4386668071658013
main,fpos,reference_plus_strong_blend_025,family_robustness_blend,blend,PAIRED_CRCNS_HC1::paired_crcns::d11222_d11222.002::Klusta::2,PAIRED_CRCNS_HC1::paired_crcns::d11222_d11222.002,PAIRED_CRCNS_HC1,0.008777852802160702,0.09357566,0.08479780361187128
main,fpos,reference_plus_strong_blend_025,family_robustness_blend,blend,PAIRED_CRCNS_HC1::paired_crcns::d11222_d11222.002::MountainSort4::4,PAIRED_CRCNS_HC1::paired_crcns::d11222_d11222.002,PAIRED_CRCNS_HC1,0.360427807486631,0.2557227,0.10470510593710097
main,fpos,reference_plus_strong_blend_025,family_robustness_blend,blend,PAIRED_CRCNS_HC1::paired_crcns::d11222_d11222.002::SpykingCircus::4,PAIRED_CRCNS_HC1::paired_crcns::d11222_d11222.002,PAIRED_CRCNS_HC1,0.11986754966887417,0.07815284,0.041714706849183464
main,fpos,reference_plus_strong_blend_025,family_robustness_blend,blend,PAIRED_CRCNS_HC1::paired_crcns::d11222_d11222.002::Tridesclous::0,PAIRED_CRCNS_HC1::paired_crcns::d11222_d11222.002,PAIRED_CRCNS_HC1,0.021164021164021163,0.12530537,0.10414134833232436
main,fpos,reference_plus_strong_blend_025,family_robustness_blend,blend,PAIRED_ENGLISH::paired_english::m139_200114_191955::KiloSort2::25,PAIRED_ENGLISH::paired_english::m139_200114_191955,PAIRED_ENGLISH,0.7302739726027397,0.38563582,0.3446381495913414
main,fpos,reference_plus_strong_blend_025,family_robustness_blend,blend,PAIRED_ENGLISH::paired_english::m139_200114_191955::MountainSort4::36,PAIRED_ENGLISH::paired_english::m139_200114_191955,PAIRED_ENGLISH,0.8735255086994986,0.6283299,0.24519563561447666
main,fpos,reference_plus_strong_blend_025,family_robustness_blend,blend,PAIRED_ENGLISH::paired_english::m139_200114_191955::SpykingCircus::42,PAIRED_ENGLISH::paired_english::m139_200114_191955,PAIRED_ENGLISH,0.5584045584045584,0.36431575,0.1940888101898367
main,fpos,reference_plus_strong_blend_025,family_robustness_blend,blend,PAIRED_ENGLISH::paired_english::m139_200114_222743::HerdingSpikes2::5,PAIRED_ENGLISH::paired_english::m139_200114_222743,PAIRED_ENGLISH,0.03257707969749855,0.1900279,0.15745081289207055
main,fpos,reference_plus_strong_blend_025,family_robustness_blend,blend,PAIRED_ENGLISH::paired_english::m139_200114_222743::IronClust::17,PAIRED_ENGLISH::paired_english::m139_200114_222743,PAIRED_ENGLISH,0.02675196277987787,0.14901261,0.12226064753639868
main,fpos,reference_plus_strong_blend_025,family_robustness_blend,blend,PAIRED_ENGLISH::paired_english::m139_200114_222743::KiloSort::88,PAIRED_ENGLISH::paired_english::m139_200114_222743,PAIRED_ENGLISH,0.015151515151515152,0.16529492,0.15014340028618323
main,fpos,reference_plus_strong_blend_025,family_robustness_blend,blend,PAIRED_ENGLISH::paired_english::m139_200114_222743::KiloSort2::26,PAIRED_ENGLISH::paired_english::m139_200114_222743,PAIRED_ENGLISH,0.028645087367516472,0.13240477,0.10375968705989747
main,fpos,reference_plus_strong_blend_025,family_robustness_blend,blend,PAIRED_ENGLISH::paired_english::m139_200114_222743::MountainSort4::46,PAIRED_ENGLISH::paired_english::m139_200114_222743,PAIRED_ENGLISH,0.039886039886039885,0.35685298,0.3169669385819014
main,fpos,reference_plus_strong_blend_025,family_robustness_blend,blend,PAIRED_ENGLISH::paired_english::m139_200114_222743::SpykingCircus::44,PAIRED_ENGLISH::paired_english::m139_200114_222743,PAIRED_ENGLISH,0.028064146620847653,0.11829741,0.0902332663706761
main,fpos,reference_plus_strong_blend_025,family_robustness_blend,blend,PAIRED_ENGLISH::paired_english::m139_200114_222743::Tridesclous::1,PAIRED_ENGLISH::paired_english::m139_200114_222743,PAIRED_ENGLISH,0.3089646722483153,0.3227265,0.013761815865088012
main,fpos,reference_plus_strong_blend_025,family_robustness_blend,blend,PAIRED_ENGLISH::paired_english::m14_190326_155432::IronClust::22,PAIRED_ENGLISH::paired_english::m14_190326_155432,PAIRED_ENGLISH,0.0481651376146789,0.034619045,0.013546093102168602
main,fpos,reference_plus_strong_blend_025,family_robustness_blend,blend,PAIRED_ENGLISH::paired_english::m14_190326_155432::MountainSort4::33,PAIRED_ENGLISH::paired_english::m14_190326_155432,PAIRED_ENGLISH,0.1981651376146789,0.37870052,0.18053538695387883
main,fpos,reference_plus_strong_blend_025,family_robustness_blend,blend,PAIRED_ENGLISH::paired_english::m14_190326_155432::SpykingCircus::38,PAIRED_ENGLISH::paired_english::m14_190326_155432,PAIRED_ENGLISH,0.013363028953229399,0.024639187,0.011276158427442102
main,fpos,reference_plus_strong_blend_025,family_robustness_blend,blend,PAIRED_ENGLISH::paired_english::m15_190315_142052_cell1::IronClust::40,PAIRED_ENGLISH::paired_english::m15_190315_142052_cell1,PAIRED_ENGLISH,0.2679960401640503,0.34519622,0.07720017713445737
main,fpos,reference_plus_strong_blend_025,family_robustness_blend,blend,PAIRED_ENGLISH::paired_english::m15_190315_142052_cell1::KiloSort2::48,PAIRED_ENGLISH::paired_english::m15_190315_142052_cell1,PAIRED_ENGLISH,0.8627861694595232,0.4177766,0.4450095550319567
main,fpos,reference_plus_strong_blend_025,family_robustness_blend,blend,PAIRED_ENGLISH::paired_english::m15_190315_142052_cell1::MountainSort4::62,PAIRED_ENGLISH::paired_english::m15_190315_142052_cell1,PAIRED_ENGLISH,0.8769885383524361,0.54747283,0.3295157037653389
main,fpos,reference_plus_strong_blend_025,family_robustness_blend,blend,PAIRED_ENGLISH::paired_english::m15_190315_142052_cell1::MountainSort4::64,PAIRED_ENGLISH::paired_english::m15_190315_142052_cell1,PAIRED_ENGLISH,0.14704761904761904,0.15966432,0.01261669891788847
main,fpos,reference_plus_strong_blend_025,family_robustness_blend,blend,PAIRED_ENGLISH::paired_english::m15_190315_142052_cell1::SpykingCircus::22,PAIRED_ENGLISH::paired_english::m15_190315_142052_cell1,PAIRED_ENGLISH,0.23500526131182042,0.5371134,0.3021081668040243
main,fpos,reference_plus_strong_blend_025,family_robustness_blend,blend,PAIRED_ENGLISH::paired_english::m15_190315_142052_cell1::SpykingCircus::57,PAIRED_ENGLISH::paired_english::m15_190315_142052_cell1,PAIRED_ENGLISH,0.6499202551834131,0.3323283,0.31759196543617496
main,fpos,reference_plus_strong_blend_025,family_robustness_blend,blend,PAIRED_ENGLISH::paired_english::m15_190315_152315_cell1::IronClust::35,PAIRED_ENGLISH::paired_english::m15_190315_152315_cell1,PAIRED_ENGLISH,0.002592440987856461,0.037803084,0.035210642670361926
main,fpos,reference_plus_strong_blend_025,family_robustness_blend,blend,PAIRED_ENGLISH::paired_english::m15_190315_152315_cell1::KiloSort::1,PAIRED_ENGLISH::paired_english::m15_190315_152315_cell1,PAIRED_ENGLISH,6.528267397832615e-05,0.065174356,0.06510907342896509
main,fpos,reference_plus_strong_blend_025,family_robustness_blend,blend,PAIRED_ENGLISH::paired_english::m15_190315_152315_cell1::KiloSort2::37,PAIRED_ENGLISH::paired_english::m15_190315_152315_cell1,PAIRED_ENGLISH,0.00039059957034047265,0.04225739,0.04186679134600703
main,fpos,reference_plus_strong_blend_025,family_robustness_blend,blend,PAIRED_ENGLISH::paired_english::m15_190315_152315_cell1::MountainSort4::72,PAIRED_ENGLISH::paired_english::m15_190315_152315_cell1,PAIRED_ENGLISH,0.052174468356855484,0.20585705,0.1536825850422305
main,fpos,reference_plus_strong_blend_025,family_robustness_blend,blend,PAIRED_ENGLISH::paired_english::m15_190315_152315_cell1::SpykingCircus::46,PAIRED_ENGLISH::paired_english::m15_190315_152315_cell1,PAIRED_ENGLISH,0.010891280531030483,0.03954015,0.028648868740457707
main,fpos,reference_plus_strong_blend_025,family_robustness_blend,blend,PAIRED_ENGLISH::paired_english::m15_190315_152315_cell1::Tridesclous::0,PAIRED_ENGLISH::paired_english::m15_190315_152315_cell1,PAIRED_ENGLISH,0.8482136225209834,0.35351145,0.4947021698461177
main,fpos,reference_plus_strong_blend_025,family_robustness_blend,blend,PAIRED_ENGLISH::paired_english::m26_190524_100859_cell1::KiloSort::19,PAIRED_ENGLISH::paired_english::m26_190524_100859_cell1,PAIRED_ENGLISH,0.2440677966101695,0.15808527,0.08598252489405164
main,fpos,reference_plus_strong_blend_025,family_robustness_blend,blend,PAIRED_ENGLISH::paired_english::m26_190524_100859_cell1::KiloSort::8,PAIRED_ENGLISH::paired_english::m26_190524_100859_cell1,PAIRED_ENGLISH,0.6505139500734214,0.254198,0.39631593533724585
main,fpos,reference_plus_strong_blend_025,family_robustness_blend,blend,PAIRED_ENGLISH::paired_english::m26_190524_100859_cell1::KiloSort2::0,PAIRED_ENGLISH::paired_english::m26_190524_100859_cell1,PAIRED_ENGLISH,0.38315988647114474,0.41104952,0.027889628537781652
main,fpos,reference_plus_strong_blend_025,family_robustness_blend,blend,PAIRED_ENGLISH::paired_english::m57_191105_141906::IronClust::6,PAIRED_ENGLISH::paired_english::m57_191105_141906,PAIRED_ENGLISH,0.31826625386996904,0.30500025,0.013266008298832566
main,fpos,reference_plus_strong_blend_025,family_robustness_blend,blend,PAIRED_ENGLISH::paired_english::m57_191105_141906::KiloSort::47,PAIRED_ENGLISH::paired_english::m57_191105_141906,PAIRED_ENGLISH,0.35376344086021505,0.3114402,0.04232324124664388
main,fpos,reference_plus_strong_blend_025,family_robustness_blend,blend,PAIRED_ENGLISH::paired_english::m57_191105_141906::MountainSort4::21,PAIRED_ENGLISH::paired_english::m57_191105_141906,PAIRED_ENGLISH,0.3323335332933413,0.4875243,0.15519076752033362
main,fpos,reference_plus_strong_blend_025,family_robustness_blend,blend,PAIRED_ENGLISH::paired_english::m57_191105_141906::MountainSort4::57,PAIRED_ENGLISH::paired_english::m57_191105_141906,PAIRED_ENGLISH,0.23853211009174313,0.2771183,0.03858618533939395
main,fpos,reference_plus_strong_blend_025,family_robustness_blend,blend,PAIRED_ENGLISH::paired_english::m57_191105_141906::SpykingCircus::12,PAIRED_ENGLISH::paired_english::m57_191105_141906,PAIRED_ENGLISH,0.3535228677379481,0.29739285,0.056130022584139516
main,fpos,reference_plus_strong_blend_025,family_robustness_blend,blend,PAIRED_ENGLISH::paired_english::m57_191105_141906::SpykingCircus::30,PAIRED_ENGLISH::paired_english::m57_191105_141906,PAIRED_ENGLISH,0.2040332147093713,0.22202612,0.017992909887224462
main,fpos,reference_plus_strong_blend_025,family_robustness_blend,blend,PAIRED_ENGLISH::paired_english::m57_191105_160026::HerdingSpikes2::1,PAIRED_ENGLISH::paired_english::m57_191105_160026,PAIRED_ENGLISH,0.13630229419703105,0.22657727,0.09027497285371205
main,fpos,reference_plus_strong_blend_025,family_robustness_blend,blend,PAIRED_ENGLISH::paired_english::m57_191105_160026::IronClust::2,PAIRED_ENGLISH::paired_english::m57_191105_160026,PAIRED_ENGLISH,0.5044008124576845,0.2407747,0.2636261064516344
main,fpos,reference_plus_strong_blend_025,family_robustness_blend,blend,PAIRED_ENGLISH::paired_english::m57_191105_160026::IronClust::3,PAIRED_ENGLISH::paired_english::m57_191105_160026,PAIRED_ENGLISH,0.05838815789473684,0.22785217,0.1694640078042683
main,fpos,reference_plus_strong_blend_025,family_robustness_blend,blend,PAIRED_ENGLISH::paired_english::m57_191105_160026::KiloSort::127,PAIRED_ENGLISH::paired_english::m57_191105_160026,PAIRED_ENGLISH,0.5003422313483915,0.33014852,0.17019371326291177
main,fpos,reference_plus_strong_blend_025,family_robustness_blend,blend,PAIRED_ENGLISH::paired_english::m57_191105_160026::KiloSort::6,PAIRED_ENGLISH::paired_english::m57_191105_160026,PAIRED_ENGLISH,0.02531645569620253,0.20382062,0.17850416031064867
main,fpos,reference_plus_strong_blend_025,family_robustness_blend,blend,PAIRED_ENGLISH::paired_english::m57_191105_160026::MountainSort4::23,PAIRED_ENGLISH::paired_english::m57_191105_160026,PAIRED_ENGLISH,0.6737967914438503,0.18029773,0.49349905909063985
main,fpos,reference_plus_strong_blend_025,family_robustness_blend,blend,PAIRED_ENGLISH::paired_english::m57_191105_160026::MountainSort4::25,PAIRED_ENGLISH::paired_english::m57_191105_160026,PAIRED_ENGLISH,0.14568081991215226,0.21641752,0.07073670132617477
main,fpos,reference_plus_strong_blend_025,family_robustness_blend,blend,PAIRED_ENGLISH::paired_english::m57_191105_160026::SpykingCircus::2,PAIRED_ENGLISH::paired_english::m57_191105_160026,PAIRED_ENGLISH,0.6860282574568289,0.48079896,0.20522929772477327
main,fpos,reference_plus_strong_blend_025,family_robustness_blend,blend,PAIRED_ENGLISH::paired_english::m57_191105_160026::SpykingCircus::4,PAIRED_ENGLISH::paired_english::m57_191105_160026,PAIRED_ENGLISH,0.056790123456790124,0.23642738,0.1796372581779221
main,fpos,reference_plus_strong_blend_025,family_robustness_blend,blend,PAIRED_ENGLISH::paired_english::m57_191105_160026::Tridesclous::0,PAIRED_ENGLISH::paired_english::m57_191105_160026,PAIRED_ENGLISH,0.8589226823012093,0.5419227,0.3169999938170174
main,fpos,reference_plus_strong_blend_025,family_robustness_blend,blend,PAIRED_KAMPFF::paired_kampff::c14::HerdingSpikes2::6,PAIRED_KAMPFF::paired_kampff::c14,PAIRED_KAMPFF,0.25090444775484144,0.06386667,0.1870377803053671
main,fpos,reference_plus_strong_blend_025,family_robustness_blend,blend,PAIRED_KAMPFF::paired_kampff::c14::IronClust::22,PAIRED_KAMPFF::paired_kampff::c14,PAIRED_KAMPFF,0.2240655987795576,0.11098897,0.11307663165891016
main,fpos,reference_plus_strong_blend_025,family_robustness_blend,blend,PAIRED_KAMPFF::paired_kampff::c14::KiloSort2::37,PAIRED_KAMPFF::paired_kampff::c14,PAIRED_KAMPFF,0.23899885489939474,0.124613285,0.11438556983469747
main,fpos,reference_plus_strong_blend_025,family_robustness_blend,blend,PAIRED_KAMPFF::paired_kampff::c14::MountainSort4::42,PAIRED_KAMPFF::paired_kampff::c14,PAIRED_KAMPFF,0.031842105263157894,0.023794206,0.00804789940385442
main,fpos,reference_plus_strong_blend_025,family_robustness_blend,blend,PAIRED_KAMPFF::paired_kampff::c14::SpykingCircus::14,PAIRED_KAMPFF::paired_kampff::c14,PAIRED_KAMPFF,0.0993841579953281,0.04503736,0.05434679899607578
main,fpos,reference_plus_strong_blend_025,family_robustness_blend,blend,PAIRED_KAMPFF::paired_kampff::c14::Tridesclous::8,PAIRED_KAMPFF::paired_kampff::c14,PAIRED_KAMPFF,0.7298130782302221,0.5730684,0.15674469787438716
main,fpos,reference_plus_strong_blend_025,family_robustness_blend,blend,PAIRED_MEA64C_YGER::paired_mea64c::20170622_patch1::HerdingSpikes2::19,PAIRED_MEA64C_YGER::paired_mea64c::20170622_patch1,PAIRED_MEA64C_YGER,0.3048016701461378,0.24636006,0.05844160659328135
main,fpos,reference_plus_strong_blend_025,family_robustness_blend,blend,PAIRED_MEA64C_YGER::paired_mea64c::20170622_patch1::HerdingSpikes2::7,PAIRED_MEA64C_YGER::paired_mea64c::20170622_patch1,PAIRED_MEA64C_YGER,0.006430868167202572,0.013692949,0.007262080800015827
main,fpos,reference_plus_strong_blend_025,family_robustness_blend,blend,PAIRED_MEA64C_YGER::paired_mea64c::20170622_patch1::IronClust::8,PAIRED_MEA64C_YGER::paired_mea64c::20170622_patch1,PAIRED_MEA64C_YGER,0.32512992968511156,0.14032134,0.1848085855479198
main,fpos,reference_plus_strong_blend_025,family_robustness_blend,blend,PAIRED_MEA64C_YGER::paired_mea64c::20170622_patch1::KiloSort::64,PAIRED_MEA64C_YGER::paired_mea64c::20170622_patch1,PAIRED_MEA64C_YGER,0.00022805017103762827,0.007940793,0.0077127432389059525
main,fpos,reference_plus_strong_blend_025,family_robustness_blend,blend,PAIRED_MEA64C_YGER::paired_mea64c::20170622_patch1::KiloSort2::23,PAIRED_MEA64C_YGER::paired_mea64c::20170622_patch1,PAIRED_MEA64C_YGER,0.0,0.009996548,0.009996548295021057
main,fpos,reference_plus_strong_blend_025,family_robustness_blend,blend,PAIRED_MEA64C_YGER::paired_mea64c::20170622_patch1::Klusta::4,PAIRED_MEA64C_YGER::paired_mea64c::20170622_patch1,PAIRED_MEA64C_YGER,0.0050424628450106155,0.016785035,0.011742572064833784
main,fpos,reference_plus_strong_blend_025,family_robustness_blend,blend,PAIRED_MEA64C_YGER::paired_mea64c::20170622_patch1::MountainSort4::43,PAIRED_MEA64C_YGER::paired_mea64c::20170622_patch1,PAIRED_MEA64C_YGER,0.0040494938132733405,0.010440409,0.006390915370228857
main,fpos,reference_plus_strong_blend_025,family_robustness_blend,blend,PAIRED_MEA64C_YGER::paired_mea64c::20170622_patch1::SpykingCircus::18,PAIRED_MEA64C_YGER::paired_mea64c::20170622_patch1,PAIRED_MEA64C_YGER,0.00022079929344226098,0.0086566,0.008435800265447605
main,fpos,reference_plus_strong_blend_025,family_robustness_blend,blend,PAIRED_MEA64C_YGER::paired_mea64c::20170622_patch1::Tridesclous::12,PAIRED_MEA64C_YGER::paired_mea64c::20170622_patch1,PAIRED_MEA64C_YGER,0.013830024537140308,0.01651447,0.0026844462636171004
main,fpos,reference_plus_strong_blend_025,family_robustness_blend,blend,PAIRED_MEA64C_YGER::paired_mea64c::20170622_patch2::HerdingSpikes2::16,PAIRED_MEA64C_YGER::paired_mea64c::20170622_patch2,PAIRED_MEA64C_YGER,0.18683274021352314,0.077544615,0.10928812554086231
main,fpos,reference_plus_strong_blend_025,family_robustness_blend,blend,PAIRED_MEA64C_YGER::paired_mea64c::20170622_patch2::HerdingSpikes2::44,PAIRED_MEA64C_YGER::paired_mea64c::20170622_patch2,PAIRED_MEA64C_YGER,0.4028520499108734,0.16085692,0.2419951324103775
main,fpos,reference_plus_strong_blend_025,family_robustness_blend,blend,PAIRED_MEA64C_YGER::paired_mea64c::20170622_patch2::HerdingSpikes2::5,PAIRED_MEA64C_YGER::paired_mea64c::20170622_patch2,PAIRED_MEA64C_YGER,0.06115992970123023,0.0013229451,0.05983698458700508
main,fpos,reference_plus_strong_blend_025,family_robustness_blend,blend,PAIRED_MEA64C_YGER::paired_mea64c::20170622_patch2::IronClust::11,PAIRED_MEA64C_YGER::paired_mea64c::20170622_patch2,PAIRED_MEA64C_YGER,0.061366806136680614,0.0017372185,0.05962958767009325
main,fpos,reference_plus_strong_blend_025,family_robustness_blend,blend,PAIRED_MEA64C_YGER::paired_mea64c::20170622_patch2::JRClust::31,PAIRED_MEA64C_YGER::paired_mea64c::20170622_patch2,PAIRED_MEA64C_YGER,0.06118881118881119,0.0019089727,0.059279838445843884
main,fpos,reference_plus_strong_blend_025,family_robustness_blend,blend,PAIRED_MEA64C_YGER::paired_mea64c::20170622_patch2::KiloSort::5,PAIRED_MEA64C_YGER::paired_mea64c::20170622_patch2,PAIRED_MEA64C_YGER,0.06143106457242583,0.0026851848,0.05874587974907671
main,fpos,reference_plus_strong_blend_025,family_robustness_blend,blend,PAIRED_MEA64C_YGER::paired_mea64c::20170622_patch2::KiloSort2::33,PAIRED_MEA64C_YGER::paired_mea64c::20170622_patch2,PAIRED_MEA64C_YGER,0.061409630146545706,0.0023331663,0.05907646383598202
main,fpos,reference_plus_strong_blend_025,family_robustness_blend,blend,PAIRED_MEA64C_YGER::paired_mea64c::20170622_patch2::Klusta::14,PAIRED_MEA64C_YGER::paired_mea64c::20170622_patch2,PAIRED_MEA64C_YGER,0.05860349127182045,0.0021553522,0.05644813912079909
main,fpos,reference_plus_strong_blend_025,family_robustness_blend,blend,PAIRED_MEA64C_YGER::paired_mea64c::20170622_patch2::MountainSort4::31,PAIRED_MEA64C_YGER::paired_mea64c::20170622_patch2,PAIRED_MEA64C_YGER,0.07713404182379156,0.005480723,0.07165331883390456
main,fpos,reference_plus_strong_blend_025,family_robustness_blend,blend,PAIRED_MEA64C_YGER::paired_mea64c::20170622_patch2::SpykingCircus::17,PAIRED_MEA64C_YGER::paired_mea64c::20170622_patch2,PAIRED_MEA64C_YGER,0.061366806136680614,0.0022702764,0.05909652971127428
main,fpos,reference_plus_strong_blend_025,family_robustness_blend,blend,PAIRED_MEA64C_YGER::paired_mea64c::20170622_patch2::Tridesclous::0,PAIRED_MEA64C_YGER::paired_mea64c::20170622_patch2,PAIRED_MEA64C_YGER,0.061366806136680614,0.0016959433,0.05967086283886231
main,fpos,reference_plus_strong_blend_050,family_robustness_blend,blend,PAIRED_BOYDEN::paired_boyden32c::1103_1_1::IronClust::4,PAIRED_BOYDEN::paired_boyden32c::1103_1_1,PAIRED_BOYDEN,0.11363636363636363,0.16417837,0.05054200779307973
main,fpos,reference_plus_strong_blend_050,family_robustness_blend,blend,PAIRED_BOYDEN::paired_boyden32c::1103_1_1::JRClust::18,PAIRED_BOYDEN::paired_boyden32c::1103_1_1,PAIRED_BOYDEN,0.26138147566718994,0.31294477,0.05156329419212402
main,fpos,reference_plus_strong_blend_050,family_robustness_blend,blend,PAIRED_BOYDEN::paired_boyden32c::1103_1_1::KiloSort::111,PAIRED_BOYDEN::paired_boyden32c::1103_1_1,PAIRED_BOYDEN,0.11241007194244604,0.20060964,0.0881995673445489
main,fpos,reference_plus_strong_blend_050,family_robustness_blend,blend,PAIRED_BOYDEN::paired_boyden32c::1103_1_1::KiloSort2::33,PAIRED_BOYDEN::paired_boyden32c::1103_1_1,PAIRED_BOYDEN,0.17066290550070523,0.20972459,0.03906168468159915
main,fpos,reference_plus_strong_blend_050,family_robustness_blend,blend,PAIRED_BOYDEN::paired_boyden32c::1103_1_1::KiloSort2::55,PAIRED_BOYDEN::paired_boyden32c::1103_1_1,PAIRED_BOYDEN,0.3333333333333333,0.22938922,0.1039441128571828
main,fpos,reference_plus_strong_blend_050,family_robustness_blend,blend,PAIRED_BOYDEN::paired_boyden32c::1103_1_1::KiloSort2::60,PAIRED_BOYDEN::paired_boyden32c::1103_1_1,PAIRED_BOYDEN,0.15878378378378377,0.10815476,0.05062902497278676
main,fpos,reference_plus_strong_blend_050,family_robustness_blend,blend,PAIRED_BOYDEN::paired_boyden32c::1103_1_1::Klusta::12,PAIRED_BOYDEN::paired_boyden32c::1103_1_1,PAIRED_BOYDEN,0.156686626746507,0.24088192,0.08419529311433285
main,fpos,reference_plus_strong_blend_050,family_robustness_blend,blend,PAIRED_BOYDEN::paired_boyden32c::1103_1_1::MountainSort4::26,PAIRED_BOYDEN::paired_boyden32c::1103_1_1,PAIRED_BOYDEN,0.30532212885154064,0.29893905,0.00638307960761364
main,fpos,reference_plus_strong_blend_050,family_robustness_blend,blend,PAIRED_BOYDEN::paired_boyden32c::1103_1_1::SpykingCircus::27,PAIRED_BOYDEN::paired_boyden32c::1103_1_1,PAIRED_BOYDEN,0.12258064516129032,0.20478623,0.0822055809920834
main,fpos,reference_plus_strong_blend_050,family_robustness_blend,blend,PAIRED_BOYDEN::paired_boyden32c::1103_1_1::Tridesclous::3,PAIRED_BOYDEN::paired_boyden32c::1103_1_1,PAIRED_BOYDEN,0.2613268608414239,0.2806132,0.01928635293611819
main,fpos,reference_plus_strong_blend_050,family_robustness_blend,blend,PAIRED_BOYDEN::paired_boyden32c::419_1_8::IronClust::14,PAIRED_BOYDEN::paired_boyden32c::419_1_8,PAIRED_BOYDEN,0.0663265306122449,0.028801497,0.03752503354026347
main,fpos,reference_plus_strong_blend_050,family_robustness_blend,blend,PAIRED_BOYDEN::paired_boyden32c::419_1_8::IronClust::4,PAIRED_BOYDEN::paired_boyden32c::419_1_8,PAIRED_BOYDEN,0.05829903978052126,0.054396003,0.0039030362957953105
main,fpos,reference_plus_strong_blend_050,family_robustness_blend,blend,PAIRED_BOYDEN::paired_boyden32c::419_1_8::JRClust::24,PAIRED_BOYDEN::paired_boyden32c::419_1_8,PAIRED_BOYDEN,0.08062093139709564,0.024141092,0.05647983954371544
main,fpos,reference_plus_strong_blend_050,family_robustness_blend,blend,PAIRED_BOYDEN::paired_boyden32c::419_1_8::JRClust::8,PAIRED_BOYDEN::paired_boyden32c::419_1_8,PAIRED_BOYDEN,0.03907637655417407,0.028182626,0.010893750783605223
main,fpos,reference_plus_strong_blend_050,family_robustness_blend,blend,PAIRED_BOYDEN::paired_boyden32c::419_1_8::KiloSort::17,PAIRED_BOYDEN::paired_boyden32c::419_1_8,PAIRED_BOYDEN,0.06424161521775405,0.026710909,0.03753070635778587
main,fpos,reference_plus_strong_blend_050,family_robustness_blend,blend,PAIRED_BOYDEN::paired_boyden32c::419_1_8::KiloSort2::27,PAIRED_BOYDEN::paired_boyden32c::419_1_8,PAIRED_BOYDEN,0.1342059838895282,0.047906533,0.0862994510058841
main,fpos,reference_plus_strong_blend_050,family_robustness_blend,blend,PAIRED_BOYDEN::paired_boyden32c::419_1_8::KiloSort2::46,PAIRED_BOYDEN::paired_boyden32c::419_1_8,PAIRED_BOYDEN,0.02341480088873697,0.02090542,0.002509380704601532
main,fpos,reference_plus_strong_blend_050,family_robustness_blend,blend,PAIRED_BOYDEN::paired_boyden32c::419_1_8::MountainSort4::42,PAIRED_BOYDEN::paired_boyden32c::419_1_8,PAIRED_BOYDEN,0.16482219271063892,0.09038092,0.0744412707507619
main,fpos,reference_plus_strong_blend_050,family_robustness_blend,blend,PAIRED_BOYDEN::paired_boyden32c::419_1_8::SpykingCircus::24,PAIRED_BOYDEN::paired_boyden32c::419_1_8,PAIRED_BOYDEN,0.24721080446271285,0.13636988,0.11084092044858321
main,fpos,reference_plus_strong_blend_050,family_robustness_blend,blend,PAIRED_BOYDEN::paired_boyden32c::419_1_8::SpykingCircus::28,PAIRED_BOYDEN::paired_boyden32c::419_1_8,PAIRED_BOYDEN,0.029543112332531776,0.017782545,0.011760567615339126
main,fpos,reference_plus_strong_blend_050,family_robustness_blend,blend,PAIRED_BOYDEN::paired_boyden32c::419_1_8::Tridesclous::0,PAIRED_BOYDEN::paired_boyden32c::419_1_8,PAIRED_BOYDEN,0.15585806056898133,0.13777083,0.018087228984050907
main,fpos,reference_plus_strong_blend_050,family_robustness_blend,blend,PAIRED_CRCNS_HC1::paired_crcns::d11221_d11221.001::SpykingCircus::6,PAIRED_CRCNS_HC1::paired_crcns::d11221_d11221.001,PAIRED_CRCNS_HC1,0.8835978835978836,0.35962483,0.5239730507293076
main,fpos,reference_plus_strong_blend_050,family_robustness_blend,blend,PAIRED_CRCNS_HC1::paired_crcns::d11222_d11222.002::IronClust::2,PAIRED_CRCNS_HC1::paired_crcns::d11222_d11222.002,PAIRED_CRCNS_HC1,0.04466019417475728,0.19231385,0.1476536557512376
main,fpos,reference_plus_strong_blend_050,family_robustness_blend,blend,PAIRED_CRCNS_HC1::paired_crcns::d11222_d11222.002::JRClust::3,PAIRED_CRCNS_HC1::paired_crcns::d11222_d11222.002,PAIRED_CRCNS_HC1,0.039337474120082816,0.064070106,0.024732631432590524
main,fpos,reference_plus_strong_blend_050,family_robustness_blend,blend,PAIRED_CRCNS_HC1::paired_crcns::d11222_d11222.002::KiloSort::1,PAIRED_CRCNS_HC1::paired_crcns::d11222_d11222.002,PAIRED_CRCNS_HC1,0.03337783711615487,0.086196244,0.0528184066468151
main,fpos,reference_plus_strong_blend_050,family_robustness_blend,blend,PAIRED_CRCNS_HC1::paired_crcns::d11222_d11222.002::KiloSort2::10,PAIRED_CRCNS_HC1::paired_crcns::d11222_d11222.002,PAIRED_CRCNS_HC1,0.550417469492614,0.11580576,0.43461170946663596
main,fpos,reference_plus_strong_blend_050,family_robustness_blend,blend,PAIRED_CRCNS_HC1::paired_crcns::d11222_d11222.002::Klusta::2,PAIRED_CRCNS_HC1::paired_crcns::d11222_d11222.002,PAIRED_CRCNS_HC1,0.008777852802160702,0.086525515,0.07774766191970972
main,fpos,reference_plus_strong_blend_050,family_robustness_blend,blend,PAIRED_CRCNS_HC1::paired_crcns::d11222_d11222.002::MountainSort4::4,PAIRED_CRCNS_HC1::paired_crcns::d11222_d11222.002,PAIRED_CRCNS_HC1,0.360427807486631,0.25295672,0.10747108928022536
main,fpos,reference_plus_strong_blend_050,family_robustness_blend,blend,PAIRED_CRCNS_HC1::paired_crcns::d11222_d11222.002::SpykingCircus::4,PAIRED_CRCNS_HC1::paired_crcns::d11222_d11222.002,PAIRED_CRCNS_HC1,0.11986754966887417,0.07420788,0.04565967006596508
main,fpos,reference_plus_strong_blend_050,family_robustness_blend,blend,PAIRED_CRCNS_HC1::paired_crcns::d11222_d11222.002::Tridesclous::0,PAIRED_CRCNS_HC1::paired_crcns::d11222_d11222.002,PAIRED_CRCNS_HC1,0.021164021164021163,0.110832974,0.08966895315066847
main,fpos,reference_plus_strong_blend_050,family_robustness_blend,blend,PAIRED_ENGLISH::paired_english::m139_200114_191955::KiloSort2::25,PAIRED_ENGLISH::paired_english::m139_200114_191955,PAIRED_ENGLISH,0.7302739726027397,0.37450442,0.3557695554217247
main,fpos,reference_plus_strong_blend_050,family_robustness_blend,blend,PAIRED_ENGLISH::paired_english::m139_200114_191955::MountainSort4::36,PAIRED_ENGLISH::paired_english::m139_200114_191955,PAIRED_ENGLISH,0.8735255086994986,0.62315166,0.2503738487339835
main,fpos,reference_plus_strong_blend_050,family_robustness_blend,blend,PAIRED_ENGLISH::paired_english::m139_200114_191955::SpykingCircus::42,PAIRED_ENGLISH::paired_english::m139_200114_191955,PAIRED_ENGLISH,0.5584045584045584,0.35235375,0.20605080674516507
main,fpos,reference_plus_strong_blend_050,family_robustness_blend,blend,PAIRED_ENGLISH::paired_english::m139_200114_222743::HerdingSpikes2::5,PAIRED_ENGLISH::paired_english::m139_200114_222743,PAIRED_ENGLISH,0.03257707969749855,0.1851191,0.15254202766810968
main,fpos,reference_plus_strong_blend_050,family_robustness_blend,blend,PAIRED_ENGLISH::paired_english::m139_200114_222743::IronClust::17,PAIRED_ENGLISH::paired_english::m139_200114_222743,PAIRED_ENGLISH,0.02675196277987787,0.14995462,0.12320265424359014
main,fpos,reference_plus_strong_blend_050,family_robustness_blend,blend,PAIRED_ENGLISH::paired_english::m139_200114_222743::KiloSort::88,PAIRED_ENGLISH::paired_english::m139_200114_222743,PAIRED_ENGLISH,0.015151515151515152,0.1596955,0.1445439909443711
main,fpos,reference_plus_strong_blend_050,family_robustness_blend,blend,PAIRED_ENGLISH::paired_english::m139_200114_222743::KiloSort2::26,PAIRED_ENGLISH::paired_english::m139_200114_222743,PAIRED_ENGLISH,0.028645087367516472,0.13724099,0.1085959036288443
main,fpos,reference_plus_strong_blend_050,family_robustness_blend,blend,PAIRED_ENGLISH::paired_english::m139_200114_222743::MountainSort4::46,PAIRED_ENGLISH::paired_english::m139_200114_222743,PAIRED_ENGLISH,0.039886039886039885,0.35618663,0.3163005884556349
main,fpos,reference_plus_strong_blend_050,family_robustness_blend,blend,PAIRED_ENGLISH::paired_english::m139_200114_222743::SpykingCircus::44,PAIRED_ENGLISH::paired_english::m139_200114_222743,PAIRED_ENGLISH,0.028064146620847653,0.11574015,0.08767600359239393
main,fpos,reference_plus_strong_blend_050,family_robustness_blend,blend,PAIRED_ENGLISH::paired_english::m139_200114_222743::Tridesclous::1,PAIRED_ENGLISH::paired_english::m139_200114_222743,PAIRED_ENGLISH,0.3089646722483153,0.29570183,0.013262840669106934
main,fpos,reference_plus_strong_blend_050,family_robustness_blend,blend,PAIRED_ENGLISH::paired_english::m14_190326_155432::IronClust::22,PAIRED_ENGLISH::paired_english::m14_190326_155432,PAIRED_ENGLISH,0.0481651376146789,0.03523875,0.012926387335729164
main,fpos,reference_plus_strong_blend_050,family_robustness_blend,blend,PAIRED_ENGLISH::paired_english::m14_190326_155432::MountainSort4::33,PAIRED_ENGLISH::paired_english::m14_190326_155432,PAIRED_ENGLISH,0.1981651376146789,0.37391233,0.17574719682745976
main,fpos,reference_plus_strong_blend_050,family_robustness_blend,blend,PAIRED_ENGLISH::paired_english::m14_190326_155432::SpykingCircus::38,PAIRED_ENGLISH::paired_english::m14_190326_155432,PAIRED_ENGLISH,0.013363028953229399,0.024718143,0.011355114092672853
main,fpos,reference_plus_strong_blend_050,family_robustness_blend,blend,PAIRED_ENGLISH::paired_english::m15_190315_142052_cell1::IronClust::40,PAIRED_ENGLISH::paired_english::m15_190315_142052_cell1,PAIRED_ENGLISH,0.2679960401640503,0.3238603,0.05586424750227048
main,fpos,reference_plus_strong_blend_050,family_robustness_blend,blend,PAIRED_ENGLISH::paired_english::m15_190315_142052_cell1::KiloSort2::48,PAIRED_ENGLISH::paired_english::m15_190315_142052_cell1,PAIRED_ENGLISH,0.8627861694595232,0.41347337,0.4493128017684832
main,fpos,reference_plus_strong_blend_050,family_robustness_blend,blend,PAIRED_ENGLISH::paired_english::m15_190315_142052_cell1::MountainSort4::62,PAIRED_ENGLISH::paired_english::m15_190315_142052_cell1,PAIRED_ENGLISH,0.8769885383524361,0.5424718,0.3345167122759285
main,fpos,reference_plus_strong_blend_050,family_robustness_blend,blend,PAIRED_ENGLISH::paired_english::m15_190315_142052_cell1::MountainSort4::64,PAIRED_ENGLISH::paired_english::m15_190315_142052_cell1,PAIRED_ENGLISH,0.14704761904761904,0.15371498,0.006667365607761211
main,fpos,reference_plus_strong_blend_050,family_robustness_blend,blend,PAIRED_ENGLISH::paired_english::m15_190315_142052_cell1::SpykingCircus::22,PAIRED_ENGLISH::paired_english::m15_190315_142052_cell1,PAIRED_ENGLISH,0.23500526131182042,0.5535802,0.31857496320218714
main,fpos,reference_plus_strong_blend_050,family_robustness_blend,blend,PAIRED_ENGLISH::paired_english::m15_190315_142052_cell1::SpykingCircus::57,PAIRED_ENGLISH::paired_english::m15_190315_142052_cell1,PAIRED_ENGLISH,0.6499202551834131,0.3457529,0.30416736030502567
main,fpos,reference_plus_strong_blend_050,family_robustness_blend,blend,PAIRED_ENGLISH::paired_english::m15_190315_152315_cell1::IronClust::35,PAIRED_ENGLISH::paired_english::m15_190315_152315_cell1,PAIRED_ENGLISH,0.002592440987856461,0.035894856,0.03330241486903899
main,fpos,reference_plus_strong_blend_050,family_robustness_blend,blend,PAIRED_ENGLISH::paired_english::m15_190315_152315_cell1::KiloSort::1,PAIRED_ENGLISH::paired_english::m15_190315_152315_cell1,PAIRED_ENGLISH,6.528267397832615e-05,0.06488072,0.06481543859705972
main,fpos,reference_plus_strong_blend_050,family_robustness_blend,blend,PAIRED_ENGLISH::paired_english::m15_190315_152315_cell1::KiloSort2::37,PAIRED_ENGLISH::paired_english::m15_190315_152315_cell1,PAIRED_ENGLISH,0.00039059957034047265,0.039846085,0.0394554854416186
main,fpos,reference_plus_strong_blend_050,family_robustness_blend,blend,PAIRED_ENGLISH::paired_english::m15_190315_152315_cell1::MountainSort4::72,PAIRED_ENGLISH::paired_english::m15_190315_152315_cell1,PAIRED_ENGLISH,0.052174468356855484,0.2005187,0.1483442291433734
main,fpos,reference_plus_strong_blend_050,family_robustness_blend,blend,PAIRED_ENGLISH::paired_english::m15_190315_152315_cell1::SpykingCircus::46,PAIRED_ENGLISH::paired_english::m15_190315_152315_cell1,PAIRED_ENGLISH,0.010891280531030483,0.039173268,0.028281987250703983
main,fpos,reference_plus_strong_blend_050,family_robustness_blend,blend,PAIRED_ENGLISH::paired_english::m15_190315_152315_cell1::Tridesclous::0,PAIRED_ENGLISH::paired_english::m15_190315_152315_cell1,PAIRED_ENGLISH,0.8482136225209834,0.3476113,0.5006023144231441
main,fpos,reference_plus_strong_blend_050,family_robustness_blend,blend,PAIRED_ENGLISH::paired_english::m26_190524_100859_cell1::KiloSort::19,PAIRED_ENGLISH::paired_english::m26_190524_100859_cell1,PAIRED_ENGLISH,0.2440677966101695,0.17389487,0.07017292930918226
main,fpos,reference_plus_strong_blend_050,family_robustness_blend,blend,PAIRED_ENGLISH::paired_english::m26_190524_100859_cell1::KiloSort::8,PAIRED_ENGLISH::paired_english::m26_190524_100859_cell1,PAIRED_ENGLISH,0.6505139500734214,0.25424895,0.3962650031682853
main,fpos,reference_plus_strong_blend_050,family_robustness_blend,blend,PAIRED_ENGLISH::paired_english::m26_190524_100859_cell1::KiloSort2::0,PAIRED_ENGLISH::paired_english::m26_190524_100859_cell1,PAIRED_ENGLISH,0.38315988647114474,0.39186847,0.00870858562815946
main,fpos,reference_plus_strong_blend_050,family_robustness_blend,blend,PAIRED_ENGLISH::paired_english::m57_191105_141906::IronClust::6,PAIRED_ENGLISH::paired_english::m57_191105_141906,PAIRED_ENGLISH,0.31826625386996904,0.3032821,0.014984141986805588
main,fpos,reference_plus_strong_blend_050,family_robustness_blend,blend,PAIRED_ENGLISH::paired_english::m57_191105_141906::KiloSort::47,PAIRED_ENGLISH::paired_english::m57_191105_141906,PAIRED_ENGLISH,0.35376344086021505,0.31101328,0.04275015951484762
main,fpos,reference_plus_strong_blend_050,family_robustness_blend,blend,PAIRED_ENGLISH::paired_english::m57_191105_141906::MountainSort4::21,PAIRED_ENGLISH::paired_english::m57_191105_141906,PAIRED_ENGLISH,0.3323335332933413,0.49341223,0.16107869314518103
main,fpos,reference_plus_strong_blend_050,family_robustness_blend,blend,PAIRED_ENGLISH::paired_english::m57_191105_141906::MountainSort4::57,PAIRED_ENGLISH::paired_english::m57_191105_141906,PAIRED_ENGLISH,0.23853211009174313,0.26491842,0.026386306646767
main,fpos,reference_plus_strong_blend_050,family_robustness_blend,blend,PAIRED_ENGLISH::paired_english::m57_191105_141906::SpykingCircus::12,PAIRED_ENGLISH::paired_english::m57_191105_141906,PAIRED_ENGLISH,0.3535228677379481,0.28830722,0.06521564799421947
main,fpos,reference_plus_strong_blend_050,family_robustness_blend,blend,PAIRED_ENGLISH::paired_english::m57_191105_141906::SpykingCircus::30,PAIRED_ENGLISH::paired_english::m57_191105_141906,PAIRED_ENGLISH,0.2040332147093713,0.22302476,0.01899154100695255
main,fpos,reference_plus_strong_blend_050,family_robustness_blend,blend,PAIRED_ENGLISH::paired_english::m57_191105_160026::HerdingSpikes2::1,PAIRED_ENGLISH::paired_english::m57_191105_160026,PAIRED_ENGLISH,0.13630229419703105,0.2259255,0.08962321096425435
main,fpos,reference_plus_strong_blend_050,family_robustness_blend,blend,PAIRED_ENGLISH::paired_english::m57_191105_160026::IronClust::2,PAIRED_ENGLISH::paired_english::m57_191105_160026,PAIRED_ENGLISH,0.5044008124576845,0.2420758,0.2623250115619936
main,fpos,reference_plus_strong_blend_050,family_robustness_blend,blend,PAIRED_ENGLISH::paired_english::m57_191105_160026::IronClust::3,PAIRED_ENGLISH::paired_english::m57_191105_160026,PAIRED_ENGLISH,0.05838815789473684,0.22600885,0.16762068946110575
main,fpos,reference_plus_strong_blend_050,family_robustness_blend,blend,PAIRED_ENGLISH::paired_english::m57_191105_160026::KiloSort::127,PAIRED_ENGLISH::paired_english::m57_191105_160026,PAIRED_ENGLISH,0.5003422313483915,0.33295617,0.16738606627308938
main,fpos,reference_plus_strong_blend_050,family_robustness_blend,blend,PAIRED_ENGLISH::paired_english::m57_191105_160026::KiloSort::6,PAIRED_ENGLISH::paired_english::m57_191105_160026,PAIRED_ENGLISH,0.02531645569620253,0.19478574,0.16946928825559496
main,fpos,reference_plus_strong_blend_050,family_robustness_blend,blend,PAIRED_ENGLISH::paired_english::m57_191105_160026::MountainSort4::23,PAIRED_ENGLISH::paired_english::m57_191105_160026,PAIRED_ENGLISH,0.6737967914438503,0.18045524,0.4933415538168209
main,fpos,reference_plus_strong_blend_050,family_robustness_blend,blend,PAIRED_ENGLISH::paired_english::m57_191105_160026::MountainSort4::25,PAIRED_ENGLISH::paired_english::m57_191105_160026,PAIRED_ENGLISH,0.14568081991215226,0.21466431,0.06898349030475143
main,fpos,reference_plus_strong_blend_050,family_robustness_blend,blend,PAIRED_ENGLISH::paired_english::m57_191105_160026::SpykingCircus::2,PAIRED_ENGLISH::paired_english::m57_191105_160026,PAIRED_ENGLISH,0.6860282574568289,0.47025776,0.21577049836259066
main,fpos,reference_plus_strong_blend_050,family_robustness_blend,blend,PAIRED_ENGLISH::paired_english::m57_191105_160026::SpykingCircus::4,PAIRED_ENGLISH::paired_english::m57_191105_160026,PAIRED_ENGLISH,0.056790123456790124,0.23316097,0.1763708491384247
main,fpos,reference_plus_strong_blend_050,family_robustness_blend,blend,PAIRED_ENGLISH::paired_english::m57_191105_160026::Tridesclous::0,PAIRED_ENGLISH::paired_english::m57_191105_160026,PAIRED_ENGLISH,0.8589226823012093,0.48936927,0.3695534091154793
main,fpos,reference_plus_strong_blend_050,family_robustness_blend,blend,PAIRED_KAMPFF::paired_kampff::c14::HerdingSpikes2::6,PAIRED_KAMPFF::paired_kampff::c14,PAIRED_KAMPFF,0.25090444775484144,0.06046754,0.1904369065370375
main,fpos,reference_plus_strong_blend_050,family_robustness_blend,blend,PAIRED_KAMPFF::paired_kampff::c14::IronClust::22,PAIRED_KAMPFF::paired_kampff::c14,PAIRED_KAMPFF,0.2240655987795576,0.10050467,0.12356093221270883
main,fpos,reference_plus_strong_blend_050,family_robustness_blend,blend,PAIRED_KAMPFF::paired_kampff::c14::KiloSort2::37,PAIRED_KAMPFF::paired_kampff::c14,PAIRED_KAMPFF,0.23899885489939474,0.12426394,0.11473491265772603
main,fpos,reference_plus_strong_blend_050,family_robustness_blend,blend,PAIRED_KAMPFF::paired_kampff::c14::MountainSort4::42,PAIRED_KAMPFF::paired_kampff::c14,PAIRED_KAMPFF,0.031842105263157894,0.024138689,0.0077034162220201985
main,fpos,reference_plus_strong_blend_050,family_robustness_blend,blend,PAIRED_KAMPFF::paired_kampff::c14::SpykingCircus::14,PAIRED_KAMPFF::paired_kampff::c14,PAIRED_KAMPFF,0.0993841579953281,0.0424255,0.0569586596289722
main,fpos,reference_plus_strong_blend_050,family_robustness_blend,blend,PAIRED_KAMPFF::paired_kampff::c14::Tridesclous::8,PAIRED_KAMPFF::paired_kampff::c14,PAIRED_KAMPFF,0.7298130782302221,0.5926798,0.13713327962716426
main,fpos,reference_plus_strong_blend_050,family_robustness_blend,blend,PAIRED_MEA64C_YGER::paired_mea64c::20170622_patch1::HerdingSpikes2::19,PAIRED_MEA64C_YGER::paired_mea64c::20170622_patch1,PAIRED_MEA64C_YGER,0.3048016701461378,0.24950805,0.05529361708179148
main,fpos,reference_plus_strong_blend_050,family_robustness_blend,blend,PAIRED_MEA64C_YGER::paired_mea64c::20170622_patch1::HerdingSpikes2::7,PAIRED_MEA64C_YGER::paired_mea64c::20170622_patch1,PAIRED_MEA64C_YGER,0.006430868167202572,0.015372617,0.00894174900301208
main,fpos,reference_plus_strong_blend_050,family_robustness_blend,blend,PAIRED_MEA64C_YGER::paired_mea64c::20170622_patch1::IronClust::8,PAIRED_MEA64C_YGER::paired_mea64c::20170622_patch1,PAIRED_MEA64C_YGER,0.32512992968511156,0.14210123,0.18302870144795946
main,fpos,reference_plus_strong_blend_050,family_robustness_blend,blend,PAIRED_MEA64C_YGER::paired_mea64c::20170622_patch1::KiloSort::64,PAIRED_MEA64C_YGER::paired_mea64c::20170622_patch1,PAIRED_MEA64C_YGER,0.00022805017103762827,0.009299412,0.00907136219869046
main,fpos,reference_plus_strong_blend_050,family_robustness_blend,blend,PAIRED_MEA64C_YGER::paired_mea64c::20170622_patch1::KiloSort2::23,PAIRED_MEA64C_YGER::paired_mea64c::20170622_patch1,PAIRED_MEA64C_YGER,0.0,0.011178713,0.011178713291883469
main,fpos,reference_plus_strong_blend_050,family_robustness_blend,blend,PAIRED_MEA64C_YGER::paired_mea64c::20170622_patch1::Klusta::4,PAIRED_MEA64C_YGER::paired_mea64c::20170622_patch1,PAIRED_MEA64C_YGER,0.0050424628450106155,0.020031005,0.014988542299108648
main,fpos,reference_plus_strong_blend_050,family_robustness_blend,blend,PAIRED_MEA64C_YGER::paired_mea64c::20170622_patch1::MountainSort4::43,PAIRED_MEA64C_YGER::paired_mea64c::20170622_patch1,PAIRED_MEA64C_YGER,0.0040494938132733405,0.01197551,0.0079260162326127
main,fpos,reference_plus_strong_blend_050,family_robustness_blend,blend,PAIRED_MEA64C_YGER::paired_mea64c::20170622_patch1::SpykingCircus::18,PAIRED_MEA64C_YGER::paired_mea64c::20170622_patch1,PAIRED_MEA64C_YGER,0.00022079929344226098,0.009802376,0.00958157662667464
main,fpos,reference_plus_strong_blend_050,family_robustness_blend,blend,PAIRED_MEA64C_YGER::paired_mea64c::20170622_patch1::Tridesclous::12,PAIRED_MEA64C_YGER::paired_mea64c::20170622_patch1,PAIRED_MEA64C_YGER,0.013830024537140308,0.018318541,0.0044885168108401916
main,fpos,reference_plus_strong_blend_050,family_robustness_blend,blend,PAIRED_MEA64C_YGER::paired_mea64c::20170622_patch2::HerdingSpikes2::16,PAIRED_MEA64C_YGER::paired_mea64c::20170622_patch2,PAIRED_MEA64C_YGER,0.18683274021352314,0.07422942,0.11260332098210835
main,fpos,reference_plus_strong_blend_050,family_robustness_blend,blend,PAIRED_MEA64C_YGER::paired_mea64c::20170622_patch2::HerdingSpikes2::44,PAIRED_MEA64C_YGER::paired_mea64c::20170622_patch2,PAIRED_MEA64C_YGER,0.4028520499108734,0.16637172,0.23648033186182404
main,fpos,reference_plus_strong_blend_050,family_robustness_blend,blend,PAIRED_MEA64C_YGER::paired_mea64c::20170622_patch2::HerdingSpikes2::5,PAIRED_MEA64C_YGER::paired_mea64c::20170622_patch2,PAIRED_MEA64C_YGER,0.06115992970123023,0.001474547,0.05968538273415595
main,fpos,reference_plus_strong_blend_050,family_robustness_blend,blend,PAIRED_MEA64C_YGER::paired_mea64c::20170622_patch2::IronClust::11,PAIRED_MEA64C_YGER::paired_mea64c::20170622_patch2,PAIRED_MEA64C_YGER,0.061366806136680614,0.0016174812,0.059749324903128516
main,fpos,reference_plus_strong_blend_050,family_robustness_blend,blend,PAIRED_MEA64C_YGER::paired_mea64c::20170622_patch2::JRClust::31,PAIRED_MEA64C_YGER::paired_mea64c::20170622_patch2,PAIRED_MEA64C_YGER,0.06118881118881119,0.0020082754,0.05918053582707954
main,fpos,reference_plus_strong_blend_050,family_robustness_blend,blend,PAIRED_MEA64C_YGER::paired_mea64c::20170622_patch2::KiloSort::5,PAIRED_MEA64C_YGER::paired_mea64c::20170622_patch2,PAIRED_MEA64C_YGER,0.06143106457242583,0.0025028852,0.058928179390969025
main,fpos,reference_plus_strong_blend_050,family_robustness_blend,blend,PAIRED_MEA64C_YGER::paired_mea64c::20170622_patch2::KiloSort2::33,PAIRED_MEA64C_YGER::paired_mea64c::20170622_patch2,PAIRED_MEA64C_YGER,0.061409630146545706,0.0025590584,0.05885057177833968
main,fpos,reference_plus_strong_blend_050,family_robustness_blend,blend,PAIRED_MEA64C_YGER::paired_mea64c::20170622_patch2::Klusta::14,PAIRED_MEA64C_YGER::paired_mea64c::20170622_patch2,PAIRED_MEA64C_YGER,0.05860349127182045,0.0023040897,0.05629940155052819
main,fpos,reference_plus_strong_blend_050,family_robustness_blend,blend,PAIRED_MEA64C_YGER::paired_mea64c::20170622_patch2::MountainSort4::31,PAIRED_MEA64C_YGER::paired_mea64c::20170622_patch2,PAIRED_MEA64C_YGER,0.07713404182379156,0.0056934543,0.07144058752839476
main,fpos,reference_plus_strong_blend_050,family_robustness_blend,blend,PAIRED_MEA64C_YGER::paired_mea64c::20170622_patch2::SpykingCircus::17,PAIRED_MEA64C_YGER::paired_mea64c::20170622_patch2,PAIRED_MEA64C_YGER,0.061366806136680614,0.002499504,0.05886730212183095
main,fpos,reference_plus_strong_blend_050,family_robustness_blend,blend,PAIRED_MEA64C_YGER::paired_mea64c::20170622_patch2::Tridesclous::0,PAIRED_MEA64C_YGER::paired_mea64c::20170622_patch2,PAIRED_MEA64C_YGER,0.061366806136680614,0.0015414183,0.05982538788044251
main,fpos,reference_plus_strong_blend_075,family_robustness_blend,blend,PAIRED_BOYDEN::paired_boyden32c::1103_1_1::IronClust::4,PAIRED_BOYDEN::paired_boyden32c::1103_1_1,PAIRED_BOYDEN,0.11363636363636363,0.16302592,0.04938955198634755
main,fpos,reference_plus_strong_blend_075,family_robustness_blend,blend,PAIRED_BOYDEN::paired_boyden32c::1103_1_1::JRClust::18,PAIRED_BOYDEN::paired_boyden32c::1103_1_1,PAIRED_BOYDEN,0.26138147566718994,0.31930047,0.0579189970691687
main,fpos,reference_plus_strong_blend_075,family_robustness_blend,blend,PAIRED_BOYDEN::paired_boyden32c::1103_1_1::KiloSort::111,PAIRED_BOYDEN::paired_boyden32c::1103_1_1,PAIRED_BOYDEN,0.11241007194244604,0.20678353,0.09437346115386744
main,fpos,reference_plus_strong_blend_075,family_robustness_blend,blend,PAIRED_BOYDEN::paired_boyden32c::1103_1_1::KiloSort2::33,PAIRED_BOYDEN::paired_boyden32c::1103_1_1,PAIRED_BOYDEN,0.17066290550070523,0.21157064,0.04090772993726016
main,fpos,reference_plus_strong_blend_075,family_robustness_blend,blend,PAIRED_BOYDEN::paired_boyden32c::1103_1_1::KiloSort2::55,PAIRED_BOYDEN::paired_boyden32c::1103_1_1,PAIRED_BOYDEN,0.3333333333333333,0.23072903,0.10260430475076038
main,fpos,reference_plus_strong_blend_075,family_robustness_blend,blend,PAIRED_BOYDEN::paired_boyden32c::1103_1_1::KiloSort2::60,PAIRED_BOYDEN::paired_boyden32c::1103_1_1,PAIRED_BOYDEN,0.15878378378378377,0.110101685,0.0486820988558434
main,fpos,reference_plus_strong_blend_075,family_robustness_blend,blend,PAIRED_BOYDEN::paired_boyden32c::1103_1_1::Klusta::12,PAIRED_BOYDEN::paired_boyden32c::1103_1_1,PAIRED_BOYDEN,0.156686626746507,0.22805813,0.0713715028025195
main,fpos,reference_plus_strong_blend_075,family_robustness_blend,blend,PAIRED_BOYDEN::paired_boyden32c::1103_1_1::MountainSort4::26,PAIRED_BOYDEN::paired_boyden32c::1103_1_1,PAIRED_BOYDEN,0.30532212885154064,0.31228262,0.006960493008963509
main,fpos,reference_plus_strong_blend_075,family_robustness_blend,blend,PAIRED_BOYDEN::paired_boyden32c::1103_1_1::SpykingCircus::27,PAIRED_BOYDEN::paired_boyden32c::1103_1_1,PAIRED_BOYDEN,0.12258064516129032,0.20716728,0.08458663753924832
main,fpos,reference_plus_strong_blend_075,family_robustness_blend,blend,PAIRED_BOYDEN::paired_boyden32c::1103_1_1::Tridesclous::3,PAIRED_BOYDEN::paired_boyden32c::1103_1_1,PAIRED_BOYDEN,0.2613268608414239,0.28975028,0.028423417154639308
main,fpos,reference_plus_strong_blend_075,family_robustness_blend,blend,PAIRED_BOYDEN::paired_boyden32c::419_1_8::IronClust::14,PAIRED_BOYDEN::paired_boyden32c::419_1_8,PAIRED_BOYDEN,0.0663265306122449,0.02837855,0.03794798064900905
main,fpos,reference_plus_strong_blend_075,family_robustness_blend,blend,PAIRED_BOYDEN::paired_boyden32c::419_1_8::IronClust::4,PAIRED_BOYDEN::paired_boyden32c::419_1_8,PAIRED_BOYDEN,0.05829903978052126,0.053733476,0.004565564274215568
main,fpos,reference_plus_strong_blend_075,family_robustness_blend,blend,PAIRED_BOYDEN::paired_boyden32c::419_1_8::JRClust::24,PAIRED_BOYDEN::paired_boyden32c::419_1_8,PAIRED_BOYDEN,0.08062093139709564,0.022955935,0.057664995948687514
main,fpos,reference_plus_strong_blend_075,family_robustness_blend,blend,PAIRED_BOYDEN::paired_boyden32c::419_1_8::JRClust::8,PAIRED_BOYDEN::paired_boyden32c::419_1_8,PAIRED_BOYDEN,0.03907637655417407,0.027852885,0.011223491129083281
main,fpos,reference_plus_strong_blend_075,family_robustness_blend,blend,PAIRED_BOYDEN::paired_boyden32c::419_1_8::KiloSort::17,PAIRED_BOYDEN::paired_boyden32c::419_1_8,PAIRED_BOYDEN,0.06424161521775405,0.027718682,0.036522933375665353
main,fpos,reference_plus_strong_blend_075,family_robustness_blend,blend,PAIRED_BOYDEN::paired_boyden32c::419_1_8::KiloSort2::27,PAIRED_BOYDEN::paired_boyden32c::419_1_8,PAIRED_BOYDEN,0.1342059838895282,0.04675554,0.08745044277352898
main,fpos,reference_plus_strong_blend_075,family_robustness_blend,blend,PAIRED_BOYDEN::paired_boyden32c::419_1_8::KiloSort2::46,PAIRED_BOYDEN::paired_boyden32c::419_1_8,PAIRED_BOYDEN,0.02341480088873697,0.02082234,0.0025924602661926803
main,fpos,reference_plus_strong_blend_075,family_robustness_blend,blend,PAIRED_BOYDEN::paired_boyden32c::419_1_8::MountainSort4::42,PAIRED_BOYDEN::paired_boyden32c::419_1_8,PAIRED_BOYDEN,0.16482219271063892,0.08737545,0.07744674555659381
main,fpos,reference_plus_strong_blend_075,family_robustness_blend,blend,PAIRED_BOYDEN::paired_boyden32c::419_1_8::SpykingCircus::24,PAIRED_BOYDEN::paired_boyden32c::419_1_8,PAIRED_BOYDEN,0.24721080446271285,0.13153459,0.11567621314553603
main,fpos,reference_plus_strong_blend_075,family_robustness_blend,blend,PAIRED_BOYDEN::paired_boyden32c::419_1_8::SpykingCircus::28,PAIRED_BOYDEN::paired_boyden32c::419_1_8,PAIRED_BOYDEN,0.029543112332531776,0.015366437,0.014176675418922272
main,fpos,reference_plus_strong_blend_075,family_robustness_blend,blend,PAIRED_BOYDEN::paired_boyden32c::419_1_8::Tridesclous::0,PAIRED_BOYDEN::paired_boyden32c::419_1_8,PAIRED_BOYDEN,0.15585806056898133,0.14150374,0.014354324192218937
main,fpos,reference_plus_strong_blend_075,family_robustness_blend,blend,PAIRED_CRCNS_HC1::paired_crcns::d11221_d11221.001::SpykingCircus::6,PAIRED_CRCNS_HC1::paired_crcns::d11221_d11221.001,PAIRED_CRCNS_HC1,0.8835978835978836,0.3728407,0.5107571810641617
main,fpos,reference_plus_strong_blend_075,family_robustness_blend,blend,PAIRED_CRCNS_HC1::paired_crcns::d11222_d11222.002::IronClust::2,PAIRED_CRCNS_HC1::paired_crcns::d11222_d11222.002,PAIRED_CRCNS_HC1,0.04466019417475728,0.18167762,0.13701743040848705
main,fpos,reference_plus_strong_blend_075,family_robustness_blend,blend,PAIRED_CRCNS_HC1::paired_crcns::d11222_d11222.002::JRClust::3,PAIRED_CRCNS_HC1::paired_crcns::d11222_d11222.002,PAIRED_CRCNS_HC1,0.039337474120082816,0.059982575,0.02064510135608677
main,fpos,reference_plus_strong_blend_075,family_robustness_blend,blend,PAIRED_CRCNS_HC1::paired_crcns::d11222_d11222.002::KiloSort::1,PAIRED_CRCNS_HC1::paired_crcns::d11222_d11222.002,PAIRED_CRCNS_HC1,0.03337783711615487,0.077776186,0.044398349052038946
main,fpos,reference_plus_strong_blend_075,family_robustness_blend,blend,PAIRED_CRCNS_HC1::paired_crcns::d11222_d11222.002::KiloSort2::10,PAIRED_CRCNS_HC1::paired_crcns::d11222_d11222.002,PAIRED_CRCNS_HC1,0.550417469492614,0.11986086,0.4305566117674706
main,fpos,reference_plus_strong_blend_075,family_robustness_blend,blend,PAIRED_CRCNS_HC1::paired_crcns::d11222_d11222.002::Klusta::2,PAIRED_CRCNS_HC1::paired_crcns::d11222_d11222.002,PAIRED_CRCNS_HC1,0.008777852802160702,0.07947537,0.07069752022754816
main,fpos,reference_plus_strong_blend_075,family_robustness_blend,blend,PAIRED_CRCNS_HC1::paired_crcns::d11222_d11222.002::MountainSort4::4,PAIRED_CRCNS_HC1::paired_crcns::d11222_d11222.002,PAIRED_CRCNS_HC1,0.360427807486631,0.25019073,0.11023707262334975
main,fpos,reference_plus_strong_blend_075,family_robustness_blend,blend,PAIRED_CRCNS_HC1::paired_crcns::d11222_d11222.002::SpykingCircus::4,PAIRED_CRCNS_HC1::paired_crcns::d11222_d11222.002,PAIRED_CRCNS_HC1,0.11986754966887417,0.07026292,0.049604633282746696
main,fpos,reference_plus_strong_blend_075,family_robustness_blend,blend,PAIRED_CRCNS_HC1::paired_crcns::d11222_d11222.002::Tridesclous::0,PAIRED_CRCNS_HC1::paired_crcns::d11222_d11222.002,PAIRED_CRCNS_HC1,0.021164021164021163,0.096360564,0.0751965430678514
main,fpos,reference_plus_strong_blend_075,family_robustness_blend,blend,PAIRED_ENGLISH::paired_english::m139_200114_191955::KiloSort2::25,PAIRED_ENGLISH::paired_english::m139_200114_191955,PAIRED_ENGLISH,0.7302739726027397,0.363373,0.366900961252108
main,fpos,reference_plus_strong_blend_075,family_robustness_blend,blend,PAIRED_ENGLISH::paired_english::m139_200114_191955::MountainSort4::36,PAIRED_ENGLISH::paired_english::m139_200114_191955,PAIRED_ENGLISH,0.8735255086994986,0.61797345,0.25555206185349033
main,fpos,reference_plus_strong_blend_075,family_robustness_blend,blend,PAIRED_ENGLISH::paired_english::m139_200114_191955::SpykingCircus::42,PAIRED_ENGLISH::paired_english::m139_200114_191955,PAIRED_ENGLISH,0.5584045584045584,0.34039176,0.21801280330049344
main,fpos,reference_plus_strong_blend_075,family_robustness_blend,blend,PAIRED_ENGLISH::paired_english::m139_200114_222743::HerdingSpikes2::5,PAIRED_ENGLISH::paired_english::m139_200114_222743,PAIRED_ENGLISH,0.03257707969749855,0.1802103,0.1476332275429876
main,fpos,reference_plus_strong_blend_075,family_robustness_blend,blend,PAIRED_ENGLISH::paired_english::m139_200114_222743::IronClust::17,PAIRED_ENGLISH::paired_english::m139_200114_222743,PAIRED_ENGLISH,0.02675196277987787,0.15089664,0.1241446758519428
main,fpos,reference_plus_strong_blend_075,family_robustness_blend,blend,PAIRED_ENGLISH::paired_english::m139_200114_222743::KiloSort::88,PAIRED_ENGLISH::paired_english::m139_200114_222743,PAIRED_ENGLISH,0.015151515151515152,0.15409608,0.13894456670139776
main,fpos,reference_plus_strong_blend_075,family_robustness_blend,blend,PAIRED_ENGLISH::paired_english::m139_200114_222743::KiloSort2::26,PAIRED_ENGLISH::paired_english::m139_200114_222743,PAIRED_ENGLISH,0.028645087367516472,0.14207721,0.11343212019779114
main,fpos,reference_plus_strong_blend_075,family_robustness_blend,blend,PAIRED_ENGLISH::paired_english::m139_200114_222743::MountainSort4::46,PAIRED_ENGLISH::paired_english::m139_200114_222743,PAIRED_ENGLISH,0.039886039886039885,0.35552025,0.31563420852704605
main,fpos,reference_plus_strong_blend_075,family_robustness_blend,blend,PAIRED_ENGLISH::paired_english::m139_200114_222743::SpykingCircus::44,PAIRED_ENGLISH::paired_english::m139_200114_222743,PAIRED_ENGLISH,0.028064146620847653,0.11318288,0.08511873336353117
main,fpos,reference_plus_strong_blend_075,family_robustness_blend,blend,PAIRED_ENGLISH::paired_english::m139_200114_222743::Tridesclous::1,PAIRED_ENGLISH::paired_english::m139_200114_222743,PAIRED_ENGLISH,0.3089646722483153,0.26867718,0.04028749720330188
main,fpos,reference_plus_strong_blend_075,family_robustness_blend,blend,PAIRED_ENGLISH::paired_english::m14_190326_155432::IronClust::22,PAIRED_ENGLISH::paired_english::m14_190326_155432,PAIRED_ENGLISH,0.0481651376146789,0.03585846,0.012306677843999428
main,fpos,reference_plus_strong_blend_075,family_robustness_blend,blend,PAIRED_ENGLISH::paired_english::m14_190326_155432::MountainSort4::33,PAIRED_ENGLISH::paired_english::m14_190326_155432,PAIRED_ENGLISH,0.1981651376146789,0.36912417,0.17095903650336308
main,fpos,reference_plus_strong_blend_075,family_robustness_blend,blend,PAIRED_ENGLISH::paired_english::m14_190326_155432::SpykingCircus::38,PAIRED_ENGLISH::paired_english::m14_190326_155432,PAIRED_ENGLISH,0.013363028953229399,0.024797099,0.011434069757903604
main,fpos,reference_plus_strong_blend_075,family_robustness_blend,blend,PAIRED_ENGLISH::paired_english::m15_190315_142052_cell1::IronClust::40,PAIRED_ENGLISH::paired_english::m15_190315_142052_cell1,PAIRED_ENGLISH,0.2679960401640503,0.30252433,0.034528288067761204
main,fpos,reference_plus_strong_blend_075,family_robustness_blend,blend,PAIRED_ENGLISH::paired_english::m15_190315_142052_cell1::KiloSort2::48,PAIRED_ENGLISH::paired_english::m15_190315_142052_cell1,PAIRED_ENGLISH,0.8627861694595232,0.40917012,0.4536160485050097
main,fpos,reference_plus_strong_blend_075,family_robustness_blend,blend,PAIRED_ENGLISH::paired_english::m15_190315_142052_cell1::MountainSort4::62,PAIRED_ENGLISH::paired_english::m15_190315_142052_cell1,PAIRED_ENGLISH,0.8769885383524361,0.5374708,0.3395177207865181
main,fpos,reference_plus_strong_blend_075,family_robustness_blend,blend,PAIRED_ENGLISH::paired_english::m15_190315_142052_cell1::MountainSort4::64,PAIRED_ENGLISH::paired_english::m15_190315_142052_cell1,PAIRED_ENGLISH,0.14704761904761904,0.14776567,0.0007180471987951464
main,fpos,reference_plus_strong_blend_075,family_robustness_blend,blend,PAIRED_ENGLISH::paired_english::m15_190315_142052_cell1::SpykingCircus::22,PAIRED_ENGLISH::paired_english::m15_190315_142052_cell1,PAIRED_ENGLISH,0.23500526131182042,0.570047,0.33504175960035
main,fpos,reference_plus_strong_blend_075,family_robustness_blend,blend,PAIRED_ENGLISH::paired_english::m15_190315_142052_cell1::SpykingCircus::57,PAIRED_ENGLISH::paired_english::m15_190315_142052_cell1,PAIRED_ENGLISH,0.6499202551834131,0.35917747,0.29074278497619876
main,fpos,reference_plus_strong_blend_075,family_robustness_blend,blend,PAIRED_ENGLISH::paired_english::m15_190315_152315_cell1::IronClust::35,PAIRED_ENGLISH::paired_english::m15_190315_152315_cell1,PAIRED_ENGLISH,0.002592440987856461,0.03398663,0.03139419079300635
main,fpos,reference_plus_strong_blend_075,family_robustness_blend,blend,PAIRED_ENGLISH::paired_english::m15_190315_152315_cell1::KiloSort::1,PAIRED_ENGLISH::paired_english::m15_190315_152315_cell1,PAIRED_ENGLISH,6.528267397832615e-05,0.06458709,0.06452180376515436
main,fpos,reference_plus_strong_blend_075,family_robustness_blend,blend,PAIRED_ENGLISH::paired_english::m15_190315_152315_cell1::KiloSort2::37,PAIRED_ENGLISH::paired_english::m15_190315_152315_cell1,PAIRED_ENGLISH,0.00039059957034047265,0.037434783,0.03704418326252047
main,fpos,reference_plus_strong_blend_075,family_robustness_blend,blend,PAIRED_ENGLISH::paired_english::m15_190315_152315_cell1::MountainSort4::72,PAIRED_ENGLISH::paired_english::m15_190315_152315_cell1,PAIRED_ENGLISH,0.052174468356855484,0.19518033,0.14300585834335508
main,fpos,reference_plus_strong_blend_075,family_robustness_blend,blend,PAIRED_ENGLISH::paired_english::m15_190315_152315_cell1::SpykingCircus::46,PAIRED_ENGLISH::paired_english::m15_190315_152315_cell1,PAIRED_ENGLISH,0.010891280531030483,0.038806386,0.02791510576095026
main,fpos,reference_plus_strong_blend_075,family_robustness_blend,blend,PAIRED_ENGLISH::paired_english::m15_190315_152315_cell1::Tridesclous::0,PAIRED_ENGLISH::paired_english::m15_190315_152315_cell1,PAIRED_ENGLISH,0.8482136225209834,0.34171116,0.5065024590001704
main,fpos,reference_plus_strong_blend_075,family_robustness_blend,blend,PAIRED_ENGLISH::paired_english::m26_190524_100859_cell1::KiloSort::19,PAIRED_ENGLISH::paired_english::m26_190524_100859_cell1,PAIRED_ENGLISH,0.2440677966101695,0.18970446,0.05436333372431287
main,fpos,reference_plus_strong_blend_075,family_robustness_blend,blend,PAIRED_ENGLISH::paired_english::m26_190524_100859_cell1::KiloSort::8,PAIRED_ENGLISH::paired_english::m26_190524_100859_cell1,PAIRED_ENGLISH,0.6505139500734214,0.25429988,0.3962140709993247
main,fpos,reference_plus_strong_blend_075,family_robustness_blend,blend,PAIRED_ENGLISH::paired_english::m26_190524_100859_cell1::KiloSort2::0,PAIRED_ENGLISH::paired_english::m26_190524_100859_cell1,PAIRED_ENGLISH,0.38315988647114474,0.37268743,0.010472457281462733
main,fpos,reference_plus_strong_blend_075,family_robustness_blend,blend,PAIRED_ENGLISH::paired_english::m57_191105_141906::IronClust::6,PAIRED_ENGLISH::paired_english::m57_191105_141906,PAIRED_ENGLISH,0.31826625386996904,0.30156398,0.01670227567477861
main,fpos,reference_plus_strong_blend_075,family_robustness_blend,blend,PAIRED_ENGLISH::paired_english::m57_191105_141906::KiloSort::47,PAIRED_ENGLISH::paired_english::m57_191105_141906,PAIRED_ENGLISH,0.35376344086021505,0.3105864,0.043177047980728966
main,fpos,reference_plus_strong_blend_075,family_robustness_blend,blend,PAIRED_ENGLISH::paired_english::m57_191105_141906::MountainSort4::21,PAIRED_ENGLISH::paired_english::m57_191105_141906,PAIRED_ENGLISH,0.3323335332933413,0.49930018,0.16696664857235083
main,fpos,reference_plus_strong_blend_075,family_robustness_blend,blend,PAIRED_ENGLISH::paired_english::m57_191105_141906::MountainSort4::57,PAIRED_ENGLISH::paired_english::m57_191105_141906,PAIRED_ENGLISH,0.23853211009174313,0.2527185,0.014186398151817659
main,fpos,reference_plus_strong_blend_075,family_robustness_blend,blend,PAIRED_ENGLISH::paired_english::m57_191105_141906::SpykingCircus::12,PAIRED_ENGLISH::paired_english::m57_191105_141906,PAIRED_ENGLISH,0.3535228677379481,0.2792216,0.07430127340429943
main,fpos,reference_plus_strong_blend_075,family_robustness_blend,blend,PAIRED_ENGLISH::paired_english::m57_191105_141906::SpykingCircus::30,PAIRED_ENGLISH::paired_english::m57_191105_141906,PAIRED_ENGLISH,0.2040332147093713,0.22402337,0.019990157225519445
main,fpos,reference_plus_strong_blend_075,family_robustness_blend,blend,PAIRED_ENGLISH::paired_english::m57_191105_160026::HerdingSpikes2::1,PAIRED_ENGLISH::paired_english::m57_191105_160026,PAIRED_ENGLISH,0.13630229419703105,0.22527376,0.08897146397595784
main,fpos,reference_plus_strong_blend_075,family_robustness_blend,blend,PAIRED_ENGLISH::paired_english::m57_191105_160026::IronClust::2,PAIRED_ENGLISH::paired_english::m57_191105_160026,PAIRED_ENGLISH,0.5044008124576845,0.2433769,0.2610239166723528
main,fpos,reference_plus_strong_blend_075,family_robustness_blend,blend,PAIRED_ENGLISH::paired_english::m57_191105_160026::IronClust::3,PAIRED_ENGLISH::paired_english::m57_191105_160026,PAIRED_ENGLISH,0.05838815789473684,0.22416551,0.16577735621678202
main,fpos,reference_plus_strong_blend_075,family_robustness_blend,blend,PAIRED_ENGLISH::paired_english::m57_191105_160026::KiloSort::127,PAIRED_ENGLISH::paired_english::m57_191105_160026,PAIRED_ENGLISH,0.5003422313483915,0.3357638,0.164578419283267
main,fpos,reference_plus_strong_blend_075,family_robustness_blend,blend,PAIRED_ENGLISH::paired_english::m57_191105_160026::KiloSort::6,PAIRED_ENGLISH::paired_english::m57_191105_160026,PAIRED_ENGLISH,0.02531645569620253,0.18575087,0.16043441620054125
main,fpos,reference_plus_strong_blend_075,family_robustness_blend,blend,PAIRED_ENGLISH::paired_english::m57_191105_160026::MountainSort4::23,PAIRED_ENGLISH::paired_english::m57_191105_160026,PAIRED_ENGLISH,0.6737967914438503,0.18061276,0.4931840336418407
main,fpos,reference_plus_strong_blend_075,family_robustness_blend,blend,PAIRED_ENGLISH::paired_english::m57_191105_160026::MountainSort4::25,PAIRED_ENGLISH::paired_english::m57_191105_160026,PAIRED_ENGLISH,0.14568081991215226,0.21291108,0.0672302643821669
main,fpos,reference_plus_strong_blend_075,family_robustness_blend,blend,PAIRED_ENGLISH::paired_english::m57_191105_160026::SpykingCircus::2,PAIRED_ENGLISH::paired_english::m57_191105_160026,PAIRED_ENGLISH,0.6860282574568289,0.45971662,0.22631163939576326
main,fpos,reference_plus_strong_blend_075,family_robustness_blend,blend,PAIRED_ENGLISH::paired_english::m57_191105_160026::SpykingCircus::4,PAIRED_ENGLISH::paired_english::m57_191105_160026,PAIRED_ENGLISH,0.056790123456790124,0.22989456,0.17310444009892734
main,fpos,reference_plus_strong_blend_075,family_robustness_blend,blend,PAIRED_ENGLISH::paired_english::m57_191105_160026::Tridesclous::0,PAIRED_ENGLISH::paired_english::m57_191105_160026,PAIRED_ENGLISH,0.8589226823012093,0.4368159,0.4221067946116188
main,fpos,reference_plus_strong_blend_075,family_robustness_blend,blend,PAIRED_KAMPFF::paired_kampff::c14::HerdingSpikes2::6,PAIRED_KAMPFF::paired_kampff::c14,PAIRED_KAMPFF,0.25090444775484144,0.05706841,0.19383603649399817
main,fpos,reference_plus_strong_blend_075,family_robustness_blend,blend,PAIRED_KAMPFF::paired_kampff::c14::IronClust::22,PAIRED_KAMPFF::paired_kampff::c14,PAIRED_KAMPFF,0.2240655987795576,0.09002037,0.1340452253159269
main,fpos,reference_plus_strong_blend_075,family_robustness_blend,blend,PAIRED_KAMPFF::paired_kampff::c14::KiloSort2::37,PAIRED_KAMPFF::paired_kampff::c14,PAIRED_KAMPFF,0.23899885489939474,0.123914585,0.11508427038191579
main,fpos,reference_plus_strong_blend_075,family_robustness_blend,blend,PAIRED_KAMPFF::paired_kampff::c14::MountainSort4::42,PAIRED_KAMPFF::paired_kampff::c14,PAIRED_KAMPFF,0.031842105263157894,0.02448317,0.007358934902831127
main,fpos,reference_plus_strong_blend_075,family_robustness_blend,blend,PAIRED_KAMPFF::paired_kampff::c14::SpykingCircus::14,PAIRED_KAMPFF::paired_kampff::c14,PAIRED_KAMPFF,0.0993841579953281,0.039813638,0.059570520261868626
main,fpos,reference_plus_strong_blend_075,family_robustness_blend,blend,PAIRED_KAMPFF::paired_kampff::c14::Tridesclous::8,PAIRED_KAMPFF::paired_kampff::c14,PAIRED_KAMPFF,0.7298130782302221,0.6122912,0.11752186137994136
main,fpos,reference_plus_strong_blend_075,family_robustness_blend,blend,PAIRED_MEA64C_YGER::paired_mea64c::20170622_patch1::HerdingSpikes2::19,PAIRED_MEA64C_YGER::paired_mea64c::20170622_patch1,PAIRED_MEA64C_YGER,0.3048016701461378,0.25265604,0.05214562757030161
main,fpos,reference_plus_strong_blend_075,family_robustness_blend,blend,PAIRED_MEA64C_YGER::paired_mea64c::20170622_patch1::HerdingSpikes2::7,PAIRED_MEA64C_YGER::paired_mea64c::20170622_patch1,PAIRED_MEA64C_YGER,0.006430868167202572,0.017052285,0.010621417206008335
main,fpos,reference_plus_strong_blend_075,family_robustness_blend,blend,PAIRED_MEA64C_YGER::paired_mea64c::20170622_patch1::IronClust::8,PAIRED_MEA64C_YGER::paired_mea64c::20170622_patch1,PAIRED_MEA64C_YGER,0.32512992968511156,0.1438811,0.18124883224916033
main,fpos,reference_plus_strong_blend_075,family_robustness_blend,blend,PAIRED_MEA64C_YGER::paired_mea64c::20170622_patch1::KiloSort::64,PAIRED_MEA64C_YGER::paired_mea64c::20170622_patch1,PAIRED_MEA64C_YGER,0.00022805017103762827,0.01065803,0.010429980227152393
main,fpos,reference_plus_strong_blend_075,family_robustness_blend,blend,PAIRED_MEA64C_YGER::paired_mea64c::20170622_patch1::KiloSort2::23,PAIRED_MEA64C_YGER::paired_mea64c::20170622_patch1,PAIRED_MEA64C_YGER,0.0,0.012360878,0.01236087828874588
main,fpos,reference_plus_strong_blend_075,family_robustness_blend,blend,PAIRED_MEA64C_YGER::paired_mea64c::20170622_patch1::Klusta::4,PAIRED_MEA64C_YGER::paired_mea64c::20170622_patch1,PAIRED_MEA64C_YGER,0.0050424628450106155,0.023276975,0.018234512533383512
main,fpos,reference_plus_strong_blend_075,family_robustness_blend,blend,PAIRED_MEA64C_YGER::paired_mea64c::20170622_patch1::MountainSort4::43,PAIRED_MEA64C_YGER::paired_mea64c::20170622_patch1,PAIRED_MEA64C_YGER,0.0040494938132733405,0.013510611,0.009461117094996542
main,fpos,reference_plus_strong_blend_075,family_robustness_blend,blend,PAIRED_MEA64C_YGER::paired_mea64c::20170622_patch1::SpykingCircus::18,PAIRED_MEA64C_YGER::paired_mea64c::20170622_patch1,PAIRED_MEA64C_YGER,0.00022079929344226098,0.010948152,0.010727352987901676
main,fpos,reference_plus_strong_blend_075,family_robustness_blend,blend,PAIRED_MEA64C_YGER::paired_mea64c::20170622_patch1::Tridesclous::12,PAIRED_MEA64C_YGER::paired_mea64c::20170622_patch1,PAIRED_MEA64C_YGER,0.013830024537140308,0.020122614,0.006292589220708432
main,fpos,reference_plus_strong_blend_075,family_robustness_blend,blend,PAIRED_MEA64C_YGER::paired_mea64c::20170622_patch2::HerdingSpikes2::16,PAIRED_MEA64C_YGER::paired_mea64c::20170622_patch2,PAIRED_MEA64C_YGER,0.18683274021352314,0.070914224,0.11591851642335438
main,fpos,reference_plus_strong_blend_075,family_robustness_blend,blend,PAIRED_MEA64C_YGER::paired_mea64c::20170622_patch2::HerdingSpikes2::44,PAIRED_MEA64C_YGER::paired_mea64c::20170622_patch2,PAIRED_MEA64C_YGER,0.4028520499108734,0.17188652,0.23096553131327058
main,fpos,reference_plus_strong_blend_075,family_robustness_blend,blend,PAIRED_MEA64C_YGER::paired_mea64c::20170622_patch2::HerdingSpikes2::5,PAIRED_MEA64C_YGER::paired_mea64c::20170622_patch2,PAIRED_MEA64C_YGER,0.06115992970123023,0.0016261488,0.05953378088130683
main,fpos,reference_plus_strong_blend_075,family_robustness_blend,blend,PAIRED_MEA64C_YGER::paired_mea64c::20170622_patch2::IronClust::11,PAIRED_MEA64C_YGER::paired_mea64c::20170622_patch2,PAIRED_MEA64C_YGER,0.061366806136680614,0.0014977441,0.05986906201974846
main,fpos,reference_plus_strong_blend_075,family_robustness_blend,blend,PAIRED_MEA64C_YGER::paired_mea64c::20170622_patch2::JRClust::31,PAIRED_MEA64C_YGER::paired_mea64c::20170622_patch2,PAIRED_MEA64C_YGER,0.06118881118881119,0.0021075779,0.059081233324730524
main,fpos,reference_plus_strong_blend_075,family_robustness_blend,blend,PAIRED_MEA64C_YGER::paired_mea64c::20170622_patch2::KiloSort::5,PAIRED_MEA64C_YGER::paired_mea64c::20170622_patch2,PAIRED_MEA64C_YGER,0.06143106457242583,0.0023205853,0.05911047926569198
main,fpos,reference_plus_strong_blend_075,family_robustness_blend,blend,PAIRED_MEA64C_YGER::paired_mea64c::20170622_patch2::KiloSort2::33,PAIRED_MEA64C_YGER::paired_mea64c::20170622_patch2,PAIRED_MEA64C_YGER,0.061409630146545706,0.0027849507,0.0586246794878667
main,fpos,reference_plus_strong_blend_075,family_robustness_blend,blend,PAIRED_MEA64C_YGER::paired_mea64c::20170622_patch2::Klusta::14,PAIRED_MEA64C_YGER::paired_mea64c::20170622_patch2,PAIRED_MEA64C_YGER,0.05860349127182045,0.0024528275,0.05615066374742665
main,fpos,reference_plus_strong_blend_075,family_robustness_blend,blend,PAIRED_MEA64C_YGER::paired_mea64c::20170622_patch2::MountainSort4::31,PAIRED_MEA64C_YGER::paired_mea64c::20170622_patch2,PAIRED_MEA64C_YGER,0.07713404182379156,0.005906186,0.07122785575722367
main,fpos,reference_plus_strong_blend_075,family_robustness_blend,blend,PAIRED_MEA64C_YGER::paired_mea64c::20170622_patch2::SpykingCircus::17,PAIRED_MEA64C_YGER::paired_mea64c::20170622_patch2,PAIRED_MEA64C_YGER,0.061366806136680614,0.0027287314,0.05863807476521827
main,fpos,reference_plus_strong_blend_075,family_robustness_blend,blend,PAIRED_MEA64C_YGER::paired_mea64c::20170622_patch2::Tridesclous::0,PAIRED_MEA64C_YGER::paired_mea64c::20170622_patch2,PAIRED_MEA64C_YGER,0.061366806136680614,0.0013868932,0.05997991292202271
