protocol,target,variant_id,family,backend,row_uid,recording_key,study_set,true,pred,abs_error
main,fpos,reference_anchor_stack_xgboost,signal_embedding_stack,xgboost_default,PAIRED_BOYDEN::paired_boyden32c::1103_1_1::IronClust::4,PAIRED_BOYDEN::paired_boyden32c::1103_1_1,PAIRED_BOYDEN,0.11363636363636363,0.14855476,0.034918393601070755
main,fpos,reference_anchor_stack_xgboost,signal_embedding_stack,xgboost_default,PAIRED_BOYDEN::paired_boyden32c::1103_1_1::JRClust::18,PAIRED_BOYDEN::paired_boyden32c::1103_1_1,PAIRED_BOYDEN,0.26138147566718994,0.38231167,0.12093019630508484
main,fpos,reference_anchor_stack_xgboost,signal_embedding_stack,xgboost_default,PAIRED_BOYDEN::paired_boyden32c::1103_1_1::KiloSort::111,PAIRED_BOYDEN::paired_boyden32c::1103_1_1,PAIRED_BOYDEN,0.11241007194244604,0.19361062,0.08120055153644343
main,fpos,reference_anchor_stack_xgboost,signal_embedding_stack,xgboost_default,PAIRED_BOYDEN::paired_boyden32c::1103_1_1::KiloSort2::33,PAIRED_BOYDEN::paired_boyden32c::1103_1_1,PAIRED_BOYDEN,0.17066290550070523,0.20282048,0.0321575743691373
main,fpos,reference_anchor_stack_xgboost,signal_embedding_stack,xgboost_default,PAIRED_BOYDEN::paired_boyden32c::1103_1_1::KiloSort2::55,PAIRED_BOYDEN::paired_boyden32c::1103_1_1,PAIRED_BOYDEN,0.3333333333333333,0.20983674,0.12349659701188404
main,fpos,reference_anchor_stack_xgboost,signal_embedding_stack,xgboost_default,PAIRED_BOYDEN::paired_boyden32c::1103_1_1::KiloSort2::60,PAIRED_BOYDEN::paired_boyden32c::1103_1_1,PAIRED_BOYDEN,0.15878378378378377,0.09306046,0.06572332011686788
main,fpos,reference_anchor_stack_xgboost,signal_embedding_stack,xgboost_default,PAIRED_BOYDEN::paired_boyden32c::1103_1_1::Klusta::12,PAIRED_BOYDEN::paired_boyden32c::1103_1_1,PAIRED_BOYDEN,0.156686626746507,0.23160127,0.07491464130654782
main,fpos,reference_anchor_stack_xgboost,signal_embedding_stack,xgboost_default,PAIRED_BOYDEN::paired_boyden32c::1103_1_1::MountainSort4::26,PAIRED_BOYDEN::paired_boyden32c::1103_1_1,PAIRED_BOYDEN,0.30532212885154064,0.36300856,0.057686429898611946
main,fpos,reference_anchor_stack_xgboost,signal_embedding_stack,xgboost_default,PAIRED_BOYDEN::paired_boyden32c::1103_1_1::SpykingCircus::27,PAIRED_BOYDEN::paired_boyden32c::1103_1_1,PAIRED_BOYDEN,0.12258064516129032,0.22272313,0.10014248125014767
main,fpos,reference_anchor_stack_xgboost,signal_embedding_stack,xgboost_default,PAIRED_BOYDEN::paired_boyden32c::1103_1_1::Tridesclous::3,PAIRED_BOYDEN::paired_boyden32c::1103_1_1,PAIRED_BOYDEN,0.2613268608414239,0.3700892,0.10876234227785403
main,fpos,reference_anchor_stack_xgboost,signal_embedding_stack,xgboost_default,PAIRED_BOYDEN::paired_boyden32c::419_1_8::IronClust::14,PAIRED_BOYDEN::paired_boyden32c::419_1_8,PAIRED_BOYDEN,0.0663265306122449,0.041535117,0.02479141388012439
main,fpos,reference_anchor_stack_xgboost,signal_embedding_stack,xgboost_default,PAIRED_BOYDEN::paired_boyden32c::419_1_8::IronClust::4,PAIRED_BOYDEN::paired_boyden32c::419_1_8,PAIRED_BOYDEN,0.05829903978052126,0.05448264,0.00381640094461428
main,fpos,reference_anchor_stack_xgboost,signal_embedding_stack,xgboost_default,PAIRED_BOYDEN::paired_boyden32c::419_1_8::JRClust::24,PAIRED_BOYDEN::paired_boyden32c::419_1_8,PAIRED_BOYDEN,0.08062093139709564,0.04141,0.03921093226493927
main,fpos,reference_anchor_stack_xgboost,signal_embedding_stack,xgboost_default,PAIRED_BOYDEN::paired_boyden32c::419_1_8::JRClust::8,PAIRED_BOYDEN::paired_boyden32c::419_1_8,PAIRED_BOYDEN,0.03907637655417407,0.030728,0.008348377269310599
main,fpos,reference_anchor_stack_xgboost,signal_embedding_stack,xgboost_default,PAIRED_BOYDEN::paired_boyden32c::419_1_8::KiloSort::17,PAIRED_BOYDEN::paired_boyden32c::419_1_8,PAIRED_BOYDEN,0.06424161521775405,0.025412878,0.03882873719615619
main,fpos,reference_anchor_stack_xgboost,signal_embedding_stack,xgboost_default,PAIRED_BOYDEN::paired_boyden32c::419_1_8::KiloSort2::27,PAIRED_BOYDEN::paired_boyden32c::419_1_8,PAIRED_BOYDEN,0.1342059838895282,0.04065694,0.09354904474062531
main,fpos,reference_anchor_stack_xgboost,signal_embedding_stack,xgboost_default,PAIRED_BOYDEN::paired_boyden32c::419_1_8::KiloSort2::46,PAIRED_BOYDEN::paired_boyden32c::419_1_8,PAIRED_BOYDEN,0.02341480088873697,0.019793238,0.003621562397917038
main,fpos,reference_anchor_stack_xgboost,signal_embedding_stack,xgboost_default,PAIRED_BOYDEN::paired_boyden32c::419_1_8::MountainSort4::42,PAIRED_BOYDEN::paired_boyden32c::419_1_8,PAIRED_BOYDEN,0.16482219271063892,0.09007122,0.07475096903443423
main,fpos,reference_anchor_stack_xgboost,signal_embedding_stack,xgboost_default,PAIRED_BOYDEN::paired_boyden32c::419_1_8::SpykingCircus::24,PAIRED_BOYDEN::paired_boyden32c::419_1_8,PAIRED_BOYDEN,0.24721080446271285,0.12922004,0.1179907658102928
main,fpos,reference_anchor_stack_xgboost,signal_embedding_stack,xgboost_default,PAIRED_BOYDEN::paired_boyden32c::419_1_8::SpykingCircus::28,PAIRED_BOYDEN::paired_boyden32c::419_1_8,PAIRED_BOYDEN,0.029543112332531776,0.018360252,0.011182860771724548
main,fpos,reference_anchor_stack_xgboost,signal_embedding_stack,xgboost_default,PAIRED_BOYDEN::paired_boyden32c::419_1_8::Tridesclous::0,PAIRED_BOYDEN::paired_boyden32c::419_1_8,PAIRED_BOYDEN,0.15585806056898133,0.1040761,0.051781958192997135
main,fpos,reference_anchor_stack_xgboost,signal_embedding_stack,xgboost_default,PAIRED_CRCNS_HC1::paired_crcns::d11221_d11221.001::SpykingCircus::6,PAIRED_CRCNS_HC1::paired_crcns::d11221_d11221.001,PAIRED_CRCNS_HC1,0.8835978835978836,0.37950057,0.5040973156848282
main,fpos,reference_anchor_stack_xgboost,signal_embedding_stack,xgboost_default,PAIRED_CRCNS_HC1::paired_crcns::d11222_d11222.002::IronClust::2,PAIRED_CRCNS_HC1::paired_crcns::d11222_d11222.002,PAIRED_CRCNS_HC1,0.04466019417475728,0.17666914,0.13200894151497813
main,fpos,reference_anchor_stack_xgboost,signal_embedding_stack,xgboost_default,PAIRED_CRCNS_HC1::paired_crcns::d11222_d11222.002::JRClust::3,PAIRED_CRCNS_HC1::paired_crcns::d11222_d11222.002,PAIRED_CRCNS_HC1,0.039337474120082816,0.055390175,0.016052701311883966
main,fpos,reference_anchor_stack_xgboost,signal_embedding_stack,xgboost_default,PAIRED_CRCNS_HC1::paired_crcns::d11222_d11222.002::KiloSort::1,PAIRED_CRCNS_HC1::paired_crcns::d11222_d11222.002,PAIRED_CRCNS_HC1,0.03337783711615487,0.08665884,0.0532810057454975
main,fpos,reference_anchor_stack_xgboost,signal_embedding_stack,xgboost_default,PAIRED_CRCNS_HC1::paired_crcns::d11222_d11222.002::KiloSort2::10,PAIRED_CRCNS_HC1::paired_crcns::d11222_d11222.002,PAIRED_CRCNS_HC1,0.550417469492614,0.06488254,0.48553493027991035
main,fpos,reference_anchor_stack_xgboost,signal_embedding_stack,xgboost_default,PAIRED_CRCNS_HC1::paired_crcns::d11222_d11222.002::Klusta::2,PAIRED_CRCNS_HC1::paired_crcns::d11222_d11222.002,PAIRED_CRCNS_HC1,0.008777852802160702,0.069469504,0.06069165125620035
main,fpos,reference_anchor_stack_xgboost,signal_embedding_stack,xgboost_default,PAIRED_CRCNS_HC1::paired_crcns::d11222_d11222.002::MountainSort4::4,PAIRED_CRCNS_HC1::paired_crcns::d11222_d11222.002,PAIRED_CRCNS_HC1,0.360427807486631,0.23464024,0.12578756681738051
main,fpos,reference_anchor_stack_xgboost,signal_embedding_stack,xgboost_default,PAIRED_CRCNS_HC1::paired_crcns::d11222_d11222.002::SpykingCircus::4,PAIRED_CRCNS_HC1::paired_crcns::d11222_d11222.002,PAIRED_CRCNS_HC1,0.11986754966887417,0.068225004,0.05164254588993969
main,fpos,reference_anchor_stack_xgboost,signal_embedding_stack,xgboost_default,PAIRED_CRCNS_HC1::paired_crcns::d11222_d11222.002::Tridesclous::0,PAIRED_CRCNS_HC1::paired_crcns::d11222_d11222.002,PAIRED_CRCNS_HC1,0.021164021164021163,0.076462165,0.05529814335719618
main,fpos,reference_anchor_stack_xgboost,signal_embedding_stack,xgboost_default,PAIRED_ENGLISH::paired_english::m139_200114_191955::KiloSort2::25,PAIRED_ENGLISH::paired_english::m139_200114_191955,PAIRED_ENGLISH,0.7302739726027397,0.4080892,0.3221847818812279
main,fpos,reference_anchor_stack_xgboost,signal_embedding_stack,xgboost_default,PAIRED_ENGLISH::paired_english::m139_200114_191955::MountainSort4::36,PAIRED_ENGLISH::paired_english::m139_200114_191955,PAIRED_ENGLISH,0.8735255086994986,0.6359277,0.23759783154495762
main,fpos,reference_anchor_stack_xgboost,signal_embedding_stack,xgboost_default,PAIRED_ENGLISH::paired_english::m139_200114_191955::SpykingCircus::42,PAIRED_ENGLISH::paired_english::m139_200114_191955,PAIRED_ENGLISH,0.5584045584045584,0.37853777,0.17986678431855985
main,fpos,reference_anchor_stack_xgboost,signal_embedding_stack,xgboost_default,PAIRED_ENGLISH::paired_english::m139_200114_222743::HerdingSpikes2::5,PAIRED_ENGLISH::paired_english::m139_200114_222743,PAIRED_ENGLISH,0.03257707969749855,0.18678996,0.15421287997161462
main,fpos,reference_anchor_stack_xgboost,signal_embedding_stack,xgboost_default,PAIRED_ENGLISH::paired_english::m139_200114_222743::IronClust::17,PAIRED_ENGLISH::paired_english::m139_200114_222743,PAIRED_ENGLISH,0.02675196277987787,0.16947643,0.14272447180855444
main,fpos,reference_anchor_stack_xgboost,signal_embedding_stack,xgboost_default,PAIRED_ENGLISH::paired_english::m139_200114_222743::KiloSort::88,PAIRED_ENGLISH::paired_english::m139_200114_222743,PAIRED_ENGLISH,0.015151515151515152,0.19925657,0.18410505399559485
main,fpos,reference_anchor_stack_xgboost,signal_embedding_stack,xgboost_default,PAIRED_ENGLISH::paired_english::m139_200114_222743::KiloSort2::26,PAIRED_ENGLISH::paired_english::m139_200114_222743,PAIRED_ENGLISH,0.028645087367516472,0.18779792,0.15915283154823212
main,fpos,reference_anchor_stack_xgboost,signal_embedding_stack,xgboost_default,PAIRED_ENGLISH::paired_english::m139_200114_222743::MountainSort4::46,PAIRED_ENGLISH::paired_english::m139_200114_222743,PAIRED_ENGLISH,0.039886039886039885,0.37036037,0.3304743345646437
main,fpos,reference_anchor_stack_xgboost,signal_embedding_stack,xgboost_default,PAIRED_ENGLISH::paired_english::m139_200114_222743::SpykingCircus::44,PAIRED_ENGLISH::paired_english::m139_200114_222743,PAIRED_ENGLISH,0.028064146620847653,0.1435012,0.11543706061162763
main,fpos,reference_anchor_stack_xgboost,signal_embedding_stack,xgboost_default,PAIRED_ENGLISH::paired_english::m139_200114_222743::Tridesclous::1,PAIRED_ENGLISH::paired_english::m139_200114_222743,PAIRED_ENGLISH,0.3089646722483153,0.36377856,0.05481388910536816
main,fpos,reference_anchor_stack_xgboost,signal_embedding_stack,xgboost_default,PAIRED_ENGLISH::paired_english::m14_190326_155432::IronClust::22,PAIRED_ENGLISH::paired_english::m14_190326_155432,PAIRED_ENGLISH,0.0481651376146789,0.038254566,0.009910571124028725
main,fpos,reference_anchor_stack_xgboost,signal_embedding_stack,xgboost_default,PAIRED_ENGLISH::paired_english::m14_190326_155432::MountainSort4::33,PAIRED_ENGLISH::paired_english::m14_190326_155432,PAIRED_ENGLISH,0.1981651376146789,0.28790766,0.0897425223927979
main,fpos,reference_anchor_stack_xgboost,signal_embedding_stack,xgboost_default,PAIRED_ENGLISH::paired_english::m14_190326_155432::SpykingCircus::38,PAIRED_ENGLISH::paired_english::m14_190326_155432,PAIRED_ENGLISH,0.013363028953229399,0.033296518,0.019933489074553043
main,fpos,reference_anchor_stack_xgboost,signal_embedding_stack,xgboost_default,PAIRED_ENGLISH::paired_english::m15_190315_142052_cell1::IronClust::40,PAIRED_ENGLISH::paired_english::m15_190315_142052_cell1,PAIRED_ENGLISH,0.2679960401640503,0.33674434,0.06874829810995176
main,fpos,reference_anchor_stack_xgboost,signal_embedding_stack,xgboost_default,PAIRED_ENGLISH::paired_english::m15_190315_142052_cell1::KiloSort2::48,PAIRED_ENGLISH::paired_english::m15_190315_142052_cell1,PAIRED_ENGLISH,0.8627861694595232,0.3611232,0.501662965228261
main,fpos,reference_anchor_stack_xgboost,signal_embedding_stack,xgboost_default,PAIRED_ENGLISH::paired_english::m15_190315_142052_cell1::MountainSort4::62,PAIRED_ENGLISH::paired_english::m15_190315_142052_cell1,PAIRED_ENGLISH,0.8769885383524361,0.49637473,0.3806138120569649
main,fpos,reference_anchor_stack_xgboost,signal_embedding_stack,xgboost_default,PAIRED_ENGLISH::paired_english::m15_190315_142052_cell1::MountainSort4::64,PAIRED_ENGLISH::paired_english::m15_190315_142052_cell1,PAIRED_ENGLISH,0.14704761904761904,0.15148267,0.004435052451633281
main,fpos,reference_anchor_stack_xgboost,signal_embedding_stack,xgboost_default,PAIRED_ENGLISH::paired_english::m15_190315_142052_cell1::SpykingCircus::22,PAIRED_ENGLISH::paired_english::m15_190315_142052_cell1,PAIRED_ENGLISH,0.23500526131182042,0.50358367,0.26857840835065516
main,fpos,reference_anchor_stack_xgboost,signal_embedding_stack,xgboost_default,PAIRED_ENGLISH::paired_english::m15_190315_142052_cell1::SpykingCircus::57,PAIRED_ENGLISH::paired_english::m15_190315_142052_cell1,PAIRED_ENGLISH,0.6499202551834131,0.2754128,0.3745074572555567
main,fpos,reference_anchor_stack_xgboost,signal_embedding_stack,xgboost_default,PAIRED_ENGLISH::paired_english::m15_190315_152315_cell1::IronClust::35,PAIRED_ENGLISH::paired_english::m15_190315_152315_cell1,PAIRED_ENGLISH,0.002592440987856461,0.033849515,0.03125707403299086
main,fpos,reference_anchor_stack_xgboost,signal_embedding_stack,xgboost_default,PAIRED_ENGLISH::paired_english::m15_190315_152315_cell1::KiloSort::1,PAIRED_ENGLISH::paired_english::m15_190315_152315_cell1,PAIRED_ENGLISH,6.528267397832615e-05,0.051736508,0.05167122489080477
main,fpos,reference_anchor_stack_xgboost,signal_embedding_stack,xgboost_default,PAIRED_ENGLISH::paired_english::m15_190315_152315_cell1::KiloSort2::37,PAIRED_ENGLISH::paired_english::m15_190315_152315_cell1,PAIRED_ENGLISH,0.00039059957034047265,0.053325716,0.052935116835766474
main,fpos,reference_anchor_stack_xgboost,signal_embedding_stack,xgboost_default,PAIRED_ENGLISH::paired_english::m15_190315_152315_cell1::MountainSort4::72,PAIRED_ENGLISH::paired_english::m15_190315_152315_cell1,PAIRED_ENGLISH,0.052174468356855484,0.18767948,0.1355050161297244
main,fpos,reference_anchor_stack_xgboost,signal_embedding_stack,xgboost_default,PAIRED_ENGLISH::paired_english::m15_190315_152315_cell1::SpykingCircus::46,PAIRED_ENGLISH::paired_english::m15_190315_152315_cell1,PAIRED_ENGLISH,0.010891280531030483,0.03376579,0.022874508590358906
main,fpos,reference_anchor_stack_xgboost,signal_embedding_stack,xgboost_default,PAIRED_ENGLISH::paired_english::m15_190315_152315_cell1::Tridesclous::0,PAIRED_ENGLISH::paired_english::m15_190315_152315_cell1,PAIRED_ENGLISH,0.8482136225209834,0.3451258,0.5030878281102779
main,fpos,reference_anchor_stack_xgboost,signal_embedding_stack,xgboost_default,PAIRED_ENGLISH::paired_english::m26_190524_100859_cell1::KiloSort::19,PAIRED_ENGLISH::paired_english::m26_190524_100859_cell1,PAIRED_ENGLISH,0.2440677966101695,0.15062556,0.0934422399027873
main,fpos,reference_anchor_stack_xgboost,signal_embedding_stack,xgboost_default,PAIRED_ENGLISH::paired_english::m26_190524_100859_cell1::KiloSort::8,PAIRED_ENGLISH::paired_english::m26_190524_100859_cell1,PAIRED_ENGLISH,0.6505139500734214,0.20692462,0.44358933278292456
main,fpos,reference_anchor_stack_xgboost,signal_embedding_stack,xgboost_default,PAIRED_ENGLISH::paired_english::m26_190524_100859_cell1::KiloSort2::0,PAIRED_ENGLISH::paired_english::m26_190524_100859_cell1,PAIRED_ENGLISH,0.38315988647114474,0.2831054,0.10005448328625399
main,fpos,reference_anchor_stack_xgboost,signal_embedding_stack,xgboost_default,PAIRED_ENGLISH::paired_english::m57_191105_141906::IronClust::6,PAIRED_ENGLISH::paired_english::m57_191105_141906,PAIRED_ENGLISH,0.31826625386996904,0.24808273,0.07018352667613664
main,fpos,reference_anchor_stack_xgboost,signal_embedding_stack,xgboost_default,PAIRED_ENGLISH::paired_english::m57_191105_141906::KiloSort::47,PAIRED_ENGLISH::paired_english::m57_191105_141906,PAIRED_ENGLISH,0.35376344086021505,0.2935696,0.060193846238556725
main,fpos,reference_anchor_stack_xgboost,signal_embedding_stack,xgboost_default,PAIRED_ENGLISH::paired_english::m57_191105_141906::MountainSort4::21,PAIRED_ENGLISH::paired_english::m57_191105_141906,PAIRED_ENGLISH,0.3323335332933413,0.48202968,0.14969614314403662
main,fpos,reference_anchor_stack_xgboost,signal_embedding_stack,xgboost_default,PAIRED_ENGLISH::paired_english::m57_191105_141906::MountainSort4::57,PAIRED_ENGLISH::paired_english::m57_191105_141906,PAIRED_ENGLISH,0.23853211009174313,0.26396394,0.02543182766765628
main,fpos,reference_anchor_stack_xgboost,signal_embedding_stack,xgboost_default,PAIRED_ENGLISH::paired_english::m57_191105_141906::SpykingCircus::12,PAIRED_ENGLISH::paired_english::m57_191105_141906,PAIRED_ENGLISH,0.3535228677379481,0.2689463,0.0845765777217738
main,fpos,reference_anchor_stack_xgboost,signal_embedding_stack,xgboost_default,PAIRED_ENGLISH::paired_english::m57_191105_141906::SpykingCircus::30,PAIRED_ENGLISH::paired_english::m57_191105_141906,PAIRED_ENGLISH,0.2040332147093713,0.23042135,0.02638813469687107
main,fpos,reference_anchor_stack_xgboost,signal_embedding_stack,xgboost_default,PAIRED_ENGLISH::paired_english::m57_191105_160026::HerdingSpikes2::1,PAIRED_ENGLISH::paired_english::m57_191105_160026,PAIRED_ENGLISH,0.13630229419703105,0.21375911,0.07745681518082997
main,fpos,reference_anchor_stack_xgboost,signal_embedding_stack,xgboost_default,PAIRED_ENGLISH::paired_english::m57_191105_160026::IronClust::2,PAIRED_ENGLISH::paired_english::m57_191105_160026,PAIRED_ENGLISH,0.5044008124576845,0.19412892,0.31027189679015066
main,fpos,reference_anchor_stack_xgboost,signal_embedding_stack,xgboost_default,PAIRED_ENGLISH::paired_english::m57_191105_160026::IronClust::3,PAIRED_ENGLISH::paired_english::m57_191105_160026,PAIRED_ENGLISH,0.05838815789473684,0.19629158,0.13790342290150492
main,fpos,reference_anchor_stack_xgboost,signal_embedding_stack,xgboost_default,PAIRED_ENGLISH::paired_english::m57_191105_160026::KiloSort::127,PAIRED_ENGLISH::paired_english::m57_191105_160026,PAIRED_ENGLISH,0.5003422313483915,0.29505116,0.2052910738738737
main,fpos,reference_anchor_stack_xgboost,signal_embedding_stack,xgboost_default,PAIRED_ENGLISH::paired_english::m57_191105_160026::KiloSort::6,PAIRED_ENGLISH::paired_english::m57_191105_160026,PAIRED_ENGLISH,0.02531645569620253,0.17716046,0.15184400108041643
main,fpos,reference_anchor_stack_xgboost,signal_embedding_stack,xgboost_default,PAIRED_ENGLISH::paired_english::m57_191105_160026::MountainSort4::23,PAIRED_ENGLISH::paired_english::m57_191105_160026,PAIRED_ENGLISH,0.6737967914438503,0.15535736,0.5184394306040065
main,fpos,reference_anchor_stack_xgboost,signal_embedding_stack,xgboost_default,PAIRED_ENGLISH::paired_english::m57_191105_160026::MountainSort4::25,PAIRED_ENGLISH::paired_english::m57_191105_160026,PAIRED_ENGLISH,0.14568081991215226,0.2666981,0.12101727231006149
main,fpos,reference_anchor_stack_xgboost,signal_embedding_stack,xgboost_default,PAIRED_ENGLISH::paired_english::m57_191105_160026::SpykingCircus::2,PAIRED_ENGLISH::paired_english::m57_191105_160026,PAIRED_ENGLISH,0.6860282574568289,0.45719194,0.22883631333451449
main,fpos,reference_anchor_stack_xgboost,signal_embedding_stack,xgboost_default,PAIRED_ENGLISH::paired_english::m57_191105_160026::SpykingCircus::4,PAIRED_ENGLISH::paired_english::m57_191105_160026,PAIRED_ENGLISH,0.056790123456790124,0.21536803,0.1585779089986542
main,fpos,reference_anchor_stack_xgboost,signal_embedding_stack,xgboost_default,PAIRED_ENGLISH::paired_english::m57_191105_160026::Tridesclous::0,PAIRED_ENGLISH::paired_english::m57_191105_160026,PAIRED_ENGLISH,0.8589226823012093,0.52444714,0.33447553922335893
main,fpos,reference_anchor_stack_xgboost,signal_embedding_stack,xgboost_default,PAIRED_KAMPFF::paired_kampff::c14::HerdingSpikes2::6,PAIRED_KAMPFF::paired_kampff::c14,PAIRED_KAMPFF,0.25090444775484144,0.05603651,0.19486793818138182
main,fpos,reference_anchor_stack_xgboost,signal_embedding_stack,xgboost_default,PAIRED_KAMPFF::paired_kampff::c14::IronClust::22,PAIRED_KAMPFF::paired_kampff::c14,PAIRED_KAMPFF,0.2240655987795576,0.07758136,0.14648423784339273
main,fpos,reference_anchor_stack_xgboost,signal_embedding_stack,xgboost_default,PAIRED_KAMPFF::paired_kampff::c14::KiloSort2::37,PAIRED_KAMPFF::paired_kampff::c14,PAIRED_KAMPFF,0.23899885489939474,0.13206531,0.10693354382513784
main,fpos,reference_anchor_stack_xgboost,signal_embedding_stack,xgboost_default,PAIRED_KAMPFF::paired_kampff::c14::MountainSort4::42,PAIRED_KAMPFF::paired_kampff::c14,PAIRED_KAMPFF,0.031842105263157894,0.027219728,0.004622377627774288
main,fpos,reference_anchor_stack_xgboost,signal_embedding_stack,xgboost_default,PAIRED_KAMPFF::paired_kampff::c14::SpykingCircus::14,PAIRED_KAMPFF::paired_kampff::c14,PAIRED_KAMPFF,0.0993841579953281,0.038152266,0.061231891701563984
main,fpos,reference_anchor_stack_xgboost,signal_embedding_stack,xgboost_default,PAIRED_KAMPFF::paired_kampff::c14::Tridesclous::8,PAIRED_KAMPFF::paired_kampff::c14,PAIRED_KAMPFF,0.7298130782302221,0.45036635,0.27944673020203914
main,fpos,reference_anchor_stack_xgboost,signal_embedding_stack,xgboost_default,PAIRED_MEA64C_YGER::paired_mea64c::20170622_patch1::HerdingSpikes2::19,PAIRED_MEA64C_YGER::paired_mea64c::20170622_patch1,PAIRED_MEA64C_YGER,0.3048016701461378,0.2485672,0.05623447639957102
main,fpos,reference_anchor_stack_xgboost,signal_embedding_stack,xgboost_default,PAIRED_MEA64C_YGER::paired_mea64c::20170622_patch1::HerdingSpikes2::7,PAIRED_MEA64C_YGER::paired_mea64c::20170622_patch1,PAIRED_MEA64C_YGER,0.006430868167202572,0.013656167,0.007225299146253963
main,fpos,reference_anchor_stack_xgboost,signal_embedding_stack,xgboost_default,PAIRED_MEA64C_YGER::paired_mea64c::20170622_patch1::IronClust::8,PAIRED_MEA64C_YGER::paired_mea64c::20170622_patch1,PAIRED_MEA64C_YGER,0.32512992968511156,0.11201579,0.21311413844775728
main,fpos,reference_anchor_stack_xgboost,signal_embedding_stack,xgboost_default,PAIRED_MEA64C_YGER::paired_mea64c::20170622_patch1::KiloSort::64,PAIRED_MEA64C_YGER::paired_mea64c::20170622_patch1,PAIRED_MEA64C_YGER,0.00022805017103762827,0.0102237845,0.009995734312931583
main,fpos,reference_anchor_stack_xgboost,signal_embedding_stack,xgboost_default,PAIRED_MEA64C_YGER::paired_mea64c::20170622_patch1::KiloSort2::23,PAIRED_MEA64C_YGER::paired_mea64c::20170622_patch1,PAIRED_MEA64C_YGER,0.0,0.01029391,0.010293910279870033
main,fpos,reference_anchor_stack_xgboost,signal_embedding_stack,xgboost_default,PAIRED_MEA64C_YGER::paired_mea64c::20170622_patch1::Klusta::4,PAIRED_MEA64C_YGER::paired_mea64c::20170622_patch1,PAIRED_MEA64C_YGER,0.0050424628450106155,0.016653463,0.011611000399427557
main,fpos,reference_anchor_stack_xgboost,signal_embedding_stack,xgboost_default,PAIRED_MEA64C_YGER::paired_mea64c::20170622_patch1::MountainSort4::43,PAIRED_MEA64C_YGER::paired_mea64c::20170622_patch1,PAIRED_MEA64C_YGER,0.0040494938132733405,0.01246379,0.008414296551290125
main,fpos,reference_anchor_stack_xgboost,signal_embedding_stack,xgboost_default,PAIRED_MEA64C_YGER::paired_mea64c::20170622_patch1::SpykingCircus::18,PAIRED_MEA64C_YGER::paired_mea64c::20170622_patch1,PAIRED_MEA64C_YGER,0.00022079929344226098,0.009894859,0.009674059752301681
main,fpos,reference_anchor_stack_xgboost,signal_embedding_stack,xgboost_default,PAIRED_MEA64C_YGER::paired_mea64c::20170622_patch1::Tridesclous::12,PAIRED_MEA64C_YGER::paired_mea64c::20170622_patch1,PAIRED_MEA64C_YGER,0.013830024537140308,0.015556026,0.00172600171298367
main,fpos,reference_anchor_stack_xgboost,signal_embedding_stack,xgboost_default,PAIRED_MEA64C_YGER::paired_mea64c::20170622_patch2::HerdingSpikes2::16,PAIRED_MEA64C_YGER::paired_mea64c::20170622_patch2,PAIRED_MEA64C_YGER,0.18683274021352314,0.051881306,0.13495143434012913
main,fpos,reference_anchor_stack_xgboost,signal_embedding_stack,xgboost_default,PAIRED_MEA64C_YGER::paired_mea64c::20170622_patch2::HerdingSpikes2::44,PAIRED_MEA64C_YGER::paired_mea64c::20170622_patch2,PAIRED_MEA64C_YGER,0.4028520499108734,0.11192025,0.2909317974685135
main,fpos,reference_anchor_stack_xgboost,signal_embedding_stack,xgboost_default,PAIRED_MEA64C_YGER::paired_mea64c::20170622_patch2::HerdingSpikes2::5,PAIRED_MEA64C_YGER::paired_mea64c::20170622_patch2,PAIRED_MEA64C_YGER,0.06115992970123023,0.0018224743,0.05933745540502548
main,fpos,reference_anchor_stack_xgboost,signal_embedding_stack,xgboost_default,PAIRED_MEA64C_YGER::paired_mea64c::20170622_patch2::IronClust::11,PAIRED_MEA64C_YGER::paired_mea64c::20170622_patch2,PAIRED_MEA64C_YGER,0.061366806136680614,0.0014815793,0.05988522686926074
main,fpos,reference_anchor_stack_xgboost,signal_embedding_stack,xgboost_default,PAIRED_MEA64C_YGER::paired_mea64c::20170622_patch2::JRClust::31,PAIRED_MEA64C_YGER::paired_mea64c::20170622_patch2,PAIRED_MEA64C_YGER,0.06118881118881119,0.0022083973,0.0589804139307381
main,fpos,reference_anchor_stack_xgboost,signal_embedding_stack,xgboost_default,PAIRED_MEA64C_YGER::paired_mea64c::20170622_patch2::KiloSort::5,PAIRED_MEA64C_YGER::paired_mea64c::20170622_patch2,PAIRED_MEA64C_YGER,0.06143106457242583,0.0026187692,0.05881229538867091
main,fpos,reference_anchor_stack_xgboost,signal_embedding_stack,xgboost_default,PAIRED_MEA64C_YGER::paired_mea64c::20170622_patch2::KiloSort2::33,PAIRED_MEA64C_YGER::paired_mea64c::20170622_patch2,PAIRED_MEA64C_YGER,0.061409630146545706,0.0023099894,0.0590996407295739
main,fpos,reference_anchor_stack_xgboost,signal_embedding_stack,xgboost_default,PAIRED_MEA64C_YGER::paired_mea64c::20170622_patch2::Klusta::14,PAIRED_MEA64C_YGER::paired_mea64c::20170622_patch2,PAIRED_MEA64C_YGER,0.05860349127182045,0.0026323937,0.055971097537290834
main,fpos,reference_anchor_stack_xgboost,signal_embedding_stack,xgboost_default,PAIRED_MEA64C_YGER::paired_mea64c::20170622_patch2::MountainSort4::31,PAIRED_MEA64C_YGER::paired_mea64c::20170622_patch2,PAIRED_MEA64C_YGER,0.07713404182379156,0.004901762,0.07223227970336586
main,fpos,reference_anchor_stack_xgboost,signal_embedding_stack,xgboost_default,PAIRED_MEA64C_YGER::paired_mea64c::20170622_patch2::SpykingCircus::17,PAIRED_MEA64C_YGER::paired_mea64c::20170622_patch2,PAIRED_MEA64C_YGER,0.061366806136680614,0.0030541557,0.05831265040138162
main,fpos,reference_anchor_stack_xgboost,signal_embedding_stack,xgboost_default,PAIRED_MEA64C_YGER::paired_mea64c::20170622_patch2::Tridesclous::0,PAIRED_MEA64C_YGER::paired_mea64c::20170622_patch2,PAIRED_MEA64C_YGER,0.061366806136680614,0.001394935,0.05997187118442155
main,fpos,wf_embed_anchor_stack_xgboost,signal_embedding_stack,xgboost_default,PAIRED_BOYDEN::paired_boyden32c::1103_1_1::IronClust::4,PAIRED_BOYDEN::paired_boyden32c::1103_1_1,PAIRED_BOYDEN,0.11363636363636363,0.14945938,0.03582301329482686
main,fpos,wf_embed_anchor_stack_xgboost,signal_embedding_stack,xgboost_default,PAIRED_BOYDEN::paired_boyden32c::1103_1_1::JRClust::18,PAIRED_BOYDEN::paired_boyden32c::1103_1_1,PAIRED_BOYDEN,0.26138147566718994,0.2915261,0.03014463331298889
main,fpos,wf_embed_anchor_stack_xgboost,signal_embedding_stack,xgboost_default,PAIRED_BOYDEN::paired_boyden32c::1103_1_1::KiloSort::111,PAIRED_BOYDEN::paired_boyden32c::1103_1_1,PAIRED_BOYDEN,0.11241007194244604,0.1799082,0.06749812915599604
main,fpos,wf_embed_anchor_stack_xgboost,signal_embedding_stack,xgboost_default,PAIRED_BOYDEN::paired_boyden32c::1103_1_1::KiloSort2::33,PAIRED_BOYDEN::paired_boyden32c::1103_1_1,PAIRED_BOYDEN,0.17066290550070523,0.2017958,0.031132896019642364
main,fpos,wf_embed_anchor_stack_xgboost,signal_embedding_stack,xgboost_default,PAIRED_BOYDEN::paired_boyden32c::1103_1_1::KiloSort2::55,PAIRED_BOYDEN::paired_boyden32c::1103_1_1,PAIRED_BOYDEN,0.3333333333333333,0.2100074,0.1233259340127309
main,fpos,wf_embed_anchor_stack_xgboost,signal_embedding_stack,xgboost_default,PAIRED_BOYDEN::paired_boyden32c::1103_1_1::KiloSort2::60,PAIRED_BOYDEN::paired_boyden32c::1103_1_1,PAIRED_BOYDEN,0.15878378378378377,0.11035133,0.048432452251782276
main,fpos,wf_embed_anchor_stack_xgboost,signal_embedding_stack,xgboost_default,PAIRED_BOYDEN::paired_boyden32c::1103_1_1::Klusta::12,PAIRED_BOYDEN::paired_boyden32c::1103_1_1,PAIRED_BOYDEN,0.156686626746507,0.21780993,0.06112330369725674
main,fpos,wf_embed_anchor_stack_xgboost,signal_embedding_stack,xgboost_default,PAIRED_BOYDEN::paired_boyden32c::1103_1_1::MountainSort4::26,PAIRED_BOYDEN::paired_boyden32c::1103_1_1,PAIRED_BOYDEN,0.30532212885154064,0.3162858,0.010963660161368294
main,fpos,wf_embed_anchor_stack_xgboost,signal_embedding_stack,xgboost_default,PAIRED_BOYDEN::paired_boyden32c::1103_1_1::SpykingCircus::27,PAIRED_BOYDEN::paired_boyden32c::1103_1_1,PAIRED_BOYDEN,0.12258064516129032,0.18390347,0.06132282547412381
main,fpos,wf_embed_anchor_stack_xgboost,signal_embedding_stack,xgboost_default,PAIRED_BOYDEN::paired_boyden32c::1103_1_1::Tridesclous::3,PAIRED_BOYDEN::paired_boyden32c::1103_1_1,PAIRED_BOYDEN,0.2613268608414239,0.28651378,0.025186914745657984
main,fpos,wf_embed_anchor_stack_xgboost,signal_embedding_stack,xgboost_default,PAIRED_BOYDEN::paired_boyden32c::419_1_8::IronClust::14,PAIRED_BOYDEN::paired_boyden32c::419_1_8,PAIRED_BOYDEN,0.0663265306122449,0.033735823,0.03259070772601634
main,fpos,wf_embed_anchor_stack_xgboost,signal_embedding_stack,xgboost_default,PAIRED_BOYDEN::paired_boyden32c::419_1_8::IronClust::4,PAIRED_BOYDEN::paired_boyden32c::419_1_8,PAIRED_BOYDEN,0.05829903978052126,0.05020247,0.008096569507741798
main,fpos,wf_embed_anchor_stack_xgboost,signal_embedding_stack,xgboost_default,PAIRED_BOYDEN::paired_boyden32c::419_1_8::JRClust::24,PAIRED_BOYDEN::paired_boyden32c::419_1_8,PAIRED_BOYDEN,0.08062093139709564,0.030672967,0.0499479639631662
main,fpos,wf_embed_anchor_stack_xgboost,signal_embedding_stack,xgboost_default,PAIRED_BOYDEN::paired_boyden32c::419_1_8::JRClust::8,PAIRED_BOYDEN::paired_boyden32c::419_1_8,PAIRED_BOYDEN,0.03907637655417407,0.044326592,0.005250215682583208
main,fpos,wf_embed_anchor_stack_xgboost,signal_embedding_stack,xgboost_default,PAIRED_BOYDEN::paired_boyden32c::419_1_8::KiloSort::17,PAIRED_BOYDEN::paired_boyden32c::419_1_8,PAIRED_BOYDEN,0.06424161521775405,0.027452001,0.0367896138696162
main,fpos,wf_embed_anchor_stack_xgboost,signal_embedding_stack,xgboost_default,PAIRED_BOYDEN::paired_boyden32c::419_1_8::KiloSort2::27,PAIRED_BOYDEN::paired_boyden32c::419_1_8,PAIRED_BOYDEN,0.1342059838895282,0.050302573,0.08390341134113877
main,fpos,wf_embed_anchor_stack_xgboost,signal_embedding_stack,xgboost_default,PAIRED_BOYDEN::paired_boyden32c::419_1_8::KiloSort2::46,PAIRED_BOYDEN::paired_boyden32c::419_1_8,PAIRED_BOYDEN,0.02341480088873697,0.025613764,0.002198963412205452
main,fpos,wf_embed_anchor_stack_xgboost,signal_embedding_stack,xgboost_default,PAIRED_BOYDEN::paired_boyden32c::419_1_8::MountainSort4::42,PAIRED_BOYDEN::paired_boyden32c::419_1_8,PAIRED_BOYDEN,0.16482219271063892,0.099431455,0.06539073757529346
main,fpos,wf_embed_anchor_stack_xgboost,signal_embedding_stack,xgboost_default,PAIRED_BOYDEN::paired_boyden32c::419_1_8::SpykingCircus::24,PAIRED_BOYDEN::paired_boyden32c::419_1_8,PAIRED_BOYDEN,0.24721080446271285,0.11436696,0.1328438409569679
main,fpos,wf_embed_anchor_stack_xgboost,signal_embedding_stack,xgboost_default,PAIRED_BOYDEN::paired_boyden32c::419_1_8::SpykingCircus::28,PAIRED_BOYDEN::paired_boyden32c::419_1_8,PAIRED_BOYDEN,0.029543112332531776,0.01887413,0.010668983052083816
main,fpos,wf_embed_anchor_stack_xgboost,signal_embedding_stack,xgboost_default,PAIRED_BOYDEN::paired_boyden32c::419_1_8::Tridesclous::0,PAIRED_BOYDEN::paired_boyden32c::419_1_8,PAIRED_BOYDEN,0.15585806056898133,0.12787482,0.027983239144497074
main,fpos,wf_embed_anchor_stack_xgboost,signal_embedding_stack,xgboost_default,PAIRED_CRCNS_HC1::paired_crcns::d11221_d11221.001::SpykingCircus::6,PAIRED_CRCNS_HC1::paired_crcns::d11221_d11221.001,PAIRED_CRCNS_HC1,0.8835978835978836,0.412892,0.47070586980966034
main,fpos,wf_embed_anchor_stack_xgboost,signal_embedding_stack,xgboost_default,PAIRED_CRCNS_HC1::paired_crcns::d11222_d11222.002::IronClust::2,PAIRED_CRCNS_HC1::paired_crcns::d11222_d11222.002,PAIRED_CRCNS_HC1,0.04466019417475728,0.18535726,0.140697063549051
main,fpos,wf_embed_anchor_stack_xgboost,signal_embedding_stack,xgboost_default,PAIRED_CRCNS_HC1::paired_crcns::d11222_d11222.002::JRClust::3,PAIRED_CRCNS_HC1::paired_crcns::d11222_d11222.002,PAIRED_CRCNS_HC1,0.039337474120082816,0.041518517,0.0021810427184677517
main,fpos,wf_embed_anchor_stack_xgboost,signal_embedding_stack,xgboost_default,PAIRED_CRCNS_HC1::paired_crcns::d11222_d11222.002::KiloSort::1,PAIRED_CRCNS_HC1::paired_crcns::d11222_d11222.002,PAIRED_CRCNS_HC1,0.03337783711615487,0.07698783,0.04360999566849784
main,fpos,wf_embed_anchor_stack_xgboost,signal_embedding_stack,xgboost_default,PAIRED_CRCNS_HC1::paired_crcns::d11222_d11222.002::KiloSort2::10,PAIRED_CRCNS_HC1::paired_crcns::d11222_d11222.002,PAIRED_CRCNS_HC1,0.550417469492614,0.08696218,0.4634552911431191
main,fpos,wf_embed_anchor_stack_xgboost,signal_embedding_stack,xgboost_default,PAIRED_CRCNS_HC1::paired_crcns::d11222_d11222.002::Klusta::2,PAIRED_CRCNS_HC1::paired_crcns::d11222_d11222.002,PAIRED_CRCNS_HC1,0.008777852802160702,0.06341991,0.05464205548298029
main,fpos,wf_embed_anchor_stack_xgboost,signal_embedding_stack,xgboost_default,PAIRED_CRCNS_HC1::paired_crcns::d11222_d11222.002::MountainSort4::4,PAIRED_CRCNS_HC1::paired_crcns::d11222_d11222.002,PAIRED_CRCNS_HC1,0.360427807486631,0.25145668,0.10897112957296523
main,fpos,wf_embed_anchor_stack_xgboost,signal_embedding_stack,xgboost_default,PAIRED_CRCNS_HC1::paired_crcns::d11222_d11222.002::SpykingCircus::4,PAIRED_CRCNS_HC1::paired_crcns::d11222_d11222.002,PAIRED_CRCNS_HC1,0.11986754966887417,0.061799467,0.058068083058919334
main,fpos,wf_embed_anchor_stack_xgboost,signal_embedding_stack,xgboost_default,PAIRED_CRCNS_HC1::paired_crcns::d11222_d11222.002::Tridesclous::0,PAIRED_CRCNS_HC1::paired_crcns::d11222_d11222.002,PAIRED_CRCNS_HC1,0.021164021164021163,0.06701719,0.045853168994345994
main,fpos,wf_embed_anchor_stack_xgboost,signal_embedding_stack,xgboost_default,PAIRED_ENGLISH::paired_english::m139_200114_191955::KiloSort2::25,PAIRED_ENGLISH::paired_english::m139_200114_191955,PAIRED_ENGLISH,0.7302739726027397,0.3643217,0.3659522639235405
main,fpos,wf_embed_anchor_stack_xgboost,signal_embedding_stack,xgboost_default,PAIRED_ENGLISH::paired_english::m139_200114_191955::MountainSort4::36,PAIRED_ENGLISH::paired_english::m139_200114_191955,PAIRED_ENGLISH,0.8735255086994986,0.6762532,0.1972723091221671
main,fpos,wf_embed_anchor_stack_xgboost,signal_embedding_stack,xgboost_default,PAIRED_ENGLISH::paired_english::m139_200114_191955::SpykingCircus::42,PAIRED_ENGLISH::paired_english::m139_200114_191955,PAIRED_ENGLISH,0.5584045584045584,0.37116694,0.1872376139007742
main,fpos,wf_embed_anchor_stack_xgboost,signal_embedding_stack,xgboost_default,PAIRED_ENGLISH::paired_english::m139_200114_222743::HerdingSpikes2::5,PAIRED_ENGLISH::paired_english::m139_200114_222743,PAIRED_ENGLISH,0.03257707969749855,0.15424733,0.12167024894153192
main,fpos,wf_embed_anchor_stack_xgboost,signal_embedding_stack,xgboost_default,PAIRED_ENGLISH::paired_english::m139_200114_222743::IronClust::17,PAIRED_ENGLISH::paired_english::m139_200114_222743,PAIRED_ENGLISH,0.02675196277987787,0.1323699,0.10561794293034246
main,fpos,wf_embed_anchor_stack_xgboost,signal_embedding_stack,xgboost_default,PAIRED_ENGLISH::paired_english::m139_200114_222743::KiloSort::88,PAIRED_ENGLISH::paired_english::m139_200114_222743,PAIRED_ENGLISH,0.015151515151515152,0.16072616,0.14557464465950476
main,fpos,wf_embed_anchor_stack_xgboost,signal_embedding_stack,xgboost_default,PAIRED_ENGLISH::paired_english::m139_200114_222743::KiloSort2::26,PAIRED_ENGLISH::paired_english::m139_200114_222743,PAIRED_ENGLISH,0.028645087367516472,0.14276715,0.11412205886222748
main,fpos,wf_embed_anchor_stack_xgboost,signal_embedding_stack,xgboost_default,PAIRED_ENGLISH::paired_english::m139_200114_222743::MountainSort4::46,PAIRED_ENGLISH::paired_english::m139_200114_222743,PAIRED_ENGLISH,0.039886039886039885,0.30128965,0.2614036079315718
main,fpos,wf_embed_anchor_stack_xgboost,signal_embedding_stack,xgboost_default,PAIRED_ENGLISH::paired_english::m139_200114_222743::SpykingCircus::44,PAIRED_ENGLISH::paired_english::m139_200114_222743,PAIRED_ENGLISH,0.028064146620847653,0.11687103,0.08880688251771741
main,fpos,wf_embed_anchor_stack_xgboost,signal_embedding_stack,xgboost_default,PAIRED_ENGLISH::paired_english::m139_200114_222743::Tridesclous::1,PAIRED_ENGLISH::paired_english::m139_200114_222743,PAIRED_ENGLISH,0.3089646722483153,0.31550416,0.006539491255331542
main,fpos,wf_embed_anchor_stack_xgboost,signal_embedding_stack,xgboost_default,PAIRED_ENGLISH::paired_english::m14_190326_155432::IronClust::22,PAIRED_ENGLISH::paired_english::m14_190326_155432,PAIRED_ENGLISH,0.0481651376146789,0.029093599,0.019071538667749924
main,fpos,wf_embed_anchor_stack_xgboost,signal_embedding_stack,xgboost_default,PAIRED_ENGLISH::paired_english::m14_190326_155432::MountainSort4::33,PAIRED_ENGLISH::paired_english::m14_190326_155432,PAIRED_ENGLISH,0.1981651376146789,0.37133834,0.1731732000451569
main,fpos,wf_embed_anchor_stack_xgboost,signal_embedding_stack,xgboost_default,PAIRED_ENGLISH::paired_english::m14_190326_155432::SpykingCircus::38,PAIRED_ENGLISH::paired_english::m14_190326_155432,PAIRED_ENGLISH,0.013363028953229399,0.03496114,0.02159811269267896
main,fpos,wf_embed_anchor_stack_xgboost,signal_embedding_stack,xgboost_default,PAIRED_ENGLISH::paired_english::m15_190315_142052_cell1::IronClust::40,PAIRED_ENGLISH::paired_english::m15_190315_142052_cell1,PAIRED_ENGLISH,0.2679960401640503,0.3484599,0.08046385926145627
main,fpos,wf_embed_anchor_stack_xgboost,signal_embedding_stack,xgboost_default,PAIRED_ENGLISH::paired_english::m15_190315_142052_cell1::KiloSort2::48,PAIRED_ENGLISH::paired_english::m15_190315_142052_cell1,PAIRED_ENGLISH,0.8627861694595232,0.47190523,0.39088093798369317
main,fpos,wf_embed_anchor_stack_xgboost,signal_embedding_stack,xgboost_default,PAIRED_ENGLISH::paired_english::m15_190315_142052_cell1::MountainSort4::62,PAIRED_ENGLISH::paired_english::m15_190315_142052_cell1,PAIRED_ENGLISH,0.8769885383524361,0.5586395,0.31834901198524856
main,fpos,wf_embed_anchor_stack_xgboost,signal_embedding_stack,xgboost_default,PAIRED_ENGLISH::paired_english::m15_190315_142052_cell1::MountainSort4::64,PAIRED_ENGLISH::paired_english::m15_190315_142052_cell1,PAIRED_ENGLISH,0.14704761904761904,0.1912017,0.044154082712673015
main,fpos,wf_embed_anchor_stack_xgboost,signal_embedding_stack,xgboost_default,PAIRED_ENGLISH::paired_english::m15_190315_142052_cell1::SpykingCircus::22,PAIRED_ENGLISH::paired_english::m15_190315_142052_cell1,PAIRED_ENGLISH,0.23500526131182042,0.6092578,0.37425255595655116
main,fpos,wf_embed_anchor_stack_xgboost,signal_embedding_stack,xgboost_default,PAIRED_ENGLISH::paired_english::m15_190315_142052_cell1::SpykingCircus::57,PAIRED_ENGLISH::paired_english::m15_190315_142052_cell1,PAIRED_ENGLISH,0.6499202551834131,0.3217615,0.3281587662689234
main,fpos,wf_embed_anchor_stack_xgboost,signal_embedding_stack,xgboost_default,PAIRED_ENGLISH::paired_english::m15_190315_152315_cell1::IronClust::35,PAIRED_ENGLISH::paired_english::m15_190315_152315_cell1,PAIRED_ENGLISH,0.002592440987856461,0.04070512,0.03811267734047644
main,fpos,wf_embed_anchor_stack_xgboost,signal_embedding_stack,xgboost_default,PAIRED_ENGLISH::paired_english::m15_190315_152315_cell1::KiloSort::1,PAIRED_ENGLISH::paired_english::m15_190315_152315_cell1,PAIRED_ENGLISH,6.528267397832615e-05,0.065151185,0.06508590212330866
main,fpos,wf_embed_anchor_stack_xgboost,signal_embedding_stack,xgboost_default,PAIRED_ENGLISH::paired_english::m15_190315_152315_cell1::KiloSort2::37,PAIRED_ENGLISH::paired_english::m15_190315_152315_cell1,PAIRED_ENGLISH,0.00039059957034047265,0.060659226,0.06026862645977084
main,fpos,wf_embed_anchor_stack_xgboost,signal_embedding_stack,xgboost_default,PAIRED_ENGLISH::paired_english::m15_190315_152315_cell1::MountainSort4::72,PAIRED_ENGLISH::paired_english::m15_190315_152315_cell1,PAIRED_ENGLISH,0.052174468356855484,0.2009565,0.14878202525924863
main,fpos,wf_embed_anchor_stack_xgboost,signal_embedding_stack,xgboost_default,PAIRED_ENGLISH::paired_english::m15_190315_152315_cell1::SpykingCircus::46,PAIRED_ENGLISH::paired_english::m15_190315_152315_cell1,PAIRED_ENGLISH,0.010891280531030483,0.04807593,0.03718464875306528
main,fpos,wf_embed_anchor_stack_xgboost,signal_embedding_stack,xgboost_default,PAIRED_ENGLISH::paired_english::m15_190315_152315_cell1::Tridesclous::0,PAIRED_ENGLISH::paired_english::m15_190315_152315_cell1,PAIRED_ENGLISH,0.8482136225209834,0.35829788,0.4899157380567195
main,fpos,wf_embed_anchor_stack_xgboost,signal_embedding_stack,xgboost_default,PAIRED_ENGLISH::paired_english::m26_190524_100859_cell1::KiloSort::19,PAIRED_ENGLISH::paired_english::m26_190524_100859_cell1,PAIRED_ENGLISH,0.2440677966101695,0.1627977,0.0812700922711421
main,fpos,wf_embed_anchor_stack_xgboost,signal_embedding_stack,xgboost_default,PAIRED_ENGLISH::paired_english::m26_190524_100859_cell1::KiloSort::8,PAIRED_ENGLISH::paired_english::m26_190524_100859_cell1,PAIRED_ENGLISH,0.6505139500734214,0.2338215,0.41669245370596686
main,fpos,wf_embed_anchor_stack_xgboost,signal_embedding_stack,xgboost_default,PAIRED_ENGLISH::paired_english::m26_190524_100859_cell1::KiloSort2::0,PAIRED_ENGLISH::paired_english::m26_190524_100859_cell1,PAIRED_ENGLISH,0.38315988647114474,0.3285829,0.0545769737876578
main,fpos,wf_embed_anchor_stack_xgboost,signal_embedding_stack,xgboost_default,PAIRED_ENGLISH::paired_english::m57_191105_141906::IronClust::6,PAIRED_ENGLISH::paired_english::m57_191105_141906,PAIRED_ENGLISH,0.31826625386996904,0.25480294,0.06346331159396806
main,fpos,wf_embed_anchor_stack_xgboost,signal_embedding_stack,xgboost_default,PAIRED_ENGLISH::paired_english::m57_191105_141906::KiloSort::47,PAIRED_ENGLISH::paired_english::m57_191105_141906,PAIRED_ENGLISH,0.35376344086021505,0.30185953,0.051903913033905846
main,fpos,wf_embed_anchor_stack_xgboost,signal_embedding_stack,xgboost_default,PAIRED_ENGLISH::paired_english::m57_191105_141906::MountainSort4::21,PAIRED_ENGLISH::paired_english::m57_191105_141906,PAIRED_ENGLISH,0.3323335332933413,0.43314087,0.10080734061565527
main,fpos,wf_embed_anchor_stack_xgboost,signal_embedding_stack,xgboost_default,PAIRED_ENGLISH::paired_english::m57_191105_141906::MountainSort4::57,PAIRED_ENGLISH::paired_english::m57_191105_141906,PAIRED_ENGLISH,0.23853211009174313,0.2721512,0.03361909187168155
main,fpos,wf_embed_anchor_stack_xgboost,signal_embedding_stack,xgboost_default,PAIRED_ENGLISH::paired_english::m57_191105_141906::SpykingCircus::12,PAIRED_ENGLISH::paired_english::m57_191105_141906,PAIRED_ENGLISH,0.3535228677379481,0.24097149,0.11255137699717205
main,fpos,wf_embed_anchor_stack_xgboost,signal_embedding_stack,xgboost_default,PAIRED_ENGLISH::paired_english::m57_191105_141906::SpykingCircus::30,PAIRED_ENGLISH::paired_english::m57_191105_141906,PAIRED_ENGLISH,0.2040332147093713,0.2029866,0.0010466166945397593
main,fpos,wf_embed_anchor_stack_xgboost,signal_embedding_stack,xgboost_default,PAIRED_ENGLISH::paired_english::m57_191105_160026::HerdingSpikes2::1,PAIRED_ENGLISH::paired_english::m57_191105_160026,PAIRED_ENGLISH,0.13630229419703105,0.21928053,0.08297823184495351
main,fpos,wf_embed_anchor_stack_xgboost,signal_embedding_stack,xgboost_default,PAIRED_ENGLISH::paired_english::m57_191105_160026::IronClust::2,PAIRED_ENGLISH::paired_english::m57_191105_160026,PAIRED_ENGLISH,0.5044008124576845,0.2483088,0.2560920197473803
main,fpos,wf_embed_anchor_stack_xgboost,signal_embedding_stack,xgboost_default,PAIRED_ENGLISH::paired_english::m57_191105_160026::IronClust::3,PAIRED_ENGLISH::paired_english::m57_191105_160026,PAIRED_ENGLISH,0.05838815789473684,0.19918215,0.14079399485337107
main,fpos,wf_embed_anchor_stack_xgboost,signal_embedding_stack,xgboost_default,PAIRED_ENGLISH::paired_english::m57_191105_160026::KiloSort::127,PAIRED_ENGLISH::paired_english::m57_191105_160026,PAIRED_ENGLISH,0.5003422313483915,0.2933437,0.2069985383304319
main,fpos,wf_embed_anchor_stack_xgboost,signal_embedding_stack,xgboost_default,PAIRED_ENGLISH::paired_english::m57_191105_160026::KiloSort::6,PAIRED_ENGLISH::paired_english::m57_191105_160026,PAIRED_ENGLISH,0.02531645569620253,0.18562986,0.160313403870486
main,fpos,wf_embed_anchor_stack_xgboost,signal_embedding_stack,xgboost_default,PAIRED_ENGLISH::paired_english::m57_191105_160026::MountainSort4::23,PAIRED_ENGLISH::paired_english::m57_191105_160026,PAIRED_ENGLISH,0.6737967914438503,0.18492393,0.4888728594875591
main,fpos,wf_embed_anchor_stack_xgboost,signal_embedding_stack,xgboost_default,PAIRED_ENGLISH::paired_english::m57_191105_160026::MountainSort4::25,PAIRED_ENGLISH::paired_english::m57_191105_160026,PAIRED_ENGLISH,0.14568081991215226,0.23380129,0.08812047048072341
main,fpos,wf_embed_anchor_stack_xgboost,signal_embedding_stack,xgboost_default,PAIRED_ENGLISH::paired_english::m57_191105_160026::SpykingCircus::2,PAIRED_ENGLISH::paired_english::m57_191105_160026,PAIRED_ENGLISH,0.6860282574568289,0.5003391,0.18568916663270174
main,fpos,wf_embed_anchor_stack_xgboost,signal_embedding_stack,xgboost_default,PAIRED_ENGLISH::paired_english::m57_191105_160026::SpykingCircus::4,PAIRED_ENGLISH::paired_english::m57_191105_160026,PAIRED_ENGLISH,0.056790123456790124,0.21123026,0.1544401396571854
main,fpos,wf_embed_anchor_stack_xgboost,signal_embedding_stack,xgboost_default,PAIRED_ENGLISH::paired_english::m57_191105_160026::Tridesclous::0,PAIRED_ENGLISH::paired_english::m57_191105_160026,PAIRED_ENGLISH,0.8589226823012093,0.493146,0.3657766800085762
main,fpos,wf_embed_anchor_stack_xgboost,signal_embedding_stack,xgboost_default,PAIRED_KAMPFF::paired_kampff::c14::HerdingSpikes2::6,PAIRED_KAMPFF::paired_kampff::c14,PAIRED_KAMPFF,0.25090444775484144,0.05312594,0.1977785074915701
main,fpos,wf_embed_anchor_stack_xgboost,signal_embedding_stack,xgboost_default,PAIRED_KAMPFF::paired_kampff::c14::IronClust::22,PAIRED_KAMPFF::paired_kampff::c14,PAIRED_KAMPFF,0.2240655987795576,0.08169095,0.1423746465977415
main,fpos,wf_embed_anchor_stack_xgboost,signal_embedding_stack,xgboost_default,PAIRED_KAMPFF::paired_kampff::c14::KiloSort2::37,PAIRED_KAMPFF::paired_kampff::c14,PAIRED_KAMPFF,0.23899885489939474,0.1673717,0.07162714972494863
main,fpos,wf_embed_anchor_stack_xgboost,signal_embedding_stack,xgboost_default,PAIRED_KAMPFF::paired_kampff::c14::MountainSort4::42,PAIRED_KAMPFF::paired_kampff::c14,PAIRED_KAMPFF,0.031842105263157894,0.02988753,0.001954576173111011
main,fpos,wf_embed_anchor_stack_xgboost,signal_embedding_stack,xgboost_default,PAIRED_KAMPFF::paired_kampff::c14::SpykingCircus::14,PAIRED_KAMPFF::paired_kampff::c14,PAIRED_KAMPFF,0.0993841579953281,0.0394306,0.05995355833564678
main,fpos,wf_embed_anchor_stack_xgboost,signal_embedding_stack,xgboost_default,PAIRED_KAMPFF::paired_kampff::c14::Tridesclous::8,PAIRED_KAMPFF::paired_kampff::c14,PAIRED_KAMPFF,0.7298130782302221,0.5671086,0.1627045067008337
main,fpos,wf_embed_anchor_stack_xgboost,signal_embedding_stack,xgboost_default,PAIRED_MEA64C_YGER::paired_mea64c::20170622_patch1::HerdingSpikes2::19,PAIRED_MEA64C_YGER::paired_mea64c::20170622_patch1,PAIRED_MEA64C_YGER,0.3048016701461378,0.25385097,0.05095070345416697
main,fpos,wf_embed_anchor_stack_xgboost,signal_embedding_stack,xgboost_default,PAIRED_MEA64C_YGER::paired_mea64c::20170622_patch1::HerdingSpikes2::7,PAIRED_MEA64C_YGER::paired_mea64c::20170622_patch1,PAIRED_MEA64C_YGER,0.006430868167202572,0.017496593,0.01106572512932529
main,fpos,wf_embed_anchor_stack_xgboost,signal_embedding_stack,xgboost_default,PAIRED_MEA64C_YGER::paired_mea64c::20170622_patch1::IronClust::8,PAIRED_MEA64C_YGER::paired_mea64c::20170622_patch1,PAIRED_MEA64C_YGER,0.32512992968511156,0.15698966,0.16814026584577135
main,fpos,wf_embed_anchor_stack_xgboost,signal_embedding_stack,xgboost_default,PAIRED_MEA64C_YGER::paired_mea64c::20170622_patch1::KiloSort::64,PAIRED_MEA64C_YGER::paired_mea64c::20170622_patch1,PAIRED_MEA64C_YGER,0.00022805017103762827,0.0127059845,0.01247793435434489
main,fpos,wf_embed_anchor_stack_xgboost,signal_embedding_stack,xgboost_default,PAIRED_MEA64C_YGER::paired_mea64c::20170622_patch1::KiloSort2::23,PAIRED_MEA64C_YGER::paired_mea64c::20170622_patch1,PAIRED_MEA64C_YGER,0.0,0.011957369,0.011957368813455105
main,fpos,wf_embed_anchor_stack_xgboost,signal_embedding_stack,xgboost_default,PAIRED_MEA64C_YGER::paired_mea64c::20170622_patch1::Klusta::4,PAIRED_MEA64C_YGER::paired_mea64c::20170622_patch1,PAIRED_MEA64C_YGER,0.0050424628450106155,0.019997485,0.014955022137003088
main,fpos,wf_embed_anchor_stack_xgboost,signal_embedding_stack,xgboost_default,PAIRED_MEA64C_YGER::paired_mea64c::20170622_patch1::MountainSort4::43,PAIRED_MEA64C_YGER::paired_mea64c::20170622_patch1,PAIRED_MEA64C_YGER,0.0040494938132733405,0.015089988,0.011040493963900179
main,fpos,wf_embed_anchor_stack_xgboost,signal_embedding_stack,xgboost_default,PAIRED_MEA64C_YGER::paired_mea64c::20170622_patch1::SpykingCircus::18,PAIRED_MEA64C_YGER::paired_mea64c::20170622_patch1,PAIRED_MEA64C_YGER,0.00022079929344226098,0.0105458405,0.010325041193441856
main,fpos,wf_embed_anchor_stack_xgboost,signal_embedding_stack,xgboost_default,PAIRED_MEA64C_YGER::paired_mea64c::20170622_patch1::Tridesclous::12,PAIRED_MEA64C_YGER::paired_mea64c::20170622_patch1,PAIRED_MEA64C_YGER,0.013830024537140308,0.017976392,0.004146367523377957
main,fpos,wf_embed_anchor_stack_xgboost,signal_embedding_stack,xgboost_default,PAIRED_MEA64C_YGER::paired_mea64c::20170622_patch2::HerdingSpikes2::16,PAIRED_MEA64C_YGER::paired_mea64c::20170622_patch2,PAIRED_MEA64C_YGER,0.18683274021352314,0.055907343,0.13092539763058209
main,fpos,wf_embed_anchor_stack_xgboost,signal_embedding_stack,xgboost_default,PAIRED_MEA64C_YGER::paired_mea64c::20170622_patch2::HerdingSpikes2::44,PAIRED_MEA64C_YGER::paired_mea64c::20170622_patch2,PAIRED_MEA64C_YGER,0.4028520499108734,0.17723021,0.22562184079870606
main,fpos,wf_embed_anchor_stack_xgboost,signal_embedding_stack,xgboost_default,PAIRED_MEA64C_YGER::paired_mea64c::20170622_patch2::HerdingSpikes2::5,PAIRED_MEA64C_YGER::paired_mea64c::20170622_patch2,PAIRED_MEA64C_YGER,0.06115992970123023,0.0015687586,0.059591171073830426
main,fpos,wf_embed_anchor_stack_xgboost,signal_embedding_stack,xgboost_default,PAIRED_MEA64C_YGER::paired_mea64c::20170622_patch2::IronClust::11,PAIRED_MEA64C_YGER::paired_mea64c::20170622_patch2,PAIRED_MEA64C_YGER,0.061366806136680614,0.0014371141,0.0599296920506785
main,fpos,wf_embed_anchor_stack_xgboost,signal_embedding_stack,xgboost_default,PAIRED_MEA64C_YGER::paired_mea64c::20170622_patch2::JRClust::31,PAIRED_MEA64C_YGER::paired_mea64c::20170622_patch2,PAIRED_MEA64C_YGER,0.06118881118881119,0.002404478,0.05878433327587856
main,fpos,wf_embed_anchor_stack_xgboost,signal_embedding_stack,xgboost_default,PAIRED_MEA64C_YGER::paired_mea64c::20170622_patch2::KiloSort::5,PAIRED_MEA64C_YGER::paired_mea64c::20170622_patch2,PAIRED_MEA64C_YGER,0.06143106457242583,0.0027117173,0.05871934730024849
main,fpos,wf_embed_anchor_stack_xgboost,signal_embedding_stack,xgboost_default,PAIRED_MEA64C_YGER::paired_mea64c::20170622_patch2::KiloSort2::33,PAIRED_MEA64C_YGER::paired_mea64c::20170622_patch2,PAIRED_MEA64C_YGER,0.061409630146545706,0.003210735,0.058198895104897556
main,fpos,wf_embed_anchor_stack_xgboost,signal_embedding_stack,xgboost_default,PAIRED_MEA64C_YGER::paired_mea64c::20170622_patch2::Klusta::14,PAIRED_MEA64C_YGER::paired_mea64c::20170622_patch2,PAIRED_MEA64C_YGER,0.05860349127182045,0.002453538,0.056149953381132864
main,fpos,wf_embed_anchor_stack_xgboost,signal_embedding_stack,xgboost_default,PAIRED_MEA64C_YGER::paired_mea64c::20170622_patch2::MountainSort4::31,PAIRED_MEA64C_YGER::paired_mea64c::20170622_patch2,PAIRED_MEA64C_YGER,0.07713404182379156,0.0058739497,0.07126009209116012
main,fpos,wf_embed_anchor_stack_xgboost,signal_embedding_stack,xgboost_default,PAIRED_MEA64C_YGER::paired_mea64c::20170622_patch2::SpykingCircus::17,PAIRED_MEA64C_YGER::paired_mea64c::20170622_patch2,PAIRED_MEA64C_YGER,0.061366806136680614,0.0033827897,0.05798401646712221
main,fpos,wf_embed_anchor_stack_xgboost,signal_embedding_stack,xgboost_default,PAIRED_MEA64C_YGER::paired_mea64c::20170622_patch2::Tridesclous::0,PAIRED_MEA64C_YGER::paired_mea64c::20170622_patch2,PAIRED_MEA64C_YGER,0.061366806136680614,0.0014496938,0.059917112327417206
main,fpos,acg_embed_anchor_stack_xgboost,signal_embedding_stack,xgboost_default,PAIRED_BOYDEN::paired_boyden32c::1103_1_1::IronClust::4,PAIRED_BOYDEN::paired_boyden32c::1103_1_1,PAIRED_BOYDEN,0.11363636363636363,0.15781505,0.04417869042266499
main,fpos,acg_embed_anchor_stack_xgboost,signal_embedding_stack,xgboost_default,PAIRED_BOYDEN::paired_boyden32c::1103_1_1::JRClust::18,PAIRED_BOYDEN::paired_boyden32c::1103_1_1,PAIRED_BOYDEN,0.26138147566718994,0.32766175,0.06628027703361572
main,fpos,acg_embed_anchor_stack_xgboost,signal_embedding_stack,xgboost_default,PAIRED_BOYDEN::paired_boyden32c::1103_1_1::KiloSort::111,PAIRED_BOYDEN::paired_boyden32c::1103_1_1,PAIRED_BOYDEN,0.11241007194244604,0.14627577,0.03386570170200129
main,fpos,acg_embed_anchor_stack_xgboost,signal_embedding_stack,xgboost_default,PAIRED_BOYDEN::paired_boyden32c::1103_1_1::KiloSort2::33,PAIRED_BOYDEN::paired_boyden32c::1103_1_1,PAIRED_BOYDEN,0.17066290550070523,0.16591905,0.004743854926402558
main,fpos,acg_embed_anchor_stack_xgboost,signal_embedding_stack,xgboost_default,PAIRED_BOYDEN::paired_boyden32c::1103_1_1::KiloSort2::55,PAIRED_BOYDEN::paired_boyden32c::1103_1_1,PAIRED_BOYDEN,0.3333333333333333,0.20389184,0.12944148977597553
main,fpos,acg_embed_anchor_stack_xgboost,signal_embedding_stack,xgboost_default,PAIRED_BOYDEN::paired_boyden32c::1103_1_1::KiloSort2::60,PAIRED_BOYDEN::paired_boyden32c::1103_1_1,PAIRED_BOYDEN,0.15878378378378377,0.08103837,0.07774541305529103
main,fpos,acg_embed_anchor_stack_xgboost,signal_embedding_stack,xgboost_default,PAIRED_BOYDEN::paired_boyden32c::1103_1_1::Klusta::12,PAIRED_BOYDEN::paired_boyden32c::1103_1_1,PAIRED_BOYDEN,0.156686626746507,0.2027353,0.046048678085951505
main,fpos,acg_embed_anchor_stack_xgboost,signal_embedding_stack,xgboost_default,PAIRED_BOYDEN::paired_boyden32c::1103_1_1::MountainSort4::26,PAIRED_BOYDEN::paired_boyden32c::1103_1_1,PAIRED_BOYDEN,0.30532212885154064,0.3253854,0.02006326286064808
main,fpos,acg_embed_anchor_stack_xgboost,signal_embedding_stack,xgboost_default,PAIRED_BOYDEN::paired_boyden32c::1103_1_1::SpykingCircus::27,PAIRED_BOYDEN::paired_boyden32c::1103_1_1,PAIRED_BOYDEN,0.12258064516129032,0.1677695,0.04518886141238675
main,fpos,acg_embed_anchor_stack_xgboost,signal_embedding_stack,xgboost_default,PAIRED_BOYDEN::paired_boyden32c::1103_1_1::Tridesclous::3,PAIRED_BOYDEN::paired_boyden32c::1103_1_1,PAIRED_BOYDEN,0.2613268608414239,0.2984423,0.03711544329294497
main,fpos,acg_embed_anchor_stack_xgboost,signal_embedding_stack,xgboost_default,PAIRED_BOYDEN::paired_boyden32c::419_1_8::IronClust::14,PAIRED_BOYDEN::paired_boyden32c::419_1_8,PAIRED_BOYDEN,0.0663265306122449,0.03562563,0.030700901485219298
main,fpos,acg_embed_anchor_stack_xgboost,signal_embedding_stack,xgboost_default,PAIRED_BOYDEN::paired_boyden32c::419_1_8::IronClust::4,PAIRED_BOYDEN::paired_boyden32c::419_1_8,PAIRED_BOYDEN,0.05829903978052126,0.045079336,0.013219704210185874
main,fpos,acg_embed_anchor_stack_xgboost,signal_embedding_stack,xgboost_default,PAIRED_BOYDEN::paired_boyden32c::419_1_8::JRClust::24,PAIRED_BOYDEN::paired_boyden32c::419_1_8,PAIRED_BOYDEN,0.08062093139709564,0.033066183,0.0475547480684671
main,fpos,acg_embed_anchor_stack_xgboost,signal_embedding_stack,xgboost_default,PAIRED_BOYDEN::paired_boyden32c::419_1_8::JRClust::8,PAIRED_BOYDEN::paired_boyden32c::419_1_8,PAIRED_BOYDEN,0.03907637655417407,0.030502023,0.008574353378815298
main,fpos,acg_embed_anchor_stack_xgboost,signal_embedding_stack,xgboost_default,PAIRED_BOYDEN::paired_boyden32c::419_1_8::KiloSort::17,PAIRED_BOYDEN::paired_boyden32c::419_1_8,PAIRED_BOYDEN,0.06424161521775405,0.028694259,0.0355473562149493
main,fpos,acg_embed_anchor_stack_xgboost,signal_embedding_stack,xgboost_default,PAIRED_BOYDEN::paired_boyden32c::419_1_8::KiloSort2::27,PAIRED_BOYDEN::paired_boyden32c::419_1_8,PAIRED_BOYDEN,0.1342059838895282,0.06283961,0.07136637152475922
main,fpos,acg_embed_anchor_stack_xgboost,signal_embedding_stack,xgboost_default,PAIRED_BOYDEN::paired_boyden32c::419_1_8::KiloSort2::46,PAIRED_BOYDEN::paired_boyden32c::419_1_8,PAIRED_BOYDEN,0.02341480088873697,0.027655302,0.004240500726858849
main,fpos,acg_embed_anchor_stack_xgboost,signal_embedding_stack,xgboost_default,PAIRED_BOYDEN::paired_boyden32c::419_1_8::MountainSort4::42,PAIRED_BOYDEN::paired_boyden32c::419_1_8,PAIRED_BOYDEN,0.16482219271063892,0.09258545,0.0722367408096799
main,fpos,acg_embed_anchor_stack_xgboost,signal_embedding_stack,xgboost_default,PAIRED_BOYDEN::paired_boyden32c::419_1_8::SpykingCircus::24,PAIRED_BOYDEN::paired_boyden32c::419_1_8,PAIRED_BOYDEN,0.24721080446271285,0.15027413,0.09693667674092635
main,fpos,acg_embed_anchor_stack_xgboost,signal_embedding_stack,xgboost_default,PAIRED_BOYDEN::paired_boyden32c::419_1_8::SpykingCircus::28,PAIRED_BOYDEN::paired_boyden32c::419_1_8,PAIRED_BOYDEN,0.029543112332531776,0.017036155,0.01250695746631321
main,fpos,acg_embed_anchor_stack_xgboost,signal_embedding_stack,xgboost_default,PAIRED_BOYDEN::paired_boyden32c::419_1_8::Tridesclous::0,PAIRED_BOYDEN::paired_boyden32c::419_1_8,PAIRED_BOYDEN,0.15585806056898133,0.10320903,0.05264902696054474
main,fpos,acg_embed_anchor_stack_xgboost,signal_embedding_stack,xgboost_default,PAIRED_CRCNS_HC1::paired_crcns::d11221_d11221.001::SpykingCircus::6,PAIRED_CRCNS_HC1::paired_crcns::d11221_d11221.001,PAIRED_CRCNS_HC1,0.8835978835978836,0.35662153,0.5269763499656052
main,fpos,acg_embed_anchor_stack_xgboost,signal_embedding_stack,xgboost_default,PAIRED_CRCNS_HC1::paired_crcns::d11222_d11222.002::IronClust::2,PAIRED_CRCNS_HC1::paired_crcns::d11222_d11222.002,PAIRED_CRCNS_HC1,0.04466019417475728,0.23861639,0.19395619784165355
main,fpos,acg_embed_anchor_stack_xgboost,signal_embedding_stack,xgboost_default,PAIRED_CRCNS_HC1::paired_crcns::d11222_d11222.002::JRClust::3,PAIRED_CRCNS_HC1::paired_crcns::d11222_d11222.002,PAIRED_CRCNS_HC1,0.039337474120082816,0.062092666,0.022755191462812463
main,fpos,acg_embed_anchor_stack_xgboost,signal_embedding_stack,xgboost_default,PAIRED_CRCNS_HC1::paired_crcns::d11222_d11222.002::KiloSort::1,PAIRED_CRCNS_HC1::paired_crcns::d11222_d11222.002,PAIRED_CRCNS_HC1,0.03337783711615487,0.09366143,0.0602835903817089
main,fpos,acg_embed_anchor_stack_xgboost,signal_embedding_stack,xgboost_default,PAIRED_CRCNS_HC1::paired_crcns::d11222_d11222.002::KiloSort2::10,PAIRED_CRCNS_HC1::paired_crcns::d11222_d11222.002,PAIRED_CRCNS_HC1,0.550417469492614,0.09217297,0.45824449663466194
main,fpos,acg_embed_anchor_stack_xgboost,signal_embedding_stack,xgboost_default,PAIRED_CRCNS_HC1::paired_crcns::d11222_d11222.002::Klusta::2,PAIRED_CRCNS_HC1::paired_crcns::d11222_d11222.002,PAIRED_CRCNS_HC1,0.008777852802160702,0.06908241,0.060304556341287174
main,fpos,acg_embed_anchor_stack_xgboost,signal_embedding_stack,xgboost_default,PAIRED_CRCNS_HC1::paired_crcns::d11222_d11222.002::MountainSort4::4,PAIRED_CRCNS_HC1::paired_crcns::d11222_d11222.002,PAIRED_CRCNS_HC1,0.360427807486631,0.30278096,0.057646851456739034
main,fpos,acg_embed_anchor_stack_xgboost,signal_embedding_stack,xgboost_default,PAIRED_CRCNS_HC1::paired_crcns::d11222_d11222.002::SpykingCircus::4,PAIRED_CRCNS_HC1::paired_crcns::d11222_d11222.002,PAIRED_CRCNS_HC1,0.11986754966887417,0.07286156,0.047005989979829216
main,fpos,acg_embed_anchor_stack_xgboost,signal_embedding_stack,xgboost_default,PAIRED_CRCNS_HC1::paired_crcns::d11222_d11222.002::Tridesclous::0,PAIRED_CRCNS_HC1::paired_crcns::d11222_d11222.002,PAIRED_CRCNS_HC1,0.021164021164021163,0.081200376,0.060036354988971086
main,fpos,acg_embed_anchor_stack_xgboost,signal_embedding_stack,xgboost_default,PAIRED_ENGLISH::paired_english::m139_200114_191955::KiloSort2::25,PAIRED_ENGLISH::paired_english::m139_200114_191955,PAIRED_ENGLISH,0.7302739726027397,0.3772398,0.3530341790636925
main,fpos,acg_embed_anchor_stack_xgboost,signal_embedding_stack,xgboost_default,PAIRED_ENGLISH::paired_english::m139_200114_191955::MountainSort4::36,PAIRED_ENGLISH::paired_english::m139_200114_191955,PAIRED_ENGLISH,0.8735255086994986,0.7052204,0.16830510741241977
main,fpos,acg_embed_anchor_stack_xgboost,signal_embedding_stack,xgboost_default,PAIRED_ENGLISH::paired_english::m139_200114_191955::SpykingCircus::42,PAIRED_ENGLISH::paired_english::m139_200114_191955,PAIRED_ENGLISH,0.5584045584045584,0.37654933,0.18185522507058927
main,fpos,acg_embed_anchor_stack_xgboost,signal_embedding_stack,xgboost_default,PAIRED_ENGLISH::paired_english::m139_200114_222743::HerdingSpikes2::5,PAIRED_ENGLISH::paired_english::m139_200114_222743,PAIRED_ENGLISH,0.03257707969749855,0.17765175,0.14507466836368157
main,fpos,acg_embed_anchor_stack_xgboost,signal_embedding_stack,xgboost_default,PAIRED_ENGLISH::paired_english::m139_200114_222743::IronClust::17,PAIRED_ENGLISH::paired_english::m139_200114_222743,PAIRED_ENGLISH,0.02675196277987787,0.15333553,0.12658356380570104
main,fpos,acg_embed_anchor_stack_xgboost,signal_embedding_stack,xgboost_default,PAIRED_ENGLISH::paired_english::m139_200114_222743::KiloSort::88,PAIRED_ENGLISH::paired_english::m139_200114_222743,PAIRED_ENGLISH,0.015151515151515152,0.1592393,0.14408779189442145
main,fpos,acg_embed_anchor_stack_xgboost,signal_embedding_stack,xgboost_default,PAIRED_ENGLISH::paired_english::m139_200114_222743::KiloSort2::26,PAIRED_ENGLISH::paired_english::m139_200114_222743,PAIRED_ENGLISH,0.028645087367516472,0.14207691,0.11343182217456727
main,fpos,acg_embed_anchor_stack_xgboost,signal_embedding_stack,xgboost_default,PAIRED_ENGLISH::paired_english::m139_200114_222743::MountainSort4::46,PAIRED_ENGLISH::paired_english::m139_200114_222743,PAIRED_ENGLISH,0.039886039886039885,0.3384554,0.2985693689255293
main,fpos,acg_embed_anchor_stack_xgboost,signal_embedding_stack,xgboost_default,PAIRED_ENGLISH::paired_english::m139_200114_222743::SpykingCircus::44,PAIRED_ENGLISH::paired_english::m139_200114_222743,PAIRED_ENGLISH,0.028064146620847653,0.13627806,0.1082139164380055
main,fpos,acg_embed_anchor_stack_xgboost,signal_embedding_stack,xgboost_default,PAIRED_ENGLISH::paired_english::m139_200114_222743::Tridesclous::1,PAIRED_ENGLISH::paired_english::m139_200114_222743,PAIRED_ENGLISH,0.3089646722483153,0.34431928,0.03535461171393445
main,fpos,acg_embed_anchor_stack_xgboost,signal_embedding_stack,xgboost_default,PAIRED_ENGLISH::paired_english::m14_190326_155432::IronClust::22,PAIRED_ENGLISH::paired_english::m14_190326_155432,PAIRED_ENGLISH,0.0481651376146789,0.036397003,0.01176813497729258
main,fpos,acg_embed_anchor_stack_xgboost,signal_embedding_stack,xgboost_default,PAIRED_ENGLISH::paired_english::m14_190326_155432::MountainSort4::33,PAIRED_ENGLISH::paired_english::m14_190326_155432,PAIRED_ENGLISH,0.1981651376146789,0.3756163,0.17745117441229863
main,fpos,acg_embed_anchor_stack_xgboost,signal_embedding_stack,xgboost_default,PAIRED_ENGLISH::paired_english::m14_190326_155432::SpykingCircus::38,PAIRED_ENGLISH::paired_english::m14_190326_155432,PAIRED_ENGLISH,0.013363028953229399,0.031016268,0.017653238882864505
main,fpos,acg_embed_anchor_stack_xgboost,signal_embedding_stack,xgboost_default,PAIRED_ENGLISH::paired_english::m15_190315_142052_cell1::IronClust::40,PAIRED_ENGLISH::paired_english::m15_190315_142052_cell1,PAIRED_ENGLISH,0.2679960401640503,0.33518705,0.06719100755590512
main,fpos,acg_embed_anchor_stack_xgboost,signal_embedding_stack,xgboost_default,PAIRED_ENGLISH::paired_english::m15_190315_142052_cell1::KiloSort2::48,PAIRED_ENGLISH::paired_english::m15_190315_142052_cell1,PAIRED_ENGLISH,0.8627861694595232,0.51018184,0.3526043252250567
main,fpos,acg_embed_anchor_stack_xgboost,signal_embedding_stack,xgboost_default,PAIRED_ENGLISH::paired_english::m15_190315_142052_cell1::MountainSort4::62,PAIRED_ENGLISH::paired_english::m15_190315_142052_cell1,PAIRED_ENGLISH,0.8769885383524361,0.5855634,0.2914251171030464
main,fpos,acg_embed_anchor_stack_xgboost,signal_embedding_stack,xgboost_default,PAIRED_ENGLISH::paired_english::m15_190315_142052_cell1::MountainSort4::64,PAIRED_ENGLISH::paired_english::m15_190315_142052_cell1,PAIRED_ENGLISH,0.14704761904761904,0.20394143,0.056893815574191875
main,fpos,acg_embed_anchor_stack_xgboost,signal_embedding_stack,xgboost_default,PAIRED_ENGLISH::paired_english::m15_190315_142052_cell1::SpykingCircus::22,PAIRED_ENGLISH::paired_english::m15_190315_142052_cell1,PAIRED_ENGLISH,0.23500526131182042,0.59157276,0.3565675002238241
main,fpos,acg_embed_anchor_stack_xgboost,signal_embedding_stack,xgboost_default,PAIRED_ENGLISH::paired_english::m15_190315_142052_cell1::SpykingCircus::57,PAIRED_ENGLISH::paired_english::m15_190315_142052_cell1,PAIRED_ENGLISH,0.6499202551834131,0.3380068,0.3119134607307459
main,fpos,acg_embed_anchor_stack_xgboost,signal_embedding_stack,xgboost_default,PAIRED_ENGLISH::paired_english::m15_190315_152315_cell1::IronClust::35,PAIRED_ENGLISH::paired_english::m15_190315_152315_cell1,PAIRED_ENGLISH,0.002592440987856461,0.04542168,0.042829237585036685
main,fpos,acg_embed_anchor_stack_xgboost,signal_embedding_stack,xgboost_default,PAIRED_ENGLISH::paired_english::m15_190315_152315_cell1::KiloSort::1,PAIRED_ENGLISH::paired_english::m15_190315_152315_cell1,PAIRED_ENGLISH,6.528267397832615e-05,0.06638039,0.06631510636076975
main,fpos,acg_embed_anchor_stack_xgboost,signal_embedding_stack,xgboost_default,PAIRED_ENGLISH::paired_english::m15_190315_152315_cell1::KiloSort2::37,PAIRED_ENGLISH::paired_english::m15_190315_152315_cell1,PAIRED_ENGLISH,0.00039059957034047265,0.059867725,0.05947712520592753
main,fpos,acg_embed_anchor_stack_xgboost,signal_embedding_stack,xgboost_default,PAIRED_ENGLISH::paired_english::m15_190315_152315_cell1::MountainSort4::72,PAIRED_ENGLISH::paired_english::m15_190315_152315_cell1,PAIRED_ENGLISH,0.052174468356855484,0.2644997,0.21232522575210752
main,fpos,acg_embed_anchor_stack_xgboost,signal_embedding_stack,xgboost_default,PAIRED_ENGLISH::paired_english::m15_190315_152315_cell1::SpykingCircus::46,PAIRED_ENGLISH::paired_english::m15_190315_152315_cell1,PAIRED_ENGLISH,0.010891280531030483,0.05913826,0.0482469802507345
main,fpos,acg_embed_anchor_stack_xgboost,signal_embedding_stack,xgboost_default,PAIRED_ENGLISH::paired_english::m15_190315_152315_cell1::Tridesclous::0,PAIRED_ENGLISH::paired_english::m15_190315_152315_cell1,PAIRED_ENGLISH,0.8482136225209834,0.38205665,0.46615696902138015
main,fpos,acg_embed_anchor_stack_xgboost,signal_embedding_stack,xgboost_default,PAIRED_ENGLISH::paired_english::m26_190524_100859_cell1::KiloSort::19,PAIRED_ENGLISH::paired_english::m26_190524_100859_cell1,PAIRED_ENGLISH,0.2440677966101695,0.18207297,0.061994829319291206
main,fpos,acg_embed_anchor_stack_xgboost,signal_embedding_stack,xgboost_default,PAIRED_ENGLISH::paired_english::m26_190524_100859_cell1::KiloSort::8,PAIRED_ENGLISH::paired_english::m26_190524_100859_cell1,PAIRED_ENGLISH,0.6505139500734214,0.2673243,0.3831896514531974
main,fpos,acg_embed_anchor_stack_xgboost,signal_embedding_stack,xgboost_default,PAIRED_ENGLISH::paired_english::m26_190524_100859_cell1::KiloSort2::0,PAIRED_ENGLISH::paired_english::m26_190524_100859_cell1,PAIRED_ENGLISH,0.38315988647114474,0.38033074,0.002829145065657679
main,fpos,acg_embed_anchor_stack_xgboost,signal_embedding_stack,xgboost_default,PAIRED_ENGLISH::paired_english::m57_191105_141906::IronClust::6,PAIRED_ENGLISH::paired_english::m57_191105_141906,PAIRED_ENGLISH,0.31826625386996904,0.3371029,0.018836636144679397
main,fpos,acg_embed_anchor_stack_xgboost,signal_embedding_stack,xgboost_default,PAIRED_ENGLISH::paired_english::m57_191105_141906::KiloSort::47,PAIRED_ENGLISH::paired_english::m57_191105_141906,PAIRED_ENGLISH,0.35376344086021505,0.34260523,0.011158207667771203
main,fpos,acg_embed_anchor_stack_xgboost,signal_embedding_stack,xgboost_default,PAIRED_ENGLISH::paired_english::m57_191105_141906::MountainSort4::21,PAIRED_ENGLISH::paired_english::m57_191105_141906,PAIRED_ENGLISH,0.3323335332933413,0.5344697,0.20213619040813574
main,fpos,acg_embed_anchor_stack_xgboost,signal_embedding_stack,xgboost_default,PAIRED_ENGLISH::paired_english::m57_191105_141906::MountainSort4::57,PAIRED_ENGLISH::paired_english::m57_191105_141906,PAIRED_ENGLISH,0.23853211009174313,0.3210745,0.08254237568706546
main,fpos,acg_embed_anchor_stack_xgboost,signal_embedding_stack,xgboost_default,PAIRED_ENGLISH::paired_english::m57_191105_141906::SpykingCircus::12,PAIRED_ENGLISH::paired_english::m57_191105_141906,PAIRED_ENGLISH,0.3535228677379481,0.30464455,0.04887831288450878
main,fpos,acg_embed_anchor_stack_xgboost,signal_embedding_stack,xgboost_default,PAIRED_ENGLISH::paired_english::m57_191105_141906::SpykingCircus::30,PAIRED_ENGLISH::paired_english::m57_191105_141906,PAIRED_ENGLISH,0.2040332147093713,0.2813182,0.07728497300425174
main,fpos,acg_embed_anchor_stack_xgboost,signal_embedding_stack,xgboost_default,PAIRED_ENGLISH::paired_english::m57_191105_160026::HerdingSpikes2::1,PAIRED_ENGLISH::paired_english::m57_191105_160026,PAIRED_ENGLISH,0.13630229419703105,0.24584532,0.10954302364354512
main,fpos,acg_embed_anchor_stack_xgboost,signal_embedding_stack,xgboost_default,PAIRED_ENGLISH::paired_english::m57_191105_160026::IronClust::2,PAIRED_ENGLISH::paired_english::m57_191105_160026,PAIRED_ENGLISH,0.5044008124576845,0.19749482,0.30690599269736196
main,fpos,acg_embed_anchor_stack_xgboost,signal_embedding_stack,xgboost_default,PAIRED_ENGLISH::paired_english::m57_191105_160026::IronClust::3,PAIRED_ENGLISH::paired_english::m57_191105_160026,PAIRED_ENGLISH,0.05838815789473684,0.22481336,0.16642519910084574
main,fpos,acg_embed_anchor_stack_xgboost,signal_embedding_stack,xgboost_default,PAIRED_ENGLISH::paired_english::m57_191105_160026::KiloSort::127,PAIRED_ENGLISH::paired_english::m57_191105_160026,PAIRED_ENGLISH,0.5003422313483915,0.34343162,0.15691060955845926
main,fpos,acg_embed_anchor_stack_xgboost,signal_embedding_stack,xgboost_default,PAIRED_ENGLISH::paired_english::m57_191105_160026::KiloSort::6,PAIRED_ENGLISH::paired_english::m57_191105_160026,PAIRED_ENGLISH,0.02531645569620253,0.17219782,0.146881363059901
main,fpos,acg_embed_anchor_stack_xgboost,signal_embedding_stack,xgboost_default,PAIRED_ENGLISH::paired_english::m57_191105_160026::MountainSort4::23,PAIRED_ENGLISH::paired_english::m57_191105_160026,PAIRED_ENGLISH,0.6737967914438503,0.14587477,0.5279220229482906
main,fpos,acg_embed_anchor_stack_xgboost,signal_embedding_stack,xgboost_default,PAIRED_ENGLISH::paired_english::m57_191105_160026::MountainSort4::25,PAIRED_ENGLISH::paired_english::m57_191105_160026,PAIRED_ENGLISH,0.14568081991215226,0.3128197,0.16713886960010055
main,fpos,acg_embed_anchor_stack_xgboost,signal_embedding_stack,xgboost_default,PAIRED_ENGLISH::paired_english::m57_191105_160026::SpykingCircus::2,PAIRED_ENGLISH::paired_english::m57_191105_160026,PAIRED_ENGLISH,0.6860282574568289,0.52476776,0.16126050099473177
main,fpos,acg_embed_anchor_stack_xgboost,signal_embedding_stack,xgboost_default,PAIRED_ENGLISH::paired_english::m57_191105_160026::SpykingCircus::4,PAIRED_ENGLISH::paired_english::m57_191105_160026,PAIRED_ENGLISH,0.056790123456790124,0.24324536,0.1864552397786835
main,fpos,acg_embed_anchor_stack_xgboost,signal_embedding_stack,xgboost_default,PAIRED_ENGLISH::paired_english::m57_191105_160026::Tridesclous::0,PAIRED_ENGLISH::paired_english::m57_191105_160026,PAIRED_ENGLISH,0.8589226823012093,0.4442822,0.4146404783884743
main,fpos,acg_embed_anchor_stack_xgboost,signal_embedding_stack,xgboost_default,PAIRED_KAMPFF::paired_kampff::c14::HerdingSpikes2::6,PAIRED_KAMPFF::paired_kampff::c14,PAIRED_KAMPFF,0.25090444775484144,0.06955706,0.18134738447330534
main,fpos,acg_embed_anchor_stack_xgboost,signal_embedding_stack,xgboost_default,PAIRED_KAMPFF::paired_kampff::c14::IronClust::22,PAIRED_KAMPFF::paired_kampff::c14,PAIRED_KAMPFF,0.2240655987795576,0.0767998,0.14726579629742945
main,fpos,acg_embed_anchor_stack_xgboost,signal_embedding_stack,xgboost_default,PAIRED_KAMPFF::paired_kampff::c14::KiloSort2::37,PAIRED_KAMPFF::paired_kampff::c14,PAIRED_KAMPFF,0.23899885489939474,0.17162687,0.06737198903559469
main,fpos,acg_embed_anchor_stack_xgboost,signal_embedding_stack,xgboost_default,PAIRED_KAMPFF::paired_kampff::c14::MountainSort4::42,PAIRED_KAMPFF::paired_kampff::c14,PAIRED_KAMPFF,0.031842105263157894,0.023154583,0.008687522434874584
main,fpos,acg_embed_anchor_stack_xgboost,signal_embedding_stack,xgboost_default,PAIRED_KAMPFF::paired_kampff::c14::SpykingCircus::14,PAIRED_KAMPFF::paired_kampff::c14,PAIRED_KAMPFF,0.0993841579953281,0.034551382,0.06483277593050876
main,fpos,acg_embed_anchor_stack_xgboost,signal_embedding_stack,xgboost_default,PAIRED_KAMPFF::paired_kampff::c14::Tridesclous::8,PAIRED_KAMPFF::paired_kampff::c14,PAIRED_KAMPFF,0.7298130782302221,0.5396033,0.190209785288175
main,fpos,acg_embed_anchor_stack_xgboost,signal_embedding_stack,xgboost_default,PAIRED_MEA64C_YGER::paired_mea64c::20170622_patch1::HerdingSpikes2::19,PAIRED_MEA64C_YGER::paired_mea64c::20170622_patch1,PAIRED_MEA64C_YGER,0.3048016701461378,0.22299343,0.08180823667064341
main,fpos,acg_embed_anchor_stack_xgboost,signal_embedding_stack,xgboost_default,PAIRED_MEA64C_YGER::paired_mea64c::20170622_patch1::HerdingSpikes2::7,PAIRED_MEA64C_YGER::paired_mea64c::20170622_patch1,PAIRED_MEA64C_YGER,0.006430868167202572,0.018133892,0.011703023579199215
main,fpos,acg_embed_anchor_stack_xgboost,signal_embedding_stack,xgboost_default,PAIRED_MEA64C_YGER::paired_mea64c::20170622_patch1::IronClust::8,PAIRED_MEA64C_YGER::paired_mea64c::20170622_patch1,PAIRED_MEA64C_YGER,0.32512992968511156,0.16664444,0.15848549058389239
main,fpos,acg_embed_anchor_stack_xgboost,signal_embedding_stack,xgboost_default,PAIRED_MEA64C_YGER::paired_mea64c::20170622_patch1::KiloSort::64,PAIRED_MEA64C_YGER::paired_mea64c::20170622_patch1,PAIRED_MEA64C_YGER,0.00022805017103762827,0.012967097,0.012739046470622108
main,fpos,acg_embed_anchor_stack_xgboost,signal_embedding_stack,xgboost_default,PAIRED_MEA64C_YGER::paired_mea64c::20170622_patch1::KiloSort2::23,PAIRED_MEA64C_YGER::paired_mea64c::20170622_patch1,PAIRED_MEA64C_YGER,0.0,0.0126176635,0.012617663480341434
main,fpos,acg_embed_anchor_stack_xgboost,signal_embedding_stack,xgboost_default,PAIRED_MEA64C_YGER::paired_mea64c::20170622_patch1::Klusta::4,PAIRED_MEA64C_YGER::paired_mea64c::20170622_patch1,PAIRED_MEA64C_YGER,0.0050424628450106155,0.02092266,0.015880197982626104
main,fpos,acg_embed_anchor_stack_xgboost,signal_embedding_stack,xgboost_default,PAIRED_MEA64C_YGER::paired_mea64c::20170622_patch1::MountainSort4::43,PAIRED_MEA64C_YGER::paired_mea64c::20170622_patch1,PAIRED_MEA64C_YGER,0.0040494938132733405,0.01667176,0.012622266194465727
main,fpos,acg_embed_anchor_stack_xgboost,signal_embedding_stack,xgboost_default,PAIRED_MEA64C_YGER::paired_mea64c::20170622_patch1::SpykingCircus::18,PAIRED_MEA64C_YGER::paired_mea64c::20170622_patch1,PAIRED_MEA64C_YGER,0.00022079929344226098,0.010721438,0.010500638339595306
main,fpos,acg_embed_anchor_stack_xgboost,signal_embedding_stack,xgboost_default,PAIRED_MEA64C_YGER::paired_mea64c::20170622_patch1::Tridesclous::12,PAIRED_MEA64C_YGER::paired_mea64c::20170622_patch1,PAIRED_MEA64C_YGER,0.013830024537140308,0.022640588,0.008810563224857869
main,fpos,acg_embed_anchor_stack_xgboost,signal_embedding_stack,xgboost_default,PAIRED_MEA64C_YGER::paired_mea64c::20170622_patch2::HerdingSpikes2::16,PAIRED_MEA64C_YGER::paired_mea64c::20170622_patch2,PAIRED_MEA64C_YGER,0.18683274021352314,0.051448718,0.13538402250016712
main,fpos,acg_embed_anchor_stack_xgboost,signal_embedding_stack,xgboost_default,PAIRED_MEA64C_YGER::paired_mea64c::20170622_patch2::HerdingSpikes2::44,PAIRED_MEA64C_YGER::paired_mea64c::20170622_patch2,PAIRED_MEA64C_YGER,0.4028520499108734,0.15256763,0.25028442486509705
main,fpos,acg_embed_anchor_stack_xgboost,signal_embedding_stack,xgboost_default,PAIRED_MEA64C_YGER::paired_mea64c::20170622_patch2::HerdingSpikes2::5,PAIRED_MEA64C_YGER::paired_mea64c::20170622_patch2,PAIRED_MEA64C_YGER,0.06115992970123023,0.0029099057,0.05825002395837635
main,fpos,acg_embed_anchor_stack_xgboost,signal_embedding_stack,xgboost_default,PAIRED_MEA64C_YGER::paired_mea64c::20170622_patch2::IronClust::11,PAIRED_MEA64C_YGER::paired_mea64c::20170622_patch2,PAIRED_MEA64C_YGER,0.061366806136680614,0.0016835859,0.05968322020885892
main,fpos,acg_embed_anchor_stack_xgboost,signal_embedding_stack,xgboost_default,PAIRED_MEA64C_YGER::paired_mea64c::20170622_patch2::JRClust::31,PAIRED_MEA64C_YGER::paired_mea64c::20170622_patch2,PAIRED_MEA64C_YGER,0.06118881118881119,0.0028394852,0.058349326005453
main,fpos,acg_embed_anchor_stack_xgboost,signal_embedding_stack,xgboost_default,PAIRED_MEA64C_YGER::paired_mea64c::20170622_patch2::KiloSort::5,PAIRED_MEA64C_YGER::paired_mea64c::20170622_patch2,PAIRED_MEA64C_YGER,0.06143106457242583,0.0031724551,0.058258609449731456
main,fpos,acg_embed_anchor_stack_xgboost,signal_embedding_stack,xgboost_default,PAIRED_MEA64C_YGER::paired_mea64c::20170622_patch2::KiloSort2::33,PAIRED_MEA64C_YGER::paired_mea64c::20170622_patch2,PAIRED_MEA64C_YGER,0.061409630146545706,0.002739179,0.058670451198441324
main,fpos,acg_embed_anchor_stack_xgboost,signal_embedding_stack,xgboost_default,PAIRED_MEA64C_YGER::paired_mea64c::20170622_patch2::Klusta::14,PAIRED_MEA64C_YGER::paired_mea64c::20170622_patch2,PAIRED_MEA64C_YGER,0.05860349127182045,0.002773089,0.05583040217028239
main,fpos,acg_embed_anchor_stack_xgboost,signal_embedding_stack,xgboost_default,PAIRED_MEA64C_YGER::paired_mea64c::20170622_patch2::MountainSort4::31,PAIRED_MEA64C_YGER::paired_mea64c::20170622_patch2,PAIRED_MEA64C_YGER,0.07713404182379156,0.007603196,0.06953084586222678
main,fpos,acg_embed_anchor_stack_xgboost,signal_embedding_stack,xgboost_default,PAIRED_MEA64C_YGER::paired_mea64c::20170622_patch2::SpykingCircus::17,PAIRED_MEA64C_YGER::paired_mea64c::20170622_patch2,PAIRED_MEA64C_YGER,0.061366806136680614,0.003492339,0.05787446708814598
main,fpos,acg_embed_anchor_stack_xgboost,signal_embedding_stack,xgboost_default,PAIRED_MEA64C_YGER::paired_mea64c::20170622_patch2::Tridesclous::0,PAIRED_MEA64C_YGER::paired_mea64c::20170622_patch2,PAIRED_MEA64C_YGER,0.061366806136680614,0.0015934091,0.059773397030545246
main,fpos,wf_acg_embed_anchor_stack_xgboost,signal_embedding_stack,xgboost_default,PAIRED_BOYDEN::paired_boyden32c::1103_1_1::IronClust::4,PAIRED_BOYDEN::paired_boyden32c::1103_1_1,PAIRED_BOYDEN,0.11363636363636363,0.13910908,0.025472711433063858
main,fpos,wf_acg_embed_anchor_stack_xgboost,signal_embedding_stack,xgboost_default,PAIRED_BOYDEN::paired_boyden32c::1103_1_1::JRClust::18,PAIRED_BOYDEN::paired_boyden32c::1103_1_1,PAIRED_BOYDEN,0.26138147566718994,0.28983346,0.028451980610657346
main,fpos,wf_acg_embed_anchor_stack_xgboost,signal_embedding_stack,xgboost_default,PAIRED_BOYDEN::paired_boyden32c::1103_1_1::KiloSort::111,PAIRED_BOYDEN::paired_boyden32c::1103_1_1,PAIRED_BOYDEN,0.11241007194244604,0.17723283,0.06482275977409144
main,fpos,wf_acg_embed_anchor_stack_xgboost,signal_embedding_stack,xgboost_default,PAIRED_BOYDEN::paired_boyden32c::1103_1_1::KiloSort2::33,PAIRED_BOYDEN::paired_boyden32c::1103_1_1,PAIRED_BOYDEN,0.17066290550070523,0.21880136,0.04813845880192996
main,fpos,wf_acg_embed_anchor_stack_xgboost,signal_embedding_stack,xgboost_default,PAIRED_BOYDEN::paired_boyden32c::1103_1_1::KiloSort2::55,PAIRED_BOYDEN::paired_boyden32c::1103_1_1,PAIRED_BOYDEN,0.3333333333333333,0.2013415,0.13199183841546375
main,fpos,wf_acg_embed_anchor_stack_xgboost,signal_embedding_stack,xgboost_default,PAIRED_BOYDEN::paired_boyden32c::1103_1_1::KiloSort2::60,PAIRED_BOYDEN::paired_boyden32c::1103_1_1,PAIRED_BOYDEN,0.15878378378378377,0.09001561,0.06876817124115453
main,fpos,wf_acg_embed_anchor_stack_xgboost,signal_embedding_stack,xgboost_default,PAIRED_BOYDEN::paired_boyden32c::1103_1_1::Klusta::12,PAIRED_BOYDEN::paired_boyden32c::1103_1_1,PAIRED_BOYDEN,0.156686626746507,0.21699351,0.06030688397660702
main,fpos,wf_acg_embed_anchor_stack_xgboost,signal_embedding_stack,xgboost_default,PAIRED_BOYDEN::paired_boyden32c::1103_1_1::MountainSort4::26,PAIRED_BOYDEN::paired_boyden32c::1103_1_1,PAIRED_BOYDEN,0.30532212885154064,0.336253,0.0309308585332555
main,fpos,wf_acg_embed_anchor_stack_xgboost,signal_embedding_stack,xgboost_default,PAIRED_BOYDEN::paired_boyden32c::1103_1_1::SpykingCircus::27,PAIRED_BOYDEN::paired_boyden32c::1103_1_1,PAIRED_BOYDEN,0.12258064516129032,0.17273197,0.05015132061896786
main,fpos,wf_acg_embed_anchor_stack_xgboost,signal_embedding_stack,xgboost_default,PAIRED_BOYDEN::paired_boyden32c::1103_1_1::Tridesclous::3,PAIRED_BOYDEN::paired_boyden32c::1103_1_1,PAIRED_BOYDEN,0.2613268608414239,0.32360256,0.06227569634088809
main,fpos,wf_acg_embed_anchor_stack_xgboost,signal_embedding_stack,xgboost_default,PAIRED_BOYDEN::paired_boyden32c::419_1_8::IronClust::14,PAIRED_BOYDEN::paired_boyden32c::419_1_8,PAIRED_BOYDEN,0.0663265306122449,0.046766285,0.019560245759024916
main,fpos,wf_acg_embed_anchor_stack_xgboost,signal_embedding_stack,xgboost_default,PAIRED_BOYDEN::paired_boyden32c::419_1_8::IronClust::4,PAIRED_BOYDEN::paired_boyden32c::419_1_8,PAIRED_BOYDEN,0.05829903978052126,0.054722775,0.0035762650066851268
main,fpos,wf_acg_embed_anchor_stack_xgboost,signal_embedding_stack,xgboost_default,PAIRED_BOYDEN::paired_boyden32c::419_1_8::JRClust::24,PAIRED_BOYDEN::paired_boyden32c::419_1_8,PAIRED_BOYDEN,0.08062093139709564,0.027324893,0.053296038816586455
main,fpos,wf_acg_embed_anchor_stack_xgboost,signal_embedding_stack,xgboost_default,PAIRED_BOYDEN::paired_boyden32c::419_1_8::JRClust::8,PAIRED_BOYDEN::paired_boyden32c::419_1_8,PAIRED_BOYDEN,0.03907637655417407,0.04004032,0.0009639450939468094
main,fpos,wf_acg_embed_anchor_stack_xgboost,signal_embedding_stack,xgboost_default,PAIRED_BOYDEN::paired_boyden32c::419_1_8::KiloSort::17,PAIRED_BOYDEN::paired_boyden32c::419_1_8,PAIRED_BOYDEN,0.06424161521775405,0.024894873,0.03934674253744762
main,fpos,wf_acg_embed_anchor_stack_xgboost,signal_embedding_stack,xgboost_default,PAIRED_BOYDEN::paired_boyden32c::419_1_8::KiloSort2::27,PAIRED_BOYDEN::paired_boyden32c::419_1_8,PAIRED_BOYDEN,0.1342059838895282,0.04821274,0.08599324331922142
main,fpos,wf_acg_embed_anchor_stack_xgboost,signal_embedding_stack,xgboost_default,PAIRED_BOYDEN::paired_boyden32c::419_1_8::KiloSort2::46,PAIRED_BOYDEN::paired_boyden32c::419_1_8,PAIRED_BOYDEN,0.02341480088873697,0.020900993,0.002513808212121254
main,fpos,wf_acg_embed_anchor_stack_xgboost,signal_embedding_stack,xgboost_default,PAIRED_BOYDEN::paired_boyden32c::419_1_8::MountainSort4::42,PAIRED_BOYDEN::paired_boyden32c::419_1_8,PAIRED_BOYDEN,0.16482219271063892,0.094034895,0.07078729740977374
main,fpos,wf_acg_embed_anchor_stack_xgboost,signal_embedding_stack,xgboost_default,PAIRED_BOYDEN::paired_boyden32c::419_1_8::SpykingCircus::24,PAIRED_BOYDEN::paired_boyden32c::419_1_8,PAIRED_BOYDEN,0.24721080446271285,0.13243867,0.1147721298935829
main,fpos,wf_acg_embed_anchor_stack_xgboost,signal_embedding_stack,xgboost_default,PAIRED_BOYDEN::paired_boyden32c::419_1_8::SpykingCircus::28,PAIRED_BOYDEN::paired_boyden32c::419_1_8,PAIRED_BOYDEN,0.029543112332531776,0.016767707,0.012775405610510673
main,fpos,wf_acg_embed_anchor_stack_xgboost,signal_embedding_stack,xgboost_default,PAIRED_BOYDEN::paired_boyden32c::419_1_8::Tridesclous::0,PAIRED_BOYDEN::paired_boyden32c::419_1_8,PAIRED_BOYDEN,0.15585806056898133,0.111362115,0.04449594602029816
main,fpos,wf_acg_embed_anchor_stack_xgboost,signal_embedding_stack,xgboost_default,PAIRED_CRCNS_HC1::paired_crcns::d11221_d11221.001::SpykingCircus::6,PAIRED_CRCNS_HC1::paired_crcns::d11221_d11221.001,PAIRED_CRCNS_HC1,0.8835978835978836,0.36313584,0.5204620391288132
main,fpos,wf_acg_embed_anchor_stack_xgboost,signal_embedding_stack,xgboost_default,PAIRED_CRCNS_HC1::paired_crcns::d11222_d11222.002::IronClust::2,PAIRED_CRCNS_HC1::paired_crcns::d11222_d11222.002,PAIRED_CRCNS_HC1,0.04466019417475728,0.1532897,0.10862951134015056
main,fpos,wf_acg_embed_anchor_stack_xgboost,signal_embedding_stack,xgboost_default,PAIRED_CRCNS_HC1::paired_crcns::d11222_d11222.002::JRClust::3,PAIRED_CRCNS_HC1::paired_crcns::d11222_d11222.002,PAIRED_CRCNS_HC1,0.039337474120082816,0.054643217,0.015305743354139367
main,fpos,wf_acg_embed_anchor_stack_xgboost,signal_embedding_stack,xgboost_default,PAIRED_CRCNS_HC1::paired_crcns::d11222_d11222.002::KiloSort::1,PAIRED_CRCNS_HC1::paired_crcns::d11222_d11222.002,PAIRED_CRCNS_HC1,0.03337783711615487,0.09424879,0.06087094945248679
main,fpos,wf_acg_embed_anchor_stack_xgboost,signal_embedding_stack,xgboost_default,PAIRED_CRCNS_HC1::paired_crcns::d11222_d11222.002::KiloSort2::10,PAIRED_CRCNS_HC1::paired_crcns::d11222_d11222.002,PAIRED_CRCNS_HC1,0.550417469492614,0.099224925,0.4511925444514153
main,fpos,wf_acg_embed_anchor_stack_xgboost,signal_embedding_stack,xgboost_default,PAIRED_CRCNS_HC1::paired_crcns::d11222_d11222.002::Klusta::2,PAIRED_CRCNS_HC1::paired_crcns::d11222_d11222.002,PAIRED_CRCNS_HC1,0.008777852802160702,0.06354542,0.05476756796371607
main,fpos,wf_acg_embed_anchor_stack_xgboost,signal_embedding_stack,xgboost_default,PAIRED_CRCNS_HC1::paired_crcns::d11222_d11222.002::MountainSort4::4,PAIRED_CRCNS_HC1::paired_crcns::d11222_d11222.002,PAIRED_CRCNS_HC1,0.360427807486631,0.22178155,0.13864625564870986
main,fpos,wf_acg_embed_anchor_stack_xgboost,signal_embedding_stack,xgboost_default,PAIRED_CRCNS_HC1::paired_crcns::d11222_d11222.002::SpykingCircus::4,PAIRED_CRCNS_HC1::paired_crcns::d11222_d11222.002,PAIRED_CRCNS_HC1,0.11986754966887417,0.055552952,0.0643145976773161
main,fpos,wf_acg_embed_anchor_stack_xgboost,signal_embedding_stack,xgboost_default,PAIRED_CRCNS_HC1::paired_crcns::d11222_d11222.002::Tridesclous::0,PAIRED_CRCNS_HC1::paired_crcns::d11222_d11222.002,PAIRED_CRCNS_HC1,0.021164021164021163,0.07701469,0.05585067096368346
main,fpos,wf_acg_embed_anchor_stack_xgboost,signal_embedding_stack,xgboost_default,PAIRED_ENGLISH::paired_english::m139_200114_191955::KiloSort2::25,PAIRED_ENGLISH::paired_english::m139_200114_191955,PAIRED_ENGLISH,0.7302739726027397,0.39925694,0.33101702794636767
main,fpos,wf_acg_embed_anchor_stack_xgboost,signal_embedding_stack,xgboost_default,PAIRED_ENGLISH::paired_english::m139_200114_191955::MountainSort4::36,PAIRED_ENGLISH::paired_english::m139_200114_191955,PAIRED_ENGLISH,0.8735255086994986,0.5834943,0.2900312030888419
main,fpos,wf_acg_embed_anchor_stack_xgboost,signal_embedding_stack,xgboost_default,PAIRED_ENGLISH::paired_english::m139_200114_191955::SpykingCircus::42,PAIRED_ENGLISH::paired_english::m139_200114_191955,PAIRED_ENGLISH,0.5584045584045584,0.38161215,0.1767924065433676
main,fpos,wf_acg_embed_anchor_stack_xgboost,signal_embedding_stack,xgboost_default,PAIRED_ENGLISH::paired_english::m139_200114_222743::HerdingSpikes2::5,PAIRED_ENGLISH::paired_english::m139_200114_222743,PAIRED_ENGLISH,0.03257707969749855,0.19048837,0.15791128857528283
main,fpos,wf_acg_embed_anchor_stack_xgboost,signal_embedding_stack,xgboost_default,PAIRED_ENGLISH::paired_english::m139_200114_222743::IronClust::17,PAIRED_ENGLISH::paired_english::m139_200114_222743,PAIRED_ENGLISH,0.02675196277987787,0.16202794,0.13527597737419775
main,fpos,wf_acg_embed_anchor_stack_xgboost,signal_embedding_stack,xgboost_default,PAIRED_ENGLISH::paired_english::m139_200114_222743::KiloSort::88,PAIRED_ENGLISH::paired_english::m139_200114_222743,PAIRED_ENGLISH,0.015151515151515152,0.18412974,0.16897822961662756
main,fpos,wf_acg_embed_anchor_stack_xgboost,signal_embedding_stack,xgboost_default,PAIRED_ENGLISH::paired_english::m139_200114_222743::KiloSort2::26,PAIRED_ENGLISH::paired_english::m139_200114_222743,PAIRED_ENGLISH,0.028645087367516472,0.18551591,0.1568708230195227
main,fpos,wf_acg_embed_anchor_stack_xgboost,signal_embedding_stack,xgboost_default,PAIRED_ENGLISH::paired_english::m139_200114_222743::MountainSort4::46,PAIRED_ENGLISH::paired_english::m139_200114_222743,PAIRED_ENGLISH,0.039886039886039885,0.34878644,0.3089004035858687
main,fpos,wf_acg_embed_anchor_stack_xgboost,signal_embedding_stack,xgboost_default,PAIRED_ENGLISH::paired_english::m139_200114_222743::SpykingCircus::44,PAIRED_ENGLISH::paired_english::m139_200114_222743,PAIRED_ENGLISH,0.028064146620847653,0.15342985,0.1253657043150883
main,fpos,wf_acg_embed_anchor_stack_xgboost,signal_embedding_stack,xgboost_default,PAIRED_ENGLISH::paired_english::m139_200114_222743::Tridesclous::1,PAIRED_ENGLISH::paired_english::m139_200114_222743,PAIRED_ENGLISH,0.3089646722483153,0.32609233,0.017127660353231933
main,fpos,wf_acg_embed_anchor_stack_xgboost,signal_embedding_stack,xgboost_default,PAIRED_ENGLISH::paired_english::m14_190326_155432::IronClust::22,PAIRED_ENGLISH::paired_english::m14_190326_155432,PAIRED_ENGLISH,0.0481651376146789,0.0313029,0.016862238492440743
main,fpos,wf_acg_embed_anchor_stack_xgboost,signal_embedding_stack,xgboost_default,PAIRED_ENGLISH::paired_english::m14_190326_155432::MountainSort4::33,PAIRED_ENGLISH::paired_english::m14_190326_155432,PAIRED_ENGLISH,0.1981651376146789,0.3766794,0.1785142530541901
main,fpos,wf_acg_embed_anchor_stack_xgboost,signal_embedding_stack,xgboost_default,PAIRED_ENGLISH::paired_english::m14_190326_155432::SpykingCircus::38,PAIRED_ENGLISH::paired_english::m14_190326_155432,PAIRED_ENGLISH,0.013363028953229399,0.029711558,0.01634852859898904
main,fpos,wf_acg_embed_anchor_stack_xgboost,signal_embedding_stack,xgboost_default,PAIRED_ENGLISH::paired_english::m15_190315_142052_cell1::IronClust::40,PAIRED_ENGLISH::paired_english::m15_190315_142052_cell1,PAIRED_ENGLISH,0.2679960401640503,0.28966832,0.02167228144544675
main,fpos,wf_acg_embed_anchor_stack_xgboost,signal_embedding_stack,xgboost_default,PAIRED_ENGLISH::paired_english::m15_190315_142052_cell1::KiloSort2::48,PAIRED_ENGLISH::paired_english::m15_190315_142052_cell1,PAIRED_ENGLISH,0.8627861694595232,0.38598955,0.4767966226837054
main,fpos,wf_acg_embed_anchor_stack_xgboost,signal_embedding_stack,xgboost_default,PAIRED_ENGLISH::paired_english::m15_190315_142052_cell1::MountainSort4::62,PAIRED_ENGLISH::paired_english::m15_190315_142052_cell1,PAIRED_ENGLISH,0.8769885383524361,0.4444141,0.43257442936081314
main,fpos,wf_acg_embed_anchor_stack_xgboost,signal_embedding_stack,xgboost_default,PAIRED_ENGLISH::paired_english::m15_190315_142052_cell1::MountainSort4::64,PAIRED_ENGLISH::paired_english::m15_190315_142052_cell1,PAIRED_ENGLISH,0.14704761904761904,0.21513589,0.06808826821758635
main,fpos,wf_acg_embed_anchor_stack_xgboost,signal_embedding_stack,xgboost_default,PAIRED_ENGLISH::paired_english::m15_190315_142052_cell1::SpykingCircus::22,PAIRED_ENGLISH::paired_english::m15_190315_142052_cell1,PAIRED_ENGLISH,0.23500526131182042,0.48918527,0.2541800123354879
main,fpos,wf_acg_embed_anchor_stack_xgboost,signal_embedding_stack,xgboost_default,PAIRED_ENGLISH::paired_english::m15_190315_142052_cell1::SpykingCircus::57,PAIRED_ENGLISH::paired_english::m15_190315_142052_cell1,PAIRED_ENGLISH,0.6499202551834131,0.30232003,0.34760022187156925
main,fpos,wf_acg_embed_anchor_stack_xgboost,signal_embedding_stack,xgboost_default,PAIRED_ENGLISH::paired_english::m15_190315_152315_cell1::IronClust::35,PAIRED_ENGLISH::paired_english::m15_190315_152315_cell1,PAIRED_ENGLISH,0.002592440987856461,0.03440053,0.03180808917161696
main,fpos,wf_acg_embed_anchor_stack_xgboost,signal_embedding_stack,xgboost_default,PAIRED_ENGLISH::paired_english::m15_190315_152315_cell1::KiloSort::1,PAIRED_ENGLISH::paired_english::m15_190315_152315_cell1,PAIRED_ENGLISH,6.528267397832615e-05,0.043423034,0.04335775157675791
main,fpos,wf_acg_embed_anchor_stack_xgboost,signal_embedding_stack,xgboost_default,PAIRED_ENGLISH::paired_english::m15_190315_152315_cell1::KiloSort2::37,PAIRED_ENGLISH::paired_english::m15_190315_152315_cell1,PAIRED_ENGLISH,0.00039059957034047265,0.043670196,0.043279596515827815
main,fpos,wf_acg_embed_anchor_stack_xgboost,signal_embedding_stack,xgboost_default,PAIRED_ENGLISH::paired_english::m15_190315_152315_cell1::MountainSort4::72,PAIRED_ENGLISH::paired_english::m15_190315_152315_cell1,PAIRED_ENGLISH,0.052174468356855484,0.1808639,0.1286894336159152
main,fpos,wf_acg_embed_anchor_stack_xgboost,signal_embedding_stack,xgboost_default,PAIRED_ENGLISH::paired_english::m15_190315_152315_cell1::SpykingCircus::46,PAIRED_ENGLISH::paired_english::m15_190315_152315_cell1,PAIRED_ENGLISH,0.010891280531030483,0.039755587,0.028864306003708057
main,fpos,wf_acg_embed_anchor_stack_xgboost,signal_embedding_stack,xgboost_default,PAIRED_ENGLISH::paired_english::m15_190315_152315_cell1::Tridesclous::0,PAIRED_ENGLISH::paired_english::m15_190315_152315_cell1,PAIRED_ENGLISH,0.8482136225209834,0.37773314,0.4704804813371303
main,fpos,wf_acg_embed_anchor_stack_xgboost,signal_embedding_stack,xgboost_default,PAIRED_ENGLISH::paired_english::m26_190524_100859_cell1::KiloSort::19,PAIRED_ENGLISH::paired_english::m26_190524_100859_cell1,PAIRED_ENGLISH,0.2440677966101695,0.19202852,0.052039274118714424
main,fpos,wf_acg_embed_anchor_stack_xgboost,signal_embedding_stack,xgboost_default,PAIRED_ENGLISH::paired_english::m26_190524_100859_cell1::KiloSort::8,PAIRED_ENGLISH::paired_english::m26_190524_100859_cell1,PAIRED_ENGLISH,0.6505139500734214,0.25473654,0.3957774073717002
main,fpos,wf_acg_embed_anchor_stack_xgboost,signal_embedding_stack,xgboost_default,PAIRED_ENGLISH::paired_english::m26_190524_100859_cell1::KiloSort2::0,PAIRED_ENGLISH::paired_english::m26_190524_100859_cell1,PAIRED_ENGLISH,0.38315988647114474,0.3402006,0.042959283462874476
main,fpos,wf_acg_embed_anchor_stack_xgboost,signal_embedding_stack,xgboost_default,PAIRED_ENGLISH::paired_english::m57_191105_141906::IronClust::6,PAIRED_ENGLISH::paired_english::m57_191105_141906,PAIRED_ENGLISH,0.31826625386996904,0.28689563,0.03137062112613359
main,fpos,wf_acg_embed_anchor_stack_xgboost,signal_embedding_stack,xgboost_default,PAIRED_ENGLISH::paired_english::m57_191105_141906::KiloSort::47,PAIRED_ENGLISH::paired_english::m57_191105_141906,PAIRED_ENGLISH,0.35376344086021505,0.28797534,0.06578809977859579
main,fpos,wf_acg_embed_anchor_stack_xgboost,signal_embedding_stack,xgboost_default,PAIRED_ENGLISH::paired_english::m57_191105_141906::MountainSort4::21,PAIRED_ENGLISH::paired_english::m57_191105_141906,PAIRED_ENGLISH,0.3323335332933413,0.42528665,0.0929531173643125
main,fpos,wf_acg_embed_anchor_stack_xgboost,signal_embedding_stack,xgboost_default,PAIRED_ENGLISH::paired_english::m57_191105_141906::MountainSort4::57,PAIRED_ENGLISH::paired_english::m57_191105_141906,PAIRED_ENGLISH,0.23853211009174313,0.31721532,0.07868321335643802
main,fpos,wf_acg_embed_anchor_stack_xgboost,signal_embedding_stack,xgboost_default,PAIRED_ENGLISH::paired_english::m57_191105_141906::SpykingCircus::12,PAIRED_ENGLISH::paired_english::m57_191105_141906,PAIRED_ENGLISH,0.3535228677379481,0.2876067,0.06591618138426464
main,fpos,wf_acg_embed_anchor_stack_xgboost,signal_embedding_stack,xgboost_default,PAIRED_ENGLISH::paired_english::m57_191105_141906::SpykingCircus::30,PAIRED_ENGLISH::paired_english::m57_191105_141906,PAIRED_ENGLISH,0.2040332147093713,0.22766608,0.023632865288645055
main,fpos,wf_acg_embed_anchor_stack_xgboost,signal_embedding_stack,xgboost_default,PAIRED_ENGLISH::paired_english::m57_191105_160026::HerdingSpikes2::1,PAIRED_ENGLISH::paired_english::m57_191105_160026,PAIRED_ENGLISH,0.13630229419703105,0.24198775,0.10568545573716542
main,fpos,wf_acg_embed_anchor_stack_xgboost,signal_embedding_stack,xgboost_default,PAIRED_ENGLISH::paired_english::m57_191105_160026::IronClust::2,PAIRED_ENGLISH::paired_english::m57_191105_160026,PAIRED_ENGLISH,0.5044008124576845,0.20306137,0.30133944041598226
main,fpos,wf_acg_embed_anchor_stack_xgboost,signal_embedding_stack,xgboost_default,PAIRED_ENGLISH::paired_english::m57_191105_160026::IronClust::3,PAIRED_ENGLISH::paired_english::m57_191105_160026,PAIRED_ENGLISH,0.05838815789473684,0.20190687,0.1435187168811497
main,fpos,wf_acg_embed_anchor_stack_xgboost,signal_embedding_stack,xgboost_default,PAIRED_ENGLISH::paired_english::m57_191105_160026::KiloSort::127,PAIRED_ENGLISH::paired_english::m57_191105_160026,PAIRED_ENGLISH,0.5003422313483915,0.31405956,0.1862826758178434
main,fpos,wf_acg_embed_anchor_stack_xgboost,signal_embedding_stack,xgboost_default,PAIRED_ENGLISH::paired_english::m57_191105_160026::KiloSort::6,PAIRED_ENGLISH::paired_english::m57_191105_160026,PAIRED_ENGLISH,0.02531645569620253,0.17459998,0.1492835196513164
main,fpos,wf_acg_embed_anchor_stack_xgboost,signal_embedding_stack,xgboost_default,PAIRED_ENGLISH::paired_english::m57_191105_160026::MountainSort4::23,PAIRED_ENGLISH::paired_english::m57_191105_160026,PAIRED_ENGLISH,0.6737967914438503,0.15973125,0.51406553746226
main,fpos,wf_acg_embed_anchor_stack_xgboost,signal_embedding_stack,xgboost_default,PAIRED_ENGLISH::paired_english::m57_191105_160026::MountainSort4::25,PAIRED_ENGLISH::paired_english::m57_191105_160026,PAIRED_ENGLISH,0.14568081991215226,0.2681721,0.12249126537303451
main,fpos,wf_acg_embed_anchor_stack_xgboost,signal_embedding_stack,xgboost_default,PAIRED_ENGLISH::paired_english::m57_191105_160026::SpykingCircus::2,PAIRED_ENGLISH::paired_english::m57_191105_160026,PAIRED_ENGLISH,0.6860282574568289,0.43792823,0.24810002788644014
main,fpos,wf_acg_embed_anchor_stack_xgboost,signal_embedding_stack,xgboost_default,PAIRED_ENGLISH::paired_english::m57_191105_160026::SpykingCircus::4,PAIRED_ENGLISH::paired_english::m57_191105_160026,PAIRED_ENGLISH,0.056790123456790124,0.2082101,0.15141997230641635
main,fpos,wf_acg_embed_anchor_stack_xgboost,signal_embedding_stack,xgboost_default,PAIRED_ENGLISH::paired_english::m57_191105_160026::Tridesclous::0,PAIRED_ENGLISH::paired_english::m57_191105_160026,PAIRED_ENGLISH,0.8589226823012093,0.48842764,0.3704950432936409
main,fpos,wf_acg_embed_anchor_stack_xgboost,signal_embedding_stack,xgboost_default,PAIRED_KAMPFF::paired_kampff::c14::HerdingSpikes2::6,PAIRED_KAMPFF::paired_kampff::c14,PAIRED_KAMPFF,0.25090444775484144,0.05211551,0.19878893660567343
main,fpos,wf_acg_embed_anchor_stack_xgboost,signal_embedding_stack,xgboost_default,PAIRED_KAMPFF::paired_kampff::c14::IronClust::22,PAIRED_KAMPFF::paired_kampff::c14,PAIRED_KAMPFF,0.2240655987795576,0.08103852,0.14302707903945291
main,fpos,wf_acg_embed_anchor_stack_xgboost,signal_embedding_stack,xgboost_default,PAIRED_KAMPFF::paired_kampff::c14::KiloSort2::37,PAIRED_KAMPFF::paired_kampff::c14,PAIRED_KAMPFF,0.23899885489939474,0.13150018,0.10749867036341451
main,fpos,wf_acg_embed_anchor_stack_xgboost,signal_embedding_stack,xgboost_default,PAIRED_KAMPFF::paired_kampff::c14::MountainSort4::42,PAIRED_KAMPFF::paired_kampff::c14,PAIRED_KAMPFF,0.031842105263157894,0.027814738,0.004027366810723354
main,fpos,wf_acg_embed_anchor_stack_xgboost,signal_embedding_stack,xgboost_default,PAIRED_KAMPFF::paired_kampff::c14::SpykingCircus::14,PAIRED_KAMPFF::paired_kampff::c14,PAIRED_KAMPFF,0.0993841579953281,0.034644265,0.06473989326749721
main,fpos,wf_acg_embed_anchor_stack_xgboost,signal_embedding_stack,xgboost_default,PAIRED_KAMPFF::paired_kampff::c14::Tridesclous::8,PAIRED_KAMPFF::paired_kampff::c14,PAIRED_KAMPFF,0.7298130782302221,0.5590546,0.1707584651168188
main,fpos,wf_acg_embed_anchor_stack_xgboost,signal_embedding_stack,xgboost_default,PAIRED_MEA64C_YGER::paired_mea64c::20170622_patch1::HerdingSpikes2::19,PAIRED_MEA64C_YGER::paired_mea64c::20170622_patch1,PAIRED_MEA64C_YGER,0.3048016701461378,0.26711383,0.0376878355266157
main,fpos,wf_acg_embed_anchor_stack_xgboost,signal_embedding_stack,xgboost_default,PAIRED_MEA64C_YGER::paired_mea64c::20170622_patch1::HerdingSpikes2::7,PAIRED_MEA64C_YGER::paired_mea64c::20170622_patch1,PAIRED_MEA64C_YGER,0.006430868167202572,0.016783547,0.01035267848916759
main,fpos,wf_acg_embed_anchor_stack_xgboost,signal_embedding_stack,xgboost_default,PAIRED_MEA64C_YGER::paired_mea64c::20170622_patch1::IronClust::8,PAIRED_MEA64C_YGER::paired_mea64c::20170622_patch1,PAIRED_MEA64C_YGER,0.32512992968511156,0.16163495,0.16349497785520128
main,fpos,wf_acg_embed_anchor_stack_xgboost,signal_embedding_stack,xgboost_default,PAIRED_MEA64C_YGER::paired_mea64c::20170622_patch1::KiloSort::64,PAIRED_MEA64C_YGER::paired_mea64c::20170622_patch1,PAIRED_MEA64C_YGER,0.00022805017103762827,0.012078335,0.011850284406343982
main,fpos,wf_acg_embed_anchor_stack_xgboost,signal_embedding_stack,xgboost_default,PAIRED_MEA64C_YGER::paired_mea64c::20170622_patch1::KiloSort2::23,PAIRED_MEA64C_YGER::paired_mea64c::20170622_patch1,PAIRED_MEA64C_YGER,0.0,0.01183959,0.011839590035378933
main,fpos,wf_acg_embed_anchor_stack_xgboost,signal_embedding_stack,xgboost_default,PAIRED_MEA64C_YGER::paired_mea64c::20170622_patch1::Klusta::4,PAIRED_MEA64C_YGER::paired_mea64c::20170622_patch1,PAIRED_MEA64C_YGER,0.0050424628450106155,0.022188976,0.017146513562040472
main,fpos,wf_acg_embed_anchor_stack_xgboost,signal_embedding_stack,xgboost_default,PAIRED_MEA64C_YGER::paired_mea64c::20170622_patch1::MountainSort4::43,PAIRED_MEA64C_YGER::paired_mea64c::20170622_patch1,PAIRED_MEA64C_YGER,0.0040494938132733405,0.014182902,0.010133408127966493
main,fpos,wf_acg_embed_anchor_stack_xgboost,signal_embedding_stack,xgboost_default,PAIRED_MEA64C_YGER::paired_mea64c::20170622_patch1::SpykingCircus::18,PAIRED_MEA64C_YGER::paired_mea64c::20170622_patch1,PAIRED_MEA64C_YGER,0.00022079929344226098,0.00979213,0.009571331147031296
main,fpos,wf_acg_embed_anchor_stack_xgboost,signal_embedding_stack,xgboost_default,PAIRED_MEA64C_YGER::paired_mea64c::20170622_patch1::Tridesclous::12,PAIRED_MEA64C_YGER::paired_mea64c::20170622_patch1,PAIRED_MEA64C_YGER,0.013830024537140308,0.017858462,0.0040284378710446975
main,fpos,wf_acg_embed_anchor_stack_xgboost,signal_embedding_stack,xgboost_default,PAIRED_MEA64C_YGER::paired_mea64c::20170622_patch2::HerdingSpikes2::16,PAIRED_MEA64C_YGER::paired_mea64c::20170622_patch2,PAIRED_MEA64C_YGER,0.18683274021352314,0.061670087,0.1251626529356339
main,fpos,wf_acg_embed_anchor_stack_xgboost,signal_embedding_stack,xgboost_default,PAIRED_MEA64C_YGER::paired_mea64c::20170622_patch2::HerdingSpikes2::44,PAIRED_MEA64C_YGER::paired_mea64c::20170622_patch2,PAIRED_MEA64C_YGER,0.4028520499108734,0.10860443,0.29424761875852967
main,fpos,wf_acg_embed_anchor_stack_xgboost,signal_embedding_stack,xgboost_default,PAIRED_MEA64C_YGER::paired_mea64c::20170622_patch2::HerdingSpikes2::5,PAIRED_MEA64C_YGER::paired_mea64c::20170622_patch2,PAIRED_MEA64C_YGER,0.06115992970123023,0.0025313508,0.058628578878110946
main,fpos,wf_acg_embed_anchor_stack_xgboost,signal_embedding_stack,xgboost_default,PAIRED_MEA64C_YGER::paired_mea64c::20170622_patch2::IronClust::11,PAIRED_MEA64C_YGER::paired_mea64c::20170622_patch2,PAIRED_MEA64C_YGER,0.061366806136680614,0.0014825587,0.05988424746715821
main,fpos,wf_acg_embed_anchor_stack_xgboost,signal_embedding_stack,xgboost_default,PAIRED_MEA64C_YGER::paired_mea64c::20170622_patch2::JRClust::31,PAIRED_MEA64C_YGER::paired_mea64c::20170622_patch2,PAIRED_MEA64C_YGER,0.06118881118881119,0.002723902,0.058464909190559515
main,fpos,wf_acg_embed_anchor_stack_xgboost,signal_embedding_stack,xgboost_default,PAIRED_MEA64C_YGER::paired_mea64c::20170622_patch2::KiloSort::5,PAIRED_MEA64C_YGER::paired_mea64c::20170622_patch2,PAIRED_MEA64C_YGER,0.06143106457242583,0.003247099,0.05818396557519053
main,fpos,wf_acg_embed_anchor_stack_xgboost,signal_embedding_stack,xgboost_default,PAIRED_MEA64C_YGER::paired_mea64c::20170622_patch2::KiloSort2::33,PAIRED_MEA64C_YGER::paired_mea64c::20170622_patch2,PAIRED_MEA64C_YGER,0.061409630146545706,0.0029517189,0.0584579112797206
main,fpos,wf_acg_embed_anchor_stack_xgboost,signal_embedding_stack,xgboost_default,PAIRED_MEA64C_YGER::paired_mea64c::20170622_patch2::Klusta::14,PAIRED_MEA64C_YGER::paired_mea64c::20170622_patch2,PAIRED_MEA64C_YGER,0.05860349127182045,0.002935531,0.055667960188326024
main,fpos,wf_acg_embed_anchor_stack_xgboost,signal_embedding_stack,xgboost_default,PAIRED_MEA64C_YGER::paired_mea64c::20170622_patch2::MountainSort4::31,PAIRED_MEA64C_YGER::paired_mea64c::20170622_patch2,PAIRED_MEA64C_YGER,0.07713404182379156,0.0070961565,0.0700378853458634
main,fpos,wf_acg_embed_anchor_stack_xgboost,signal_embedding_stack,xgboost_default,PAIRED_MEA64C_YGER::paired_mea64c::20170622_patch2::SpykingCircus::17,PAIRED_MEA64C_YGER::paired_mea64c::20170622_patch2,PAIRED_MEA64C_YGER,0.061366806136680614,0.0031341533,0.05823265281902052
main,fpos,wf_acg_embed_anchor_stack_xgboost,signal_embedding_stack,xgboost_default,PAIRED_MEA64C_YGER::paired_mea64c::20170622_patch2::Tridesclous::0,PAIRED_MEA64C_YGER::paired_mea64c::20170622_patch2,PAIRED_MEA64C_YGER,0.061366806136680614,0.0014613402,0.059905465905790996
