protocol,target,variant_id,family,backend,row_uid,recording_key,study_set,true,pred,abs_error
main,fmiss,cluster_source_fullctx_lightgbm,cluster_source_stack,lightgbm,PAIRED_BOYDEN::paired_boyden32c::1103_1_1::IronClust::4,PAIRED_BOYDEN::paired_boyden32c::1103_1_1,PAIRED_BOYDEN,0.1661807580174927,0.27048370242118835,0.10430294440369564
main,fmiss,cluster_source_fullctx_lightgbm,cluster_source_stack,lightgbm,PAIRED_BOYDEN::paired_boyden32c::1103_1_1::JRClust::18,PAIRED_BOYDEN::paired_boyden32c::1103_1_1,PAIRED_BOYDEN,0.08551992225461613,0.18851719796657562,0.10299727571195949
main,fmiss,cluster_source_fullctx_lightgbm,cluster_source_stack,lightgbm,PAIRED_BOYDEN::paired_boyden32c::1103_1_1::KiloSort2::33,PAIRED_BOYDEN::paired_boyden32c::1103_1_1,PAIRED_BOYDEN,0.42857142857142855,0.3108766973018646,0.11769473126956392
main,fmiss,cluster_source_fullctx_lightgbm,cluster_source_stack,lightgbm,PAIRED_BOYDEN::paired_boyden32c::1103_1_1::KiloSort2::55,PAIRED_BOYDEN::paired_boyden32c::1103_1_1,PAIRED_BOYDEN,0.8328474246841594,0.5127389430999756,0.3201084815841838
main,fmiss,cluster_source_fullctx_lightgbm,cluster_source_stack,lightgbm,PAIRED_BOYDEN::paired_boyden32c::1103_1_1::KiloSort2::60,PAIRED_BOYDEN::paired_boyden32c::1103_1_1,PAIRED_BOYDEN,0.7580174927113703,0.38389304280281067,0.37412444990855964
main,fmiss,cluster_source_fullctx_lightgbm,cluster_source_stack,lightgbm,PAIRED_BOYDEN::paired_boyden32c::1103_1_1::KiloSort::111,PAIRED_BOYDEN::paired_boyden32c::1103_1_1,PAIRED_BOYDEN,0.04081632653061224,0.21466955542564392,0.1738532288950317
main,fmiss,cluster_source_fullctx_lightgbm,cluster_source_stack,lightgbm,PAIRED_BOYDEN::paired_boyden32c::1103_1_1::Klusta::12,PAIRED_BOYDEN::paired_boyden32c::1103_1_1,PAIRED_BOYDEN,0.17881438289601556,0.21674419939517975,0.03792981649916419
main,fmiss,cluster_source_fullctx_lightgbm,cluster_source_stack,lightgbm,PAIRED_BOYDEN::paired_boyden32c::1103_1_1::MountainSort4::26,PAIRED_BOYDEN::paired_boyden32c::1103_1_1,PAIRED_BOYDEN,0.03595724003887269,0.182709738612175,0.1467524985733023
main,fmiss,cluster_source_fullctx_lightgbm,cluster_source_stack,lightgbm,PAIRED_BOYDEN::paired_boyden32c::1103_1_1::SpykingCircus::27,PAIRED_BOYDEN::paired_boyden32c::1103_1_1,PAIRED_BOYDEN,0.07482993197278912,0.27483195066452026,0.20000201869173115
main,fmiss,cluster_source_fullctx_lightgbm,cluster_source_stack,lightgbm,PAIRED_BOYDEN::paired_boyden32c::1103_1_1::Tridesclous::3,PAIRED_BOYDEN::paired_boyden32c::1103_1_1,PAIRED_BOYDEN,0.11273080660835763,0.11322873830795288,0.0004979316995952499
main,fmiss,cluster_source_fullctx_lightgbm,cluster_source_stack,lightgbm,PAIRED_BOYDEN::paired_boyden32c::419_1_8::IronClust::14,PAIRED_BOYDEN::paired_boyden32c::419_1_8,PAIRED_BOYDEN,0.1489691520694466,0.14557139575481415,0.0033977563146324608
main,fmiss,cluster_source_fullctx_lightgbm,cluster_source_stack,lightgbm,PAIRED_BOYDEN::paired_boyden32c::419_1_8::IronClust::4,PAIRED_BOYDEN::paired_boyden32c::419_1_8,PAIRED_BOYDEN,0.3614943419624864,0.11343007534742355,0.24806426661506287
main,fmiss,cluster_source_fullctx_lightgbm,cluster_source_stack,lightgbm,PAIRED_BOYDEN::paired_boyden32c::419_1_8::JRClust::24,PAIRED_BOYDEN::paired_boyden32c::419_1_8,PAIRED_BOYDEN,0.14617888699426446,0.16212722659111023,0.015948339596845773
main,fmiss,cluster_source_fullctx_lightgbm,cluster_source_stack,lightgbm,PAIRED_BOYDEN::paired_boyden32c::419_1_8::JRClust::8,PAIRED_BOYDEN::paired_boyden32c::419_1_8,PAIRED_BOYDEN,0.7484110990544102,0.5513275861740112,0.19708351288039894
main,fmiss,cluster_source_fullctx_lightgbm,cluster_source_stack,lightgbm,PAIRED_BOYDEN::paired_boyden32c::419_1_8::KiloSort2::27,PAIRED_BOYDEN::paired_boyden32c::419_1_8,PAIRED_BOYDEN,0.06696636180437142,0.114479660987854,0.047513299183482585
main,fmiss,cluster_source_fullctx_lightgbm,cluster_source_stack,lightgbm,PAIRED_BOYDEN::paired_boyden32c::419_1_8::KiloSort2::46,PAIRED_BOYDEN::paired_boyden32c::419_1_8,PAIRED_BOYDEN,0.11424585335606882,0.14175140857696533,0.02750555522089651
main,fmiss,cluster_source_fullctx_lightgbm,cluster_source_stack,lightgbm,PAIRED_BOYDEN::paired_boyden32c::419_1_8::KiloSort::17,PAIRED_BOYDEN::paired_boyden32c::419_1_8,PAIRED_BOYDEN,0.13067741435436367,0.12827163934707642,0.002405775007287253
main,fmiss,cluster_source_fullctx_lightgbm,cluster_source_stack,lightgbm,PAIRED_BOYDEN::paired_boyden32c::419_1_8::MountainSort4::42,PAIRED_BOYDEN::paired_boyden32c::419_1_8,PAIRED_BOYDEN,0.12261664858161525,0.07771411538124084,0.044902533200374406
main,fmiss,cluster_source_fullctx_lightgbm,cluster_source_stack,lightgbm,PAIRED_BOYDEN::paired_boyden32c::419_1_8::SpykingCircus::24,PAIRED_BOYDEN::paired_boyden32c::419_1_8,PAIRED_BOYDEN,0.8012711207564719,0.5603616833686829,0.24090943738778903
main,fmiss,cluster_source_fullctx_lightgbm,cluster_source_stack,lightgbm,PAIRED_BOYDEN::paired_boyden32c::419_1_8::SpykingCircus::28,PAIRED_BOYDEN::paired_boyden32c::419_1_8,PAIRED_BOYDEN,0.12416679584560533,0.12441376596689224,0.0002469701212869102
main,fmiss,cluster_source_fullctx_lightgbm,cluster_source_stack,lightgbm,PAIRED_BOYDEN::paired_boyden32c::419_1_8::Tridesclous::0,PAIRED_BOYDEN::paired_boyden32c::419_1_8,PAIRED_BOYDEN,0.14447372500387537,0.038653723895549774,0.1058200011083256
main,fmiss,cluster_source_fullctx_lightgbm,cluster_source_stack,lightgbm,PAIRED_CRCNS_HC1::paired_crcns::d11221_d11221.001::SpykingCircus::6,PAIRED_CRCNS_HC1::paired_crcns::d11221_d11221.001,PAIRED_CRCNS_HC1,0.2845528455284553,0.7264328002929688,0.44187995476451347
main,fmiss,cluster_source_fullctx_lightgbm,cluster_source_stack,lightgbm,PAIRED_CRCNS_HC1::paired_crcns::d11222_d11222.002::IronClust::2,PAIRED_CRCNS_HC1::paired_crcns::d11222_d11222.002,PAIRED_CRCNS_HC1,0.017310252996005325,0.1044025719165802,0.08709231892057487
main,fmiss,cluster_source_fullctx_lightgbm,cluster_source_stack,lightgbm,PAIRED_CRCNS_HC1::paired_crcns::d11222_d11222.002::JRClust::3,PAIRED_CRCNS_HC1::paired_crcns::d11222_d11222.002,PAIRED_CRCNS_HC1,0.07323568575233022,0.14561529457569122,0.072379608823361
main,fmiss,cluster_source_fullctx_lightgbm,cluster_source_stack,lightgbm,PAIRED_CRCNS_HC1::paired_crcns::d11222_d11222.002::KiloSort2::10,PAIRED_CRCNS_HC1::paired_crcns::d11222_d11222.002,PAIRED_CRCNS_HC1,0.5339547270306259,0.06366733461618423,0.4702873924144416
main,fmiss,cluster_source_fullctx_lightgbm,cluster_source_stack,lightgbm,PAIRED_CRCNS_HC1::paired_crcns::d11222_d11222.002::KiloSort::1,PAIRED_CRCNS_HC1::paired_crcns::d11222_d11222.002,PAIRED_CRCNS_HC1,0.03595206391478029,0.07680021226406097,0.04084814834928068
main,fmiss,cluster_source_fullctx_lightgbm,cluster_source_stack,lightgbm,PAIRED_CRCNS_HC1::paired_crcns::d11222_d11222.002::Klusta::2,PAIRED_CRCNS_HC1::paired_crcns::d11222_d11222.002,PAIRED_CRCNS_HC1,0.022636484687083888,0.0945415198802948,0.07190503519321091
main,fmiss,cluster_source_fullctx_lightgbm,cluster_source_stack,lightgbm,PAIRED_CRCNS_HC1::paired_crcns::d11222_d11222.002::MountainSort4::4,PAIRED_CRCNS_HC1::paired_crcns::d11222_d11222.002,PAIRED_CRCNS_HC1,0.20372836218375498,0.06399009376764297,0.139738268416112
main,fmiss,cluster_source_fullctx_lightgbm,cluster_source_stack,lightgbm,PAIRED_CRCNS_HC1::paired_crcns::d11222_d11222.002::SpykingCircus::4,PAIRED_CRCNS_HC1::paired_crcns::d11222_d11222.002,PAIRED_CRCNS_HC1,0.1151797603195739,0.13644050061702728,0.02126074029745338
main,fmiss,cluster_source_fullctx_lightgbm,cluster_source_stack,lightgbm,PAIRED_CRCNS_HC1::paired_crcns::d11222_d11222.002::Tridesclous::0,PAIRED_CRCNS_HC1::paired_crcns::d11222_d11222.002,PAIRED_CRCNS_HC1,0.014647137150466045,0.09290442615747452,0.07825728900700847
main,fmiss,cluster_source_fullctx_lightgbm,cluster_source_stack,lightgbm,PAIRED_ENGLISH::paired_english::m139_200114_191955::KiloSort2::25,PAIRED_ENGLISH::paired_english::m139_200114_191955,PAIRED_ENGLISH,0.8107276747092185,0.3594646155834198,0.45126305912579867
main,fmiss,cluster_source_fullctx_lightgbm,cluster_source_stack,lightgbm,PAIRED_ENGLISH::paired_english::m139_200114_191955::MountainSort4::36,PAIRED_ENGLISH::paired_english::m139_200114_191955,PAIRED_ENGLISH,0.6701912909737576,0.3144799470901489,0.3557113438836087
main,fmiss,cluster_source_fullctx_lightgbm,cluster_source_stack,lightgbm,PAIRED_ENGLISH::paired_english::m139_200114_191955::SpykingCircus::42,PAIRED_ENGLISH::paired_english::m139_200114_191955,PAIRED_ENGLISH,0.8063058733057772,0.5961748361587524,0.21013103714702475
main,fmiss,cluster_source_fullctx_lightgbm,cluster_source_stack,lightgbm,PAIRED_ENGLISH::paired_english::m139_200114_222743::HerdingSpikes2::5,PAIRED_ENGLISH::paired_english::m139_200114_222743,PAIRED_ENGLISH,0.022052337547780066,0.17898771166801453,0.15693537412023445
main,fmiss,cluster_source_fullctx_lightgbm,cluster_source_stack,lightgbm,PAIRED_ENGLISH::paired_english::m139_200114_222743::IronClust::17,PAIRED_ENGLISH::paired_english::m139_200114_222743,PAIRED_ENGLISH,0.01587768303440165,0.20812451839447021,0.19224683536006856
main,fmiss,cluster_source_fullctx_lightgbm,cluster_source_stack,lightgbm,PAIRED_ENGLISH::paired_english::m139_200114_222743::KiloSort2::26,PAIRED_ENGLISH::paired_english::m139_200114_222743,PAIRED_ENGLISH,0.002940311673037342,0.27609983086586,0.27315951919282266
main,fmiss,cluster_source_fullctx_lightgbm,cluster_source_stack,lightgbm,PAIRED_ENGLISH::paired_english::m139_200114_222743::KiloSort::88,PAIRED_ENGLISH::paired_english::m139_200114_222743,PAIRED_ENGLISH,0.006174654513378418,0.17441654205322266,0.16824188753984423
main,fmiss,cluster_source_fullctx_lightgbm,cluster_source_stack,lightgbm,PAIRED_ENGLISH::paired_english::m139_200114_222743::MountainSort4::46,PAIRED_ENGLISH::paired_english::m139_200114_222743,PAIRED_ENGLISH,0.00911496618641576,0.24862684309482574,0.23951187690840997
main,fmiss,cluster_source_fullctx_lightgbm,cluster_source_stack,lightgbm,PAIRED_ENGLISH::paired_english::m139_200114_222743::SpykingCircus::44,PAIRED_ENGLISH::paired_english::m139_200114_222743,PAIRED_ENGLISH,0.0020582181711261394,0.21454954147338867,0.21249132330226253
main,fmiss,cluster_source_fullctx_lightgbm,cluster_source_stack,lightgbm,PAIRED_ENGLISH::paired_english::m139_200114_222743::Tridesclous::1,PAIRED_ENGLISH::paired_english::m139_200114_222743,PAIRED_ENGLISH,0.004998529844163481,0.15897291898727417,0.15397438914311068
main,fmiss,cluster_source_fullctx_lightgbm,cluster_source_stack,lightgbm,PAIRED_ENGLISH::paired_english::m14_190326_155432::IronClust::22,PAIRED_ENGLISH::paired_english::m14_190326_155432,PAIRED_ENGLISH,0.13721413721413722,0.20772184431552887,0.07050770710139165
main,fmiss,cluster_source_fullctx_lightgbm,cluster_source_stack,lightgbm,PAIRED_ENGLISH::paired_english::m14_190326_155432::MountainSort4::33,PAIRED_ENGLISH::paired_english::m14_190326_155432,PAIRED_ENGLISH,0.09147609147609148,0.16357441246509552,0.07209832098900404
main,fmiss,cluster_source_fullctx_lightgbm,cluster_source_stack,lightgbm,PAIRED_ENGLISH::paired_english::m14_190326_155432::SpykingCircus::38,PAIRED_ENGLISH::paired_english::m14_190326_155432,PAIRED_ENGLISH,0.079002079002079,0.35895997285842896,0.27995789385634995
main,fmiss,cluster_source_fullctx_lightgbm,cluster_source_stack,lightgbm,PAIRED_ENGLISH::paired_english::m15_190315_142052_cell1::IronClust::40,PAIRED_ENGLISH::paired_english::m15_190315_142052_cell1,PAIRED_ENGLISH,0.24027594305005137,0.173847958445549,0.06642798460450236
main,fmiss,cluster_source_fullctx_lightgbm,cluster_source_stack,lightgbm,PAIRED_ENGLISH::paired_english::m15_190315_142052_cell1::KiloSort2::48,PAIRED_ENGLISH::paired_english::m15_190315_142052_cell1,PAIRED_ENGLISH,0.3173345075590782,0.24063485860824585,0.07669964895083237
main,fmiss,cluster_source_fullctx_lightgbm,cluster_source_stack,lightgbm,PAIRED_ENGLISH::paired_english::m15_190315_142052_cell1::MountainSort4::62,PAIRED_ENGLISH::paired_english::m15_190315_142052_cell1,PAIRED_ENGLISH,0.5289886980772054,0.3446977734565735,0.1842909246206319
main,fmiss,cluster_source_fullctx_lightgbm,cluster_source_stack,lightgbm,PAIRED_ENGLISH::paired_english::m15_190315_142052_cell1::MountainSort4::64,PAIRED_ENGLISH::paired_english::m15_190315_142052_cell1,PAIRED_ENGLISH,0.6713635696462645,0.3500700294971466,0.32129354014911793
main,fmiss,cluster_source_fullctx_lightgbm,cluster_source_stack,lightgbm,PAIRED_ENGLISH::paired_english::m15_190315_142052_cell1::SpykingCircus::22,PAIRED_ENGLISH::paired_english::m15_190315_142052_cell1,PAIRED_ENGLISH,0.35975341259357113,0.35868385434150696,0.0010695582520641733
main,fmiss,cluster_source_fullctx_lightgbm,cluster_source_stack,lightgbm,PAIRED_ENGLISH::paired_english::m15_190315_142052_cell1::SpykingCircus::57,PAIRED_ENGLISH::paired_english::m15_190315_142052_cell1,PAIRED_ENGLISH,0.8711287244972846,0.477702796459198,0.3934259280380866
main,fmiss,cluster_source_fullctx_lightgbm,cluster_source_stack,lightgbm,PAIRED_ENGLISH::paired_english::m15_190315_152315_cell1::IronClust::35,PAIRED_ENGLISH::paired_english::m15_190315_152315_cell1,PAIRED_ENGLISH,0.04922936853742602,0.18565784394741058,0.13642847540998457
main,fmiss,cluster_source_fullctx_lightgbm,cluster_source_stack,lightgbm,PAIRED_ENGLISH::paired_english::m15_190315_152315_cell1::KiloSort2::37,PAIRED_ENGLISH::paired_english::m15_190315_152315_cell1,PAIRED_ENGLISH,0.0014307082005592768,0.16878989338874817,0.1673591851881889
main,fmiss,cluster_source_fullctx_lightgbm,cluster_source_stack,lightgbm,PAIRED_ENGLISH::paired_english::m15_190315_152315_cell1::KiloSort::1,PAIRED_ENGLISH::paired_english::m15_190315_152315_cell1,PAIRED_ENGLISH,0.003901931456070755,0.1868964284658432,0.18299449700977244
main,fmiss,cluster_source_fullctx_lightgbm,cluster_source_stack,lightgbm,PAIRED_ENGLISH::paired_english::m15_190315_152315_cell1::MountainSort4::72,PAIRED_ENGLISH::paired_english::m15_190315_152315_cell1,PAIRED_ENGLISH,0.03479222214996423,0.24827457964420319,0.21348235749423894
main,fmiss,cluster_source_fullctx_lightgbm,cluster_source_stack,lightgbm,PAIRED_ENGLISH::paired_english::m15_190315_152315_cell1::SpykingCircus::46,PAIRED_ENGLISH::paired_english::m15_190315_152315_cell1,PAIRED_ENGLISH,0.0018859335371008649,0.2060324102640152,0.20414647672691433
main,fmiss,cluster_source_fullctx_lightgbm,cluster_source_stack,lightgbm,PAIRED_ENGLISH::paired_english::m15_190315_152315_cell1::Tridesclous::0,PAIRED_ENGLISH::paired_english::m15_190315_152315_cell1,PAIRED_ENGLISH,0.2026403069519412,0.07139044255018234,0.13124986440175887
main,fmiss,cluster_source_fullctx_lightgbm,cluster_source_stack,lightgbm,PAIRED_ENGLISH::paired_english::m26_190524_100859_cell1::KiloSort2::0,PAIRED_ENGLISH::paired_english::m26_190524_100859_cell1,PAIRED_ENGLISH,0.3453815261044177,0.16123425960540771,0.18414726649900998
main,fmiss,cluster_source_fullctx_lightgbm,cluster_source_stack,lightgbm,PAIRED_ENGLISH::paired_english::m26_190524_100859_cell1::KiloSort::19,PAIRED_ENGLISH::paired_english::m26_190524_100859_cell1,PAIRED_ENGLISH,0.5522088353413654,0.11930093169212341,0.43290790364924203
main,fmiss,cluster_source_fullctx_lightgbm,cluster_source_stack,lightgbm,PAIRED_ENGLISH::paired_english::m26_190524_100859_cell1::KiloSort::8,PAIRED_ENGLISH::paired_english::m26_190524_100859_cell1,PAIRED_ENGLISH,0.7610441767068273,0.08392482250928879,0.6771193541975385
main,fmiss,cluster_source_fullctx_lightgbm,cluster_source_stack,lightgbm,PAIRED_ENGLISH::paired_english::m57_191105_141906::IronClust::6,PAIRED_ENGLISH::paired_english::m57_191105_141906,PAIRED_ENGLISH,0.12826603325415678,0.30549654364585876,0.17723051039170198
main,fmiss,cluster_source_fullctx_lightgbm,cluster_source_stack,lightgbm,PAIRED_ENGLISH::paired_english::m57_191105_141906::KiloSort::47,PAIRED_ENGLISH::paired_english::m57_191105_141906,PAIRED_ENGLISH,0.04829770387965162,0.1336643248796463,0.08536662099999467
main,fmiss,cluster_source_fullctx_lightgbm,cluster_source_stack,lightgbm,PAIRED_ENGLISH::paired_english::m57_191105_141906::MountainSort4::21,PAIRED_ENGLISH::paired_english::m57_191105_141906,PAIRED_ENGLISH,0.1187648456057007,0.14644157886505127,0.027676733259350564
main,fmiss,cluster_source_fullctx_lightgbm,cluster_source_stack,lightgbm,PAIRED_ENGLISH::paired_english::m57_191105_141906::MountainSort4::57,PAIRED_ENGLISH::paired_english::m57_191105_141906,PAIRED_ENGLISH,0.5399841646872525,0.5328418612480164,0.007142303439236164
main,fmiss,cluster_source_fullctx_lightgbm,cluster_source_stack,lightgbm,PAIRED_ENGLISH::paired_english::m57_191105_141906::SpykingCircus::12,PAIRED_ENGLISH::paired_english::m57_191105_141906,PAIRED_ENGLISH,0.5859065716547902,0.6330332159996033,0.04712664434481306
main,fmiss,cluster_source_fullctx_lightgbm,cluster_source_stack,lightgbm,PAIRED_ENGLISH::paired_english::m57_191105_141906::SpykingCircus::30,PAIRED_ENGLISH::paired_english::m57_191105_141906,PAIRED_ENGLISH,0.46872525732383213,0.22942611575126648,0.23929914157256565
main,fmiss,cluster_source_fullctx_lightgbm,cluster_source_stack,lightgbm,PAIRED_ENGLISH::paired_english::m57_191105_160026::HerdingSpikes2::1,PAIRED_ENGLISH::paired_english::m57_191105_160026,PAIRED_ENGLISH,0.7557251908396947,0.30437278747558594,0.45135240336410876
main,fmiss,cluster_source_fullctx_lightgbm,cluster_source_stack,lightgbm,PAIRED_ENGLISH::paired_english::m57_191105_160026::IronClust::2,PAIRED_ENGLISH::paired_english::m57_191105_160026,PAIRED_ENGLISH,0.7206106870229008,0.6156736016273499,0.10493708539555091
main,fmiss,cluster_source_fullctx_lightgbm,cluster_source_stack,lightgbm,PAIRED_ENGLISH::paired_english::m57_191105_160026::IronClust::3,PAIRED_ENGLISH::paired_english::m57_191105_160026,PAIRED_ENGLISH,0.5629770992366412,0.5722241997718811,0.009247100535239916
main,fmiss,cluster_source_fullctx_lightgbm,cluster_source_stack,lightgbm,PAIRED_ENGLISH::paired_english::m57_191105_160026::KiloSort::127,PAIRED_ENGLISH::paired_english::m57_191105_160026,PAIRED_ENGLISH,0.7213740458015268,0.5920122265815735,0.12936181921995327
main,fmiss,cluster_source_fullctx_lightgbm,cluster_source_stack,lightgbm,PAIRED_ENGLISH::paired_english::m57_191105_160026::KiloSort::6,PAIRED_ENGLISH::paired_english::m57_191105_160026,PAIRED_ENGLISH,0.5885496183206107,0.6257214546203613,0.03717183629975063
main,fmiss,cluster_source_fullctx_lightgbm,cluster_source_stack,lightgbm,PAIRED_ENGLISH::paired_english::m57_191105_160026::MountainSort4::23,PAIRED_ENGLISH::paired_english::m57_191105_160026,PAIRED_ENGLISH,0.8603053435114504,0.6224806904792786,0.23782465303217182
main,fmiss,cluster_source_fullctx_lightgbm,cluster_source_stack,lightgbm,PAIRED_ENGLISH::paired_english::m57_191105_160026::MountainSort4::25,PAIRED_ENGLISH::paired_english::m57_191105_160026,PAIRED_ENGLISH,0.5545801526717558,0.44911664724349976,0.105463505428256
main,fmiss,cluster_source_fullctx_lightgbm,cluster_source_stack,lightgbm,PAIRED_ENGLISH::paired_english::m57_191105_160026::SpykingCircus::2,PAIRED_ENGLISH::paired_english::m57_191105_160026,PAIRED_ENGLISH,0.7709923664122137,0.4786405861377716,0.2923517802744421
main,fmiss,cluster_source_fullctx_lightgbm,cluster_source_stack,lightgbm,PAIRED_ENGLISH::paired_english::m57_191105_160026::SpykingCircus::4,PAIRED_ENGLISH::paired_english::m57_191105_160026,PAIRED_ENGLISH,0.5625954198473282,0.6087185740470886,0.04612315419976043
main,fmiss,cluster_source_fullctx_lightgbm,cluster_source_stack,lightgbm,PAIRED_ENGLISH::paired_english::m57_191105_160026::Tridesclous::0,PAIRED_ENGLISH::paired_english::m57_191105_160026,PAIRED_ENGLISH,0.7061068702290076,0.0886516347527504,0.6174552354762572
main,fmiss,cluster_source_fullctx_lightgbm,cluster_source_stack,lightgbm,PAIRED_KAMPFF::paired_kampff::c14::HerdingSpikes2::6,PAIRED_KAMPFF::paired_kampff::c14,PAIRED_KAMPFF,0.35151068533529845,0.6448151469230652,0.29330446158776674
main,fmiss,cluster_source_fullctx_lightgbm,cluster_source_stack,lightgbm,PAIRED_KAMPFF::paired_kampff::c14::IronClust::22,PAIRED_KAMPFF::paired_kampff::c14,PAIRED_KAMPFF,0.25036845983787764,0.5413158535957336,0.290947393757856
main,fmiss,cluster_source_fullctx_lightgbm,cluster_source_stack,lightgbm,PAIRED_KAMPFF::paired_kampff::c14::KiloSort2::37,PAIRED_KAMPFF::paired_kampff::c14,PAIRED_KAMPFF,0.14296241709653648,0.5660712718963623,0.42310885479982585
main,fmiss,cluster_source_fullctx_lightgbm,cluster_source_stack,lightgbm,PAIRED_KAMPFF::paired_kampff::c14::MountainSort4::42,PAIRED_KAMPFF::paired_kampff::c14,PAIRED_KAMPFF,0.32221812822402357,0.4921053647994995,0.16988723657547594
main,fmiss,cluster_source_fullctx_lightgbm,cluster_source_stack,lightgbm,PAIRED_KAMPFF::paired_kampff::c14::SpykingCircus::14,PAIRED_KAMPFF::paired_kampff::c14,PAIRED_KAMPFF,0.21868091378039795,0.5382492542266846,0.3195683404462866
main,fmiss,cluster_source_fullctx_lightgbm,cluster_source_stack,lightgbm,PAIRED_KAMPFF::paired_kampff::c14::Tridesclous::8,PAIRED_KAMPFF::paired_kampff::c14,PAIRED_KAMPFF,0.20910095799557848,0.20417773723602295,0.0049232207595555355
main,fmiss,cluster_source_fullctx_lightgbm,cluster_source_stack,lightgbm,PAIRED_MEA64C_YGER::paired_mea64c::20170622_patch1::HerdingSpikes2::19,PAIRED_MEA64C_YGER::paired_mea64c::20170622_patch1,PAIRED_MEA64C_YGER,0.8533362695441533,0.7060437202453613,0.14729254929879199
main,fmiss,cluster_source_fullctx_lightgbm,cluster_source_stack,lightgbm,PAIRED_MEA64C_YGER::paired_mea64c::20170622_patch1::HerdingSpikes2::7,PAIRED_MEA64C_YGER::paired_mea64c::20170622_patch1,PAIRED_MEA64C_YGER,0.18343977097555605,0.30584609508514404,0.12240632410958799
main,fmiss,cluster_source_fullctx_lightgbm,cluster_source_stack,lightgbm,PAIRED_MEA64C_YGER::paired_mea64c::20170622_patch1::IronClust::8,PAIRED_MEA64C_YGER::paired_mea64c::20170622_patch1,PAIRED_MEA64C_YGER,0.027747192248403437,0.03660278767347336,0.008855595425069921
main,fmiss,cluster_source_fullctx_lightgbm,cluster_source_stack,lightgbm,PAIRED_MEA64C_YGER::paired_mea64c::20170622_patch1::KiloSort2::23,PAIRED_MEA64C_YGER::paired_mea64c::20170622_patch1,PAIRED_MEA64C_YGER,0.0008808632459810614,0.1881732940673828,0.18729243082140176
main,fmiss,cluster_source_fullctx_lightgbm,cluster_source_stack,lightgbm,PAIRED_MEA64C_YGER::paired_mea64c::20170622_patch1::KiloSort::64,PAIRED_MEA64C_YGER::paired_mea64c::20170622_patch1,PAIRED_MEA64C_YGER,0.03457388240475666,0.15265773236751556,0.1180838499627589
main,fmiss,cluster_source_fullctx_lightgbm,cluster_source_stack,lightgbm,PAIRED_MEA64C_YGER::paired_mea64c::20170622_patch1::Klusta::4,PAIRED_MEA64C_YGER::paired_mea64c::20170622_patch1,PAIRED_MEA64C_YGER,0.17441092270425015,0.16464123129844666,0.009769691405803499
main,fmiss,cluster_source_fullctx_lightgbm,cluster_source_stack,lightgbm,PAIRED_MEA64C_YGER::paired_mea64c::20170622_patch1::MountainSort4::43,PAIRED_MEA64C_YGER::paired_mea64c::20170622_patch1,PAIRED_MEA64C_YGER,0.02510460251046025,0.11346195638179779,0.08835735387133754
main,fmiss,cluster_source_fullctx_lightgbm,cluster_source_stack,lightgbm,PAIRED_MEA64C_YGER::paired_mea64c::20170622_patch1::SpykingCircus::18,PAIRED_MEA64C_YGER::paired_mea64c::20170622_patch1,PAIRED_MEA64C_YGER,0.0028628055494384495,0.11452394723892212,0.11166114168948367
main,fmiss,cluster_source_fullctx_lightgbm,cluster_source_stack,lightgbm,PAIRED_MEA64C_YGER::paired_mea64c::20170622_patch1::Tridesclous::12,PAIRED_MEA64C_YGER::paired_mea64c::20170622_patch1,PAIRED_MEA64C_YGER,0.026425897379431844,0.10581035912036896,0.0793844617409371
main,fmiss,cluster_source_fullctx_lightgbm,cluster_source_stack,lightgbm,PAIRED_MEA64C_YGER::paired_mea64c::20170622_patch2::HerdingSpikes2::16,PAIRED_MEA64C_YGER::paired_mea64c::20170622_patch2,PAIRED_MEA64C_YGER,0.6606015595989603,0.4584793746471405,0.20212218495181977
main,fmiss,cluster_source_fullctx_lightgbm,cluster_source_stack,lightgbm,PAIRED_MEA64C_YGER::paired_mea64c::20170622_patch2::HerdingSpikes2::44,PAIRED_MEA64C_YGER::paired_mea64c::20170622_patch2,PAIRED_MEA64C_YGER,0.8756034162643892,0.4169195890426636,0.4586838272217256
main,fmiss,cluster_source_fullctx_lightgbm,cluster_source_stack,lightgbm,PAIRED_MEA64C_YGER::paired_mea64c::20170622_patch2::HerdingSpikes2::5,PAIRED_MEA64C_YGER::paired_mea64c::20170622_patch2,PAIRED_MEA64C_YGER,0.008169327887114742,0.029598955065011978,0.02142962717789724
main,fmiss,cluster_source_fullctx_lightgbm,cluster_source_stack,lightgbm,PAIRED_MEA64C_YGER::paired_mea64c::20170622_patch2::IronClust::11,PAIRED_MEA64C_YGER::paired_mea64c::20170622_patch2,PAIRED_MEA64C_YGER,0.0003713330857779428,0.013335859403014183,0.01296452631723624
main,fmiss,cluster_source_fullctx_lightgbm,cluster_source_stack,lightgbm,PAIRED_MEA64C_YGER::paired_mea64c::20170622_patch2::JRClust::31,PAIRED_MEA64C_YGER::paired_mea64c::20170622_patch2,PAIRED_MEA64C_YGER,0.0029706646862235424,0.018444571644067764,0.015473906957844221
main,fmiss,cluster_source_fullctx_lightgbm,cluster_source_stack,lightgbm,PAIRED_MEA64C_YGER::paired_mea64c::20170622_patch2::KiloSort2::33,PAIRED_MEA64C_YGER::paired_mea64c::20170622_patch2,PAIRED_MEA64C_YGER,0.0011139992573338284,0.014226578176021576,0.013112578918687747
main,fmiss,cluster_source_fullctx_lightgbm,cluster_source_stack,lightgbm,PAIRED_MEA64C_YGER::paired_mea64c::20170622_patch2::KiloSort::5,PAIRED_MEA64C_YGER::paired_mea64c::20170622_patch2,PAIRED_MEA64C_YGER,0.0014853323431117712,0.00974120944738388,0.00825587710427211
main,fmiss,cluster_source_fullctx_lightgbm,cluster_source_stack,lightgbm,PAIRED_MEA64C_YGER::paired_mea64c::20170622_patch2::Klusta::14,PAIRED_MEA64C_YGER::paired_mea64c::20170622_patch2,PAIRED_MEA64C_YGER,0.15893056071295952,0.020506825298070908,0.13842373541488862
main,fmiss,cluster_source_fullctx_lightgbm,cluster_source_stack,lightgbm,PAIRED_MEA64C_YGER::paired_mea64c::20170622_patch2::MountainSort4::31,PAIRED_MEA64C_YGER::paired_mea64c::20170622_patch2,PAIRED_MEA64C_YGER,0.0003713330857779428,0.004418791737407446,0.004047458651629503
main,fmiss,cluster_source_fullctx_lightgbm,cluster_source_stack,lightgbm,PAIRED_MEA64C_YGER::paired_mea64c::20170622_patch2::SpykingCircus::17,PAIRED_MEA64C_YGER::paired_mea64c::20170622_patch2,PAIRED_MEA64C_YGER,0.0003713330857779428,0.0176783986389637,0.017307065553185758
main,fmiss,cluster_source_fullctx_lightgbm,cluster_source_stack,lightgbm,PAIRED_MEA64C_YGER::paired_mea64c::20170622_patch2::Tridesclous::0,PAIRED_MEA64C_YGER::paired_mea64c::20170622_patch2,PAIRED_MEA64C_YGER,0.0003713330857779428,0.01972212828695774,0.0193507952011798
main,fmiss,contextual_paired_only_lightgbm,baseline,lightgbm,PAIRED_BOYDEN::paired_boyden32c::1103_1_1::IronClust::4,PAIRED_BOYDEN::paired_boyden32c::1103_1_1,PAIRED_BOYDEN,0.1661807580174927,0.17097550630569458,0.004794748288201867
main,fmiss,contextual_paired_only_lightgbm,baseline,lightgbm,PAIRED_BOYDEN::paired_boyden32c::1103_1_1::JRClust::18,PAIRED_BOYDEN::paired_boyden32c::1103_1_1,PAIRED_BOYDEN,0.08551992225461613,0.1753777265548706,0.08985780430025447
main,fmiss,contextual_paired_only_lightgbm,baseline,lightgbm,PAIRED_BOYDEN::paired_boyden32c::1103_1_1::KiloSort2::33,PAIRED_BOYDEN::paired_boyden32c::1103_1_1,PAIRED_BOYDEN,0.42857142857142855,0.22633787989616394,0.2022335486752646
main,fmiss,contextual_paired_only_lightgbm,baseline,lightgbm,PAIRED_BOYDEN::paired_boyden32c::1103_1_1::KiloSort2::55,PAIRED_BOYDEN::paired_boyden32c::1103_1_1,PAIRED_BOYDEN,0.8328474246841594,0.48748666048049927,0.34536076420366013
main,fmiss,contextual_paired_only_lightgbm,baseline,lightgbm,PAIRED_BOYDEN::paired_boyden32c::1103_1_1::KiloSort2::60,PAIRED_BOYDEN::paired_boyden32c::1103_1_1,PAIRED_BOYDEN,0.7580174927113703,0.33947455883026123,0.4185429338811091
main,fmiss,contextual_paired_only_lightgbm,baseline,lightgbm,PAIRED_BOYDEN::paired_boyden32c::1103_1_1::KiloSort::111,PAIRED_BOYDEN::paired_boyden32c::1103_1_1,PAIRED_BOYDEN,0.04081632653061224,0.1302623152732849,0.08944598874267268
main,fmiss,contextual_paired_only_lightgbm,baseline,lightgbm,PAIRED_BOYDEN::paired_boyden32c::1103_1_1::Klusta::12,PAIRED_BOYDEN::paired_boyden32c::1103_1_1,PAIRED_BOYDEN,0.17881438289601556,0.13666830956935883,0.042146073326656736
main,fmiss,contextual_paired_only_lightgbm,baseline,lightgbm,PAIRED_BOYDEN::paired_boyden32c::1103_1_1::MountainSort4::26,PAIRED_BOYDEN::paired_boyden32c::1103_1_1,PAIRED_BOYDEN,0.03595724003887269,0.12572680413722992,0.08976956409835724
main,fmiss,contextual_paired_only_lightgbm,baseline,lightgbm,PAIRED_BOYDEN::paired_boyden32c::1103_1_1::SpykingCircus::27,PAIRED_BOYDEN::paired_boyden32c::1103_1_1,PAIRED_BOYDEN,0.07482993197278912,0.18994492292404175,0.11511499095125263
main,fmiss,contextual_paired_only_lightgbm,baseline,lightgbm,PAIRED_BOYDEN::paired_boyden32c::1103_1_1::Tridesclous::3,PAIRED_BOYDEN::paired_boyden32c::1103_1_1,PAIRED_BOYDEN,0.11273080660835763,0.0831887274980545,0.029542079110303127
main,fmiss,contextual_paired_only_lightgbm,baseline,lightgbm,PAIRED_BOYDEN::paired_boyden32c::419_1_8::IronClust::14,PAIRED_BOYDEN::paired_boyden32c::419_1_8,PAIRED_BOYDEN,0.1489691520694466,0.1287967413663864,0.020172410703060195
main,fmiss,contextual_paired_only_lightgbm,baseline,lightgbm,PAIRED_BOYDEN::paired_boyden32c::419_1_8::IronClust::4,PAIRED_BOYDEN::paired_boyden32c::419_1_8,PAIRED_BOYDEN,0.3614943419624864,0.11913175135850906,0.24236259060397736
main,fmiss,contextual_paired_only_lightgbm,baseline,lightgbm,PAIRED_BOYDEN::paired_boyden32c::419_1_8::JRClust::24,PAIRED_BOYDEN::paired_boyden32c::419_1_8,PAIRED_BOYDEN,0.14617888699426446,0.15534847974777222,0.00916959275350776
main,fmiss,contextual_paired_only_lightgbm,baseline,lightgbm,PAIRED_BOYDEN::paired_boyden32c::419_1_8::JRClust::8,PAIRED_BOYDEN::paired_boyden32c::419_1_8,PAIRED_BOYDEN,0.7484110990544102,0.4623754620552063,0.28603563699920387
main,fmiss,contextual_paired_only_lightgbm,baseline,lightgbm,PAIRED_BOYDEN::paired_boyden32c::419_1_8::KiloSort2::27,PAIRED_BOYDEN::paired_boyden32c::419_1_8,PAIRED_BOYDEN,0.06696636180437142,0.11888188123703003,0.05191551943265861
main,fmiss,contextual_paired_only_lightgbm,baseline,lightgbm,PAIRED_BOYDEN::paired_boyden32c::419_1_8::KiloSort2::46,PAIRED_BOYDEN::paired_boyden32c::419_1_8,PAIRED_BOYDEN,0.11424585335606882,0.14159277081489563,0.027346917458826808
main,fmiss,contextual_paired_only_lightgbm,baseline,lightgbm,PAIRED_BOYDEN::paired_boyden32c::419_1_8::KiloSort::17,PAIRED_BOYDEN::paired_boyden32c::419_1_8,PAIRED_BOYDEN,0.13067741435436367,0.12497992813587189,0.005697486218491782
main,fmiss,contextual_paired_only_lightgbm,baseline,lightgbm,PAIRED_BOYDEN::paired_boyden32c::419_1_8::MountainSort4::42,PAIRED_BOYDEN::paired_boyden32c::419_1_8,PAIRED_BOYDEN,0.12261664858161525,0.07741227000951767,0.04520437857209758
main,fmiss,contextual_paired_only_lightgbm,baseline,lightgbm,PAIRED_BOYDEN::paired_boyden32c::419_1_8::SpykingCircus::24,PAIRED_BOYDEN::paired_boyden32c::419_1_8,PAIRED_BOYDEN,0.8012711207564719,0.5557400584220886,0.24553106233438327
main,fmiss,contextual_paired_only_lightgbm,baseline,lightgbm,PAIRED_BOYDEN::paired_boyden32c::419_1_8::SpykingCircus::28,PAIRED_BOYDEN::paired_boyden32c::419_1_8,PAIRED_BOYDEN,0.12416679584560533,0.12191836535930634,0.0022484304862989968
main,fmiss,contextual_paired_only_lightgbm,baseline,lightgbm,PAIRED_BOYDEN::paired_boyden32c::419_1_8::Tridesclous::0,PAIRED_BOYDEN::paired_boyden32c::419_1_8,PAIRED_BOYDEN,0.14447372500387537,0.034310635179281235,0.11016308982459413
main,fmiss,contextual_paired_only_lightgbm,baseline,lightgbm,PAIRED_CRCNS_HC1::paired_crcns::d11221_d11221.001::SpykingCircus::6,PAIRED_CRCNS_HC1::paired_crcns::d11221_d11221.001,PAIRED_CRCNS_HC1,0.2845528455284553,0.6666783690452576,0.3821255235168023
main,fmiss,contextual_paired_only_lightgbm,baseline,lightgbm,PAIRED_CRCNS_HC1::paired_crcns::d11222_d11222.002::IronClust::2,PAIRED_CRCNS_HC1::paired_crcns::d11222_d11222.002,PAIRED_CRCNS_HC1,0.017310252996005325,0.09776639193296432,0.08045613893695899
main,fmiss,contextual_paired_only_lightgbm,baseline,lightgbm,PAIRED_CRCNS_HC1::paired_crcns::d11222_d11222.002::JRClust::3,PAIRED_CRCNS_HC1::paired_crcns::d11222_d11222.002,PAIRED_CRCNS_HC1,0.07323568575233022,0.110316202044487,0.03708051629215678
main,fmiss,contextual_paired_only_lightgbm,baseline,lightgbm,PAIRED_CRCNS_HC1::paired_crcns::d11222_d11222.002::KiloSort2::10,PAIRED_CRCNS_HC1::paired_crcns::d11222_d11222.002,PAIRED_CRCNS_HC1,0.5339547270306259,0.055386755615472794,0.47856797141515306
main,fmiss,contextual_paired_only_lightgbm,baseline,lightgbm,PAIRED_CRCNS_HC1::paired_crcns::d11222_d11222.002::KiloSort::1,PAIRED_CRCNS_HC1::paired_crcns::d11222_d11222.002,PAIRED_CRCNS_HC1,0.03595206391478029,0.07926468551158905,0.04331262159680876
main,fmiss,contextual_paired_only_lightgbm,baseline,lightgbm,PAIRED_CRCNS_HC1::paired_crcns::d11222_d11222.002::Klusta::2,PAIRED_CRCNS_HC1::paired_crcns::d11222_d11222.002,PAIRED_CRCNS_HC1,0.022636484687083888,0.07323925197124481,0.050602767284160924
main,fmiss,contextual_paired_only_lightgbm,baseline,lightgbm,PAIRED_CRCNS_HC1::paired_crcns::d11222_d11222.002::MountainSort4::4,PAIRED_CRCNS_HC1::paired_crcns::d11222_d11222.002,PAIRED_CRCNS_HC1,0.20372836218375498,0.054231908172369,0.14949645401138598
main,fmiss,contextual_paired_only_lightgbm,baseline,lightgbm,PAIRED_CRCNS_HC1::paired_crcns::d11222_d11222.002::SpykingCircus::4,PAIRED_CRCNS_HC1::paired_crcns::d11222_d11222.002,PAIRED_CRCNS_HC1,0.1151797603195739,0.12470404803752899,0.00952428771795509
main,fmiss,contextual_paired_only_lightgbm,baseline,lightgbm,PAIRED_CRCNS_HC1::paired_crcns::d11222_d11222.002::Tridesclous::0,PAIRED_CRCNS_HC1::paired_crcns::d11222_d11222.002,PAIRED_CRCNS_HC1,0.014647137150466045,0.06407412141561508,0.049426984265149035
main,fmiss,contextual_paired_only_lightgbm,baseline,lightgbm,PAIRED_ENGLISH::paired_english::m139_200114_191955::KiloSort2::25,PAIRED_ENGLISH::paired_english::m139_200114_191955,PAIRED_ENGLISH,0.8107276747092185,0.43005192279815674,0.38067575191106173
main,fmiss,contextual_paired_only_lightgbm,baseline,lightgbm,PAIRED_ENGLISH::paired_english::m139_200114_191955::MountainSort4::36,PAIRED_ENGLISH::paired_english::m139_200114_191955,PAIRED_ENGLISH,0.6701912909737576,0.3060488700866699,0.3641424208870877
main,fmiss,contextual_paired_only_lightgbm,baseline,lightgbm,PAIRED_ENGLISH::paired_english::m139_200114_191955::SpykingCircus::42,PAIRED_ENGLISH::paired_english::m139_200114_191955,PAIRED_ENGLISH,0.8063058733057772,0.5918475389480591,0.2144583343577181
main,fmiss,contextual_paired_only_lightgbm,baseline,lightgbm,PAIRED_ENGLISH::paired_english::m139_200114_222743::HerdingSpikes2::5,PAIRED_ENGLISH::paired_english::m139_200114_222743,PAIRED_ENGLISH,0.022052337547780066,0.16061994433403015,0.13856760678625007
main,fmiss,contextual_paired_only_lightgbm,baseline,lightgbm,PAIRED_ENGLISH::paired_english::m139_200114_222743::IronClust::17,PAIRED_ENGLISH::paired_english::m139_200114_222743,PAIRED_ENGLISH,0.01587768303440165,0.18940569460391998,0.17352801156951833
main,fmiss,contextual_paired_only_lightgbm,baseline,lightgbm,PAIRED_ENGLISH::paired_english::m139_200114_222743::KiloSort2::26,PAIRED_ENGLISH::paired_english::m139_200114_222743,PAIRED_ENGLISH,0.002940311673037342,0.2153158187866211,0.21237550711358374
main,fmiss,contextual_paired_only_lightgbm,baseline,lightgbm,PAIRED_ENGLISH::paired_english::m139_200114_222743::KiloSort::88,PAIRED_ENGLISH::paired_english::m139_200114_222743,PAIRED_ENGLISH,0.006174654513378418,0.1600586324930191,0.15388397797964068
main,fmiss,contextual_paired_only_lightgbm,baseline,lightgbm,PAIRED_ENGLISH::paired_english::m139_200114_222743::MountainSort4::46,PAIRED_ENGLISH::paired_english::m139_200114_222743,PAIRED_ENGLISH,0.00911496618641576,0.20727531611919403,0.19816034993277826
main,fmiss,contextual_paired_only_lightgbm,baseline,lightgbm,PAIRED_ENGLISH::paired_english::m139_200114_222743::SpykingCircus::44,PAIRED_ENGLISH::paired_english::m139_200114_222743,PAIRED_ENGLISH,0.0020582181711261394,0.17467154562473297,0.17261332745360683
main,fmiss,contextual_paired_only_lightgbm,baseline,lightgbm,PAIRED_ENGLISH::paired_english::m139_200114_222743::Tridesclous::1,PAIRED_ENGLISH::paired_english::m139_200114_222743,PAIRED_ENGLISH,0.004998529844163481,0.20466604828834534,0.19966751844418185
main,fmiss,contextual_paired_only_lightgbm,baseline,lightgbm,PAIRED_ENGLISH::paired_english::m14_190326_155432::IronClust::22,PAIRED_ENGLISH::paired_english::m14_190326_155432,PAIRED_ENGLISH,0.13721413721413722,0.22751440107822418,0.09030026386408696
main,fmiss,contextual_paired_only_lightgbm,baseline,lightgbm,PAIRED_ENGLISH::paired_english::m14_190326_155432::MountainSort4::33,PAIRED_ENGLISH::paired_english::m14_190326_155432,PAIRED_ENGLISH,0.09147609147609148,0.18658971786499023,0.09511362638889875
main,fmiss,contextual_paired_only_lightgbm,baseline,lightgbm,PAIRED_ENGLISH::paired_english::m14_190326_155432::SpykingCircus::38,PAIRED_ENGLISH::paired_english::m14_190326_155432,PAIRED_ENGLISH,0.079002079002079,0.3444121479988098,0.2654100689967308
main,fmiss,contextual_paired_only_lightgbm,baseline,lightgbm,PAIRED_ENGLISH::paired_english::m15_190315_142052_cell1::IronClust::40,PAIRED_ENGLISH::paired_english::m15_190315_142052_cell1,PAIRED_ENGLISH,0.24027594305005137,0.1772049367427826,0.06307100630726878
main,fmiss,contextual_paired_only_lightgbm,baseline,lightgbm,PAIRED_ENGLISH::paired_english::m15_190315_142052_cell1::KiloSort2::48,PAIRED_ENGLISH::paired_english::m15_190315_142052_cell1,PAIRED_ENGLISH,0.3173345075590782,0.21049605309963226,0.10683845445944595
main,fmiss,contextual_paired_only_lightgbm,baseline,lightgbm,PAIRED_ENGLISH::paired_english::m15_190315_142052_cell1::MountainSort4::62,PAIRED_ENGLISH::paired_english::m15_190315_142052_cell1,PAIRED_ENGLISH,0.5289886980772054,0.37466195225715637,0.15432674582004902
main,fmiss,contextual_paired_only_lightgbm,baseline,lightgbm,PAIRED_ENGLISH::paired_english::m15_190315_142052_cell1::MountainSort4::64,PAIRED_ENGLISH::paired_english::m15_190315_142052_cell1,PAIRED_ENGLISH,0.6713635696462645,0.3117945194244385,0.35956905022182606
main,fmiss,contextual_paired_only_lightgbm,baseline,lightgbm,PAIRED_ENGLISH::paired_english::m15_190315_142052_cell1::SpykingCircus::22,PAIRED_ENGLISH::paired_english::m15_190315_142052_cell1,PAIRED_ENGLISH,0.35975341259357113,0.326802134513855,0.03295127807971615
main,fmiss,contextual_paired_only_lightgbm,baseline,lightgbm,PAIRED_ENGLISH::paired_english::m15_190315_142052_cell1::SpykingCircus::57,PAIRED_ENGLISH::paired_english::m15_190315_142052_cell1,PAIRED_ENGLISH,0.8711287244972846,0.43527039885520935,0.4358583256420753
main,fmiss,contextual_paired_only_lightgbm,baseline,lightgbm,PAIRED_ENGLISH::paired_english::m15_190315_152315_cell1::IronClust::35,PAIRED_ENGLISH::paired_english::m15_190315_152315_cell1,PAIRED_ENGLISH,0.04922936853742602,0.1572915017604828,0.10806213322305677
main,fmiss,contextual_paired_only_lightgbm,baseline,lightgbm,PAIRED_ENGLISH::paired_english::m15_190315_152315_cell1::KiloSort2::37,PAIRED_ENGLISH::paired_english::m15_190315_152315_cell1,PAIRED_ENGLISH,0.0014307082005592768,0.1603173017501831,0.15888659354962384
main,fmiss,contextual_paired_only_lightgbm,baseline,lightgbm,PAIRED_ENGLISH::paired_english::m15_190315_152315_cell1::KiloSort::1,PAIRED_ENGLISH::paired_english::m15_190315_152315_cell1,PAIRED_ENGLISH,0.003901931456070755,0.17034268379211426,0.1664407523360435
main,fmiss,contextual_paired_only_lightgbm,baseline,lightgbm,PAIRED_ENGLISH::paired_english::m15_190315_152315_cell1::MountainSort4::72,PAIRED_ENGLISH::paired_english::m15_190315_152315_cell1,PAIRED_ENGLISH,0.03479222214996423,0.2378709316253662,0.20307870947540196
main,fmiss,contextual_paired_only_lightgbm,baseline,lightgbm,PAIRED_ENGLISH::paired_english::m15_190315_152315_cell1::SpykingCircus::46,PAIRED_ENGLISH::paired_english::m15_190315_152315_cell1,PAIRED_ENGLISH,0.0018859335371008649,0.16078844666481018,0.1589025131277093
main,fmiss,contextual_paired_only_lightgbm,baseline,lightgbm,PAIRED_ENGLISH::paired_english::m15_190315_152315_cell1::Tridesclous::0,PAIRED_ENGLISH::paired_english::m15_190315_152315_cell1,PAIRED_ENGLISH,0.2026403069519412,0.06497937440872192,0.1376609325432193
main,fmiss,contextual_paired_only_lightgbm,baseline,lightgbm,PAIRED_ENGLISH::paired_english::m26_190524_100859_cell1::KiloSort2::0,PAIRED_ENGLISH::paired_english::m26_190524_100859_cell1,PAIRED_ENGLISH,0.3453815261044177,0.15305203199386597,0.19232949411055172
main,fmiss,contextual_paired_only_lightgbm,baseline,lightgbm,PAIRED_ENGLISH::paired_english::m26_190524_100859_cell1::KiloSort::19,PAIRED_ENGLISH::paired_english::m26_190524_100859_cell1,PAIRED_ENGLISH,0.5522088353413654,0.1315619945526123,0.42064684078875314
main,fmiss,contextual_paired_only_lightgbm,baseline,lightgbm,PAIRED_ENGLISH::paired_english::m26_190524_100859_cell1::KiloSort::8,PAIRED_ENGLISH::paired_english::m26_190524_100859_cell1,PAIRED_ENGLISH,0.7610441767068273,0.07207885384559631,0.688965322861231
main,fmiss,contextual_paired_only_lightgbm,baseline,lightgbm,PAIRED_ENGLISH::paired_english::m57_191105_141906::IronClust::6,PAIRED_ENGLISH::paired_english::m57_191105_141906,PAIRED_ENGLISH,0.12826603325415678,0.34337565302848816,0.21510961977433138
main,fmiss,contextual_paired_only_lightgbm,baseline,lightgbm,PAIRED_ENGLISH::paired_english::m57_191105_141906::KiloSort::47,PAIRED_ENGLISH::paired_english::m57_191105_141906,PAIRED_ENGLISH,0.04829770387965162,0.1311245709657669,0.08282686708611528
main,fmiss,contextual_paired_only_lightgbm,baseline,lightgbm,PAIRED_ENGLISH::paired_english::m57_191105_141906::MountainSort4::21,PAIRED_ENGLISH::paired_english::m57_191105_141906,PAIRED_ENGLISH,0.1187648456057007,0.1891424059867859,0.07037756038108518
main,fmiss,contextual_paired_only_lightgbm,baseline,lightgbm,PAIRED_ENGLISH::paired_english::m57_191105_141906::MountainSort4::57,PAIRED_ENGLISH::paired_english::m57_191105_141906,PAIRED_ENGLISH,0.5399841646872525,0.5884023904800415,0.04841822579278898
main,fmiss,contextual_paired_only_lightgbm,baseline,lightgbm,PAIRED_ENGLISH::paired_english::m57_191105_141906::SpykingCircus::12,PAIRED_ENGLISH::paired_english::m57_191105_141906,PAIRED_ENGLISH,0.5859065716547902,0.7280402779579163,0.14213370630312605
main,fmiss,contextual_paired_only_lightgbm,baseline,lightgbm,PAIRED_ENGLISH::paired_english::m57_191105_141906::SpykingCircus::30,PAIRED_ENGLISH::paired_english::m57_191105_141906,PAIRED_ENGLISH,0.46872525732383213,0.2804463803768158,0.18827887694701634
main,fmiss,contextual_paired_only_lightgbm,baseline,lightgbm,PAIRED_ENGLISH::paired_english::m57_191105_160026::HerdingSpikes2::1,PAIRED_ENGLISH::paired_english::m57_191105_160026,PAIRED_ENGLISH,0.7557251908396947,0.2728106677532196,0.4829145230864751
main,fmiss,contextual_paired_only_lightgbm,baseline,lightgbm,PAIRED_ENGLISH::paired_english::m57_191105_160026::IronClust::2,PAIRED_ENGLISH::paired_english::m57_191105_160026,PAIRED_ENGLISH,0.7206106870229008,0.5773740410804749,0.1432366459424259
main,fmiss,contextual_paired_only_lightgbm,baseline,lightgbm,PAIRED_ENGLISH::paired_english::m57_191105_160026::IronClust::3,PAIRED_ENGLISH::paired_english::m57_191105_160026,PAIRED_ENGLISH,0.5629770992366412,0.5086987614631653,0.054278337773475904
main,fmiss,contextual_paired_only_lightgbm,baseline,lightgbm,PAIRED_ENGLISH::paired_english::m57_191105_160026::KiloSort::127,PAIRED_ENGLISH::paired_english::m57_191105_160026,PAIRED_ENGLISH,0.7213740458015268,0.54979008436203,0.17158396143949672
main,fmiss,contextual_paired_only_lightgbm,baseline,lightgbm,PAIRED_ENGLISH::paired_english::m57_191105_160026::KiloSort::6,PAIRED_ENGLISH::paired_english::m57_191105_160026,PAIRED_ENGLISH,0.5885496183206107,0.5960752964019775,0.007525678081366838
main,fmiss,contextual_paired_only_lightgbm,baseline,lightgbm,PAIRED_ENGLISH::paired_english::m57_191105_160026::MountainSort4::23,PAIRED_ENGLISH::paired_english::m57_191105_160026,PAIRED_ENGLISH,0.8603053435114504,0.5607133507728577,0.2995919927385927
main,fmiss,contextual_paired_only_lightgbm,baseline,lightgbm,PAIRED_ENGLISH::paired_english::m57_191105_160026::MountainSort4::25,PAIRED_ENGLISH::paired_english::m57_191105_160026,PAIRED_ENGLISH,0.5545801526717558,0.40547963976860046,0.1491005129031553
main,fmiss,contextual_paired_only_lightgbm,baseline,lightgbm,PAIRED_ENGLISH::paired_english::m57_191105_160026::SpykingCircus::2,PAIRED_ENGLISH::paired_english::m57_191105_160026,PAIRED_ENGLISH,0.7709923664122137,0.3816968500614166,0.38929551635079707
main,fmiss,contextual_paired_only_lightgbm,baseline,lightgbm,PAIRED_ENGLISH::paired_english::m57_191105_160026::SpykingCircus::4,PAIRED_ENGLISH::paired_english::m57_191105_160026,PAIRED_ENGLISH,0.5625954198473282,0.562870979309082,0.00027555946175383816
main,fmiss,contextual_paired_only_lightgbm,baseline,lightgbm,PAIRED_ENGLISH::paired_english::m57_191105_160026::Tridesclous::0,PAIRED_ENGLISH::paired_english::m57_191105_160026,PAIRED_ENGLISH,0.7061068702290076,0.08689910173416138,0.6192077684948463
main,fmiss,contextual_paired_only_lightgbm,baseline,lightgbm,PAIRED_KAMPFF::paired_kampff::c14::HerdingSpikes2::6,PAIRED_KAMPFF::paired_kampff::c14,PAIRED_KAMPFF,0.35151068533529845,0.679854691028595,0.3283440056932965
main,fmiss,contextual_paired_only_lightgbm,baseline,lightgbm,PAIRED_KAMPFF::paired_kampff::c14::IronClust::22,PAIRED_KAMPFF::paired_kampff::c14,PAIRED_KAMPFF,0.25036845983787764,0.5864490866661072,0.33608062682822953
main,fmiss,contextual_paired_only_lightgbm,baseline,lightgbm,PAIRED_KAMPFF::paired_kampff::c14::KiloSort2::37,PAIRED_KAMPFF::paired_kampff::c14,PAIRED_KAMPFF,0.14296241709653648,0.6076200008392334,0.46465758374269694
main,fmiss,contextual_paired_only_lightgbm,baseline,lightgbm,PAIRED_KAMPFF::paired_kampff::c14::MountainSort4::42,PAIRED_KAMPFF::paired_kampff::c14,PAIRED_KAMPFF,0.32221812822402357,0.5137286186218262,0.1915104903978026
main,fmiss,contextual_paired_only_lightgbm,baseline,lightgbm,PAIRED_KAMPFF::paired_kampff::c14::SpykingCircus::14,PAIRED_KAMPFF::paired_kampff::c14,PAIRED_KAMPFF,0.21868091378039795,0.603759229183197,0.3850783154027991
main,fmiss,contextual_paired_only_lightgbm,baseline,lightgbm,PAIRED_KAMPFF::paired_kampff::c14::Tridesclous::8,PAIRED_KAMPFF::paired_kampff::c14,PAIRED_KAMPFF,0.20910095799557848,0.21852922439575195,0.009428266400173468
main,fmiss,contextual_paired_only_lightgbm,baseline,lightgbm,PAIRED_MEA64C_YGER::paired_mea64c::20170622_patch1::HerdingSpikes2::19,PAIRED_MEA64C_YGER::paired_mea64c::20170622_patch1,PAIRED_MEA64C_YGER,0.8533362695441533,0.5945529937744141,0.25878327576973925
main,fmiss,contextual_paired_only_lightgbm,baseline,lightgbm,PAIRED_MEA64C_YGER::paired_mea64c::20170622_patch1::HerdingSpikes2::7,PAIRED_MEA64C_YGER::paired_mea64c::20170622_patch1,PAIRED_MEA64C_YGER,0.18343977097555605,0.2675243020057678,0.08408453103021177
main,fmiss,contextual_paired_only_lightgbm,baseline,lightgbm,PAIRED_MEA64C_YGER::paired_mea64c::20170622_patch1::IronClust::8,PAIRED_MEA64C_YGER::paired_mea64c::20170622_patch1,PAIRED_MEA64C_YGER,0.027747192248403437,0.03343891352415085,0.005691721275747411
main,fmiss,contextual_paired_only_lightgbm,baseline,lightgbm,PAIRED_MEA64C_YGER::paired_mea64c::20170622_patch1::KiloSort2::23,PAIRED_MEA64C_YGER::paired_mea64c::20170622_patch1,PAIRED_MEA64C_YGER,0.0008808632459810614,0.14649654924869537,0.14561568600271432
main,fmiss,contextual_paired_only_lightgbm,baseline,lightgbm,PAIRED_MEA64C_YGER::paired_mea64c::20170622_patch1::KiloSort::64,PAIRED_MEA64C_YGER::paired_mea64c::20170622_patch1,PAIRED_MEA64C_YGER,0.03457388240475666,0.11166935414075851,0.07709547173600186
main,fmiss,contextual_paired_only_lightgbm,baseline,lightgbm,PAIRED_MEA64C_YGER::paired_mea64c::20170622_patch1::Klusta::4,PAIRED_MEA64C_YGER::paired_mea64c::20170622_patch1,PAIRED_MEA64C_YGER,0.17441092270425015,0.13211163878440857,0.042299283919841585
main,fmiss,contextual_paired_only_lightgbm,baseline,lightgbm,PAIRED_MEA64C_YGER::paired_mea64c::20170622_patch1::MountainSort4::43,PAIRED_MEA64C_YGER::paired_mea64c::20170622_patch1,PAIRED_MEA64C_YGER,0.02510460251046025,0.10133643448352814,0.07623183197306789
main,fmiss,contextual_paired_only_lightgbm,baseline,lightgbm,PAIRED_MEA64C_YGER::paired_mea64c::20170622_patch1::SpykingCircus::18,PAIRED_MEA64C_YGER::paired_mea64c::20170622_patch1,PAIRED_MEA64C_YGER,0.0028628055494384495,0.09030547738075256,0.08744267183131411
main,fmiss,contextual_paired_only_lightgbm,baseline,lightgbm,PAIRED_MEA64C_YGER::paired_mea64c::20170622_patch1::Tridesclous::12,PAIRED_MEA64C_YGER::paired_mea64c::20170622_patch1,PAIRED_MEA64C_YGER,0.026425897379431844,0.08726461231708527,0.06083871493765342
main,fmiss,contextual_paired_only_lightgbm,baseline,lightgbm,PAIRED_MEA64C_YGER::paired_mea64c::20170622_patch2::HerdingSpikes2::16,PAIRED_MEA64C_YGER::paired_mea64c::20170622_patch2,PAIRED_MEA64C_YGER,0.6606015595989603,0.43359366059303284,0.22700789900592744
main,fmiss,contextual_paired_only_lightgbm,baseline,lightgbm,PAIRED_MEA64C_YGER::paired_mea64c::20170622_patch2::HerdingSpikes2::44,PAIRED_MEA64C_YGER::paired_mea64c::20170622_patch2,PAIRED_MEA64C_YGER,0.8756034162643892,0.3442148268222809,0.5313885894421083
main,fmiss,contextual_paired_only_lightgbm,baseline,lightgbm,PAIRED_MEA64C_YGER::paired_mea64c::20170622_patch2::HerdingSpikes2::5,PAIRED_MEA64C_YGER::paired_mea64c::20170622_patch2,PAIRED_MEA64C_YGER,0.008169327887114742,0.025435633957386017,0.017266306070271277
main,fmiss,contextual_paired_only_lightgbm,baseline,lightgbm,PAIRED_MEA64C_YGER::paired_mea64c::20170622_patch2::IronClust::11,PAIRED_MEA64C_YGER::paired_mea64c::20170622_patch2,PAIRED_MEA64C_YGER,0.0003713330857779428,0.012081367895007133,0.01171003480922919
main,fmiss,contextual_paired_only_lightgbm,baseline,lightgbm,PAIRED_MEA64C_YGER::paired_mea64c::20170622_patch2::JRClust::31,PAIRED_MEA64C_YGER::paired_mea64c::20170622_patch2,PAIRED_MEA64C_YGER,0.0029706646862235424,0.019397154450416565,0.016426489764193024
main,fmiss,contextual_paired_only_lightgbm,baseline,lightgbm,PAIRED_MEA64C_YGER::paired_mea64c::20170622_patch2::KiloSort2::33,PAIRED_MEA64C_YGER::paired_mea64c::20170622_patch2,PAIRED_MEA64C_YGER,0.0011139992573338284,0.014248060993850231,0.013134061736516402
main,fmiss,contextual_paired_only_lightgbm,baseline,lightgbm,PAIRED_MEA64C_YGER::paired_mea64c::20170622_patch2::KiloSort::5,PAIRED_MEA64C_YGER::paired_mea64c::20170622_patch2,PAIRED_MEA64C_YGER,0.0014853323431117712,0.01129915937781334,0.009813827034701569
main,fmiss,contextual_paired_only_lightgbm,baseline,lightgbm,PAIRED_MEA64C_YGER::paired_mea64c::20170622_patch2::Klusta::14,PAIRED_MEA64C_YGER::paired_mea64c::20170622_patch2,PAIRED_MEA64C_YGER,0.15893056071295952,0.02334321290254593,0.1355873478104136
main,fmiss,contextual_paired_only_lightgbm,baseline,lightgbm,PAIRED_MEA64C_YGER::paired_mea64c::20170622_patch2::MountainSort4::31,PAIRED_MEA64C_YGER::paired_mea64c::20170622_patch2,PAIRED_MEA64C_YGER,0.0003713330857779428,0.004286595620214939,0.0039152625344369965
main,fmiss,contextual_paired_only_lightgbm,baseline,lightgbm,PAIRED_MEA64C_YGER::paired_mea64c::20170622_patch2::SpykingCircus::17,PAIRED_MEA64C_YGER::paired_mea64c::20170622_patch2,PAIRED_MEA64C_YGER,0.0003713330857779428,0.01796269230544567,0.01759135921966773
main,fmiss,contextual_paired_only_lightgbm,baseline,lightgbm,PAIRED_MEA64C_YGER::paired_mea64c::20170622_patch2::Tridesclous::0,PAIRED_MEA64C_YGER::paired_mea64c::20170622_patch2,PAIRED_MEA64C_YGER,0.0003713330857779428,0.018056010827422142,0.0176846777416442
main,fmiss,contextual_paired_only_lightgbm_filtered,baseline_filtered,lightgbm,PAIRED_BOYDEN::paired_boyden32c::1103_1_1::IronClust::4,PAIRED_BOYDEN::paired_boyden32c::1103_1_1,PAIRED_BOYDEN,0.1661807580174927,0.22145871818065643,0.05527796016316372
main,fmiss,contextual_paired_only_lightgbm_filtered,baseline_filtered,lightgbm,PAIRED_BOYDEN::paired_boyden32c::1103_1_1::JRClust::18,PAIRED_BOYDEN::paired_boyden32c::1103_1_1,PAIRED_BOYDEN,0.08551992225461613,0.30906006693840027,0.22354014468378414
main,fmiss,contextual_paired_only_lightgbm_filtered,baseline_filtered,lightgbm,PAIRED_BOYDEN::paired_boyden32c::1103_1_1::KiloSort2::33,PAIRED_BOYDEN::paired_boyden32c::1103_1_1,PAIRED_BOYDEN,0.42857142857142855,0.29442572593688965,0.1341457026345389
main,fmiss,contextual_paired_only_lightgbm_filtered,baseline_filtered,lightgbm,PAIRED_BOYDEN::paired_boyden32c::1103_1_1::KiloSort2::55,PAIRED_BOYDEN::paired_boyden32c::1103_1_1,PAIRED_BOYDEN,0.8328474246841594,0.6992975473403931,0.13354987734376633
main,fmiss,contextual_paired_only_lightgbm_filtered,baseline_filtered,lightgbm,PAIRED_BOYDEN::paired_boyden32c::1103_1_1::KiloSort2::60,PAIRED_BOYDEN::paired_boyden32c::1103_1_1,PAIRED_BOYDEN,0.7580174927113703,0.4972078800201416,0.2608096126912287
main,fmiss,contextual_paired_only_lightgbm_filtered,baseline_filtered,lightgbm,PAIRED_BOYDEN::paired_boyden32c::1103_1_1::KiloSort::111,PAIRED_BOYDEN::paired_boyden32c::1103_1_1,PAIRED_BOYDEN,0.04081632653061224,0.23725800216197968,0.19644167563136744
main,fmiss,contextual_paired_only_lightgbm_filtered,baseline_filtered,lightgbm,PAIRED_BOYDEN::paired_boyden32c::1103_1_1::Klusta::12,PAIRED_BOYDEN::paired_boyden32c::1103_1_1,PAIRED_BOYDEN,0.17881438289601556,0.26819759607315063,0.08938321317713507
main,fmiss,contextual_paired_only_lightgbm_filtered,baseline_filtered,lightgbm,PAIRED_BOYDEN::paired_boyden32c::1103_1_1::MountainSort4::26,PAIRED_BOYDEN::paired_boyden32c::1103_1_1,PAIRED_BOYDEN,0.03595724003887269,0.24074319005012512,0.20478595001125244
main,fmiss,contextual_paired_only_lightgbm_filtered,baseline_filtered,lightgbm,PAIRED_BOYDEN::paired_boyden32c::1103_1_1::SpykingCircus::27,PAIRED_BOYDEN::paired_boyden32c::1103_1_1,PAIRED_BOYDEN,0.07482993197278912,0.350446492433548,0.2756165604607589
main,fmiss,contextual_paired_only_lightgbm_filtered,baseline_filtered,lightgbm,PAIRED_BOYDEN::paired_boyden32c::1103_1_1::Tridesclous::3,PAIRED_BOYDEN::paired_boyden32c::1103_1_1,PAIRED_BOYDEN,0.11273080660835763,0.19572137296199799,0.08299056635364035
main,fmiss,contextual_paired_only_lightgbm_filtered,baseline_filtered,lightgbm,PAIRED_BOYDEN::paired_boyden32c::419_1_8::IronClust::14,PAIRED_BOYDEN::paired_boyden32c::419_1_8,PAIRED_BOYDEN,0.1489691520694466,0.1348579227924347,0.014111229277011916
main,fmiss,contextual_paired_only_lightgbm_filtered,baseline_filtered,lightgbm,PAIRED_BOYDEN::paired_boyden32c::419_1_8::IronClust::4,PAIRED_BOYDEN::paired_boyden32c::419_1_8,PAIRED_BOYDEN,0.3614943419624864,0.14440375566482544,0.21709058629766098
main,fmiss,contextual_paired_only_lightgbm_filtered,baseline_filtered,lightgbm,PAIRED_BOYDEN::paired_boyden32c::419_1_8::JRClust::24,PAIRED_BOYDEN::paired_boyden32c::419_1_8,PAIRED_BOYDEN,0.14617888699426446,0.14980538189411163,0.003626494899847177
main,fmiss,contextual_paired_only_lightgbm_filtered,baseline_filtered,lightgbm,PAIRED_BOYDEN::paired_boyden32c::419_1_8::JRClust::8,PAIRED_BOYDEN::paired_boyden32c::419_1_8,PAIRED_BOYDEN,0.7484110990544102,0.5275623202323914,0.2208487788220188
main,fmiss,contextual_paired_only_lightgbm_filtered,baseline_filtered,lightgbm,PAIRED_BOYDEN::paired_boyden32c::419_1_8::KiloSort2::27,PAIRED_BOYDEN::paired_boyden32c::419_1_8,PAIRED_BOYDEN,0.06696636180437142,0.13195396959781647,0.06498760779344505
main,fmiss,contextual_paired_only_lightgbm_filtered,baseline_filtered,lightgbm,PAIRED_BOYDEN::paired_boyden32c::419_1_8::KiloSort2::46,PAIRED_BOYDEN::paired_boyden32c::419_1_8,PAIRED_BOYDEN,0.11424585335606882,0.1629919707775116,0.048746117421442775
main,fmiss,contextual_paired_only_lightgbm_filtered,baseline_filtered,lightgbm,PAIRED_BOYDEN::paired_boyden32c::419_1_8::KiloSort::17,PAIRED_BOYDEN::paired_boyden32c::419_1_8,PAIRED_BOYDEN,0.13067741435436367,0.12506097555160522,0.005616438802758444
main,fmiss,contextual_paired_only_lightgbm_filtered,baseline_filtered,lightgbm,PAIRED_BOYDEN::paired_boyden32c::419_1_8::MountainSort4::42,PAIRED_BOYDEN::paired_boyden32c::419_1_8,PAIRED_BOYDEN,0.12261664858161525,0.0768795758485794,0.045737072733035844
main,fmiss,contextual_paired_only_lightgbm_filtered,baseline_filtered,lightgbm,PAIRED_BOYDEN::paired_boyden32c::419_1_8::SpykingCircus::24,PAIRED_BOYDEN::paired_boyden32c::419_1_8,PAIRED_BOYDEN,0.8012711207564719,0.5754786729812622,0.22579244777520968
main,fmiss,contextual_paired_only_lightgbm_filtered,baseline_filtered,lightgbm,PAIRED_BOYDEN::paired_boyden32c::419_1_8::SpykingCircus::28,PAIRED_BOYDEN::paired_boyden32c::419_1_8,PAIRED_BOYDEN,0.12416679584560533,0.13688907027244568,0.012722274426840346
main,fmiss,contextual_paired_only_lightgbm_filtered,baseline_filtered,lightgbm,PAIRED_BOYDEN::paired_boyden32c::419_1_8::Tridesclous::0,PAIRED_BOYDEN::paired_boyden32c::419_1_8,PAIRED_BOYDEN,0.14447372500387537,0.03561139479279518,0.10886233021108019
main,fmiss,contextual_paired_only_lightgbm_filtered,baseline_filtered,lightgbm,PAIRED_CRCNS_HC1::paired_crcns::d11221_d11221.001::SpykingCircus::6,PAIRED_CRCNS_HC1::paired_crcns::d11221_d11221.001,PAIRED_CRCNS_HC1,0.2845528455284553,0.4112645089626312,0.12671166343417595
main,fmiss,contextual_paired_only_lightgbm_filtered,baseline_filtered,lightgbm,PAIRED_CRCNS_HC1::paired_crcns::d11222_d11222.002::IronClust::2,PAIRED_CRCNS_HC1::paired_crcns::d11222_d11222.002,PAIRED_CRCNS_HC1,0.017310252996005325,0.05139051750302315,0.03408026450701782
main,fmiss,contextual_paired_only_lightgbm_filtered,baseline_filtered,lightgbm,PAIRED_CRCNS_HC1::paired_crcns::d11222_d11222.002::JRClust::3,PAIRED_CRCNS_HC1::paired_crcns::d11222_d11222.002,PAIRED_CRCNS_HC1,0.07323568575233022,0.0902572050690651,0.017021519316734873
main,fmiss,contextual_paired_only_lightgbm_filtered,baseline_filtered,lightgbm,PAIRED_CRCNS_HC1::paired_crcns::d11222_d11222.002::KiloSort2::10,PAIRED_CRCNS_HC1::paired_crcns::d11222_d11222.002,PAIRED_CRCNS_HC1,0.5339547270306259,0.042177241295576096,0.49177748573504976
main,fmiss,contextual_paired_only_lightgbm_filtered,baseline_filtered,lightgbm,PAIRED_CRCNS_HC1::paired_crcns::d11222_d11222.002::KiloSort::1,PAIRED_CRCNS_HC1::paired_crcns::d11222_d11222.002,PAIRED_CRCNS_HC1,0.03595206391478029,0.057988088577985764,0.02203602466320547
main,fmiss,contextual_paired_only_lightgbm_filtered,baseline_filtered,lightgbm,PAIRED_CRCNS_HC1::paired_crcns::d11222_d11222.002::Klusta::2,PAIRED_CRCNS_HC1::paired_crcns::d11222_d11222.002,PAIRED_CRCNS_HC1,0.022636484687083888,0.06458660215139389,0.04195011746431
main,fmiss,contextual_paired_only_lightgbm_filtered,baseline_filtered,lightgbm,PAIRED_CRCNS_HC1::paired_crcns::d11222_d11222.002::MountainSort4::4,PAIRED_CRCNS_HC1::paired_crcns::d11222_d11222.002,PAIRED_CRCNS_HC1,0.20372836218375498,0.04663124307990074,0.15709711910385424
main,fmiss,contextual_paired_only_lightgbm_filtered,baseline_filtered,lightgbm,PAIRED_CRCNS_HC1::paired_crcns::d11222_d11222.002::SpykingCircus::4,PAIRED_CRCNS_HC1::paired_crcns::d11222_d11222.002,PAIRED_CRCNS_HC1,0.1151797603195739,0.07743474096059799,0.03774501935897591
main,fmiss,contextual_paired_only_lightgbm_filtered,baseline_filtered,lightgbm,PAIRED_CRCNS_HC1::paired_crcns::d11222_d11222.002::Tridesclous::0,PAIRED_CRCNS_HC1::paired_crcns::d11222_d11222.002,PAIRED_CRCNS_HC1,0.014647137150466045,0.06312059611082077,0.04847345896035472
main,fmiss,contextual_paired_only_lightgbm_filtered,baseline_filtered,lightgbm,PAIRED_ENGLISH::paired_english::m139_200114_191955::KiloSort2::25,PAIRED_ENGLISH::paired_english::m139_200114_191955,PAIRED_ENGLISH,0.8107276747092185,0.43140196800231934,0.37932570670689914
main,fmiss,contextual_paired_only_lightgbm_filtered,baseline_filtered,lightgbm,PAIRED_ENGLISH::paired_english::m139_200114_191955::MountainSort4::36,PAIRED_ENGLISH::paired_english::m139_200114_191955,PAIRED_ENGLISH,0.6701912909737576,0.3605247139930725,0.3096665769806851
main,fmiss,contextual_paired_only_lightgbm_filtered,baseline_filtered,lightgbm,PAIRED_ENGLISH::paired_english::m139_200114_191955::SpykingCircus::42,PAIRED_ENGLISH::paired_english::m139_200114_191955,PAIRED_ENGLISH,0.8063058733057772,0.6246020793914795,0.1817037939142977
main,fmiss,contextual_paired_only_lightgbm_filtered,baseline_filtered,lightgbm,PAIRED_ENGLISH::paired_english::m139_200114_222743::HerdingSpikes2::5,PAIRED_ENGLISH::paired_english::m139_200114_222743,PAIRED_ENGLISH,0.022052337547780066,0.23208211362361908,0.210029776075839
main,fmiss,contextual_paired_only_lightgbm_filtered,baseline_filtered,lightgbm,PAIRED_ENGLISH::paired_english::m139_200114_222743::IronClust::17,PAIRED_ENGLISH::paired_english::m139_200114_222743,PAIRED_ENGLISH,0.01587768303440165,0.20879746973514557,0.19291978670074392
main,fmiss,contextual_paired_only_lightgbm_filtered,baseline_filtered,lightgbm,PAIRED_ENGLISH::paired_english::m139_200114_222743::KiloSort2::26,PAIRED_ENGLISH::paired_english::m139_200114_222743,PAIRED_ENGLISH,0.002940311673037342,0.33684563636779785,0.33390532469476053
main,fmiss,contextual_paired_only_lightgbm_filtered,baseline_filtered,lightgbm,PAIRED_ENGLISH::paired_english::m139_200114_222743::KiloSort::88,PAIRED_ENGLISH::paired_english::m139_200114_222743,PAIRED_ENGLISH,0.006174654513378418,0.21208474040031433,0.2059100858869359
main,fmiss,contextual_paired_only_lightgbm_filtered,baseline_filtered,lightgbm,PAIRED_ENGLISH::paired_english::m139_200114_222743::MountainSort4::46,PAIRED_ENGLISH::paired_english::m139_200114_222743,PAIRED_ENGLISH,0.00911496618641576,0.2662051320075989,0.2570901658211831
main,fmiss,contextual_paired_only_lightgbm_filtered,baseline_filtered,lightgbm,PAIRED_ENGLISH::paired_english::m139_200114_222743::SpykingCircus::44,PAIRED_ENGLISH::paired_english::m139_200114_222743,PAIRED_ENGLISH,0.0020582181711261394,0.26051151752471924,0.2584532993535931
main,fmiss,contextual_paired_only_lightgbm_filtered,baseline_filtered,lightgbm,PAIRED_ENGLISH::paired_english::m139_200114_222743::Tridesclous::1,PAIRED_ENGLISH::paired_english::m139_200114_222743,PAIRED_ENGLISH,0.004998529844163481,0.2746143937110901,0.2696158638669266
main,fmiss,contextual_paired_only_lightgbm_filtered,baseline_filtered,lightgbm,PAIRED_ENGLISH::paired_english::m14_190326_155432::IronClust::22,PAIRED_ENGLISH::paired_english::m14_190326_155432,PAIRED_ENGLISH,0.13721413721413722,0.24958084523677826,0.11236670802264104
main,fmiss,contextual_paired_only_lightgbm_filtered,baseline_filtered,lightgbm,PAIRED_ENGLISH::paired_english::m14_190326_155432::MountainSort4::33,PAIRED_ENGLISH::paired_english::m14_190326_155432,PAIRED_ENGLISH,0.09147609147609148,0.16383880376815796,0.07236271229206648
main,fmiss,contextual_paired_only_lightgbm_filtered,baseline_filtered,lightgbm,PAIRED_ENGLISH::paired_english::m14_190326_155432::SpykingCircus::38,PAIRED_ENGLISH::paired_english::m14_190326_155432,PAIRED_ENGLISH,0.079002079002079,0.3968050479888916,0.3178029689868126
main,fmiss,contextual_paired_only_lightgbm_filtered,baseline_filtered,lightgbm,PAIRED_ENGLISH::paired_english::m15_190315_142052_cell1::IronClust::40,PAIRED_ENGLISH::paired_english::m15_190315_142052_cell1,PAIRED_ENGLISH,0.24027594305005137,0.22460433840751648,0.015671604642534892
main,fmiss,contextual_paired_only_lightgbm_filtered,baseline_filtered,lightgbm,PAIRED_ENGLISH::paired_english::m15_190315_142052_cell1::KiloSort2::48,PAIRED_ENGLISH::paired_english::m15_190315_142052_cell1,PAIRED_ENGLISH,0.3173345075590782,0.21934035420417786,0.09799415335490036
main,fmiss,contextual_paired_only_lightgbm_filtered,baseline_filtered,lightgbm,PAIRED_ENGLISH::paired_english::m15_190315_142052_cell1::MountainSort4::62,PAIRED_ENGLISH::paired_english::m15_190315_142052_cell1,PAIRED_ENGLISH,0.5289886980772054,0.33337536454200745,0.19561333353519794
main,fmiss,contextual_paired_only_lightgbm_filtered,baseline_filtered,lightgbm,PAIRED_ENGLISH::paired_english::m15_190315_142052_cell1::MountainSort4::64,PAIRED_ENGLISH::paired_english::m15_190315_142052_cell1,PAIRED_ENGLISH,0.6713635696462645,0.5534356832504272,0.11792788639583729
main,fmiss,contextual_paired_only_lightgbm_filtered,baseline_filtered,lightgbm,PAIRED_ENGLISH::paired_english::m15_190315_142052_cell1::SpykingCircus::22,PAIRED_ENGLISH::paired_english::m15_190315_142052_cell1,PAIRED_ENGLISH,0.35975341259357113,0.4415121078491211,0.08175869525554996
main,fmiss,contextual_paired_only_lightgbm_filtered,baseline_filtered,lightgbm,PAIRED_ENGLISH::paired_english::m15_190315_142052_cell1::SpykingCircus::57,PAIRED_ENGLISH::paired_english::m15_190315_142052_cell1,PAIRED_ENGLISH,0.8711287244972846,0.5519299507141113,0.3191987737831733
main,fmiss,contextual_paired_only_lightgbm_filtered,baseline_filtered,lightgbm,PAIRED_ENGLISH::paired_english::m15_190315_152315_cell1::IronClust::35,PAIRED_ENGLISH::paired_english::m15_190315_152315_cell1,PAIRED_ENGLISH,0.04922936853742602,0.1446402668952942,0.09541089835786817
main,fmiss,contextual_paired_only_lightgbm_filtered,baseline_filtered,lightgbm,PAIRED_ENGLISH::paired_english::m15_190315_152315_cell1::KiloSort2::37,PAIRED_ENGLISH::paired_english::m15_190315_152315_cell1,PAIRED_ENGLISH,0.0014307082005592768,0.1794086992740631,0.17797799107350384
main,fmiss,contextual_paired_only_lightgbm_filtered,baseline_filtered,lightgbm,PAIRED_ENGLISH::paired_english::m15_190315_152315_cell1::KiloSort::1,PAIRED_ENGLISH::paired_english::m15_190315_152315_cell1,PAIRED_ENGLISH,0.003901931456070755,0.19152548909187317,0.1876235576358024
main,fmiss,contextual_paired_only_lightgbm_filtered,baseline_filtered,lightgbm,PAIRED_ENGLISH::paired_english::m15_190315_152315_cell1::MountainSort4::72,PAIRED_ENGLISH::paired_english::m15_190315_152315_cell1,PAIRED_ENGLISH,0.03479222214996423,0.21677446365356445,0.1819822415036002
main,fmiss,contextual_paired_only_lightgbm_filtered,baseline_filtered,lightgbm,PAIRED_ENGLISH::paired_english::m15_190315_152315_cell1::SpykingCircus::46,PAIRED_ENGLISH::paired_english::m15_190315_152315_cell1,PAIRED_ENGLISH,0.0018859335371008649,0.17196029424667358,0.17007436070957271
main,fmiss,contextual_paired_only_lightgbm_filtered,baseline_filtered,lightgbm,PAIRED_ENGLISH::paired_english::m15_190315_152315_cell1::Tridesclous::0,PAIRED_ENGLISH::paired_english::m15_190315_152315_cell1,PAIRED_ENGLISH,0.2026403069519412,0.10439818352460861,0.0982421234273326
main,fmiss,contextual_paired_only_lightgbm_filtered,baseline_filtered,lightgbm,PAIRED_ENGLISH::paired_english::m26_190524_100859_cell1::KiloSort2::0,PAIRED_ENGLISH::paired_english::m26_190524_100859_cell1,PAIRED_ENGLISH,0.3453815261044177,0.057679980993270874,0.2877015451111468
main,fmiss,contextual_paired_only_lightgbm_filtered,baseline_filtered,lightgbm,PAIRED_ENGLISH::paired_english::m26_190524_100859_cell1::KiloSort::19,PAIRED_ENGLISH::paired_english::m26_190524_100859_cell1,PAIRED_ENGLISH,0.5522088353413654,0.050063371658325195,0.5021454636830402
main,fmiss,contextual_paired_only_lightgbm_filtered,baseline_filtered,lightgbm,PAIRED_ENGLISH::paired_english::m26_190524_100859_cell1::KiloSort::8,PAIRED_ENGLISH::paired_english::m26_190524_100859_cell1,PAIRED_ENGLISH,0.7610441767068273,0.03138773515820503,0.7296564415486223
main,fmiss,contextual_paired_only_lightgbm_filtered,baseline_filtered,lightgbm,PAIRED_ENGLISH::paired_english::m57_191105_141906::IronClust::6,PAIRED_ENGLISH::paired_english::m57_191105_141906,PAIRED_ENGLISH,0.12826603325415678,0.3951699435710907,0.26690391031693395
main,fmiss,contextual_paired_only_lightgbm_filtered,baseline_filtered,lightgbm,PAIRED_ENGLISH::paired_english::m57_191105_141906::KiloSort::47,PAIRED_ENGLISH::paired_english::m57_191105_141906,PAIRED_ENGLISH,0.04829770387965162,0.15298378467559814,0.10468608079594652
main,fmiss,contextual_paired_only_lightgbm_filtered,baseline_filtered,lightgbm,PAIRED_ENGLISH::paired_english::m57_191105_141906::MountainSort4::21,PAIRED_ENGLISH::paired_english::m57_191105_141906,PAIRED_ENGLISH,0.1187648456057007,0.2070452719926834,0.0882804263869827
main,fmiss,contextual_paired_only_lightgbm_filtered,baseline_filtered,lightgbm,PAIRED_ENGLISH::paired_english::m57_191105_141906::MountainSort4::57,PAIRED_ENGLISH::paired_english::m57_191105_141906,PAIRED_ENGLISH,0.5399841646872525,0.4680090844631195,0.07197508022413301
main,fmiss,contextual_paired_only_lightgbm_filtered,baseline_filtered,lightgbm,PAIRED_ENGLISH::paired_english::m57_191105_141906::SpykingCircus::12,PAIRED_ENGLISH::paired_english::m57_191105_141906,PAIRED_ENGLISH,0.5859065716547902,0.5613179802894592,0.02458859136533098
main,fmiss,contextual_paired_only_lightgbm_filtered,baseline_filtered,lightgbm,PAIRED_ENGLISH::paired_english::m57_191105_141906::SpykingCircus::30,PAIRED_ENGLISH::paired_english::m57_191105_141906,PAIRED_ENGLISH,0.46872525732383213,0.25525081157684326,0.21347444574698887
main,fmiss,contextual_paired_only_lightgbm_filtered,baseline_filtered,lightgbm,PAIRED_ENGLISH::paired_english::m57_191105_160026::HerdingSpikes2::1,PAIRED_ENGLISH::paired_english::m57_191105_160026,PAIRED_ENGLISH,0.7557251908396947,0.2382376790046692,0.5174875118350255
main,fmiss,contextual_paired_only_lightgbm_filtered,baseline_filtered,lightgbm,PAIRED_ENGLISH::paired_english::m57_191105_160026::IronClust::2,PAIRED_ENGLISH::paired_english::m57_191105_160026,PAIRED_ENGLISH,0.7206106870229008,0.5071654319763184,0.2134452550465824
main,fmiss,contextual_paired_only_lightgbm_filtered,baseline_filtered,lightgbm,PAIRED_ENGLISH::paired_english::m57_191105_160026::IronClust::3,PAIRED_ENGLISH::paired_english::m57_191105_160026,PAIRED_ENGLISH,0.5629770992366412,0.3745609223842621,0.1884161768523791
main,fmiss,contextual_paired_only_lightgbm_filtered,baseline_filtered,lightgbm,PAIRED_ENGLISH::paired_english::m57_191105_160026::KiloSort::127,PAIRED_ENGLISH::paired_english::m57_191105_160026,PAIRED_ENGLISH,0.7213740458015268,0.5727609992027283,0.14861304659879848
main,fmiss,contextual_paired_only_lightgbm_filtered,baseline_filtered,lightgbm,PAIRED_ENGLISH::paired_english::m57_191105_160026::KiloSort::6,PAIRED_ENGLISH::paired_english::m57_191105_160026,PAIRED_ENGLISH,0.5885496183206107,0.4723958969116211,0.11615372140898961
main,fmiss,contextual_paired_only_lightgbm_filtered,baseline_filtered,lightgbm,PAIRED_ENGLISH::paired_english::m57_191105_160026::MountainSort4::23,PAIRED_ENGLISH::paired_english::m57_191105_160026,PAIRED_ENGLISH,0.8603053435114504,0.5748427510261536,0.2854625924852968
main,fmiss,contextual_paired_only_lightgbm_filtered,baseline_filtered,lightgbm,PAIRED_ENGLISH::paired_english::m57_191105_160026::MountainSort4::25,PAIRED_ENGLISH::paired_english::m57_191105_160026,PAIRED_ENGLISH,0.5545801526717558,0.40631094574928284,0.14826920692247292
main,fmiss,contextual_paired_only_lightgbm_filtered,baseline_filtered,lightgbm,PAIRED_ENGLISH::paired_english::m57_191105_160026::SpykingCircus::2,PAIRED_ENGLISH::paired_english::m57_191105_160026,PAIRED_ENGLISH,0.7709923664122137,0.38935065269470215,0.38164171371751154
main,fmiss,contextual_paired_only_lightgbm_filtered,baseline_filtered,lightgbm,PAIRED_ENGLISH::paired_english::m57_191105_160026::SpykingCircus::4,PAIRED_ENGLISH::paired_english::m57_191105_160026,PAIRED_ENGLISH,0.5625954198473282,0.4882071614265442,0.074388258420784
main,fmiss,contextual_paired_only_lightgbm_filtered,baseline_filtered,lightgbm,PAIRED_ENGLISH::paired_english::m57_191105_160026::Tridesclous::0,PAIRED_ENGLISH::paired_english::m57_191105_160026,PAIRED_ENGLISH,0.7061068702290076,0.10560920089483261,0.600497669334175
main,fmiss,contextual_paired_only_lightgbm_filtered,baseline_filtered,lightgbm,PAIRED_KAMPFF::paired_kampff::c14::HerdingSpikes2::6,PAIRED_KAMPFF::paired_kampff::c14,PAIRED_KAMPFF,0.35151068533529845,0.6497606039047241,0.2982499185694257
main,fmiss,contextual_paired_only_lightgbm_filtered,baseline_filtered,lightgbm,PAIRED_KAMPFF::paired_kampff::c14::IronClust::22,PAIRED_KAMPFF::paired_kampff::c14,PAIRED_KAMPFF,0.25036845983787764,0.5173799991607666,0.26701153932288896
main,fmiss,contextual_paired_only_lightgbm_filtered,baseline_filtered,lightgbm,PAIRED_KAMPFF::paired_kampff::c14::KiloSort2::37,PAIRED_KAMPFF::paired_kampff::c14,PAIRED_KAMPFF,0.14296241709653648,0.6120917201042175,0.4691293030076811
main,fmiss,contextual_paired_only_lightgbm_filtered,baseline_filtered,lightgbm,PAIRED_KAMPFF::paired_kampff::c14::MountainSort4::42,PAIRED_KAMPFF::paired_kampff::c14,PAIRED_KAMPFF,0.32221812822402357,0.47105851769447327,0.1488403894704497
main,fmiss,contextual_paired_only_lightgbm_filtered,baseline_filtered,lightgbm,PAIRED_KAMPFF::paired_kampff::c14::SpykingCircus::14,PAIRED_KAMPFF::paired_kampff::c14,PAIRED_KAMPFF,0.21868091378039795,0.6170582175254822,0.39837730374508423
main,fmiss,contextual_paired_only_lightgbm_filtered,baseline_filtered,lightgbm,PAIRED_KAMPFF::paired_kampff::c14::Tridesclous::8,PAIRED_KAMPFF::paired_kampff::c14,PAIRED_KAMPFF,0.20910095799557848,0.22801773250102997,0.018916774505451484
main,fmiss,contextual_paired_only_lightgbm_filtered,baseline_filtered,lightgbm,PAIRED_MEA64C_YGER::paired_mea64c::20170622_patch1::HerdingSpikes2::19,PAIRED_MEA64C_YGER::paired_mea64c::20170622_patch1,PAIRED_MEA64C_YGER,0.8533362695441533,0.6552616357803345,0.19807463376381884
main,fmiss,contextual_paired_only_lightgbm_filtered,baseline_filtered,lightgbm,PAIRED_MEA64C_YGER::paired_mea64c::20170622_patch1::HerdingSpikes2::7,PAIRED_MEA64C_YGER::paired_mea64c::20170622_patch1,PAIRED_MEA64C_YGER,0.18343977097555605,0.26349547505378723,0.08005570407823118
main,fmiss,contextual_paired_only_lightgbm_filtered,baseline_filtered,lightgbm,PAIRED_MEA64C_YGER::paired_mea64c::20170622_patch1::IronClust::8,PAIRED_MEA64C_YGER::paired_mea64c::20170622_patch1,PAIRED_MEA64C_YGER,0.027747192248403437,0.033970125019550323,0.006222932771146886
main,fmiss,contextual_paired_only_lightgbm_filtered,baseline_filtered,lightgbm,PAIRED_MEA64C_YGER::paired_mea64c::20170622_patch1::KiloSort2::23,PAIRED_MEA64C_YGER::paired_mea64c::20170622_patch1,PAIRED_MEA64C_YGER,0.0008808632459810614,0.2289145439863205,0.22803368074033945
main,fmiss,contextual_paired_only_lightgbm_filtered,baseline_filtered,lightgbm,PAIRED_MEA64C_YGER::paired_mea64c::20170622_patch1::KiloSort::64,PAIRED_MEA64C_YGER::paired_mea64c::20170622_patch1,PAIRED_MEA64C_YGER,0.03457388240475666,0.16822785139083862,0.13365396898608195
main,fmiss,contextual_paired_only_lightgbm_filtered,baseline_filtered,lightgbm,PAIRED_MEA64C_YGER::paired_mea64c::20170622_patch1::Klusta::4,PAIRED_MEA64C_YGER::paired_mea64c::20170622_patch1,PAIRED_MEA64C_YGER,0.17441092270425015,0.2074877768754959,0.033076854171245756
main,fmiss,contextual_paired_only_lightgbm_filtered,baseline_filtered,lightgbm,PAIRED_MEA64C_YGER::paired_mea64c::20170622_patch1::MountainSort4::43,PAIRED_MEA64C_YGER::paired_mea64c::20170622_patch1,PAIRED_MEA64C_YGER,0.02510460251046025,0.15387752652168274,0.12877292401122248
main,fmiss,contextual_paired_only_lightgbm_filtered,baseline_filtered,lightgbm,PAIRED_MEA64C_YGER::paired_mea64c::20170622_patch1::SpykingCircus::18,PAIRED_MEA64C_YGER::paired_mea64c::20170622_patch1,PAIRED_MEA64C_YGER,0.0028628055494384495,0.14486153423786163,0.14199872868842317
main,fmiss,contextual_paired_only_lightgbm_filtered,baseline_filtered,lightgbm,PAIRED_MEA64C_YGER::paired_mea64c::20170622_patch1::Tridesclous::12,PAIRED_MEA64C_YGER::paired_mea64c::20170622_patch1,PAIRED_MEA64C_YGER,0.026425897379431844,0.14320097863674164,0.11677508125730979
main,fmiss,contextual_paired_only_lightgbm_filtered,baseline_filtered,lightgbm,PAIRED_MEA64C_YGER::paired_mea64c::20170622_patch2::HerdingSpikes2::16,PAIRED_MEA64C_YGER::paired_mea64c::20170622_patch2,PAIRED_MEA64C_YGER,0.6606015595989603,0.3981791138648987,0.2624224457340616
main,fmiss,contextual_paired_only_lightgbm_filtered,baseline_filtered,lightgbm,PAIRED_MEA64C_YGER::paired_mea64c::20170622_patch2::HerdingSpikes2::44,PAIRED_MEA64C_YGER::paired_mea64c::20170622_patch2,PAIRED_MEA64C_YGER,0.8756034162643892,0.38659095764160156,0.48901245862278764
main,fmiss,contextual_paired_only_lightgbm_filtered,baseline_filtered,lightgbm,PAIRED_MEA64C_YGER::paired_mea64c::20170622_patch2::HerdingSpikes2::5,PAIRED_MEA64C_YGER::paired_mea64c::20170622_patch2,PAIRED_MEA64C_YGER,0.008169327887114742,0.026923390105366707,0.018754062218251967
main,fmiss,contextual_paired_only_lightgbm_filtered,baseline_filtered,lightgbm,PAIRED_MEA64C_YGER::paired_mea64c::20170622_patch2::IronClust::11,PAIRED_MEA64C_YGER::paired_mea64c::20170622_patch2,PAIRED_MEA64C_YGER,0.0003713330857779428,0.011688838712871075,0.011317505627093131
main,fmiss,contextual_paired_only_lightgbm_filtered,baseline_filtered,lightgbm,PAIRED_MEA64C_YGER::paired_mea64c::20170622_patch2::JRClust::31,PAIRED_MEA64C_YGER::paired_mea64c::20170622_patch2,PAIRED_MEA64C_YGER,0.0029706646862235424,0.018285807222127914,0.015315142535904372
main,fmiss,contextual_paired_only_lightgbm_filtered,baseline_filtered,lightgbm,PAIRED_MEA64C_YGER::paired_mea64c::20170622_patch2::KiloSort2::33,PAIRED_MEA64C_YGER::paired_mea64c::20170622_patch2,PAIRED_MEA64C_YGER,0.0011139992573338284,0.018300389871001244,0.017186390613667415
main,fmiss,contextual_paired_only_lightgbm_filtered,baseline_filtered,lightgbm,PAIRED_MEA64C_YGER::paired_mea64c::20170622_patch2::KiloSort::5,PAIRED_MEA64C_YGER::paired_mea64c::20170622_patch2,PAIRED_MEA64C_YGER,0.0014853323431117712,0.010557017289102077,0.009071684945990307
main,fmiss,contextual_paired_only_lightgbm_filtered,baseline_filtered,lightgbm,PAIRED_MEA64C_YGER::paired_mea64c::20170622_patch2::Klusta::14,PAIRED_MEA64C_YGER::paired_mea64c::20170622_patch2,PAIRED_MEA64C_YGER,0.15893056071295952,0.032840583473443985,0.12608997723951554
main,fmiss,contextual_paired_only_lightgbm_filtered,baseline_filtered,lightgbm,PAIRED_MEA64C_YGER::paired_mea64c::20170622_patch2::MountainSort4::31,PAIRED_MEA64C_YGER::paired_mea64c::20170622_patch2,PAIRED_MEA64C_YGER,0.0003713330857779428,0.003917161375284195,0.0035458282895062523
main,fmiss,contextual_paired_only_lightgbm_filtered,baseline_filtered,lightgbm,PAIRED_MEA64C_YGER::paired_mea64c::20170622_patch2::SpykingCircus::17,PAIRED_MEA64C_YGER::paired_mea64c::20170622_patch2,PAIRED_MEA64C_YGER,0.0003713330857779428,0.020047301426529884,0.019675968340751943
main,fmiss,contextual_paired_only_lightgbm_filtered,baseline_filtered,lightgbm,PAIRED_MEA64C_YGER::paired_mea64c::20170622_patch2::Tridesclous::0,PAIRED_MEA64C_YGER::paired_mea64c::20170622_patch2,PAIRED_MEA64C_YGER,0.0003713330857779428,0.017315665259957314,0.016944332174179372
main,fmiss,embed_nommd_fullctx_lightgbm,embedding_stack,lightgbm,PAIRED_BOYDEN::paired_boyden32c::1103_1_1::IronClust::4,PAIRED_BOYDEN::paired_boyden32c::1103_1_1,PAIRED_BOYDEN,0.1661807580174927,0.19895146787166595,0.03277070985417324
main,fmiss,embed_nommd_fullctx_lightgbm,embedding_stack,lightgbm,PAIRED_BOYDEN::paired_boyden32c::1103_1_1::JRClust::18,PAIRED_BOYDEN::paired_boyden32c::1103_1_1,PAIRED_BOYDEN,0.08551992225461613,0.3322937488555908,0.2467738266009747
main,fmiss,embed_nommd_fullctx_lightgbm,embedding_stack,lightgbm,PAIRED_BOYDEN::paired_boyden32c::1103_1_1::KiloSort2::33,PAIRED_BOYDEN::paired_boyden32c::1103_1_1,PAIRED_BOYDEN,0.42857142857142855,0.36781594157218933,0.06075548699923922
main,fmiss,embed_nommd_fullctx_lightgbm,embedding_stack,lightgbm,PAIRED_BOYDEN::paired_boyden32c::1103_1_1::KiloSort2::55,PAIRED_BOYDEN::paired_boyden32c::1103_1_1,PAIRED_BOYDEN,0.8328474246841594,0.5135042071342468,0.3193432175499126
main,fmiss,embed_nommd_fullctx_lightgbm,embedding_stack,lightgbm,PAIRED_BOYDEN::paired_boyden32c::1103_1_1::KiloSort2::60,PAIRED_BOYDEN::paired_boyden32c::1103_1_1,PAIRED_BOYDEN,0.7580174927113703,0.46845945715904236,0.28955803555232795
main,fmiss,embed_nommd_fullctx_lightgbm,embedding_stack,lightgbm,PAIRED_BOYDEN::paired_boyden32c::1103_1_1::KiloSort::111,PAIRED_BOYDEN::paired_boyden32c::1103_1_1,PAIRED_BOYDEN,0.04081632653061224,0.2620450556278229,0.22122872909721064
main,fmiss,embed_nommd_fullctx_lightgbm,embedding_stack,lightgbm,PAIRED_BOYDEN::paired_boyden32c::1103_1_1::Klusta::12,PAIRED_BOYDEN::paired_boyden32c::1103_1_1,PAIRED_BOYDEN,0.17881438289601556,0.3042789399623871,0.12546455706637152
main,fmiss,embed_nommd_fullctx_lightgbm,embedding_stack,lightgbm,PAIRED_BOYDEN::paired_boyden32c::1103_1_1::MountainSort4::26,PAIRED_BOYDEN::paired_boyden32c::1103_1_1,PAIRED_BOYDEN,0.03595724003887269,0.20423802733421326,0.16828078729534057
main,fmiss,embed_nommd_fullctx_lightgbm,embedding_stack,lightgbm,PAIRED_BOYDEN::paired_boyden32c::1103_1_1::SpykingCircus::27,PAIRED_BOYDEN::paired_boyden32c::1103_1_1,PAIRED_BOYDEN,0.07482993197278912,0.3413902223110199,0.2665602903382308
main,fmiss,embed_nommd_fullctx_lightgbm,embedding_stack,lightgbm,PAIRED_BOYDEN::paired_boyden32c::1103_1_1::Tridesclous::3,PAIRED_BOYDEN::paired_boyden32c::1103_1_1,PAIRED_BOYDEN,0.11273080660835763,0.1764419674873352,0.06371116087897757
main,fmiss,embed_nommd_fullctx_lightgbm,embedding_stack,lightgbm,PAIRED_BOYDEN::paired_boyden32c::419_1_8::IronClust::14,PAIRED_BOYDEN::paired_boyden32c::419_1_8,PAIRED_BOYDEN,0.1489691520694466,0.18792973458766937,0.038960582518222764
main,fmiss,embed_nommd_fullctx_lightgbm,embedding_stack,lightgbm,PAIRED_BOYDEN::paired_boyden32c::419_1_8::IronClust::4,PAIRED_BOYDEN::paired_boyden32c::419_1_8,PAIRED_BOYDEN,0.3614943419624864,0.3447869122028351,0.016707429759651338
main,fmiss,embed_nommd_fullctx_lightgbm,embedding_stack,lightgbm,PAIRED_BOYDEN::paired_boyden32c::419_1_8::JRClust::24,PAIRED_BOYDEN::paired_boyden32c::419_1_8,PAIRED_BOYDEN,0.14617888699426446,0.1823948323726654,0.03621594537840095
main,fmiss,embed_nommd_fullctx_lightgbm,embedding_stack,lightgbm,PAIRED_BOYDEN::paired_boyden32c::419_1_8::JRClust::8,PAIRED_BOYDEN::paired_boyden32c::419_1_8,PAIRED_BOYDEN,0.7484110990544102,0.7639945149421692,0.015583415887759022
main,fmiss,embed_nommd_fullctx_lightgbm,embedding_stack,lightgbm,PAIRED_BOYDEN::paired_boyden32c::419_1_8::KiloSort2::27,PAIRED_BOYDEN::paired_boyden32c::419_1_8,PAIRED_BOYDEN,0.06696636180437142,0.15583361685276031,0.0888672550483889
main,fmiss,embed_nommd_fullctx_lightgbm,embedding_stack,lightgbm,PAIRED_BOYDEN::paired_boyden32c::419_1_8::KiloSort2::46,PAIRED_BOYDEN::paired_boyden32c::419_1_8,PAIRED_BOYDEN,0.11424585335606882,0.2297033965587616,0.11545754320269278
main,fmiss,embed_nommd_fullctx_lightgbm,embedding_stack,lightgbm,PAIRED_BOYDEN::paired_boyden32c::419_1_8::KiloSort::17,PAIRED_BOYDEN::paired_boyden32c::419_1_8,PAIRED_BOYDEN,0.13067741435436367,0.16987141966819763,0.03919400531383396
main,fmiss,embed_nommd_fullctx_lightgbm,embedding_stack,lightgbm,PAIRED_BOYDEN::paired_boyden32c::419_1_8::MountainSort4::42,PAIRED_BOYDEN::paired_boyden32c::419_1_8,PAIRED_BOYDEN,0.12261664858161525,0.1275651603937149,0.004948511812099654
main,fmiss,embed_nommd_fullctx_lightgbm,embedding_stack,lightgbm,PAIRED_BOYDEN::paired_boyden32c::419_1_8::SpykingCircus::24,PAIRED_BOYDEN::paired_boyden32c::419_1_8,PAIRED_BOYDEN,0.8012711207564719,0.7329243421554565,0.06834677860101535
main,fmiss,embed_nommd_fullctx_lightgbm,embedding_stack,lightgbm,PAIRED_BOYDEN::paired_boyden32c::419_1_8::SpykingCircus::28,PAIRED_BOYDEN::paired_boyden32c::419_1_8,PAIRED_BOYDEN,0.12416679584560533,0.18097533285617828,0.05680853701057295
main,fmiss,embed_nommd_fullctx_lightgbm,embedding_stack,lightgbm,PAIRED_BOYDEN::paired_boyden32c::419_1_8::Tridesclous::0,PAIRED_BOYDEN::paired_boyden32c::419_1_8,PAIRED_BOYDEN,0.14447372500387537,0.03245356306433678,0.11202016193953859
main,fmiss,embed_nommd_fullctx_lightgbm,embedding_stack,lightgbm,PAIRED_CRCNS_HC1::paired_crcns::d11221_d11221.001::SpykingCircus::6,PAIRED_CRCNS_HC1::paired_crcns::d11221_d11221.001,PAIRED_CRCNS_HC1,0.2845528455284553,0.4519927203655243,0.167439874837069
main,fmiss,embed_nommd_fullctx_lightgbm,embedding_stack,lightgbm,PAIRED_CRCNS_HC1::paired_crcns::d11222_d11222.002::IronClust::2,PAIRED_CRCNS_HC1::paired_crcns::d11222_d11222.002,PAIRED_CRCNS_HC1,0.017310252996005325,0.11009318381547928,0.09278293081947395
main,fmiss,embed_nommd_fullctx_lightgbm,embedding_stack,lightgbm,PAIRED_CRCNS_HC1::paired_crcns::d11222_d11222.002::JRClust::3,PAIRED_CRCNS_HC1::paired_crcns::d11222_d11222.002,PAIRED_CRCNS_HC1,0.07323568575233022,0.14903835952281952,0.0758026737704893
main,fmiss,embed_nommd_fullctx_lightgbm,embedding_stack,lightgbm,PAIRED_CRCNS_HC1::paired_crcns::d11222_d11222.002::KiloSort2::10,PAIRED_CRCNS_HC1::paired_crcns::d11222_d11222.002,PAIRED_CRCNS_HC1,0.5339547270306259,0.09410768002271652,0.43984704700790933
main,fmiss,embed_nommd_fullctx_lightgbm,embedding_stack,lightgbm,PAIRED_CRCNS_HC1::paired_crcns::d11222_d11222.002::KiloSort::1,PAIRED_CRCNS_HC1::paired_crcns::d11222_d11222.002,PAIRED_CRCNS_HC1,0.03595206391478029,0.11495889723300934,0.07900683331822905
main,fmiss,embed_nommd_fullctx_lightgbm,embedding_stack,lightgbm,PAIRED_CRCNS_HC1::paired_crcns::d11222_d11222.002::Klusta::2,PAIRED_CRCNS_HC1::paired_crcns::d11222_d11222.002,PAIRED_CRCNS_HC1,0.022636484687083888,0.08437792956829071,0.06174144488120682
main,fmiss,embed_nommd_fullctx_lightgbm,embedding_stack,lightgbm,PAIRED_CRCNS_HC1::paired_crcns::d11222_d11222.002::MountainSort4::4,PAIRED_CRCNS_HC1::paired_crcns::d11222_d11222.002,PAIRED_CRCNS_HC1,0.20372836218375498,0.058467477560043335,0.14526088462371164
main,fmiss,embed_nommd_fullctx_lightgbm,embedding_stack,lightgbm,PAIRED_CRCNS_HC1::paired_crcns::d11222_d11222.002::SpykingCircus::4,PAIRED_CRCNS_HC1::paired_crcns::d11222_d11222.002,PAIRED_CRCNS_HC1,0.1151797603195739,0.12918001413345337,0.014000253813879468
main,fmiss,embed_nommd_fullctx_lightgbm,embedding_stack,lightgbm,PAIRED_CRCNS_HC1::paired_crcns::d11222_d11222.002::Tridesclous::0,PAIRED_CRCNS_HC1::paired_crcns::d11222_d11222.002,PAIRED_CRCNS_HC1,0.014647137150466045,0.10610111802816391,0.09145398087769786
main,fmiss,embed_nommd_fullctx_lightgbm,embedding_stack,lightgbm,PAIRED_ENGLISH::paired_english::m139_200114_191955::KiloSort2::25,PAIRED_ENGLISH::paired_english::m139_200114_191955,PAIRED_ENGLISH,0.8107276747092185,0.31309255957603455,0.4976351151331839
main,fmiss,embed_nommd_fullctx_lightgbm,embedding_stack,lightgbm,PAIRED_ENGLISH::paired_english::m139_200114_191955::MountainSort4::36,PAIRED_ENGLISH::paired_english::m139_200114_191955,PAIRED_ENGLISH,0.6701912909737576,0.26698118448257446,0.40321010649118316
main,fmiss,embed_nommd_fullctx_lightgbm,embedding_stack,lightgbm,PAIRED_ENGLISH::paired_english::m139_200114_191955::SpykingCircus::42,PAIRED_ENGLISH::paired_english::m139_200114_191955,PAIRED_ENGLISH,0.8063058733057772,0.6031986474990845,0.20310722580669271
main,fmiss,embed_nommd_fullctx_lightgbm,embedding_stack,lightgbm,PAIRED_ENGLISH::paired_english::m139_200114_222743::HerdingSpikes2::5,PAIRED_ENGLISH::paired_english::m139_200114_222743,PAIRED_ENGLISH,0.022052337547780066,0.24996709823608398,0.2279147606883039
main,fmiss,embed_nommd_fullctx_lightgbm,embedding_stack,lightgbm,PAIRED_ENGLISH::paired_english::m139_200114_222743::IronClust::17,PAIRED_ENGLISH::paired_english::m139_200114_222743,PAIRED_ENGLISH,0.01587768303440165,0.3372713625431061,0.32139367950870446
main,fmiss,embed_nommd_fullctx_lightgbm,embedding_stack,lightgbm,PAIRED_ENGLISH::paired_english::m139_200114_222743::KiloSort2::26,PAIRED_ENGLISH::paired_english::m139_200114_222743,PAIRED_ENGLISH,0.002940311673037342,0.37414413690567017,0.37120382523263284
main,fmiss,embed_nommd_fullctx_lightgbm,embedding_stack,lightgbm,PAIRED_ENGLISH::paired_english::m139_200114_222743::KiloSort::88,PAIRED_ENGLISH::paired_english::m139_200114_222743,PAIRED_ENGLISH,0.006174654513378418,0.3130282461643219,0.3068535916509435
main,fmiss,embed_nommd_fullctx_lightgbm,embedding_stack,lightgbm,PAIRED_ENGLISH::paired_english::m139_200114_222743::MountainSort4::46,PAIRED_ENGLISH::paired_english::m139_200114_222743,PAIRED_ENGLISH,0.00911496618641576,0.3957850933074951,0.38667012712107934
main,fmiss,embed_nommd_fullctx_lightgbm,embedding_stack,lightgbm,PAIRED_ENGLISH::paired_english::m139_200114_222743::SpykingCircus::44,PAIRED_ENGLISH::paired_english::m139_200114_222743,PAIRED_ENGLISH,0.0020582181711261394,0.24027445912361145,0.2382162409524853
main,fmiss,embed_nommd_fullctx_lightgbm,embedding_stack,lightgbm,PAIRED_ENGLISH::paired_english::m139_200114_222743::Tridesclous::1,PAIRED_ENGLISH::paired_english::m139_200114_222743,PAIRED_ENGLISH,0.004998529844163481,0.18286141753196716,0.17786288768780367
main,fmiss,embed_nommd_fullctx_lightgbm,embedding_stack,lightgbm,PAIRED_ENGLISH::paired_english::m14_190326_155432::IronClust::22,PAIRED_ENGLISH::paired_english::m14_190326_155432,PAIRED_ENGLISH,0.13721413721413722,0.5308088660240173,0.3935947288098801
main,fmiss,embed_nommd_fullctx_lightgbm,embedding_stack,lightgbm,PAIRED_ENGLISH::paired_english::m14_190326_155432::MountainSort4::33,PAIRED_ENGLISH::paired_english::m14_190326_155432,PAIRED_ENGLISH,0.09147609147609148,0.5133733749389648,0.42189728346287336
main,fmiss,embed_nommd_fullctx_lightgbm,embedding_stack,lightgbm,PAIRED_ENGLISH::paired_english::m14_190326_155432::SpykingCircus::38,PAIRED_ENGLISH::paired_english::m14_190326_155432,PAIRED_ENGLISH,0.079002079002079,0.5271110534667969,0.44810897446471787
main,fmiss,embed_nommd_fullctx_lightgbm,embedding_stack,lightgbm,PAIRED_ENGLISH::paired_english::m15_190315_142052_cell1::IronClust::40,PAIRED_ENGLISH::paired_english::m15_190315_142052_cell1,PAIRED_ENGLISH,0.24027594305005137,0.17075739800930023,0.06951854504075114
main,fmiss,embed_nommd_fullctx_lightgbm,embedding_stack,lightgbm,PAIRED_ENGLISH::paired_english::m15_190315_142052_cell1::KiloSort2::48,PAIRED_ENGLISH::paired_english::m15_190315_142052_cell1,PAIRED_ENGLISH,0.3173345075590782,0.18615993857383728,0.13117456898524094
main,fmiss,embed_nommd_fullctx_lightgbm,embedding_stack,lightgbm,PAIRED_ENGLISH::paired_english::m15_190315_142052_cell1::MountainSort4::62,PAIRED_ENGLISH::paired_english::m15_190315_142052_cell1,PAIRED_ENGLISH,0.5289886980772054,0.3033560812473297,0.22563261682987568
main,fmiss,embed_nommd_fullctx_lightgbm,embedding_stack,lightgbm,PAIRED_ENGLISH::paired_english::m15_190315_142052_cell1::MountainSort4::64,PAIRED_ENGLISH::paired_english::m15_190315_142052_cell1,PAIRED_ENGLISH,0.6713635696462645,0.5465891361236572,0.12477443352260731
main,fmiss,embed_nommd_fullctx_lightgbm,embedding_stack,lightgbm,PAIRED_ENGLISH::paired_english::m15_190315_142052_cell1::SpykingCircus::22,PAIRED_ENGLISH::paired_english::m15_190315_142052_cell1,PAIRED_ENGLISH,0.35975341259357113,0.48273301124572754,0.12297959865215641
main,fmiss,embed_nommd_fullctx_lightgbm,embedding_stack,lightgbm,PAIRED_ENGLISH::paired_english::m15_190315_142052_cell1::SpykingCircus::57,PAIRED_ENGLISH::paired_english::m15_190315_142052_cell1,PAIRED_ENGLISH,0.8711287244972846,0.5666437745094299,0.3044849499878547
main,fmiss,embed_nommd_fullctx_lightgbm,embedding_stack,lightgbm,PAIRED_ENGLISH::paired_english::m15_190315_152315_cell1::IronClust::35,PAIRED_ENGLISH::paired_english::m15_190315_152315_cell1,PAIRED_ENGLISH,0.04922936853742602,0.1255994290113449,0.0763700604739189
main,fmiss,embed_nommd_fullctx_lightgbm,embedding_stack,lightgbm,PAIRED_ENGLISH::paired_english::m15_190315_152315_cell1::KiloSort2::37,PAIRED_ENGLISH::paired_english::m15_190315_152315_cell1,PAIRED_ENGLISH,0.0014307082005592768,0.044797491282224655,0.043366783081665375
main,fmiss,embed_nommd_fullctx_lightgbm,embedding_stack,lightgbm,PAIRED_ENGLISH::paired_english::m15_190315_152315_cell1::KiloSort::1,PAIRED_ENGLISH::paired_english::m15_190315_152315_cell1,PAIRED_ENGLISH,0.003901931456070755,0.09203287959098816,0.0881309481349174
main,fmiss,embed_nommd_fullctx_lightgbm,embedding_stack,lightgbm,PAIRED_ENGLISH::paired_english::m15_190315_152315_cell1::MountainSort4::72,PAIRED_ENGLISH::paired_english::m15_190315_152315_cell1,PAIRED_ENGLISH,0.03479222214996423,0.2303645759820938,0.19557235383212956
main,fmiss,embed_nommd_fullctx_lightgbm,embedding_stack,lightgbm,PAIRED_ENGLISH::paired_english::m15_190315_152315_cell1::SpykingCircus::46,PAIRED_ENGLISH::paired_english::m15_190315_152315_cell1,PAIRED_ENGLISH,0.0018859335371008649,0.08492451906204224,0.08303858552494137
main,fmiss,embed_nommd_fullctx_lightgbm,embedding_stack,lightgbm,PAIRED_ENGLISH::paired_english::m15_190315_152315_cell1::Tridesclous::0,PAIRED_ENGLISH::paired_english::m15_190315_152315_cell1,PAIRED_ENGLISH,0.2026403069519412,0.12800650298595428,0.07463380396598693
main,fmiss,embed_nommd_fullctx_lightgbm,embedding_stack,lightgbm,PAIRED_ENGLISH::paired_english::m26_190524_100859_cell1::KiloSort2::0,PAIRED_ENGLISH::paired_english::m26_190524_100859_cell1,PAIRED_ENGLISH,0.3453815261044177,0.37748223543167114,0.03210070932725345
main,fmiss,embed_nommd_fullctx_lightgbm,embedding_stack,lightgbm,PAIRED_ENGLISH::paired_english::m26_190524_100859_cell1::KiloSort::19,PAIRED_ENGLISH::paired_english::m26_190524_100859_cell1,PAIRED_ENGLISH,0.5522088353413654,0.2934718132019043,0.25873702213946115
main,fmiss,embed_nommd_fullctx_lightgbm,embedding_stack,lightgbm,PAIRED_ENGLISH::paired_english::m26_190524_100859_cell1::KiloSort::8,PAIRED_ENGLISH::paired_english::m26_190524_100859_cell1,PAIRED_ENGLISH,0.7610441767068273,0.33675113320350647,0.42429304350332087
main,fmiss,embed_nommd_fullctx_lightgbm,embedding_stack,lightgbm,PAIRED_ENGLISH::paired_english::m57_191105_141906::IronClust::6,PAIRED_ENGLISH::paired_english::m57_191105_141906,PAIRED_ENGLISH,0.12826603325415678,0.5303453207015991,0.40207928744744237
main,fmiss,embed_nommd_fullctx_lightgbm,embedding_stack,lightgbm,PAIRED_ENGLISH::paired_english::m57_191105_141906::KiloSort::47,PAIRED_ENGLISH::paired_english::m57_191105_141906,PAIRED_ENGLISH,0.04829770387965162,0.31862911581993103,0.27033141194027943
main,fmiss,embed_nommd_fullctx_lightgbm,embedding_stack,lightgbm,PAIRED_ENGLISH::paired_english::m57_191105_141906::MountainSort4::21,PAIRED_ENGLISH::paired_english::m57_191105_141906,PAIRED_ENGLISH,0.1187648456057007,0.4195958971977234,0.30083105159202267
main,fmiss,embed_nommd_fullctx_lightgbm,embedding_stack,lightgbm,PAIRED_ENGLISH::paired_english::m57_191105_141906::MountainSort4::57,PAIRED_ENGLISH::paired_english::m57_191105_141906,PAIRED_ENGLISH,0.5399841646872525,0.49258607625961304,0.047398088427639484
main,fmiss,embed_nommd_fullctx_lightgbm,embedding_stack,lightgbm,PAIRED_ENGLISH::paired_english::m57_191105_141906::SpykingCircus::12,PAIRED_ENGLISH::paired_english::m57_191105_141906,PAIRED_ENGLISH,0.5859065716547902,0.6719107627868652,0.08600419113207503
main,fmiss,embed_nommd_fullctx_lightgbm,embedding_stack,lightgbm,PAIRED_ENGLISH::paired_english::m57_191105_141906::SpykingCircus::30,PAIRED_ENGLISH::paired_english::m57_191105_141906,PAIRED_ENGLISH,0.46872525732383213,0.3561176657676697,0.11260759155616246
main,fmiss,embed_nommd_fullctx_lightgbm,embedding_stack,lightgbm,PAIRED_ENGLISH::paired_english::m57_191105_160026::HerdingSpikes2::1,PAIRED_ENGLISH::paired_english::m57_191105_160026,PAIRED_ENGLISH,0.7557251908396947,0.2007567137479782,0.5549684770917165
main,fmiss,embed_nommd_fullctx_lightgbm,embedding_stack,lightgbm,PAIRED_ENGLISH::paired_english::m57_191105_160026::IronClust::2,PAIRED_ENGLISH::paired_english::m57_191105_160026,PAIRED_ENGLISH,0.7206106870229008,0.3094489276409149,0.41116175938198585
main,fmiss,embed_nommd_fullctx_lightgbm,embedding_stack,lightgbm,PAIRED_ENGLISH::paired_english::m57_191105_160026::IronClust::3,PAIRED_ENGLISH::paired_english::m57_191105_160026,PAIRED_ENGLISH,0.5629770992366412,0.3405095934867859,0.2224675057498553
main,fmiss,embed_nommd_fullctx_lightgbm,embedding_stack,lightgbm,PAIRED_ENGLISH::paired_english::m57_191105_160026::KiloSort::127,PAIRED_ENGLISH::paired_english::m57_191105_160026,PAIRED_ENGLISH,0.7213740458015268,0.28470906615257263,0.4366649796489541
main,fmiss,embed_nommd_fullctx_lightgbm,embedding_stack,lightgbm,PAIRED_ENGLISH::paired_english::m57_191105_160026::KiloSort::6,PAIRED_ENGLISH::paired_english::m57_191105_160026,PAIRED_ENGLISH,0.5885496183206107,0.30981069803237915,0.27873892028823155
main,fmiss,embed_nommd_fullctx_lightgbm,embedding_stack,lightgbm,PAIRED_ENGLISH::paired_english::m57_191105_160026::MountainSort4::23,PAIRED_ENGLISH::paired_english::m57_191105_160026,PAIRED_ENGLISH,0.8603053435114504,0.5747032165527344,0.285602126958716
main,fmiss,embed_nommd_fullctx_lightgbm,embedding_stack,lightgbm,PAIRED_ENGLISH::paired_english::m57_191105_160026::MountainSort4::25,PAIRED_ENGLISH::paired_english::m57_191105_160026,PAIRED_ENGLISH,0.5545801526717558,0.1961957961320877,0.35838435653966805
main,fmiss,embed_nommd_fullctx_lightgbm,embedding_stack,lightgbm,PAIRED_ENGLISH::paired_english::m57_191105_160026::SpykingCircus::2,PAIRED_ENGLISH::paired_english::m57_191105_160026,PAIRED_ENGLISH,0.7709923664122137,0.21185077726840973,0.559141589143804
main,fmiss,embed_nommd_fullctx_lightgbm,embedding_stack,lightgbm,PAIRED_ENGLISH::paired_english::m57_191105_160026::SpykingCircus::4,PAIRED_ENGLISH::paired_english::m57_191105_160026,PAIRED_ENGLISH,0.5625954198473282,0.3362484574317932,0.22634696241553498
main,fmiss,embed_nommd_fullctx_lightgbm,embedding_stack,lightgbm,PAIRED_ENGLISH::paired_english::m57_191105_160026::Tridesclous::0,PAIRED_ENGLISH::paired_english::m57_191105_160026,PAIRED_ENGLISH,0.7061068702290076,0.06738877296447754,0.6387180972645301
main,fmiss,embed_nommd_fullctx_lightgbm,embedding_stack,lightgbm,PAIRED_KAMPFF::paired_kampff::c14::HerdingSpikes2::6,PAIRED_KAMPFF::paired_kampff::c14,PAIRED_KAMPFF,0.35151068533529845,0.4880508482456207,0.13654016291032228
main,fmiss,embed_nommd_fullctx_lightgbm,embedding_stack,lightgbm,PAIRED_KAMPFF::paired_kampff::c14::IronClust::22,PAIRED_KAMPFF::paired_kampff::c14,PAIRED_KAMPFF,0.25036845983787764,0.35963672399520874,0.1092682641573311
main,fmiss,embed_nommd_fullctx_lightgbm,embedding_stack,lightgbm,PAIRED_KAMPFF::paired_kampff::c14::KiloSort2::37,PAIRED_KAMPFF::paired_kampff::c14,PAIRED_KAMPFF,0.14296241709653648,0.31312158703804016,0.17015916994150368
main,fmiss,embed_nommd_fullctx_lightgbm,embedding_stack,lightgbm,PAIRED_KAMPFF::paired_kampff::c14::MountainSort4::42,PAIRED_KAMPFF::paired_kampff::c14,PAIRED_KAMPFF,0.32221812822402357,0.28927284479141235,0.032945283432611217
main,fmiss,embed_nommd_fullctx_lightgbm,embedding_stack,lightgbm,PAIRED_KAMPFF::paired_kampff::c14::SpykingCircus::14,PAIRED_KAMPFF::paired_kampff::c14,PAIRED_KAMPFF,0.21868091378039795,0.3225362300872803,0.10385531630688233
main,fmiss,embed_nommd_fullctx_lightgbm,embedding_stack,lightgbm,PAIRED_KAMPFF::paired_kampff::c14::Tridesclous::8,PAIRED_KAMPFF::paired_kampff::c14,PAIRED_KAMPFF,0.20910095799557848,0.16004353761672974,0.04905742037884875
main,fmiss,embed_nommd_fullctx_lightgbm,embedding_stack,lightgbm,PAIRED_MEA64C_YGER::paired_mea64c::20170622_patch1::HerdingSpikes2::19,PAIRED_MEA64C_YGER::paired_mea64c::20170622_patch1,PAIRED_MEA64C_YGER,0.8533362695441533,0.7688375115394592,0.08449875800469409
main,fmiss,embed_nommd_fullctx_lightgbm,embedding_stack,lightgbm,PAIRED_MEA64C_YGER::paired_mea64c::20170622_patch1::HerdingSpikes2::7,PAIRED_MEA64C_YGER::paired_mea64c::20170622_patch1,PAIRED_MEA64C_YGER,0.18343977097555605,0.28887471556663513,0.10543494459107908
main,fmiss,embed_nommd_fullctx_lightgbm,embedding_stack,lightgbm,PAIRED_MEA64C_YGER::paired_mea64c::20170622_patch1::IronClust::8,PAIRED_MEA64C_YGER::paired_mea64c::20170622_patch1,PAIRED_MEA64C_YGER,0.027747192248403437,0.022874876856803894,0.004872315391599543
main,fmiss,embed_nommd_fullctx_lightgbm,embedding_stack,lightgbm,PAIRED_MEA64C_YGER::paired_mea64c::20170622_patch1::KiloSort2::23,PAIRED_MEA64C_YGER::paired_mea64c::20170622_patch1,PAIRED_MEA64C_YGER,0.0008808632459810614,0.04080798849463463,0.039927125248653564
main,fmiss,embed_nommd_fullctx_lightgbm,embedding_stack,lightgbm,PAIRED_MEA64C_YGER::paired_mea64c::20170622_patch1::KiloSort::64,PAIRED_MEA64C_YGER::paired_mea64c::20170622_patch1,PAIRED_MEA64C_YGER,0.03457388240475666,0.04638466238975525,0.01181077998499859
main,fmiss,embed_nommd_fullctx_lightgbm,embedding_stack,lightgbm,PAIRED_MEA64C_YGER::paired_mea64c::20170622_patch1::Klusta::4,PAIRED_MEA64C_YGER::paired_mea64c::20170622_patch1,PAIRED_MEA64C_YGER,0.17441092270425015,0.04624960198998451,0.12816132071426564
main,fmiss,embed_nommd_fullctx_lightgbm,embedding_stack,lightgbm,PAIRED_MEA64C_YGER::paired_mea64c::20170622_patch1::MountainSort4::43,PAIRED_MEA64C_YGER::paired_mea64c::20170622_patch1,PAIRED_MEA64C_YGER,0.02510460251046025,0.1623808741569519,0.13727627164649164
main,fmiss,embed_nommd_fullctx_lightgbm,embedding_stack,lightgbm,PAIRED_MEA64C_YGER::paired_mea64c::20170622_patch1::SpykingCircus::18,PAIRED_MEA64C_YGER::paired_mea64c::20170622_patch1,PAIRED_MEA64C_YGER,0.0028628055494384495,0.03834916651248932,0.03548636096305087
main,fmiss,embed_nommd_fullctx_lightgbm,embedding_stack,lightgbm,PAIRED_MEA64C_YGER::paired_mea64c::20170622_patch1::Tridesclous::12,PAIRED_MEA64C_YGER::paired_mea64c::20170622_patch1,PAIRED_MEA64C_YGER,0.026425897379431844,0.04318269342184067,0.016756796042408824
main,fmiss,embed_nommd_fullctx_lightgbm,embedding_stack,lightgbm,PAIRED_MEA64C_YGER::paired_mea64c::20170622_patch2::HerdingSpikes2::16,PAIRED_MEA64C_YGER::paired_mea64c::20170622_patch2,PAIRED_MEA64C_YGER,0.6606015595989603,0.4891884922981262,0.17141306730083405
main,fmiss,embed_nommd_fullctx_lightgbm,embedding_stack,lightgbm,PAIRED_MEA64C_YGER::paired_mea64c::20170622_patch2::HerdingSpikes2::44,PAIRED_MEA64C_YGER::paired_mea64c::20170622_patch2,PAIRED_MEA64C_YGER,0.8756034162643892,0.6740215420722961,0.20158187419209306
main,fmiss,embed_nommd_fullctx_lightgbm,embedding_stack,lightgbm,PAIRED_MEA64C_YGER::paired_mea64c::20170622_patch2::HerdingSpikes2::5,PAIRED_MEA64C_YGER::paired_mea64c::20170622_patch2,PAIRED_MEA64C_YGER,0.008169327887114742,0.026123929768800735,0.017954601881685996
main,fmiss,embed_nommd_fullctx_lightgbm,embedding_stack,lightgbm,PAIRED_MEA64C_YGER::paired_mea64c::20170622_patch2::IronClust::11,PAIRED_MEA64C_YGER::paired_mea64c::20170622_patch2,PAIRED_MEA64C_YGER,0.0003713330857779428,0.006114455871284008,0.005743122785506065
main,fmiss,embed_nommd_fullctx_lightgbm,embedding_stack,lightgbm,PAIRED_MEA64C_YGER::paired_mea64c::20170622_patch2::JRClust::31,PAIRED_MEA64C_YGER::paired_mea64c::20170622_patch2,PAIRED_MEA64C_YGER,0.0029706646862235424,0.009268512949347496,0.006297848263123953
main,fmiss,embed_nommd_fullctx_lightgbm,embedding_stack,lightgbm,PAIRED_MEA64C_YGER::paired_mea64c::20170622_patch2::KiloSort2::33,PAIRED_MEA64C_YGER::paired_mea64c::20170622_patch2,PAIRED_MEA64C_YGER,0.0011139992573338284,0.007046312093734741,0.005932312836400912
main,fmiss,embed_nommd_fullctx_lightgbm,embedding_stack,lightgbm,PAIRED_MEA64C_YGER::paired_mea64c::20170622_patch2::KiloSort::5,PAIRED_MEA64C_YGER::paired_mea64c::20170622_patch2,PAIRED_MEA64C_YGER,0.0014853323431117712,0.006552577018737793,0.0050672446756260215
main,fmiss,embed_nommd_fullctx_lightgbm,embedding_stack,lightgbm,PAIRED_MEA64C_YGER::paired_mea64c::20170622_patch2::Klusta::14,PAIRED_MEA64C_YGER::paired_mea64c::20170622_patch2,PAIRED_MEA64C_YGER,0.15893056071295952,0.011713928543031216,0.1472166321699283
main,fmiss,embed_nommd_fullctx_lightgbm,embedding_stack,lightgbm,PAIRED_MEA64C_YGER::paired_mea64c::20170622_patch2::MountainSort4::31,PAIRED_MEA64C_YGER::paired_mea64c::20170622_patch2,PAIRED_MEA64C_YGER,0.0003713330857779428,0.004264705814421177,0.0038933727286432343
main,fmiss,embed_nommd_fullctx_lightgbm,embedding_stack,lightgbm,PAIRED_MEA64C_YGER::paired_mea64c::20170622_patch2::SpykingCircus::17,PAIRED_MEA64C_YGER::paired_mea64c::20170622_patch2,PAIRED_MEA64C_YGER,0.0003713330857779428,0.008030000142753124,0.007658667056975182
main,fmiss,embed_nommd_fullctx_lightgbm,embedding_stack,lightgbm,PAIRED_MEA64C_YGER::paired_mea64c::20170622_patch2::Tridesclous::0,PAIRED_MEA64C_YGER::paired_mea64c::20170622_patch2,PAIRED_MEA64C_YGER,0.0003713330857779428,0.007694918662309647,0.007323585576531704
main,fmiss,embed_nommd_fullctx_lightgbm_filtered,embedding_stack_filtered,lightgbm,PAIRED_BOYDEN::paired_boyden32c::1103_1_1::IronClust::4,PAIRED_BOYDEN::paired_boyden32c::1103_1_1,PAIRED_BOYDEN,0.1661807580174927,0.3561561405658722,0.18997538254837948
main,fmiss,embed_nommd_fullctx_lightgbm_filtered,embedding_stack_filtered,lightgbm,PAIRED_BOYDEN::paired_boyden32c::1103_1_1::JRClust::18,PAIRED_BOYDEN::paired_boyden32c::1103_1_1,PAIRED_BOYDEN,0.08551992225461613,0.24754102528095245,0.16202110302633632
main,fmiss,embed_nommd_fullctx_lightgbm_filtered,embedding_stack_filtered,lightgbm,PAIRED_BOYDEN::paired_boyden32c::1103_1_1::KiloSort2::33,PAIRED_BOYDEN::paired_boyden32c::1103_1_1,PAIRED_BOYDEN,0.42857142857142855,0.48749837279319763,0.058926944221769084
main,fmiss,embed_nommd_fullctx_lightgbm_filtered,embedding_stack_filtered,lightgbm,PAIRED_BOYDEN::paired_boyden32c::1103_1_1::KiloSort2::55,PAIRED_BOYDEN::paired_boyden32c::1103_1_1,PAIRED_BOYDEN,0.8328474246841594,0.41554200649261475,0.41730541819154465
main,fmiss,embed_nommd_fullctx_lightgbm_filtered,embedding_stack_filtered,lightgbm,PAIRED_BOYDEN::paired_boyden32c::1103_1_1::KiloSort2::60,PAIRED_BOYDEN::paired_boyden32c::1103_1_1,PAIRED_BOYDEN,0.7580174927113703,0.486193984746933,0.2718235079644373
main,fmiss,embed_nommd_fullctx_lightgbm_filtered,embedding_stack_filtered,lightgbm,PAIRED_BOYDEN::paired_boyden32c::1103_1_1::KiloSort::111,PAIRED_BOYDEN::paired_boyden32c::1103_1_1,PAIRED_BOYDEN,0.04081632653061224,0.2743828594684601,0.23356653293784785
main,fmiss,embed_nommd_fullctx_lightgbm_filtered,embedding_stack_filtered,lightgbm,PAIRED_BOYDEN::paired_boyden32c::1103_1_1::Klusta::12,PAIRED_BOYDEN::paired_boyden32c::1103_1_1,PAIRED_BOYDEN,0.17881438289601556,0.2746596038341522,0.09584522093813666
main,fmiss,embed_nommd_fullctx_lightgbm_filtered,embedding_stack_filtered,lightgbm,PAIRED_BOYDEN::paired_boyden32c::1103_1_1::MountainSort4::26,PAIRED_BOYDEN::paired_boyden32c::1103_1_1,PAIRED_BOYDEN,0.03595724003887269,0.26347067952156067,0.22751343948268798
main,fmiss,embed_nommd_fullctx_lightgbm_filtered,embedding_stack_filtered,lightgbm,PAIRED_BOYDEN::paired_boyden32c::1103_1_1::SpykingCircus::27,PAIRED_BOYDEN::paired_boyden32c::1103_1_1,PAIRED_BOYDEN,0.07482993197278912,0.3541863262653351,0.279356394292546
main,fmiss,embed_nommd_fullctx_lightgbm_filtered,embedding_stack_filtered,lightgbm,PAIRED_BOYDEN::paired_boyden32c::1103_1_1::Tridesclous::3,PAIRED_BOYDEN::paired_boyden32c::1103_1_1,PAIRED_BOYDEN,0.11273080660835763,0.19301855564117432,0.08028774903281669
main,fmiss,embed_nommd_fullctx_lightgbm_filtered,embedding_stack_filtered,lightgbm,PAIRED_BOYDEN::paired_boyden32c::419_1_8::IronClust::14,PAIRED_BOYDEN::paired_boyden32c::419_1_8,PAIRED_BOYDEN,0.1489691520694466,0.08920256048440933,0.059766591585037276
main,fmiss,embed_nommd_fullctx_lightgbm_filtered,embedding_stack_filtered,lightgbm,PAIRED_BOYDEN::paired_boyden32c::419_1_8::IronClust::4,PAIRED_BOYDEN::paired_boyden32c::419_1_8,PAIRED_BOYDEN,0.3614943419624864,0.16172215342521667,0.19977218853726975
main,fmiss,embed_nommd_fullctx_lightgbm_filtered,embedding_stack_filtered,lightgbm,PAIRED_BOYDEN::paired_boyden32c::419_1_8::JRClust::24,PAIRED_BOYDEN::paired_boyden32c::419_1_8,PAIRED_BOYDEN,0.14617888699426446,0.13313686847686768,0.01304201851739678
main,fmiss,embed_nommd_fullctx_lightgbm_filtered,embedding_stack_filtered,lightgbm,PAIRED_BOYDEN::paired_boyden32c::419_1_8::JRClust::8,PAIRED_BOYDEN::paired_boyden32c::419_1_8,PAIRED_BOYDEN,0.7484110990544102,0.5202236175537109,0.22818748150069923
main,fmiss,embed_nommd_fullctx_lightgbm_filtered,embedding_stack_filtered,lightgbm,PAIRED_BOYDEN::paired_boyden32c::419_1_8::KiloSort2::27,PAIRED_BOYDEN::paired_boyden32c::419_1_8,PAIRED_BOYDEN,0.06696636180437142,0.12526573240756989,0.05829937060319847
main,fmiss,embed_nommd_fullctx_lightgbm_filtered,embedding_stack_filtered,lightgbm,PAIRED_BOYDEN::paired_boyden32c::419_1_8::KiloSort2::46,PAIRED_BOYDEN::paired_boyden32c::419_1_8,PAIRED_BOYDEN,0.11424585335606882,0.18972180783748627,0.07547595448141745
main,fmiss,embed_nommd_fullctx_lightgbm_filtered,embedding_stack_filtered,lightgbm,PAIRED_BOYDEN::paired_boyden32c::419_1_8::KiloSort::17,PAIRED_BOYDEN::paired_boyden32c::419_1_8,PAIRED_BOYDEN,0.13067741435436367,0.125591441988945,0.005085972365418662
main,fmiss,embed_nommd_fullctx_lightgbm_filtered,embedding_stack_filtered,lightgbm,PAIRED_BOYDEN::paired_boyden32c::419_1_8::MountainSort4::42,PAIRED_BOYDEN::paired_boyden32c::419_1_8,PAIRED_BOYDEN,0.12261664858161525,0.0818965882062912,0.04072006037532405
main,fmiss,embed_nommd_fullctx_lightgbm_filtered,embedding_stack_filtered,lightgbm,PAIRED_BOYDEN::paired_boyden32c::419_1_8::SpykingCircus::24,PAIRED_BOYDEN::paired_boyden32c::419_1_8,PAIRED_BOYDEN,0.8012711207564719,0.642281174659729,0.15898994609674288
main,fmiss,embed_nommd_fullctx_lightgbm_filtered,embedding_stack_filtered,lightgbm,PAIRED_BOYDEN::paired_boyden32c::419_1_8::SpykingCircus::28,PAIRED_BOYDEN::paired_boyden32c::419_1_8,PAIRED_BOYDEN,0.12416679584560533,0.10260612517595291,0.02156067066965242
main,fmiss,embed_nommd_fullctx_lightgbm_filtered,embedding_stack_filtered,lightgbm,PAIRED_BOYDEN::paired_boyden32c::419_1_8::Tridesclous::0,PAIRED_BOYDEN::paired_boyden32c::419_1_8,PAIRED_BOYDEN,0.14447372500387537,0.037522315979003906,0.10695140902487146
main,fmiss,embed_nommd_fullctx_lightgbm_filtered,embedding_stack_filtered,lightgbm,PAIRED_CRCNS_HC1::paired_crcns::d11221_d11221.001::SpykingCircus::6,PAIRED_CRCNS_HC1::paired_crcns::d11221_d11221.001,PAIRED_CRCNS_HC1,0.2845528455284553,0.507073700428009,0.22252085489955375
main,fmiss,embed_nommd_fullctx_lightgbm_filtered,embedding_stack_filtered,lightgbm,PAIRED_CRCNS_HC1::paired_crcns::d11222_d11222.002::IronClust::2,PAIRED_CRCNS_HC1::paired_crcns::d11222_d11222.002,PAIRED_CRCNS_HC1,0.017310252996005325,0.05759964883327484,0.040289395837269516
main,fmiss,embed_nommd_fullctx_lightgbm_filtered,embedding_stack_filtered,lightgbm,PAIRED_CRCNS_HC1::paired_crcns::d11222_d11222.002::JRClust::3,PAIRED_CRCNS_HC1::paired_crcns::d11222_d11222.002,PAIRED_CRCNS_HC1,0.07323568575233022,0.06758708506822586,0.00564860068410436
main,fmiss,embed_nommd_fullctx_lightgbm_filtered,embedding_stack_filtered,lightgbm,PAIRED_CRCNS_HC1::paired_crcns::d11222_d11222.002::KiloSort2::10,PAIRED_CRCNS_HC1::paired_crcns::d11222_d11222.002,PAIRED_CRCNS_HC1,0.5339547270306259,0.05111752450466156,0.4828372025259643
main,fmiss,embed_nommd_fullctx_lightgbm_filtered,embedding_stack_filtered,lightgbm,PAIRED_CRCNS_HC1::paired_crcns::d11222_d11222.002::KiloSort::1,PAIRED_CRCNS_HC1::paired_crcns::d11222_d11222.002,PAIRED_CRCNS_HC1,0.03595206391478029,0.03662271052598953,0.0006706466112092399
main,fmiss,embed_nommd_fullctx_lightgbm_filtered,embedding_stack_filtered,lightgbm,PAIRED_CRCNS_HC1::paired_crcns::d11222_d11222.002::Klusta::2,PAIRED_CRCNS_HC1::paired_crcns::d11222_d11222.002,PAIRED_CRCNS_HC1,0.022636484687083888,0.03908225893974304,0.016445774252659154
main,fmiss,embed_nommd_fullctx_lightgbm_filtered,embedding_stack_filtered,lightgbm,PAIRED_CRCNS_HC1::paired_crcns::d11222_d11222.002::MountainSort4::4,PAIRED_CRCNS_HC1::paired_crcns::d11222_d11222.002,PAIRED_CRCNS_HC1,0.20372836218375498,0.044462163001298904,0.15926619918245608
main,fmiss,embed_nommd_fullctx_lightgbm_filtered,embedding_stack_filtered,lightgbm,PAIRED_CRCNS_HC1::paired_crcns::d11222_d11222.002::SpykingCircus::4,PAIRED_CRCNS_HC1::paired_crcns::d11222_d11222.002,PAIRED_CRCNS_HC1,0.1151797603195739,0.057324476540088654,0.05785528377948525
main,fmiss,embed_nommd_fullctx_lightgbm_filtered,embedding_stack_filtered,lightgbm,PAIRED_CRCNS_HC1::paired_crcns::d11222_d11222.002::Tridesclous::0,PAIRED_CRCNS_HC1::paired_crcns::d11222_d11222.002,PAIRED_CRCNS_HC1,0.014647137150466045,0.050208885222673416,0.03556174807220737
main,fmiss,embed_nommd_fullctx_lightgbm_filtered,embedding_stack_filtered,lightgbm,PAIRED_ENGLISH::paired_english::m139_200114_191955::KiloSort2::25,PAIRED_ENGLISH::paired_english::m139_200114_191955,PAIRED_ENGLISH,0.8107276747092185,0.28204405307769775,0.5286836216315207
main,fmiss,embed_nommd_fullctx_lightgbm_filtered,embedding_stack_filtered,lightgbm,PAIRED_ENGLISH::paired_english::m139_200114_191955::MountainSort4::36,PAIRED_ENGLISH::paired_english::m139_200114_191955,PAIRED_ENGLISH,0.6701912909737576,0.3998361825942993,0.2703551083794583
main,fmiss,embed_nommd_fullctx_lightgbm_filtered,embedding_stack_filtered,lightgbm,PAIRED_ENGLISH::paired_english::m139_200114_191955::SpykingCircus::42,PAIRED_ENGLISH::paired_english::m139_200114_191955,PAIRED_ENGLISH,0.8063058733057772,0.5973779559135437,0.2089279173922335
main,fmiss,embed_nommd_fullctx_lightgbm_filtered,embedding_stack_filtered,lightgbm,PAIRED_ENGLISH::paired_english::m139_200114_222743::HerdingSpikes2::5,PAIRED_ENGLISH::paired_english::m139_200114_222743,PAIRED_ENGLISH,0.022052337547780066,0.16320374608039856,0.14115140853261848
main,fmiss,embed_nommd_fullctx_lightgbm_filtered,embedding_stack_filtered,lightgbm,PAIRED_ENGLISH::paired_english::m139_200114_222743::IronClust::17,PAIRED_ENGLISH::paired_english::m139_200114_222743,PAIRED_ENGLISH,0.01587768303440165,0.15972523391246796,0.1438475508780663
main,fmiss,embed_nommd_fullctx_lightgbm_filtered,embedding_stack_filtered,lightgbm,PAIRED_ENGLISH::paired_english::m139_200114_222743::KiloSort2::26,PAIRED_ENGLISH::paired_english::m139_200114_222743,PAIRED_ENGLISH,0.002940311673037342,0.1728682965040207,0.16992798483098334
main,fmiss,embed_nommd_fullctx_lightgbm_filtered,embedding_stack_filtered,lightgbm,PAIRED_ENGLISH::paired_english::m139_200114_222743::KiloSort::88,PAIRED_ENGLISH::paired_english::m139_200114_222743,PAIRED_ENGLISH,0.006174654513378418,0.15229706466197968,0.14612241014860125
main,fmiss,embed_nommd_fullctx_lightgbm_filtered,embedding_stack_filtered,lightgbm,PAIRED_ENGLISH::paired_english::m139_200114_222743::MountainSort4::46,PAIRED_ENGLISH::paired_english::m139_200114_222743,PAIRED_ENGLISH,0.00911496618641576,0.17590820789337158,0.1667932417069558
main,fmiss,embed_nommd_fullctx_lightgbm_filtered,embedding_stack_filtered,lightgbm,PAIRED_ENGLISH::paired_english::m139_200114_222743::SpykingCircus::44,PAIRED_ENGLISH::paired_english::m139_200114_222743,PAIRED_ENGLISH,0.0020582181711261394,0.15097053349018097,0.14891231531905483
main,fmiss,embed_nommd_fullctx_lightgbm_filtered,embedding_stack_filtered,lightgbm,PAIRED_ENGLISH::paired_english::m139_200114_222743::Tridesclous::1,PAIRED_ENGLISH::paired_english::m139_200114_222743,PAIRED_ENGLISH,0.004998529844163481,0.345015287399292,0.3400167575551285
main,fmiss,embed_nommd_fullctx_lightgbm_filtered,embedding_stack_filtered,lightgbm,PAIRED_ENGLISH::paired_english::m14_190326_155432::IronClust::22,PAIRED_ENGLISH::paired_english::m14_190326_155432,PAIRED_ENGLISH,0.13721413721413722,0.3386421203613281,0.2014279831471909
main,fmiss,embed_nommd_fullctx_lightgbm_filtered,embedding_stack_filtered,lightgbm,PAIRED_ENGLISH::paired_english::m14_190326_155432::MountainSort4::33,PAIRED_ENGLISH::paired_english::m14_190326_155432,PAIRED_ENGLISH,0.09147609147609148,0.32237207889556885,0.23089598741947737
main,fmiss,embed_nommd_fullctx_lightgbm_filtered,embedding_stack_filtered,lightgbm,PAIRED_ENGLISH::paired_english::m14_190326_155432::SpykingCircus::38,PAIRED_ENGLISH::paired_english::m14_190326_155432,PAIRED_ENGLISH,0.079002079002079,0.43802711367607117,0.35902503467399216
main,fmiss,embed_nommd_fullctx_lightgbm_filtered,embedding_stack_filtered,lightgbm,PAIRED_ENGLISH::paired_english::m15_190315_142052_cell1::IronClust::40,PAIRED_ENGLISH::paired_english::m15_190315_142052_cell1,PAIRED_ENGLISH,0.24027594305005137,0.3074988126754761,0.0672228696254247
main,fmiss,embed_nommd_fullctx_lightgbm_filtered,embedding_stack_filtered,lightgbm,PAIRED_ENGLISH::paired_english::m15_190315_142052_cell1::KiloSort2::48,PAIRED_ENGLISH::paired_english::m15_190315_142052_cell1,PAIRED_ENGLISH,0.3173345075590782,0.1790555864572525,0.1382789211018257
main,fmiss,embed_nommd_fullctx_lightgbm_filtered,embedding_stack_filtered,lightgbm,PAIRED_ENGLISH::paired_english::m15_190315_142052_cell1::MountainSort4::62,PAIRED_ENGLISH::paired_english::m15_190315_142052_cell1,PAIRED_ENGLISH,0.5289886980772054,0.2266734093427658,0.3023152887344396
main,fmiss,embed_nommd_fullctx_lightgbm_filtered,embedding_stack_filtered,lightgbm,PAIRED_ENGLISH::paired_english::m15_190315_142052_cell1::MountainSort4::64,PAIRED_ENGLISH::paired_english::m15_190315_142052_cell1,PAIRED_ENGLISH,0.6713635696462645,0.5325747132301331,0.13878885641613148
main,fmiss,embed_nommd_fullctx_lightgbm_filtered,embedding_stack_filtered,lightgbm,PAIRED_ENGLISH::paired_english::m15_190315_142052_cell1::SpykingCircus::22,PAIRED_ENGLISH::paired_english::m15_190315_142052_cell1,PAIRED_ENGLISH,0.35975341259357113,0.41968834400177,0.05993493140819889
main,fmiss,embed_nommd_fullctx_lightgbm_filtered,embedding_stack_filtered,lightgbm,PAIRED_ENGLISH::paired_english::m15_190315_142052_cell1::SpykingCircus::57,PAIRED_ENGLISH::paired_english::m15_190315_142052_cell1,PAIRED_ENGLISH,0.8711287244972846,0.4716828465461731,0.3994458779511115
main,fmiss,embed_nommd_fullctx_lightgbm_filtered,embedding_stack_filtered,lightgbm,PAIRED_ENGLISH::paired_english::m15_190315_152315_cell1::IronClust::35,PAIRED_ENGLISH::paired_english::m15_190315_152315_cell1,PAIRED_ENGLISH,0.04922936853742602,0.20361337065696716,0.15438400211954115
main,fmiss,embed_nommd_fullctx_lightgbm_filtered,embedding_stack_filtered,lightgbm,PAIRED_ENGLISH::paired_english::m15_190315_152315_cell1::KiloSort2::37,PAIRED_ENGLISH::paired_english::m15_190315_152315_cell1,PAIRED_ENGLISH,0.0014307082005592768,0.20418617129325867,0.2027554630926994
main,fmiss,embed_nommd_fullctx_lightgbm_filtered,embedding_stack_filtered,lightgbm,PAIRED_ENGLISH::paired_english::m15_190315_152315_cell1::KiloSort::1,PAIRED_ENGLISH::paired_english::m15_190315_152315_cell1,PAIRED_ENGLISH,0.003901931456070755,0.184231698513031,0.18032976705696024
main,fmiss,embed_nommd_fullctx_lightgbm_filtered,embedding_stack_filtered,lightgbm,PAIRED_ENGLISH::paired_english::m15_190315_152315_cell1::MountainSort4::72,PAIRED_ENGLISH::paired_english::m15_190315_152315_cell1,PAIRED_ENGLISH,0.03479222214996423,0.33057281374931335,0.2957805915993491
main,fmiss,embed_nommd_fullctx_lightgbm_filtered,embedding_stack_filtered,lightgbm,PAIRED_ENGLISH::paired_english::m15_190315_152315_cell1::SpykingCircus::46,PAIRED_ENGLISH::paired_english::m15_190315_152315_cell1,PAIRED_ENGLISH,0.0018859335371008649,0.21242648363113403,0.21054055009403316
main,fmiss,embed_nommd_fullctx_lightgbm_filtered,embedding_stack_filtered,lightgbm,PAIRED_ENGLISH::paired_english::m15_190315_152315_cell1::Tridesclous::0,PAIRED_ENGLISH::paired_english::m15_190315_152315_cell1,PAIRED_ENGLISH,0.2026403069519412,0.12269950658082962,0.07994080037111159
main,fmiss,embed_nommd_fullctx_lightgbm_filtered,embedding_stack_filtered,lightgbm,PAIRED_ENGLISH::paired_english::m26_190524_100859_cell1::KiloSort2::0,PAIRED_ENGLISH::paired_english::m26_190524_100859_cell1,PAIRED_ENGLISH,0.3453815261044177,0.12834949791431427,0.21703202819010342
main,fmiss,embed_nommd_fullctx_lightgbm_filtered,embedding_stack_filtered,lightgbm,PAIRED_ENGLISH::paired_english::m26_190524_100859_cell1::KiloSort::19,PAIRED_ENGLISH::paired_english::m26_190524_100859_cell1,PAIRED_ENGLISH,0.5522088353413654,0.11218391358852386,0.4400249217528416
main,fmiss,embed_nommd_fullctx_lightgbm_filtered,embedding_stack_filtered,lightgbm,PAIRED_ENGLISH::paired_english::m26_190524_100859_cell1::KiloSort::8,PAIRED_ENGLISH::paired_english::m26_190524_100859_cell1,PAIRED_ENGLISH,0.7610441767068273,0.11825211346149445,0.6427920632453329
main,fmiss,embed_nommd_fullctx_lightgbm_filtered,embedding_stack_filtered,lightgbm,PAIRED_ENGLISH::paired_english::m57_191105_141906::IronClust::6,PAIRED_ENGLISH::paired_english::m57_191105_141906,PAIRED_ENGLISH,0.12826603325415678,0.47479695081710815,0.3465309175629514
main,fmiss,embed_nommd_fullctx_lightgbm_filtered,embedding_stack_filtered,lightgbm,PAIRED_ENGLISH::paired_english::m57_191105_141906::KiloSort::47,PAIRED_ENGLISH::paired_english::m57_191105_141906,PAIRED_ENGLISH,0.04829770387965162,0.28079384565353394,0.2324961417738823
main,fmiss,embed_nommd_fullctx_lightgbm_filtered,embedding_stack_filtered,lightgbm,PAIRED_ENGLISH::paired_english::m57_191105_141906::MountainSort4::21,PAIRED_ENGLISH::paired_english::m57_191105_141906,PAIRED_ENGLISH,0.1187648456057007,0.27134034037590027,0.15257549477019955
main,fmiss,embed_nommd_fullctx_lightgbm_filtered,embedding_stack_filtered,lightgbm,PAIRED_ENGLISH::paired_english::m57_191105_141906::MountainSort4::57,PAIRED_ENGLISH::paired_english::m57_191105_141906,PAIRED_ENGLISH,0.5399841646872525,0.4126269221305847,0.1273572425566678
main,fmiss,embed_nommd_fullctx_lightgbm_filtered,embedding_stack_filtered,lightgbm,PAIRED_ENGLISH::paired_english::m57_191105_141906::SpykingCircus::12,PAIRED_ENGLISH::paired_english::m57_191105_141906,PAIRED_ENGLISH,0.5859065716547902,0.6556233763694763,0.06971680471468611
main,fmiss,embed_nommd_fullctx_lightgbm_filtered,embedding_stack_filtered,lightgbm,PAIRED_ENGLISH::paired_english::m57_191105_141906::SpykingCircus::30,PAIRED_ENGLISH::paired_english::m57_191105_141906,PAIRED_ENGLISH,0.46872525732383213,0.29783058166503906,0.17089467565879307
main,fmiss,embed_nommd_fullctx_lightgbm_filtered,embedding_stack_filtered,lightgbm,PAIRED_ENGLISH::paired_english::m57_191105_160026::HerdingSpikes2::1,PAIRED_ENGLISH::paired_english::m57_191105_160026,PAIRED_ENGLISH,0.7557251908396947,0.13501739501953125,0.6207077958201634
main,fmiss,embed_nommd_fullctx_lightgbm_filtered,embedding_stack_filtered,lightgbm,PAIRED_ENGLISH::paired_english::m57_191105_160026::IronClust::2,PAIRED_ENGLISH::paired_english::m57_191105_160026,PAIRED_ENGLISH,0.7206106870229008,0.37771740555763245,0.3428932814652683
main,fmiss,embed_nommd_fullctx_lightgbm_filtered,embedding_stack_filtered,lightgbm,PAIRED_ENGLISH::paired_english::m57_191105_160026::IronClust::3,PAIRED_ENGLISH::paired_english::m57_191105_160026,PAIRED_ENGLISH,0.5629770992366412,0.2954648733139038,0.2675122259227374
main,fmiss,embed_nommd_fullctx_lightgbm_filtered,embedding_stack_filtered,lightgbm,PAIRED_ENGLISH::paired_english::m57_191105_160026::KiloSort::127,PAIRED_ENGLISH::paired_english::m57_191105_160026,PAIRED_ENGLISH,0.7213740458015268,0.3944944143295288,0.32687963147199794
main,fmiss,embed_nommd_fullctx_lightgbm_filtered,embedding_stack_filtered,lightgbm,PAIRED_ENGLISH::paired_english::m57_191105_160026::KiloSort::6,PAIRED_ENGLISH::paired_english::m57_191105_160026,PAIRED_ENGLISH,0.5885496183206107,0.36112111806869507,0.22742850025191563
main,fmiss,embed_nommd_fullctx_lightgbm_filtered,embedding_stack_filtered,lightgbm,PAIRED_ENGLISH::paired_english::m57_191105_160026::MountainSort4::23,PAIRED_ENGLISH::paired_english::m57_191105_160026,PAIRED_ENGLISH,0.8603053435114504,0.39287570118904114,0.46742964232240924
main,fmiss,embed_nommd_fullctx_lightgbm_filtered,embedding_stack_filtered,lightgbm,PAIRED_ENGLISH::paired_english::m57_191105_160026::MountainSort4::25,PAIRED_ENGLISH::paired_english::m57_191105_160026,PAIRED_ENGLISH,0.5545801526717558,0.22443018853664398,0.3301499641351118
main,fmiss,embed_nommd_fullctx_lightgbm_filtered,embedding_stack_filtered,lightgbm,PAIRED_ENGLISH::paired_english::m57_191105_160026::SpykingCircus::2,PAIRED_ENGLISH::paired_english::m57_191105_160026,PAIRED_ENGLISH,0.7709923664122137,0.22411681711673737,0.5468755492954763
main,fmiss,embed_nommd_fullctx_lightgbm_filtered,embedding_stack_filtered,lightgbm,PAIRED_ENGLISH::paired_english::m57_191105_160026::SpykingCircus::4,PAIRED_ENGLISH::paired_english::m57_191105_160026,PAIRED_ENGLISH,0.5625954198473282,0.3600027859210968,0.2025926339262314
main,fmiss,embed_nommd_fullctx_lightgbm_filtered,embedding_stack_filtered,lightgbm,PAIRED_ENGLISH::paired_english::m57_191105_160026::Tridesclous::0,PAIRED_ENGLISH::paired_english::m57_191105_160026,PAIRED_ENGLISH,0.7061068702290076,0.09706161916255951,0.6090452510664481
main,fmiss,embed_nommd_fullctx_lightgbm_filtered,embedding_stack_filtered,lightgbm,PAIRED_KAMPFF::paired_kampff::c14::HerdingSpikes2::6,PAIRED_KAMPFF::paired_kampff::c14,PAIRED_KAMPFF,0.35151068533529845,0.6298918128013611,0.27838112746606264
main,fmiss,embed_nommd_fullctx_lightgbm_filtered,embedding_stack_filtered,lightgbm,PAIRED_KAMPFF::paired_kampff::c14::IronClust::22,PAIRED_KAMPFF::paired_kampff::c14,PAIRED_KAMPFF,0.25036845983787764,0.4850589334964752,0.23469047365859758
main,fmiss,embed_nommd_fullctx_lightgbm_filtered,embedding_stack_filtered,lightgbm,PAIRED_KAMPFF::paired_kampff::c14::KiloSort2::37,PAIRED_KAMPFF::paired_kampff::c14,PAIRED_KAMPFF,0.14296241709653648,0.44950565695762634,0.3065432398610899
main,fmiss,embed_nommd_fullctx_lightgbm_filtered,embedding_stack_filtered,lightgbm,PAIRED_KAMPFF::paired_kampff::c14::MountainSort4::42,PAIRED_KAMPFF::paired_kampff::c14,PAIRED_KAMPFF,0.32221812822402357,0.4028928577899933,0.08067472956596972
main,fmiss,embed_nommd_fullctx_lightgbm_filtered,embedding_stack_filtered,lightgbm,PAIRED_KAMPFF::paired_kampff::c14::SpykingCircus::14,PAIRED_KAMPFF::paired_kampff::c14,PAIRED_KAMPFF,0.21868091378039795,0.5554224252700806,0.3367415114896826
main,fmiss,embed_nommd_fullctx_lightgbm_filtered,embedding_stack_filtered,lightgbm,PAIRED_KAMPFF::paired_kampff::c14::Tridesclous::8,PAIRED_KAMPFF::paired_kampff::c14,PAIRED_KAMPFF,0.20910095799557848,0.26631736755371094,0.05721640955813245
main,fmiss,embed_nommd_fullctx_lightgbm_filtered,embedding_stack_filtered,lightgbm,PAIRED_MEA64C_YGER::paired_mea64c::20170622_patch1::HerdingSpikes2::19,PAIRED_MEA64C_YGER::paired_mea64c::20170622_patch1,PAIRED_MEA64C_YGER,0.8533362695441533,0.5896041989326477,0.2637320706115056
main,fmiss,embed_nommd_fullctx_lightgbm_filtered,embedding_stack_filtered,lightgbm,PAIRED_MEA64C_YGER::paired_mea64c::20170622_patch1::HerdingSpikes2::7,PAIRED_MEA64C_YGER::paired_mea64c::20170622_patch1,PAIRED_MEA64C_YGER,0.18343977097555605,0.13312892615795135,0.0503108448176047
main,fmiss,embed_nommd_fullctx_lightgbm_filtered,embedding_stack_filtered,lightgbm,PAIRED_MEA64C_YGER::paired_mea64c::20170622_patch1::IronClust::8,PAIRED_MEA64C_YGER::paired_mea64c::20170622_patch1,PAIRED_MEA64C_YGER,0.027747192248403437,0.0243318360298872,0.0034153562185162377
main,fmiss,embed_nommd_fullctx_lightgbm_filtered,embedding_stack_filtered,lightgbm,PAIRED_MEA64C_YGER::paired_mea64c::20170622_patch1::KiloSort2::23,PAIRED_MEA64C_YGER::paired_mea64c::20170622_patch1,PAIRED_MEA64C_YGER,0.0008808632459810614,0.14070597290992737,0.13982510966394632
main,fmiss,embed_nommd_fullctx_lightgbm_filtered,embedding_stack_filtered,lightgbm,PAIRED_MEA64C_YGER::paired_mea64c::20170622_patch1::KiloSort::64,PAIRED_MEA64C_YGER::paired_mea64c::20170622_patch1,PAIRED_MEA64C_YGER,0.03457388240475666,0.11890911310911179,0.08433523070435513
main,fmiss,embed_nommd_fullctx_lightgbm_filtered,embedding_stack_filtered,lightgbm,PAIRED_MEA64C_YGER::paired_mea64c::20170622_patch1::Klusta::4,PAIRED_MEA64C_YGER::paired_mea64c::20170622_patch1,PAIRED_MEA64C_YGER,0.17441092270425015,0.13839294016361237,0.03601798254063779
main,fmiss,embed_nommd_fullctx_lightgbm_filtered,embedding_stack_filtered,lightgbm,PAIRED_MEA64C_YGER::paired_mea64c::20170622_patch1::MountainSort4::43,PAIRED_MEA64C_YGER::paired_mea64c::20170622_patch1,PAIRED_MEA64C_YGER,0.02510460251046025,0.09447097033262253,0.06936636782216228
main,fmiss,embed_nommd_fullctx_lightgbm_filtered,embedding_stack_filtered,lightgbm,PAIRED_MEA64C_YGER::paired_mea64c::20170622_patch1::SpykingCircus::18,PAIRED_MEA64C_YGER::paired_mea64c::20170622_patch1,PAIRED_MEA64C_YGER,0.0028628055494384495,0.08668231964111328,0.08381951409167483
main,fmiss,embed_nommd_fullctx_lightgbm_filtered,embedding_stack_filtered,lightgbm,PAIRED_MEA64C_YGER::paired_mea64c::20170622_patch1::Tridesclous::12,PAIRED_MEA64C_YGER::paired_mea64c::20170622_patch1,PAIRED_MEA64C_YGER,0.026425897379431844,0.09174861013889313,0.06532271275946128
main,fmiss,embed_nommd_fullctx_lightgbm_filtered,embedding_stack_filtered,lightgbm,PAIRED_MEA64C_YGER::paired_mea64c::20170622_patch2::HerdingSpikes2::16,PAIRED_MEA64C_YGER::paired_mea64c::20170622_patch2,PAIRED_MEA64C_YGER,0.6606015595989603,0.22356507182121277,0.4370364877777475
main,fmiss,embed_nommd_fullctx_lightgbm_filtered,embedding_stack_filtered,lightgbm,PAIRED_MEA64C_YGER::paired_mea64c::20170622_patch2::HerdingSpikes2::44,PAIRED_MEA64C_YGER::paired_mea64c::20170622_patch2,PAIRED_MEA64C_YGER,0.8756034162643892,0.19023066759109497,0.6853727486732942
main,fmiss,embed_nommd_fullctx_lightgbm_filtered,embedding_stack_filtered,lightgbm,PAIRED_MEA64C_YGER::paired_mea64c::20170622_patch2::HerdingSpikes2::5,PAIRED_MEA64C_YGER::paired_mea64c::20170622_patch2,PAIRED_MEA64C_YGER,0.008169327887114742,0.012791698798537254,0.004622370911422513
main,fmiss,embed_nommd_fullctx_lightgbm_filtered,embedding_stack_filtered,lightgbm,PAIRED_MEA64C_YGER::paired_mea64c::20170622_patch2::IronClust::11,PAIRED_MEA64C_YGER::paired_mea64c::20170622_patch2,PAIRED_MEA64C_YGER,0.0003713330857779428,0.006392314098775387,0.006020981012997444
main,fmiss,embed_nommd_fullctx_lightgbm_filtered,embedding_stack_filtered,lightgbm,PAIRED_MEA64C_YGER::paired_mea64c::20170622_patch2::JRClust::31,PAIRED_MEA64C_YGER::paired_mea64c::20170622_patch2,PAIRED_MEA64C_YGER,0.0029706646862235424,0.009535334073007107,0.006564669386783564
main,fmiss,embed_nommd_fullctx_lightgbm_filtered,embedding_stack_filtered,lightgbm,PAIRED_MEA64C_YGER::paired_mea64c::20170622_patch2::KiloSort2::33,PAIRED_MEA64C_YGER::paired_mea64c::20170622_patch2,PAIRED_MEA64C_YGER,0.0011139992573338284,0.008631939999759197,0.0075179407424253684
main,fmiss,embed_nommd_fullctx_lightgbm_filtered,embedding_stack_filtered,lightgbm,PAIRED_MEA64C_YGER::paired_mea64c::20170622_patch2::KiloSort::5,PAIRED_MEA64C_YGER::paired_mea64c::20170622_patch2,PAIRED_MEA64C_YGER,0.0014853323431117712,0.006283580791205168,0.004798248448093396
main,fmiss,embed_nommd_fullctx_lightgbm_filtered,embedding_stack_filtered,lightgbm,PAIRED_MEA64C_YGER::paired_mea64c::20170622_patch2::Klusta::14,PAIRED_MEA64C_YGER::paired_mea64c::20170622_patch2,PAIRED_MEA64C_YGER,0.15893056071295952,0.012361206114292145,0.14656935459866738
main,fmiss,embed_nommd_fullctx_lightgbm_filtered,embedding_stack_filtered,lightgbm,PAIRED_MEA64C_YGER::paired_mea64c::20170622_patch2::MountainSort4::31,PAIRED_MEA64C_YGER::paired_mea64c::20170622_patch2,PAIRED_MEA64C_YGER,0.0003713330857779428,0.0022706156596541405,0.0018992825738761976
main,fmiss,embed_nommd_fullctx_lightgbm_filtered,embedding_stack_filtered,lightgbm,PAIRED_MEA64C_YGER::paired_mea64c::20170622_patch2::SpykingCircus::17,PAIRED_MEA64C_YGER::paired_mea64c::20170622_patch2,PAIRED_MEA64C_YGER,0.0003713330857779428,0.00919291190803051,0.008821578822252566
main,fmiss,embed_nommd_fullctx_lightgbm_filtered,embedding_stack_filtered,lightgbm,PAIRED_MEA64C_YGER::paired_mea64c::20170622_patch2::Tridesclous::0,PAIRED_MEA64C_YGER::paired_mea64c::20170622_patch2,PAIRED_MEA64C_YGER,0.0003713330857779428,0.011448601260781288,0.011077268175003345
main,fmiss,embed_nommd_fullctx_xgboost,embedding_stack,xgboost,PAIRED_BOYDEN::paired_boyden32c::1103_1_1::IronClust::4,PAIRED_BOYDEN::paired_boyden32c::1103_1_1,PAIRED_BOYDEN,0.1661807580174927,0.13178135454654694,0.03439940347094578
main,fmiss,embed_nommd_fullctx_xgboost,embedding_stack,xgboost,PAIRED_BOYDEN::paired_boyden32c::1103_1_1::JRClust::18,PAIRED_BOYDEN::paired_boyden32c::1103_1_1,PAIRED_BOYDEN,0.08551992225461613,0.17070037126541138,0.08518044901079525
main,fmiss,embed_nommd_fullctx_xgboost,embedding_stack,xgboost,PAIRED_BOYDEN::paired_boyden32c::1103_1_1::KiloSort2::33,PAIRED_BOYDEN::paired_boyden32c::1103_1_1,PAIRED_BOYDEN,0.42857142857142855,0.25444698333740234,0.1741244452340262
main,fmiss,embed_nommd_fullctx_xgboost,embedding_stack,xgboost,PAIRED_BOYDEN::paired_boyden32c::1103_1_1::KiloSort2::55,PAIRED_BOYDEN::paired_boyden32c::1103_1_1,PAIRED_BOYDEN,0.8328474246841594,0.27157774567604065,0.5612696790081187
main,fmiss,embed_nommd_fullctx_xgboost,embedding_stack,xgboost,PAIRED_BOYDEN::paired_boyden32c::1103_1_1::KiloSort2::60,PAIRED_BOYDEN::paired_boyden32c::1103_1_1,PAIRED_BOYDEN,0.7580174927113703,0.1969381421804428,0.5610793505309275
main,fmiss,embed_nommd_fullctx_xgboost,embedding_stack,xgboost,PAIRED_BOYDEN::paired_boyden32c::1103_1_1::KiloSort::111,PAIRED_BOYDEN::paired_boyden32c::1103_1_1,PAIRED_BOYDEN,0.04081632653061224,0.2276913970708847,0.18687507054027247
main,fmiss,embed_nommd_fullctx_xgboost,embedding_stack,xgboost,PAIRED_BOYDEN::paired_boyden32c::1103_1_1::Klusta::12,PAIRED_BOYDEN::paired_boyden32c::1103_1_1,PAIRED_BOYDEN,0.17881438289601556,0.19968344271183014,0.020869059815814578
main,fmiss,embed_nommd_fullctx_xgboost,embedding_stack,xgboost,PAIRED_BOYDEN::paired_boyden32c::1103_1_1::MountainSort4::26,PAIRED_BOYDEN::paired_boyden32c::1103_1_1,PAIRED_BOYDEN,0.03595724003887269,0.2452911138534546,0.2093338738145819
main,fmiss,embed_nommd_fullctx_xgboost,embedding_stack,xgboost,PAIRED_BOYDEN::paired_boyden32c::1103_1_1::SpykingCircus::27,PAIRED_BOYDEN::paired_boyden32c::1103_1_1,PAIRED_BOYDEN,0.07482993197278912,0.25804951786994934,0.18321958589716023
main,fmiss,embed_nommd_fullctx_xgboost,embedding_stack,xgboost,PAIRED_BOYDEN::paired_boyden32c::1103_1_1::Tridesclous::3,PAIRED_BOYDEN::paired_boyden32c::1103_1_1,PAIRED_BOYDEN,0.11273080660835763,0.18581923842430115,0.07308843181594352
main,fmiss,embed_nommd_fullctx_xgboost,embedding_stack,xgboost,PAIRED_BOYDEN::paired_boyden32c::419_1_8::IronClust::14,PAIRED_BOYDEN::paired_boyden32c::419_1_8,PAIRED_BOYDEN,0.1489691520694466,0.11062796413898468,0.03834118793046193
main,fmiss,embed_nommd_fullctx_xgboost,embedding_stack,xgboost,PAIRED_BOYDEN::paired_boyden32c::419_1_8::IronClust::4,PAIRED_BOYDEN::paired_boyden32c::419_1_8,PAIRED_BOYDEN,0.3614943419624864,0.12642906606197357,0.23506527590051285
main,fmiss,embed_nommd_fullctx_xgboost,embedding_stack,xgboost,PAIRED_BOYDEN::paired_boyden32c::419_1_8::JRClust::24,PAIRED_BOYDEN::paired_boyden32c::419_1_8,PAIRED_BOYDEN,0.14617888699426446,0.10613000392913818,0.04004888306512627
main,fmiss,embed_nommd_fullctx_xgboost,embedding_stack,xgboost,PAIRED_BOYDEN::paired_boyden32c::419_1_8::JRClust::8,PAIRED_BOYDEN::paired_boyden32c::419_1_8,PAIRED_BOYDEN,0.7484110990544102,0.47891730070114136,0.2694937983532688
main,fmiss,embed_nommd_fullctx_xgboost,embedding_stack,xgboost,PAIRED_BOYDEN::paired_boyden32c::419_1_8::KiloSort2::27,PAIRED_BOYDEN::paired_boyden32c::419_1_8,PAIRED_BOYDEN,0.06696636180437142,0.07717771828174591,0.010211356477374492
main,fmiss,embed_nommd_fullctx_xgboost,embedding_stack,xgboost,PAIRED_BOYDEN::paired_boyden32c::419_1_8::KiloSort2::46,PAIRED_BOYDEN::paired_boyden32c::419_1_8,PAIRED_BOYDEN,0.11424585335606882,0.13095776736736298,0.016711914011294154
main,fmiss,embed_nommd_fullctx_xgboost,embedding_stack,xgboost,PAIRED_BOYDEN::paired_boyden32c::419_1_8::KiloSort::17,PAIRED_BOYDEN::paired_boyden32c::419_1_8,PAIRED_BOYDEN,0.13067741435436367,0.10114619880914688,0.029531215545216788
main,fmiss,embed_nommd_fullctx_xgboost,embedding_stack,xgboost,PAIRED_BOYDEN::paired_boyden32c::419_1_8::MountainSort4::42,PAIRED_BOYDEN::paired_boyden32c::419_1_8,PAIRED_BOYDEN,0.12261664858161525,0.09888827055692673,0.023728378024688523
main,fmiss,embed_nommd_fullctx_xgboost,embedding_stack,xgboost,PAIRED_BOYDEN::paired_boyden32c::419_1_8::SpykingCircus::24,PAIRED_BOYDEN::paired_boyden32c::419_1_8,PAIRED_BOYDEN,0.8012711207564719,0.40335872769355774,0.39791239306291415
main,fmiss,embed_nommd_fullctx_xgboost,embedding_stack,xgboost,PAIRED_BOYDEN::paired_boyden32c::419_1_8::SpykingCircus::28,PAIRED_BOYDEN::paired_boyden32c::419_1_8,PAIRED_BOYDEN,0.12416679584560533,0.11585329473018646,0.00831350111541887
main,fmiss,embed_nommd_fullctx_xgboost,embedding_stack,xgboost,PAIRED_BOYDEN::paired_boyden32c::419_1_8::Tridesclous::0,PAIRED_BOYDEN::paired_boyden32c::419_1_8,PAIRED_BOYDEN,0.14447372500387537,0.029507551342248917,0.11496617366162645
main,fmiss,embed_nommd_fullctx_xgboost,embedding_stack,xgboost,PAIRED_CRCNS_HC1::paired_crcns::d11221_d11221.001::SpykingCircus::6,PAIRED_CRCNS_HC1::paired_crcns::d11221_d11221.001,PAIRED_CRCNS_HC1,0.2845528455284553,0.3754042685031891,0.09085142297473381
main,fmiss,embed_nommd_fullctx_xgboost,embedding_stack,xgboost,PAIRED_CRCNS_HC1::paired_crcns::d11222_d11222.002::IronClust::2,PAIRED_CRCNS_HC1::paired_crcns::d11222_d11222.002,PAIRED_CRCNS_HC1,0.017310252996005325,0.220606729388237,0.20329647639223167
main,fmiss,embed_nommd_fullctx_xgboost,embedding_stack,xgboost,PAIRED_CRCNS_HC1::paired_crcns::d11222_d11222.002::JRClust::3,PAIRED_CRCNS_HC1::paired_crcns::d11222_d11222.002,PAIRED_CRCNS_HC1,0.07323568575233022,0.29105329513549805,0.21781760938316783
main,fmiss,embed_nommd_fullctx_xgboost,embedding_stack,xgboost,PAIRED_CRCNS_HC1::paired_crcns::d11222_d11222.002::KiloSort2::10,PAIRED_CRCNS_HC1::paired_crcns::d11222_d11222.002,PAIRED_CRCNS_HC1,0.5339547270306259,0.29530343413352966,0.2386512928970962
main,fmiss,embed_nommd_fullctx_xgboost,embedding_stack,xgboost,PAIRED_CRCNS_HC1::paired_crcns::d11222_d11222.002::KiloSort::1,PAIRED_CRCNS_HC1::paired_crcns::d11222_d11222.002,PAIRED_CRCNS_HC1,0.03595206391478029,0.18528328835964203,0.14933122444486174
main,fmiss,embed_nommd_fullctx_xgboost,embedding_stack,xgboost,PAIRED_CRCNS_HC1::paired_crcns::d11222_d11222.002::Klusta::2,PAIRED_CRCNS_HC1::paired_crcns::d11222_d11222.002,PAIRED_CRCNS_HC1,0.022636484687083888,0.17713554203510284,0.15449905734801894
main,fmiss,embed_nommd_fullctx_xgboost,embedding_stack,xgboost,PAIRED_CRCNS_HC1::paired_crcns::d11222_d11222.002::MountainSort4::4,PAIRED_CRCNS_HC1::paired_crcns::d11222_d11222.002,PAIRED_CRCNS_HC1,0.20372836218375498,0.20098447799682617,0.0027438841869288078
main,fmiss,embed_nommd_fullctx_xgboost,embedding_stack,xgboost,PAIRED_CRCNS_HC1::paired_crcns::d11222_d11222.002::SpykingCircus::4,PAIRED_CRCNS_HC1::paired_crcns::d11222_d11222.002,PAIRED_CRCNS_HC1,0.1151797603195739,0.2630504369735718,0.1478706766539979
main,fmiss,embed_nommd_fullctx_xgboost,embedding_stack,xgboost,PAIRED_CRCNS_HC1::paired_crcns::d11222_d11222.002::Tridesclous::0,PAIRED_CRCNS_HC1::paired_crcns::d11222_d11222.002,PAIRED_CRCNS_HC1,0.014647137150466045,0.18639035522937775,0.1717432180789117
main,fmiss,embed_nommd_fullctx_xgboost,embedding_stack,xgboost,PAIRED_ENGLISH::paired_english::m139_200114_191955::KiloSort2::25,PAIRED_ENGLISH::paired_english::m139_200114_191955,PAIRED_ENGLISH,0.8107276747092185,0.23345011472702026,0.5772775599821982
main,fmiss,embed_nommd_fullctx_xgboost,embedding_stack,xgboost,PAIRED_ENGLISH::paired_english::m139_200114_191955::MountainSort4::36,PAIRED_ENGLISH::paired_english::m139_200114_191955,PAIRED_ENGLISH,0.6701912909737576,0.24943746626377106,0.42075382470998657
main,fmiss,embed_nommd_fullctx_xgboost,embedding_stack,xgboost,PAIRED_ENGLISH::paired_english::m139_200114_191955::SpykingCircus::42,PAIRED_ENGLISH::paired_english::m139_200114_191955,PAIRED_ENGLISH,0.8063058733057772,0.470222532749176,0.33608334055660116
main,fmiss,embed_nommd_fullctx_xgboost,embedding_stack,xgboost,PAIRED_ENGLISH::paired_english::m139_200114_222743::HerdingSpikes2::5,PAIRED_ENGLISH::paired_english::m139_200114_222743,PAIRED_ENGLISH,0.022052337547780066,0.13927529752254486,0.1172229599747648
main,fmiss,embed_nommd_fullctx_xgboost,embedding_stack,xgboost,PAIRED_ENGLISH::paired_english::m139_200114_222743::IronClust::17,PAIRED_ENGLISH::paired_english::m139_200114_222743,PAIRED_ENGLISH,0.01587768303440165,0.16660986840724945,0.1507321853728478
main,fmiss,embed_nommd_fullctx_xgboost,embedding_stack,xgboost,PAIRED_ENGLISH::paired_english::m139_200114_222743::KiloSort2::26,PAIRED_ENGLISH::paired_english::m139_200114_222743,PAIRED_ENGLISH,0.002940311673037342,0.19740256667137146,0.1944622549983341
main,fmiss,embed_nommd_fullctx_xgboost,embedding_stack,xgboost,PAIRED_ENGLISH::paired_english::m139_200114_222743::KiloSort::88,PAIRED_ENGLISH::paired_english::m139_200114_222743,PAIRED_ENGLISH,0.006174654513378418,0.1890188604593277,0.18284420594594927
main,fmiss,embed_nommd_fullctx_xgboost,embedding_stack,xgboost,PAIRED_ENGLISH::paired_english::m139_200114_222743::MountainSort4::46,PAIRED_ENGLISH::paired_english::m139_200114_222743,PAIRED_ENGLISH,0.00911496618641576,0.20706623792648315,0.19795127174006738
main,fmiss,embed_nommd_fullctx_xgboost,embedding_stack,xgboost,PAIRED_ENGLISH::paired_english::m139_200114_222743::SpykingCircus::44,PAIRED_ENGLISH::paired_english::m139_200114_222743,PAIRED_ENGLISH,0.0020582181711261394,0.13112328946590424,0.1290650712947781
main,fmiss,embed_nommd_fullctx_xgboost,embedding_stack,xgboost,PAIRED_ENGLISH::paired_english::m139_200114_222743::Tridesclous::1,PAIRED_ENGLISH::paired_english::m139_200114_222743,PAIRED_ENGLISH,0.004998529844163481,0.08441722393035889,0.07941869408619541
main,fmiss,embed_nommd_fullctx_xgboost,embedding_stack,xgboost,PAIRED_ENGLISH::paired_english::m14_190326_155432::IronClust::22,PAIRED_ENGLISH::paired_english::m14_190326_155432,PAIRED_ENGLISH,0.13721413721413722,0.3483502268791199,0.21113608966498265
main,fmiss,embed_nommd_fullctx_xgboost,embedding_stack,xgboost,PAIRED_ENGLISH::paired_english::m14_190326_155432::MountainSort4::33,PAIRED_ENGLISH::paired_english::m14_190326_155432,PAIRED_ENGLISH,0.09147609147609148,0.4522761404514313,0.3608000489753398
main,fmiss,embed_nommd_fullctx_xgboost,embedding_stack,xgboost,PAIRED_ENGLISH::paired_english::m14_190326_155432::SpykingCircus::38,PAIRED_ENGLISH::paired_english::m14_190326_155432,PAIRED_ENGLISH,0.079002079002079,0.5414853692054749,0.46248329020339585
main,fmiss,embed_nommd_fullctx_xgboost,embedding_stack,xgboost,PAIRED_ENGLISH::paired_english::m15_190315_142052_cell1::IronClust::40,PAIRED_ENGLISH::paired_english::m15_190315_142052_cell1,PAIRED_ENGLISH,0.24027594305005137,0.16027860343456268,0.07999733961548869
main,fmiss,embed_nommd_fullctx_xgboost,embedding_stack,xgboost,PAIRED_ENGLISH::paired_english::m15_190315_142052_cell1::KiloSort2::48,PAIRED_ENGLISH::paired_english::m15_190315_142052_cell1,PAIRED_ENGLISH,0.3173345075590782,0.18654879927635193,0.1307857082827263
main,fmiss,embed_nommd_fullctx_xgboost,embedding_stack,xgboost,PAIRED_ENGLISH::paired_english::m15_190315_142052_cell1::MountainSort4::62,PAIRED_ENGLISH::paired_english::m15_190315_142052_cell1,PAIRED_ENGLISH,0.5289886980772054,0.23210877180099487,0.2968799262762105
main,fmiss,embed_nommd_fullctx_xgboost,embedding_stack,xgboost,PAIRED_ENGLISH::paired_english::m15_190315_142052_cell1::MountainSort4::64,PAIRED_ENGLISH::paired_english::m15_190315_142052_cell1,PAIRED_ENGLISH,0.6713635696462645,0.38238537311553955,0.288978196530725
main,fmiss,embed_nommd_fullctx_xgboost,embedding_stack,xgboost,PAIRED_ENGLISH::paired_english::m15_190315_142052_cell1::SpykingCircus::22,PAIRED_ENGLISH::paired_english::m15_190315_142052_cell1,PAIRED_ENGLISH,0.35975341259357113,0.24878640472888947,0.11096700786468167
main,fmiss,embed_nommd_fullctx_xgboost,embedding_stack,xgboost,PAIRED_ENGLISH::paired_english::m15_190315_142052_cell1::SpykingCircus::57,PAIRED_ENGLISH::paired_english::m15_190315_142052_cell1,PAIRED_ENGLISH,0.8711287244972846,0.37781140208244324,0.4933173224148414
main,fmiss,embed_nommd_fullctx_xgboost,embedding_stack,xgboost,PAIRED_ENGLISH::paired_english::m15_190315_152315_cell1::IronClust::35,PAIRED_ENGLISH::paired_english::m15_190315_152315_cell1,PAIRED_ENGLISH,0.04922936853742602,0.06678159534931183,0.017552226811885806
main,fmiss,embed_nommd_fullctx_xgboost,embedding_stack,xgboost,PAIRED_ENGLISH::paired_english::m15_190315_152315_cell1::KiloSort2::37,PAIRED_ENGLISH::paired_english::m15_190315_152315_cell1,PAIRED_ENGLISH,0.0014307082005592768,0.04810011386871338,0.0466694056681541
main,fmiss,embed_nommd_fullctx_xgboost,embedding_stack,xgboost,PAIRED_ENGLISH::paired_english::m15_190315_152315_cell1::KiloSort::1,PAIRED_ENGLISH::paired_english::m15_190315_152315_cell1,PAIRED_ENGLISH,0.003901931456070755,0.05362119525671005,0.0497192638006393
main,fmiss,embed_nommd_fullctx_xgboost,embedding_stack,xgboost,PAIRED_ENGLISH::paired_english::m15_190315_152315_cell1::MountainSort4::72,PAIRED_ENGLISH::paired_english::m15_190315_152315_cell1,PAIRED_ENGLISH,0.03479222214996423,0.15148165822029114,0.1166894360703269
main,fmiss,embed_nommd_fullctx_xgboost,embedding_stack,xgboost,PAIRED_ENGLISH::paired_english::m15_190315_152315_cell1::SpykingCircus::46,PAIRED_ENGLISH::paired_english::m15_190315_152315_cell1,PAIRED_ENGLISH,0.0018859335371008649,0.06472992151975632,0.06284398798265545
main,fmiss,embed_nommd_fullctx_xgboost,embedding_stack,xgboost,PAIRED_ENGLISH::paired_english::m15_190315_152315_cell1::Tridesclous::0,PAIRED_ENGLISH::paired_english::m15_190315_152315_cell1,PAIRED_ENGLISH,0.2026403069519412,0.11448869854211807,0.08815160840982314
main,fmiss,embed_nommd_fullctx_xgboost,embedding_stack,xgboost,PAIRED_ENGLISH::paired_english::m26_190524_100859_cell1::KiloSort2::0,PAIRED_ENGLISH::paired_english::m26_190524_100859_cell1,PAIRED_ENGLISH,0.3453815261044177,0.1259041428565979,0.2194773832478198
main,fmiss,embed_nommd_fullctx_xgboost,embedding_stack,xgboost,PAIRED_ENGLISH::paired_english::m26_190524_100859_cell1::KiloSort::19,PAIRED_ENGLISH::paired_english::m26_190524_100859_cell1,PAIRED_ENGLISH,0.5522088353413654,0.18917672336101532,0.3630321119803501
main,fmiss,embed_nommd_fullctx_xgboost,embedding_stack,xgboost,PAIRED_ENGLISH::paired_english::m26_190524_100859_cell1::KiloSort::8,PAIRED_ENGLISH::paired_english::m26_190524_100859_cell1,PAIRED_ENGLISH,0.7610441767068273,0.10828312486410141,0.6527610518427259
main,fmiss,embed_nommd_fullctx_xgboost,embedding_stack,xgboost,PAIRED_ENGLISH::paired_english::m57_191105_141906::IronClust::6,PAIRED_ENGLISH::paired_english::m57_191105_141906,PAIRED_ENGLISH,0.12826603325415678,0.3022419214248657,0.17397588817070894
main,fmiss,embed_nommd_fullctx_xgboost,embedding_stack,xgboost,PAIRED_ENGLISH::paired_english::m57_191105_141906::KiloSort::47,PAIRED_ENGLISH::paired_english::m57_191105_141906,PAIRED_ENGLISH,0.04829770387965162,0.20938757061958313,0.1610898667399315
main,fmiss,embed_nommd_fullctx_xgboost,embedding_stack,xgboost,PAIRED_ENGLISH::paired_english::m57_191105_141906::MountainSort4::21,PAIRED_ENGLISH::paired_english::m57_191105_141906,PAIRED_ENGLISH,0.1187648456057007,0.38948991894721985,0.27072507334151913
main,fmiss,embed_nommd_fullctx_xgboost,embedding_stack,xgboost,PAIRED_ENGLISH::paired_english::m57_191105_141906::MountainSort4::57,PAIRED_ENGLISH::paired_english::m57_191105_141906,PAIRED_ENGLISH,0.5399841646872525,0.3629160225391388,0.17706814214811373
main,fmiss,embed_nommd_fullctx_xgboost,embedding_stack,xgboost,PAIRED_ENGLISH::paired_english::m57_191105_141906::SpykingCircus::12,PAIRED_ENGLISH::paired_english::m57_191105_141906,PAIRED_ENGLISH,0.5859065716547902,0.6105288863182068,0.024622314663416578
main,fmiss,embed_nommd_fullctx_xgboost,embedding_stack,xgboost,PAIRED_ENGLISH::paired_english::m57_191105_141906::SpykingCircus::30,PAIRED_ENGLISH::paired_english::m57_191105_141906,PAIRED_ENGLISH,0.46872525732383213,0.35697492957115173,0.1117503277526804
main,fmiss,embed_nommd_fullctx_xgboost,embedding_stack,xgboost,PAIRED_ENGLISH::paired_english::m57_191105_160026::HerdingSpikes2::1,PAIRED_ENGLISH::paired_english::m57_191105_160026,PAIRED_ENGLISH,0.7557251908396947,0.12644703686237335,0.6292781539773213
main,fmiss,embed_nommd_fullctx_xgboost,embedding_stack,xgboost,PAIRED_ENGLISH::paired_english::m57_191105_160026::IronClust::2,PAIRED_ENGLISH::paired_english::m57_191105_160026,PAIRED_ENGLISH,0.7206106870229008,0.19168779253959656,0.5289228944833042
main,fmiss,embed_nommd_fullctx_xgboost,embedding_stack,xgboost,PAIRED_ENGLISH::paired_english::m57_191105_160026::IronClust::3,PAIRED_ENGLISH::paired_english::m57_191105_160026,PAIRED_ENGLISH,0.5629770992366412,0.22216273844242096,0.34081436079422023
main,fmiss,embed_nommd_fullctx_xgboost,embedding_stack,xgboost,PAIRED_ENGLISH::paired_english::m57_191105_160026::KiloSort::127,PAIRED_ENGLISH::paired_english::m57_191105_160026,PAIRED_ENGLISH,0.7213740458015268,0.24943722784519196,0.4719368179563348
main,fmiss,embed_nommd_fullctx_xgboost,embedding_stack,xgboost,PAIRED_ENGLISH::paired_english::m57_191105_160026::KiloSort::6,PAIRED_ENGLISH::paired_english::m57_191105_160026,PAIRED_ENGLISH,0.5885496183206107,0.22009654343128204,0.36845307488932866
main,fmiss,embed_nommd_fullctx_xgboost,embedding_stack,xgboost,PAIRED_ENGLISH::paired_english::m57_191105_160026::MountainSort4::23,PAIRED_ENGLISH::paired_english::m57_191105_160026,PAIRED_ENGLISH,0.8603053435114504,0.3226902484893799,0.5376150950220705
main,fmiss,embed_nommd_fullctx_xgboost,embedding_stack,xgboost,PAIRED_ENGLISH::paired_english::m57_191105_160026::MountainSort4::25,PAIRED_ENGLISH::paired_english::m57_191105_160026,PAIRED_ENGLISH,0.5545801526717558,0.183269202709198,0.37131094996255776
main,fmiss,embed_nommd_fullctx_xgboost,embedding_stack,xgboost,PAIRED_ENGLISH::paired_english::m57_191105_160026::SpykingCircus::2,PAIRED_ENGLISH::paired_english::m57_191105_160026,PAIRED_ENGLISH,0.7709923664122137,0.21414683759212494,0.5568455288200888
main,fmiss,embed_nommd_fullctx_xgboost,embedding_stack,xgboost,PAIRED_ENGLISH::paired_english::m57_191105_160026::SpykingCircus::4,PAIRED_ENGLISH::paired_english::m57_191105_160026,PAIRED_ENGLISH,0.5625954198473282,0.23748843371868134,0.32510698612864686
main,fmiss,embed_nommd_fullctx_xgboost,embedding_stack,xgboost,PAIRED_ENGLISH::paired_english::m57_191105_160026::Tridesclous::0,PAIRED_ENGLISH::paired_english::m57_191105_160026,PAIRED_ENGLISH,0.7061068702290076,0.044783931225538254,0.6613229390034694
main,fmiss,embed_nommd_fullctx_xgboost,embedding_stack,xgboost,PAIRED_KAMPFF::paired_kampff::c14::HerdingSpikes2::6,PAIRED_KAMPFF::paired_kampff::c14,PAIRED_KAMPFF,0.35151068533529845,0.12555910646915436,0.2259515788661441
main,fmiss,embed_nommd_fullctx_xgboost,embedding_stack,xgboost,PAIRED_KAMPFF::paired_kampff::c14::IronClust::22,PAIRED_KAMPFF::paired_kampff::c14,PAIRED_KAMPFF,0.25036845983787764,0.10964898765087128,0.14071947218700637
main,fmiss,embed_nommd_fullctx_xgboost,embedding_stack,xgboost,PAIRED_KAMPFF::paired_kampff::c14::KiloSort2::37,PAIRED_KAMPFF::paired_kampff::c14,PAIRED_KAMPFF,0.14296241709653648,0.1069488450884819,0.03601357200805458
main,fmiss,embed_nommd_fullctx_xgboost,embedding_stack,xgboost,PAIRED_KAMPFF::paired_kampff::c14::MountainSort4::42,PAIRED_KAMPFF::paired_kampff::c14,PAIRED_KAMPFF,0.32221812822402357,0.10207071900367737,0.2201474092203462
main,fmiss,embed_nommd_fullctx_xgboost,embedding_stack,xgboost,PAIRED_KAMPFF::paired_kampff::c14::SpykingCircus::14,PAIRED_KAMPFF::paired_kampff::c14,PAIRED_KAMPFF,0.21868091378039795,0.1104973778128624,0.10818353596753555
main,fmiss,embed_nommd_fullctx_xgboost,embedding_stack,xgboost,PAIRED_KAMPFF::paired_kampff::c14::Tridesclous::8,PAIRED_KAMPFF::paired_kampff::c14,PAIRED_KAMPFF,0.20910095799557848,0.0627790242433548,0.1463219337522237
main,fmiss,embed_nommd_fullctx_xgboost,embedding_stack,xgboost,PAIRED_MEA64C_YGER::paired_mea64c::20170622_patch1::HerdingSpikes2::19,PAIRED_MEA64C_YGER::paired_mea64c::20170622_patch1,PAIRED_MEA64C_YGER,0.8533362695441533,0.4687173366546631,0.38461893288949023
main,fmiss,embed_nommd_fullctx_xgboost,embedding_stack,xgboost,PAIRED_MEA64C_YGER::paired_mea64c::20170622_patch1::HerdingSpikes2::7,PAIRED_MEA64C_YGER::paired_mea64c::20170622_patch1,PAIRED_MEA64C_YGER,0.18343977097555605,0.08808398991823196,0.09535578105732409
main,fmiss,embed_nommd_fullctx_xgboost,embedding_stack,xgboost,PAIRED_MEA64C_YGER::paired_mea64c::20170622_patch1::IronClust::8,PAIRED_MEA64C_YGER::paired_mea64c::20170622_patch1,PAIRED_MEA64C_YGER,0.027747192248403437,0.021888937801122665,0.005858254447280772
main,fmiss,embed_nommd_fullctx_xgboost,embedding_stack,xgboost,PAIRED_MEA64C_YGER::paired_mea64c::20170622_patch1::KiloSort2::23,PAIRED_MEA64C_YGER::paired_mea64c::20170622_patch1,PAIRED_MEA64C_YGER,0.0008808632459810614,0.03590690717101097,0.03502604392502991
main,fmiss,embed_nommd_fullctx_xgboost,embedding_stack,xgboost,PAIRED_MEA64C_YGER::paired_mea64c::20170622_patch1::KiloSort::64,PAIRED_MEA64C_YGER::paired_mea64c::20170622_patch1,PAIRED_MEA64C_YGER,0.03457388240475666,0.03351721912622452,0.0010566632785321411
main,fmiss,embed_nommd_fullctx_xgboost,embedding_stack,xgboost,PAIRED_MEA64C_YGER::paired_mea64c::20170622_patch1::Klusta::4,PAIRED_MEA64C_YGER::paired_mea64c::20170622_patch1,PAIRED_MEA64C_YGER,0.17441092270425015,0.040659841150045395,0.13375108155420476
main,fmiss,embed_nommd_fullctx_xgboost,embedding_stack,xgboost,PAIRED_MEA64C_YGER::paired_mea64c::20170622_patch1::MountainSort4::43,PAIRED_MEA64C_YGER::paired_mea64c::20170622_patch1,PAIRED_MEA64C_YGER,0.02510460251046025,0.045466262847185135,0.020361660336724884
main,fmiss,embed_nommd_fullctx_xgboost,embedding_stack,xgboost,PAIRED_MEA64C_YGER::paired_mea64c::20170622_patch1::SpykingCircus::18,PAIRED_MEA64C_YGER::paired_mea64c::20170622_patch1,PAIRED_MEA64C_YGER,0.0028628055494384495,0.03489726409316063,0.03203445854372218
main,fmiss,embed_nommd_fullctx_xgboost,embedding_stack,xgboost,PAIRED_MEA64C_YGER::paired_mea64c::20170622_patch1::Tridesclous::12,PAIRED_MEA64C_YGER::paired_mea64c::20170622_patch1,PAIRED_MEA64C_YGER,0.026425897379431844,0.03336755558848381,0.0069416582090519666
main,fmiss,embed_nommd_fullctx_xgboost,embedding_stack,xgboost,PAIRED_MEA64C_YGER::paired_mea64c::20170622_patch2::HerdingSpikes2::16,PAIRED_MEA64C_YGER::paired_mea64c::20170622_patch2,PAIRED_MEA64C_YGER,0.6606015595989603,0.12308509647846222,0.5375164631204981
main,fmiss,embed_nommd_fullctx_xgboost,embedding_stack,xgboost,PAIRED_MEA64C_YGER::paired_mea64c::20170622_patch2::HerdingSpikes2::44,PAIRED_MEA64C_YGER::paired_mea64c::20170622_patch2,PAIRED_MEA64C_YGER,0.8756034162643892,0.27018052339553833,0.6054228928688509
main,fmiss,embed_nommd_fullctx_xgboost,embedding_stack,xgboost,PAIRED_MEA64C_YGER::paired_mea64c::20170622_patch2::HerdingSpikes2::5,PAIRED_MEA64C_YGER::paired_mea64c::20170622_patch2,PAIRED_MEA64C_YGER,0.008169327887114742,0.022917253896594048,0.014747926009479306
main,fmiss,embed_nommd_fullctx_xgboost,embedding_stack,xgboost,PAIRED_MEA64C_YGER::paired_mea64c::20170622_patch2::IronClust::11,PAIRED_MEA64C_YGER::paired_mea64c::20170622_patch2,PAIRED_MEA64C_YGER,0.0003713330857779428,0.007854034192860126,0.007482701107082184
main,fmiss,embed_nommd_fullctx_xgboost,embedding_stack,xgboost,PAIRED_MEA64C_YGER::paired_mea64c::20170622_patch2::JRClust::31,PAIRED_MEA64C_YGER::paired_mea64c::20170622_patch2,PAIRED_MEA64C_YGER,0.0029706646862235424,0.008968201465904713,0.00599753677968117
main,fmiss,embed_nommd_fullctx_xgboost,embedding_stack,xgboost,PAIRED_MEA64C_YGER::paired_mea64c::20170622_patch2::KiloSort2::33,PAIRED_MEA64C_YGER::paired_mea64c::20170622_patch2,PAIRED_MEA64C_YGER,0.0011139992573338284,0.009489656426012516,0.008375657168678687
main,fmiss,embed_nommd_fullctx_xgboost,embedding_stack,xgboost,PAIRED_MEA64C_YGER::paired_mea64c::20170622_patch2::KiloSort::5,PAIRED_MEA64C_YGER::paired_mea64c::20170622_patch2,PAIRED_MEA64C_YGER,0.0014853323431117712,0.00933028757572174,0.00784495523260997
main,fmiss,embed_nommd_fullctx_xgboost,embedding_stack,xgboost,PAIRED_MEA64C_YGER::paired_mea64c::20170622_patch2::Klusta::14,PAIRED_MEA64C_YGER::paired_mea64c::20170622_patch2,PAIRED_MEA64C_YGER,0.15893056071295952,0.013845250010490417,0.1450853107024691
main,fmiss,embed_nommd_fullctx_xgboost,embedding_stack,xgboost,PAIRED_MEA64C_YGER::paired_mea64c::20170622_patch2::MountainSort4::31,PAIRED_MEA64C_YGER::paired_mea64c::20170622_patch2,PAIRED_MEA64C_YGER,0.0003713330857779428,0.008541855029761791,0.008170521943983848
main,fmiss,embed_nommd_fullctx_xgboost,embedding_stack,xgboost,PAIRED_MEA64C_YGER::paired_mea64c::20170622_patch2::SpykingCircus::17,PAIRED_MEA64C_YGER::paired_mea64c::20170622_patch2,PAIRED_MEA64C_YGER,0.0003713330857779428,0.010863399133086205,0.010492066047308261
main,fmiss,embed_nommd_fullctx_xgboost,embedding_stack,xgboost,PAIRED_MEA64C_YGER::paired_mea64c::20170622_patch2::Tridesclous::0,PAIRED_MEA64C_YGER::paired_mea64c::20170622_patch2,PAIRED_MEA64C_YGER,0.0003713330857779428,0.009801913052797318,0.009430579967019374
main,fmiss,latent_summary_fullctx_lightgbm,latent_summary_stack,lightgbm,PAIRED_BOYDEN::paired_boyden32c::1103_1_1::IronClust::4,PAIRED_BOYDEN::paired_boyden32c::1103_1_1,PAIRED_BOYDEN,0.1661807580174927,0.15045785903930664,0.015722898978186073
main,fmiss,latent_summary_fullctx_lightgbm,latent_summary_stack,lightgbm,PAIRED_BOYDEN::paired_boyden32c::1103_1_1::JRClust::18,PAIRED_BOYDEN::paired_boyden32c::1103_1_1,PAIRED_BOYDEN,0.08551992225461613,0.19418376684188843,0.1086638445872723
main,fmiss,latent_summary_fullctx_lightgbm,latent_summary_stack,lightgbm,PAIRED_BOYDEN::paired_boyden32c::1103_1_1::KiloSort2::33,PAIRED_BOYDEN::paired_boyden32c::1103_1_1,PAIRED_BOYDEN,0.42857142857142855,0.18156735599040985,0.2470040725810187
main,fmiss,latent_summary_fullctx_lightgbm,latent_summary_stack,lightgbm,PAIRED_BOYDEN::paired_boyden32c::1103_1_1::KiloSort2::55,PAIRED_BOYDEN::paired_boyden32c::1103_1_1,PAIRED_BOYDEN,0.8328474246841594,0.49011096358299255,0.34273646110116684
main,fmiss,latent_summary_fullctx_lightgbm,latent_summary_stack,lightgbm,PAIRED_BOYDEN::paired_boyden32c::1103_1_1::KiloSort2::60,PAIRED_BOYDEN::paired_boyden32c::1103_1_1,PAIRED_BOYDEN,0.7580174927113703,0.34533026814460754,0.41268722456676277
main,fmiss,latent_summary_fullctx_lightgbm,latent_summary_stack,lightgbm,PAIRED_BOYDEN::paired_boyden32c::1103_1_1::KiloSort::111,PAIRED_BOYDEN::paired_boyden32c::1103_1_1,PAIRED_BOYDEN,0.04081632653061224,0.1262277066707611,0.08541138014014887
main,fmiss,latent_summary_fullctx_lightgbm,latent_summary_stack,lightgbm,PAIRED_BOYDEN::paired_boyden32c::1103_1_1::Klusta::12,PAIRED_BOYDEN::paired_boyden32c::1103_1_1,PAIRED_BOYDEN,0.17881438289601556,0.14738263189792633,0.03143175099808923
main,fmiss,latent_summary_fullctx_lightgbm,latent_summary_stack,lightgbm,PAIRED_BOYDEN::paired_boyden32c::1103_1_1::MountainSort4::26,PAIRED_BOYDEN::paired_boyden32c::1103_1_1,PAIRED_BOYDEN,0.03595724003887269,0.1354144960641861,0.09945725602531341
main,fmiss,latent_summary_fullctx_lightgbm,latent_summary_stack,lightgbm,PAIRED_BOYDEN::paired_boyden32c::1103_1_1::SpykingCircus::27,PAIRED_BOYDEN::paired_boyden32c::1103_1_1,PAIRED_BOYDEN,0.07482993197278912,0.23254899680614471,0.1577190648333556
main,fmiss,latent_summary_fullctx_lightgbm,latent_summary_stack,lightgbm,PAIRED_BOYDEN::paired_boyden32c::1103_1_1::Tridesclous::3,PAIRED_BOYDEN::paired_boyden32c::1103_1_1,PAIRED_BOYDEN,0.11273080660835763,0.09405380487442017,0.018677001733937465
main,fmiss,latent_summary_fullctx_lightgbm,latent_summary_stack,lightgbm,PAIRED_BOYDEN::paired_boyden32c::419_1_8::IronClust::14,PAIRED_BOYDEN::paired_boyden32c::419_1_8,PAIRED_BOYDEN,0.1489691520694466,0.12570342421531677,0.023265727854129836
main,fmiss,latent_summary_fullctx_lightgbm,latent_summary_stack,lightgbm,PAIRED_BOYDEN::paired_boyden32c::419_1_8::IronClust::4,PAIRED_BOYDEN::paired_boyden32c::419_1_8,PAIRED_BOYDEN,0.3614943419624864,0.16251634061336517,0.19897800134912125
main,fmiss,latent_summary_fullctx_lightgbm,latent_summary_stack,lightgbm,PAIRED_BOYDEN::paired_boyden32c::419_1_8::JRClust::24,PAIRED_BOYDEN::paired_boyden32c::419_1_8,PAIRED_BOYDEN,0.14617888699426446,0.14111937582492828,0.005059511169336173
main,fmiss,latent_summary_fullctx_lightgbm,latent_summary_stack,lightgbm,PAIRED_BOYDEN::paired_boyden32c::419_1_8::JRClust::8,PAIRED_BOYDEN::paired_boyden32c::419_1_8,PAIRED_BOYDEN,0.7484110990544102,0.5167927742004395,0.23161832485397071
main,fmiss,latent_summary_fullctx_lightgbm,latent_summary_stack,lightgbm,PAIRED_BOYDEN::paired_boyden32c::419_1_8::KiloSort2::27,PAIRED_BOYDEN::paired_boyden32c::419_1_8,PAIRED_BOYDEN,0.06696636180437142,0.10816031694412231,0.041193955139750896
main,fmiss,latent_summary_fullctx_lightgbm,latent_summary_stack,lightgbm,PAIRED_BOYDEN::paired_boyden32c::419_1_8::KiloSort2::46,PAIRED_BOYDEN::paired_boyden32c::419_1_8,PAIRED_BOYDEN,0.11424585335606882,0.13639651238918304,0.022150659033114223
main,fmiss,latent_summary_fullctx_lightgbm,latent_summary_stack,lightgbm,PAIRED_BOYDEN::paired_boyden32c::419_1_8::KiloSort::17,PAIRED_BOYDEN::paired_boyden32c::419_1_8,PAIRED_BOYDEN,0.13067741435436367,0.0995013490319252,0.031176065322438468
main,fmiss,latent_summary_fullctx_lightgbm,latent_summary_stack,lightgbm,PAIRED_BOYDEN::paired_boyden32c::419_1_8::MountainSort4::42,PAIRED_BOYDEN::paired_boyden32c::419_1_8,PAIRED_BOYDEN,0.12261664858161525,0.08177500218153,0.04084164640008525
main,fmiss,latent_summary_fullctx_lightgbm,latent_summary_stack,lightgbm,PAIRED_BOYDEN::paired_boyden32c::419_1_8::SpykingCircus::24,PAIRED_BOYDEN::paired_boyden32c::419_1_8,PAIRED_BOYDEN,0.8012711207564719,0.5773869156837463,0.22388420507272555
main,fmiss,latent_summary_fullctx_lightgbm,latent_summary_stack,lightgbm,PAIRED_BOYDEN::paired_boyden32c::419_1_8::SpykingCircus::28,PAIRED_BOYDEN::paired_boyden32c::419_1_8,PAIRED_BOYDEN,0.12416679584560533,0.11712481081485748,0.007041985030747849
main,fmiss,latent_summary_fullctx_lightgbm,latent_summary_stack,lightgbm,PAIRED_BOYDEN::paired_boyden32c::419_1_8::Tridesclous::0,PAIRED_BOYDEN::paired_boyden32c::419_1_8,PAIRED_BOYDEN,0.14447372500387537,0.041866350919008255,0.10260737408486711
main,fmiss,latent_summary_fullctx_lightgbm,latent_summary_stack,lightgbm,PAIRED_CRCNS_HC1::paired_crcns::d11221_d11221.001::SpykingCircus::6,PAIRED_CRCNS_HC1::paired_crcns::d11221_d11221.001,PAIRED_CRCNS_HC1,0.2845528455284553,0.5733942985534668,0.2888414530250115
main,fmiss,latent_summary_fullctx_lightgbm,latent_summary_stack,lightgbm,PAIRED_CRCNS_HC1::paired_crcns::d11222_d11222.002::IronClust::2,PAIRED_CRCNS_HC1::paired_crcns::d11222_d11222.002,PAIRED_CRCNS_HC1,0.017310252996005325,0.09557782113552094,0.0782675681395156
main,fmiss,latent_summary_fullctx_lightgbm,latent_summary_stack,lightgbm,PAIRED_CRCNS_HC1::paired_crcns::d11222_d11222.002::JRClust::3,PAIRED_CRCNS_HC1::paired_crcns::d11222_d11222.002,PAIRED_CRCNS_HC1,0.07323568575233022,0.1272304207086563,0.05399473495632609
main,fmiss,latent_summary_fullctx_lightgbm,latent_summary_stack,lightgbm,PAIRED_CRCNS_HC1::paired_crcns::d11222_d11222.002::KiloSort2::10,PAIRED_CRCNS_HC1::paired_crcns::d11222_d11222.002,PAIRED_CRCNS_HC1,0.5339547270306259,0.0530276782810688,0.48092704874955705
main,fmiss,latent_summary_fullctx_lightgbm,latent_summary_stack,lightgbm,PAIRED_CRCNS_HC1::paired_crcns::d11222_d11222.002::KiloSort::1,PAIRED_CRCNS_HC1::paired_crcns::d11222_d11222.002,PAIRED_CRCNS_HC1,0.03595206391478029,0.08405808359384537,0.048106019679065075
main,fmiss,latent_summary_fullctx_lightgbm,latent_summary_stack,lightgbm,PAIRED_CRCNS_HC1::paired_crcns::d11222_d11222.002::Klusta::2,PAIRED_CRCNS_HC1::paired_crcns::d11222_d11222.002,PAIRED_CRCNS_HC1,0.022636484687083888,0.07729285955429077,0.05465637486720688
main,fmiss,latent_summary_fullctx_lightgbm,latent_summary_stack,lightgbm,PAIRED_CRCNS_HC1::paired_crcns::d11222_d11222.002::MountainSort4::4,PAIRED_CRCNS_HC1::paired_crcns::d11222_d11222.002,PAIRED_CRCNS_HC1,0.20372836218375498,0.06280404329299927,0.1409243188907557
main,fmiss,latent_summary_fullctx_lightgbm,latent_summary_stack,lightgbm,PAIRED_CRCNS_HC1::paired_crcns::d11222_d11222.002::SpykingCircus::4,PAIRED_CRCNS_HC1::paired_crcns::d11222_d11222.002,PAIRED_CRCNS_HC1,0.1151797603195739,0.14076870679855347,0.025588946478979566
main,fmiss,latent_summary_fullctx_lightgbm,latent_summary_stack,lightgbm,PAIRED_CRCNS_HC1::paired_crcns::d11222_d11222.002::Tridesclous::0,PAIRED_CRCNS_HC1::paired_crcns::d11222_d11222.002,PAIRED_CRCNS_HC1,0.014647137150466045,0.09192736446857452,0.07728022731810848
main,fmiss,latent_summary_fullctx_lightgbm,latent_summary_stack,lightgbm,PAIRED_ENGLISH::paired_english::m139_200114_191955::KiloSort2::25,PAIRED_ENGLISH::paired_english::m139_200114_191955,PAIRED_ENGLISH,0.8107276747092185,0.4064329266548157,0.4042947480544028
main,fmiss,latent_summary_fullctx_lightgbm,latent_summary_stack,lightgbm,PAIRED_ENGLISH::paired_english::m139_200114_191955::MountainSort4::36,PAIRED_ENGLISH::paired_english::m139_200114_191955,PAIRED_ENGLISH,0.6701912909737576,0.36669081449508667,0.30350047647867096
main,fmiss,latent_summary_fullctx_lightgbm,latent_summary_stack,lightgbm,PAIRED_ENGLISH::paired_english::m139_200114_191955::SpykingCircus::42,PAIRED_ENGLISH::paired_english::m139_200114_191955,PAIRED_ENGLISH,0.8063058733057772,0.6173508763313293,0.18895499697444784
main,fmiss,latent_summary_fullctx_lightgbm,latent_summary_stack,lightgbm,PAIRED_ENGLISH::paired_english::m139_200114_222743::HerdingSpikes2::5,PAIRED_ENGLISH::paired_english::m139_200114_222743,PAIRED_ENGLISH,0.022052337547780066,0.18123893439769745,0.15918659684991737
main,fmiss,latent_summary_fullctx_lightgbm,latent_summary_stack,lightgbm,PAIRED_ENGLISH::paired_english::m139_200114_222743::IronClust::17,PAIRED_ENGLISH::paired_english::m139_200114_222743,PAIRED_ENGLISH,0.01587768303440165,0.19035865366458893,0.17448097063018728
main,fmiss,latent_summary_fullctx_lightgbm,latent_summary_stack,lightgbm,PAIRED_ENGLISH::paired_english::m139_200114_222743::KiloSort2::26,PAIRED_ENGLISH::paired_english::m139_200114_222743,PAIRED_ENGLISH,0.002940311673037342,0.26284152269363403,0.2599012110205967
main,fmiss,latent_summary_fullctx_lightgbm,latent_summary_stack,lightgbm,PAIRED_ENGLISH::paired_english::m139_200114_222743::KiloSort::88,PAIRED_ENGLISH::paired_english::m139_200114_222743,PAIRED_ENGLISH,0.006174654513378418,0.18213056027889252,0.1759559057655141
main,fmiss,latent_summary_fullctx_lightgbm,latent_summary_stack,lightgbm,PAIRED_ENGLISH::paired_english::m139_200114_222743::MountainSort4::46,PAIRED_ENGLISH::paired_english::m139_200114_222743,PAIRED_ENGLISH,0.00911496618641576,0.2025972306728363,0.19348226448642053
main,fmiss,latent_summary_fullctx_lightgbm,latent_summary_stack,lightgbm,PAIRED_ENGLISH::paired_english::m139_200114_222743::SpykingCircus::44,PAIRED_ENGLISH::paired_english::m139_200114_222743,PAIRED_ENGLISH,0.0020582181711261394,0.1882716417312622,0.18621342356013607
main,fmiss,latent_summary_fullctx_lightgbm,latent_summary_stack,lightgbm,PAIRED_ENGLISH::paired_english::m139_200114_222743::Tridesclous::1,PAIRED_ENGLISH::paired_english::m139_200114_222743,PAIRED_ENGLISH,0.004998529844163481,0.1990629881620407,0.19406445831787722
main,fmiss,latent_summary_fullctx_lightgbm,latent_summary_stack,lightgbm,PAIRED_ENGLISH::paired_english::m14_190326_155432::IronClust::22,PAIRED_ENGLISH::paired_english::m14_190326_155432,PAIRED_ENGLISH,0.13721413721413722,0.2666110098361969,0.12939687262205968
main,fmiss,latent_summary_fullctx_lightgbm,latent_summary_stack,lightgbm,PAIRED_ENGLISH::paired_english::m14_190326_155432::MountainSort4::33,PAIRED_ENGLISH::paired_english::m14_190326_155432,PAIRED_ENGLISH,0.09147609147609148,0.2510126531124115,0.15953656163632002
main,fmiss,latent_summary_fullctx_lightgbm,latent_summary_stack,lightgbm,PAIRED_ENGLISH::paired_english::m14_190326_155432::SpykingCircus::38,PAIRED_ENGLISH::paired_english::m14_190326_155432,PAIRED_ENGLISH,0.079002079002079,0.3534076511859894,0.2744055721839104
main,fmiss,latent_summary_fullctx_lightgbm,latent_summary_stack,lightgbm,PAIRED_ENGLISH::paired_english::m15_190315_142052_cell1::IronClust::40,PAIRED_ENGLISH::paired_english::m15_190315_142052_cell1,PAIRED_ENGLISH,0.24027594305005137,0.2033708691596985,0.036905073890352885
main,fmiss,latent_summary_fullctx_lightgbm,latent_summary_stack,lightgbm,PAIRED_ENGLISH::paired_english::m15_190315_142052_cell1::KiloSort2::48,PAIRED_ENGLISH::paired_english::m15_190315_142052_cell1,PAIRED_ENGLISH,0.3173345075590782,0.2344924658536911,0.08284204170538711
main,fmiss,latent_summary_fullctx_lightgbm,latent_summary_stack,lightgbm,PAIRED_ENGLISH::paired_english::m15_190315_142052_cell1::MountainSort4::62,PAIRED_ENGLISH::paired_english::m15_190315_142052_cell1,PAIRED_ENGLISH,0.5289886980772054,0.27666202187538147,0.2523266762018239
main,fmiss,latent_summary_fullctx_lightgbm,latent_summary_stack,lightgbm,PAIRED_ENGLISH::paired_english::m15_190315_142052_cell1::MountainSort4::64,PAIRED_ENGLISH::paired_english::m15_190315_142052_cell1,PAIRED_ENGLISH,0.6713635696462645,0.34008896350860596,0.3312746061376586
main,fmiss,latent_summary_fullctx_lightgbm,latent_summary_stack,lightgbm,PAIRED_ENGLISH::paired_english::m15_190315_142052_cell1::SpykingCircus::22,PAIRED_ENGLISH::paired_english::m15_190315_142052_cell1,PAIRED_ENGLISH,0.35975341259357113,0.3053150177001953,0.05443839489337582
main,fmiss,latent_summary_fullctx_lightgbm,latent_summary_stack,lightgbm,PAIRED_ENGLISH::paired_english::m15_190315_142052_cell1::SpykingCircus::57,PAIRED_ENGLISH::paired_english::m15_190315_142052_cell1,PAIRED_ENGLISH,0.8711287244972846,0.4756380617618561,0.39549066273542854
main,fmiss,latent_summary_fullctx_lightgbm,latent_summary_stack,lightgbm,PAIRED_ENGLISH::paired_english::m15_190315_152315_cell1::IronClust::35,PAIRED_ENGLISH::paired_english::m15_190315_152315_cell1,PAIRED_ENGLISH,0.04922936853742602,0.12717752158641815,0.07794815304899214
main,fmiss,latent_summary_fullctx_lightgbm,latent_summary_stack,lightgbm,PAIRED_ENGLISH::paired_english::m15_190315_152315_cell1::KiloSort2::37,PAIRED_ENGLISH::paired_english::m15_190315_152315_cell1,PAIRED_ENGLISH,0.0014307082005592768,0.1284501701593399,0.12701946195878064
main,fmiss,latent_summary_fullctx_lightgbm,latent_summary_stack,lightgbm,PAIRED_ENGLISH::paired_english::m15_190315_152315_cell1::KiloSort::1,PAIRED_ENGLISH::paired_english::m15_190315_152315_cell1,PAIRED_ENGLISH,0.003901931456070755,0.1508830338716507,0.14698110241557993
main,fmiss,latent_summary_fullctx_lightgbm,latent_summary_stack,lightgbm,PAIRED_ENGLISH::paired_english::m15_190315_152315_cell1::MountainSort4::72,PAIRED_ENGLISH::paired_english::m15_190315_152315_cell1,PAIRED_ENGLISH,0.03479222214996423,0.23562823235988617,0.20083601020992192
main,fmiss,latent_summary_fullctx_lightgbm,latent_summary_stack,lightgbm,PAIRED_ENGLISH::paired_english::m15_190315_152315_cell1::SpykingCircus::46,PAIRED_ENGLISH::paired_english::m15_190315_152315_cell1,PAIRED_ENGLISH,0.0018859335371008649,0.1423613429069519,0.14047540936985103
main,fmiss,latent_summary_fullctx_lightgbm,latent_summary_stack,lightgbm,PAIRED_ENGLISH::paired_english::m15_190315_152315_cell1::Tridesclous::0,PAIRED_ENGLISH::paired_english::m15_190315_152315_cell1,PAIRED_ENGLISH,0.2026403069519412,0.05726473778486252,0.1453755691670787
main,fmiss,latent_summary_fullctx_lightgbm,latent_summary_stack,lightgbm,PAIRED_ENGLISH::paired_english::m26_190524_100859_cell1::KiloSort2::0,PAIRED_ENGLISH::paired_english::m26_190524_100859_cell1,PAIRED_ENGLISH,0.3453815261044177,0.15429186820983887,0.19108965789457882
main,fmiss,latent_summary_fullctx_lightgbm,latent_summary_stack,lightgbm,PAIRED_ENGLISH::paired_english::m26_190524_100859_cell1::KiloSort::19,PAIRED_ENGLISH::paired_english::m26_190524_100859_cell1,PAIRED_ENGLISH,0.5522088353413654,0.09643851965665817,0.4557703156847073
main,fmiss,latent_summary_fullctx_lightgbm,latent_summary_stack,lightgbm,PAIRED_ENGLISH::paired_english::m26_190524_100859_cell1::KiloSort::8,PAIRED_ENGLISH::paired_english::m26_190524_100859_cell1,PAIRED_ENGLISH,0.7610441767068273,0.061303555965423584,0.6997406207414038
main,fmiss,latent_summary_fullctx_lightgbm,latent_summary_stack,lightgbm,PAIRED_ENGLISH::paired_english::m57_191105_141906::IronClust::6,PAIRED_ENGLISH::paired_english::m57_191105_141906,PAIRED_ENGLISH,0.12826603325415678,0.34229135513305664,0.21402532187889986
main,fmiss,latent_summary_fullctx_lightgbm,latent_summary_stack,lightgbm,PAIRED_ENGLISH::paired_english::m57_191105_141906::KiloSort::47,PAIRED_ENGLISH::paired_english::m57_191105_141906,PAIRED_ENGLISH,0.04829770387965162,0.1792556643486023,0.13095796046895067
main,fmiss,latent_summary_fullctx_lightgbm,latent_summary_stack,lightgbm,PAIRED_ENGLISH::paired_english::m57_191105_141906::MountainSort4::21,PAIRED_ENGLISH::paired_english::m57_191105_141906,PAIRED_ENGLISH,0.1187648456057007,0.21433623135089874,0.09557138574519804
main,fmiss,latent_summary_fullctx_lightgbm,latent_summary_stack,lightgbm,PAIRED_ENGLISH::paired_english::m57_191105_141906::MountainSort4::57,PAIRED_ENGLISH::paired_english::m57_191105_141906,PAIRED_ENGLISH,0.5399841646872525,0.4748126268386841,0.06517153784856844
main,fmiss,latent_summary_fullctx_lightgbm,latent_summary_stack,lightgbm,PAIRED_ENGLISH::paired_english::m57_191105_141906::SpykingCircus::12,PAIRED_ENGLISH::paired_english::m57_191105_141906,PAIRED_ENGLISH,0.5859065716547902,0.658973217010498,0.07306664535570784
main,fmiss,latent_summary_fullctx_lightgbm,latent_summary_stack,lightgbm,PAIRED_ENGLISH::paired_english::m57_191105_141906::SpykingCircus::30,PAIRED_ENGLISH::paired_english::m57_191105_141906,PAIRED_ENGLISH,0.46872525732383213,0.276422381401062,0.19230287592277012
main,fmiss,latent_summary_fullctx_lightgbm,latent_summary_stack,lightgbm,PAIRED_ENGLISH::paired_english::m57_191105_160026::HerdingSpikes2::1,PAIRED_ENGLISH::paired_english::m57_191105_160026,PAIRED_ENGLISH,0.7557251908396947,0.30142128467559814,0.45430390616409655
main,fmiss,latent_summary_fullctx_lightgbm,latent_summary_stack,lightgbm,PAIRED_ENGLISH::paired_english::m57_191105_160026::IronClust::2,PAIRED_ENGLISH::paired_english::m57_191105_160026,PAIRED_ENGLISH,0.7206106870229008,0.6108762621879578,0.109734424834943
main,fmiss,latent_summary_fullctx_lightgbm,latent_summary_stack,lightgbm,PAIRED_ENGLISH::paired_english::m57_191105_160026::IronClust::3,PAIRED_ENGLISH::paired_english::m57_191105_160026,PAIRED_ENGLISH,0.5629770992366412,0.552859365940094,0.010117733296547193
main,fmiss,latent_summary_fullctx_lightgbm,latent_summary_stack,lightgbm,PAIRED_ENGLISH::paired_english::m57_191105_160026::KiloSort::127,PAIRED_ENGLISH::paired_english::m57_191105_160026,PAIRED_ENGLISH,0.7213740458015268,0.6560532450675964,0.06532080073393032
main,fmiss,latent_summary_fullctx_lightgbm,latent_summary_stack,lightgbm,PAIRED_ENGLISH::paired_english::m57_191105_160026::KiloSort::6,PAIRED_ENGLISH::paired_english::m57_191105_160026,PAIRED_ENGLISH,0.5885496183206107,0.5726265907287598,0.015923027591850936
main,fmiss,latent_summary_fullctx_lightgbm,latent_summary_stack,lightgbm,PAIRED_ENGLISH::paired_english::m57_191105_160026::MountainSort4::23,PAIRED_ENGLISH::paired_english::m57_191105_160026,PAIRED_ENGLISH,0.8603053435114504,0.6905404329299927,0.1697649105814577
main,fmiss,latent_summary_fullctx_lightgbm,latent_summary_stack,lightgbm,PAIRED_ENGLISH::paired_english::m57_191105_160026::MountainSort4::25,PAIRED_ENGLISH::paired_english::m57_191105_160026,PAIRED_ENGLISH,0.5545801526717558,0.4247279465198517,0.12985220615190407
main,fmiss,latent_summary_fullctx_lightgbm,latent_summary_stack,lightgbm,PAIRED_ENGLISH::paired_english::m57_191105_160026::SpykingCircus::2,PAIRED_ENGLISH::paired_english::m57_191105_160026,PAIRED_ENGLISH,0.7709923664122137,0.48797741532325745,0.28301495108895625
main,fmiss,latent_summary_fullctx_lightgbm,latent_summary_stack,lightgbm,PAIRED_ENGLISH::paired_english::m57_191105_160026::SpykingCircus::4,PAIRED_ENGLISH::paired_english::m57_191105_160026,PAIRED_ENGLISH,0.5625954198473282,0.588642418384552,0.02604699853722381
main,fmiss,latent_summary_fullctx_lightgbm,latent_summary_stack,lightgbm,PAIRED_ENGLISH::paired_english::m57_191105_160026::Tridesclous::0,PAIRED_ENGLISH::paired_english::m57_191105_160026,PAIRED_ENGLISH,0.7061068702290076,0.0975571870803833,0.6085496831486243
main,fmiss,latent_summary_fullctx_lightgbm,latent_summary_stack,lightgbm,PAIRED_KAMPFF::paired_kampff::c14::HerdingSpikes2::6,PAIRED_KAMPFF::paired_kampff::c14,PAIRED_KAMPFF,0.35151068533529845,0.6452168822288513,0.2937061968935529
main,fmiss,latent_summary_fullctx_lightgbm,latent_summary_stack,lightgbm,PAIRED_KAMPFF::paired_kampff::c14::IronClust::22,PAIRED_KAMPFF::paired_kampff::c14,PAIRED_KAMPFF,0.25036845983787764,0.4795841574668884,0.22921569762901078
main,fmiss,latent_summary_fullctx_lightgbm,latent_summary_stack,lightgbm,PAIRED_KAMPFF::paired_kampff::c14::KiloSort2::37,PAIRED_KAMPFF::paired_kampff::c14,PAIRED_KAMPFF,0.14296241709653648,0.5566790103912354,0.4137165932946989
main,fmiss,latent_summary_fullctx_lightgbm,latent_summary_stack,lightgbm,PAIRED_KAMPFF::paired_kampff::c14::MountainSort4::42,PAIRED_KAMPFF::paired_kampff::c14,PAIRED_KAMPFF,0.32221812822402357,0.5659652352333069,0.24374710700928331
main,fmiss,latent_summary_fullctx_lightgbm,latent_summary_stack,lightgbm,PAIRED_KAMPFF::paired_kampff::c14::SpykingCircus::14,PAIRED_KAMPFF::paired_kampff::c14,PAIRED_KAMPFF,0.21868091378039795,0.590854287147522,0.372173373367124
main,fmiss,latent_summary_fullctx_lightgbm,latent_summary_stack,lightgbm,PAIRED_KAMPFF::paired_kampff::c14::Tridesclous::8,PAIRED_KAMPFF::paired_kampff::c14,PAIRED_KAMPFF,0.20910095799557848,0.23058031499385834,0.021479356998279853
main,fmiss,latent_summary_fullctx_lightgbm,latent_summary_stack,lightgbm,PAIRED_MEA64C_YGER::paired_mea64c::20170622_patch1::HerdingSpikes2::19,PAIRED_MEA64C_YGER::paired_mea64c::20170622_patch1,PAIRED_MEA64C_YGER,0.8533362695441533,0.7179980278015137,0.13533824174263964
main,fmiss,latent_summary_fullctx_lightgbm,latent_summary_stack,lightgbm,PAIRED_MEA64C_YGER::paired_mea64c::20170622_patch1::HerdingSpikes2::7,PAIRED_MEA64C_YGER::paired_mea64c::20170622_patch1,PAIRED_MEA64C_YGER,0.18343977097555605,0.31638282537460327,0.13294305439904722
main,fmiss,latent_summary_fullctx_lightgbm,latent_summary_stack,lightgbm,PAIRED_MEA64C_YGER::paired_mea64c::20170622_patch1::IronClust::8,PAIRED_MEA64C_YGER::paired_mea64c::20170622_patch1,PAIRED_MEA64C_YGER,0.027747192248403437,0.04288788512349129,0.01514069287508785
main,fmiss,latent_summary_fullctx_lightgbm,latent_summary_stack,lightgbm,PAIRED_MEA64C_YGER::paired_mea64c::20170622_patch1::KiloSort2::23,PAIRED_MEA64C_YGER::paired_mea64c::20170622_patch1,PAIRED_MEA64C_YGER,0.0008808632459810614,0.1949475109577179,0.19406664771173684
main,fmiss,latent_summary_fullctx_lightgbm,latent_summary_stack,lightgbm,PAIRED_MEA64C_YGER::paired_mea64c::20170622_patch1::KiloSort::64,PAIRED_MEA64C_YGER::paired_mea64c::20170622_patch1,PAIRED_MEA64C_YGER,0.03457388240475666,0.14532405138015747,0.11075016897540081
main,fmiss,latent_summary_fullctx_lightgbm,latent_summary_stack,lightgbm,PAIRED_MEA64C_YGER::paired_mea64c::20170622_patch1::Klusta::4,PAIRED_MEA64C_YGER::paired_mea64c::20170622_patch1,PAIRED_MEA64C_YGER,0.17441092270425015,0.1874382346868515,0.013027311982601347
main,fmiss,latent_summary_fullctx_lightgbm,latent_summary_stack,lightgbm,PAIRED_MEA64C_YGER::paired_mea64c::20170622_patch1::MountainSort4::43,PAIRED_MEA64C_YGER::paired_mea64c::20170622_patch1,PAIRED_MEA64C_YGER,0.02510460251046025,0.1163661926984787,0.09126159018801845
main,fmiss,latent_summary_fullctx_lightgbm,latent_summary_stack,lightgbm,PAIRED_MEA64C_YGER::paired_mea64c::20170622_patch1::SpykingCircus::18,PAIRED_MEA64C_YGER::paired_mea64c::20170622_patch1,PAIRED_MEA64C_YGER,0.0028628055494384495,0.10585331916809082,0.10299051361865237
main,fmiss,latent_summary_fullctx_lightgbm,latent_summary_stack,lightgbm,PAIRED_MEA64C_YGER::paired_mea64c::20170622_patch1::Tridesclous::12,PAIRED_MEA64C_YGER::paired_mea64c::20170622_patch1,PAIRED_MEA64C_YGER,0.026425897379431844,0.1499534398317337,0.12352754245230185
main,fmiss,latent_summary_fullctx_lightgbm,latent_summary_stack,lightgbm,PAIRED_MEA64C_YGER::paired_mea64c::20170622_patch2::HerdingSpikes2::16,PAIRED_MEA64C_YGER::paired_mea64c::20170622_patch2,PAIRED_MEA64C_YGER,0.6606015595989603,0.5774891376495361,0.08311242194942414
main,fmiss,latent_summary_fullctx_lightgbm,latent_summary_stack,lightgbm,PAIRED_MEA64C_YGER::paired_mea64c::20170622_patch2::HerdingSpikes2::44,PAIRED_MEA64C_YGER::paired_mea64c::20170622_patch2,PAIRED_MEA64C_YGER,0.8756034162643892,0.49527013301849365,0.38033328324589555
main,fmiss,latent_summary_fullctx_lightgbm,latent_summary_stack,lightgbm,PAIRED_MEA64C_YGER::paired_mea64c::20170622_patch2::HerdingSpikes2::5,PAIRED_MEA64C_YGER::paired_mea64c::20170622_patch2,PAIRED_MEA64C_YGER,0.008169327887114742,0.02565925382077694,0.0174899259336622
main,fmiss,latent_summary_fullctx_lightgbm,latent_summary_stack,lightgbm,PAIRED_MEA64C_YGER::paired_mea64c::20170622_patch2::IronClust::11,PAIRED_MEA64C_YGER::paired_mea64c::20170622_patch2,PAIRED_MEA64C_YGER,0.0003713330857779428,0.012457980774343014,0.01208664768856507
main,fmiss,latent_summary_fullctx_lightgbm,latent_summary_stack,lightgbm,PAIRED_MEA64C_YGER::paired_mea64c::20170622_patch2::JRClust::31,PAIRED_MEA64C_YGER::paired_mea64c::20170622_patch2,PAIRED_MEA64C_YGER,0.0029706646862235424,0.013219356536865234,0.010248691850641692
main,fmiss,latent_summary_fullctx_lightgbm,latent_summary_stack,lightgbm,PAIRED_MEA64C_YGER::paired_mea64c::20170622_patch2::KiloSort2::33,PAIRED_MEA64C_YGER::paired_mea64c::20170622_patch2,PAIRED_MEA64C_YGER,0.0011139992573338284,0.011571051552891731,0.010457052295557902
main,fmiss,latent_summary_fullctx_lightgbm,latent_summary_stack,lightgbm,PAIRED_MEA64C_YGER::paired_mea64c::20170622_patch2::KiloSort::5,PAIRED_MEA64C_YGER::paired_mea64c::20170622_patch2,PAIRED_MEA64C_YGER,0.0014853323431117712,0.00919821672141552,0.007712884378303748
main,fmiss,latent_summary_fullctx_lightgbm,latent_summary_stack,lightgbm,PAIRED_MEA64C_YGER::paired_mea64c::20170622_patch2::Klusta::14,PAIRED_MEA64C_YGER::paired_mea64c::20170622_patch2,PAIRED_MEA64C_YGER,0.15893056071295952,0.025087077170610428,0.1338434835423491
main,fmiss,latent_summary_fullctx_lightgbm,latent_summary_stack,lightgbm,PAIRED_MEA64C_YGER::paired_mea64c::20170622_patch2::MountainSort4::31,PAIRED_MEA64C_YGER::paired_mea64c::20170622_patch2,PAIRED_MEA64C_YGER,0.0003713330857779428,0.007562135346233845,0.007190802260455902
main,fmiss,latent_summary_fullctx_lightgbm,latent_summary_stack,lightgbm,PAIRED_MEA64C_YGER::paired_mea64c::20170622_patch2::SpykingCircus::17,PAIRED_MEA64C_YGER::paired_mea64c::20170622_patch2,PAIRED_MEA64C_YGER,0.0003713330857779428,0.016974620521068573,0.01660328743529063
main,fmiss,latent_summary_fullctx_lightgbm,latent_summary_stack,lightgbm,PAIRED_MEA64C_YGER::paired_mea64c::20170622_patch2::Tridesclous::0,PAIRED_MEA64C_YGER::paired_mea64c::20170622_patch2,PAIRED_MEA64C_YGER,0.0003713330857779428,0.013895255513489246,0.013523922427711303
main,fmiss,latent_summary_fullctx_lightgbm_study_bias,latent_summary_stack_study_bias,lightgbm,PAIRED_BOYDEN::paired_boyden32c::1103_1_1::IronClust::4,PAIRED_BOYDEN::paired_boyden32c::1103_1_1,PAIRED_BOYDEN,0.1661807580174927,0.25859894646222437,0.09241818844473165
main,fmiss,latent_summary_fullctx_lightgbm_study_bias,latent_summary_stack_study_bias,lightgbm,PAIRED_BOYDEN::paired_boyden32c::1103_1_1::JRClust::18,PAIRED_BOYDEN::paired_boyden32c::1103_1_1,PAIRED_BOYDEN,0.08551992225461613,0.30232485426480615,0.21680493201019002
main,fmiss,latent_summary_fullctx_lightgbm_study_bias,latent_summary_stack_study_bias,lightgbm,PAIRED_BOYDEN::paired_boyden32c::1103_1_1::KiloSort2::33,PAIRED_BOYDEN::paired_boyden32c::1103_1_1,PAIRED_BOYDEN,0.42857142857142855,0.2897084434133276,0.13886298515810097
main,fmiss,latent_summary_fullctx_lightgbm_study_bias,latent_summary_stack_study_bias,lightgbm,PAIRED_BOYDEN::paired_boyden32c::1103_1_1::KiloSort2::55,PAIRED_BOYDEN::paired_boyden32c::1103_1_1,PAIRED_BOYDEN,0.8328474246841594,0.5982520510059103,0.23459537367824912
main,fmiss,latent_summary_fullctx_lightgbm_study_bias,latent_summary_stack_study_bias,lightgbm,PAIRED_BOYDEN::paired_boyden32c::1103_1_1::KiloSort2::60,PAIRED_BOYDEN::paired_boyden32c::1103_1_1,PAIRED_BOYDEN,0.7580174927113703,0.45347135556752527,0.30454613714384504
main,fmiss,latent_summary_fullctx_lightgbm_study_bias,latent_summary_stack_study_bias,lightgbm,PAIRED_BOYDEN::paired_boyden32c::1103_1_1::KiloSort::111,PAIRED_BOYDEN::paired_boyden32c::1103_1_1,PAIRED_BOYDEN,0.04081632653061224,0.23436879409367883,0.1935524675630666
main,fmiss,latent_summary_fullctx_lightgbm_study_bias,latent_summary_stack_study_bias,lightgbm,PAIRED_BOYDEN::paired_boyden32c::1103_1_1::Klusta::12,PAIRED_BOYDEN::paired_boyden32c::1103_1_1,PAIRED_BOYDEN,0.17881438289601556,0.25552371932084406,0.0767093364248285
main,fmiss,latent_summary_fullctx_lightgbm_study_bias,latent_summary_stack_study_bias,lightgbm,PAIRED_BOYDEN::paired_boyden32c::1103_1_1::MountainSort4::26,PAIRED_BOYDEN::paired_boyden32c::1103_1_1,PAIRED_BOYDEN,0.03595724003887269,0.24355558348710382,0.20759834344823114
main,fmiss,latent_summary_fullctx_lightgbm_study_bias,latent_summary_stack_study_bias,lightgbm,PAIRED_BOYDEN::paired_boyden32c::1103_1_1::SpykingCircus::27,PAIRED_BOYDEN::paired_boyden32c::1103_1_1,PAIRED_BOYDEN,0.07482993197278912,0.34069008422906244,0.26586015225627335
main,fmiss,latent_summary_fullctx_lightgbm_study_bias,latent_summary_stack_study_bias,lightgbm,PAIRED_BOYDEN::paired_boyden32c::1103_1_1::Tridesclous::3,PAIRED_BOYDEN::paired_boyden32c::1103_1_1,PAIRED_BOYDEN,0.11273080660835763,0.2021948922973379,0.08946408568898026
main,fmiss,latent_summary_fullctx_lightgbm_study_bias,latent_summary_stack_study_bias,lightgbm,PAIRED_BOYDEN::paired_boyden32c::419_1_8::IronClust::14,PAIRED_BOYDEN::paired_boyden32c::419_1_8,PAIRED_BOYDEN,0.1489691520694466,0.2338445116382345,0.08487535956878789
main,fmiss,latent_summary_fullctx_lightgbm_study_bias,latent_summary_stack_study_bias,lightgbm,PAIRED_BOYDEN::paired_boyden32c::419_1_8::IronClust::4,PAIRED_BOYDEN::paired_boyden32c::419_1_8,PAIRED_BOYDEN,0.3614943419624864,0.2706574280362829,0.09083691392620352
main,fmiss,latent_summary_fullctx_lightgbm_study_bias,latent_summary_stack_study_bias,lightgbm,PAIRED_BOYDEN::paired_boyden32c::419_1_8::JRClust::24,PAIRED_BOYDEN::paired_boyden32c::419_1_8,PAIRED_BOYDEN,0.14617888699426446,0.249260463247846,0.10308157625358155
main,fmiss,latent_summary_fullctx_lightgbm_study_bias,latent_summary_stack_study_bias,lightgbm,PAIRED_BOYDEN::paired_boyden32c::419_1_8::JRClust::8,PAIRED_BOYDEN::paired_boyden32c::419_1_8,PAIRED_BOYDEN,0.7484110990544102,0.6249338616233572,0.12347723743105299
main,fmiss,latent_summary_fullctx_lightgbm_study_bias,latent_summary_stack_study_bias,lightgbm,PAIRED_BOYDEN::paired_boyden32c::419_1_8::KiloSort2::27,PAIRED_BOYDEN::paired_boyden32c::419_1_8,PAIRED_BOYDEN,0.06696636180437142,0.21630140436704004,0.1493350425626686
main,fmiss,latent_summary_fullctx_lightgbm_study_bias,latent_summary_stack_study_bias,lightgbm,PAIRED_BOYDEN::paired_boyden32c::419_1_8::KiloSort2::46,PAIRED_BOYDEN::paired_boyden32c::419_1_8,PAIRED_BOYDEN,0.11424585335606882,0.24453759981210077,0.13029174645603195
main,fmiss,latent_summary_fullctx_lightgbm_study_bias,latent_summary_stack_study_bias,lightgbm,PAIRED_BOYDEN::paired_boyden32c::419_1_8::KiloSort::17,PAIRED_BOYDEN::paired_boyden32c::419_1_8,PAIRED_BOYDEN,0.13067741435436367,0.20764243645484293,0.07696502210047926
main,fmiss,latent_summary_fullctx_lightgbm_study_bias,latent_summary_stack_study_bias,lightgbm,PAIRED_BOYDEN::paired_boyden32c::419_1_8::MountainSort4::42,PAIRED_BOYDEN::paired_boyden32c::419_1_8,PAIRED_BOYDEN,0.12261664858161525,0.18991608960444772,0.06729944102283247
main,fmiss,latent_summary_fullctx_lightgbm_study_bias,latent_summary_stack_study_bias,lightgbm,PAIRED_BOYDEN::paired_boyden32c::419_1_8::SpykingCircus::24,PAIRED_BOYDEN::paired_boyden32c::419_1_8,PAIRED_BOYDEN,0.8012711207564719,0.6855280031066641,0.11574311764980783
main,fmiss,latent_summary_fullctx_lightgbm_study_bias,latent_summary_stack_study_bias,lightgbm,PAIRED_BOYDEN::paired_boyden32c::419_1_8::SpykingCircus::28,PAIRED_BOYDEN::paired_boyden32c::419_1_8,PAIRED_BOYDEN,0.12416679584560533,0.2252658982377752,0.10109910239216988
main,fmiss,latent_summary_fullctx_lightgbm_study_bias,latent_summary_stack_study_bias,lightgbm,PAIRED_BOYDEN::paired_boyden32c::419_1_8::Tridesclous::0,PAIRED_BOYDEN::paired_boyden32c::419_1_8,PAIRED_BOYDEN,0.14447372500387537,0.15000743834192598,0.005533713338050611
main,fmiss,latent_summary_fullctx_lightgbm_study_bias,latent_summary_stack_study_bias,lightgbm,PAIRED_CRCNS_HC1::paired_crcns::d11221_d11221.001::SpykingCircus::6,PAIRED_CRCNS_HC1::paired_crcns::d11221_d11221.001,PAIRED_CRCNS_HC1,0.2845528455284553,0.3768898837052145,0.0923370381767592
main,fmiss,latent_summary_fullctx_lightgbm_study_bias,latent_summary_stack_study_bias,lightgbm,PAIRED_CRCNS_HC1::paired_crcns::d11222_d11222.002::IronClust::2,PAIRED_CRCNS_HC1::paired_crcns::d11222_d11222.002,PAIRED_CRCNS_HC1,0.017310252996005325,0.0,0.017310252996005325
main,fmiss,latent_summary_fullctx_lightgbm_study_bias,latent_summary_stack_study_bias,lightgbm,PAIRED_CRCNS_HC1::paired_crcns::d11222_d11222.002::JRClust::3,PAIRED_CRCNS_HC1::paired_crcns::d11222_d11222.002,PAIRED_CRCNS_HC1,0.07323568575233022,0.0,0.07323568575233022
main,fmiss,latent_summary_fullctx_lightgbm_study_bias,latent_summary_stack_study_bias,lightgbm,PAIRED_CRCNS_HC1::paired_crcns::d11222_d11222.002::KiloSort2::10,PAIRED_CRCNS_HC1::paired_crcns::d11222_d11222.002,PAIRED_CRCNS_HC1,0.5339547270306259,0.0,0.5339547270306259
main,fmiss,latent_summary_fullctx_lightgbm_study_bias,latent_summary_stack_study_bias,lightgbm,PAIRED_CRCNS_HC1::paired_crcns::d11222_d11222.002::KiloSort::1,PAIRED_CRCNS_HC1::paired_crcns::d11222_d11222.002,PAIRED_CRCNS_HC1,0.03595206391478029,0.0,0.03595206391478029
main,fmiss,latent_summary_fullctx_lightgbm_study_bias,latent_summary_stack_study_bias,lightgbm,PAIRED_CRCNS_HC1::paired_crcns::d11222_d11222.002::Klusta::2,PAIRED_CRCNS_HC1::paired_crcns::d11222_d11222.002,PAIRED_CRCNS_HC1,0.022636484687083888,0.0,0.022636484687083888
main,fmiss,latent_summary_fullctx_lightgbm_study_bias,latent_summary_stack_study_bias,lightgbm,PAIRED_CRCNS_HC1::paired_crcns::d11222_d11222.002::MountainSort4::4,PAIRED_CRCNS_HC1::paired_crcns::d11222_d11222.002,PAIRED_CRCNS_HC1,0.20372836218375498,0.0,0.20372836218375498
main,fmiss,latent_summary_fullctx_lightgbm_study_bias,latent_summary_stack_study_bias,lightgbm,PAIRED_CRCNS_HC1::paired_crcns::d11222_d11222.002::SpykingCircus::4,PAIRED_CRCNS_HC1::paired_crcns::d11222_d11222.002,PAIRED_CRCNS_HC1,0.1151797603195739,0.0,0.1151797603195739
main,fmiss,latent_summary_fullctx_lightgbm_study_bias,latent_summary_stack_study_bias,lightgbm,PAIRED_CRCNS_HC1::paired_crcns::d11222_d11222.002::Tridesclous::0,PAIRED_CRCNS_HC1::paired_crcns::d11222_d11222.002,PAIRED_CRCNS_HC1,0.014647137150466045,0.0,0.014647137150466045
main,fmiss,latent_summary_fullctx_lightgbm_study_bias,latent_summary_stack_study_bias,lightgbm,PAIRED_ENGLISH::paired_english::m139_200114_191955::KiloSort2::25,PAIRED_ENGLISH::paired_english::m139_200114_191955,PAIRED_ENGLISH,0.8107276747092185,0.407881622854601,0.40284605185461747
main,fmiss,latent_summary_fullctx_lightgbm_study_bias,latent_summary_stack_study_bias,lightgbm,PAIRED_ENGLISH::paired_english::m139_200114_191955::MountainSort4::36,PAIRED_ENGLISH::paired_english::m139_200114_191955,PAIRED_ENGLISH,0.6701912909737576,0.368139510694872,0.30205178027888563
main,fmiss,latent_summary_fullctx_lightgbm_study_bias,latent_summary_stack_study_bias,lightgbm,PAIRED_ENGLISH::paired_english::m139_200114_191955::SpykingCircus::42,PAIRED_ENGLISH::paired_english::m139_200114_191955,PAIRED_ENGLISH,0.8063058733057772,0.6187995725311146,0.18750630077466257
main,fmiss,latent_summary_fullctx_lightgbm_study_bias,latent_summary_stack_study_bias,lightgbm,PAIRED_ENGLISH::paired_english::m139_200114_222743::HerdingSpikes2::5,PAIRED_ENGLISH::paired_english::m139_200114_222743,PAIRED_ENGLISH,0.022052337547780066,0.18268763059748278,0.1606352930497027
main,fmiss,latent_summary_fullctx_lightgbm_study_bias,latent_summary_stack_study_bias,lightgbm,PAIRED_ENGLISH::paired_english::m139_200114_222743::IronClust::17,PAIRED_ENGLISH::paired_english::m139_200114_222743,PAIRED_ENGLISH,0.01587768303440165,0.19180734986437425,0.1759296668299726
main,fmiss,latent_summary_fullctx_lightgbm_study_bias,latent_summary_stack_study_bias,lightgbm,PAIRED_ENGLISH::paired_english::m139_200114_222743::KiloSort2::26,PAIRED_ENGLISH::paired_english::m139_200114_222743,PAIRED_ENGLISH,0.002940311673037342,0.26429021889341936,0.26134990722038204
main,fmiss,latent_summary_fullctx_lightgbm_study_bias,latent_summary_stack_study_bias,lightgbm,PAIRED_ENGLISH::paired_english::m139_200114_222743::KiloSort::88,PAIRED_ENGLISH::paired_english::m139_200114_222743,PAIRED_ENGLISH,0.006174654513378418,0.18357925647867784,0.17740460196529942
main,fmiss,latent_summary_fullctx_lightgbm_study_bias,latent_summary_stack_study_bias,lightgbm,PAIRED_ENGLISH::paired_english::m139_200114_222743::MountainSort4::46,PAIRED_ENGLISH::paired_english::m139_200114_222743,PAIRED_ENGLISH,0.00911496618641576,0.20404592687262163,0.19493096068620586
main,fmiss,latent_summary_fullctx_lightgbm_study_bias,latent_summary_stack_study_bias,lightgbm,PAIRED_ENGLISH::paired_english::m139_200114_222743::SpykingCircus::44,PAIRED_ENGLISH::paired_english::m139_200114_222743,PAIRED_ENGLISH,0.0020582181711261394,0.18972033793104753,0.1876621197599214
main,fmiss,latent_summary_fullctx_lightgbm_study_bias,latent_summary_stack_study_bias,lightgbm,PAIRED_ENGLISH::paired_english::m139_200114_222743::Tridesclous::1,PAIRED_ENGLISH::paired_english::m139_200114_222743,PAIRED_ENGLISH,0.004998529844163481,0.20051168436182604,0.19551315451766255
main,fmiss,latent_summary_fullctx_lightgbm_study_bias,latent_summary_stack_study_bias,lightgbm,PAIRED_ENGLISH::paired_english::m14_190326_155432::IronClust::22,PAIRED_ENGLISH::paired_english::m14_190326_155432,PAIRED_ENGLISH,0.13721413721413722,0.2680597060359822,0.130845568821845
main,fmiss,latent_summary_fullctx_lightgbm_study_bias,latent_summary_stack_study_bias,lightgbm,PAIRED_ENGLISH::paired_english::m14_190326_155432::MountainSort4::33,PAIRED_ENGLISH::paired_english::m14_190326_155432,PAIRED_ENGLISH,0.09147609147609148,0.2524613493121968,0.16098525783610534
main,fmiss,latent_summary_fullctx_lightgbm_study_bias,latent_summary_stack_study_bias,lightgbm,PAIRED_ENGLISH::paired_english::m14_190326_155432::SpykingCircus::38,PAIRED_ENGLISH::paired_english::m14_190326_155432,PAIRED_ENGLISH,0.079002079002079,0.3548563473857747,0.2758542683836957
main,fmiss,latent_summary_fullctx_lightgbm_study_bias,latent_summary_stack_study_bias,lightgbm,PAIRED_ENGLISH::paired_english::m15_190315_142052_cell1::IronClust::40,PAIRED_ENGLISH::paired_english::m15_190315_142052_cell1,PAIRED_ENGLISH,0.24027594305005137,0.2048195653594838,0.03545637769056756
main,fmiss,latent_summary_fullctx_lightgbm_study_bias,latent_summary_stack_study_bias,lightgbm,PAIRED_ENGLISH::paired_english::m15_190315_142052_cell1::KiloSort2::48,PAIRED_ENGLISH::paired_english::m15_190315_142052_cell1,PAIRED_ENGLISH,0.3173345075590782,0.23594116205347643,0.08139334550560179
main,fmiss,latent_summary_fullctx_lightgbm_study_bias,latent_summary_stack_study_bias,lightgbm,PAIRED_ENGLISH::paired_english::m15_190315_142052_cell1::MountainSort4::62,PAIRED_ENGLISH::paired_english::m15_190315_142052_cell1,PAIRED_ENGLISH,0.5289886980772054,0.2781107180751668,0.2508779800020386
main,fmiss,latent_summary_fullctx_lightgbm_study_bias,latent_summary_stack_study_bias,lightgbm,PAIRED_ENGLISH::paired_english::m15_190315_142052_cell1::MountainSort4::64,PAIRED_ENGLISH::paired_english::m15_190315_142052_cell1,PAIRED_ENGLISH,0.6713635696462645,0.3415376597083913,0.32982590993787325
main,fmiss,latent_summary_fullctx_lightgbm_study_bias,latent_summary_stack_study_bias,lightgbm,PAIRED_ENGLISH::paired_english::m15_190315_142052_cell1::SpykingCircus::22,PAIRED_ENGLISH::paired_english::m15_190315_142052_cell1,PAIRED_ENGLISH,0.35975341259357113,0.30676371389998064,0.05298969869359049
main,fmiss,latent_summary_fullctx_lightgbm_study_bias,latent_summary_stack_study_bias,lightgbm,PAIRED_ENGLISH::paired_english::m15_190315_142052_cell1::SpykingCircus::57,PAIRED_ENGLISH::paired_english::m15_190315_142052_cell1,PAIRED_ENGLISH,0.8711287244972846,0.4770867579616414,0.3940419665356432
main,fmiss,latent_summary_fullctx_lightgbm_study_bias,latent_summary_stack_study_bias,lightgbm,PAIRED_ENGLISH::paired_english::m15_190315_152315_cell1::IronClust::35,PAIRED_ENGLISH::paired_english::m15_190315_152315_cell1,PAIRED_ENGLISH,0.04922936853742602,0.12862621778620348,0.07939684924877746
main,fmiss,latent_summary_fullctx_lightgbm_study_bias,latent_summary_stack_study_bias,lightgbm,PAIRED_ENGLISH::paired_english::m15_190315_152315_cell1::KiloSort2::37,PAIRED_ENGLISH::paired_english::m15_190315_152315_cell1,PAIRED_ENGLISH,0.0014307082005592768,0.12989886635912523,0.12846815815856596
main,fmiss,latent_summary_fullctx_lightgbm_study_bias,latent_summary_stack_study_bias,lightgbm,PAIRED_ENGLISH::paired_english::m15_190315_152315_cell1::KiloSort::1,PAIRED_ENGLISH::paired_english::m15_190315_152315_cell1,PAIRED_ENGLISH,0.003901931456070755,0.15233173007143602,0.14842979861536526
main,fmiss,latent_summary_fullctx_lightgbm_study_bias,latent_summary_stack_study_bias,lightgbm,PAIRED_ENGLISH::paired_english::m15_190315_152315_cell1::MountainSort4::72,PAIRED_ENGLISH::paired_english::m15_190315_152315_cell1,PAIRED_ENGLISH,0.03479222214996423,0.2370769285596715,0.20228470640970725
main,fmiss,latent_summary_fullctx_lightgbm_study_bias,latent_summary_stack_study_bias,lightgbm,PAIRED_ENGLISH::paired_english::m15_190315_152315_cell1::SpykingCircus::46,PAIRED_ENGLISH::paired_english::m15_190315_152315_cell1,PAIRED_ENGLISH,0.0018859335371008649,0.14381003910673723,0.14192410556963636
main,fmiss,latent_summary_fullctx_lightgbm_study_bias,latent_summary_stack_study_bias,lightgbm,PAIRED_ENGLISH::paired_english::m15_190315_152315_cell1::Tridesclous::0,PAIRED_ENGLISH::paired_english::m15_190315_152315_cell1,PAIRED_ENGLISH,0.2026403069519412,0.05871343398464784,0.14392687296729337
main,fmiss,latent_summary_fullctx_lightgbm_study_bias,latent_summary_stack_study_bias,lightgbm,PAIRED_ENGLISH::paired_english::m26_190524_100859_cell1::KiloSort2::0,PAIRED_ENGLISH::paired_english::m26_190524_100859_cell1,PAIRED_ENGLISH,0.3453815261044177,0.1557405644096242,0.1896409616947935
main,fmiss,latent_summary_fullctx_lightgbm_study_bias,latent_summary_stack_study_bias,lightgbm,PAIRED_ENGLISH::paired_english::m26_190524_100859_cell1::KiloSort::19,PAIRED_ENGLISH::paired_english::m26_190524_100859_cell1,PAIRED_ENGLISH,0.5522088353413654,0.09788721585644349,0.45432161948492195
main,fmiss,latent_summary_fullctx_lightgbm_study_bias,latent_summary_stack_study_bias,lightgbm,PAIRED_ENGLISH::paired_english::m26_190524_100859_cell1::KiloSort::8,PAIRED_ENGLISH::paired_english::m26_190524_100859_cell1,PAIRED_ENGLISH,0.7610441767068273,0.0627522521652089,0.6982919245416185
main,fmiss,latent_summary_fullctx_lightgbm_study_bias,latent_summary_stack_study_bias,lightgbm,PAIRED_ENGLISH::paired_english::m57_191105_141906::IronClust::6,PAIRED_ENGLISH::paired_english::m57_191105_141906,PAIRED_ENGLISH,0.12826603325415678,0.34374005133284197,0.2154740180786852
main,fmiss,latent_summary_fullctx_lightgbm_study_bias,latent_summary_stack_study_bias,lightgbm,PAIRED_ENGLISH::paired_english::m57_191105_141906::KiloSort::47,PAIRED_ENGLISH::paired_english::m57_191105_141906,PAIRED_ENGLISH,0.04829770387965162,0.18070436054838762,0.132406656668736
main,fmiss,latent_summary_fullctx_lightgbm_study_bias,latent_summary_stack_study_bias,lightgbm,PAIRED_ENGLISH::paired_english::m57_191105_141906::MountainSort4::21,PAIRED_ENGLISH::paired_english::m57_191105_141906,PAIRED_ENGLISH,0.1187648456057007,0.21578492755068407,0.09702008194498336
main,fmiss,latent_summary_fullctx_lightgbm_study_bias,latent_summary_stack_study_bias,lightgbm,PAIRED_ENGLISH::paired_english::m57_191105_141906::MountainSort4::57,PAIRED_ENGLISH::paired_english::m57_191105_141906,PAIRED_ENGLISH,0.5399841646872525,0.4762613230384694,0.06372284164878311
main,fmiss,latent_summary_fullctx_lightgbm_study_bias,latent_summary_stack_study_bias,lightgbm,PAIRED_ENGLISH::paired_english::m57_191105_141906::SpykingCircus::12,PAIRED_ENGLISH::paired_english::m57_191105_141906,PAIRED_ENGLISH,0.5859065716547902,0.6604219132102833,0.07451534155549311
main,fmiss,latent_summary_fullctx_lightgbm_study_bias,latent_summary_stack_study_bias,lightgbm,PAIRED_ENGLISH::paired_english::m57_191105_141906::SpykingCircus::30,PAIRED_ENGLISH::paired_english::m57_191105_141906,PAIRED_ENGLISH,0.46872525732383213,0.27787107760084734,0.1908541797229848
main,fmiss,latent_summary_fullctx_lightgbm_study_bias,latent_summary_stack_study_bias,lightgbm,PAIRED_ENGLISH::paired_english::m57_191105_160026::HerdingSpikes2::1,PAIRED_ENGLISH::paired_english::m57_191105_160026,PAIRED_ENGLISH,0.7557251908396947,0.30286998087538347,0.4528552099643112
main,fmiss,latent_summary_fullctx_lightgbm_study_bias,latent_summary_stack_study_bias,lightgbm,PAIRED_ENGLISH::paired_english::m57_191105_160026::IronClust::2,PAIRED_ENGLISH::paired_english::m57_191105_160026,PAIRED_ENGLISH,0.7206106870229008,0.612324958387743,0.10828572863515773
main,fmiss,latent_summary_fullctx_lightgbm_study_bias,latent_summary_stack_study_bias,lightgbm,PAIRED_ENGLISH::paired_english::m57_191105_160026::IronClust::3,PAIRED_ENGLISH::paired_english::m57_191105_160026,PAIRED_ENGLISH,0.5629770992366412,0.5543080621398793,0.008669037096761922
main,fmiss,latent_summary_fullctx_lightgbm_study_bias,latent_summary_stack_study_bias,lightgbm,PAIRED_ENGLISH::paired_english::m57_191105_160026::KiloSort::127,PAIRED_ENGLISH::paired_english::m57_191105_160026,PAIRED_ENGLISH,0.7213740458015268,0.6575019412673817,0.06387210453414505
main,fmiss,latent_summary_fullctx_lightgbm_study_bias,latent_summary_stack_study_bias,lightgbm,PAIRED_ENGLISH::paired_english::m57_191105_160026::KiloSort::6,PAIRED_ENGLISH::paired_english::m57_191105_160026,PAIRED_ENGLISH,0.5885496183206107,0.574075286928545,0.014474331392065665
main,fmiss,latent_summary_fullctx_lightgbm_study_bias,latent_summary_stack_study_bias,lightgbm,PAIRED_ENGLISH::paired_english::m57_191105_160026::MountainSort4::23,PAIRED_ENGLISH::paired_english::m57_191105_160026,PAIRED_ENGLISH,0.8603053435114504,0.691989129129778,0.16831621438167244
main,fmiss,latent_summary_fullctx_lightgbm_study_bias,latent_summary_stack_study_bias,lightgbm,PAIRED_ENGLISH::paired_english::m57_191105_160026::MountainSort4::25,PAIRED_ENGLISH::paired_english::m57_191105_160026,PAIRED_ENGLISH,0.5545801526717558,0.426176642719637,0.12840350995211874
main,fmiss,latent_summary_fullctx_lightgbm_study_bias,latent_summary_stack_study_bias,lightgbm,PAIRED_ENGLISH::paired_english::m57_191105_160026::SpykingCircus::2,PAIRED_ENGLISH::paired_english::m57_191105_160026,PAIRED_ENGLISH,0.7709923664122137,0.4894261115230428,0.2815662548891709
main,fmiss,latent_summary_fullctx_lightgbm_study_bias,latent_summary_stack_study_bias,lightgbm,PAIRED_ENGLISH::paired_english::m57_191105_160026::SpykingCircus::4,PAIRED_ENGLISH::paired_english::m57_191105_160026,PAIRED_ENGLISH,0.5625954198473282,0.5900911145843373,0.02749569473700908
main,fmiss,latent_summary_fullctx_lightgbm_study_bias,latent_summary_stack_study_bias,lightgbm,PAIRED_ENGLISH::paired_english::m57_191105_160026::Tridesclous::0,PAIRED_ENGLISH::paired_english::m57_191105_160026,PAIRED_ENGLISH,0.7061068702290076,0.09900588328016861,0.6071009869488391
main,fmiss,latent_summary_fullctx_lightgbm_study_bias,latent_summary_stack_study_bias,lightgbm,PAIRED_KAMPFF::paired_kampff::c14::HerdingSpikes2::6,PAIRED_KAMPFF::paired_kampff::c14,PAIRED_KAMPFF,0.35151068533529845,0.7312060323252111,0.37969534698991264
main,fmiss,latent_summary_fullctx_lightgbm_study_bias,latent_summary_stack_study_bias,lightgbm,PAIRED_KAMPFF::paired_kampff::c14::IronClust::22,PAIRED_KAMPFF::paired_kampff::c14,PAIRED_KAMPFF,0.25036845983787764,0.5655733075632482,0.31520484772537055
main,fmiss,latent_summary_fullctx_lightgbm_study_bias,latent_summary_stack_study_bias,lightgbm,PAIRED_KAMPFF::paired_kampff::c14::KiloSort2::37,PAIRED_KAMPFF::paired_kampff::c14,PAIRED_KAMPFF,0.14296241709653648,0.6426681604875951,0.49970574339105867
main,fmiss,latent_summary_fullctx_lightgbm_study_bias,latent_summary_stack_study_bias,lightgbm,PAIRED_KAMPFF::paired_kampff::c14::MountainSort4::42,PAIRED_KAMPFF::paired_kampff::c14,PAIRED_KAMPFF,0.32221812822402357,0.6519543853296667,0.3297362571056431
main,fmiss,latent_summary_fullctx_lightgbm_study_bias,latent_summary_stack_study_bias,lightgbm,PAIRED_KAMPFF::paired_kampff::c14::SpykingCircus::14,PAIRED_KAMPFF::paired_kampff::c14,PAIRED_KAMPFF,0.21868091378039795,0.6768434372438817,0.4581625234634838
main,fmiss,latent_summary_fullctx_lightgbm_study_bias,latent_summary_stack_study_bias,lightgbm,PAIRED_KAMPFF::paired_kampff::c14::Tridesclous::8,PAIRED_KAMPFF::paired_kampff::c14,PAIRED_KAMPFF,0.20910095799557848,0.31656946509021816,0.10746850709463968
main,fmiss,latent_summary_fullctx_lightgbm_study_bias,latent_summary_stack_study_bias,lightgbm,PAIRED_MEA64C_YGER::paired_mea64c::20170622_patch1::HerdingSpikes2::19,PAIRED_MEA64C_YGER::paired_mea64c::20170622_patch1,PAIRED_MEA64C_YGER,0.8533362695441533,0.6148210880623663,0.23851518148178696
main,fmiss,latent_summary_fullctx_lightgbm_study_bias,latent_summary_stack_study_bias,lightgbm,PAIRED_MEA64C_YGER::paired_mea64c::20170622_patch1::HerdingSpikes2::7,PAIRED_MEA64C_YGER::paired_mea64c::20170622_patch1,PAIRED_MEA64C_YGER,0.18343977097555605,0.21320588563545595,0.029766114659899895
main,fmiss,latent_summary_fullctx_lightgbm_study_bias,latent_summary_stack_study_bias,lightgbm,PAIRED_MEA64C_YGER::paired_mea64c::20170622_patch1::IronClust::8,PAIRED_MEA64C_YGER::paired_mea64c::20170622_patch1,PAIRED_MEA64C_YGER,0.027747192248403437,0.0,0.027747192248403437
main,fmiss,latent_summary_fullctx_lightgbm_study_bias,latent_summary_stack_study_bias,lightgbm,PAIRED_MEA64C_YGER::paired_mea64c::20170622_patch1::KiloSort2::23,PAIRED_MEA64C_YGER::paired_mea64c::20170622_patch1,PAIRED_MEA64C_YGER,0.0008808632459810614,0.09177057121857057,0.09088970797258951
main,fmiss,latent_summary_fullctx_lightgbm_study_bias,latent_summary_stack_study_bias,lightgbm,PAIRED_MEA64C_YGER::paired_mea64c::20170622_patch1::KiloSort::64,PAIRED_MEA64C_YGER::paired_mea64c::20170622_patch1,PAIRED_MEA64C_YGER,0.03457388240475666,0.04214711164101015,0.00757322923625349
main,fmiss,latent_summary_fullctx_lightgbm_study_bias,latent_summary_stack_study_bias,lightgbm,PAIRED_MEA64C_YGER::paired_mea64c::20170622_patch1::Klusta::4,PAIRED_MEA64C_YGER::paired_mea64c::20170622_patch1,PAIRED_MEA64C_YGER,0.17441092270425015,0.08426129494770418,0.09014962775654597
main,fmiss,latent_summary_fullctx_lightgbm_study_bias,latent_summary_stack_study_bias,lightgbm,PAIRED_MEA64C_YGER::paired_mea64c::20170622_patch1::MountainSort4::43,PAIRED_MEA64C_YGER::paired_mea64c::20170622_patch1,PAIRED_MEA64C_YGER,0.02510460251046025,0.013189252959331377,0.011915349551128874
main,fmiss,latent_summary_fullctx_lightgbm_study_bias,latent_summary_stack_study_bias,lightgbm,PAIRED_MEA64C_YGER::paired_mea64c::20170622_patch1::SpykingCircus::18,PAIRED_MEA64C_YGER::paired_mea64c::20170622_patch1,PAIRED_MEA64C_YGER,0.0028628055494384495,0.0026763794289434983,0.0001864261204949512
main,fmiss,latent_summary_fullctx_lightgbm_study_bias,latent_summary_stack_study_bias,lightgbm,PAIRED_MEA64C_YGER::paired_mea64c::20170622_patch1::Tridesclous::12,PAIRED_MEA64C_YGER::paired_mea64c::20170622_patch1,PAIRED_MEA64C_YGER,0.026425897379431844,0.04677650009258638,0.020350602713154538
main,fmiss,latent_summary_fullctx_lightgbm_study_bias,latent_summary_stack_study_bias,lightgbm,PAIRED_MEA64C_YGER::paired_mea64c::20170622_patch2::HerdingSpikes2::16,PAIRED_MEA64C_YGER::paired_mea64c::20170622_patch2,PAIRED_MEA64C_YGER,0.6606015595989603,0.4743121979103888,0.18628936168857146
main,fmiss,latent_summary_fullctx_lightgbm_study_bias,latent_summary_stack_study_bias,lightgbm,PAIRED_MEA64C_YGER::paired_mea64c::20170622_patch2::HerdingSpikes2::44,PAIRED_MEA64C_YGER::paired_mea64c::20170622_patch2,PAIRED_MEA64C_YGER,0.8756034162643892,0.39209319327934633,0.48351022298504287
main,fmiss,latent_summary_fullctx_lightgbm_study_bias,latent_summary_stack_study_bias,lightgbm,PAIRED_MEA64C_YGER::paired_mea64c::20170622_patch2::HerdingSpikes2::5,PAIRED_MEA64C_YGER::paired_mea64c::20170622_patch2,PAIRED_MEA64C_YGER,0.008169327887114742,0.0,0.008169327887114742
main,fmiss,latent_summary_fullctx_lightgbm_study_bias,latent_summary_stack_study_bias,lightgbm,PAIRED_MEA64C_YGER::paired_mea64c::20170622_patch2::IronClust::11,PAIRED_MEA64C_YGER::paired_mea64c::20170622_patch2,PAIRED_MEA64C_YGER,0.0003713330857779428,0.0,0.0003713330857779428
main,fmiss,latent_summary_fullctx_lightgbm_study_bias,latent_summary_stack_study_bias,lightgbm,PAIRED_MEA64C_YGER::paired_mea64c::20170622_patch2::JRClust::31,PAIRED_MEA64C_YGER::paired_mea64c::20170622_patch2,PAIRED_MEA64C_YGER,0.0029706646862235424,0.0,0.0029706646862235424
main,fmiss,latent_summary_fullctx_lightgbm_study_bias,latent_summary_stack_study_bias,lightgbm,PAIRED_MEA64C_YGER::paired_mea64c::20170622_patch2::KiloSort2::33,PAIRED_MEA64C_YGER::paired_mea64c::20170622_patch2,PAIRED_MEA64C_YGER,0.0011139992573338284,0.0,0.0011139992573338284
main,fmiss,latent_summary_fullctx_lightgbm_study_bias,latent_summary_stack_study_bias,lightgbm,PAIRED_MEA64C_YGER::paired_mea64c::20170622_patch2::KiloSort::5,PAIRED_MEA64C_YGER::paired_mea64c::20170622_patch2,PAIRED_MEA64C_YGER,0.0014853323431117712,0.0,0.0014853323431117712
main,fmiss,latent_summary_fullctx_lightgbm_study_bias,latent_summary_stack_study_bias,lightgbm,PAIRED_MEA64C_YGER::paired_mea64c::20170622_patch2::Klusta::14,PAIRED_MEA64C_YGER::paired_mea64c::20170622_patch2,PAIRED_MEA64C_YGER,0.15893056071295952,0.0,0.15893056071295952
main,fmiss,latent_summary_fullctx_lightgbm_study_bias,latent_summary_stack_study_bias,lightgbm,PAIRED_MEA64C_YGER::paired_mea64c::20170622_patch2::MountainSort4::31,PAIRED_MEA64C_YGER::paired_mea64c::20170622_patch2,PAIRED_MEA64C_YGER,0.0003713330857779428,0.0,0.0003713330857779428
main,fmiss,latent_summary_fullctx_lightgbm_study_bias,latent_summary_stack_study_bias,lightgbm,PAIRED_MEA64C_YGER::paired_mea64c::20170622_patch2::SpykingCircus::17,PAIRED_MEA64C_YGER::paired_mea64c::20170622_patch2,PAIRED_MEA64C_YGER,0.0003713330857779428,0.0,0.0003713330857779428
main,fmiss,latent_summary_fullctx_lightgbm_study_bias,latent_summary_stack_study_bias,lightgbm,PAIRED_MEA64C_YGER::paired_mea64c::20170622_patch2::Tridesclous::0,PAIRED_MEA64C_YGER::paired_mea64c::20170622_patch2,PAIRED_MEA64C_YGER,0.0003713330857779428,0.0,0.0003713330857779428
main,fmiss,latent_summary_fullctx_lightgbm_subgroup_balanced,latent_summary_stack_subgroup_balanced,lightgbm,PAIRED_BOYDEN::paired_boyden32c::1103_1_1::IronClust::4,PAIRED_BOYDEN::paired_boyden32c::1103_1_1,PAIRED_BOYDEN,0.1661807580174927,0.18198515474796295,0.015804396730470238
main,fmiss,latent_summary_fullctx_lightgbm_subgroup_balanced,latent_summary_stack_subgroup_balanced,lightgbm,PAIRED_BOYDEN::paired_boyden32c::1103_1_1::JRClust::18,PAIRED_BOYDEN::paired_boyden32c::1103_1_1,PAIRED_BOYDEN,0.08551992225461613,0.22444655001163483,0.1389266277570187
main,fmiss,latent_summary_fullctx_lightgbm_subgroup_balanced,latent_summary_stack_subgroup_balanced,lightgbm,PAIRED_BOYDEN::paired_boyden32c::1103_1_1::KiloSort2::33,PAIRED_BOYDEN::paired_boyden32c::1103_1_1,PAIRED_BOYDEN,0.42857142857142855,0.22725766897201538,0.20131375959941317
main,fmiss,latent_summary_fullctx_lightgbm_subgroup_balanced,latent_summary_stack_subgroup_balanced,lightgbm,PAIRED_BOYDEN::paired_boyden32c::1103_1_1::KiloSort2::55,PAIRED_BOYDEN::paired_boyden32c::1103_1_1,PAIRED_BOYDEN,0.8328474246841594,0.34745916724205017,0.4853882574421092
main,fmiss,latent_summary_fullctx_lightgbm_subgroup_balanced,latent_summary_stack_subgroup_balanced,lightgbm,PAIRED_BOYDEN::paired_boyden32c::1103_1_1::KiloSort2::60,PAIRED_BOYDEN::paired_boyden32c::1103_1_1,PAIRED_BOYDEN,0.7580174927113703,0.27537915110588074,0.4826383416054896
main,fmiss,latent_summary_fullctx_lightgbm_subgroup_balanced,latent_summary_stack_subgroup_balanced,lightgbm,PAIRED_BOYDEN::paired_boyden32c::1103_1_1::KiloSort::111,PAIRED_BOYDEN::paired_boyden32c::1103_1_1,PAIRED_BOYDEN,0.04081632653061224,0.18394628167152405,0.1431299551409118
main,fmiss,latent_summary_fullctx_lightgbm_subgroup_balanced,latent_summary_stack_subgroup_balanced,lightgbm,PAIRED_BOYDEN::paired_boyden32c::1103_1_1::Klusta::12,PAIRED_BOYDEN::paired_boyden32c::1103_1_1,PAIRED_BOYDEN,0.17881438289601556,0.17132046818733215,0.007493914708683408
main,fmiss,latent_summary_fullctx_lightgbm_subgroup_balanced,latent_summary_stack_subgroup_balanced,lightgbm,PAIRED_BOYDEN::paired_boyden32c::1103_1_1::MountainSort4::26,PAIRED_BOYDEN::paired_boyden32c::1103_1_1,PAIRED_BOYDEN,0.03595724003887269,0.19371667504310608,0.1577594350042334
main,fmiss,latent_summary_fullctx_lightgbm_subgroup_balanced,latent_summary_stack_subgroup_balanced,lightgbm,PAIRED_BOYDEN::paired_boyden32c::1103_1_1::SpykingCircus::27,PAIRED_BOYDEN::paired_boyden32c::1103_1_1,PAIRED_BOYDEN,0.07482993197278912,0.2239985167980194,0.1491685848252303
main,fmiss,latent_summary_fullctx_lightgbm_subgroup_balanced,latent_summary_stack_subgroup_balanced,lightgbm,PAIRED_BOYDEN::paired_boyden32c::1103_1_1::Tridesclous::3,PAIRED_BOYDEN::paired_boyden32c::1103_1_1,PAIRED_BOYDEN,0.11273080660835763,0.10550045967102051,0.007230346937337123
main,fmiss,latent_summary_fullctx_lightgbm_subgroup_balanced,latent_summary_stack_subgroup_balanced,lightgbm,PAIRED_BOYDEN::paired_boyden32c::419_1_8::IronClust::14,PAIRED_BOYDEN::paired_boyden32c::419_1_8,PAIRED_BOYDEN,0.1489691520694466,0.12347579747438431,0.0254933545950623
main,fmiss,latent_summary_fullctx_lightgbm_subgroup_balanced,latent_summary_stack_subgroup_balanced,lightgbm,PAIRED_BOYDEN::paired_boyden32c::419_1_8::IronClust::4,PAIRED_BOYDEN::paired_boyden32c::419_1_8,PAIRED_BOYDEN,0.3614943419624864,0.11471980810165405,0.24677453386083237
main,fmiss,latent_summary_fullctx_lightgbm_subgroup_balanced,latent_summary_stack_subgroup_balanced,lightgbm,PAIRED_BOYDEN::paired_boyden32c::419_1_8::JRClust::24,PAIRED_BOYDEN::paired_boyden32c::419_1_8,PAIRED_BOYDEN,0.14617888699426446,0.137473464012146,0.00870542298211846
main,fmiss,latent_summary_fullctx_lightgbm_subgroup_balanced,latent_summary_stack_subgroup_balanced,lightgbm,PAIRED_BOYDEN::paired_boyden32c::419_1_8::JRClust::8,PAIRED_BOYDEN::paired_boyden32c::419_1_8,PAIRED_BOYDEN,0.7484110990544102,0.5242506861686707,0.2241604128857395
main,fmiss,latent_summary_fullctx_lightgbm_subgroup_balanced,latent_summary_stack_subgroup_balanced,lightgbm,PAIRED_BOYDEN::paired_boyden32c::419_1_8::KiloSort2::27,PAIRED_BOYDEN::paired_boyden32c::419_1_8,PAIRED_BOYDEN,0.06696636180437142,0.09610111266374588,0.02913475085937446
main,fmiss,latent_summary_fullctx_lightgbm_subgroup_balanced,latent_summary_stack_subgroup_balanced,lightgbm,PAIRED_BOYDEN::paired_boyden32c::419_1_8::KiloSort2::46,PAIRED_BOYDEN::paired_boyden32c::419_1_8,PAIRED_BOYDEN,0.11424585335606882,0.11519486457109451,0.0009490112150256913
main,fmiss,latent_summary_fullctx_lightgbm_subgroup_balanced,latent_summary_stack_subgroup_balanced,lightgbm,PAIRED_BOYDEN::paired_boyden32c::419_1_8::KiloSort::17,PAIRED_BOYDEN::paired_boyden32c::419_1_8,PAIRED_BOYDEN,0.13067741435436367,0.12183087319135666,0.00884654116300701
main,fmiss,latent_summary_fullctx_lightgbm_subgroup_balanced,latent_summary_stack_subgroup_balanced,lightgbm,PAIRED_BOYDEN::paired_boyden32c::419_1_8::MountainSort4::42,PAIRED_BOYDEN::paired_boyden32c::419_1_8,PAIRED_BOYDEN,0.12261664858161525,0.06853790581226349,0.05407874276935176
main,fmiss,latent_summary_fullctx_lightgbm_subgroup_balanced,latent_summary_stack_subgroup_balanced,lightgbm,PAIRED_BOYDEN::paired_boyden32c::419_1_8::SpykingCircus::24,PAIRED_BOYDEN::paired_boyden32c::419_1_8,PAIRED_BOYDEN,0.8012711207564719,0.534919023513794,0.26635209724267794
main,fmiss,latent_summary_fullctx_lightgbm_subgroup_balanced,latent_summary_stack_subgroup_balanced,lightgbm,PAIRED_BOYDEN::paired_boyden32c::419_1_8::SpykingCircus::28,PAIRED_BOYDEN::paired_boyden32c::419_1_8,PAIRED_BOYDEN,0.12416679584560533,0.1243363693356514,0.00016957349004606548
main,fmiss,latent_summary_fullctx_lightgbm_subgroup_balanced,latent_summary_stack_subgroup_balanced,lightgbm,PAIRED_BOYDEN::paired_boyden32c::419_1_8::Tridesclous::0,PAIRED_BOYDEN::paired_boyden32c::419_1_8,PAIRED_BOYDEN,0.14447372500387537,0.03296365588903427,0.1115100691148411
main,fmiss,latent_summary_fullctx_lightgbm_subgroup_balanced,latent_summary_stack_subgroup_balanced,lightgbm,PAIRED_CRCNS_HC1::paired_crcns::d11221_d11221.001::SpykingCircus::6,PAIRED_CRCNS_HC1::paired_crcns::d11221_d11221.001,PAIRED_CRCNS_HC1,0.2845528455284553,0.3779737055301666,0.09342086000171135
main,fmiss,latent_summary_fullctx_lightgbm_subgroup_balanced,latent_summary_stack_subgroup_balanced,lightgbm,PAIRED_CRCNS_HC1::paired_crcns::d11222_d11222.002::IronClust::2,PAIRED_CRCNS_HC1::paired_crcns::d11222_d11222.002,PAIRED_CRCNS_HC1,0.017310252996005325,0.10913150757551193,0.0918212545795066
main,fmiss,latent_summary_fullctx_lightgbm_subgroup_balanced,latent_summary_stack_subgroup_balanced,lightgbm,PAIRED_CRCNS_HC1::paired_crcns::d11222_d11222.002::JRClust::3,PAIRED_CRCNS_HC1::paired_crcns::d11222_d11222.002,PAIRED_CRCNS_HC1,0.07323568575233022,0.16807661950588226,0.09484093375355204
main,fmiss,latent_summary_fullctx_lightgbm_subgroup_balanced,latent_summary_stack_subgroup_balanced,lightgbm,PAIRED_CRCNS_HC1::paired_crcns::d11222_d11222.002::KiloSort2::10,PAIRED_CRCNS_HC1::paired_crcns::d11222_d11222.002,PAIRED_CRCNS_HC1,0.5339547270306259,0.08719579875469208,0.4467589282759338
main,fmiss,latent_summary_fullctx_lightgbm_subgroup_balanced,latent_summary_stack_subgroup_balanced,lightgbm,PAIRED_CRCNS_HC1::paired_crcns::d11222_d11222.002::KiloSort::1,PAIRED_CRCNS_HC1::paired_crcns::d11222_d11222.002,PAIRED_CRCNS_HC1,0.03595206391478029,0.12527747452259064,0.08932541060781035
main,fmiss,latent_summary_fullctx_lightgbm_subgroup_balanced,latent_summary_stack_subgroup_balanced,lightgbm,PAIRED_CRCNS_HC1::paired_crcns::d11222_d11222.002::Klusta::2,PAIRED_CRCNS_HC1::paired_crcns::d11222_d11222.002,PAIRED_CRCNS_HC1,0.022636484687083888,0.12500375509262085,0.10236727040553696
main,fmiss,latent_summary_fullctx_lightgbm_subgroup_balanced,latent_summary_stack_subgroup_balanced,lightgbm,PAIRED_CRCNS_HC1::paired_crcns::d11222_d11222.002::MountainSort4::4,PAIRED_CRCNS_HC1::paired_crcns::d11222_d11222.002,PAIRED_CRCNS_HC1,0.20372836218375498,0.09562899172306061,0.10809937046069437
main,fmiss,latent_summary_fullctx_lightgbm_subgroup_balanced,latent_summary_stack_subgroup_balanced,lightgbm,PAIRED_CRCNS_HC1::paired_crcns::d11222_d11222.002::SpykingCircus::4,PAIRED_CRCNS_HC1::paired_crcns::d11222_d11222.002,PAIRED_CRCNS_HC1,0.1151797603195739,0.16152070462703705,0.04634094430746315
main,fmiss,latent_summary_fullctx_lightgbm_subgroup_balanced,latent_summary_stack_subgroup_balanced,lightgbm,PAIRED_CRCNS_HC1::paired_crcns::d11222_d11222.002::Tridesclous::0,PAIRED_CRCNS_HC1::paired_crcns::d11222_d11222.002,PAIRED_CRCNS_HC1,0.014647137150466045,0.11760446429252625,0.1029573271420602
main,fmiss,latent_summary_fullctx_lightgbm_subgroup_balanced,latent_summary_stack_subgroup_balanced,lightgbm,PAIRED_ENGLISH::paired_english::m139_200114_191955::KiloSort2::25,PAIRED_ENGLISH::paired_english::m139_200114_191955,PAIRED_ENGLISH,0.8107276747092185,0.2940526604652405,0.516675014243978
main,fmiss,latent_summary_fullctx_lightgbm_subgroup_balanced,latent_summary_stack_subgroup_balanced,lightgbm,PAIRED_ENGLISH::paired_english::m139_200114_191955::MountainSort4::36,PAIRED_ENGLISH::paired_english::m139_200114_191955,PAIRED_ENGLISH,0.6701912909737576,0.30281496047973633,0.3673763304940213
main,fmiss,latent_summary_fullctx_lightgbm_subgroup_balanced,latent_summary_stack_subgroup_balanced,lightgbm,PAIRED_ENGLISH::paired_english::m139_200114_191955::SpykingCircus::42,PAIRED_ENGLISH::paired_english::m139_200114_191955,PAIRED_ENGLISH,0.8063058733057772,0.5949283838272095,0.21137748947856771
main,fmiss,latent_summary_fullctx_lightgbm_subgroup_balanced,latent_summary_stack_subgroup_balanced,lightgbm,PAIRED_ENGLISH::paired_english::m139_200114_222743::HerdingSpikes2::5,PAIRED_ENGLISH::paired_english::m139_200114_222743,PAIRED_ENGLISH,0.022052337547780066,0.30275869369506836,0.2807063561472883
main,fmiss,latent_summary_fullctx_lightgbm_subgroup_balanced,latent_summary_stack_subgroup_balanced,lightgbm,PAIRED_ENGLISH::paired_english::m139_200114_222743::IronClust::17,PAIRED_ENGLISH::paired_english::m139_200114_222743,PAIRED_ENGLISH,0.01587768303440165,0.30656981468200684,0.2906921316476052
main,fmiss,latent_summary_fullctx_lightgbm_subgroup_balanced,latent_summary_stack_subgroup_balanced,lightgbm,PAIRED_ENGLISH::paired_english::m139_200114_222743::KiloSort2::26,PAIRED_ENGLISH::paired_english::m139_200114_222743,PAIRED_ENGLISH,0.002940311673037342,0.3938036262989044,0.3908633146258671
main,fmiss,latent_summary_fullctx_lightgbm_subgroup_balanced,latent_summary_stack_subgroup_balanced,lightgbm,PAIRED_ENGLISH::paired_english::m139_200114_222743::KiloSort::88,PAIRED_ENGLISH::paired_english::m139_200114_222743,PAIRED_ENGLISH,0.006174654513378418,0.2814539670944214,0.275279312581043
main,fmiss,latent_summary_fullctx_lightgbm_subgroup_balanced,latent_summary_stack_subgroup_balanced,lightgbm,PAIRED_ENGLISH::paired_english::m139_200114_222743::MountainSort4::46,PAIRED_ENGLISH::paired_english::m139_200114_222743,PAIRED_ENGLISH,0.00911496618641576,0.3887268900871277,0.3796119239007119
main,fmiss,latent_summary_fullctx_lightgbm_subgroup_balanced,latent_summary_stack_subgroup_balanced,lightgbm,PAIRED_ENGLISH::paired_english::m139_200114_222743::SpykingCircus::44,PAIRED_ENGLISH::paired_english::m139_200114_222743,PAIRED_ENGLISH,0.0020582181711261394,0.3018687665462494,0.2998105483751233
main,fmiss,latent_summary_fullctx_lightgbm_subgroup_balanced,latent_summary_stack_subgroup_balanced,lightgbm,PAIRED_ENGLISH::paired_english::m139_200114_222743::Tridesclous::1,PAIRED_ENGLISH::paired_english::m139_200114_222743,PAIRED_ENGLISH,0.004998529844163481,0.319089412689209,0.3140908828450455
main,fmiss,latent_summary_fullctx_lightgbm_subgroup_balanced,latent_summary_stack_subgroup_balanced,lightgbm,PAIRED_ENGLISH::paired_english::m14_190326_155432::IronClust::22,PAIRED_ENGLISH::paired_english::m14_190326_155432,PAIRED_ENGLISH,0.13721413721413722,0.3907930850982666,0.2535789478841294
main,fmiss,latent_summary_fullctx_lightgbm_subgroup_balanced,latent_summary_stack_subgroup_balanced,lightgbm,PAIRED_ENGLISH::paired_english::m14_190326_155432::MountainSort4::33,PAIRED_ENGLISH::paired_english::m14_190326_155432,PAIRED_ENGLISH,0.09147609147609148,0.2978627383708954,0.2063866468948039
main,fmiss,latent_summary_fullctx_lightgbm_subgroup_balanced,latent_summary_stack_subgroup_balanced,lightgbm,PAIRED_ENGLISH::paired_english::m14_190326_155432::SpykingCircus::38,PAIRED_ENGLISH::paired_english::m14_190326_155432,PAIRED_ENGLISH,0.079002079002079,0.5954300761222839,0.5164279971202049
main,fmiss,latent_summary_fullctx_lightgbm_subgroup_balanced,latent_summary_stack_subgroup_balanced,lightgbm,PAIRED_ENGLISH::paired_english::m15_190315_142052_cell1::IronClust::40,PAIRED_ENGLISH::paired_english::m15_190315_142052_cell1,PAIRED_ENGLISH,0.24027594305005137,0.14568619430065155,0.09458974874939982
main,fmiss,latent_summary_fullctx_lightgbm_subgroup_balanced,latent_summary_stack_subgroup_balanced,lightgbm,PAIRED_ENGLISH::paired_english::m15_190315_142052_cell1::KiloSort2::48,PAIRED_ENGLISH::paired_english::m15_190315_142052_cell1,PAIRED_ENGLISH,0.3173345075590782,0.2113049328327179,0.10602957472636032
main,fmiss,latent_summary_fullctx_lightgbm_subgroup_balanced,latent_summary_stack_subgroup_balanced,lightgbm,PAIRED_ENGLISH::paired_english::m15_190315_142052_cell1::MountainSort4::62,PAIRED_ENGLISH::paired_english::m15_190315_142052_cell1,PAIRED_ENGLISH,0.5289886980772054,0.23578372597694397,0.2932049721002614
main,fmiss,latent_summary_fullctx_lightgbm_subgroup_balanced,latent_summary_stack_subgroup_balanced,lightgbm,PAIRED_ENGLISH::paired_english::m15_190315_142052_cell1::MountainSort4::64,PAIRED_ENGLISH::paired_english::m15_190315_142052_cell1,PAIRED_ENGLISH,0.6713635696462645,0.4690282642841339,0.20233530536213062
main,fmiss,latent_summary_fullctx_lightgbm_subgroup_balanced,latent_summary_stack_subgroup_balanced,lightgbm,PAIRED_ENGLISH::paired_english::m15_190315_142052_cell1::SpykingCircus::22,PAIRED_ENGLISH::paired_english::m15_190315_142052_cell1,PAIRED_ENGLISH,0.35975341259357113,0.37715068459510803,0.0173972720015369
main,fmiss,latent_summary_fullctx_lightgbm_subgroup_balanced,latent_summary_stack_subgroup_balanced,lightgbm,PAIRED_ENGLISH::paired_english::m15_190315_142052_cell1::SpykingCircus::57,PAIRED_ENGLISH::paired_english::m15_190315_142052_cell1,PAIRED_ENGLISH,0.8711287244972846,0.5124835968017578,0.3586451276955268
main,fmiss,latent_summary_fullctx_lightgbm_subgroup_balanced,latent_summary_stack_subgroup_balanced,lightgbm,PAIRED_ENGLISH::paired_english::m15_190315_152315_cell1::IronClust::35,PAIRED_ENGLISH::paired_english::m15_190315_152315_cell1,PAIRED_ENGLISH,0.04922936853742602,0.12867465615272522,0.0794452876152992
main,fmiss,latent_summary_fullctx_lightgbm_subgroup_balanced,latent_summary_stack_subgroup_balanced,lightgbm,PAIRED_ENGLISH::paired_english::m15_190315_152315_cell1::KiloSort2::37,PAIRED_ENGLISH::paired_english::m15_190315_152315_cell1,PAIRED_ENGLISH,0.0014307082005592768,0.15005218982696533,0.14862148162640607
main,fmiss,latent_summary_fullctx_lightgbm_subgroup_balanced,latent_summary_stack_subgroup_balanced,lightgbm,PAIRED_ENGLISH::paired_english::m15_190315_152315_cell1::KiloSort::1,PAIRED_ENGLISH::paired_english::m15_190315_152315_cell1,PAIRED_ENGLISH,0.003901931456070755,0.14108906686306,0.13718713540698924
main,fmiss,latent_summary_fullctx_lightgbm_subgroup_balanced,latent_summary_stack_subgroup_balanced,lightgbm,PAIRED_ENGLISH::paired_english::m15_190315_152315_cell1::MountainSort4::72,PAIRED_ENGLISH::paired_english::m15_190315_152315_cell1,PAIRED_ENGLISH,0.03479222214996423,0.20163096487522125,0.166838742725257
main,fmiss,latent_summary_fullctx_lightgbm_subgroup_balanced,latent_summary_stack_subgroup_balanced,lightgbm,PAIRED_ENGLISH::paired_english::m15_190315_152315_cell1::SpykingCircus::46,PAIRED_ENGLISH::paired_english::m15_190315_152315_cell1,PAIRED_ENGLISH,0.0018859335371008649,0.1588064581155777,0.15692052457847683
main,fmiss,latent_summary_fullctx_lightgbm_subgroup_balanced,latent_summary_stack_subgroup_balanced,lightgbm,PAIRED_ENGLISH::paired_english::m15_190315_152315_cell1::Tridesclous::0,PAIRED_ENGLISH::paired_english::m15_190315_152315_cell1,PAIRED_ENGLISH,0.2026403069519412,0.08885201811790466,0.11378828883403655
main,fmiss,latent_summary_fullctx_lightgbm_subgroup_balanced,latent_summary_stack_subgroup_balanced,lightgbm,PAIRED_ENGLISH::paired_english::m26_190524_100859_cell1::KiloSort2::0,PAIRED_ENGLISH::paired_english::m26_190524_100859_cell1,PAIRED_ENGLISH,0.3453815261044177,0.16997575759887695,0.17540576850554074
main,fmiss,latent_summary_fullctx_lightgbm_subgroup_balanced,latent_summary_stack_subgroup_balanced,lightgbm,PAIRED_ENGLISH::paired_english::m26_190524_100859_cell1::KiloSort::19,PAIRED_ENGLISH::paired_english::m26_190524_100859_cell1,PAIRED_ENGLISH,0.5522088353413654,0.0691620334982872,0.48304680184307824
main,fmiss,latent_summary_fullctx_lightgbm_subgroup_balanced,latent_summary_stack_subgroup_balanced,lightgbm,PAIRED_ENGLISH::paired_english::m26_190524_100859_cell1::KiloSort::8,PAIRED_ENGLISH::paired_english::m26_190524_100859_cell1,PAIRED_ENGLISH,0.7610441767068273,0.0695595070719719,0.6914846696348554
main,fmiss,latent_summary_fullctx_lightgbm_subgroup_balanced,latent_summary_stack_subgroup_balanced,lightgbm,PAIRED_ENGLISH::paired_english::m57_191105_141906::IronClust::6,PAIRED_ENGLISH::paired_english::m57_191105_141906,PAIRED_ENGLISH,0.12826603325415678,0.3456614017486572,0.21739536849450045
main,fmiss,latent_summary_fullctx_lightgbm_subgroup_balanced,latent_summary_stack_subgroup_balanced,lightgbm,PAIRED_ENGLISH::paired_english::m57_191105_141906::KiloSort::47,PAIRED_ENGLISH::paired_english::m57_191105_141906,PAIRED_ENGLISH,0.04829770387965162,0.2727663516998291,0.22446864782017747
main,fmiss,latent_summary_fullctx_lightgbm_subgroup_balanced,latent_summary_stack_subgroup_balanced,lightgbm,PAIRED_ENGLISH::paired_english::m57_191105_141906::MountainSort4::21,PAIRED_ENGLISH::paired_english::m57_191105_141906,PAIRED_ENGLISH,0.1187648456057007,0.33168989419937134,0.21292504859367062
main,fmiss,latent_summary_fullctx_lightgbm_subgroup_balanced,latent_summary_stack_subgroup_balanced,lightgbm,PAIRED_ENGLISH::paired_english::m57_191105_141906::MountainSort4::57,PAIRED_ENGLISH::paired_english::m57_191105_141906,PAIRED_ENGLISH,0.5399841646872525,0.394843727350235,0.14514043733701754
main,fmiss,latent_summary_fullctx_lightgbm_subgroup_balanced,latent_summary_stack_subgroup_balanced,lightgbm,PAIRED_ENGLISH::paired_english::m57_191105_141906::SpykingCircus::12,PAIRED_ENGLISH::paired_english::m57_191105_141906,PAIRED_ENGLISH,0.5859065716547902,0.6210000514984131,0.03509347984362288
main,fmiss,latent_summary_fullctx_lightgbm_subgroup_balanced,latent_summary_stack_subgroup_balanced,lightgbm,PAIRED_ENGLISH::paired_english::m57_191105_141906::SpykingCircus::30,PAIRED_ENGLISH::paired_english::m57_191105_141906,PAIRED_ENGLISH,0.46872525732383213,0.3872881829738617,0.08143707434997044
main,fmiss,latent_summary_fullctx_lightgbm_subgroup_balanced,latent_summary_stack_subgroup_balanced,lightgbm,PAIRED_ENGLISH::paired_english::m57_191105_160026::HerdingSpikes2::1,PAIRED_ENGLISH::paired_english::m57_191105_160026,PAIRED_ENGLISH,0.7557251908396947,0.5702754855155945,0.1854497053241002
main,fmiss,latent_summary_fullctx_lightgbm_subgroup_balanced,latent_summary_stack_subgroup_balanced,lightgbm,PAIRED_ENGLISH::paired_english::m57_191105_160026::IronClust::2,PAIRED_ENGLISH::paired_english::m57_191105_160026,PAIRED_ENGLISH,0.7206106870229008,0.6789575219154358,0.04165316510746497
main,fmiss,latent_summary_fullctx_lightgbm_subgroup_balanced,latent_summary_stack_subgroup_balanced,lightgbm,PAIRED_ENGLISH::paired_english::m57_191105_160026::IronClust::3,PAIRED_ENGLISH::paired_english::m57_191105_160026,PAIRED_ENGLISH,0.5629770992366412,0.6336765885353088,0.07069948929866765
main,fmiss,latent_summary_fullctx_lightgbm_subgroup_balanced,latent_summary_stack_subgroup_balanced,lightgbm,PAIRED_ENGLISH::paired_english::m57_191105_160026::KiloSort::127,PAIRED_ENGLISH::paired_english::m57_191105_160026,PAIRED_ENGLISH,0.7213740458015268,0.6763013601303101,0.045072685671216695
main,fmiss,latent_summary_fullctx_lightgbm_subgroup_balanced,latent_summary_stack_subgroup_balanced,lightgbm,PAIRED_ENGLISH::paired_english::m57_191105_160026::KiloSort::6,PAIRED_ENGLISH::paired_english::m57_191105_160026,PAIRED_ENGLISH,0.5885496183206107,0.6487488150596619,0.060199196739051164
main,fmiss,latent_summary_fullctx_lightgbm_subgroup_balanced,latent_summary_stack_subgroup_balanced,lightgbm,PAIRED_ENGLISH::paired_english::m57_191105_160026::MountainSort4::23,PAIRED_ENGLISH::paired_english::m57_191105_160026,PAIRED_ENGLISH,0.8603053435114504,0.7525860667228699,0.10771927678858051
main,fmiss,latent_summary_fullctx_lightgbm_subgroup_balanced,latent_summary_stack_subgroup_balanced,lightgbm,PAIRED_ENGLISH::paired_english::m57_191105_160026::MountainSort4::25,PAIRED_ENGLISH::paired_english::m57_191105_160026,PAIRED_ENGLISH,0.5545801526717558,0.55945885181427,0.0048786991425142645
main,fmiss,latent_summary_fullctx_lightgbm_subgroup_balanced,latent_summary_stack_subgroup_balanced,lightgbm,PAIRED_ENGLISH::paired_english::m57_191105_160026::SpykingCircus::2,PAIRED_ENGLISH::paired_english::m57_191105_160026,PAIRED_ENGLISH,0.7709923664122137,0.5366854071617126,0.23430695925050105
main,fmiss,latent_summary_fullctx_lightgbm_subgroup_balanced,latent_summary_stack_subgroup_balanced,lightgbm,PAIRED_ENGLISH::paired_english::m57_191105_160026::SpykingCircus::4,PAIRED_ENGLISH::paired_english::m57_191105_160026,PAIRED_ENGLISH,0.5625954198473282,0.6786159873008728,0.11602056745354461
main,fmiss,latent_summary_fullctx_lightgbm_subgroup_balanced,latent_summary_stack_subgroup_balanced,lightgbm,PAIRED_ENGLISH::paired_english::m57_191105_160026::Tridesclous::0,PAIRED_ENGLISH::paired_english::m57_191105_160026,PAIRED_ENGLISH,0.7061068702290076,0.13396838307380676,0.5721384871552009
main,fmiss,latent_summary_fullctx_lightgbm_subgroup_balanced,latent_summary_stack_subgroup_balanced,lightgbm,PAIRED_KAMPFF::paired_kampff::c14::HerdingSpikes2::6,PAIRED_KAMPFF::paired_kampff::c14,PAIRED_KAMPFF,0.35151068533529845,0.7593226432800293,0.40781195794473085
main,fmiss,latent_summary_fullctx_lightgbm_subgroup_balanced,latent_summary_stack_subgroup_balanced,lightgbm,PAIRED_KAMPFF::paired_kampff::c14::IronClust::22,PAIRED_KAMPFF::paired_kampff::c14,PAIRED_KAMPFF,0.25036845983787764,0.6406051516532898,0.39023669181541215
main,fmiss,latent_summary_fullctx_lightgbm_subgroup_balanced,latent_summary_stack_subgroup_balanced,lightgbm,PAIRED_KAMPFF::paired_kampff::c14::KiloSort2::37,PAIRED_KAMPFF::paired_kampff::c14,PAIRED_KAMPFF,0.14296241709653648,0.5767719149589539,0.4338094978624174
main,fmiss,latent_summary_fullctx_lightgbm_subgroup_balanced,latent_summary_stack_subgroup_balanced,lightgbm,PAIRED_KAMPFF::paired_kampff::c14::MountainSort4::42,PAIRED_KAMPFF::paired_kampff::c14,PAIRED_KAMPFF,0.32221812822402357,0.6190870404243469,0.29686891220032335
main,fmiss,latent_summary_fullctx_lightgbm_subgroup_balanced,latent_summary_stack_subgroup_balanced,lightgbm,PAIRED_KAMPFF::paired_kampff::c14::SpykingCircus::14,PAIRED_KAMPFF::paired_kampff::c14,PAIRED_KAMPFF,0.21868091378039795,0.6412883400917053,0.4226074263113074
main,fmiss,latent_summary_fullctx_lightgbm_subgroup_balanced,latent_summary_stack_subgroup_balanced,lightgbm,PAIRED_KAMPFF::paired_kampff::c14::Tridesclous::8,PAIRED_KAMPFF::paired_kampff::c14,PAIRED_KAMPFF,0.20910095799557848,0.2207907736301422,0.011689815634563727
main,fmiss,latent_summary_fullctx_lightgbm_subgroup_balanced,latent_summary_stack_subgroup_balanced,lightgbm,PAIRED_MEA64C_YGER::paired_mea64c::20170622_patch1::HerdingSpikes2::19,PAIRED_MEA64C_YGER::paired_mea64c::20170622_patch1,PAIRED_MEA64C_YGER,0.8533362695441533,0.6421383023262024,0.21119796721795092
main,fmiss,latent_summary_fullctx_lightgbm_subgroup_balanced,latent_summary_stack_subgroup_balanced,lightgbm,PAIRED_MEA64C_YGER::paired_mea64c::20170622_patch1::HerdingSpikes2::7,PAIRED_MEA64C_YGER::paired_mea64c::20170622_patch1,PAIRED_MEA64C_YGER,0.18343977097555605,0.29173901677131653,0.10829924579576047
main,fmiss,latent_summary_fullctx_lightgbm_subgroup_balanced,latent_summary_stack_subgroup_balanced,lightgbm,PAIRED_MEA64C_YGER::paired_mea64c::20170622_patch1::IronClust::8,PAIRED_MEA64C_YGER::paired_mea64c::20170622_patch1,PAIRED_MEA64C_YGER,0.027747192248403437,0.02709375135600567,0.0006534408923977685
main,fmiss,latent_summary_fullctx_lightgbm_subgroup_balanced,latent_summary_stack_subgroup_balanced,lightgbm,PAIRED_MEA64C_YGER::paired_mea64c::20170622_patch1::KiloSort2::23,PAIRED_MEA64C_YGER::paired_mea64c::20170622_patch1,PAIRED_MEA64C_YGER,0.0008808632459810614,0.18885822594165802,0.18797736269567697
main,fmiss,latent_summary_fullctx_lightgbm_subgroup_balanced,latent_summary_stack_subgroup_balanced,lightgbm,PAIRED_MEA64C_YGER::paired_mea64c::20170622_patch1::KiloSort::64,PAIRED_MEA64C_YGER::paired_mea64c::20170622_patch1,PAIRED_MEA64C_YGER,0.03457388240475666,0.1491791307926178,0.11460524838786114
main,fmiss,latent_summary_fullctx_lightgbm_subgroup_balanced,latent_summary_stack_subgroup_balanced,lightgbm,PAIRED_MEA64C_YGER::paired_mea64c::20170622_patch1::Klusta::4,PAIRED_MEA64C_YGER::paired_mea64c::20170622_patch1,PAIRED_MEA64C_YGER,0.17441092270425015,0.1766776442527771,0.0022667215485269454
main,fmiss,latent_summary_fullctx_lightgbm_subgroup_balanced,latent_summary_stack_subgroup_balanced,lightgbm,PAIRED_MEA64C_YGER::paired_mea64c::20170622_patch1::MountainSort4::43,PAIRED_MEA64C_YGER::paired_mea64c::20170622_patch1,PAIRED_MEA64C_YGER,0.02510460251046025,0.12807457149028778,0.10296996897982753
main,fmiss,latent_summary_fullctx_lightgbm_subgroup_balanced,latent_summary_stack_subgroup_balanced,lightgbm,PAIRED_MEA64C_YGER::paired_mea64c::20170622_patch1::SpykingCircus::18,PAIRED_MEA64C_YGER::paired_mea64c::20170622_patch1,PAIRED_MEA64C_YGER,0.0028628055494384495,0.09451866894960403,0.09165586340016559
main,fmiss,latent_summary_fullctx_lightgbm_subgroup_balanced,latent_summary_stack_subgroup_balanced,lightgbm,PAIRED_MEA64C_YGER::paired_mea64c::20170622_patch1::Tridesclous::12,PAIRED_MEA64C_YGER::paired_mea64c::20170622_patch1,PAIRED_MEA64C_YGER,0.026425897379431844,0.07873941957950592,0.05231352220007408
main,fmiss,latent_summary_fullctx_lightgbm_subgroup_balanced,latent_summary_stack_subgroup_balanced,lightgbm,PAIRED_MEA64C_YGER::paired_mea64c::20170622_patch2::HerdingSpikes2::16,PAIRED_MEA64C_YGER::paired_mea64c::20170622_patch2,PAIRED_MEA64C_YGER,0.6606015595989603,0.4832136332988739,0.17738792630008637
main,fmiss,latent_summary_fullctx_lightgbm_subgroup_balanced,latent_summary_stack_subgroup_balanced,lightgbm,PAIRED_MEA64C_YGER::paired_mea64c::20170622_patch2::HerdingSpikes2::44,PAIRED_MEA64C_YGER::paired_mea64c::20170622_patch2,PAIRED_MEA64C_YGER,0.8756034162643892,0.5064146518707275,0.36918876439366166
main,fmiss,latent_summary_fullctx_lightgbm_subgroup_balanced,latent_summary_stack_subgroup_balanced,lightgbm,PAIRED_MEA64C_YGER::paired_mea64c::20170622_patch2::HerdingSpikes2::5,PAIRED_MEA64C_YGER::paired_mea64c::20170622_patch2,PAIRED_MEA64C_YGER,0.008169327887114742,0.0524158850312233,0.04424655714410856
main,fmiss,latent_summary_fullctx_lightgbm_subgroup_balanced,latent_summary_stack_subgroup_balanced,lightgbm,PAIRED_MEA64C_YGER::paired_mea64c::20170622_patch2::IronClust::11,PAIRED_MEA64C_YGER::paired_mea64c::20170622_patch2,PAIRED_MEA64C_YGER,0.0003713330857779428,0.018535735085606575,0.018164401999828633
main,fmiss,latent_summary_fullctx_lightgbm_subgroup_balanced,latent_summary_stack_subgroup_balanced,lightgbm,PAIRED_MEA64C_YGER::paired_mea64c::20170622_patch2::JRClust::31,PAIRED_MEA64C_YGER::paired_mea64c::20170622_patch2,PAIRED_MEA64C_YGER,0.0029706646862235424,0.033831868320703506,0.030861203634479965
main,fmiss,latent_summary_fullctx_lightgbm_subgroup_balanced,latent_summary_stack_subgroup_balanced,lightgbm,PAIRED_MEA64C_YGER::paired_mea64c::20170622_patch2::KiloSort2::33,PAIRED_MEA64C_YGER::paired_mea64c::20170622_patch2,PAIRED_MEA64C_YGER,0.0011139992573338284,0.02488790638744831,0.023773907130114482
main,fmiss,latent_summary_fullctx_lightgbm_subgroup_balanced,latent_summary_stack_subgroup_balanced,lightgbm,PAIRED_MEA64C_YGER::paired_mea64c::20170622_patch2::KiloSort::5,PAIRED_MEA64C_YGER::paired_mea64c::20170622_patch2,PAIRED_MEA64C_YGER,0.0014853323431117712,0.011264803819358349,0.009779471476246578
main,fmiss,latent_summary_fullctx_lightgbm_subgroup_balanced,latent_summary_stack_subgroup_balanced,lightgbm,PAIRED_MEA64C_YGER::paired_mea64c::20170622_patch2::Klusta::14,PAIRED_MEA64C_YGER::paired_mea64c::20170622_patch2,PAIRED_MEA64C_YGER,0.15893056071295952,0.0404387004673481,0.11849186024561142
main,fmiss,latent_summary_fullctx_lightgbm_subgroup_balanced,latent_summary_stack_subgroup_balanced,lightgbm,PAIRED_MEA64C_YGER::paired_mea64c::20170622_patch2::MountainSort4::31,PAIRED_MEA64C_YGER::paired_mea64c::20170622_patch2,PAIRED_MEA64C_YGER,0.0003713330857779428,0.010437139309942722,0.010065806224164779
main,fmiss,latent_summary_fullctx_lightgbm_subgroup_balanced,latent_summary_stack_subgroup_balanced,lightgbm,PAIRED_MEA64C_YGER::paired_mea64c::20170622_patch2::SpykingCircus::17,PAIRED_MEA64C_YGER::paired_mea64c::20170622_patch2,PAIRED_MEA64C_YGER,0.0003713330857779428,0.03110877051949501,0.03073743743371707
main,fmiss,latent_summary_fullctx_lightgbm_subgroup_balanced,latent_summary_stack_subgroup_balanced,lightgbm,PAIRED_MEA64C_YGER::paired_mea64c::20170622_patch2::Tridesclous::0,PAIRED_MEA64C_YGER::paired_mea64c::20170622_patch2,PAIRED_MEA64C_YGER,0.0003713330857779428,0.03368580713868141,0.03331447405290347
main,fmiss,latent_summary_fullctx_lightgbm_target_filtered,latent_summary_stack_target_filtered,lightgbm,PAIRED_BOYDEN::paired_boyden32c::1103_1_1::IronClust::4,PAIRED_BOYDEN::paired_boyden32c::1103_1_1,PAIRED_BOYDEN,0.1661807580174927,0.14136061072349548,0.02482014729399723
main,fmiss,latent_summary_fullctx_lightgbm_target_filtered,latent_summary_stack_target_filtered,lightgbm,PAIRED_BOYDEN::paired_boyden32c::1103_1_1::JRClust::18,PAIRED_BOYDEN::paired_boyden32c::1103_1_1,PAIRED_BOYDEN,0.08551992225461613,0.15979474782943726,0.07427482557482112
main,fmiss,latent_summary_fullctx_lightgbm_target_filtered,latent_summary_stack_target_filtered,lightgbm,PAIRED_BOYDEN::paired_boyden32c::1103_1_1::KiloSort2::33,PAIRED_BOYDEN::paired_boyden32c::1103_1_1,PAIRED_BOYDEN,0.42857142857142855,0.2151685357093811,0.21340289286204744
main,fmiss,latent_summary_fullctx_lightgbm_target_filtered,latent_summary_stack_target_filtered,lightgbm,PAIRED_BOYDEN::paired_boyden32c::1103_1_1::KiloSort2::55,PAIRED_BOYDEN::paired_boyden32c::1103_1_1,PAIRED_BOYDEN,0.8328474246841594,0.46471625566482544,0.36813116901933396
main,fmiss,latent_summary_fullctx_lightgbm_target_filtered,latent_summary_stack_target_filtered,lightgbm,PAIRED_BOYDEN::paired_boyden32c::1103_1_1::KiloSort2::60,PAIRED_BOYDEN::paired_boyden32c::1103_1_1,PAIRED_BOYDEN,0.7580174927113703,0.3203197717666626,0.4376977209447077
main,fmiss,latent_summary_fullctx_lightgbm_target_filtered,latent_summary_stack_target_filtered,lightgbm,PAIRED_BOYDEN::paired_boyden32c::1103_1_1::KiloSort::111,PAIRED_BOYDEN::paired_boyden32c::1103_1_1,PAIRED_BOYDEN,0.04081632653061224,0.14367221295833588,0.10285588642772364
main,fmiss,latent_summary_fullctx_lightgbm_target_filtered,latent_summary_stack_target_filtered,lightgbm,PAIRED_BOYDEN::paired_boyden32c::1103_1_1::Klusta::12,PAIRED_BOYDEN::paired_boyden32c::1103_1_1,PAIRED_BOYDEN,0.17881438289601556,0.15905983746051788,0.019754545435497678
main,fmiss,latent_summary_fullctx_lightgbm_target_filtered,latent_summary_stack_target_filtered,lightgbm,PAIRED_BOYDEN::paired_boyden32c::1103_1_1::MountainSort4::26,PAIRED_BOYDEN::paired_boyden32c::1103_1_1,PAIRED_BOYDEN,0.03595724003887269,0.12518863379955292,0.08923139376068023
main,fmiss,latent_summary_fullctx_lightgbm_target_filtered,latent_summary_stack_target_filtered,lightgbm,PAIRED_BOYDEN::paired_boyden32c::1103_1_1::SpykingCircus::27,PAIRED_BOYDEN::paired_boyden32c::1103_1_1,PAIRED_BOYDEN,0.07482993197278912,0.22243109345436096,0.14760116148157185
main,fmiss,latent_summary_fullctx_lightgbm_target_filtered,latent_summary_stack_target_filtered,lightgbm,PAIRED_BOYDEN::paired_boyden32c::1103_1_1::Tridesclous::3,PAIRED_BOYDEN::paired_boyden32c::1103_1_1,PAIRED_BOYDEN,0.11273080660835763,0.09106465429067612,0.021666152317681514
main,fmiss,latent_summary_fullctx_lightgbm_target_filtered,latent_summary_stack_target_filtered,lightgbm,PAIRED_BOYDEN::paired_boyden32c::419_1_8::IronClust::14,PAIRED_BOYDEN::paired_boyden32c::419_1_8,PAIRED_BOYDEN,0.1489691520694466,0.07977336645126343,0.06919578561818318
main,fmiss,latent_summary_fullctx_lightgbm_target_filtered,latent_summary_stack_target_filtered,lightgbm,PAIRED_BOYDEN::paired_boyden32c::419_1_8::IronClust::4,PAIRED_BOYDEN::paired_boyden32c::419_1_8,PAIRED_BOYDEN,0.3614943419624864,0.12273174524307251,0.2387625967194139
main,fmiss,latent_summary_fullctx_lightgbm_target_filtered,latent_summary_stack_target_filtered,lightgbm,PAIRED_BOYDEN::paired_boyden32c::419_1_8::JRClust::24,PAIRED_BOYDEN::paired_boyden32c::419_1_8,PAIRED_BOYDEN,0.14617888699426446,0.08951330929994583,0.056665577694318625
main,fmiss,latent_summary_fullctx_lightgbm_target_filtered,latent_summary_stack_target_filtered,lightgbm,PAIRED_BOYDEN::paired_boyden32c::419_1_8::JRClust::8,PAIRED_BOYDEN::paired_boyden32c::419_1_8,PAIRED_BOYDEN,0.7484110990544102,0.4687267243862152,0.27968437466819496
main,fmiss,latent_summary_fullctx_lightgbm_target_filtered,latent_summary_stack_target_filtered,lightgbm,PAIRED_BOYDEN::paired_boyden32c::419_1_8::KiloSort2::27,PAIRED_BOYDEN::paired_boyden32c::419_1_8,PAIRED_BOYDEN,0.06696636180437142,0.09300556033849716,0.026039198534125743
main,fmiss,latent_summary_fullctx_lightgbm_target_filtered,latent_summary_stack_target_filtered,lightgbm,PAIRED_BOYDEN::paired_boyden32c::419_1_8::KiloSort2::46,PAIRED_BOYDEN::paired_boyden32c::419_1_8,PAIRED_BOYDEN,0.11424585335606882,0.11484117805957794,0.0005953247035091203
main,fmiss,latent_summary_fullctx_lightgbm_target_filtered,latent_summary_stack_target_filtered,lightgbm,PAIRED_BOYDEN::paired_boyden32c::419_1_8::KiloSort::17,PAIRED_BOYDEN::paired_boyden32c::419_1_8,PAIRED_BOYDEN,0.13067741435436367,0.0937332808971405,0.036944133457223166
main,fmiss,latent_summary_fullctx_lightgbm_target_filtered,latent_summary_stack_target_filtered,lightgbm,PAIRED_BOYDEN::paired_boyden32c::419_1_8::MountainSort4::42,PAIRED_BOYDEN::paired_boyden32c::419_1_8,PAIRED_BOYDEN,0.12261664858161525,0.05418240278959274,0.06843424579202251
main,fmiss,latent_summary_fullctx_lightgbm_target_filtered,latent_summary_stack_target_filtered,lightgbm,PAIRED_BOYDEN::paired_boyden32c::419_1_8::SpykingCircus::24,PAIRED_BOYDEN::paired_boyden32c::419_1_8,PAIRED_BOYDEN,0.8012711207564719,0.6614773273468018,0.13979379340967013
main,fmiss,latent_summary_fullctx_lightgbm_target_filtered,latent_summary_stack_target_filtered,lightgbm,PAIRED_BOYDEN::paired_boyden32c::419_1_8::SpykingCircus::28,PAIRED_BOYDEN::paired_boyden32c::419_1_8,PAIRED_BOYDEN,0.12416679584560533,0.07728255540132523,0.046884240444280106
main,fmiss,latent_summary_fullctx_lightgbm_target_filtered,latent_summary_stack_target_filtered,lightgbm,PAIRED_BOYDEN::paired_boyden32c::419_1_8::Tridesclous::0,PAIRED_BOYDEN::paired_boyden32c::419_1_8,PAIRED_BOYDEN,0.14447372500387537,0.03217184543609619,0.11230187956777918
main,fmiss,latent_summary_fullctx_lightgbm_target_filtered,latent_summary_stack_target_filtered,lightgbm,PAIRED_CRCNS_HC1::paired_crcns::d11221_d11221.001::SpykingCircus::6,PAIRED_CRCNS_HC1::paired_crcns::d11221_d11221.001,PAIRED_CRCNS_HC1,0.2845528455284553,0.6001824140548706,0.3156295685264153
main,fmiss,latent_summary_fullctx_lightgbm_target_filtered,latent_summary_stack_target_filtered,lightgbm,PAIRED_CRCNS_HC1::paired_crcns::d11222_d11222.002::IronClust::2,PAIRED_CRCNS_HC1::paired_crcns::d11222_d11222.002,PAIRED_CRCNS_HC1,0.017310252996005325,0.1494816094636917,0.13217135646768638
main,fmiss,latent_summary_fullctx_lightgbm_target_filtered,latent_summary_stack_target_filtered,lightgbm,PAIRED_CRCNS_HC1::paired_crcns::d11222_d11222.002::JRClust::3,PAIRED_CRCNS_HC1::paired_crcns::d11222_d11222.002,PAIRED_CRCNS_HC1,0.07323568575233022,0.13583408296108246,0.06259839720875224
main,fmiss,latent_summary_fullctx_lightgbm_target_filtered,latent_summary_stack_target_filtered,lightgbm,PAIRED_CRCNS_HC1::paired_crcns::d11222_d11222.002::KiloSort2::10,PAIRED_CRCNS_HC1::paired_crcns::d11222_d11222.002,PAIRED_CRCNS_HC1,0.5339547270306259,0.08161842077970505,0.4523363062509208
main,fmiss,latent_summary_fullctx_lightgbm_target_filtered,latent_summary_stack_target_filtered,lightgbm,PAIRED_CRCNS_HC1::paired_crcns::d11222_d11222.002::KiloSort::1,PAIRED_CRCNS_HC1::paired_crcns::d11222_d11222.002,PAIRED_CRCNS_HC1,0.03595206391478029,0.11994228512048721,0.08399022120570693
main,fmiss,latent_summary_fullctx_lightgbm_target_filtered,latent_summary_stack_target_filtered,lightgbm,PAIRED_CRCNS_HC1::paired_crcns::d11222_d11222.002::Klusta::2,PAIRED_CRCNS_HC1::paired_crcns::d11222_d11222.002,PAIRED_CRCNS_HC1,0.022636484687083888,0.10508264601230621,0.08244616132522233
main,fmiss,latent_summary_fullctx_lightgbm_target_filtered,latent_summary_stack_target_filtered,lightgbm,PAIRED_CRCNS_HC1::paired_crcns::d11222_d11222.002::MountainSort4::4,PAIRED_CRCNS_HC1::paired_crcns::d11222_d11222.002,PAIRED_CRCNS_HC1,0.20372836218375498,0.08373214304447174,0.11999621913928324
main,fmiss,latent_summary_fullctx_lightgbm_target_filtered,latent_summary_stack_target_filtered,lightgbm,PAIRED_CRCNS_HC1::paired_crcns::d11222_d11222.002::SpykingCircus::4,PAIRED_CRCNS_HC1::paired_crcns::d11222_d11222.002,PAIRED_CRCNS_HC1,0.1151797603195739,0.20719346404075623,0.09201370372118232
main,fmiss,latent_summary_fullctx_lightgbm_target_filtered,latent_summary_stack_target_filtered,lightgbm,PAIRED_CRCNS_HC1::paired_crcns::d11222_d11222.002::Tridesclous::0,PAIRED_CRCNS_HC1::paired_crcns::d11222_d11222.002,PAIRED_CRCNS_HC1,0.014647137150466045,0.13419567048549652,0.11954853333503047
main,fmiss,latent_summary_fullctx_lightgbm_target_filtered,latent_summary_stack_target_filtered,lightgbm,PAIRED_ENGLISH::paired_english::m139_200114_191955::KiloSort2::25,PAIRED_ENGLISH::paired_english::m139_200114_191955,PAIRED_ENGLISH,0.8107276747092185,0.3649131953716278,0.44581447933759066
main,fmiss,latent_summary_fullctx_lightgbm_target_filtered,latent_summary_stack_target_filtered,lightgbm,PAIRED_ENGLISH::paired_english::m139_200114_191955::MountainSort4::36,PAIRED_ENGLISH::paired_english::m139_200114_191955,PAIRED_ENGLISH,0.6701912909737576,0.36295560002326965,0.30723569095048797
main,fmiss,latent_summary_fullctx_lightgbm_target_filtered,latent_summary_stack_target_filtered,lightgbm,PAIRED_ENGLISH::paired_english::m139_200114_191955::SpykingCircus::42,PAIRED_ENGLISH::paired_english::m139_200114_191955,PAIRED_ENGLISH,0.8063058733057772,0.6284619569778442,0.17784391632793295
main,fmiss,latent_summary_fullctx_lightgbm_target_filtered,latent_summary_stack_target_filtered,lightgbm,PAIRED_ENGLISH::paired_english::m139_200114_222743::HerdingSpikes2::5,PAIRED_ENGLISH::paired_english::m139_200114_222743,PAIRED_ENGLISH,0.022052337547780066,0.20785342156887054,0.18580108402109047
main,fmiss,latent_summary_fullctx_lightgbm_target_filtered,latent_summary_stack_target_filtered,lightgbm,PAIRED_ENGLISH::paired_english::m139_200114_222743::IronClust::17,PAIRED_ENGLISH::paired_english::m139_200114_222743,PAIRED_ENGLISH,0.01587768303440165,0.20585356652736664,0.189975883492965
main,fmiss,latent_summary_fullctx_lightgbm_target_filtered,latent_summary_stack_target_filtered,lightgbm,PAIRED_ENGLISH::paired_english::m139_200114_222743::KiloSort2::26,PAIRED_ENGLISH::paired_english::m139_200114_222743,PAIRED_ENGLISH,0.002940311673037342,0.30941134691238403,0.3064710352393467
main,fmiss,latent_summary_fullctx_lightgbm_target_filtered,latent_summary_stack_target_filtered,lightgbm,PAIRED_ENGLISH::paired_english::m139_200114_222743::KiloSort::88,PAIRED_ENGLISH::paired_english::m139_200114_222743,PAIRED_ENGLISH,0.006174654513378418,0.2000243067741394,0.19384965226076098
main,fmiss,latent_summary_fullctx_lightgbm_target_filtered,latent_summary_stack_target_filtered,lightgbm,PAIRED_ENGLISH::paired_english::m139_200114_222743::MountainSort4::46,PAIRED_ENGLISH::paired_english::m139_200114_222743,PAIRED_ENGLISH,0.00911496618641576,0.24256446957588196,0.23344950338946618
main,fmiss,latent_summary_fullctx_lightgbm_target_filtered,latent_summary_stack_target_filtered,lightgbm,PAIRED_ENGLISH::paired_english::m139_200114_222743::SpykingCircus::44,PAIRED_ENGLISH::paired_english::m139_200114_222743,PAIRED_ENGLISH,0.0020582181711261394,0.226485013961792,0.22442679579066585
main,fmiss,latent_summary_fullctx_lightgbm_target_filtered,latent_summary_stack_target_filtered,lightgbm,PAIRED_ENGLISH::paired_english::m139_200114_222743::Tridesclous::1,PAIRED_ENGLISH::paired_english::m139_200114_222743,PAIRED_ENGLISH,0.004998529844163481,0.21650810539722443,0.21150957555306094
main,fmiss,latent_summary_fullctx_lightgbm_target_filtered,latent_summary_stack_target_filtered,lightgbm,PAIRED_ENGLISH::paired_english::m14_190326_155432::IronClust::22,PAIRED_ENGLISH::paired_english::m14_190326_155432,PAIRED_ENGLISH,0.13721413721413722,0.26722267270088196,0.13000853548674474
main,fmiss,latent_summary_fullctx_lightgbm_target_filtered,latent_summary_stack_target_filtered,lightgbm,PAIRED_ENGLISH::paired_english::m14_190326_155432::MountainSort4::33,PAIRED_ENGLISH::paired_english::m14_190326_155432,PAIRED_ENGLISH,0.09147609147609148,0.2187556028366089,0.1272795113605174
main,fmiss,latent_summary_fullctx_lightgbm_target_filtered,latent_summary_stack_target_filtered,lightgbm,PAIRED_ENGLISH::paired_english::m14_190326_155432::SpykingCircus::38,PAIRED_ENGLISH::paired_english::m14_190326_155432,PAIRED_ENGLISH,0.079002079002079,0.3230392336845398,0.2440371546824608
main,fmiss,latent_summary_fullctx_lightgbm_target_filtered,latent_summary_stack_target_filtered,lightgbm,PAIRED_ENGLISH::paired_english::m15_190315_142052_cell1::IronClust::40,PAIRED_ENGLISH::paired_english::m15_190315_142052_cell1,PAIRED_ENGLISH,0.24027594305005137,0.21819904446601868,0.022076898584032695
main,fmiss,latent_summary_fullctx_lightgbm_target_filtered,latent_summary_stack_target_filtered,lightgbm,PAIRED_ENGLISH::paired_english::m15_190315_142052_cell1::KiloSort2::48,PAIRED_ENGLISH::paired_english::m15_190315_142052_cell1,PAIRED_ENGLISH,0.3173345075590782,0.24468310177326202,0.07265140578581619
main,fmiss,latent_summary_fullctx_lightgbm_target_filtered,latent_summary_stack_target_filtered,lightgbm,PAIRED_ENGLISH::paired_english::m15_190315_142052_cell1::MountainSort4::62,PAIRED_ENGLISH::paired_english::m15_190315_142052_cell1,PAIRED_ENGLISH,0.5289886980772054,0.2663443982601166,0.2626442998170888
main,fmiss,latent_summary_fullctx_lightgbm_target_filtered,latent_summary_stack_target_filtered,lightgbm,PAIRED_ENGLISH::paired_english::m15_190315_142052_cell1::MountainSort4::64,PAIRED_ENGLISH::paired_english::m15_190315_142052_cell1,PAIRED_ENGLISH,0.6713635696462645,0.33061322569847107,0.34075034394779347
main,fmiss,latent_summary_fullctx_lightgbm_target_filtered,latent_summary_stack_target_filtered,lightgbm,PAIRED_ENGLISH::paired_english::m15_190315_142052_cell1::SpykingCircus::22,PAIRED_ENGLISH::paired_english::m15_190315_142052_cell1,PAIRED_ENGLISH,0.35975341259357113,0.26711079478263855,0.09264261781093258
main,fmiss,latent_summary_fullctx_lightgbm_target_filtered,latent_summary_stack_target_filtered,lightgbm,PAIRED_ENGLISH::paired_english::m15_190315_142052_cell1::SpykingCircus::57,PAIRED_ENGLISH::paired_english::m15_190315_142052_cell1,PAIRED_ENGLISH,0.8711287244972846,0.4591676890850067,0.4119610354122779
main,fmiss,latent_summary_fullctx_lightgbm_target_filtered,latent_summary_stack_target_filtered,lightgbm,PAIRED_ENGLISH::paired_english::m15_190315_152315_cell1::IronClust::35,PAIRED_ENGLISH::paired_english::m15_190315_152315_cell1,PAIRED_ENGLISH,0.04922936853742602,0.12992404401302338,0.08069467547559736
main,fmiss,latent_summary_fullctx_lightgbm_target_filtered,latent_summary_stack_target_filtered,lightgbm,PAIRED_ENGLISH::paired_english::m15_190315_152315_cell1::KiloSort2::37,PAIRED_ENGLISH::paired_english::m15_190315_152315_cell1,PAIRED_ENGLISH,0.0014307082005592768,0.13373063504695892,0.13229992684639966
main,fmiss,latent_summary_fullctx_lightgbm_target_filtered,latent_summary_stack_target_filtered,lightgbm,PAIRED_ENGLISH::paired_english::m15_190315_152315_cell1::KiloSort::1,PAIRED_ENGLISH::paired_english::m15_190315_152315_cell1,PAIRED_ENGLISH,0.003901931456070755,0.1406630575656891,0.13676112610961833
main,fmiss,latent_summary_fullctx_lightgbm_target_filtered,latent_summary_stack_target_filtered,lightgbm,PAIRED_ENGLISH::paired_english::m15_190315_152315_cell1::MountainSort4::72,PAIRED_ENGLISH::paired_english::m15_190315_152315_cell1,PAIRED_ENGLISH,0.03479222214996423,0.2278551161289215,0.19306289397895726
main,fmiss,latent_summary_fullctx_lightgbm_target_filtered,latent_summary_stack_target_filtered,lightgbm,PAIRED_ENGLISH::paired_english::m15_190315_152315_cell1::SpykingCircus::46,PAIRED_ENGLISH::paired_english::m15_190315_152315_cell1,PAIRED_ENGLISH,0.0018859335371008649,0.14799724519252777,0.1461113116554269
main,fmiss,latent_summary_fullctx_lightgbm_target_filtered,latent_summary_stack_target_filtered,lightgbm,PAIRED_ENGLISH::paired_english::m15_190315_152315_cell1::Tridesclous::0,PAIRED_ENGLISH::paired_english::m15_190315_152315_cell1,PAIRED_ENGLISH,0.2026403069519412,0.06048205867409706,0.14215824827784415
main,fmiss,latent_summary_fullctx_lightgbm_target_filtered,latent_summary_stack_target_filtered,lightgbm,PAIRED_ENGLISH::paired_english::m26_190524_100859_cell1::KiloSort2::0,PAIRED_ENGLISH::paired_english::m26_190524_100859_cell1,PAIRED_ENGLISH,0.3453815261044177,0.17539894580841064,0.16998258029600705
main,fmiss,latent_summary_fullctx_lightgbm_target_filtered,latent_summary_stack_target_filtered,lightgbm,PAIRED_ENGLISH::paired_english::m26_190524_100859_cell1::KiloSort::19,PAIRED_ENGLISH::paired_english::m26_190524_100859_cell1,PAIRED_ENGLISH,0.5522088353413654,0.1146775558590889,0.43753127948227655
main,fmiss,latent_summary_fullctx_lightgbm_target_filtered,latent_summary_stack_target_filtered,lightgbm,PAIRED_ENGLISH::paired_english::m26_190524_100859_cell1::KiloSort::8,PAIRED_ENGLISH::paired_english::m26_190524_100859_cell1,PAIRED_ENGLISH,0.7610441767068273,0.08926840871572495,0.6717757679911024
main,fmiss,latent_summary_fullctx_lightgbm_target_filtered,latent_summary_stack_target_filtered,lightgbm,PAIRED_ENGLISH::paired_english::m57_191105_141906::IronClust::6,PAIRED_ENGLISH::paired_english::m57_191105_141906,PAIRED_ENGLISH,0.12826603325415678,0.3333752453327179,0.20510921207856112
main,fmiss,latent_summary_fullctx_lightgbm_target_filtered,latent_summary_stack_target_filtered,lightgbm,PAIRED_ENGLISH::paired_english::m57_191105_141906::KiloSort::47,PAIRED_ENGLISH::paired_english::m57_191105_141906,PAIRED_ENGLISH,0.04829770387965162,0.1427985429763794,0.09450083909672777
main,fmiss,latent_summary_fullctx_lightgbm_target_filtered,latent_summary_stack_target_filtered,lightgbm,PAIRED_ENGLISH::paired_english::m57_191105_141906::MountainSort4::21,PAIRED_ENGLISH::paired_english::m57_191105_141906,PAIRED_ENGLISH,0.1187648456057007,0.1708008199930191,0.0520359743873184
main,fmiss,latent_summary_fullctx_lightgbm_target_filtered,latent_summary_stack_target_filtered,lightgbm,PAIRED_ENGLISH::paired_english::m57_191105_141906::MountainSort4::57,PAIRED_ENGLISH::paired_english::m57_191105_141906,PAIRED_ENGLISH,0.5399841646872525,0.5223258137702942,0.017658350916958332
main,fmiss,latent_summary_fullctx_lightgbm_target_filtered,latent_summary_stack_target_filtered,lightgbm,PAIRED_ENGLISH::paired_english::m57_191105_141906::SpykingCircus::12,PAIRED_ENGLISH::paired_english::m57_191105_141906,PAIRED_ENGLISH,0.5859065716547902,0.6203850507736206,0.034478479118830396
main,fmiss,latent_summary_fullctx_lightgbm_target_filtered,latent_summary_stack_target_filtered,lightgbm,PAIRED_ENGLISH::paired_english::m57_191105_141906::SpykingCircus::30,PAIRED_ENGLISH::paired_english::m57_191105_141906,PAIRED_ENGLISH,0.46872525732383213,0.33709171414375305,0.13163354318007908
main,fmiss,latent_summary_fullctx_lightgbm_target_filtered,latent_summary_stack_target_filtered,lightgbm,PAIRED_ENGLISH::paired_english::m57_191105_160026::HerdingSpikes2::1,PAIRED_ENGLISH::paired_english::m57_191105_160026,PAIRED_ENGLISH,0.7557251908396947,0.24921174347400665,0.506513447365688
main,fmiss,latent_summary_fullctx_lightgbm_target_filtered,latent_summary_stack_target_filtered,lightgbm,PAIRED_ENGLISH::paired_english::m57_191105_160026::IronClust::2,PAIRED_ENGLISH::paired_english::m57_191105_160026,PAIRED_ENGLISH,0.7206106870229008,0.5744462609291077,0.1461644260937931
main,fmiss,latent_summary_fullctx_lightgbm_target_filtered,latent_summary_stack_target_filtered,lightgbm,PAIRED_ENGLISH::paired_english::m57_191105_160026::IronClust::3,PAIRED_ENGLISH::paired_english::m57_191105_160026,PAIRED_ENGLISH,0.5629770992366412,0.4248529374599457,0.1381241617766955
main,fmiss,latent_summary_fullctx_lightgbm_target_filtered,latent_summary_stack_target_filtered,lightgbm,PAIRED_ENGLISH::paired_english::m57_191105_160026::KiloSort::127,PAIRED_ENGLISH::paired_english::m57_191105_160026,PAIRED_ENGLISH,0.7213740458015268,0.5967046022415161,0.12466944356001064
main,fmiss,latent_summary_fullctx_lightgbm_target_filtered,latent_summary_stack_target_filtered,lightgbm,PAIRED_ENGLISH::paired_english::m57_191105_160026::KiloSort::6,PAIRED_ENGLISH::paired_english::m57_191105_160026,PAIRED_ENGLISH,0.5885496183206107,0.4451475441455841,0.1434020741750266
main,fmiss,latent_summary_fullctx_lightgbm_target_filtered,latent_summary_stack_target_filtered,lightgbm,PAIRED_ENGLISH::paired_english::m57_191105_160026::MountainSort4::23,PAIRED_ENGLISH::paired_english::m57_191105_160026,PAIRED_ENGLISH,0.8603053435114504,0.6044377088546753,0.2558676346567751
main,fmiss,latent_summary_fullctx_lightgbm_target_filtered,latent_summary_stack_target_filtered,lightgbm,PAIRED_ENGLISH::paired_english::m57_191105_160026::MountainSort4::25,PAIRED_ENGLISH::paired_english::m57_191105_160026,PAIRED_ENGLISH,0.5545801526717558,0.2708105742931366,0.28376957837861916
main,fmiss,latent_summary_fullctx_lightgbm_target_filtered,latent_summary_stack_target_filtered,lightgbm,PAIRED_ENGLISH::paired_english::m57_191105_160026::SpykingCircus::2,PAIRED_ENGLISH::paired_english::m57_191105_160026,PAIRED_ENGLISH,0.7709923664122137,0.4179658591747284,0.3530265072374853
main,fmiss,latent_summary_fullctx_lightgbm_target_filtered,latent_summary_stack_target_filtered,lightgbm,PAIRED_ENGLISH::paired_english::m57_191105_160026::SpykingCircus::4,PAIRED_ENGLISH::paired_english::m57_191105_160026,PAIRED_ENGLISH,0.5625954198473282,0.5169910788536072,0.045604340993721015
main,fmiss,latent_summary_fullctx_lightgbm_target_filtered,latent_summary_stack_target_filtered,lightgbm,PAIRED_ENGLISH::paired_english::m57_191105_160026::Tridesclous::0,PAIRED_ENGLISH::paired_english::m57_191105_160026,PAIRED_ENGLISH,0.7061068702290076,0.06434112042188644,0.6417657498071212
main,fmiss,latent_summary_fullctx_lightgbm_target_filtered,latent_summary_stack_target_filtered,lightgbm,PAIRED_KAMPFF::paired_kampff::c14::HerdingSpikes2::6,PAIRED_KAMPFF::paired_kampff::c14,PAIRED_KAMPFF,0.35151068533529845,0.7135242819786072,0.36201359664330873
main,fmiss,latent_summary_fullctx_lightgbm_target_filtered,latent_summary_stack_target_filtered,lightgbm,PAIRED_KAMPFF::paired_kampff::c14::IronClust::22,PAIRED_KAMPFF::paired_kampff::c14,PAIRED_KAMPFF,0.25036845983787764,0.5547873377799988,0.30441887794212114
main,fmiss,latent_summary_fullctx_lightgbm_target_filtered,latent_summary_stack_target_filtered,lightgbm,PAIRED_KAMPFF::paired_kampff::c14::KiloSort2::37,PAIRED_KAMPFF::paired_kampff::c14,PAIRED_KAMPFF,0.14296241709653648,0.5328863859176636,0.3899239688211271
main,fmiss,latent_summary_fullctx_lightgbm_target_filtered,latent_summary_stack_target_filtered,lightgbm,PAIRED_KAMPFF::paired_kampff::c14::MountainSort4::42,PAIRED_KAMPFF::paired_kampff::c14,PAIRED_KAMPFF,0.32221812822402357,0.4804267883300781,0.15820866010605455
main,fmiss,latent_summary_fullctx_lightgbm_target_filtered,latent_summary_stack_target_filtered,lightgbm,PAIRED_KAMPFF::paired_kampff::c14::SpykingCircus::14,PAIRED_KAMPFF::paired_kampff::c14,PAIRED_KAMPFF,0.21868091378039795,0.5742893815040588,0.3556084677236609
main,fmiss,latent_summary_fullctx_lightgbm_target_filtered,latent_summary_stack_target_filtered,lightgbm,PAIRED_KAMPFF::paired_kampff::c14::Tridesclous::8,PAIRED_KAMPFF::paired_kampff::c14,PAIRED_KAMPFF,0.20910095799557848,0.16454003751277924,0.04456092048279925
main,fmiss,latent_summary_fullctx_lightgbm_target_filtered,latent_summary_stack_target_filtered,lightgbm,PAIRED_MEA64C_YGER::paired_mea64c::20170622_patch1::HerdingSpikes2::19,PAIRED_MEA64C_YGER::paired_mea64c::20170622_patch1,PAIRED_MEA64C_YGER,0.8533362695441533,0.7053897380828857,0.14794653146126757
main,fmiss,latent_summary_fullctx_lightgbm_target_filtered,latent_summary_stack_target_filtered,lightgbm,PAIRED_MEA64C_YGER::paired_mea64c::20170622_patch1::HerdingSpikes2::7,PAIRED_MEA64C_YGER::paired_mea64c::20170622_patch1,PAIRED_MEA64C_YGER,0.18343977097555605,0.22506842017173767,0.041628649196181616
main,fmiss,latent_summary_fullctx_lightgbm_target_filtered,latent_summary_stack_target_filtered,lightgbm,PAIRED_MEA64C_YGER::paired_mea64c::20170622_patch1::IronClust::8,PAIRED_MEA64C_YGER::paired_mea64c::20170622_patch1,PAIRED_MEA64C_YGER,0.027747192248403437,0.02921069972217083,0.0014635074737673927
main,fmiss,latent_summary_fullctx_lightgbm_target_filtered,latent_summary_stack_target_filtered,lightgbm,PAIRED_MEA64C_YGER::paired_mea64c::20170622_patch1::KiloSort2::23,PAIRED_MEA64C_YGER::paired_mea64c::20170622_patch1,PAIRED_MEA64C_YGER,0.0008808632459810614,0.16691340506076813,0.16603254181478708
main,fmiss,latent_summary_fullctx_lightgbm_target_filtered,latent_summary_stack_target_filtered,lightgbm,PAIRED_MEA64C_YGER::paired_mea64c::20170622_patch1::KiloSort::64,PAIRED_MEA64C_YGER::paired_mea64c::20170622_patch1,PAIRED_MEA64C_YGER,0.03457388240475666,0.15528514981269836,0.1207112674079417
main,fmiss,latent_summary_fullctx_lightgbm_target_filtered,latent_summary_stack_target_filtered,lightgbm,PAIRED_MEA64C_YGER::paired_mea64c::20170622_patch1::Klusta::4,PAIRED_MEA64C_YGER::paired_mea64c::20170622_patch1,PAIRED_MEA64C_YGER,0.17441092270425015,0.13957209885120392,0.034838823853046236
main,fmiss,latent_summary_fullctx_lightgbm_target_filtered,latent_summary_stack_target_filtered,lightgbm,PAIRED_MEA64C_YGER::paired_mea64c::20170622_patch1::MountainSort4::43,PAIRED_MEA64C_YGER::paired_mea64c::20170622_patch1,PAIRED_MEA64C_YGER,0.02510460251046025,0.1060885637998581,0.08098396128939785
main,fmiss,latent_summary_fullctx_lightgbm_target_filtered,latent_summary_stack_target_filtered,lightgbm,PAIRED_MEA64C_YGER::paired_mea64c::20170622_patch1::SpykingCircus::18,PAIRED_MEA64C_YGER::paired_mea64c::20170622_patch1,PAIRED_MEA64C_YGER,0.0028628055494384495,0.11337720602750778,0.11051440047806933
main,fmiss,latent_summary_fullctx_lightgbm_target_filtered,latent_summary_stack_target_filtered,lightgbm,PAIRED_MEA64C_YGER::paired_mea64c::20170622_patch1::Tridesclous::12,PAIRED_MEA64C_YGER::paired_mea64c::20170622_patch1,PAIRED_MEA64C_YGER,0.026425897379431844,0.09152687340974808,0.06510097603031623
main,fmiss,latent_summary_fullctx_lightgbm_target_filtered,latent_summary_stack_target_filtered,lightgbm,PAIRED_MEA64C_YGER::paired_mea64c::20170622_patch2::HerdingSpikes2::16,PAIRED_MEA64C_YGER::paired_mea64c::20170622_patch2,PAIRED_MEA64C_YGER,0.6606015595989603,0.47858789563179016,0.18201366396717011
main,fmiss,latent_summary_fullctx_lightgbm_target_filtered,latent_summary_stack_target_filtered,lightgbm,PAIRED_MEA64C_YGER::paired_mea64c::20170622_patch2::HerdingSpikes2::44,PAIRED_MEA64C_YGER::paired_mea64c::20170622_patch2,PAIRED_MEA64C_YGER,0.8756034162643892,0.44576722383499146,0.42983619242939775
main,fmiss,latent_summary_fullctx_lightgbm_target_filtered,latent_summary_stack_target_filtered,lightgbm,PAIRED_MEA64C_YGER::paired_mea64c::20170622_patch2::HerdingSpikes2::5,PAIRED_MEA64C_YGER::paired_mea64c::20170622_patch2,PAIRED_MEA64C_YGER,0.008169327887114742,0.017450453713536263,0.009281125826421521
main,fmiss,latent_summary_fullctx_lightgbm_target_filtered,latent_summary_stack_target_filtered,lightgbm,PAIRED_MEA64C_YGER::paired_mea64c::20170622_patch2::IronClust::11,PAIRED_MEA64C_YGER::paired_mea64c::20170622_patch2,PAIRED_MEA64C_YGER,0.0003713330857779428,0.009138339199125767,0.008767006113347823
main,fmiss,latent_summary_fullctx_lightgbm_target_filtered,latent_summary_stack_target_filtered,lightgbm,PAIRED_MEA64C_YGER::paired_mea64c::20170622_patch2::JRClust::31,PAIRED_MEA64C_YGER::paired_mea64c::20170622_patch2,PAIRED_MEA64C_YGER,0.0029706646862235424,0.0117762116715312,0.008805546985307658
main,fmiss,latent_summary_fullctx_lightgbm_target_filtered,latent_summary_stack_target_filtered,lightgbm,PAIRED_MEA64C_YGER::paired_mea64c::20170622_patch2::KiloSort2::33,PAIRED_MEA64C_YGER::paired_mea64c::20170622_patch2,PAIRED_MEA64C_YGER,0.0011139992573338284,0.0120586808770895,0.010944681619755672
main,fmiss,latent_summary_fullctx_lightgbm_target_filtered,latent_summary_stack_target_filtered,lightgbm,PAIRED_MEA64C_YGER::paired_mea64c::20170622_patch2::KiloSort::5,PAIRED_MEA64C_YGER::paired_mea64c::20170622_patch2,PAIRED_MEA64C_YGER,0.0014853323431117712,0.00850248709321022,0.007017154750098449
main,fmiss,latent_summary_fullctx_lightgbm_target_filtered,latent_summary_stack_target_filtered,lightgbm,PAIRED_MEA64C_YGER::paired_mea64c::20170622_patch2::Klusta::14,PAIRED_MEA64C_YGER::paired_mea64c::20170622_patch2,PAIRED_MEA64C_YGER,0.15893056071295952,0.019391139969229698,0.13953942074372983
main,fmiss,latent_summary_fullctx_lightgbm_target_filtered,latent_summary_stack_target_filtered,lightgbm,PAIRED_MEA64C_YGER::paired_mea64c::20170622_patch2::MountainSort4::31,PAIRED_MEA64C_YGER::paired_mea64c::20170622_patch2,PAIRED_MEA64C_YGER,0.0003713330857779428,0.0054709347896277905,0.005099601703849848
main,fmiss,latent_summary_fullctx_lightgbm_target_filtered,latent_summary_stack_target_filtered,lightgbm,PAIRED_MEA64C_YGER::paired_mea64c::20170622_patch2::SpykingCircus::17,PAIRED_MEA64C_YGER::paired_mea64c::20170622_patch2,PAIRED_MEA64C_YGER,0.0003713330857779428,0.011487809009850025,0.011116475924072082
main,fmiss,latent_summary_fullctx_lightgbm_target_filtered,latent_summary_stack_target_filtered,lightgbm,PAIRED_MEA64C_YGER::paired_mea64c::20170622_patch2::Tridesclous::0,PAIRED_MEA64C_YGER::paired_mea64c::20170622_patch2,PAIRED_MEA64C_YGER,0.0003713330857779428,0.012895229272544384,0.01252389618676644
main,fmiss,latent_summary_fullctx_xgboost,latent_summary_stack,xgboost,PAIRED_BOYDEN::paired_boyden32c::1103_1_1::IronClust::4,PAIRED_BOYDEN::paired_boyden32c::1103_1_1,PAIRED_BOYDEN,0.1661807580174927,0.12238253653049469,0.043798221486998024
main,fmiss,latent_summary_fullctx_xgboost,latent_summary_stack,xgboost,PAIRED_BOYDEN::paired_boyden32c::1103_1_1::JRClust::18,PAIRED_BOYDEN::paired_boyden32c::1103_1_1,PAIRED_BOYDEN,0.08551992225461613,0.22288702428340912,0.137367102028793
main,fmiss,latent_summary_fullctx_xgboost,latent_summary_stack,xgboost,PAIRED_BOYDEN::paired_boyden32c::1103_1_1::KiloSort2::33,PAIRED_BOYDEN::paired_boyden32c::1103_1_1,PAIRED_BOYDEN,0.42857142857142855,0.2733827829360962,0.15518864563533236
main,fmiss,latent_summary_fullctx_xgboost,latent_summary_stack,xgboost,PAIRED_BOYDEN::paired_boyden32c::1103_1_1::KiloSort2::55,PAIRED_BOYDEN::paired_boyden32c::1103_1_1,PAIRED_BOYDEN,0.8328474246841594,0.4607245922088623,0.3721228324752971
main,fmiss,latent_summary_fullctx_xgboost,latent_summary_stack,xgboost,PAIRED_BOYDEN::paired_boyden32c::1103_1_1::KiloSort2::60,PAIRED_BOYDEN::paired_boyden32c::1103_1_1,PAIRED_BOYDEN,0.7580174927113703,0.3427481949329376,0.4152692977784327
main,fmiss,latent_summary_fullctx_xgboost,latent_summary_stack,xgboost,PAIRED_BOYDEN::paired_boyden32c::1103_1_1::KiloSort::111,PAIRED_BOYDEN::paired_boyden32c::1103_1_1,PAIRED_BOYDEN,0.04081632653061224,0.19135387241840363,0.1505375458877914
main,fmiss,latent_summary_fullctx_xgboost,latent_summary_stack,xgboost,PAIRED_BOYDEN::paired_boyden32c::1103_1_1::Klusta::12,PAIRED_BOYDEN::paired_boyden32c::1103_1_1,PAIRED_BOYDEN,0.17881438289601556,0.15547502040863037,0.02333936248738519
main,fmiss,latent_summary_fullctx_xgboost,latent_summary_stack,xgboost,PAIRED_BOYDEN::paired_boyden32c::1103_1_1::MountainSort4::26,PAIRED_BOYDEN::paired_boyden32c::1103_1_1,PAIRED_BOYDEN,0.03595724003887269,0.20181770622730255,0.16586046618842987
main,fmiss,latent_summary_fullctx_xgboost,latent_summary_stack,xgboost,PAIRED_BOYDEN::paired_boyden32c::1103_1_1::SpykingCircus::27,PAIRED_BOYDEN::paired_boyden32c::1103_1_1,PAIRED_BOYDEN,0.07482993197278912,0.25299516320228577,0.17816523122949665
main,fmiss,latent_summary_fullctx_xgboost,latent_summary_stack,xgboost,PAIRED_BOYDEN::paired_boyden32c::1103_1_1::Tridesclous::3,PAIRED_BOYDEN::paired_boyden32c::1103_1_1,PAIRED_BOYDEN,0.11273080660835763,0.16838885843753815,0.055658051829180516
main,fmiss,latent_summary_fullctx_xgboost,latent_summary_stack,xgboost,PAIRED_BOYDEN::paired_boyden32c::419_1_8::IronClust::14,PAIRED_BOYDEN::paired_boyden32c::419_1_8,PAIRED_BOYDEN,0.1489691520694466,0.08707202970981598,0.06189712235963063
main,fmiss,latent_summary_fullctx_xgboost,latent_summary_stack,xgboost,PAIRED_BOYDEN::paired_boyden32c::419_1_8::IronClust::4,PAIRED_BOYDEN::paired_boyden32c::419_1_8,PAIRED_BOYDEN,0.3614943419624864,0.09861789643764496,0.26287644552484146
main,fmiss,latent_summary_fullctx_xgboost,latent_summary_stack,xgboost,PAIRED_BOYDEN::paired_boyden32c::419_1_8::JRClust::24,PAIRED_BOYDEN::paired_boyden32c::419_1_8,PAIRED_BOYDEN,0.14617888699426446,0.07504289597272873,0.07113599102153573
main,fmiss,latent_summary_fullctx_xgboost,latent_summary_stack,xgboost,PAIRED_BOYDEN::paired_boyden32c::419_1_8::JRClust::8,PAIRED_BOYDEN::paired_boyden32c::419_1_8,PAIRED_BOYDEN,0.7484110990544102,0.4589464068412781,0.2894646922131321
main,fmiss,latent_summary_fullctx_xgboost,latent_summary_stack,xgboost,PAIRED_BOYDEN::paired_boyden32c::419_1_8::KiloSort2::27,PAIRED_BOYDEN::paired_boyden32c::419_1_8,PAIRED_BOYDEN,0.06696636180437142,0.055127859115600586,0.011838502688770833
main,fmiss,latent_summary_fullctx_xgboost,latent_summary_stack,xgboost,PAIRED_BOYDEN::paired_boyden32c::419_1_8::KiloSort2::46,PAIRED_BOYDEN::paired_boyden32c::419_1_8,PAIRED_BOYDEN,0.11424585335606882,0.08377423882484436,0.03047161453122446
main,fmiss,latent_summary_fullctx_xgboost,latent_summary_stack,xgboost,PAIRED_BOYDEN::paired_boyden32c::419_1_8::KiloSort::17,PAIRED_BOYDEN::paired_boyden32c::419_1_8,PAIRED_BOYDEN,0.13067741435436367,0.06490271538496017,0.0657746989694035
main,fmiss,latent_summary_fullctx_xgboost,latent_summary_stack,xgboost,PAIRED_BOYDEN::paired_boyden32c::419_1_8::MountainSort4::42,PAIRED_BOYDEN::paired_boyden32c::419_1_8,PAIRED_BOYDEN,0.12261664858161525,0.0867486298084259,0.03586801877318935
main,fmiss,latent_summary_fullctx_xgboost,latent_summary_stack,xgboost,PAIRED_BOYDEN::paired_boyden32c::419_1_8::SpykingCircus::24,PAIRED_BOYDEN::paired_boyden32c::419_1_8,PAIRED_BOYDEN,0.8012711207564719,0.4616030156612396,0.33966810509523226
main,fmiss,latent_summary_fullctx_xgboost,latent_summary_stack,xgboost,PAIRED_BOYDEN::paired_boyden32c::419_1_8::SpykingCircus::28,PAIRED_BOYDEN::paired_boyden32c::419_1_8,PAIRED_BOYDEN,0.12416679584560533,0.08217011392116547,0.041996681924439866
main,fmiss,latent_summary_fullctx_xgboost,latent_summary_stack,xgboost,PAIRED_BOYDEN::paired_boyden32c::419_1_8::Tridesclous::0,PAIRED_BOYDEN::paired_boyden32c::419_1_8,PAIRED_BOYDEN,0.14447372500387537,0.046517014503479004,0.09795671050039637
main,fmiss,latent_summary_fullctx_xgboost,latent_summary_stack,xgboost,PAIRED_CRCNS_HC1::paired_crcns::d11221_d11221.001::SpykingCircus::6,PAIRED_CRCNS_HC1::paired_crcns::d11221_d11221.001,PAIRED_CRCNS_HC1,0.2845528455284553,0.42091792821884155,0.13636508269038627
main,fmiss,latent_summary_fullctx_xgboost,latent_summary_stack,xgboost,PAIRED_CRCNS_HC1::paired_crcns::d11222_d11222.002::IronClust::2,PAIRED_CRCNS_HC1::paired_crcns::d11222_d11222.002,PAIRED_CRCNS_HC1,0.017310252996005325,0.14491355419158936,0.12760330119558402
main,fmiss,latent_summary_fullctx_xgboost,latent_summary_stack,xgboost,PAIRED_CRCNS_HC1::paired_crcns::d11222_d11222.002::JRClust::3,PAIRED_CRCNS_HC1::paired_crcns::d11222_d11222.002,PAIRED_CRCNS_HC1,0.07323568575233022,0.23212675750255585,0.15889107175022563
main,fmiss,latent_summary_fullctx_xgboost,latent_summary_stack,xgboost,PAIRED_CRCNS_HC1::paired_crcns::d11222_d11222.002::KiloSort2::10,PAIRED_CRCNS_HC1::paired_crcns::d11222_d11222.002,PAIRED_CRCNS_HC1,0.5339547270306259,0.24333299696445465,0.2906217300661712
main,fmiss,latent_summary_fullctx_xgboost,latent_summary_stack,xgboost,PAIRED_CRCNS_HC1::paired_crcns::d11222_d11222.002::KiloSort::1,PAIRED_CRCNS_HC1::paired_crcns::d11222_d11222.002,PAIRED_CRCNS_HC1,0.03595206391478029,0.09154149144887924,0.05558942753409895
main,fmiss,latent_summary_fullctx_xgboost,latent_summary_stack,xgboost,PAIRED_CRCNS_HC1::paired_crcns::d11222_d11222.002::Klusta::2,PAIRED_CRCNS_HC1::paired_crcns::d11222_d11222.002,PAIRED_CRCNS_HC1,0.022636484687083888,0.13289085030555725,0.11025436561847336
main,fmiss,latent_summary_fullctx_xgboost,latent_summary_stack,xgboost,PAIRED_CRCNS_HC1::paired_crcns::d11222_d11222.002::MountainSort4::4,PAIRED_CRCNS_HC1::paired_crcns::d11222_d11222.002,PAIRED_CRCNS_HC1,0.20372836218375498,0.11807099729776382,0.08565736488599116
main,fmiss,latent_summary_fullctx_xgboost,latent_summary_stack,xgboost,PAIRED_CRCNS_HC1::paired_crcns::d11222_d11222.002::SpykingCircus::4,PAIRED_CRCNS_HC1::paired_crcns::d11222_d11222.002,PAIRED_CRCNS_HC1,0.1151797603195739,0.23359215259552002,0.11841239227594612
main,fmiss,latent_summary_fullctx_xgboost,latent_summary_stack,xgboost,PAIRED_CRCNS_HC1::paired_crcns::d11222_d11222.002::Tridesclous::0,PAIRED_CRCNS_HC1::paired_crcns::d11222_d11222.002,PAIRED_CRCNS_HC1,0.014647137150466045,0.04925529658794403,0.034608159437477984
main,fmiss,latent_summary_fullctx_xgboost,latent_summary_stack,xgboost,PAIRED_ENGLISH::paired_english::m139_200114_191955::KiloSort2::25,PAIRED_ENGLISH::paired_english::m139_200114_191955,PAIRED_ENGLISH,0.8107276747092185,0.36325937509536743,0.44746829961385104
main,fmiss,latent_summary_fullctx_xgboost,latent_summary_stack,xgboost,PAIRED_ENGLISH::paired_english::m139_200114_191955::MountainSort4::36,PAIRED_ENGLISH::paired_english::m139_200114_191955,PAIRED_ENGLISH,0.6701912909737576,0.24620725214481354,0.4239840388289441
main,fmiss,latent_summary_fullctx_xgboost,latent_summary_stack,xgboost,PAIRED_ENGLISH::paired_english::m139_200114_191955::SpykingCircus::42,PAIRED_ENGLISH::paired_english::m139_200114_191955,PAIRED_ENGLISH,0.8063058733057772,0.5316364765167236,0.27466939678905355
main,fmiss,latent_summary_fullctx_xgboost,latent_summary_stack,xgboost,PAIRED_ENGLISH::paired_english::m139_200114_222743::HerdingSpikes2::5,PAIRED_ENGLISH::paired_english::m139_200114_222743,PAIRED_ENGLISH,0.022052337547780066,0.2815844416618347,0.25953210411405464
main,fmiss,latent_summary_fullctx_xgboost,latent_summary_stack,xgboost,PAIRED_ENGLISH::paired_english::m139_200114_222743::IronClust::17,PAIRED_ENGLISH::paired_english::m139_200114_222743,PAIRED_ENGLISH,0.01587768303440165,0.27106499671936035,0.2551873136849587
main,fmiss,latent_summary_fullctx_xgboost,latent_summary_stack,xgboost,PAIRED_ENGLISH::paired_english::m139_200114_222743::KiloSort2::26,PAIRED_ENGLISH::paired_english::m139_200114_222743,PAIRED_ENGLISH,0.002940311673037342,0.33626702427864075,0.3333267126056034
main,fmiss,latent_summary_fullctx_xgboost,latent_summary_stack,xgboost,PAIRED_ENGLISH::paired_english::m139_200114_222743::KiloSort::88,PAIRED_ENGLISH::paired_english::m139_200114_222743,PAIRED_ENGLISH,0.006174654513378418,0.2989230155944824,0.292748361081104
main,fmiss,latent_summary_fullctx_xgboost,latent_summary_stack,xgboost,PAIRED_ENGLISH::paired_english::m139_200114_222743::MountainSort4::46,PAIRED_ENGLISH::paired_english::m139_200114_222743,PAIRED_ENGLISH,0.00911496618641576,0.3059154450893402,0.29680047890292444
main,fmiss,latent_summary_fullctx_xgboost,latent_summary_stack,xgboost,PAIRED_ENGLISH::paired_english::m139_200114_222743::SpykingCircus::44,PAIRED_ENGLISH::paired_english::m139_200114_222743,PAIRED_ENGLISH,0.0020582181711261394,0.2956019341945648,0.2935437160234387
main,fmiss,latent_summary_fullctx_xgboost,latent_summary_stack,xgboost,PAIRED_ENGLISH::paired_english::m139_200114_222743::Tridesclous::1,PAIRED_ENGLISH::paired_english::m139_200114_222743,PAIRED_ENGLISH,0.004998529844163481,0.13013310730457306,0.12513457746040957
main,fmiss,latent_summary_fullctx_xgboost,latent_summary_stack,xgboost,PAIRED_ENGLISH::paired_english::m14_190326_155432::IronClust::22,PAIRED_ENGLISH::paired_english::m14_190326_155432,PAIRED_ENGLISH,0.13721413721413722,0.44632652401924133,0.3091123868051041
main,fmiss,latent_summary_fullctx_xgboost,latent_summary_stack,xgboost,PAIRED_ENGLISH::paired_english::m14_190326_155432::MountainSort4::33,PAIRED_ENGLISH::paired_english::m14_190326_155432,PAIRED_ENGLISH,0.09147609147609148,0.39673155546188354,0.30525546398579206
main,fmiss,latent_summary_fullctx_xgboost,latent_summary_stack,xgboost,PAIRED_ENGLISH::paired_english::m14_190326_155432::SpykingCircus::38,PAIRED_ENGLISH::paired_english::m14_190326_155432,PAIRED_ENGLISH,0.079002079002079,0.5919615030288696,0.5129594240267906
main,fmiss,latent_summary_fullctx_xgboost,latent_summary_stack,xgboost,PAIRED_ENGLISH::paired_english::m15_190315_142052_cell1::IronClust::40,PAIRED_ENGLISH::paired_english::m15_190315_142052_cell1,PAIRED_ENGLISH,0.24027594305005137,0.15306508541107178,0.0872108576389796
main,fmiss,latent_summary_fullctx_xgboost,latent_summary_stack,xgboost,PAIRED_ENGLISH::paired_english::m15_190315_142052_cell1::KiloSort2::48,PAIRED_ENGLISH::paired_english::m15_190315_142052_cell1,PAIRED_ENGLISH,0.3173345075590782,0.09962386637926102,0.2177106411798172
main,fmiss,latent_summary_fullctx_xgboost,latent_summary_stack,xgboost,PAIRED_ENGLISH::paired_english::m15_190315_142052_cell1::MountainSort4::62,PAIRED_ENGLISH::paired_english::m15_190315_142052_cell1,PAIRED_ENGLISH,0.5289886980772054,0.1313878297805786,0.3976008682966268
main,fmiss,latent_summary_fullctx_xgboost,latent_summary_stack,xgboost,PAIRED_ENGLISH::paired_english::m15_190315_142052_cell1::MountainSort4::64,PAIRED_ENGLISH::paired_english::m15_190315_142052_cell1,PAIRED_ENGLISH,0.6713635696462645,0.29478415846824646,0.3765794111780181
main,fmiss,latent_summary_fullctx_xgboost,latent_summary_stack,xgboost,PAIRED_ENGLISH::paired_english::m15_190315_142052_cell1::SpykingCircus::22,PAIRED_ENGLISH::paired_english::m15_190315_142052_cell1,PAIRED_ENGLISH,0.35975341259357113,0.1901547908782959,0.16959862171527523
main,fmiss,latent_summary_fullctx_xgboost,latent_summary_stack,xgboost,PAIRED_ENGLISH::paired_english::m15_190315_142052_cell1::SpykingCircus::57,PAIRED_ENGLISH::paired_english::m15_190315_142052_cell1,PAIRED_ENGLISH,0.8711287244972846,0.3477664887905121,0.5233622357067725
main,fmiss,latent_summary_fullctx_xgboost,latent_summary_stack,xgboost,PAIRED_ENGLISH::paired_english::m15_190315_152315_cell1::IronClust::35,PAIRED_ENGLISH::paired_english::m15_190315_152315_cell1,PAIRED_ENGLISH,0.04922936853742602,0.10034694522619247,0.05111757668876645
main,fmiss,latent_summary_fullctx_xgboost,latent_summary_stack,xgboost,PAIRED_ENGLISH::paired_english::m15_190315_152315_cell1::KiloSort2::37,PAIRED_ENGLISH::paired_english::m15_190315_152315_cell1,PAIRED_ENGLISH,0.0014307082005592768,0.0909510999917984,0.08952039179123912
main,fmiss,latent_summary_fullctx_xgboost,latent_summary_stack,xgboost,PAIRED_ENGLISH::paired_english::m15_190315_152315_cell1::KiloSort::1,PAIRED_ENGLISH::paired_english::m15_190315_152315_cell1,PAIRED_ENGLISH,0.003901931456070755,0.1094311773777008,0.10552924592163004
main,fmiss,latent_summary_fullctx_xgboost,latent_summary_stack,xgboost,PAIRED_ENGLISH::paired_english::m15_190315_152315_cell1::MountainSort4::72,PAIRED_ENGLISH::paired_english::m15_190315_152315_cell1,PAIRED_ENGLISH,0.03479222214996423,0.13130846619606018,0.09651624404609595
main,fmiss,latent_summary_fullctx_xgboost,latent_summary_stack,xgboost,PAIRED_ENGLISH::paired_english::m15_190315_152315_cell1::SpykingCircus::46,PAIRED_ENGLISH::paired_english::m15_190315_152315_cell1,PAIRED_ENGLISH,0.0018859335371008649,0.10130035877227783,0.09941442523517696
main,fmiss,latent_summary_fullctx_xgboost,latent_summary_stack,xgboost,PAIRED_ENGLISH::paired_english::m15_190315_152315_cell1::Tridesclous::0,PAIRED_ENGLISH::paired_english::m15_190315_152315_cell1,PAIRED_ENGLISH,0.2026403069519412,0.034587688744068146,0.16805261820787307
main,fmiss,latent_summary_fullctx_xgboost,latent_summary_stack,xgboost,PAIRED_ENGLISH::paired_english::m26_190524_100859_cell1::KiloSort2::0,PAIRED_ENGLISH::paired_english::m26_190524_100859_cell1,PAIRED_ENGLISH,0.3453815261044177,0.1499219387769699,0.19545958732744778
main,fmiss,latent_summary_fullctx_xgboost,latent_summary_stack,xgboost,PAIRED_ENGLISH::paired_english::m26_190524_100859_cell1::KiloSort::19,PAIRED_ENGLISH::paired_english::m26_190524_100859_cell1,PAIRED_ENGLISH,0.5522088353413654,0.09376451373100281,0.45844432161036264
main,fmiss,latent_summary_fullctx_xgboost,latent_summary_stack,xgboost,PAIRED_ENGLISH::paired_english::m26_190524_100859_cell1::KiloSort::8,PAIRED_ENGLISH::paired_english::m26_190524_100859_cell1,PAIRED_ENGLISH,0.7610441767068273,0.10252842307090759,0.6585157536359197
main,fmiss,latent_summary_fullctx_xgboost,latent_summary_stack,xgboost,PAIRED_ENGLISH::paired_english::m57_191105_141906::IronClust::6,PAIRED_ENGLISH::paired_english::m57_191105_141906,PAIRED_ENGLISH,0.12826603325415678,0.22875216603279114,0.10048613277863436
main,fmiss,latent_summary_fullctx_xgboost,latent_summary_stack,xgboost,PAIRED_ENGLISH::paired_english::m57_191105_141906::KiloSort::47,PAIRED_ENGLISH::paired_english::m57_191105_141906,PAIRED_ENGLISH,0.04829770387965162,0.21693842113018036,0.16864071725052873
main,fmiss,latent_summary_fullctx_xgboost,latent_summary_stack,xgboost,PAIRED_ENGLISH::paired_english::m57_191105_141906::MountainSort4::21,PAIRED_ENGLISH::paired_english::m57_191105_141906,PAIRED_ENGLISH,0.1187648456057007,0.30558329820632935,0.18681845260062863
main,fmiss,latent_summary_fullctx_xgboost,latent_summary_stack,xgboost,PAIRED_ENGLISH::paired_english::m57_191105_141906::MountainSort4::57,PAIRED_ENGLISH::paired_english::m57_191105_141906,PAIRED_ENGLISH,0.5399841646872525,0.46956250071525574,0.07042166397199678
main,fmiss,latent_summary_fullctx_xgboost,latent_summary_stack,xgboost,PAIRED_ENGLISH::paired_english::m57_191105_141906::SpykingCircus::12,PAIRED_ENGLISH::paired_english::m57_191105_141906,PAIRED_ENGLISH,0.5859065716547902,0.6624392867088318,0.07653271505404158
main,fmiss,latent_summary_fullctx_xgboost,latent_summary_stack,xgboost,PAIRED_ENGLISH::paired_english::m57_191105_141906::SpykingCircus::30,PAIRED_ENGLISH::paired_english::m57_191105_141906,PAIRED_ENGLISH,0.46872525732383213,0.40951913595199585,0.059206121371836284
main,fmiss,latent_summary_fullctx_xgboost,latent_summary_stack,xgboost,PAIRED_ENGLISH::paired_english::m57_191105_160026::HerdingSpikes2::1,PAIRED_ENGLISH::paired_english::m57_191105_160026,PAIRED_ENGLISH,0.7557251908396947,0.2052963376045227,0.550428853235172
main,fmiss,latent_summary_fullctx_xgboost,latent_summary_stack,xgboost,PAIRED_ENGLISH::paired_english::m57_191105_160026::IronClust::2,PAIRED_ENGLISH::paired_english::m57_191105_160026,PAIRED_ENGLISH,0.7206106870229008,0.34999293088912964,0.3706177561337711
main,fmiss,latent_summary_fullctx_xgboost,latent_summary_stack,xgboost,PAIRED_ENGLISH::paired_english::m57_191105_160026::IronClust::3,PAIRED_ENGLISH::paired_english::m57_191105_160026,PAIRED_ENGLISH,0.5629770992366412,0.31192639470100403,0.25105070453563716
main,fmiss,latent_summary_fullctx_xgboost,latent_summary_stack,xgboost,PAIRED_ENGLISH::paired_english::m57_191105_160026::KiloSort::127,PAIRED_ENGLISH::paired_english::m57_191105_160026,PAIRED_ENGLISH,0.7213740458015268,0.384337455034256,0.33703659076727077
main,fmiss,latent_summary_fullctx_xgboost,latent_summary_stack,xgboost,PAIRED_ENGLISH::paired_english::m57_191105_160026::KiloSort::6,PAIRED_ENGLISH::paired_english::m57_191105_160026,PAIRED_ENGLISH,0.5885496183206107,0.34405767917633057,0.24449193914428013
main,fmiss,latent_summary_fullctx_xgboost,latent_summary_stack,xgboost,PAIRED_ENGLISH::paired_english::m57_191105_160026::MountainSort4::23,PAIRED_ENGLISH::paired_english::m57_191105_160026,PAIRED_ENGLISH,0.8603053435114504,0.41858428716659546,0.4417210563448549
main,fmiss,latent_summary_fullctx_xgboost,latent_summary_stack,xgboost,PAIRED_ENGLISH::paired_english::m57_191105_160026::MountainSort4::25,PAIRED_ENGLISH::paired_english::m57_191105_160026,PAIRED_ENGLISH,0.5545801526717558,0.2651686668395996,0.28941148583215615
main,fmiss,latent_summary_fullctx_xgboost,latent_summary_stack,xgboost,PAIRED_ENGLISH::paired_english::m57_191105_160026::SpykingCircus::2,PAIRED_ENGLISH::paired_english::m57_191105_160026,PAIRED_ENGLISH,0.7709923664122137,0.27399906516075134,0.49699330125146235
main,fmiss,latent_summary_fullctx_xgboost,latent_summary_stack,xgboost,PAIRED_ENGLISH::paired_english::m57_191105_160026::SpykingCircus::4,PAIRED_ENGLISH::paired_english::m57_191105_160026,PAIRED_ENGLISH,0.5625954198473282,0.3128483295440674,0.2497470903032608
main,fmiss,latent_summary_fullctx_xgboost,latent_summary_stack,xgboost,PAIRED_ENGLISH::paired_english::m57_191105_160026::Tridesclous::0,PAIRED_ENGLISH::paired_english::m57_191105_160026,PAIRED_ENGLISH,0.7061068702290076,0.05735323950648308,0.6487536307225246
main,fmiss,latent_summary_fullctx_xgboost,latent_summary_stack,xgboost,PAIRED_KAMPFF::paired_kampff::c14::HerdingSpikes2::6,PAIRED_KAMPFF::paired_kampff::c14,PAIRED_KAMPFF,0.35151068533529845,0.3491627871990204,0.0023478981362780593
main,fmiss,latent_summary_fullctx_xgboost,latent_summary_stack,xgboost,PAIRED_KAMPFF::paired_kampff::c14::IronClust::22,PAIRED_KAMPFF::paired_kampff::c14,PAIRED_KAMPFF,0.25036845983787764,0.31500646471977234,0.0646380048818947
main,fmiss,latent_summary_fullctx_xgboost,latent_summary_stack,xgboost,PAIRED_KAMPFF::paired_kampff::c14::KiloSort2::37,PAIRED_KAMPFF::paired_kampff::c14,PAIRED_KAMPFF,0.14296241709653648,0.27379781007766724,0.13083539298113075
main,fmiss,latent_summary_fullctx_xgboost,latent_summary_stack,xgboost,PAIRED_KAMPFF::paired_kampff::c14::MountainSort4::42,PAIRED_KAMPFF::paired_kampff::c14,PAIRED_KAMPFF,0.32221812822402357,0.38255834579467773,0.060340217570654164
main,fmiss,latent_summary_fullctx_xgboost,latent_summary_stack,xgboost,PAIRED_KAMPFF::paired_kampff::c14::SpykingCircus::14,PAIRED_KAMPFF::paired_kampff::c14,PAIRED_KAMPFF,0.21868091378039795,0.29820406436920166,0.07952315058880371
main,fmiss,latent_summary_fullctx_xgboost,latent_summary_stack,xgboost,PAIRED_KAMPFF::paired_kampff::c14::Tridesclous::8,PAIRED_KAMPFF::paired_kampff::c14,PAIRED_KAMPFF,0.20910095799557848,0.07521351426839828,0.1338874437271802
main,fmiss,latent_summary_fullctx_xgboost,latent_summary_stack,xgboost,PAIRED_MEA64C_YGER::paired_mea64c::20170622_patch1::HerdingSpikes2::19,PAIRED_MEA64C_YGER::paired_mea64c::20170622_patch1,PAIRED_MEA64C_YGER,0.8533362695441533,0.6985549926757812,0.15478127686837206
main,fmiss,latent_summary_fullctx_xgboost,latent_summary_stack,xgboost,PAIRED_MEA64C_YGER::paired_mea64c::20170622_patch1::HerdingSpikes2::7,PAIRED_MEA64C_YGER::paired_mea64c::20170622_patch1,PAIRED_MEA64C_YGER,0.18343977097555605,0.06650446355342865,0.1169353074221274
main,fmiss,latent_summary_fullctx_xgboost,latent_summary_stack,xgboost,PAIRED_MEA64C_YGER::paired_mea64c::20170622_patch1::IronClust::8,PAIRED_MEA64C_YGER::paired_mea64c::20170622_patch1,PAIRED_MEA64C_YGER,0.027747192248403437,0.018995152786374092,0.008752039462029345
main,fmiss,latent_summary_fullctx_xgboost,latent_summary_stack,xgboost,PAIRED_MEA64C_YGER::paired_mea64c::20170622_patch1::KiloSort2::23,PAIRED_MEA64C_YGER::paired_mea64c::20170622_patch1,PAIRED_MEA64C_YGER,0.0008808632459810614,0.07578872889280319,0.07490786564682213
main,fmiss,latent_summary_fullctx_xgboost,latent_summary_stack,xgboost,PAIRED_MEA64C_YGER::paired_mea64c::20170622_patch1::KiloSort::64,PAIRED_MEA64C_YGER::paired_mea64c::20170622_patch1,PAIRED_MEA64C_YGER,0.03457388240475666,0.05350036546587944,0.01892648306112278
main,fmiss,latent_summary_fullctx_xgboost,latent_summary_stack,xgboost,PAIRED_MEA64C_YGER::paired_mea64c::20170622_patch1::Klusta::4,PAIRED_MEA64C_YGER::paired_mea64c::20170622_patch1,PAIRED_MEA64C_YGER,0.17441092270425015,0.06738848239183426,0.1070224403124159
main,fmiss,latent_summary_fullctx_xgboost,latent_summary_stack,xgboost,PAIRED_MEA64C_YGER::paired_mea64c::20170622_patch1::MountainSort4::43,PAIRED_MEA64C_YGER::paired_mea64c::20170622_patch1,PAIRED_MEA64C_YGER,0.02510460251046025,0.05353309214115143,0.028428489630691178
main,fmiss,latent_summary_fullctx_xgboost,latent_summary_stack,xgboost,PAIRED_MEA64C_YGER::paired_mea64c::20170622_patch1::SpykingCircus::18,PAIRED_MEA64C_YGER::paired_mea64c::20170622_patch1,PAIRED_MEA64C_YGER,0.0028628055494384495,0.05492837727069855,0.0520655717212601
main,fmiss,latent_summary_fullctx_xgboost,latent_summary_stack,xgboost,PAIRED_MEA64C_YGER::paired_mea64c::20170622_patch1::Tridesclous::12,PAIRED_MEA64C_YGER::paired_mea64c::20170622_patch1,PAIRED_MEA64C_YGER,0.026425897379431844,0.06431838870048523,0.037892491321053386
main,fmiss,latent_summary_fullctx_xgboost,latent_summary_stack,xgboost,PAIRED_MEA64C_YGER::paired_mea64c::20170622_patch2::HerdingSpikes2::16,PAIRED_MEA64C_YGER::paired_mea64c::20170622_patch2,PAIRED_MEA64C_YGER,0.6606015595989603,0.29751837253570557,0.3630831870632547
main,fmiss,latent_summary_fullctx_xgboost,latent_summary_stack,xgboost,PAIRED_MEA64C_YGER::paired_mea64c::20170622_patch2::HerdingSpikes2::44,PAIRED_MEA64C_YGER::paired_mea64c::20170622_patch2,PAIRED_MEA64C_YGER,0.8756034162643892,0.34111618995666504,0.5344872263077242
main,fmiss,latent_summary_fullctx_xgboost,latent_summary_stack,xgboost,PAIRED_MEA64C_YGER::paired_mea64c::20170622_patch2::HerdingSpikes2::5,PAIRED_MEA64C_YGER::paired_mea64c::20170622_patch2,PAIRED_MEA64C_YGER,0.008169327887114742,0.009516142308712006,0.001346814421597264
main,fmiss,latent_summary_fullctx_xgboost,latent_summary_stack,xgboost,PAIRED_MEA64C_YGER::paired_mea64c::20170622_patch2::IronClust::11,PAIRED_MEA64C_YGER::paired_mea64c::20170622_patch2,PAIRED_MEA64C_YGER,0.0003713330857779428,0.007732084020972252,0.007360750935194309
main,fmiss,latent_summary_fullctx_xgboost,latent_summary_stack,xgboost,PAIRED_MEA64C_YGER::paired_mea64c::20170622_patch2::JRClust::31,PAIRED_MEA64C_YGER::paired_mea64c::20170622_patch2,PAIRED_MEA64C_YGER,0.0029706646862235424,0.005835546646267176,0.0028648819600436332
main,fmiss,latent_summary_fullctx_xgboost,latent_summary_stack,xgboost,PAIRED_MEA64C_YGER::paired_mea64c::20170622_patch2::KiloSort2::33,PAIRED_MEA64C_YGER::paired_mea64c::20170622_patch2,PAIRED_MEA64C_YGER,0.0011139992573338284,0.009730474092066288,0.00861647483473246
main,fmiss,latent_summary_fullctx_xgboost,latent_summary_stack,xgboost,PAIRED_MEA64C_YGER::paired_mea64c::20170622_patch2::KiloSort::5,PAIRED_MEA64C_YGER::paired_mea64c::20170622_patch2,PAIRED_MEA64C_YGER,0.0014853323431117712,0.005521731451153755,0.004036399108041984
main,fmiss,latent_summary_fullctx_xgboost,latent_summary_stack,xgboost,PAIRED_MEA64C_YGER::paired_mea64c::20170622_patch2::Klusta::14,PAIRED_MEA64C_YGER::paired_mea64c::20170622_patch2,PAIRED_MEA64C_YGER,0.15893056071295952,0.016008516773581505,0.14292204393937802
main,fmiss,latent_summary_fullctx_xgboost,latent_summary_stack,xgboost,PAIRED_MEA64C_YGER::paired_mea64c::20170622_patch2::MountainSort4::31,PAIRED_MEA64C_YGER::paired_mea64c::20170622_patch2,PAIRED_MEA64C_YGER,0.0003713330857779428,0.009436659514904022,0.009065326429126079
main,fmiss,latent_summary_fullctx_xgboost,latent_summary_stack,xgboost,PAIRED_MEA64C_YGER::paired_mea64c::20170622_patch2::SpykingCircus::17,PAIRED_MEA64C_YGER::paired_mea64c::20170622_patch2,PAIRED_MEA64C_YGER,0.0003713330857779428,0.009833179414272308,0.009461846328494365
main,fmiss,latent_summary_fullctx_xgboost,latent_summary_stack,xgboost,PAIRED_MEA64C_YGER::paired_mea64c::20170622_patch2::Tridesclous::0,PAIRED_MEA64C_YGER::paired_mea64c::20170622_patch2,PAIRED_MEA64C_YGER,0.0003713330857779428,0.01054713036864996,0.010175797282872016
main,fmiss,source_overlap_fullctx_lightgbm_target_filtered,source_overlap_stack_target_filtered,lightgbm,PAIRED_BOYDEN::paired_boyden32c::1103_1_1::IronClust::4,PAIRED_BOYDEN::paired_boyden32c::1103_1_1,PAIRED_BOYDEN,0.1661807580174927,0.19804838299751282,0.031867624980020104
main,fmiss,source_overlap_fullctx_lightgbm_target_filtered,source_overlap_stack_target_filtered,lightgbm,PAIRED_BOYDEN::paired_boyden32c::1103_1_1::JRClust::18,PAIRED_BOYDEN::paired_boyden32c::1103_1_1,PAIRED_BOYDEN,0.08551992225461613,0.16215398907661438,0.07663406682199825
main,fmiss,source_overlap_fullctx_lightgbm_target_filtered,source_overlap_stack_target_filtered,lightgbm,PAIRED_BOYDEN::paired_boyden32c::1103_1_1::KiloSort2::33,PAIRED_BOYDEN::paired_boyden32c::1103_1_1,PAIRED_BOYDEN,0.42857142857142855,0.24622505903244019,0.18234636953898836
main,fmiss,source_overlap_fullctx_lightgbm_target_filtered,source_overlap_stack_target_filtered,lightgbm,PAIRED_BOYDEN::paired_boyden32c::1103_1_1::KiloSort2::55,PAIRED_BOYDEN::paired_boyden32c::1103_1_1,PAIRED_BOYDEN,0.8328474246841594,0.5516235828399658,0.2812238418441936
main,fmiss,source_overlap_fullctx_lightgbm_target_filtered,source_overlap_stack_target_filtered,lightgbm,PAIRED_BOYDEN::paired_boyden32c::1103_1_1::KiloSort2::60,PAIRED_BOYDEN::paired_boyden32c::1103_1_1,PAIRED_BOYDEN,0.7580174927113703,0.43551263213157654,0.3225048605797938
main,fmiss,source_overlap_fullctx_lightgbm_target_filtered,source_overlap_stack_target_filtered,lightgbm,PAIRED_BOYDEN::paired_boyden32c::1103_1_1::KiloSort::111,PAIRED_BOYDEN::paired_boyden32c::1103_1_1,PAIRED_BOYDEN,0.04081632653061224,0.15216191112995148,0.11134558459933924
main,fmiss,source_overlap_fullctx_lightgbm_target_filtered,source_overlap_stack_target_filtered,lightgbm,PAIRED_BOYDEN::paired_boyden32c::1103_1_1::Klusta::12,PAIRED_BOYDEN::paired_boyden32c::1103_1_1,PAIRED_BOYDEN,0.17881438289601556,0.14813955128192902,0.030674831614086545
main,fmiss,source_overlap_fullctx_lightgbm_target_filtered,source_overlap_stack_target_filtered,lightgbm,PAIRED_BOYDEN::paired_boyden32c::1103_1_1::MountainSort4::26,PAIRED_BOYDEN::paired_boyden32c::1103_1_1,PAIRED_BOYDEN,0.03595724003887269,0.12077639997005463,0.08481915993118194
main,fmiss,source_overlap_fullctx_lightgbm_target_filtered,source_overlap_stack_target_filtered,lightgbm,PAIRED_BOYDEN::paired_boyden32c::1103_1_1::SpykingCircus::27,PAIRED_BOYDEN::paired_boyden32c::1103_1_1,PAIRED_BOYDEN,0.07482993197278912,0.23114441335201263,0.15631448137922352
main,fmiss,source_overlap_fullctx_lightgbm_target_filtered,source_overlap_stack_target_filtered,lightgbm,PAIRED_BOYDEN::paired_boyden32c::1103_1_1::Tridesclous::3,PAIRED_BOYDEN::paired_boyden32c::1103_1_1,PAIRED_BOYDEN,0.11273080660835763,0.09089245647192001,0.021838350136437618
main,fmiss,source_overlap_fullctx_lightgbm_target_filtered,source_overlap_stack_target_filtered,lightgbm,PAIRED_BOYDEN::paired_boyden32c::419_1_8::IronClust::14,PAIRED_BOYDEN::paired_boyden32c::419_1_8,PAIRED_BOYDEN,0.1489691520694466,0.09861700981855392,0.050352142250892684
main,fmiss,source_overlap_fullctx_lightgbm_target_filtered,source_overlap_stack_target_filtered,lightgbm,PAIRED_BOYDEN::paired_boyden32c::419_1_8::IronClust::4,PAIRED_BOYDEN::paired_boyden32c::419_1_8,PAIRED_BOYDEN,0.3614943419624864,0.12118851393461227,0.24030582802787415
main,fmiss,source_overlap_fullctx_lightgbm_target_filtered,source_overlap_stack_target_filtered,lightgbm,PAIRED_BOYDEN::paired_boyden32c::419_1_8::JRClust::24,PAIRED_BOYDEN::paired_boyden32c::419_1_8,PAIRED_BOYDEN,0.14617888699426446,0.11837626248598099,0.02780262450828347
main,fmiss,source_overlap_fullctx_lightgbm_target_filtered,source_overlap_stack_target_filtered,lightgbm,PAIRED_BOYDEN::paired_boyden32c::419_1_8::JRClust::8,PAIRED_BOYDEN::paired_boyden32c::419_1_8,PAIRED_BOYDEN,0.7484110990544102,0.4574701488018036,0.2909409502526066
main,fmiss,source_overlap_fullctx_lightgbm_target_filtered,source_overlap_stack_target_filtered,lightgbm,PAIRED_BOYDEN::paired_boyden32c::419_1_8::KiloSort2::27,PAIRED_BOYDEN::paired_boyden32c::419_1_8,PAIRED_BOYDEN,0.06696636180437142,0.10987823456525803,0.04291187276088661
main,fmiss,source_overlap_fullctx_lightgbm_target_filtered,source_overlap_stack_target_filtered,lightgbm,PAIRED_BOYDEN::paired_boyden32c::419_1_8::KiloSort2::46,PAIRED_BOYDEN::paired_boyden32c::419_1_8,PAIRED_BOYDEN,0.11424585335606882,0.12236551195383072,0.008119658597761897
main,fmiss,source_overlap_fullctx_lightgbm_target_filtered,source_overlap_stack_target_filtered,lightgbm,PAIRED_BOYDEN::paired_boyden32c::419_1_8::KiloSort::17,PAIRED_BOYDEN::paired_boyden32c::419_1_8,PAIRED_BOYDEN,0.13067741435436367,0.09636146575212479,0.03431594860223888
main,fmiss,source_overlap_fullctx_lightgbm_target_filtered,source_overlap_stack_target_filtered,lightgbm,PAIRED_BOYDEN::paired_boyden32c::419_1_8::MountainSort4::42,PAIRED_BOYDEN::paired_boyden32c::419_1_8,PAIRED_BOYDEN,0.12261664858161525,0.07425086945295334,0.04836577912866191
main,fmiss,source_overlap_fullctx_lightgbm_target_filtered,source_overlap_stack_target_filtered,lightgbm,PAIRED_BOYDEN::paired_boyden32c::419_1_8::SpykingCircus::24,PAIRED_BOYDEN::paired_boyden32c::419_1_8,PAIRED_BOYDEN,0.8012711207564719,0.5001513957977295,0.3011197249587424
main,fmiss,source_overlap_fullctx_lightgbm_target_filtered,source_overlap_stack_target_filtered,lightgbm,PAIRED_BOYDEN::paired_boyden32c::419_1_8::SpykingCircus::28,PAIRED_BOYDEN::paired_boyden32c::419_1_8,PAIRED_BOYDEN,0.12416679584560533,0.10259497165679932,0.021571824188806016
main,fmiss,source_overlap_fullctx_lightgbm_target_filtered,source_overlap_stack_target_filtered,lightgbm,PAIRED_BOYDEN::paired_boyden32c::419_1_8::Tridesclous::0,PAIRED_BOYDEN::paired_boyden32c::419_1_8,PAIRED_BOYDEN,0.14447372500387537,0.03361177816987038,0.11086194683400499
main,fmiss,source_overlap_fullctx_lightgbm_target_filtered,source_overlap_stack_target_filtered,lightgbm,PAIRED_CRCNS_HC1::paired_crcns::d11221_d11221.001::SpykingCircus::6,PAIRED_CRCNS_HC1::paired_crcns::d11221_d11221.001,PAIRED_CRCNS_HC1,0.2845528455284553,0.5895293951034546,0.3049765495749993
main,fmiss,source_overlap_fullctx_lightgbm_target_filtered,source_overlap_stack_target_filtered,lightgbm,PAIRED_CRCNS_HC1::paired_crcns::d11222_d11222.002::IronClust::2,PAIRED_CRCNS_HC1::paired_crcns::d11222_d11222.002,PAIRED_CRCNS_HC1,0.017310252996005325,0.10083848983049393,0.0835282368344886
main,fmiss,source_overlap_fullctx_lightgbm_target_filtered,source_overlap_stack_target_filtered,lightgbm,PAIRED_CRCNS_HC1::paired_crcns::d11222_d11222.002::JRClust::3,PAIRED_CRCNS_HC1::paired_crcns::d11222_d11222.002,PAIRED_CRCNS_HC1,0.07323568575233022,0.14268390834331512,0.0694482225909849
main,fmiss,source_overlap_fullctx_lightgbm_target_filtered,source_overlap_stack_target_filtered,lightgbm,PAIRED_CRCNS_HC1::paired_crcns::d11222_d11222.002::KiloSort2::10,PAIRED_CRCNS_HC1::paired_crcns::d11222_d11222.002,PAIRED_CRCNS_HC1,0.5339547270306259,0.07057925313711166,0.4633754738935142
main,fmiss,source_overlap_fullctx_lightgbm_target_filtered,source_overlap_stack_target_filtered,lightgbm,PAIRED_CRCNS_HC1::paired_crcns::d11222_d11222.002::KiloSort::1,PAIRED_CRCNS_HC1::paired_crcns::d11222_d11222.002,PAIRED_CRCNS_HC1,0.03595206391478029,0.09837055951356888,0.062418495598788586
main,fmiss,source_overlap_fullctx_lightgbm_target_filtered,source_overlap_stack_target_filtered,lightgbm,PAIRED_CRCNS_HC1::paired_crcns::d11222_d11222.002::Klusta::2,PAIRED_CRCNS_HC1::paired_crcns::d11222_d11222.002,PAIRED_CRCNS_HC1,0.022636484687083888,0.10583000630140305,0.08319352161431916
main,fmiss,source_overlap_fullctx_lightgbm_target_filtered,source_overlap_stack_target_filtered,lightgbm,PAIRED_CRCNS_HC1::paired_crcns::d11222_d11222.002::MountainSort4::4,PAIRED_CRCNS_HC1::paired_crcns::d11222_d11222.002,PAIRED_CRCNS_HC1,0.20372836218375498,0.07594950497150421,0.12777885721225077
main,fmiss,source_overlap_fullctx_lightgbm_target_filtered,source_overlap_stack_target_filtered,lightgbm,PAIRED_CRCNS_HC1::paired_crcns::d11222_d11222.002::SpykingCircus::4,PAIRED_CRCNS_HC1::paired_crcns::d11222_d11222.002,PAIRED_CRCNS_HC1,0.1151797603195739,0.14898836612701416,0.03380860580744026
main,fmiss,source_overlap_fullctx_lightgbm_target_filtered,source_overlap_stack_target_filtered,lightgbm,PAIRED_CRCNS_HC1::paired_crcns::d11222_d11222.002::Tridesclous::0,PAIRED_CRCNS_HC1::paired_crcns::d11222_d11222.002,PAIRED_CRCNS_HC1,0.014647137150466045,0.0965152457356453,0.08186810858517925
main,fmiss,source_overlap_fullctx_lightgbm_target_filtered,source_overlap_stack_target_filtered,lightgbm,PAIRED_ENGLISH::paired_english::m139_200114_191955::KiloSort2::25,PAIRED_ENGLISH::paired_english::m139_200114_191955,PAIRED_ENGLISH,0.8107276747092185,0.385066956281662,0.4256607184275565
main,fmiss,source_overlap_fullctx_lightgbm_target_filtered,source_overlap_stack_target_filtered,lightgbm,PAIRED_ENGLISH::paired_english::m139_200114_191955::MountainSort4::36,PAIRED_ENGLISH::paired_english::m139_200114_191955,PAIRED_ENGLISH,0.6701912909737576,0.3704426884651184,0.2997486025086392
main,fmiss,source_overlap_fullctx_lightgbm_target_filtered,source_overlap_stack_target_filtered,lightgbm,PAIRED_ENGLISH::paired_english::m139_200114_191955::SpykingCircus::42,PAIRED_ENGLISH::paired_english::m139_200114_191955,PAIRED_ENGLISH,0.8063058733057772,0.6160520315170288,0.19025384178874838
main,fmiss,source_overlap_fullctx_lightgbm_target_filtered,source_overlap_stack_target_filtered,lightgbm,PAIRED_ENGLISH::paired_english::m139_200114_222743::HerdingSpikes2::5,PAIRED_ENGLISH::paired_english::m139_200114_222743,PAIRED_ENGLISH,0.022052337547780066,0.28274527192115784,0.26069293437337776
main,fmiss,source_overlap_fullctx_lightgbm_target_filtered,source_overlap_stack_target_filtered,lightgbm,PAIRED_ENGLISH::paired_english::m139_200114_222743::IronClust::17,PAIRED_ENGLISH::paired_english::m139_200114_222743,PAIRED_ENGLISH,0.01587768303440165,0.31381186842918396,0.29793418539478234
main,fmiss,source_overlap_fullctx_lightgbm_target_filtered,source_overlap_stack_target_filtered,lightgbm,PAIRED_ENGLISH::paired_english::m139_200114_222743::KiloSort2::26,PAIRED_ENGLISH::paired_english::m139_200114_222743,PAIRED_ENGLISH,0.002940311673037342,0.4142933189868927,0.4113530073138554
main,fmiss,source_overlap_fullctx_lightgbm_target_filtered,source_overlap_stack_target_filtered,lightgbm,PAIRED_ENGLISH::paired_english::m139_200114_222743::KiloSort::88,PAIRED_ENGLISH::paired_english::m139_200114_222743,PAIRED_ENGLISH,0.006174654513378418,0.25417396426200867,0.24799930974863024
main,fmiss,source_overlap_fullctx_lightgbm_target_filtered,source_overlap_stack_target_filtered,lightgbm,PAIRED_ENGLISH::paired_english::m139_200114_222743::MountainSort4::46,PAIRED_ENGLISH::paired_english::m139_200114_222743,PAIRED_ENGLISH,0.00911496618641576,0.3632963001728058,0.35418133398639
main,fmiss,source_overlap_fullctx_lightgbm_target_filtered,source_overlap_stack_target_filtered,lightgbm,PAIRED_ENGLISH::paired_english::m139_200114_222743::SpykingCircus::44,PAIRED_ENGLISH::paired_english::m139_200114_222743,PAIRED_ENGLISH,0.0020582181711261394,0.2979840636253357,0.2959258454542096
main,fmiss,source_overlap_fullctx_lightgbm_target_filtered,source_overlap_stack_target_filtered,lightgbm,PAIRED_ENGLISH::paired_english::m139_200114_222743::Tridesclous::1,PAIRED_ENGLISH::paired_english::m139_200114_222743,PAIRED_ENGLISH,0.004998529844163481,0.2897718548774719,0.28477332503330843
main,fmiss,source_overlap_fullctx_lightgbm_target_filtered,source_overlap_stack_target_filtered,lightgbm,PAIRED_ENGLISH::paired_english::m14_190326_155432::IronClust::22,PAIRED_ENGLISH::paired_english::m14_190326_155432,PAIRED_ENGLISH,0.13721413721413722,0.3280908167362213,0.1908766795220841
main,fmiss,source_overlap_fullctx_lightgbm_target_filtered,source_overlap_stack_target_filtered,lightgbm,PAIRED_ENGLISH::paired_english::m14_190326_155432::MountainSort4::33,PAIRED_ENGLISH::paired_english::m14_190326_155432,PAIRED_ENGLISH,0.09147609147609148,0.23131507635116577,0.1398389848750743
main,fmiss,source_overlap_fullctx_lightgbm_target_filtered,source_overlap_stack_target_filtered,lightgbm,PAIRED_ENGLISH::paired_english::m14_190326_155432::SpykingCircus::38,PAIRED_ENGLISH::paired_english::m14_190326_155432,PAIRED_ENGLISH,0.079002079002079,0.5128423571586609,0.4338402781565819
main,fmiss,source_overlap_fullctx_lightgbm_target_filtered,source_overlap_stack_target_filtered,lightgbm,PAIRED_ENGLISH::paired_english::m15_190315_142052_cell1::IronClust::40,PAIRED_ENGLISH::paired_english::m15_190315_142052_cell1,PAIRED_ENGLISH,0.24027594305005137,0.19739758968353271,0.04287835336651866
main,fmiss,source_overlap_fullctx_lightgbm_target_filtered,source_overlap_stack_target_filtered,lightgbm,PAIRED_ENGLISH::paired_english::m15_190315_142052_cell1::KiloSort2::48,PAIRED_ENGLISH::paired_english::m15_190315_142052_cell1,PAIRED_ENGLISH,0.3173345075590782,0.18611183762550354,0.13122266993357468
main,fmiss,source_overlap_fullctx_lightgbm_target_filtered,source_overlap_stack_target_filtered,lightgbm,PAIRED_ENGLISH::paired_english::m15_190315_142052_cell1::MountainSort4::62,PAIRED_ENGLISH::paired_english::m15_190315_142052_cell1,PAIRED_ENGLISH,0.5289886980772054,0.281634658575058,0.2473540395021474
main,fmiss,source_overlap_fullctx_lightgbm_target_filtered,source_overlap_stack_target_filtered,lightgbm,PAIRED_ENGLISH::paired_english::m15_190315_142052_cell1::MountainSort4::64,PAIRED_ENGLISH::paired_english::m15_190315_142052_cell1,PAIRED_ENGLISH,0.6713635696462645,0.30663496255874634,0.3647286070875182
main,fmiss,source_overlap_fullctx_lightgbm_target_filtered,source_overlap_stack_target_filtered,lightgbm,PAIRED_ENGLISH::paired_english::m15_190315_142052_cell1::SpykingCircus::22,PAIRED_ENGLISH::paired_english::m15_190315_142052_cell1,PAIRED_ENGLISH,0.35975341259357113,0.35284897685050964,0.006904435743061488
main,fmiss,source_overlap_fullctx_lightgbm_target_filtered,source_overlap_stack_target_filtered,lightgbm,PAIRED_ENGLISH::paired_english::m15_190315_142052_cell1::SpykingCircus::57,PAIRED_ENGLISH::paired_english::m15_190315_142052_cell1,PAIRED_ENGLISH,0.8711287244972846,0.45511654019355774,0.4160121843037269
main,fmiss,source_overlap_fullctx_lightgbm_target_filtered,source_overlap_stack_target_filtered,lightgbm,PAIRED_ENGLISH::paired_english::m15_190315_152315_cell1::IronClust::35,PAIRED_ENGLISH::paired_english::m15_190315_152315_cell1,PAIRED_ENGLISH,0.04922936853742602,0.14708220958709717,0.09785284104967115
main,fmiss,source_overlap_fullctx_lightgbm_target_filtered,source_overlap_stack_target_filtered,lightgbm,PAIRED_ENGLISH::paired_english::m15_190315_152315_cell1::KiloSort2::37,PAIRED_ENGLISH::paired_english::m15_190315_152315_cell1,PAIRED_ENGLISH,0.0014307082005592768,0.1495770514011383,0.14814634320057904
main,fmiss,source_overlap_fullctx_lightgbm_target_filtered,source_overlap_stack_target_filtered,lightgbm,PAIRED_ENGLISH::paired_english::m15_190315_152315_cell1::KiloSort::1,PAIRED_ENGLISH::paired_english::m15_190315_152315_cell1,PAIRED_ENGLISH,0.003901931456070755,0.15888027846813202,0.15497834701206126
main,fmiss,source_overlap_fullctx_lightgbm_target_filtered,source_overlap_stack_target_filtered,lightgbm,PAIRED_ENGLISH::paired_english::m15_190315_152315_cell1::MountainSort4::72,PAIRED_ENGLISH::paired_english::m15_190315_152315_cell1,PAIRED_ENGLISH,0.03479222214996423,0.23981058597564697,0.20501836382568273
main,fmiss,source_overlap_fullctx_lightgbm_target_filtered,source_overlap_stack_target_filtered,lightgbm,PAIRED_ENGLISH::paired_english::m15_190315_152315_cell1::SpykingCircus::46,PAIRED_ENGLISH::paired_english::m15_190315_152315_cell1,PAIRED_ENGLISH,0.0018859335371008649,0.1523963212966919,0.15051038775959102
main,fmiss,source_overlap_fullctx_lightgbm_target_filtered,source_overlap_stack_target_filtered,lightgbm,PAIRED_ENGLISH::paired_english::m15_190315_152315_cell1::Tridesclous::0,PAIRED_ENGLISH::paired_english::m15_190315_152315_cell1,PAIRED_ENGLISH,0.2026403069519412,0.07730481028556824,0.12533549666637298
main,fmiss,source_overlap_fullctx_lightgbm_target_filtered,source_overlap_stack_target_filtered,lightgbm,PAIRED_ENGLISH::paired_english::m26_190524_100859_cell1::KiloSort2::0,PAIRED_ENGLISH::paired_english::m26_190524_100859_cell1,PAIRED_ENGLISH,0.3453815261044177,0.21128517389297485,0.13409635221144284
main,fmiss,source_overlap_fullctx_lightgbm_target_filtered,source_overlap_stack_target_filtered,lightgbm,PAIRED_ENGLISH::paired_english::m26_190524_100859_cell1::KiloSort::19,PAIRED_ENGLISH::paired_english::m26_190524_100859_cell1,PAIRED_ENGLISH,0.5522088353413654,0.11694548279047012,0.4352633525508953
main,fmiss,source_overlap_fullctx_lightgbm_target_filtered,source_overlap_stack_target_filtered,lightgbm,PAIRED_ENGLISH::paired_english::m26_190524_100859_cell1::KiloSort::8,PAIRED_ENGLISH::paired_english::m26_190524_100859_cell1,PAIRED_ENGLISH,0.7610441767068273,0.09376759082078934,0.667276585886038
main,fmiss,source_overlap_fullctx_lightgbm_target_filtered,source_overlap_stack_target_filtered,lightgbm,PAIRED_ENGLISH::paired_english::m57_191105_141906::IronClust::6,PAIRED_ENGLISH::paired_english::m57_191105_141906,PAIRED_ENGLISH,0.12826603325415678,0.3439520597457886,0.2156860264916318
main,fmiss,source_overlap_fullctx_lightgbm_target_filtered,source_overlap_stack_target_filtered,lightgbm,PAIRED_ENGLISH::paired_english::m57_191105_141906::KiloSort::47,PAIRED_ENGLISH::paired_english::m57_191105_141906,PAIRED_ENGLISH,0.04829770387965162,0.18402327597141266,0.13572557209176103
main,fmiss,source_overlap_fullctx_lightgbm_target_filtered,source_overlap_stack_target_filtered,lightgbm,PAIRED_ENGLISH::paired_english::m57_191105_141906::MountainSort4::21,PAIRED_ENGLISH::paired_english::m57_191105_141906,PAIRED_ENGLISH,0.1187648456057007,0.23716817796230316,0.11840333235660246
main,fmiss,source_overlap_fullctx_lightgbm_target_filtered,source_overlap_stack_target_filtered,lightgbm,PAIRED_ENGLISH::paired_english::m57_191105_141906::MountainSort4::57,PAIRED_ENGLISH::paired_english::m57_191105_141906,PAIRED_ENGLISH,0.5399841646872525,0.6061003804206848,0.0661162157334323
main,fmiss,source_overlap_fullctx_lightgbm_target_filtered,source_overlap_stack_target_filtered,lightgbm,PAIRED_ENGLISH::paired_english::m57_191105_141906::SpykingCircus::12,PAIRED_ENGLISH::paired_english::m57_191105_141906,PAIRED_ENGLISH,0.5859065716547902,0.6898577213287354,0.10395114967394514
main,fmiss,source_overlap_fullctx_lightgbm_target_filtered,source_overlap_stack_target_filtered,lightgbm,PAIRED_ENGLISH::paired_english::m57_191105_141906::SpykingCircus::30,PAIRED_ENGLISH::paired_english::m57_191105_141906,PAIRED_ENGLISH,0.46872525732383213,0.3886861503124237,0.08003910701140843
main,fmiss,source_overlap_fullctx_lightgbm_target_filtered,source_overlap_stack_target_filtered,lightgbm,PAIRED_ENGLISH::paired_english::m57_191105_160026::HerdingSpikes2::1,PAIRED_ENGLISH::paired_english::m57_191105_160026,PAIRED_ENGLISH,0.7557251908396947,0.3702414631843567,0.385483727655338
main,fmiss,source_overlap_fullctx_lightgbm_target_filtered,source_overlap_stack_target_filtered,lightgbm,PAIRED_ENGLISH::paired_english::m57_191105_160026::IronClust::2,PAIRED_ENGLISH::paired_english::m57_191105_160026,PAIRED_ENGLISH,0.7206106870229008,0.6181362271308899,0.10247445989201087
main,fmiss,source_overlap_fullctx_lightgbm_target_filtered,source_overlap_stack_target_filtered,lightgbm,PAIRED_ENGLISH::paired_english::m57_191105_160026::IronClust::3,PAIRED_ENGLISH::paired_english::m57_191105_160026,PAIRED_ENGLISH,0.5629770992366412,0.5310159921646118,0.03196110707202937
main,fmiss,source_overlap_fullctx_lightgbm_target_filtered,source_overlap_stack_target_filtered,lightgbm,PAIRED_ENGLISH::paired_english::m57_191105_160026::KiloSort::127,PAIRED_ENGLISH::paired_english::m57_191105_160026,PAIRED_ENGLISH,0.7213740458015268,0.572643518447876,0.14873052735365078
main,fmiss,source_overlap_fullctx_lightgbm_target_filtered,source_overlap_stack_target_filtered,lightgbm,PAIRED_ENGLISH::paired_english::m57_191105_160026::KiloSort::6,PAIRED_ENGLISH::paired_english::m57_191105_160026,PAIRED_ENGLISH,0.5885496183206107,0.5659431219100952,0.022606496410515486
main,fmiss,source_overlap_fullctx_lightgbm_target_filtered,source_overlap_stack_target_filtered,lightgbm,PAIRED_ENGLISH::paired_english::m57_191105_160026::MountainSort4::23,PAIRED_ENGLISH::paired_english::m57_191105_160026,PAIRED_ENGLISH,0.8603053435114504,0.5751620531082153,0.28514329040323505
main,fmiss,source_overlap_fullctx_lightgbm_target_filtered,source_overlap_stack_target_filtered,lightgbm,PAIRED_ENGLISH::paired_english::m57_191105_160026::MountainSort4::25,PAIRED_ENGLISH::paired_english::m57_191105_160026,PAIRED_ENGLISH,0.5545801526717558,0.34700807929039,0.20757207338136574
main,fmiss,source_overlap_fullctx_lightgbm_target_filtered,source_overlap_stack_target_filtered,lightgbm,PAIRED_ENGLISH::paired_english::m57_191105_160026::SpykingCircus::2,PAIRED_ENGLISH::paired_english::m57_191105_160026,PAIRED_ENGLISH,0.7709923664122137,0.4028152525424957,0.36817711386971796
main,fmiss,source_overlap_fullctx_lightgbm_target_filtered,source_overlap_stack_target_filtered,lightgbm,PAIRED_ENGLISH::paired_english::m57_191105_160026::SpykingCircus::4,PAIRED_ENGLISH::paired_english::m57_191105_160026,PAIRED_ENGLISH,0.5625954198473282,0.6071616411209106,0.04456622127358245
main,fmiss,source_overlap_fullctx_lightgbm_target_filtered,source_overlap_stack_target_filtered,lightgbm,PAIRED_ENGLISH::paired_english::m57_191105_160026::Tridesclous::0,PAIRED_ENGLISH::paired_english::m57_191105_160026,PAIRED_ENGLISH,0.7061068702290076,0.0946408063173294,0.6114660639116782
main,fmiss,source_overlap_fullctx_lightgbm_target_filtered,source_overlap_stack_target_filtered,lightgbm,PAIRED_KAMPFF::paired_kampff::c14::HerdingSpikes2::6,PAIRED_KAMPFF::paired_kampff::c14,PAIRED_KAMPFF,0.35151068533529845,0.7369272112846375,0.385416525949339
main,fmiss,source_overlap_fullctx_lightgbm_target_filtered,source_overlap_stack_target_filtered,lightgbm,PAIRED_KAMPFF::paired_kampff::c14::IronClust::22,PAIRED_KAMPFF::paired_kampff::c14,PAIRED_KAMPFF,0.25036845983787764,0.6245760321617126,0.374207572323835
main,fmiss,source_overlap_fullctx_lightgbm_target_filtered,source_overlap_stack_target_filtered,lightgbm,PAIRED_KAMPFF::paired_kampff::c14::KiloSort2::37,PAIRED_KAMPFF::paired_kampff::c14,PAIRED_KAMPFF,0.14296241709653648,0.652206301689148,0.5092438845926115
main,fmiss,source_overlap_fullctx_lightgbm_target_filtered,source_overlap_stack_target_filtered,lightgbm,PAIRED_KAMPFF::paired_kampff::c14::MountainSort4::42,PAIRED_KAMPFF::paired_kampff::c14,PAIRED_KAMPFF,0.32221812822402357,0.5607014298439026,0.23848330161987902
main,fmiss,source_overlap_fullctx_lightgbm_target_filtered,source_overlap_stack_target_filtered,lightgbm,PAIRED_KAMPFF::paired_kampff::c14::SpykingCircus::14,PAIRED_KAMPFF::paired_kampff::c14,PAIRED_KAMPFF,0.21868091378039795,0.6759046316146851,0.4572237178342871
main,fmiss,source_overlap_fullctx_lightgbm_target_filtered,source_overlap_stack_target_filtered,lightgbm,PAIRED_KAMPFF::paired_kampff::c14::Tridesclous::8,PAIRED_KAMPFF::paired_kampff::c14,PAIRED_KAMPFF,0.20910095799557848,0.21284475922584534,0.003743801230266852
main,fmiss,source_overlap_fullctx_lightgbm_target_filtered,source_overlap_stack_target_filtered,lightgbm,PAIRED_MEA64C_YGER::paired_mea64c::20170622_patch1::HerdingSpikes2::19,PAIRED_MEA64C_YGER::paired_mea64c::20170622_patch1,PAIRED_MEA64C_YGER,0.8533362695441533,0.6431017518043518,0.2102345177398015
main,fmiss,source_overlap_fullctx_lightgbm_target_filtered,source_overlap_stack_target_filtered,lightgbm,PAIRED_MEA64C_YGER::paired_mea64c::20170622_patch1::HerdingSpikes2::7,PAIRED_MEA64C_YGER::paired_mea64c::20170622_patch1,PAIRED_MEA64C_YGER,0.18343977097555605,0.2988400459289551,0.11540027495339902
main,fmiss,source_overlap_fullctx_lightgbm_target_filtered,source_overlap_stack_target_filtered,lightgbm,PAIRED_MEA64C_YGER::paired_mea64c::20170622_patch1::IronClust::8,PAIRED_MEA64C_YGER::paired_mea64c::20170622_patch1,PAIRED_MEA64C_YGER,0.027747192248403437,0.040888238698244095,0.013141046449840658
main,fmiss,source_overlap_fullctx_lightgbm_target_filtered,source_overlap_stack_target_filtered,lightgbm,PAIRED_MEA64C_YGER::paired_mea64c::20170622_patch1::KiloSort2::23,PAIRED_MEA64C_YGER::paired_mea64c::20170622_patch1,PAIRED_MEA64C_YGER,0.0008808632459810614,0.17036184668540955,0.1694809834394285
main,fmiss,source_overlap_fullctx_lightgbm_target_filtered,source_overlap_stack_target_filtered,lightgbm,PAIRED_MEA64C_YGER::paired_mea64c::20170622_patch1::KiloSort::64,PAIRED_MEA64C_YGER::paired_mea64c::20170622_patch1,PAIRED_MEA64C_YGER,0.03457388240475666,0.16026246547698975,0.12568858307223307
main,fmiss,source_overlap_fullctx_lightgbm_target_filtered,source_overlap_stack_target_filtered,lightgbm,PAIRED_MEA64C_YGER::paired_mea64c::20170622_patch1::Klusta::4,PAIRED_MEA64C_YGER::paired_mea64c::20170622_patch1,PAIRED_MEA64C_YGER,0.17441092270425015,0.14674827456474304,0.027662648139507112
main,fmiss,source_overlap_fullctx_lightgbm_target_filtered,source_overlap_stack_target_filtered,lightgbm,PAIRED_MEA64C_YGER::paired_mea64c::20170622_patch1::MountainSort4::43,PAIRED_MEA64C_YGER::paired_mea64c::20170622_patch1,PAIRED_MEA64C_YGER,0.02510460251046025,0.09358102828264236,0.06847642577218212
main,fmiss,source_overlap_fullctx_lightgbm_target_filtered,source_overlap_stack_target_filtered,lightgbm,PAIRED_MEA64C_YGER::paired_mea64c::20170622_patch1::SpykingCircus::18,PAIRED_MEA64C_YGER::paired_mea64c::20170622_patch1,PAIRED_MEA64C_YGER,0.0028628055494384495,0.10441726446151733,0.10155445891207888
main,fmiss,source_overlap_fullctx_lightgbm_target_filtered,source_overlap_stack_target_filtered,lightgbm,PAIRED_MEA64C_YGER::paired_mea64c::20170622_patch1::Tridesclous::12,PAIRED_MEA64C_YGER::paired_mea64c::20170622_patch1,PAIRED_MEA64C_YGER,0.026425897379431844,0.09651713818311691,0.07009124080368506
main,fmiss,source_overlap_fullctx_lightgbm_target_filtered,source_overlap_stack_target_filtered,lightgbm,PAIRED_MEA64C_YGER::paired_mea64c::20170622_patch2::HerdingSpikes2::16,PAIRED_MEA64C_YGER::paired_mea64c::20170622_patch2,PAIRED_MEA64C_YGER,0.6606015595989603,0.412044495344162,0.2485570642547983
main,fmiss,source_overlap_fullctx_lightgbm_target_filtered,source_overlap_stack_target_filtered,lightgbm,PAIRED_MEA64C_YGER::paired_mea64c::20170622_patch2::HerdingSpikes2::44,PAIRED_MEA64C_YGER::paired_mea64c::20170622_patch2,PAIRED_MEA64C_YGER,0.8756034162643892,0.4331057071685791,0.4424977090958101
main,fmiss,source_overlap_fullctx_lightgbm_target_filtered,source_overlap_stack_target_filtered,lightgbm,PAIRED_MEA64C_YGER::paired_mea64c::20170622_patch2::HerdingSpikes2::5,PAIRED_MEA64C_YGER::paired_mea64c::20170622_patch2,PAIRED_MEA64C_YGER,0.008169327887114742,0.023821109905838966,0.015651782018724227
main,fmiss,source_overlap_fullctx_lightgbm_target_filtered,source_overlap_stack_target_filtered,lightgbm,PAIRED_MEA64C_YGER::paired_mea64c::20170622_patch2::IronClust::11,PAIRED_MEA64C_YGER::paired_mea64c::20170622_patch2,PAIRED_MEA64C_YGER,0.0003713330857779428,0.010789502412080765,0.010418169326302821
main,fmiss,source_overlap_fullctx_lightgbm_target_filtered,source_overlap_stack_target_filtered,lightgbm,PAIRED_MEA64C_YGER::paired_mea64c::20170622_patch2::JRClust::31,PAIRED_MEA64C_YGER::paired_mea64c::20170622_patch2,PAIRED_MEA64C_YGER,0.0029706646862235424,0.01633414253592491,0.013363477849701369
main,fmiss,source_overlap_fullctx_lightgbm_target_filtered,source_overlap_stack_target_filtered,lightgbm,PAIRED_MEA64C_YGER::paired_mea64c::20170622_patch2::KiloSort2::33,PAIRED_MEA64C_YGER::paired_mea64c::20170622_patch2,PAIRED_MEA64C_YGER,0.0011139992573338284,0.01442031841725111,0.013306319159917281
main,fmiss,source_overlap_fullctx_lightgbm_target_filtered,source_overlap_stack_target_filtered,lightgbm,PAIRED_MEA64C_YGER::paired_mea64c::20170622_patch2::KiloSort::5,PAIRED_MEA64C_YGER::paired_mea64c::20170622_patch2,PAIRED_MEA64C_YGER,0.0014853323431117712,0.008857174776494503,0.007371842433382732
main,fmiss,source_overlap_fullctx_lightgbm_target_filtered,source_overlap_stack_target_filtered,lightgbm,PAIRED_MEA64C_YGER::paired_mea64c::20170622_patch2::Klusta::14,PAIRED_MEA64C_YGER::paired_mea64c::20170622_patch2,PAIRED_MEA64C_YGER,0.15893056071295952,0.021440686658024788,0.13748987405493474
main,fmiss,source_overlap_fullctx_lightgbm_target_filtered,source_overlap_stack_target_filtered,lightgbm,PAIRED_MEA64C_YGER::paired_mea64c::20170622_patch2::MountainSort4::31,PAIRED_MEA64C_YGER::paired_mea64c::20170622_patch2,PAIRED_MEA64C_YGER,0.0003713330857779428,0.004235893487930298,0.003864560402152355
main,fmiss,source_overlap_fullctx_lightgbm_target_filtered,source_overlap_stack_target_filtered,lightgbm,PAIRED_MEA64C_YGER::paired_mea64c::20170622_patch2::SpykingCircus::17,PAIRED_MEA64C_YGER::paired_mea64c::20170622_patch2,PAIRED_MEA64C_YGER,0.0003713330857779428,0.015488843433558941,0.015117510347780997
main,fmiss,source_overlap_fullctx_lightgbm_target_filtered,source_overlap_stack_target_filtered,lightgbm,PAIRED_MEA64C_YGER::paired_mea64c::20170622_patch2::Tridesclous::0,PAIRED_MEA64C_YGER::paired_mea64c::20170622_patch2,PAIRED_MEA64C_YGER,0.0003713330857779428,0.015681162476539612,0.015309829390761668
main,fmiss,source_overlap_plus_reduced_latent_fullctx_xgboost,reduced_latent_overlap_stack,xgboost,PAIRED_BOYDEN::paired_boyden32c::1103_1_1::IronClust::4,PAIRED_BOYDEN::paired_boyden32c::1103_1_1,PAIRED_BOYDEN,0.1661807580174927,0.1490064561367035,0.017174301880789222
main,fmiss,source_overlap_plus_reduced_latent_fullctx_xgboost,reduced_latent_overlap_stack,xgboost,PAIRED_BOYDEN::paired_boyden32c::1103_1_1::JRClust::18,PAIRED_BOYDEN::paired_boyden32c::1103_1_1,PAIRED_BOYDEN,0.08551992225461613,0.2437945306301117,0.15827460837549556
main,fmiss,source_overlap_plus_reduced_latent_fullctx_xgboost,reduced_latent_overlap_stack,xgboost,PAIRED_BOYDEN::paired_boyden32c::1103_1_1::KiloSort2::33,PAIRED_BOYDEN::paired_boyden32c::1103_1_1,PAIRED_BOYDEN,0.42857142857142855,0.43602898716926575,0.007457558597837199
main,fmiss,source_overlap_plus_reduced_latent_fullctx_xgboost,reduced_latent_overlap_stack,xgboost,PAIRED_BOYDEN::paired_boyden32c::1103_1_1::KiloSort2::55,PAIRED_BOYDEN::paired_boyden32c::1103_1_1,PAIRED_BOYDEN,0.8328474246841594,0.4617815315723419,0.3710658931118175
main,fmiss,source_overlap_plus_reduced_latent_fullctx_xgboost,reduced_latent_overlap_stack,xgboost,PAIRED_BOYDEN::paired_boyden32c::1103_1_1::KiloSort2::60,PAIRED_BOYDEN::paired_boyden32c::1103_1_1,PAIRED_BOYDEN,0.7580174927113703,0.23953533172607422,0.5184821609852961
main,fmiss,source_overlap_plus_reduced_latent_fullctx_xgboost,reduced_latent_overlap_stack,xgboost,PAIRED_BOYDEN::paired_boyden32c::1103_1_1::KiloSort::111,PAIRED_BOYDEN::paired_boyden32c::1103_1_1,PAIRED_BOYDEN,0.04081632653061224,0.3372064530849457,0.29639012655433344
main,fmiss,source_overlap_plus_reduced_latent_fullctx_xgboost,reduced_latent_overlap_stack,xgboost,PAIRED_BOYDEN::paired_boyden32c::1103_1_1::Klusta::12,PAIRED_BOYDEN::paired_boyden32c::1103_1_1,PAIRED_BOYDEN,0.17881438289601556,0.2578366994857788,0.07902231658976325
main,fmiss,source_overlap_plus_reduced_latent_fullctx_xgboost,reduced_latent_overlap_stack,xgboost,PAIRED_BOYDEN::paired_boyden32c::1103_1_1::MountainSort4::26,PAIRED_BOYDEN::paired_boyden32c::1103_1_1,PAIRED_BOYDEN,0.03595724003887269,0.2769473195075989,0.2409900794687262
main,fmiss,source_overlap_plus_reduced_latent_fullctx_xgboost,reduced_latent_overlap_stack,xgboost,PAIRED_BOYDEN::paired_boyden32c::1103_1_1::SpykingCircus::27,PAIRED_BOYDEN::paired_boyden32c::1103_1_1,PAIRED_BOYDEN,0.07482993197278912,0.35592252016067505,0.28109258818788596
main,fmiss,source_overlap_plus_reduced_latent_fullctx_xgboost,reduced_latent_overlap_stack,xgboost,PAIRED_BOYDEN::paired_boyden32c::1103_1_1::Tridesclous::3,PAIRED_BOYDEN::paired_boyden32c::1103_1_1,PAIRED_BOYDEN,0.11273080660835763,0.21187038719654083,0.0991395805881832
main,fmiss,source_overlap_plus_reduced_latent_fullctx_xgboost,reduced_latent_overlap_stack,xgboost,PAIRED_BOYDEN::paired_boyden32c::419_1_8::IronClust::14,PAIRED_BOYDEN::paired_boyden32c::419_1_8,PAIRED_BOYDEN,0.1489691520694466,0.08856992423534393,0.060399227834102676
main,fmiss,source_overlap_plus_reduced_latent_fullctx_xgboost,reduced_latent_overlap_stack,xgboost,PAIRED_BOYDEN::paired_boyden32c::419_1_8::IronClust::4,PAIRED_BOYDEN::paired_boyden32c::419_1_8,PAIRED_BOYDEN,0.3614943419624864,0.1355879306793213,0.22590641128316513
main,fmiss,source_overlap_plus_reduced_latent_fullctx_xgboost,reduced_latent_overlap_stack,xgboost,PAIRED_BOYDEN::paired_boyden32c::419_1_8::JRClust::24,PAIRED_BOYDEN::paired_boyden32c::419_1_8,PAIRED_BOYDEN,0.14617888699426446,0.08151286840438843,0.06466601858987603
main,fmiss,source_overlap_plus_reduced_latent_fullctx_xgboost,reduced_latent_overlap_stack,xgboost,PAIRED_BOYDEN::paired_boyden32c::419_1_8::JRClust::8,PAIRED_BOYDEN::paired_boyden32c::419_1_8,PAIRED_BOYDEN,0.7484110990544102,0.44016969203948975,0.3082414070149204
main,fmiss,source_overlap_plus_reduced_latent_fullctx_xgboost,reduced_latent_overlap_stack,xgboost,PAIRED_BOYDEN::paired_boyden32c::419_1_8::KiloSort2::27,PAIRED_BOYDEN::paired_boyden32c::419_1_8,PAIRED_BOYDEN,0.06696636180437142,0.0665576159954071,0.00040874580896431423
main,fmiss,source_overlap_plus_reduced_latent_fullctx_xgboost,reduced_latent_overlap_stack,xgboost,PAIRED_BOYDEN::paired_boyden32c::419_1_8::KiloSort2::46,PAIRED_BOYDEN::paired_boyden32c::419_1_8,PAIRED_BOYDEN,0.11424585335606882,0.09984593093395233,0.01439992242211649
main,fmiss,source_overlap_plus_reduced_latent_fullctx_xgboost,reduced_latent_overlap_stack,xgboost,PAIRED_BOYDEN::paired_boyden32c::419_1_8::KiloSort::17,PAIRED_BOYDEN::paired_boyden32c::419_1_8,PAIRED_BOYDEN,0.13067741435436367,0.09302050620317459,0.03765690815118908
main,fmiss,source_overlap_plus_reduced_latent_fullctx_xgboost,reduced_latent_overlap_stack,xgboost,PAIRED_BOYDEN::paired_boyden32c::419_1_8::MountainSort4::42,PAIRED_BOYDEN::paired_boyden32c::419_1_8,PAIRED_BOYDEN,0.12261664858161525,0.09795380383729935,0.024662844744315904
main,fmiss,source_overlap_plus_reduced_latent_fullctx_xgboost,reduced_latent_overlap_stack,xgboost,PAIRED_BOYDEN::paired_boyden32c::419_1_8::SpykingCircus::24,PAIRED_BOYDEN::paired_boyden32c::419_1_8,PAIRED_BOYDEN,0.8012711207564719,0.4219968914985657,0.3792742292579062
main,fmiss,source_overlap_plus_reduced_latent_fullctx_xgboost,reduced_latent_overlap_stack,xgboost,PAIRED_BOYDEN::paired_boyden32c::419_1_8::SpykingCircus::28,PAIRED_BOYDEN::paired_boyden32c::419_1_8,PAIRED_BOYDEN,0.12416679584560533,0.08994357287883759,0.03422322296676775
main,fmiss,source_overlap_plus_reduced_latent_fullctx_xgboost,reduced_latent_overlap_stack,xgboost,PAIRED_BOYDEN::paired_boyden32c::419_1_8::Tridesclous::0,PAIRED_BOYDEN::paired_boyden32c::419_1_8,PAIRED_BOYDEN,0.14447372500387537,0.03213084861636162,0.11234287638751375
main,fmiss,source_overlap_plus_reduced_latent_fullctx_xgboost,reduced_latent_overlap_stack,xgboost,PAIRED_CRCNS_HC1::paired_crcns::d11221_d11221.001::SpykingCircus::6,PAIRED_CRCNS_HC1::paired_crcns::d11221_d11221.001,PAIRED_CRCNS_HC1,0.2845528455284553,0.3734910190105438,0.08893817348208855
main,fmiss,source_overlap_plus_reduced_latent_fullctx_xgboost,reduced_latent_overlap_stack,xgboost,PAIRED_CRCNS_HC1::paired_crcns::d11222_d11222.002::IronClust::2,PAIRED_CRCNS_HC1::paired_crcns::d11222_d11222.002,PAIRED_CRCNS_HC1,0.017310252996005325,0.3052957057952881,0.2879854527992828
main,fmiss,source_overlap_plus_reduced_latent_fullctx_xgboost,reduced_latent_overlap_stack,xgboost,PAIRED_CRCNS_HC1::paired_crcns::d11222_d11222.002::JRClust::3,PAIRED_CRCNS_HC1::paired_crcns::d11222_d11222.002,PAIRED_CRCNS_HC1,0.07323568575233022,0.27435871958732605,0.20112303383499583
main,fmiss,source_overlap_plus_reduced_latent_fullctx_xgboost,reduced_latent_overlap_stack,xgboost,PAIRED_CRCNS_HC1::paired_crcns::d11222_d11222.002::KiloSort2::10,PAIRED_CRCNS_HC1::paired_crcns::d11222_d11222.002,PAIRED_CRCNS_HC1,0.5339547270306259,0.2542916536331177,0.2796630733975082
main,fmiss,source_overlap_plus_reduced_latent_fullctx_xgboost,reduced_latent_overlap_stack,xgboost,PAIRED_CRCNS_HC1::paired_crcns::d11222_d11222.002::KiloSort::1,PAIRED_CRCNS_HC1::paired_crcns::d11222_d11222.002,PAIRED_CRCNS_HC1,0.03595206391478029,0.14546798169612885,0.10951591778134856
main,fmiss,source_overlap_plus_reduced_latent_fullctx_xgboost,reduced_latent_overlap_stack,xgboost,PAIRED_CRCNS_HC1::paired_crcns::d11222_d11222.002::Klusta::2,PAIRED_CRCNS_HC1::paired_crcns::d11222_d11222.002,PAIRED_CRCNS_HC1,0.022636484687083888,0.19867701828479767,0.17604053359771377
main,fmiss,source_overlap_plus_reduced_latent_fullctx_xgboost,reduced_latent_overlap_stack,xgboost,PAIRED_CRCNS_HC1::paired_crcns::d11222_d11222.002::MountainSort4::4,PAIRED_CRCNS_HC1::paired_crcns::d11222_d11222.002,PAIRED_CRCNS_HC1,0.20372836218375498,0.2452305108308792,0.04150214864712423
main,fmiss,source_overlap_plus_reduced_latent_fullctx_xgboost,reduced_latent_overlap_stack,xgboost,PAIRED_CRCNS_HC1::paired_crcns::d11222_d11222.002::SpykingCircus::4,PAIRED_CRCNS_HC1::paired_crcns::d11222_d11222.002,PAIRED_CRCNS_HC1,0.1151797603195739,0.22079041600227356,0.10561065568269966
main,fmiss,source_overlap_plus_reduced_latent_fullctx_xgboost,reduced_latent_overlap_stack,xgboost,PAIRED_CRCNS_HC1::paired_crcns::d11222_d11222.002::Tridesclous::0,PAIRED_CRCNS_HC1::paired_crcns::d11222_d11222.002,PAIRED_CRCNS_HC1,0.014647137150466045,0.1244519054889679,0.10980476833850185
main,fmiss,source_overlap_plus_reduced_latent_fullctx_xgboost,reduced_latent_overlap_stack,xgboost,PAIRED_ENGLISH::paired_english::m139_200114_191955::KiloSort2::25,PAIRED_ENGLISH::paired_english::m139_200114_191955,PAIRED_ENGLISH,0.8107276747092185,0.20034730434417725,0.6103803703650412
main,fmiss,source_overlap_plus_reduced_latent_fullctx_xgboost,reduced_latent_overlap_stack,xgboost,PAIRED_ENGLISH::paired_english::m139_200114_191955::MountainSort4::36,PAIRED_ENGLISH::paired_english::m139_200114_191955,PAIRED_ENGLISH,0.6701912909737576,0.24766317009925842,0.4225281208744992
main,fmiss,source_overlap_plus_reduced_latent_fullctx_xgboost,reduced_latent_overlap_stack,xgboost,PAIRED_ENGLISH::paired_english::m139_200114_191955::SpykingCircus::42,PAIRED_ENGLISH::paired_english::m139_200114_191955,PAIRED_ENGLISH,0.8063058733057772,0.5455503463745117,0.26075552693126547
main,fmiss,source_overlap_plus_reduced_latent_fullctx_xgboost,reduced_latent_overlap_stack,xgboost,PAIRED_ENGLISH::paired_english::m139_200114_222743::HerdingSpikes2::5,PAIRED_ENGLISH::paired_english::m139_200114_222743,PAIRED_ENGLISH,0.022052337547780066,0.11416073888540268,0.09210840133762262
main,fmiss,source_overlap_plus_reduced_latent_fullctx_xgboost,reduced_latent_overlap_stack,xgboost,PAIRED_ENGLISH::paired_english::m139_200114_222743::IronClust::17,PAIRED_ENGLISH::paired_english::m139_200114_222743,PAIRED_ENGLISH,0.01587768303440165,0.1256163865327835,0.10973870349838186
main,fmiss,source_overlap_plus_reduced_latent_fullctx_xgboost,reduced_latent_overlap_stack,xgboost,PAIRED_ENGLISH::paired_english::m139_200114_222743::KiloSort2::26,PAIRED_ENGLISH::paired_english::m139_200114_222743,PAIRED_ENGLISH,0.002940311673037342,0.1972164809703827,0.19427616929734534
main,fmiss,source_overlap_plus_reduced_latent_fullctx_xgboost,reduced_latent_overlap_stack,xgboost,PAIRED_ENGLISH::paired_english::m139_200114_222743::KiloSort::88,PAIRED_ENGLISH::paired_english::m139_200114_222743,PAIRED_ENGLISH,0.006174654513378418,0.19597531855106354,0.1898006640376851
main,fmiss,source_overlap_plus_reduced_latent_fullctx_xgboost,reduced_latent_overlap_stack,xgboost,PAIRED_ENGLISH::paired_english::m139_200114_222743::MountainSort4::46,PAIRED_ENGLISH::paired_english::m139_200114_222743,PAIRED_ENGLISH,0.00911496618641576,0.1569869965314865,0.14787203034507074
main,fmiss,source_overlap_plus_reduced_latent_fullctx_xgboost,reduced_latent_overlap_stack,xgboost,PAIRED_ENGLISH::paired_english::m139_200114_222743::SpykingCircus::44,PAIRED_ENGLISH::paired_english::m139_200114_222743,PAIRED_ENGLISH,0.0020582181711261394,0.13432902097702026,0.13227080280589412
main,fmiss,source_overlap_plus_reduced_latent_fullctx_xgboost,reduced_latent_overlap_stack,xgboost,PAIRED_ENGLISH::paired_english::m139_200114_222743::Tridesclous::1,PAIRED_ENGLISH::paired_english::m139_200114_222743,PAIRED_ENGLISH,0.004998529844163481,0.0646335631608963,0.05963503331673282
main,fmiss,source_overlap_plus_reduced_latent_fullctx_xgboost,reduced_latent_overlap_stack,xgboost,PAIRED_ENGLISH::paired_english::m14_190326_155432::IronClust::22,PAIRED_ENGLISH::paired_english::m14_190326_155432,PAIRED_ENGLISH,0.13721413721413722,0.23738127946853638,0.10016714225439916
main,fmiss,source_overlap_plus_reduced_latent_fullctx_xgboost,reduced_latent_overlap_stack,xgboost,PAIRED_ENGLISH::paired_english::m14_190326_155432::MountainSort4::33,PAIRED_ENGLISH::paired_english::m14_190326_155432,PAIRED_ENGLISH,0.09147609147609148,0.41064828634262085,0.31917219486652937
main,fmiss,source_overlap_plus_reduced_latent_fullctx_xgboost,reduced_latent_overlap_stack,xgboost,PAIRED_ENGLISH::paired_english::m14_190326_155432::SpykingCircus::38,PAIRED_ENGLISH::paired_english::m14_190326_155432,PAIRED_ENGLISH,0.079002079002079,0.5148944854736328,0.4358924064715538
main,fmiss,source_overlap_plus_reduced_latent_fullctx_xgboost,reduced_latent_overlap_stack,xgboost,PAIRED_ENGLISH::paired_english::m15_190315_142052_cell1::IronClust::40,PAIRED_ENGLISH::paired_english::m15_190315_142052_cell1,PAIRED_ENGLISH,0.24027594305005137,0.12939755618572235,0.11087838686432902
main,fmiss,source_overlap_plus_reduced_latent_fullctx_xgboost,reduced_latent_overlap_stack,xgboost,PAIRED_ENGLISH::paired_english::m15_190315_142052_cell1::KiloSort2::48,PAIRED_ENGLISH::paired_english::m15_190315_142052_cell1,PAIRED_ENGLISH,0.3173345075590782,0.1543198525905609,0.1630146549685173
main,fmiss,source_overlap_plus_reduced_latent_fullctx_xgboost,reduced_latent_overlap_stack,xgboost,PAIRED_ENGLISH::paired_english::m15_190315_142052_cell1::MountainSort4::62,PAIRED_ENGLISH::paired_english::m15_190315_142052_cell1,PAIRED_ENGLISH,0.5289886980772054,0.23927035927772522,0.28971833879948017
main,fmiss,source_overlap_plus_reduced_latent_fullctx_xgboost,reduced_latent_overlap_stack,xgboost,PAIRED_ENGLISH::paired_english::m15_190315_142052_cell1::MountainSort4::64,PAIRED_ENGLISH::paired_english::m15_190315_142052_cell1,PAIRED_ENGLISH,0.6713635696462645,0.16374509036540985,0.5076184792808547
main,fmiss,source_overlap_plus_reduced_latent_fullctx_xgboost,reduced_latent_overlap_stack,xgboost,PAIRED_ENGLISH::paired_english::m15_190315_142052_cell1::SpykingCircus::22,PAIRED_ENGLISH::paired_english::m15_190315_142052_cell1,PAIRED_ENGLISH,0.35975341259357113,0.21082422137260437,0.14892919122096676
main,fmiss,source_overlap_plus_reduced_latent_fullctx_xgboost,reduced_latent_overlap_stack,xgboost,PAIRED_ENGLISH::paired_english::m15_190315_142052_cell1::SpykingCircus::57,PAIRED_ENGLISH::paired_english::m15_190315_142052_cell1,PAIRED_ENGLISH,0.8711287244972846,0.31334829330444336,0.5577804311928413
main,fmiss,source_overlap_plus_reduced_latent_fullctx_xgboost,reduced_latent_overlap_stack,xgboost,PAIRED_ENGLISH::paired_english::m15_190315_152315_cell1::IronClust::35,PAIRED_ENGLISH::paired_english::m15_190315_152315_cell1,PAIRED_ENGLISH,0.04922936853742602,0.1060531884431839,0.056823819905757876
main,fmiss,source_overlap_plus_reduced_latent_fullctx_xgboost,reduced_latent_overlap_stack,xgboost,PAIRED_ENGLISH::paired_english::m15_190315_152315_cell1::KiloSort2::37,PAIRED_ENGLISH::paired_english::m15_190315_152315_cell1,PAIRED_ENGLISH,0.0014307082005592768,0.05655132979154587,0.05512062159098659
main,fmiss,source_overlap_plus_reduced_latent_fullctx_xgboost,reduced_latent_overlap_stack,xgboost,PAIRED_ENGLISH::paired_english::m15_190315_152315_cell1::KiloSort::1,PAIRED_ENGLISH::paired_english::m15_190315_152315_cell1,PAIRED_ENGLISH,0.003901931456070755,0.0645449310541153,0.06064299959804454
main,fmiss,source_overlap_plus_reduced_latent_fullctx_xgboost,reduced_latent_overlap_stack,xgboost,PAIRED_ENGLISH::paired_english::m15_190315_152315_cell1::MountainSort4::72,PAIRED_ENGLISH::paired_english::m15_190315_152315_cell1,PAIRED_ENGLISH,0.03479222214996423,0.18597793579101562,0.15118571364105138
main,fmiss,source_overlap_plus_reduced_latent_fullctx_xgboost,reduced_latent_overlap_stack,xgboost,PAIRED_ENGLISH::paired_english::m15_190315_152315_cell1::SpykingCircus::46,PAIRED_ENGLISH::paired_english::m15_190315_152315_cell1,PAIRED_ENGLISH,0.0018859335371008649,0.07255542278289795,0.07066948924579708
main,fmiss,source_overlap_plus_reduced_latent_fullctx_xgboost,reduced_latent_overlap_stack,xgboost,PAIRED_ENGLISH::paired_english::m15_190315_152315_cell1::Tridesclous::0,PAIRED_ENGLISH::paired_english::m15_190315_152315_cell1,PAIRED_ENGLISH,0.2026403069519412,0.13054455816745758,0.07209574878448363
main,fmiss,source_overlap_plus_reduced_latent_fullctx_xgboost,reduced_latent_overlap_stack,xgboost,PAIRED_ENGLISH::paired_english::m26_190524_100859_cell1::KiloSort2::0,PAIRED_ENGLISH::paired_english::m26_190524_100859_cell1,PAIRED_ENGLISH,0.3453815261044177,0.15100912749767303,0.19437239860674466
main,fmiss,source_overlap_plus_reduced_latent_fullctx_xgboost,reduced_latent_overlap_stack,xgboost,PAIRED_ENGLISH::paired_english::m26_190524_100859_cell1::KiloSort::19,PAIRED_ENGLISH::paired_english::m26_190524_100859_cell1,PAIRED_ENGLISH,0.5522088353413654,0.19153264164924622,0.36067619369211923
main,fmiss,source_overlap_plus_reduced_latent_fullctx_xgboost,reduced_latent_overlap_stack,xgboost,PAIRED_ENGLISH::paired_english::m26_190524_100859_cell1::KiloSort::8,PAIRED_ENGLISH::paired_english::m26_190524_100859_cell1,PAIRED_ENGLISH,0.7610441767068273,0.10914233326911926,0.6519018434377081
main,fmiss,source_overlap_plus_reduced_latent_fullctx_xgboost,reduced_latent_overlap_stack,xgboost,PAIRED_ENGLISH::paired_english::m57_191105_141906::IronClust::6,PAIRED_ENGLISH::paired_english::m57_191105_141906,PAIRED_ENGLISH,0.12826603325415678,0.26948437094688416,0.14121833769272737
main,fmiss,source_overlap_plus_reduced_latent_fullctx_xgboost,reduced_latent_overlap_stack,xgboost,PAIRED_ENGLISH::paired_english::m57_191105_141906::KiloSort::47,PAIRED_ENGLISH::paired_english::m57_191105_141906,PAIRED_ENGLISH,0.04829770387965162,0.14652258157730103,0.0982248776976494
main,fmiss,source_overlap_plus_reduced_latent_fullctx_xgboost,reduced_latent_overlap_stack,xgboost,PAIRED_ENGLISH::paired_english::m57_191105_141906::MountainSort4::21,PAIRED_ENGLISH::paired_english::m57_191105_141906,PAIRED_ENGLISH,0.1187648456057007,0.2686034142971039,0.14983856869140316
main,fmiss,source_overlap_plus_reduced_latent_fullctx_xgboost,reduced_latent_overlap_stack,xgboost,PAIRED_ENGLISH::paired_english::m57_191105_141906::MountainSort4::57,PAIRED_ENGLISH::paired_english::m57_191105_141906,PAIRED_ENGLISH,0.5399841646872525,0.31248578429222107,0.22749838039503145
main,fmiss,source_overlap_plus_reduced_latent_fullctx_xgboost,reduced_latent_overlap_stack,xgboost,PAIRED_ENGLISH::paired_english::m57_191105_141906::SpykingCircus::12,PAIRED_ENGLISH::paired_english::m57_191105_141906,PAIRED_ENGLISH,0.5859065716547902,0.47185346484184265,0.11405310681294756
main,fmiss,source_overlap_plus_reduced_latent_fullctx_xgboost,reduced_latent_overlap_stack,xgboost,PAIRED_ENGLISH::paired_english::m57_191105_141906::SpykingCircus::30,PAIRED_ENGLISH::paired_english::m57_191105_141906,PAIRED_ENGLISH,0.46872525732383213,0.29693087935447693,0.1717943779693552
main,fmiss,source_overlap_plus_reduced_latent_fullctx_xgboost,reduced_latent_overlap_stack,xgboost,PAIRED_ENGLISH::paired_english::m57_191105_160026::HerdingSpikes2::1,PAIRED_ENGLISH::paired_english::m57_191105_160026,PAIRED_ENGLISH,0.7557251908396947,0.21782708168029785,0.5378981091593968
main,fmiss,source_overlap_plus_reduced_latent_fullctx_xgboost,reduced_latent_overlap_stack,xgboost,PAIRED_ENGLISH::paired_english::m57_191105_160026::IronClust::2,PAIRED_ENGLISH::paired_english::m57_191105_160026,PAIRED_ENGLISH,0.7206106870229008,0.32263848185539246,0.3979722051675083
main,fmiss,source_overlap_plus_reduced_latent_fullctx_xgboost,reduced_latent_overlap_stack,xgboost,PAIRED_ENGLISH::paired_english::m57_191105_160026::IronClust::3,PAIRED_ENGLISH::paired_english::m57_191105_160026,PAIRED_ENGLISH,0.5629770992366412,0.3213192820549011,0.24165781718174006
main,fmiss,source_overlap_plus_reduced_latent_fullctx_xgboost,reduced_latent_overlap_stack,xgboost,PAIRED_ENGLISH::paired_english::m57_191105_160026::KiloSort::127,PAIRED_ENGLISH::paired_english::m57_191105_160026,PAIRED_ENGLISH,0.7213740458015268,0.30034393072128296,0.4210301150802438
main,fmiss,source_overlap_plus_reduced_latent_fullctx_xgboost,reduced_latent_overlap_stack,xgboost,PAIRED_ENGLISH::paired_english::m57_191105_160026::KiloSort::6,PAIRED_ENGLISH::paired_english::m57_191105_160026,PAIRED_ENGLISH,0.5885496183206107,0.35187792778015137,0.23667169054045933
main,fmiss,source_overlap_plus_reduced_latent_fullctx_xgboost,reduced_latent_overlap_stack,xgboost,PAIRED_ENGLISH::paired_english::m57_191105_160026::MountainSort4::23,PAIRED_ENGLISH::paired_english::m57_191105_160026,PAIRED_ENGLISH,0.8603053435114504,0.3198014497756958,0.5405038937357546
main,fmiss,source_overlap_plus_reduced_latent_fullctx_xgboost,reduced_latent_overlap_stack,xgboost,PAIRED_ENGLISH::paired_english::m57_191105_160026::MountainSort4::25,PAIRED_ENGLISH::paired_english::m57_191105_160026,PAIRED_ENGLISH,0.5545801526717558,0.29841649532318115,0.2561636573485746
main,fmiss,source_overlap_plus_reduced_latent_fullctx_xgboost,reduced_latent_overlap_stack,xgboost,PAIRED_ENGLISH::paired_english::m57_191105_160026::SpykingCircus::2,PAIRED_ENGLISH::paired_english::m57_191105_160026,PAIRED_ENGLISH,0.7709923664122137,0.28395023941993713,0.48704212699227656
main,fmiss,source_overlap_plus_reduced_latent_fullctx_xgboost,reduced_latent_overlap_stack,xgboost,PAIRED_ENGLISH::paired_english::m57_191105_160026::SpykingCircus::4,PAIRED_ENGLISH::paired_english::m57_191105_160026,PAIRED_ENGLISH,0.5625954198473282,0.3275471329689026,0.2350482868784256
main,fmiss,source_overlap_plus_reduced_latent_fullctx_xgboost,reduced_latent_overlap_stack,xgboost,PAIRED_ENGLISH::paired_english::m57_191105_160026::Tridesclous::0,PAIRED_ENGLISH::paired_english::m57_191105_160026,PAIRED_ENGLISH,0.7061068702290076,0.05976492166519165,0.646341948563816
main,fmiss,source_overlap_plus_reduced_latent_fullctx_xgboost,reduced_latent_overlap_stack,xgboost,PAIRED_KAMPFF::paired_kampff::c14::HerdingSpikes2::6,PAIRED_KAMPFF::paired_kampff::c14,PAIRED_KAMPFF,0.35151068533529845,0.171945258975029,0.17956542636026945
main,fmiss,source_overlap_plus_reduced_latent_fullctx_xgboost,reduced_latent_overlap_stack,xgboost,PAIRED_KAMPFF::paired_kampff::c14::IronClust::22,PAIRED_KAMPFF::paired_kampff::c14,PAIRED_KAMPFF,0.25036845983787764,0.12988677620887756,0.12048168362900008
main,fmiss,source_overlap_plus_reduced_latent_fullctx_xgboost,reduced_latent_overlap_stack,xgboost,PAIRED_KAMPFF::paired_kampff::c14::KiloSort2::37,PAIRED_KAMPFF::paired_kampff::c14,PAIRED_KAMPFF,0.14296241709653648,0.1475844830274582,0.004622065930921709
main,fmiss,source_overlap_plus_reduced_latent_fullctx_xgboost,reduced_latent_overlap_stack,xgboost,PAIRED_KAMPFF::paired_kampff::c14::MountainSort4::42,PAIRED_KAMPFF::paired_kampff::c14,PAIRED_KAMPFF,0.32221812822402357,0.18367838859558105,0.13853973962844252
main,fmiss,source_overlap_plus_reduced_latent_fullctx_xgboost,reduced_latent_overlap_stack,xgboost,PAIRED_KAMPFF::paired_kampff::c14::SpykingCircus::14,PAIRED_KAMPFF::paired_kampff::c14,PAIRED_KAMPFF,0.21868091378039795,0.14156030118465424,0.07712061259574371
main,fmiss,source_overlap_plus_reduced_latent_fullctx_xgboost,reduced_latent_overlap_stack,xgboost,PAIRED_KAMPFF::paired_kampff::c14::Tridesclous::8,PAIRED_KAMPFF::paired_kampff::c14,PAIRED_KAMPFF,0.20910095799557848,0.07998862862586975,0.12911232936970873
main,fmiss,source_overlap_plus_reduced_latent_fullctx_xgboost,reduced_latent_overlap_stack,xgboost,PAIRED_MEA64C_YGER::paired_mea64c::20170622_patch1::HerdingSpikes2::19,PAIRED_MEA64C_YGER::paired_mea64c::20170622_patch1,PAIRED_MEA64C_YGER,0.8533362695441533,0.5840246677398682,0.26931160180428515
main,fmiss,source_overlap_plus_reduced_latent_fullctx_xgboost,reduced_latent_overlap_stack,xgboost,PAIRED_MEA64C_YGER::paired_mea64c::20170622_patch1::HerdingSpikes2::7,PAIRED_MEA64C_YGER::paired_mea64c::20170622_patch1,PAIRED_MEA64C_YGER,0.18343977097555605,0.05195721611380577,0.13148255486175028
main,fmiss,source_overlap_plus_reduced_latent_fullctx_xgboost,reduced_latent_overlap_stack,xgboost,PAIRED_MEA64C_YGER::paired_mea64c::20170622_patch1::IronClust::8,PAIRED_MEA64C_YGER::paired_mea64c::20170622_patch1,PAIRED_MEA64C_YGER,0.027747192248403437,0.02409398928284645,0.0036532029655569863
main,fmiss,source_overlap_plus_reduced_latent_fullctx_xgboost,reduced_latent_overlap_stack,xgboost,PAIRED_MEA64C_YGER::paired_mea64c::20170622_patch1::KiloSort2::23,PAIRED_MEA64C_YGER::paired_mea64c::20170622_patch1,PAIRED_MEA64C_YGER,0.0008808632459810614,0.0304997768253088,0.02961891357932774
main,fmiss,source_overlap_plus_reduced_latent_fullctx_xgboost,reduced_latent_overlap_stack,xgboost,PAIRED_MEA64C_YGER::paired_mea64c::20170622_patch1::KiloSort::64,PAIRED_MEA64C_YGER::paired_mea64c::20170622_patch1,PAIRED_MEA64C_YGER,0.03457388240475666,0.022082921117544174,0.012490961287212485
main,fmiss,source_overlap_plus_reduced_latent_fullctx_xgboost,reduced_latent_overlap_stack,xgboost,PAIRED_MEA64C_YGER::paired_mea64c::20170622_patch1::Klusta::4,PAIRED_MEA64C_YGER::paired_mea64c::20170622_patch1,PAIRED_MEA64C_YGER,0.17441092270425015,0.031106604263186455,0.1433043184410637
main,fmiss,source_overlap_plus_reduced_latent_fullctx_xgboost,reduced_latent_overlap_stack,xgboost,PAIRED_MEA64C_YGER::paired_mea64c::20170622_patch1::MountainSort4::43,PAIRED_MEA64C_YGER::paired_mea64c::20170622_patch1,PAIRED_MEA64C_YGER,0.02510460251046025,0.03267553821206093,0.007570935701600678
main,fmiss,source_overlap_plus_reduced_latent_fullctx_xgboost,reduced_latent_overlap_stack,xgboost,PAIRED_MEA64C_YGER::paired_mea64c::20170622_patch1::SpykingCircus::18,PAIRED_MEA64C_YGER::paired_mea64c::20170622_patch1,PAIRED_MEA64C_YGER,0.0028628055494384495,0.01994875632226467,0.017085950772826222
main,fmiss,source_overlap_plus_reduced_latent_fullctx_xgboost,reduced_latent_overlap_stack,xgboost,PAIRED_MEA64C_YGER::paired_mea64c::20170622_patch1::Tridesclous::12,PAIRED_MEA64C_YGER::paired_mea64c::20170622_patch1,PAIRED_MEA64C_YGER,0.026425897379431844,0.0262406375259161,0.0001852598535157443
main,fmiss,source_overlap_plus_reduced_latent_fullctx_xgboost,reduced_latent_overlap_stack,xgboost,PAIRED_MEA64C_YGER::paired_mea64c::20170622_patch2::HerdingSpikes2::16,PAIRED_MEA64C_YGER::paired_mea64c::20170622_patch2,PAIRED_MEA64C_YGER,0.6606015595989603,0.11633747816085815,0.5442640814381021
main,fmiss,source_overlap_plus_reduced_latent_fullctx_xgboost,reduced_latent_overlap_stack,xgboost,PAIRED_MEA64C_YGER::paired_mea64c::20170622_patch2::HerdingSpikes2::44,PAIRED_MEA64C_YGER::paired_mea64c::20170622_patch2,PAIRED_MEA64C_YGER,0.8756034162643892,0.27501675486564636,0.6005866613987428
main,fmiss,source_overlap_plus_reduced_latent_fullctx_xgboost,reduced_latent_overlap_stack,xgboost,PAIRED_MEA64C_YGER::paired_mea64c::20170622_patch2::HerdingSpikes2::5,PAIRED_MEA64C_YGER::paired_mea64c::20170622_patch2,PAIRED_MEA64C_YGER,0.008169327887114742,0.024065347388386726,0.015896019501271987
main,fmiss,source_overlap_plus_reduced_latent_fullctx_xgboost,reduced_latent_overlap_stack,xgboost,PAIRED_MEA64C_YGER::paired_mea64c::20170622_patch2::IronClust::11,PAIRED_MEA64C_YGER::paired_mea64c::20170622_patch2,PAIRED_MEA64C_YGER,0.0003713330857779428,0.01683964766561985,0.01646831457984191
main,fmiss,source_overlap_plus_reduced_latent_fullctx_xgboost,reduced_latent_overlap_stack,xgboost,PAIRED_MEA64C_YGER::paired_mea64c::20170622_patch2::JRClust::31,PAIRED_MEA64C_YGER::paired_mea64c::20170622_patch2,PAIRED_MEA64C_YGER,0.0029706646862235424,0.011052624322474003,0.00808195963625046
main,fmiss,source_overlap_plus_reduced_latent_fullctx_xgboost,reduced_latent_overlap_stack,xgboost,PAIRED_MEA64C_YGER::paired_mea64c::20170622_patch2::KiloSort2::33,PAIRED_MEA64C_YGER::paired_mea64c::20170622_patch2,PAIRED_MEA64C_YGER,0.0011139992573338284,0.020441994071006775,0.019327994813672946
main,fmiss,source_overlap_plus_reduced_latent_fullctx_xgboost,reduced_latent_overlap_stack,xgboost,PAIRED_MEA64C_YGER::paired_mea64c::20170622_patch2::KiloSort::5,PAIRED_MEA64C_YGER::paired_mea64c::20170622_patch2,PAIRED_MEA64C_YGER,0.0014853323431117712,0.013377370312809944,0.011892037969698174
main,fmiss,source_overlap_plus_reduced_latent_fullctx_xgboost,reduced_latent_overlap_stack,xgboost,PAIRED_MEA64C_YGER::paired_mea64c::20170622_patch2::Klusta::14,PAIRED_MEA64C_YGER::paired_mea64c::20170622_patch2,PAIRED_MEA64C_YGER,0.15893056071295952,0.030534500256180763,0.12839606045677876
main,fmiss,source_overlap_plus_reduced_latent_fullctx_xgboost,reduced_latent_overlap_stack,xgboost,PAIRED_MEA64C_YGER::paired_mea64c::20170622_patch2::MountainSort4::31,PAIRED_MEA64C_YGER::paired_mea64c::20170622_patch2,PAIRED_MEA64C_YGER,0.0003713330857779428,0.023279685527086258,0.022908352441308316
main,fmiss,source_overlap_plus_reduced_latent_fullctx_xgboost,reduced_latent_overlap_stack,xgboost,PAIRED_MEA64C_YGER::paired_mea64c::20170622_patch2::SpykingCircus::17,PAIRED_MEA64C_YGER::paired_mea64c::20170622_patch2,PAIRED_MEA64C_YGER,0.0003713330857779428,0.02520936168730259,0.024838028601524648
main,fmiss,source_overlap_plus_reduced_latent_fullctx_xgboost,reduced_latent_overlap_stack,xgboost,PAIRED_MEA64C_YGER::paired_mea64c::20170622_patch2::Tridesclous::0,PAIRED_MEA64C_YGER::paired_mea64c::20170622_patch2,PAIRED_MEA64C_YGER,0.0003713330857779428,0.023767009377479553,0.02339567629170161
main,fmiss,source_plus_reduced_latent_fullctx_lightgbm_filtered,reduced_latent_stack_filtered,lightgbm,PAIRED_BOYDEN::paired_boyden32c::1103_1_1::IronClust::4,PAIRED_BOYDEN::paired_boyden32c::1103_1_1,PAIRED_BOYDEN,0.1661807580174927,0.2892362177371979,0.12305545971970516
main,fmiss,source_plus_reduced_latent_fullctx_lightgbm_filtered,reduced_latent_stack_filtered,lightgbm,PAIRED_BOYDEN::paired_boyden32c::1103_1_1::JRClust::18,PAIRED_BOYDEN::paired_boyden32c::1103_1_1,PAIRED_BOYDEN,0.08551992225461613,0.2730588912963867,0.1875389690417706
main,fmiss,source_plus_reduced_latent_fullctx_lightgbm_filtered,reduced_latent_stack_filtered,lightgbm,PAIRED_BOYDEN::paired_boyden32c::1103_1_1::KiloSort2::33,PAIRED_BOYDEN::paired_boyden32c::1103_1_1,PAIRED_BOYDEN,0.42857142857142855,0.4087693393230438,0.019802089248384724
main,fmiss,source_plus_reduced_latent_fullctx_lightgbm_filtered,reduced_latent_stack_filtered,lightgbm,PAIRED_BOYDEN::paired_boyden32c::1103_1_1::KiloSort2::55,PAIRED_BOYDEN::paired_boyden32c::1103_1_1,PAIRED_BOYDEN,0.8328474246841594,0.49482715129852295,0.33802027338563645
main,fmiss,source_plus_reduced_latent_fullctx_lightgbm_filtered,reduced_latent_stack_filtered,lightgbm,PAIRED_BOYDEN::paired_boyden32c::1103_1_1::KiloSort2::60,PAIRED_BOYDEN::paired_boyden32c::1103_1_1,PAIRED_BOYDEN,0.7580174927113703,0.5539088845252991,0.20410860818607124
main,fmiss,source_plus_reduced_latent_fullctx_lightgbm_filtered,reduced_latent_stack_filtered,lightgbm,PAIRED_BOYDEN::paired_boyden32c::1103_1_1::KiloSort::111,PAIRED_BOYDEN::paired_boyden32c::1103_1_1,PAIRED_BOYDEN,0.04081632653061224,0.2772429585456848,0.23642663201507258
main,fmiss,source_plus_reduced_latent_fullctx_lightgbm_filtered,reduced_latent_stack_filtered,lightgbm,PAIRED_BOYDEN::paired_boyden32c::1103_1_1::Klusta::12,PAIRED_BOYDEN::paired_boyden32c::1103_1_1,PAIRED_BOYDEN,0.17881438289601556,0.23836560547351837,0.05955122257750281
main,fmiss,source_plus_reduced_latent_fullctx_lightgbm_filtered,reduced_latent_stack_filtered,lightgbm,PAIRED_BOYDEN::paired_boyden32c::1103_1_1::MountainSort4::26,PAIRED_BOYDEN::paired_boyden32c::1103_1_1,PAIRED_BOYDEN,0.03595724003887269,0.29156866669654846,0.2556114266576758
main,fmiss,source_plus_reduced_latent_fullctx_lightgbm_filtered,reduced_latent_stack_filtered,lightgbm,PAIRED_BOYDEN::paired_boyden32c::1103_1_1::SpykingCircus::27,PAIRED_BOYDEN::paired_boyden32c::1103_1_1,PAIRED_BOYDEN,0.07482993197278912,0.29620248079299927,0.22137254882021015
main,fmiss,source_plus_reduced_latent_fullctx_lightgbm_filtered,reduced_latent_stack_filtered,lightgbm,PAIRED_BOYDEN::paired_boyden32c::1103_1_1::Tridesclous::3,PAIRED_BOYDEN::paired_boyden32c::1103_1_1,PAIRED_BOYDEN,0.11273080660835763,0.15764880180358887,0.044917995195231236
main,fmiss,source_plus_reduced_latent_fullctx_lightgbm_filtered,reduced_latent_stack_filtered,lightgbm,PAIRED_BOYDEN::paired_boyden32c::419_1_8::IronClust::14,PAIRED_BOYDEN::paired_boyden32c::419_1_8,PAIRED_BOYDEN,0.1489691520694466,0.1979769617319107,0.0490078096624641
main,fmiss,source_plus_reduced_latent_fullctx_lightgbm_filtered,reduced_latent_stack_filtered,lightgbm,PAIRED_BOYDEN::paired_boyden32c::419_1_8::IronClust::4,PAIRED_BOYDEN::paired_boyden32c::419_1_8,PAIRED_BOYDEN,0.3614943419624864,0.21363210678100586,0.14786223518148056
main,fmiss,source_plus_reduced_latent_fullctx_lightgbm_filtered,reduced_latent_stack_filtered,lightgbm,PAIRED_BOYDEN::paired_boyden32c::419_1_8::JRClust::24,PAIRED_BOYDEN::paired_boyden32c::419_1_8,PAIRED_BOYDEN,0.14617888699426446,0.24490787088871002,0.09872898389444557
main,fmiss,source_plus_reduced_latent_fullctx_lightgbm_filtered,reduced_latent_stack_filtered,lightgbm,PAIRED_BOYDEN::paired_boyden32c::419_1_8::JRClust::8,PAIRED_BOYDEN::paired_boyden32c::419_1_8,PAIRED_BOYDEN,0.7484110990544102,0.5138593912124634,0.2345517078419468
main,fmiss,source_plus_reduced_latent_fullctx_lightgbm_filtered,reduced_latent_stack_filtered,lightgbm,PAIRED_BOYDEN::paired_boyden32c::419_1_8::KiloSort2::27,PAIRED_BOYDEN::paired_boyden32c::419_1_8,PAIRED_BOYDEN,0.06696636180437142,0.25606635212898254,0.1890999903246111
main,fmiss,source_plus_reduced_latent_fullctx_lightgbm_filtered,reduced_latent_stack_filtered,lightgbm,PAIRED_BOYDEN::paired_boyden32c::419_1_8::KiloSort2::46,PAIRED_BOYDEN::paired_boyden32c::419_1_8,PAIRED_BOYDEN,0.11424585335606882,0.22771912813186646,0.11347327477579763
main,fmiss,source_plus_reduced_latent_fullctx_lightgbm_filtered,reduced_latent_stack_filtered,lightgbm,PAIRED_BOYDEN::paired_boyden32c::419_1_8::KiloSort::17,PAIRED_BOYDEN::paired_boyden32c::419_1_8,PAIRED_BOYDEN,0.13067741435436367,0.2558671534061432,0.12518973905177952
main,fmiss,source_plus_reduced_latent_fullctx_lightgbm_filtered,reduced_latent_stack_filtered,lightgbm,PAIRED_BOYDEN::paired_boyden32c::419_1_8::MountainSort4::42,PAIRED_BOYDEN::paired_boyden32c::419_1_8,PAIRED_BOYDEN,0.12261664858161525,0.13610880076885223,0.013492152187236983
main,fmiss,source_plus_reduced_latent_fullctx_lightgbm_filtered,reduced_latent_stack_filtered,lightgbm,PAIRED_BOYDEN::paired_boyden32c::419_1_8::SpykingCircus::24,PAIRED_BOYDEN::paired_boyden32c::419_1_8,PAIRED_BOYDEN,0.8012711207564719,0.6249761581420898,0.17629496261438204
main,fmiss,source_plus_reduced_latent_fullctx_lightgbm_filtered,reduced_latent_stack_filtered,lightgbm,PAIRED_BOYDEN::paired_boyden32c::419_1_8::SpykingCircus::28,PAIRED_BOYDEN::paired_boyden32c::419_1_8,PAIRED_BOYDEN,0.12416679584560533,0.25492116808891296,0.13075437224330763
main,fmiss,source_plus_reduced_latent_fullctx_lightgbm_filtered,reduced_latent_stack_filtered,lightgbm,PAIRED_BOYDEN::paired_boyden32c::419_1_8::Tridesclous::0,PAIRED_BOYDEN::paired_boyden32c::419_1_8,PAIRED_BOYDEN,0.14447372500387537,0.05628997087478638,0.08818375412908899
main,fmiss,source_plus_reduced_latent_fullctx_lightgbm_filtered,reduced_latent_stack_filtered,lightgbm,PAIRED_CRCNS_HC1::paired_crcns::d11221_d11221.001::SpykingCircus::6,PAIRED_CRCNS_HC1::paired_crcns::d11221_d11221.001,PAIRED_CRCNS_HC1,0.2845528455284553,0.4717507064342499,0.1871978609057946
main,fmiss,source_plus_reduced_latent_fullctx_lightgbm_filtered,reduced_latent_stack_filtered,lightgbm,PAIRED_CRCNS_HC1::paired_crcns::d11222_d11222.002::IronClust::2,PAIRED_CRCNS_HC1::paired_crcns::d11222_d11222.002,PAIRED_CRCNS_HC1,0.017310252996005325,0.05821404978632927,0.040903796790323944
main,fmiss,source_plus_reduced_latent_fullctx_lightgbm_filtered,reduced_latent_stack_filtered,lightgbm,PAIRED_CRCNS_HC1::paired_crcns::d11222_d11222.002::JRClust::3,PAIRED_CRCNS_HC1::paired_crcns::d11222_d11222.002,PAIRED_CRCNS_HC1,0.07323568575233022,0.07807596772909164,0.004840281976761424
main,fmiss,source_plus_reduced_latent_fullctx_lightgbm_filtered,reduced_latent_stack_filtered,lightgbm,PAIRED_CRCNS_HC1::paired_crcns::d11222_d11222.002::KiloSort2::10,PAIRED_CRCNS_HC1::paired_crcns::d11222_d11222.002,PAIRED_CRCNS_HC1,0.5339547270306259,0.046070750802755356,0.4878839762278705
main,fmiss,source_plus_reduced_latent_fullctx_lightgbm_filtered,reduced_latent_stack_filtered,lightgbm,PAIRED_CRCNS_HC1::paired_crcns::d11222_d11222.002::KiloSort::1,PAIRED_CRCNS_HC1::paired_crcns::d11222_d11222.002,PAIRED_CRCNS_HC1,0.03595206391478029,0.06032908707857132,0.024377023163791027
main,fmiss,source_plus_reduced_latent_fullctx_lightgbm_filtered,reduced_latent_stack_filtered,lightgbm,PAIRED_CRCNS_HC1::paired_crcns::d11222_d11222.002::Klusta::2,PAIRED_CRCNS_HC1::paired_crcns::d11222_d11222.002,PAIRED_CRCNS_HC1,0.022636484687083888,0.055284470319747925,0.03264798563266404
main,fmiss,source_plus_reduced_latent_fullctx_lightgbm_filtered,reduced_latent_stack_filtered,lightgbm,PAIRED_CRCNS_HC1::paired_crcns::d11222_d11222.002::MountainSort4::4,PAIRED_CRCNS_HC1::paired_crcns::d11222_d11222.002,PAIRED_CRCNS_HC1,0.20372836218375498,0.04750743508338928,0.1562209271003657
main,fmiss,source_plus_reduced_latent_fullctx_lightgbm_filtered,reduced_latent_stack_filtered,lightgbm,PAIRED_CRCNS_HC1::paired_crcns::d11222_d11222.002::SpykingCircus::4,PAIRED_CRCNS_HC1::paired_crcns::d11222_d11222.002,PAIRED_CRCNS_HC1,0.1151797603195739,0.08374091982841492,0.031438840491158984
main,fmiss,source_plus_reduced_latent_fullctx_lightgbm_filtered,reduced_latent_stack_filtered,lightgbm,PAIRED_CRCNS_HC1::paired_crcns::d11222_d11222.002::Tridesclous::0,PAIRED_CRCNS_HC1::paired_crcns::d11222_d11222.002,PAIRED_CRCNS_HC1,0.014647137150466045,0.04895114153623581,0.03430400438576976
main,fmiss,source_plus_reduced_latent_fullctx_lightgbm_filtered,reduced_latent_stack_filtered,lightgbm,PAIRED_ENGLISH::paired_english::m139_200114_191955::KiloSort2::25,PAIRED_ENGLISH::paired_english::m139_200114_191955,PAIRED_ENGLISH,0.8107276747092185,0.21680693328380585,0.5939207414254126
main,fmiss,source_plus_reduced_latent_fullctx_lightgbm_filtered,reduced_latent_stack_filtered,lightgbm,PAIRED_ENGLISH::paired_english::m139_200114_191955::MountainSort4::36,PAIRED_ENGLISH::paired_english::m139_200114_191955,PAIRED_ENGLISH,0.6701912909737576,0.3863951563835144,0.2837961345902432
main,fmiss,source_plus_reduced_latent_fullctx_lightgbm_filtered,reduced_latent_stack_filtered,lightgbm,PAIRED_ENGLISH::paired_english::m139_200114_191955::SpykingCircus::42,PAIRED_ENGLISH::paired_english::m139_200114_191955,PAIRED_ENGLISH,0.8063058733057772,0.5696803331375122,0.23662554016826498
main,fmiss,source_plus_reduced_latent_fullctx_lightgbm_filtered,reduced_latent_stack_filtered,lightgbm,PAIRED_ENGLISH::paired_english::m139_200114_222743::HerdingSpikes2::5,PAIRED_ENGLISH::paired_english::m139_200114_222743,PAIRED_ENGLISH,0.022052337547780066,0.17588673532009125,0.15383439777231117
main,fmiss,source_plus_reduced_latent_fullctx_lightgbm_filtered,reduced_latent_stack_filtered,lightgbm,PAIRED_ENGLISH::paired_english::m139_200114_222743::IronClust::17,PAIRED_ENGLISH::paired_english::m139_200114_222743,PAIRED_ENGLISH,0.01587768303440165,0.18498669564723969,0.16910901261283803
main,fmiss,source_plus_reduced_latent_fullctx_lightgbm_filtered,reduced_latent_stack_filtered,lightgbm,PAIRED_ENGLISH::paired_english::m139_200114_222743::KiloSort2::26,PAIRED_ENGLISH::paired_english::m139_200114_222743,PAIRED_ENGLISH,0.002940311673037342,0.24304227530956268,0.24010196363652533
main,fmiss,source_plus_reduced_latent_fullctx_lightgbm_filtered,reduced_latent_stack_filtered,lightgbm,PAIRED_ENGLISH::paired_english::m139_200114_222743::KiloSort::88,PAIRED_ENGLISH::paired_english::m139_200114_222743,PAIRED_ENGLISH,0.006174654513378418,0.16513854265213013,0.1589638881387517
main,fmiss,source_plus_reduced_latent_fullctx_lightgbm_filtered,reduced_latent_stack_filtered,lightgbm,PAIRED_ENGLISH::paired_english::m139_200114_222743::MountainSort4::46,PAIRED_ENGLISH::paired_english::m139_200114_222743,PAIRED_ENGLISH,0.00911496618641576,0.1942586600780487,0.18514369389163293
main,fmiss,source_plus_reduced_latent_fullctx_lightgbm_filtered,reduced_latent_stack_filtered,lightgbm,PAIRED_ENGLISH::paired_english::m139_200114_222743::SpykingCircus::44,PAIRED_ENGLISH::paired_english::m139_200114_222743,PAIRED_ENGLISH,0.0020582181711261394,0.18304093182086945,0.1809827136497433
main,fmiss,source_plus_reduced_latent_fullctx_lightgbm_filtered,reduced_latent_stack_filtered,lightgbm,PAIRED_ENGLISH::paired_english::m139_200114_222743::Tridesclous::1,PAIRED_ENGLISH::paired_english::m139_200114_222743,PAIRED_ENGLISH,0.004998529844163481,0.3726240396499634,0.3676255098057999
main,fmiss,source_plus_reduced_latent_fullctx_lightgbm_filtered,reduced_latent_stack_filtered,lightgbm,PAIRED_ENGLISH::paired_english::m14_190326_155432::IronClust::22,PAIRED_ENGLISH::paired_english::m14_190326_155432,PAIRED_ENGLISH,0.13721413721413722,0.3216331899166107,0.1844190527024735
main,fmiss,source_plus_reduced_latent_fullctx_lightgbm_filtered,reduced_latent_stack_filtered,lightgbm,PAIRED_ENGLISH::paired_english::m14_190326_155432::MountainSort4::33,PAIRED_ENGLISH::paired_english::m14_190326_155432,PAIRED_ENGLISH,0.09147609147609148,0.2880134880542755,0.19653739657818403
main,fmiss,source_plus_reduced_latent_fullctx_lightgbm_filtered,reduced_latent_stack_filtered,lightgbm,PAIRED_ENGLISH::paired_english::m14_190326_155432::SpykingCircus::38,PAIRED_ENGLISH::paired_english::m14_190326_155432,PAIRED_ENGLISH,0.079002079002079,0.5954933762550354,0.5164912972529564
main,fmiss,source_plus_reduced_latent_fullctx_lightgbm_filtered,reduced_latent_stack_filtered,lightgbm,PAIRED_ENGLISH::paired_english::m15_190315_142052_cell1::IronClust::40,PAIRED_ENGLISH::paired_english::m15_190315_142052_cell1,PAIRED_ENGLISH,0.24027594305005137,0.2666841447353363,0.026408201685284932
main,fmiss,source_plus_reduced_latent_fullctx_lightgbm_filtered,reduced_latent_stack_filtered,lightgbm,PAIRED_ENGLISH::paired_english::m15_190315_142052_cell1::KiloSort2::48,PAIRED_ENGLISH::paired_english::m15_190315_142052_cell1,PAIRED_ENGLISH,0.3173345075590782,0.1628241240978241,0.15451038346125412
main,fmiss,source_plus_reduced_latent_fullctx_lightgbm_filtered,reduced_latent_stack_filtered,lightgbm,PAIRED_ENGLISH::paired_english::m15_190315_142052_cell1::MountainSort4::62,PAIRED_ENGLISH::paired_english::m15_190315_142052_cell1,PAIRED_ENGLISH,0.5289886980772054,0.20350247621536255,0.32548622186184284
main,fmiss,source_plus_reduced_latent_fullctx_lightgbm_filtered,reduced_latent_stack_filtered,lightgbm,PAIRED_ENGLISH::paired_english::m15_190315_142052_cell1::MountainSort4::64,PAIRED_ENGLISH::paired_english::m15_190315_142052_cell1,PAIRED_ENGLISH,0.6713635696462645,0.5001961588859558,0.17116741076030872
main,fmiss,source_plus_reduced_latent_fullctx_lightgbm_filtered,reduced_latent_stack_filtered,lightgbm,PAIRED_ENGLISH::paired_english::m15_190315_142052_cell1::SpykingCircus::22,PAIRED_ENGLISH::paired_english::m15_190315_142052_cell1,PAIRED_ENGLISH,0.35975341259357113,0.4068024456501007,0.04704903305652958
main,fmiss,source_plus_reduced_latent_fullctx_lightgbm_filtered,reduced_latent_stack_filtered,lightgbm,PAIRED_ENGLISH::paired_english::m15_190315_142052_cell1::SpykingCircus::57,PAIRED_ENGLISH::paired_english::m15_190315_142052_cell1,PAIRED_ENGLISH,0.8711287244972846,0.4799441695213318,0.39118455497595284
main,fmiss,source_plus_reduced_latent_fullctx_lightgbm_filtered,reduced_latent_stack_filtered,lightgbm,PAIRED_ENGLISH::paired_english::m15_190315_152315_cell1::IronClust::35,PAIRED_ENGLISH::paired_english::m15_190315_152315_cell1,PAIRED_ENGLISH,0.04922936853742602,0.23158839344978333,0.1823590249123573
main,fmiss,source_plus_reduced_latent_fullctx_lightgbm_filtered,reduced_latent_stack_filtered,lightgbm,PAIRED_ENGLISH::paired_english::m15_190315_152315_cell1::KiloSort2::37,PAIRED_ENGLISH::paired_english::m15_190315_152315_cell1,PAIRED_ENGLISH,0.0014307082005592768,0.27473002672195435,0.27329931852139505
main,fmiss,source_plus_reduced_latent_fullctx_lightgbm_filtered,reduced_latent_stack_filtered,lightgbm,PAIRED_ENGLISH::paired_english::m15_190315_152315_cell1::KiloSort::1,PAIRED_ENGLISH::paired_english::m15_190315_152315_cell1,PAIRED_ENGLISH,0.003901931456070755,0.21243534982204437,0.2085334183659736
main,fmiss,source_plus_reduced_latent_fullctx_lightgbm_filtered,reduced_latent_stack_filtered,lightgbm,PAIRED_ENGLISH::paired_english::m15_190315_152315_cell1::MountainSort4::72,PAIRED_ENGLISH::paired_english::m15_190315_152315_cell1,PAIRED_ENGLISH,0.03479222214996423,0.3150823414325714,0.28029011928260716
main,fmiss,source_plus_reduced_latent_fullctx_lightgbm_filtered,reduced_latent_stack_filtered,lightgbm,PAIRED_ENGLISH::paired_english::m15_190315_152315_cell1::SpykingCircus::46,PAIRED_ENGLISH::paired_english::m15_190315_152315_cell1,PAIRED_ENGLISH,0.0018859335371008649,0.2452983260154724,0.24341239247837154
main,fmiss,source_plus_reduced_latent_fullctx_lightgbm_filtered,reduced_latent_stack_filtered,lightgbm,PAIRED_ENGLISH::paired_english::m15_190315_152315_cell1::Tridesclous::0,PAIRED_ENGLISH::paired_english::m15_190315_152315_cell1,PAIRED_ENGLISH,0.2026403069519412,0.0954890102148056,0.10715129673713561
main,fmiss,source_plus_reduced_latent_fullctx_lightgbm_filtered,reduced_latent_stack_filtered,lightgbm,PAIRED_ENGLISH::paired_english::m26_190524_100859_cell1::KiloSort2::0,PAIRED_ENGLISH::paired_english::m26_190524_100859_cell1,PAIRED_ENGLISH,0.3453815261044177,0.10442522913217545,0.24095629697224225
main,fmiss,source_plus_reduced_latent_fullctx_lightgbm_filtered,reduced_latent_stack_filtered,lightgbm,PAIRED_ENGLISH::paired_english::m26_190524_100859_cell1::KiloSort::19,PAIRED_ENGLISH::paired_english::m26_190524_100859_cell1,PAIRED_ENGLISH,0.5522088353413654,0.10163107514381409,0.45057776019755136
main,fmiss,source_plus_reduced_latent_fullctx_lightgbm_filtered,reduced_latent_stack_filtered,lightgbm,PAIRED_ENGLISH::paired_english::m26_190524_100859_cell1::KiloSort::8,PAIRED_ENGLISH::paired_english::m26_190524_100859_cell1,PAIRED_ENGLISH,0.7610441767068273,0.07771345227956772,0.6833307244272596
main,fmiss,source_plus_reduced_latent_fullctx_lightgbm_filtered,reduced_latent_stack_filtered,lightgbm,PAIRED_ENGLISH::paired_english::m57_191105_141906::IronClust::6,PAIRED_ENGLISH::paired_english::m57_191105_141906,PAIRED_ENGLISH,0.12826603325415678,0.36190786957740784,0.23364183632325106
main,fmiss,source_plus_reduced_latent_fullctx_lightgbm_filtered,reduced_latent_stack_filtered,lightgbm,PAIRED_ENGLISH::paired_english::m57_191105_141906::KiloSort::47,PAIRED_ENGLISH::paired_english::m57_191105_141906,PAIRED_ENGLISH,0.04829770387965162,0.21009467542171478,0.16179697154206316
main,fmiss,source_plus_reduced_latent_fullctx_lightgbm_filtered,reduced_latent_stack_filtered,lightgbm,PAIRED_ENGLISH::paired_english::m57_191105_141906::MountainSort4::21,PAIRED_ENGLISH::paired_english::m57_191105_141906,PAIRED_ENGLISH,0.1187648456057007,0.26037919521331787,0.14161434960761715
main,fmiss,source_plus_reduced_latent_fullctx_lightgbm_filtered,reduced_latent_stack_filtered,lightgbm,PAIRED_ENGLISH::paired_english::m57_191105_141906::MountainSort4::57,PAIRED_ENGLISH::paired_english::m57_191105_141906,PAIRED_ENGLISH,0.5399841646872525,0.40504568815231323,0.1349384765349393
main,fmiss,source_plus_reduced_latent_fullctx_lightgbm_filtered,reduced_latent_stack_filtered,lightgbm,PAIRED_ENGLISH::paired_english::m57_191105_141906::SpykingCircus::12,PAIRED_ENGLISH::paired_english::m57_191105_141906,PAIRED_ENGLISH,0.5859065716547902,0.6452273726463318,0.05932080099154158
main,fmiss,source_plus_reduced_latent_fullctx_lightgbm_filtered,reduced_latent_stack_filtered,lightgbm,PAIRED_ENGLISH::paired_english::m57_191105_141906::SpykingCircus::30,PAIRED_ENGLISH::paired_english::m57_191105_141906,PAIRED_ENGLISH,0.46872525732383213,0.26329097151756287,0.20543428580626927
main,fmiss,source_plus_reduced_latent_fullctx_lightgbm_filtered,reduced_latent_stack_filtered,lightgbm,PAIRED_ENGLISH::paired_english::m57_191105_160026::HerdingSpikes2::1,PAIRED_ENGLISH::paired_english::m57_191105_160026,PAIRED_ENGLISH,0.7557251908396947,0.14686688780784607,0.6088583030318486
main,fmiss,source_plus_reduced_latent_fullctx_lightgbm_filtered,reduced_latent_stack_filtered,lightgbm,PAIRED_ENGLISH::paired_english::m57_191105_160026::IronClust::2,PAIRED_ENGLISH::paired_english::m57_191105_160026,PAIRED_ENGLISH,0.7206106870229008,0.3902645707130432,0.33034611630985755
main,fmiss,source_plus_reduced_latent_fullctx_lightgbm_filtered,reduced_latent_stack_filtered,lightgbm,PAIRED_ENGLISH::paired_english::m57_191105_160026::IronClust::3,PAIRED_ENGLISH::paired_english::m57_191105_160026,PAIRED_ENGLISH,0.5629770992366412,0.343007355928421,0.21996974330822017
main,fmiss,source_plus_reduced_latent_fullctx_lightgbm_filtered,reduced_latent_stack_filtered,lightgbm,PAIRED_ENGLISH::paired_english::m57_191105_160026::KiloSort::127,PAIRED_ENGLISH::paired_english::m57_191105_160026,PAIRED_ENGLISH,0.7213740458015268,0.4094267189502716,0.31194732685125515
main,fmiss,source_plus_reduced_latent_fullctx_lightgbm_filtered,reduced_latent_stack_filtered,lightgbm,PAIRED_ENGLISH::paired_english::m57_191105_160026::KiloSort::6,PAIRED_ENGLISH::paired_english::m57_191105_160026,PAIRED_ENGLISH,0.5885496183206107,0.41076233983039856,0.17778727849021214
main,fmiss,source_plus_reduced_latent_fullctx_lightgbm_filtered,reduced_latent_stack_filtered,lightgbm,PAIRED_ENGLISH::paired_english::m57_191105_160026::MountainSort4::23,PAIRED_ENGLISH::paired_english::m57_191105_160026,PAIRED_ENGLISH,0.8603053435114504,0.4473421275615692,0.41296321594988117
main,fmiss,source_plus_reduced_latent_fullctx_lightgbm_filtered,reduced_latent_stack_filtered,lightgbm,PAIRED_ENGLISH::paired_english::m57_191105_160026::MountainSort4::25,PAIRED_ENGLISH::paired_english::m57_191105_160026,PAIRED_ENGLISH,0.5545801526717558,0.2437530755996704,0.31082707707208534
main,fmiss,source_plus_reduced_latent_fullctx_lightgbm_filtered,reduced_latent_stack_filtered,lightgbm,PAIRED_ENGLISH::paired_english::m57_191105_160026::SpykingCircus::2,PAIRED_ENGLISH::paired_english::m57_191105_160026,PAIRED_ENGLISH,0.7709923664122137,0.3245593309402466,0.4464330354719671
main,fmiss,source_plus_reduced_latent_fullctx_lightgbm_filtered,reduced_latent_stack_filtered,lightgbm,PAIRED_ENGLISH::paired_english::m57_191105_160026::SpykingCircus::4,PAIRED_ENGLISH::paired_english::m57_191105_160026,PAIRED_ENGLISH,0.5625954198473282,0.41502806544303894,0.14756735440428925
main,fmiss,source_plus_reduced_latent_fullctx_lightgbm_filtered,reduced_latent_stack_filtered,lightgbm,PAIRED_ENGLISH::paired_english::m57_191105_160026::Tridesclous::0,PAIRED_ENGLISH::paired_english::m57_191105_160026,PAIRED_ENGLISH,0.7061068702290076,0.12636235356330872,0.5797445166656989
main,fmiss,source_plus_reduced_latent_fullctx_lightgbm_filtered,reduced_latent_stack_filtered,lightgbm,PAIRED_KAMPFF::paired_kampff::c14::HerdingSpikes2::6,PAIRED_KAMPFF::paired_kampff::c14,PAIRED_KAMPFF,0.35151068533529845,0.6472026109695435,0.295691925634245
main,fmiss,source_plus_reduced_latent_fullctx_lightgbm_filtered,reduced_latent_stack_filtered,lightgbm,PAIRED_KAMPFF::paired_kampff::c14::IronClust::22,PAIRED_KAMPFF::paired_kampff::c14,PAIRED_KAMPFF,0.25036845983787764,0.49591872096061707,0.24555026112273942
main,fmiss,source_plus_reduced_latent_fullctx_lightgbm_filtered,reduced_latent_stack_filtered,lightgbm,PAIRED_KAMPFF::paired_kampff::c14::KiloSort2::37,PAIRED_KAMPFF::paired_kampff::c14,PAIRED_KAMPFF,0.14296241709653648,0.4235157072544098,0.28055329015787334
main,fmiss,source_plus_reduced_latent_fullctx_lightgbm_filtered,reduced_latent_stack_filtered,lightgbm,PAIRED_KAMPFF::paired_kampff::c14::MountainSort4::42,PAIRED_KAMPFF::paired_kampff::c14,PAIRED_KAMPFF,0.32221812822402357,0.38163453340530396,0.059416405181280385
main,fmiss,source_plus_reduced_latent_fullctx_lightgbm_filtered,reduced_latent_stack_filtered,lightgbm,PAIRED_KAMPFF::paired_kampff::c14::SpykingCircus::14,PAIRED_KAMPFF::paired_kampff::c14,PAIRED_KAMPFF,0.21868091378039795,0.48518913984298706,0.2665082260625891
main,fmiss,source_plus_reduced_latent_fullctx_lightgbm_filtered,reduced_latent_stack_filtered,lightgbm,PAIRED_KAMPFF::paired_kampff::c14::Tridesclous::8,PAIRED_KAMPFF::paired_kampff::c14,PAIRED_KAMPFF,0.20910095799557848,0.23442263901233673,0.025321681016758246
main,fmiss,source_plus_reduced_latent_fullctx_lightgbm_filtered,reduced_latent_stack_filtered,lightgbm,PAIRED_MEA64C_YGER::paired_mea64c::20170622_patch1::HerdingSpikes2::19,PAIRED_MEA64C_YGER::paired_mea64c::20170622_patch1,PAIRED_MEA64C_YGER,0.8533362695441533,0.4659697413444519,0.3873665281997014
main,fmiss,source_plus_reduced_latent_fullctx_lightgbm_filtered,reduced_latent_stack_filtered,lightgbm,PAIRED_MEA64C_YGER::paired_mea64c::20170622_patch1::HerdingSpikes2::7,PAIRED_MEA64C_YGER::paired_mea64c::20170622_patch1,PAIRED_MEA64C_YGER,0.18343977097555605,0.23108813166618347,0.04764836069062742
main,fmiss,source_plus_reduced_latent_fullctx_lightgbm_filtered,reduced_latent_stack_filtered,lightgbm,PAIRED_MEA64C_YGER::paired_mea64c::20170622_patch1::IronClust::8,PAIRED_MEA64C_YGER::paired_mea64c::20170622_patch1,PAIRED_MEA64C_YGER,0.027747192248403437,0.03846045210957527,0.010713259861171835
main,fmiss,source_plus_reduced_latent_fullctx_lightgbm_filtered,reduced_latent_stack_filtered,lightgbm,PAIRED_MEA64C_YGER::paired_mea64c::20170622_patch1::KiloSort2::23,PAIRED_MEA64C_YGER::paired_mea64c::20170622_patch1,PAIRED_MEA64C_YGER,0.0008808632459810614,0.2084212750196457,0.20754041177366464
main,fmiss,source_plus_reduced_latent_fullctx_lightgbm_filtered,reduced_latent_stack_filtered,lightgbm,PAIRED_MEA64C_YGER::paired_mea64c::20170622_patch1::KiloSort::64,PAIRED_MEA64C_YGER::paired_mea64c::20170622_patch1,PAIRED_MEA64C_YGER,0.03457388240475666,0.1990610510110855,0.16448716860632884
main,fmiss,source_plus_reduced_latent_fullctx_lightgbm_filtered,reduced_latent_stack_filtered,lightgbm,PAIRED_MEA64C_YGER::paired_mea64c::20170622_patch1::Klusta::4,PAIRED_MEA64C_YGER::paired_mea64c::20170622_patch1,PAIRED_MEA64C_YGER,0.17441092270425015,0.2135191261768341,0.03910820347258395
main,fmiss,source_plus_reduced_latent_fullctx_lightgbm_filtered,reduced_latent_stack_filtered,lightgbm,PAIRED_MEA64C_YGER::paired_mea64c::20170622_patch1::MountainSort4::43,PAIRED_MEA64C_YGER::paired_mea64c::20170622_patch1,PAIRED_MEA64C_YGER,0.02510460251046025,0.16009850800037384,0.13499390548991358
main,fmiss,source_plus_reduced_latent_fullctx_lightgbm_filtered,reduced_latent_stack_filtered,lightgbm,PAIRED_MEA64C_YGER::paired_mea64c::20170622_patch1::SpykingCircus::18,PAIRED_MEA64C_YGER::paired_mea64c::20170622_patch1,PAIRED_MEA64C_YGER,0.0028628055494384495,0.13798834383487701,0.13512553828543855
main,fmiss,source_plus_reduced_latent_fullctx_lightgbm_filtered,reduced_latent_stack_filtered,lightgbm,PAIRED_MEA64C_YGER::paired_mea64c::20170622_patch1::Tridesclous::12,PAIRED_MEA64C_YGER::paired_mea64c::20170622_patch1,PAIRED_MEA64C_YGER,0.026425897379431844,0.13976506888866425,0.1133391715092324
main,fmiss,source_plus_reduced_latent_fullctx_lightgbm_filtered,reduced_latent_stack_filtered,lightgbm,PAIRED_MEA64C_YGER::paired_mea64c::20170622_patch2::HerdingSpikes2::16,PAIRED_MEA64C_YGER::paired_mea64c::20170622_patch2,PAIRED_MEA64C_YGER,0.6606015595989603,0.16462954878807068,0.4959720108108896
main,fmiss,source_plus_reduced_latent_fullctx_lightgbm_filtered,reduced_latent_stack_filtered,lightgbm,PAIRED_MEA64C_YGER::paired_mea64c::20170622_patch2::HerdingSpikes2::44,PAIRED_MEA64C_YGER::paired_mea64c::20170622_patch2,PAIRED_MEA64C_YGER,0.8756034162643892,0.1346960961818695,0.7409073200825197
main,fmiss,source_plus_reduced_latent_fullctx_lightgbm_filtered,reduced_latent_stack_filtered,lightgbm,PAIRED_MEA64C_YGER::paired_mea64c::20170622_patch2::HerdingSpikes2::5,PAIRED_MEA64C_YGER::paired_mea64c::20170622_patch2,PAIRED_MEA64C_YGER,0.008169327887114742,0.01895970106124878,0.010790373174134038
main,fmiss,source_plus_reduced_latent_fullctx_lightgbm_filtered,reduced_latent_stack_filtered,lightgbm,PAIRED_MEA64C_YGER::paired_mea64c::20170622_patch2::IronClust::11,PAIRED_MEA64C_YGER::paired_mea64c::20170622_patch2,PAIRED_MEA64C_YGER,0.0003713330857779428,0.011742458678781986,0.011371125593004043
main,fmiss,source_plus_reduced_latent_fullctx_lightgbm_filtered,reduced_latent_stack_filtered,lightgbm,PAIRED_MEA64C_YGER::paired_mea64c::20170622_patch2::JRClust::31,PAIRED_MEA64C_YGER::paired_mea64c::20170622_patch2,PAIRED_MEA64C_YGER,0.0029706646862235424,0.019802723079919815,0.016832058393696274
main,fmiss,source_plus_reduced_latent_fullctx_lightgbm_filtered,reduced_latent_stack_filtered,lightgbm,PAIRED_MEA64C_YGER::paired_mea64c::20170622_patch2::KiloSort2::33,PAIRED_MEA64C_YGER::paired_mea64c::20170622_patch2,PAIRED_MEA64C_YGER,0.0011139992573338284,0.012920820154249668,0.01180682089691584
main,fmiss,source_plus_reduced_latent_fullctx_lightgbm_filtered,reduced_latent_stack_filtered,lightgbm,PAIRED_MEA64C_YGER::paired_mea64c::20170622_patch2::KiloSort::5,PAIRED_MEA64C_YGER::paired_mea64c::20170622_patch2,PAIRED_MEA64C_YGER,0.0014853323431117712,0.009023020975291729,0.0075376886321799575
main,fmiss,source_plus_reduced_latent_fullctx_lightgbm_filtered,reduced_latent_stack_filtered,lightgbm,PAIRED_MEA64C_YGER::paired_mea64c::20170622_patch2::Klusta::14,PAIRED_MEA64C_YGER::paired_mea64c::20170622_patch2,PAIRED_MEA64C_YGER,0.15893056071295952,0.014743810519576073,0.14418675019338345
main,fmiss,source_plus_reduced_latent_fullctx_lightgbm_filtered,reduced_latent_stack_filtered,lightgbm,PAIRED_MEA64C_YGER::paired_mea64c::20170622_patch2::MountainSort4::31,PAIRED_MEA64C_YGER::paired_mea64c::20170622_patch2,PAIRED_MEA64C_YGER,0.0003713330857779428,0.003407703246921301,0.0030363701611433582
main,fmiss,source_plus_reduced_latent_fullctx_lightgbm_filtered,reduced_latent_stack_filtered,lightgbm,PAIRED_MEA64C_YGER::paired_mea64c::20170622_patch2::SpykingCircus::17,PAIRED_MEA64C_YGER::paired_mea64c::20170622_patch2,PAIRED_MEA64C_YGER,0.0003713330857779428,0.015363452024757862,0.014992118938979919
main,fmiss,source_plus_reduced_latent_fullctx_lightgbm_filtered,reduced_latent_stack_filtered,lightgbm,PAIRED_MEA64C_YGER::paired_mea64c::20170622_patch2::Tridesclous::0,PAIRED_MEA64C_YGER::paired_mea64c::20170622_patch2,PAIRED_MEA64C_YGER,0.0003713330857779428,0.018158819526433945,0.017787486440656003
main,fmiss,source_plus_reduced_latent_fullctx_lightgbm_target_filtered,reduced_latent_stack_target_filtered,lightgbm,PAIRED_BOYDEN::paired_boyden32c::1103_1_1::IronClust::4,PAIRED_BOYDEN::paired_boyden32c::1103_1_1,PAIRED_BOYDEN,0.1661807580174927,0.12839116156101227,0.037789596456480445
main,fmiss,source_plus_reduced_latent_fullctx_lightgbm_target_filtered,reduced_latent_stack_target_filtered,lightgbm,PAIRED_BOYDEN::paired_boyden32c::1103_1_1::JRClust::18,PAIRED_BOYDEN::paired_boyden32c::1103_1_1,PAIRED_BOYDEN,0.08551992225461613,0.19886192679405212,0.11334200453943599
main,fmiss,source_plus_reduced_latent_fullctx_lightgbm_target_filtered,reduced_latent_stack_target_filtered,lightgbm,PAIRED_BOYDEN::paired_boyden32c::1103_1_1::KiloSort2::33,PAIRED_BOYDEN::paired_boyden32c::1103_1_1,PAIRED_BOYDEN,0.42857142857142855,0.23245671391487122,0.19611471465655733
main,fmiss,source_plus_reduced_latent_fullctx_lightgbm_target_filtered,reduced_latent_stack_target_filtered,lightgbm,PAIRED_BOYDEN::paired_boyden32c::1103_1_1::KiloSort2::55,PAIRED_BOYDEN::paired_boyden32c::1103_1_1,PAIRED_BOYDEN,0.8328474246841594,0.39925143122673035,0.43359599345742905
main,fmiss,source_plus_reduced_latent_fullctx_lightgbm_target_filtered,reduced_latent_stack_target_filtered,lightgbm,PAIRED_BOYDEN::paired_boyden32c::1103_1_1::KiloSort2::60,PAIRED_BOYDEN::paired_boyden32c::1103_1_1,PAIRED_BOYDEN,0.7580174927113703,0.34614601731300354,0.41187147539836677
main,fmiss,source_plus_reduced_latent_fullctx_lightgbm_target_filtered,reduced_latent_stack_target_filtered,lightgbm,PAIRED_BOYDEN::paired_boyden32c::1103_1_1::KiloSort::111,PAIRED_BOYDEN::paired_boyden32c::1103_1_1,PAIRED_BOYDEN,0.04081632653061224,0.1480971872806549,0.10728086075004267
main,fmiss,source_plus_reduced_latent_fullctx_lightgbm_target_filtered,reduced_latent_stack_target_filtered,lightgbm,PAIRED_BOYDEN::paired_boyden32c::1103_1_1::Klusta::12,PAIRED_BOYDEN::paired_boyden32c::1103_1_1,PAIRED_BOYDEN,0.17881438289601556,0.178950235247612,0.00013585235159643827
main,fmiss,source_plus_reduced_latent_fullctx_lightgbm_target_filtered,reduced_latent_stack_target_filtered,lightgbm,PAIRED_BOYDEN::paired_boyden32c::1103_1_1::MountainSort4::26,PAIRED_BOYDEN::paired_boyden32c::1103_1_1,PAIRED_BOYDEN,0.03595724003887269,0.1646541953086853,0.12869695526981262
main,fmiss,source_plus_reduced_latent_fullctx_lightgbm_target_filtered,reduced_latent_stack_target_filtered,lightgbm,PAIRED_BOYDEN::paired_boyden32c::1103_1_1::SpykingCircus::27,PAIRED_BOYDEN::paired_boyden32c::1103_1_1,PAIRED_BOYDEN,0.07482993197278912,0.22826750576496124,0.15343757379217213
main,fmiss,source_plus_reduced_latent_fullctx_lightgbm_target_filtered,reduced_latent_stack_target_filtered,lightgbm,PAIRED_BOYDEN::paired_boyden32c::1103_1_1::Tridesclous::3,PAIRED_BOYDEN::paired_boyden32c::1103_1_1,PAIRED_BOYDEN,0.11273080660835763,0.11283735930919647,0.00010655270083884116
main,fmiss,source_plus_reduced_latent_fullctx_lightgbm_target_filtered,reduced_latent_stack_target_filtered,lightgbm,PAIRED_BOYDEN::paired_boyden32c::419_1_8::IronClust::14,PAIRED_BOYDEN::paired_boyden32c::419_1_8,PAIRED_BOYDEN,0.1489691520694466,0.08060616254806519,0.06836298952138142
main,fmiss,source_plus_reduced_latent_fullctx_lightgbm_target_filtered,reduced_latent_stack_target_filtered,lightgbm,PAIRED_BOYDEN::paired_boyden32c::419_1_8::IronClust::4,PAIRED_BOYDEN::paired_boyden32c::419_1_8,PAIRED_BOYDEN,0.3614943419624864,0.21224191784858704,0.14925242411389938
main,fmiss,source_plus_reduced_latent_fullctx_lightgbm_target_filtered,reduced_latent_stack_target_filtered,lightgbm,PAIRED_BOYDEN::paired_boyden32c::419_1_8::JRClust::24,PAIRED_BOYDEN::paired_boyden32c::419_1_8,PAIRED_BOYDEN,0.14617888699426446,0.07307247817516327,0.07310640881910119
main,fmiss,source_plus_reduced_latent_fullctx_lightgbm_target_filtered,reduced_latent_stack_target_filtered,lightgbm,PAIRED_BOYDEN::paired_boyden32c::419_1_8::JRClust::8,PAIRED_BOYDEN::paired_boyden32c::419_1_8,PAIRED_BOYDEN,0.7484110990544102,0.5917091965675354,0.15670190248687477
main,fmiss,source_plus_reduced_latent_fullctx_lightgbm_target_filtered,reduced_latent_stack_target_filtered,lightgbm,PAIRED_BOYDEN::paired_boyden32c::419_1_8::KiloSort2::27,PAIRED_BOYDEN::paired_boyden32c::419_1_8,PAIRED_BOYDEN,0.06696636180437142,0.09112296253442764,0.024156600730056224
main,fmiss,source_plus_reduced_latent_fullctx_lightgbm_target_filtered,reduced_latent_stack_target_filtered,lightgbm,PAIRED_BOYDEN::paired_boyden32c::419_1_8::KiloSort2::46,PAIRED_BOYDEN::paired_boyden32c::419_1_8,PAIRED_BOYDEN,0.11424585335606882,0.16905993223190308,0.054814078875834255
main,fmiss,source_plus_reduced_latent_fullctx_lightgbm_target_filtered,reduced_latent_stack_target_filtered,lightgbm,PAIRED_BOYDEN::paired_boyden32c::419_1_8::KiloSort::17,PAIRED_BOYDEN::paired_boyden32c::419_1_8,PAIRED_BOYDEN,0.13067741435436367,0.12794168293476105,0.0027357314196026217
main,fmiss,source_plus_reduced_latent_fullctx_lightgbm_target_filtered,reduced_latent_stack_target_filtered,lightgbm,PAIRED_BOYDEN::paired_boyden32c::419_1_8::MountainSort4::42,PAIRED_BOYDEN::paired_boyden32c::419_1_8,PAIRED_BOYDEN,0.12261664858161525,0.05591514706611633,0.06670150151549892
main,fmiss,source_plus_reduced_latent_fullctx_lightgbm_target_filtered,reduced_latent_stack_target_filtered,lightgbm,PAIRED_BOYDEN::paired_boyden32c::419_1_8::SpykingCircus::24,PAIRED_BOYDEN::paired_boyden32c::419_1_8,PAIRED_BOYDEN,0.8012711207564719,0.6542994976043701,0.14697162315210177
main,fmiss,source_plus_reduced_latent_fullctx_lightgbm_target_filtered,reduced_latent_stack_target_filtered,lightgbm,PAIRED_BOYDEN::paired_boyden32c::419_1_8::SpykingCircus::28,PAIRED_BOYDEN::paired_boyden32c::419_1_8,PAIRED_BOYDEN,0.12416679584560533,0.09032692760229111,0.033839868243314225
main,fmiss,source_plus_reduced_latent_fullctx_lightgbm_target_filtered,reduced_latent_stack_target_filtered,lightgbm,PAIRED_BOYDEN::paired_boyden32c::419_1_8::Tridesclous::0,PAIRED_BOYDEN::paired_boyden32c::419_1_8,PAIRED_BOYDEN,0.14447372500387537,0.029942799359560013,0.11453092564431536
main,fmiss,source_plus_reduced_latent_fullctx_lightgbm_target_filtered,reduced_latent_stack_target_filtered,lightgbm,PAIRED_CRCNS_HC1::paired_crcns::d11221_d11221.001::SpykingCircus::6,PAIRED_CRCNS_HC1::paired_crcns::d11221_d11221.001,PAIRED_CRCNS_HC1,0.2845528455284553,0.45691511034965515,0.17236226482119987
main,fmiss,source_plus_reduced_latent_fullctx_lightgbm_target_filtered,reduced_latent_stack_target_filtered,lightgbm,PAIRED_CRCNS_HC1::paired_crcns::d11222_d11222.002::IronClust::2,PAIRED_CRCNS_HC1::paired_crcns::d11222_d11222.002,PAIRED_CRCNS_HC1,0.017310252996005325,0.14678128063678741,0.12947102764078208
main,fmiss,source_plus_reduced_latent_fullctx_lightgbm_target_filtered,reduced_latent_stack_target_filtered,lightgbm,PAIRED_CRCNS_HC1::paired_crcns::d11222_d11222.002::JRClust::3,PAIRED_CRCNS_HC1::paired_crcns::d11222_d11222.002,PAIRED_CRCNS_HC1,0.07323568575233022,0.18809573352336884,0.11486004777103861
main,fmiss,source_plus_reduced_latent_fullctx_lightgbm_target_filtered,reduced_latent_stack_target_filtered,lightgbm,PAIRED_CRCNS_HC1::paired_crcns::d11222_d11222.002::KiloSort2::10,PAIRED_CRCNS_HC1::paired_crcns::d11222_d11222.002,PAIRED_CRCNS_HC1,0.5339547270306259,0.11811443418264389,0.41584029284798196
main,fmiss,source_plus_reduced_latent_fullctx_lightgbm_target_filtered,reduced_latent_stack_target_filtered,lightgbm,PAIRED_CRCNS_HC1::paired_crcns::d11222_d11222.002::KiloSort::1,PAIRED_CRCNS_HC1::paired_crcns::d11222_d11222.002,PAIRED_CRCNS_HC1,0.03595206391478029,0.15780788660049438,0.1218558226857141
main,fmiss,source_plus_reduced_latent_fullctx_lightgbm_target_filtered,reduced_latent_stack_target_filtered,lightgbm,PAIRED_CRCNS_HC1::paired_crcns::d11222_d11222.002::Klusta::2,PAIRED_CRCNS_HC1::paired_crcns::d11222_d11222.002,PAIRED_CRCNS_HC1,0.022636484687083888,0.1171233281493187,0.0944868434622348
main,fmiss,source_plus_reduced_latent_fullctx_lightgbm_target_filtered,reduced_latent_stack_target_filtered,lightgbm,PAIRED_CRCNS_HC1::paired_crcns::d11222_d11222.002::MountainSort4::4,PAIRED_CRCNS_HC1::paired_crcns::d11222_d11222.002,PAIRED_CRCNS_HC1,0.20372836218375498,0.08656854927539825,0.11715981290835673
main,fmiss,source_plus_reduced_latent_fullctx_lightgbm_target_filtered,reduced_latent_stack_target_filtered,lightgbm,PAIRED_CRCNS_HC1::paired_crcns::d11222_d11222.002::SpykingCircus::4,PAIRED_CRCNS_HC1::paired_crcns::d11222_d11222.002,PAIRED_CRCNS_HC1,0.1151797603195739,0.17951396107673645,0.06433420075716255
main,fmiss,source_plus_reduced_latent_fullctx_lightgbm_target_filtered,reduced_latent_stack_target_filtered,lightgbm,PAIRED_CRCNS_HC1::paired_crcns::d11222_d11222.002::Tridesclous::0,PAIRED_CRCNS_HC1::paired_crcns::d11222_d11222.002,PAIRED_CRCNS_HC1,0.014647137150466045,0.13922686874866486,0.12457973159819881
main,fmiss,source_plus_reduced_latent_fullctx_lightgbm_target_filtered,reduced_latent_stack_target_filtered,lightgbm,PAIRED_ENGLISH::paired_english::m139_200114_191955::KiloSort2::25,PAIRED_ENGLISH::paired_english::m139_200114_191955,PAIRED_ENGLISH,0.8107276747092185,0.2976553440093994,0.5130723306998191
main,fmiss,source_plus_reduced_latent_fullctx_lightgbm_target_filtered,reduced_latent_stack_target_filtered,lightgbm,PAIRED_ENGLISH::paired_english::m139_200114_191955::MountainSort4::36,PAIRED_ENGLISH::paired_english::m139_200114_191955,PAIRED_ENGLISH,0.6701912909737576,0.3515249192714691,0.3186663717022885
main,fmiss,source_plus_reduced_latent_fullctx_lightgbm_target_filtered,reduced_latent_stack_target_filtered,lightgbm,PAIRED_ENGLISH::paired_english::m139_200114_191955::SpykingCircus::42,PAIRED_ENGLISH::paired_english::m139_200114_191955,PAIRED_ENGLISH,0.8063058733057772,0.6208818554878235,0.1854240178179537
main,fmiss,source_plus_reduced_latent_fullctx_lightgbm_target_filtered,reduced_latent_stack_target_filtered,lightgbm,PAIRED_ENGLISH::paired_english::m139_200114_222743::HerdingSpikes2::5,PAIRED_ENGLISH::paired_english::m139_200114_222743,PAIRED_ENGLISH,0.022052337547780066,0.21791061758995056,0.19585828004217049
main,fmiss,source_plus_reduced_latent_fullctx_lightgbm_target_filtered,reduced_latent_stack_target_filtered,lightgbm,PAIRED_ENGLISH::paired_english::m139_200114_222743::IronClust::17,PAIRED_ENGLISH::paired_english::m139_200114_222743,PAIRED_ENGLISH,0.01587768303440165,0.27472957968711853,0.2588518966527169
main,fmiss,source_plus_reduced_latent_fullctx_lightgbm_target_filtered,reduced_latent_stack_target_filtered,lightgbm,PAIRED_ENGLISH::paired_english::m139_200114_222743::KiloSort2::26,PAIRED_ENGLISH::paired_english::m139_200114_222743,PAIRED_ENGLISH,0.002940311673037342,0.39278703927993774,0.3898467276069004
main,fmiss,source_plus_reduced_latent_fullctx_lightgbm_target_filtered,reduced_latent_stack_target_filtered,lightgbm,PAIRED_ENGLISH::paired_english::m139_200114_222743::KiloSort::88,PAIRED_ENGLISH::paired_english::m139_200114_222743,PAIRED_ENGLISH,0.006174654513378418,0.26954153180122375,0.26336687728784536
main,fmiss,source_plus_reduced_latent_fullctx_lightgbm_target_filtered,reduced_latent_stack_target_filtered,lightgbm,PAIRED_ENGLISH::paired_english::m139_200114_222743::MountainSort4::46,PAIRED_ENGLISH::paired_english::m139_200114_222743,PAIRED_ENGLISH,0.00911496618641576,0.3702608048915863,0.36114583870517053
main,fmiss,source_plus_reduced_latent_fullctx_lightgbm_target_filtered,reduced_latent_stack_target_filtered,lightgbm,PAIRED_ENGLISH::paired_english::m139_200114_222743::SpykingCircus::44,PAIRED_ENGLISH::paired_english::m139_200114_222743,PAIRED_ENGLISH,0.0020582181711261394,0.2059956192970276,0.20393740112590145
main,fmiss,source_plus_reduced_latent_fullctx_lightgbm_target_filtered,reduced_latent_stack_target_filtered,lightgbm,PAIRED_ENGLISH::paired_english::m139_200114_222743::Tridesclous::1,PAIRED_ENGLISH::paired_english::m139_200114_222743,PAIRED_ENGLISH,0.004998529844163481,0.1500113606452942,0.1450128308011307
main,fmiss,source_plus_reduced_latent_fullctx_lightgbm_target_filtered,reduced_latent_stack_target_filtered,lightgbm,PAIRED_ENGLISH::paired_english::m14_190326_155432::IronClust::22,PAIRED_ENGLISH::paired_english::m14_190326_155432,PAIRED_ENGLISH,0.13721413721413722,0.4378345012664795,0.30062036405234227
main,fmiss,source_plus_reduced_latent_fullctx_lightgbm_target_filtered,reduced_latent_stack_target_filtered,lightgbm,PAIRED_ENGLISH::paired_english::m14_190326_155432::MountainSort4::33,PAIRED_ENGLISH::paired_english::m14_190326_155432,PAIRED_ENGLISH,0.09147609147609148,0.44528573751449585,0.35380964603840437
main,fmiss,source_plus_reduced_latent_fullctx_lightgbm_target_filtered,reduced_latent_stack_target_filtered,lightgbm,PAIRED_ENGLISH::paired_english::m14_190326_155432::SpykingCircus::38,PAIRED_ENGLISH::paired_english::m14_190326_155432,PAIRED_ENGLISH,0.079002079002079,0.4563378095626831,0.3773357305606041
main,fmiss,source_plus_reduced_latent_fullctx_lightgbm_target_filtered,reduced_latent_stack_target_filtered,lightgbm,PAIRED_ENGLISH::paired_english::m15_190315_142052_cell1::IronClust::40,PAIRED_ENGLISH::paired_english::m15_190315_142052_cell1,PAIRED_ENGLISH,0.24027594305005137,0.18379788100719452,0.05647806204285685
main,fmiss,source_plus_reduced_latent_fullctx_lightgbm_target_filtered,reduced_latent_stack_target_filtered,lightgbm,PAIRED_ENGLISH::paired_english::m15_190315_142052_cell1::KiloSort2::48,PAIRED_ENGLISH::paired_english::m15_190315_142052_cell1,PAIRED_ENGLISH,0.3173345075590782,0.24265344440937042,0.0746810631497078
main,fmiss,source_plus_reduced_latent_fullctx_lightgbm_target_filtered,reduced_latent_stack_target_filtered,lightgbm,PAIRED_ENGLISH::paired_english::m15_190315_142052_cell1::MountainSort4::62,PAIRED_ENGLISH::paired_english::m15_190315_142052_cell1,PAIRED_ENGLISH,0.5289886980772054,0.3528561592102051,0.1761325388670003
main,fmiss,source_plus_reduced_latent_fullctx_lightgbm_target_filtered,reduced_latent_stack_target_filtered,lightgbm,PAIRED_ENGLISH::paired_english::m15_190315_142052_cell1::MountainSort4::64,PAIRED_ENGLISH::paired_english::m15_190315_142052_cell1,PAIRED_ENGLISH,0.6713635696462645,0.4858444631099701,0.18551910653629444
main,fmiss,source_plus_reduced_latent_fullctx_lightgbm_target_filtered,reduced_latent_stack_target_filtered,lightgbm,PAIRED_ENGLISH::paired_english::m15_190315_142052_cell1::SpykingCircus::22,PAIRED_ENGLISH::paired_english::m15_190315_142052_cell1,PAIRED_ENGLISH,0.35975341259357113,0.48644185066223145,0.12668843806866031
main,fmiss,source_plus_reduced_latent_fullctx_lightgbm_target_filtered,reduced_latent_stack_target_filtered,lightgbm,PAIRED_ENGLISH::paired_english::m15_190315_142052_cell1::SpykingCircus::57,PAIRED_ENGLISH::paired_english::m15_190315_142052_cell1,PAIRED_ENGLISH,0.8711287244972846,0.5809274315834045,0.2902012929138801
main,fmiss,source_plus_reduced_latent_fullctx_lightgbm_target_filtered,reduced_latent_stack_target_filtered,lightgbm,PAIRED_ENGLISH::paired_english::m15_190315_152315_cell1::IronClust::35,PAIRED_ENGLISH::paired_english::m15_190315_152315_cell1,PAIRED_ENGLISH,0.04922936853742602,0.11692187935113907,0.06769251081371305
main,fmiss,source_plus_reduced_latent_fullctx_lightgbm_target_filtered,reduced_latent_stack_target_filtered,lightgbm,PAIRED_ENGLISH::paired_english::m15_190315_152315_cell1::KiloSort2::37,PAIRED_ENGLISH::paired_english::m15_190315_152315_cell1,PAIRED_ENGLISH,0.0014307082005592768,0.04129025340080261,0.03985954520024333
main,fmiss,source_plus_reduced_latent_fullctx_lightgbm_target_filtered,reduced_latent_stack_target_filtered,lightgbm,PAIRED_ENGLISH::paired_english::m15_190315_152315_cell1::KiloSort::1,PAIRED_ENGLISH::paired_english::m15_190315_152315_cell1,PAIRED_ENGLISH,0.003901931456070755,0.08911731094121933,0.08521537948514857
main,fmiss,source_plus_reduced_latent_fullctx_lightgbm_target_filtered,reduced_latent_stack_target_filtered,lightgbm,PAIRED_ENGLISH::paired_english::m15_190315_152315_cell1::MountainSort4::72,PAIRED_ENGLISH::paired_english::m15_190315_152315_cell1,PAIRED_ENGLISH,0.03479222214996423,0.24809423089027405,0.2133020087403098
main,fmiss,source_plus_reduced_latent_fullctx_lightgbm_target_filtered,reduced_latent_stack_target_filtered,lightgbm,PAIRED_ENGLISH::paired_english::m15_190315_152315_cell1::SpykingCircus::46,PAIRED_ENGLISH::paired_english::m15_190315_152315_cell1,PAIRED_ENGLISH,0.0018859335371008649,0.08154535293579102,0.07965941939869015
main,fmiss,source_plus_reduced_latent_fullctx_lightgbm_target_filtered,reduced_latent_stack_target_filtered,lightgbm,PAIRED_ENGLISH::paired_english::m15_190315_152315_cell1::Tridesclous::0,PAIRED_ENGLISH::paired_english::m15_190315_152315_cell1,PAIRED_ENGLISH,0.2026403069519412,0.2140275537967682,0.011387246844826976
main,fmiss,source_plus_reduced_latent_fullctx_lightgbm_target_filtered,reduced_latent_stack_target_filtered,lightgbm,PAIRED_ENGLISH::paired_english::m26_190524_100859_cell1::KiloSort2::0,PAIRED_ENGLISH::paired_english::m26_190524_100859_cell1,PAIRED_ENGLISH,0.3453815261044177,0.35701364278793335,0.011632116683515659
main,fmiss,source_plus_reduced_latent_fullctx_lightgbm_target_filtered,reduced_latent_stack_target_filtered,lightgbm,PAIRED_ENGLISH::paired_english::m26_190524_100859_cell1::KiloSort::19,PAIRED_ENGLISH::paired_english::m26_190524_100859_cell1,PAIRED_ENGLISH,0.5522088353413654,0.2667427659034729,0.28546606943789254
main,fmiss,source_plus_reduced_latent_fullctx_lightgbm_target_filtered,reduced_latent_stack_target_filtered,lightgbm,PAIRED_ENGLISH::paired_english::m26_190524_100859_cell1::KiloSort::8,PAIRED_ENGLISH::paired_english::m26_190524_100859_cell1,PAIRED_ENGLISH,0.7610441767068273,0.2907383143901825,0.47030586231664484
main,fmiss,source_plus_reduced_latent_fullctx_lightgbm_target_filtered,reduced_latent_stack_target_filtered,lightgbm,PAIRED_ENGLISH::paired_english::m57_191105_141906::IronClust::6,PAIRED_ENGLISH::paired_english::m57_191105_141906,PAIRED_ENGLISH,0.12826603325415678,0.4507368803024292,0.32247084704827245
main,fmiss,source_plus_reduced_latent_fullctx_lightgbm_target_filtered,reduced_latent_stack_target_filtered,lightgbm,PAIRED_ENGLISH::paired_english::m57_191105_141906::KiloSort::47,PAIRED_ENGLISH::paired_english::m57_191105_141906,PAIRED_ENGLISH,0.04829770387965162,0.22277432680130005,0.17447662292164842
main,fmiss,source_plus_reduced_latent_fullctx_lightgbm_target_filtered,reduced_latent_stack_target_filtered,lightgbm,PAIRED_ENGLISH::paired_english::m57_191105_141906::MountainSort4::21,PAIRED_ENGLISH::paired_english::m57_191105_141906,PAIRED_ENGLISH,0.1187648456057007,0.2880682349205017,0.169303389314801
main,fmiss,source_plus_reduced_latent_fullctx_lightgbm_target_filtered,reduced_latent_stack_target_filtered,lightgbm,PAIRED_ENGLISH::paired_english::m57_191105_141906::MountainSort4::57,PAIRED_ENGLISH::paired_english::m57_191105_141906,PAIRED_ENGLISH,0.5399841646872525,0.4542382061481476,0.08574595853910494
main,fmiss,source_plus_reduced_latent_fullctx_lightgbm_target_filtered,reduced_latent_stack_target_filtered,lightgbm,PAIRED_ENGLISH::paired_english::m57_191105_141906::SpykingCircus::12,PAIRED_ENGLISH::paired_english::m57_191105_141906,PAIRED_ENGLISH,0.5859065716547902,0.6445761322975159,0.05866956064272566
main,fmiss,source_plus_reduced_latent_fullctx_lightgbm_target_filtered,reduced_latent_stack_target_filtered,lightgbm,PAIRED_ENGLISH::paired_english::m57_191105_141906::SpykingCircus::30,PAIRED_ENGLISH::paired_english::m57_191105_141906,PAIRED_ENGLISH,0.46872525732383213,0.3275163471698761,0.14120891015395604
main,fmiss,source_plus_reduced_latent_fullctx_lightgbm_target_filtered,reduced_latent_stack_target_filtered,lightgbm,PAIRED_ENGLISH::paired_english::m57_191105_160026::HerdingSpikes2::1,PAIRED_ENGLISH::paired_english::m57_191105_160026,PAIRED_ENGLISH,0.7557251908396947,0.16862785816192627,0.5870973326777684
main,fmiss,source_plus_reduced_latent_fullctx_lightgbm_target_filtered,reduced_latent_stack_target_filtered,lightgbm,PAIRED_ENGLISH::paired_english::m57_191105_160026::IronClust::2,PAIRED_ENGLISH::paired_english::m57_191105_160026,PAIRED_ENGLISH,0.7206106870229008,0.30738377571105957,0.4132269113118412
main,fmiss,source_plus_reduced_latent_fullctx_lightgbm_target_filtered,reduced_latent_stack_target_filtered,lightgbm,PAIRED_ENGLISH::paired_english::m57_191105_160026::IronClust::3,PAIRED_ENGLISH::paired_english::m57_191105_160026,PAIRED_ENGLISH,0.5629770992366412,0.3335748016834259,0.22940229755321528
main,fmiss,source_plus_reduced_latent_fullctx_lightgbm_target_filtered,reduced_latent_stack_target_filtered,lightgbm,PAIRED_ENGLISH::paired_english::m57_191105_160026::KiloSort::127,PAIRED_ENGLISH::paired_english::m57_191105_160026,PAIRED_ENGLISH,0.7213740458015268,0.28154894709587097,0.4398250987056558
main,fmiss,source_plus_reduced_latent_fullctx_lightgbm_target_filtered,reduced_latent_stack_target_filtered,lightgbm,PAIRED_ENGLISH::paired_english::m57_191105_160026::KiloSort::6,PAIRED_ENGLISH::paired_english::m57_191105_160026,PAIRED_ENGLISH,0.5885496183206107,0.3420235514640808,0.2465260668565299
main,fmiss,source_plus_reduced_latent_fullctx_lightgbm_target_filtered,reduced_latent_stack_target_filtered,lightgbm,PAIRED_ENGLISH::paired_english::m57_191105_160026::MountainSort4::23,PAIRED_ENGLISH::paired_english::m57_191105_160026,PAIRED_ENGLISH,0.8603053435114504,0.5479135513305664,0.312391792180884
main,fmiss,source_plus_reduced_latent_fullctx_lightgbm_target_filtered,reduced_latent_stack_target_filtered,lightgbm,PAIRED_ENGLISH::paired_english::m57_191105_160026::MountainSort4::25,PAIRED_ENGLISH::paired_english::m57_191105_160026,PAIRED_ENGLISH,0.5545801526717558,0.23481015861034393,0.3197699940614118
main,fmiss,source_plus_reduced_latent_fullctx_lightgbm_target_filtered,reduced_latent_stack_target_filtered,lightgbm,PAIRED_ENGLISH::paired_english::m57_191105_160026::SpykingCircus::2,PAIRED_ENGLISH::paired_english::m57_191105_160026,PAIRED_ENGLISH,0.7709923664122137,0.2445160448551178,0.5264763215570959
main,fmiss,source_plus_reduced_latent_fullctx_lightgbm_target_filtered,reduced_latent_stack_target_filtered,lightgbm,PAIRED_ENGLISH::paired_english::m57_191105_160026::SpykingCircus::4,PAIRED_ENGLISH::paired_english::m57_191105_160026,PAIRED_ENGLISH,0.5625954198473282,0.37876346707344055,0.18383195277388764
main,fmiss,source_plus_reduced_latent_fullctx_lightgbm_target_filtered,reduced_latent_stack_target_filtered,lightgbm,PAIRED_ENGLISH::paired_english::m57_191105_160026::Tridesclous::0,PAIRED_ENGLISH::paired_english::m57_191105_160026,PAIRED_ENGLISH,0.7061068702290076,0.05355045199394226,0.6525564182350654
main,fmiss,source_plus_reduced_latent_fullctx_lightgbm_target_filtered,reduced_latent_stack_target_filtered,lightgbm,PAIRED_KAMPFF::paired_kampff::c14::HerdingSpikes2::6,PAIRED_KAMPFF::paired_kampff::c14,PAIRED_KAMPFF,0.35151068533529845,0.39514628052711487,0.04363559519181642
main,fmiss,source_plus_reduced_latent_fullctx_lightgbm_target_filtered,reduced_latent_stack_target_filtered,lightgbm,PAIRED_KAMPFF::paired_kampff::c14::IronClust::22,PAIRED_KAMPFF::paired_kampff::c14,PAIRED_KAMPFF,0.25036845983787764,0.35352057218551636,0.10315211234763871
main,fmiss,source_plus_reduced_latent_fullctx_lightgbm_target_filtered,reduced_latent_stack_target_filtered,lightgbm,PAIRED_KAMPFF::paired_kampff::c14::KiloSort2::37,PAIRED_KAMPFF::paired_kampff::c14,PAIRED_KAMPFF,0.14296241709653648,0.24809737503528595,0.10513495793874947
main,fmiss,source_plus_reduced_latent_fullctx_lightgbm_target_filtered,reduced_latent_stack_target_filtered,lightgbm,PAIRED_KAMPFF::paired_kampff::c14::MountainSort4::42,PAIRED_KAMPFF::paired_kampff::c14,PAIRED_KAMPFF,0.32221812822402357,0.2558338940143585,0.06638423420966505
main,fmiss,source_plus_reduced_latent_fullctx_lightgbm_target_filtered,reduced_latent_stack_target_filtered,lightgbm,PAIRED_KAMPFF::paired_kampff::c14::SpykingCircus::14,PAIRED_KAMPFF::paired_kampff::c14,PAIRED_KAMPFF,0.21868091378039795,0.29717254638671875,0.0784916326063208
main,fmiss,source_plus_reduced_latent_fullctx_lightgbm_target_filtered,reduced_latent_stack_target_filtered,lightgbm,PAIRED_KAMPFF::paired_kampff::c14::Tridesclous::8,PAIRED_KAMPFF::paired_kampff::c14,PAIRED_KAMPFF,0.20910095799557848,0.12032365053892136,0.08877730745665713
main,fmiss,source_plus_reduced_latent_fullctx_lightgbm_target_filtered,reduced_latent_stack_target_filtered,lightgbm,PAIRED_MEA64C_YGER::paired_mea64c::20170622_patch1::HerdingSpikes2::19,PAIRED_MEA64C_YGER::paired_mea64c::20170622_patch1,PAIRED_MEA64C_YGER,0.8533362695441533,0.7145670056343079,0.13876926390984545
main,fmiss,source_plus_reduced_latent_fullctx_lightgbm_target_filtered,reduced_latent_stack_target_filtered,lightgbm,PAIRED_MEA64C_YGER::paired_mea64c::20170622_patch1::HerdingSpikes2::7,PAIRED_MEA64C_YGER::paired_mea64c::20170622_patch1,PAIRED_MEA64C_YGER,0.18343977097555605,0.2559507191181183,0.07251094814256223
main,fmiss,source_plus_reduced_latent_fullctx_lightgbm_target_filtered,reduced_latent_stack_target_filtered,lightgbm,PAIRED_MEA64C_YGER::paired_mea64c::20170622_patch1::IronClust::8,PAIRED_MEA64C_YGER::paired_mea64c::20170622_patch1,PAIRED_MEA64C_YGER,0.027747192248403437,0.02339225262403488,0.0043549396243685555
main,fmiss,source_plus_reduced_latent_fullctx_lightgbm_target_filtered,reduced_latent_stack_target_filtered,lightgbm,PAIRED_MEA64C_YGER::paired_mea64c::20170622_patch1::KiloSort2::23,PAIRED_MEA64C_YGER::paired_mea64c::20170622_patch1,PAIRED_MEA64C_YGER,0.0008808632459810614,0.04971231147646904,0.048831448230487975
main,fmiss,source_plus_reduced_latent_fullctx_lightgbm_target_filtered,reduced_latent_stack_target_filtered,lightgbm,PAIRED_MEA64C_YGER::paired_mea64c::20170622_patch1::KiloSort::64,PAIRED_MEA64C_YGER::paired_mea64c::20170622_patch1,PAIRED_MEA64C_YGER,0.03457388240475666,0.05928477644920349,0.024710894044446832
main,fmiss,source_plus_reduced_latent_fullctx_lightgbm_target_filtered,reduced_latent_stack_target_filtered,lightgbm,PAIRED_MEA64C_YGER::paired_mea64c::20170622_patch1::Klusta::4,PAIRED_MEA64C_YGER::paired_mea64c::20170622_patch1,PAIRED_MEA64C_YGER,0.17441092270425015,0.04437251761555672,0.13003840508869344
main,fmiss,source_plus_reduced_latent_fullctx_lightgbm_target_filtered,reduced_latent_stack_target_filtered,lightgbm,PAIRED_MEA64C_YGER::paired_mea64c::20170622_patch1::MountainSort4::43,PAIRED_MEA64C_YGER::paired_mea64c::20170622_patch1,PAIRED_MEA64C_YGER,0.02510460251046025,0.14917925000190735,0.1240746474914471
main,fmiss,source_plus_reduced_latent_fullctx_lightgbm_target_filtered,reduced_latent_stack_target_filtered,lightgbm,PAIRED_MEA64C_YGER::paired_mea64c::20170622_patch1::SpykingCircus::18,PAIRED_MEA64C_YGER::paired_mea64c::20170622_patch1,PAIRED_MEA64C_YGER,0.0028628055494384495,0.04653549939393997,0.04367269384450152
main,fmiss,source_plus_reduced_latent_fullctx_lightgbm_target_filtered,reduced_latent_stack_target_filtered,lightgbm,PAIRED_MEA64C_YGER::paired_mea64c::20170622_patch1::Tridesclous::12,PAIRED_MEA64C_YGER::paired_mea64c::20170622_patch1,PAIRED_MEA64C_YGER,0.026425897379431844,0.04153623431921005,0.015110336939778209
main,fmiss,source_plus_reduced_latent_fullctx_lightgbm_target_filtered,reduced_latent_stack_target_filtered,lightgbm,PAIRED_MEA64C_YGER::paired_mea64c::20170622_patch2::HerdingSpikes2::16,PAIRED_MEA64C_YGER::paired_mea64c::20170622_patch2,PAIRED_MEA64C_YGER,0.6606015595989603,0.3374687433242798,0.3231328162746805
main,fmiss,source_plus_reduced_latent_fullctx_lightgbm_target_filtered,reduced_latent_stack_target_filtered,lightgbm,PAIRED_MEA64C_YGER::paired_mea64c::20170622_patch2::HerdingSpikes2::44,PAIRED_MEA64C_YGER::paired_mea64c::20170622_patch2,PAIRED_MEA64C_YGER,0.8756034162643892,0.5799448490142822,0.295658567250107
main,fmiss,source_plus_reduced_latent_fullctx_lightgbm_target_filtered,reduced_latent_stack_target_filtered,lightgbm,PAIRED_MEA64C_YGER::paired_mea64c::20170622_patch2::HerdingSpikes2::5,PAIRED_MEA64C_YGER::paired_mea64c::20170622_patch2,PAIRED_MEA64C_YGER,0.008169327887114742,0.023774854838848114,0.015605526951733372
main,fmiss,source_plus_reduced_latent_fullctx_lightgbm_target_filtered,reduced_latent_stack_target_filtered,lightgbm,PAIRED_MEA64C_YGER::paired_mea64c::20170622_patch2::IronClust::11,PAIRED_MEA64C_YGER::paired_mea64c::20170622_patch2,PAIRED_MEA64C_YGER,0.0003713330857779428,0.006100247148424387,0.005728914062646444
main,fmiss,source_plus_reduced_latent_fullctx_lightgbm_target_filtered,reduced_latent_stack_target_filtered,lightgbm,PAIRED_MEA64C_YGER::paired_mea64c::20170622_patch2::JRClust::31,PAIRED_MEA64C_YGER::paired_mea64c::20170622_patch2,PAIRED_MEA64C_YGER,0.0029706646862235424,0.007597811054438353,0.00462714636821481
main,fmiss,source_plus_reduced_latent_fullctx_lightgbm_target_filtered,reduced_latent_stack_target_filtered,lightgbm,PAIRED_MEA64C_YGER::paired_mea64c::20170622_patch2::KiloSort2::33,PAIRED_MEA64C_YGER::paired_mea64c::20170622_patch2,PAIRED_MEA64C_YGER,0.0011139992573338284,0.006349923554807901,0.005235924297474073
main,fmiss,source_plus_reduced_latent_fullctx_lightgbm_target_filtered,reduced_latent_stack_target_filtered,lightgbm,PAIRED_MEA64C_YGER::paired_mea64c::20170622_patch2::KiloSort::5,PAIRED_MEA64C_YGER::paired_mea64c::20170622_patch2,PAIRED_MEA64C_YGER,0.0014853323431117712,0.005806439556181431,0.004321107213069659
main,fmiss,source_plus_reduced_latent_fullctx_lightgbm_target_filtered,reduced_latent_stack_target_filtered,lightgbm,PAIRED_MEA64C_YGER::paired_mea64c::20170622_patch2::Klusta::14,PAIRED_MEA64C_YGER::paired_mea64c::20170622_patch2,PAIRED_MEA64C_YGER,0.15893056071295952,0.009829336777329445,0.14910122393563008
main,fmiss,source_plus_reduced_latent_fullctx_lightgbm_target_filtered,reduced_latent_stack_target_filtered,lightgbm,PAIRED_MEA64C_YGER::paired_mea64c::20170622_patch2::MountainSort4::31,PAIRED_MEA64C_YGER::paired_mea64c::20170622_patch2,PAIRED_MEA64C_YGER,0.0003713330857779428,0.003962957300245762,0.0035916242144678192
main,fmiss,source_plus_reduced_latent_fullctx_lightgbm_target_filtered,reduced_latent_stack_target_filtered,lightgbm,PAIRED_MEA64C_YGER::paired_mea64c::20170622_patch2::SpykingCircus::17,PAIRED_MEA64C_YGER::paired_mea64c::20170622_patch2,PAIRED_MEA64C_YGER,0.0003713330857779428,0.006270570680499077,0.005899237594721134
main,fmiss,source_plus_reduced_latent_fullctx_lightgbm_target_filtered,reduced_latent_stack_target_filtered,lightgbm,PAIRED_MEA64C_YGER::paired_mea64c::20170622_patch2::Tridesclous::0,PAIRED_MEA64C_YGER::paired_mea64c::20170622_patch2,PAIRED_MEA64C_YGER,0.0003713330857779428,0.0073136198334395885,0.006942286747661646
main,fmiss,source_plus_reduced_latent_fullctx_xgboost,reduced_latent_stack,xgboost,PAIRED_BOYDEN::paired_boyden32c::1103_1_1::IronClust::4,PAIRED_BOYDEN::paired_boyden32c::1103_1_1,PAIRED_BOYDEN,0.1661807580174927,0.10261934250593185,0.06356141551156086
main,fmiss,source_plus_reduced_latent_fullctx_xgboost,reduced_latent_stack,xgboost,PAIRED_BOYDEN::paired_boyden32c::1103_1_1::JRClust::18,PAIRED_BOYDEN::paired_boyden32c::1103_1_1,PAIRED_BOYDEN,0.08551992225461613,0.29544520378112793,0.2099252815265118
main,fmiss,source_plus_reduced_latent_fullctx_xgboost,reduced_latent_stack,xgboost,PAIRED_BOYDEN::paired_boyden32c::1103_1_1::KiloSort2::33,PAIRED_BOYDEN::paired_boyden32c::1103_1_1,PAIRED_BOYDEN,0.42857142857142855,0.4468277394771576,0.018256310905729045
main,fmiss,source_plus_reduced_latent_fullctx_xgboost,reduced_latent_stack,xgboost,PAIRED_BOYDEN::paired_boyden32c::1103_1_1::KiloSort2::55,PAIRED_BOYDEN::paired_boyden32c::1103_1_1,PAIRED_BOYDEN,0.8328474246841594,0.4333344101905823,0.3995130144935771
main,fmiss,source_plus_reduced_latent_fullctx_xgboost,reduced_latent_stack,xgboost,PAIRED_BOYDEN::paired_boyden32c::1103_1_1::KiloSort2::60,PAIRED_BOYDEN::paired_boyden32c::1103_1_1,PAIRED_BOYDEN,0.7580174927113703,0.27479398250579834,0.48322351020557197
main,fmiss,source_plus_reduced_latent_fullctx_xgboost,reduced_latent_stack,xgboost,PAIRED_BOYDEN::paired_boyden32c::1103_1_1::KiloSort::111,PAIRED_BOYDEN::paired_boyden32c::1103_1_1,PAIRED_BOYDEN,0.04081632653061224,0.24587206542491913,0.2050557388943069
main,fmiss,source_plus_reduced_latent_fullctx_xgboost,reduced_latent_stack,xgboost,PAIRED_BOYDEN::paired_boyden32c::1103_1_1::Klusta::12,PAIRED_BOYDEN::paired_boyden32c::1103_1_1,PAIRED_BOYDEN,0.17881438289601556,0.19745413959026337,0.018639756694247805
main,fmiss,source_plus_reduced_latent_fullctx_xgboost,reduced_latent_stack,xgboost,PAIRED_BOYDEN::paired_boyden32c::1103_1_1::MountainSort4::26,PAIRED_BOYDEN::paired_boyden32c::1103_1_1,PAIRED_BOYDEN,0.03595724003887269,0.2843914330005646,0.2484341929616919
main,fmiss,source_plus_reduced_latent_fullctx_xgboost,reduced_latent_stack,xgboost,PAIRED_BOYDEN::paired_boyden32c::1103_1_1::SpykingCircus::27,PAIRED_BOYDEN::paired_boyden32c::1103_1_1,PAIRED_BOYDEN,0.07482993197278912,0.3088928461074829,0.2340629141346938
main,fmiss,source_plus_reduced_latent_fullctx_xgboost,reduced_latent_stack,xgboost,PAIRED_BOYDEN::paired_boyden32c::1103_1_1::Tridesclous::3,PAIRED_BOYDEN::paired_boyden32c::1103_1_1,PAIRED_BOYDEN,0.11273080660835763,0.19856582581996918,0.08583501921161155
main,fmiss,source_plus_reduced_latent_fullctx_xgboost,reduced_latent_stack,xgboost,PAIRED_BOYDEN::paired_boyden32c::419_1_8::IronClust::14,PAIRED_BOYDEN::paired_boyden32c::419_1_8,PAIRED_BOYDEN,0.1489691520694466,0.07969467341899872,0.06927447865044789
main,fmiss,source_plus_reduced_latent_fullctx_xgboost,reduced_latent_stack,xgboost,PAIRED_BOYDEN::paired_boyden32c::419_1_8::IronClust::4,PAIRED_BOYDEN::paired_boyden32c::419_1_8,PAIRED_BOYDEN,0.3614943419624864,0.08862471580505371,0.2728696261574327
main,fmiss,source_plus_reduced_latent_fullctx_xgboost,reduced_latent_stack,xgboost,PAIRED_BOYDEN::paired_boyden32c::419_1_8::JRClust::24,PAIRED_BOYDEN::paired_boyden32c::419_1_8,PAIRED_BOYDEN,0.14617888699426446,0.07865088433027267,0.06752800266399178
main,fmiss,source_plus_reduced_latent_fullctx_xgboost,reduced_latent_stack,xgboost,PAIRED_BOYDEN::paired_boyden32c::419_1_8::JRClust::8,PAIRED_BOYDEN::paired_boyden32c::419_1_8,PAIRED_BOYDEN,0.7484110990544102,0.3853575885295868,0.3630535105248234
main,fmiss,source_plus_reduced_latent_fullctx_xgboost,reduced_latent_stack,xgboost,PAIRED_BOYDEN::paired_boyden32c::419_1_8::KiloSort2::27,PAIRED_BOYDEN::paired_boyden32c::419_1_8,PAIRED_BOYDEN,0.06696636180437142,0.05115816369652748,0.015808198107843938
main,fmiss,source_plus_reduced_latent_fullctx_xgboost,reduced_latent_stack,xgboost,PAIRED_BOYDEN::paired_boyden32c::419_1_8::KiloSort2::46,PAIRED_BOYDEN::paired_boyden32c::419_1_8,PAIRED_BOYDEN,0.11424585335606882,0.09036649763584137,0.023879355720227452
main,fmiss,source_plus_reduced_latent_fullctx_xgboost,reduced_latent_stack,xgboost,PAIRED_BOYDEN::paired_boyden32c::419_1_8::KiloSort::17,PAIRED_BOYDEN::paired_boyden32c::419_1_8,PAIRED_BOYDEN,0.13067741435436367,0.06334420293569565,0.06733321141866802
main,fmiss,source_plus_reduced_latent_fullctx_xgboost,reduced_latent_stack,xgboost,PAIRED_BOYDEN::paired_boyden32c::419_1_8::MountainSort4::42,PAIRED_BOYDEN::paired_boyden32c::419_1_8,PAIRED_BOYDEN,0.12261664858161525,0.08709584176540375,0.0355208068162115
main,fmiss,source_plus_reduced_latent_fullctx_xgboost,reduced_latent_stack,xgboost,PAIRED_BOYDEN::paired_boyden32c::419_1_8::SpykingCircus::24,PAIRED_BOYDEN::paired_boyden32c::419_1_8,PAIRED_BOYDEN,0.8012711207564719,0.4391574263572693,0.3621136943992026
main,fmiss,source_plus_reduced_latent_fullctx_xgboost,reduced_latent_stack,xgboost,PAIRED_BOYDEN::paired_boyden32c::419_1_8::SpykingCircus::28,PAIRED_BOYDEN::paired_boyden32c::419_1_8,PAIRED_BOYDEN,0.12416679584560533,0.07463662326335907,0.04953017258224626
main,fmiss,source_plus_reduced_latent_fullctx_xgboost,reduced_latent_stack,xgboost,PAIRED_BOYDEN::paired_boyden32c::419_1_8::Tridesclous::0,PAIRED_BOYDEN::paired_boyden32c::419_1_8,PAIRED_BOYDEN,0.14447372500387537,0.04037991166114807,0.1040938133427273
main,fmiss,source_plus_reduced_latent_fullctx_xgboost,reduced_latent_stack,xgboost,PAIRED_CRCNS_HC1::paired_crcns::d11221_d11221.001::SpykingCircus::6,PAIRED_CRCNS_HC1::paired_crcns::d11221_d11221.001,PAIRED_CRCNS_HC1,0.2845528455284553,0.363829106092453,0.07927626056399772
main,fmiss,source_plus_reduced_latent_fullctx_xgboost,reduced_latent_stack,xgboost,PAIRED_CRCNS_HC1::paired_crcns::d11222_d11222.002::IronClust::2,PAIRED_CRCNS_HC1::paired_crcns::d11222_d11222.002,PAIRED_CRCNS_HC1,0.017310252996005325,0.22588402032852173,0.2085737673325164
main,fmiss,source_plus_reduced_latent_fullctx_xgboost,reduced_latent_stack,xgboost,PAIRED_CRCNS_HC1::paired_crcns::d11222_d11222.002::JRClust::3,PAIRED_CRCNS_HC1::paired_crcns::d11222_d11222.002,PAIRED_CRCNS_HC1,0.07323568575233022,0.3380124568939209,0.2647767711415907
main,fmiss,source_plus_reduced_latent_fullctx_xgboost,reduced_latent_stack,xgboost,PAIRED_CRCNS_HC1::paired_crcns::d11222_d11222.002::KiloSort2::10,PAIRED_CRCNS_HC1::paired_crcns::d11222_d11222.002,PAIRED_CRCNS_HC1,0.5339547270306259,0.3149332106113434,0.21902151641928247
main,fmiss,source_plus_reduced_latent_fullctx_xgboost,reduced_latent_stack,xgboost,PAIRED_CRCNS_HC1::paired_crcns::d11222_d11222.002::KiloSort::1,PAIRED_CRCNS_HC1::paired_crcns::d11222_d11222.002,PAIRED_CRCNS_HC1,0.03595206391478029,0.20028872787952423,0.16433666396474395
main,fmiss,source_plus_reduced_latent_fullctx_xgboost,reduced_latent_stack,xgboost,PAIRED_CRCNS_HC1::paired_crcns::d11222_d11222.002::Klusta::2,PAIRED_CRCNS_HC1::paired_crcns::d11222_d11222.002,PAIRED_CRCNS_HC1,0.022636484687083888,0.21372276544570923,0.19108628075862533
main,fmiss,source_plus_reduced_latent_fullctx_xgboost,reduced_latent_stack,xgboost,PAIRED_CRCNS_HC1::paired_crcns::d11222_d11222.002::MountainSort4::4,PAIRED_CRCNS_HC1::paired_crcns::d11222_d11222.002,PAIRED_CRCNS_HC1,0.20372836218375498,0.21140111982822418,0.0076727576444692025
main,fmiss,source_plus_reduced_latent_fullctx_xgboost,reduced_latent_stack,xgboost,PAIRED_CRCNS_HC1::paired_crcns::d11222_d11222.002::SpykingCircus::4,PAIRED_CRCNS_HC1::paired_crcns::d11222_d11222.002,PAIRED_CRCNS_HC1,0.1151797603195739,0.3833935558795929,0.268213795560019
main,fmiss,source_plus_reduced_latent_fullctx_xgboost,reduced_latent_stack,xgboost,PAIRED_CRCNS_HC1::paired_crcns::d11222_d11222.002::Tridesclous::0,PAIRED_CRCNS_HC1::paired_crcns::d11222_d11222.002,PAIRED_CRCNS_HC1,0.014647137150466045,0.11750128120183945,0.1028541440513734
main,fmiss,source_plus_reduced_latent_fullctx_xgboost,reduced_latent_stack,xgboost,PAIRED_ENGLISH::paired_english::m139_200114_191955::KiloSort2::25,PAIRED_ENGLISH::paired_english::m139_200114_191955,PAIRED_ENGLISH,0.8107276747092185,0.25249630212783813,0.5582313725813803
main,fmiss,source_plus_reduced_latent_fullctx_xgboost,reduced_latent_stack,xgboost,PAIRED_ENGLISH::paired_english::m139_200114_191955::MountainSort4::36,PAIRED_ENGLISH::paired_english::m139_200114_191955,PAIRED_ENGLISH,0.6701912909737576,0.34764763712882996,0.32254365384492767
main,fmiss,source_plus_reduced_latent_fullctx_xgboost,reduced_latent_stack,xgboost,PAIRED_ENGLISH::paired_english::m139_200114_191955::SpykingCircus::42,PAIRED_ENGLISH::paired_english::m139_200114_191955,PAIRED_ENGLISH,0.8063058733057772,0.5673544406890869,0.23895143261669027
main,fmiss,source_plus_reduced_latent_fullctx_xgboost,reduced_latent_stack,xgboost,PAIRED_ENGLISH::paired_english::m139_200114_222743::HerdingSpikes2::5,PAIRED_ENGLISH::paired_english::m139_200114_222743,PAIRED_ENGLISH,0.022052337547780066,0.13817355036735535,0.11612121281957528
main,fmiss,source_plus_reduced_latent_fullctx_xgboost,reduced_latent_stack,xgboost,PAIRED_ENGLISH::paired_english::m139_200114_222743::IronClust::17,PAIRED_ENGLISH::paired_english::m139_200114_222743,PAIRED_ENGLISH,0.01587768303440165,0.18355268239974976,0.1676749993653481
main,fmiss,source_plus_reduced_latent_fullctx_xgboost,reduced_latent_stack,xgboost,PAIRED_ENGLISH::paired_english::m139_200114_222743::KiloSort2::26,PAIRED_ENGLISH::paired_english::m139_200114_222743,PAIRED_ENGLISH,0.002940311673037342,0.24610306322574615,0.2431627515527088
main,fmiss,source_plus_reduced_latent_fullctx_xgboost,reduced_latent_stack,xgboost,PAIRED_ENGLISH::paired_english::m139_200114_222743::KiloSort::88,PAIRED_ENGLISH::paired_english::m139_200114_222743,PAIRED_ENGLISH,0.006174654513378418,0.2006022036075592,0.19442754909418078
main,fmiss,source_plus_reduced_latent_fullctx_xgboost,reduced_latent_stack,xgboost,PAIRED_ENGLISH::paired_english::m139_200114_222743::MountainSort4::46,PAIRED_ENGLISH::paired_english::m139_200114_222743,PAIRED_ENGLISH,0.00911496618641576,0.20998743176460266,0.2008724655781869
main,fmiss,source_plus_reduced_latent_fullctx_xgboost,reduced_latent_stack,xgboost,PAIRED_ENGLISH::paired_english::m139_200114_222743::SpykingCircus::44,PAIRED_ENGLISH::paired_english::m139_200114_222743,PAIRED_ENGLISH,0.0020582181711261394,0.13855072855949402,0.13649251038836788
main,fmiss,source_plus_reduced_latent_fullctx_xgboost,reduced_latent_stack,xgboost,PAIRED_ENGLISH::paired_english::m139_200114_222743::Tridesclous::1,PAIRED_ENGLISH::paired_english::m139_200114_222743,PAIRED_ENGLISH,0.004998529844163481,0.05188090726733208,0.04688237742316859
main,fmiss,source_plus_reduced_latent_fullctx_xgboost,reduced_latent_stack,xgboost,PAIRED_ENGLISH::paired_english::m14_190326_155432::IronClust::22,PAIRED_ENGLISH::paired_english::m14_190326_155432,PAIRED_ENGLISH,0.13721413721413722,0.3576681911945343,0.22045405398039708
main,fmiss,source_plus_reduced_latent_fullctx_xgboost,reduced_latent_stack,xgboost,PAIRED_ENGLISH::paired_english::m14_190326_155432::MountainSort4::33,PAIRED_ENGLISH::paired_english::m14_190326_155432,PAIRED_ENGLISH,0.09147609147609148,0.4394618272781372,0.3479857358020457
main,fmiss,source_plus_reduced_latent_fullctx_xgboost,reduced_latent_stack,xgboost,PAIRED_ENGLISH::paired_english::m14_190326_155432::SpykingCircus::38,PAIRED_ENGLISH::paired_english::m14_190326_155432,PAIRED_ENGLISH,0.079002079002079,0.662826418876648,0.5838243398745689
main,fmiss,source_plus_reduced_latent_fullctx_xgboost,reduced_latent_stack,xgboost,PAIRED_ENGLISH::paired_english::m15_190315_142052_cell1::IronClust::40,PAIRED_ENGLISH::paired_english::m15_190315_142052_cell1,PAIRED_ENGLISH,0.24027594305005137,0.16647955775260925,0.07379638529744212
main,fmiss,source_plus_reduced_latent_fullctx_xgboost,reduced_latent_stack,xgboost,PAIRED_ENGLISH::paired_english::m15_190315_142052_cell1::KiloSort2::48,PAIRED_ENGLISH::paired_english::m15_190315_142052_cell1,PAIRED_ENGLISH,0.3173345075590782,0.10818891227245331,0.2091455952866249
main,fmiss,source_plus_reduced_latent_fullctx_xgboost,reduced_latent_stack,xgboost,PAIRED_ENGLISH::paired_english::m15_190315_142052_cell1::MountainSort4::62,PAIRED_ENGLISH::paired_english::m15_190315_142052_cell1,PAIRED_ENGLISH,0.5289886980772054,0.14552533626556396,0.3834633618116414
main,fmiss,source_plus_reduced_latent_fullctx_xgboost,reduced_latent_stack,xgboost,PAIRED_ENGLISH::paired_english::m15_190315_142052_cell1::MountainSort4::64,PAIRED_ENGLISH::paired_english::m15_190315_142052_cell1,PAIRED_ENGLISH,0.6713635696462645,0.3277904689311981,0.3435731007150664
main,fmiss,source_plus_reduced_latent_fullctx_xgboost,reduced_latent_stack,xgboost,PAIRED_ENGLISH::paired_english::m15_190315_142052_cell1::SpykingCircus::22,PAIRED_ENGLISH::paired_english::m15_190315_142052_cell1,PAIRED_ENGLISH,0.35975341259357113,0.2427421361207962,0.11701127647277493
main,fmiss,source_plus_reduced_latent_fullctx_xgboost,reduced_latent_stack,xgboost,PAIRED_ENGLISH::paired_english::m15_190315_142052_cell1::SpykingCircus::57,PAIRED_ENGLISH::paired_english::m15_190315_142052_cell1,PAIRED_ENGLISH,0.8711287244972846,0.30106276273727417,0.5700659617600105
main,fmiss,source_plus_reduced_latent_fullctx_xgboost,reduced_latent_stack,xgboost,PAIRED_ENGLISH::paired_english::m15_190315_152315_cell1::IronClust::35,PAIRED_ENGLISH::paired_english::m15_190315_152315_cell1,PAIRED_ENGLISH,0.04922936853742602,0.07363487035036087,0.024405501812934847
main,fmiss,source_plus_reduced_latent_fullctx_xgboost,reduced_latent_stack,xgboost,PAIRED_ENGLISH::paired_english::m15_190315_152315_cell1::KiloSort2::37,PAIRED_ENGLISH::paired_english::m15_190315_152315_cell1,PAIRED_ENGLISH,0.0014307082005592768,0.05775899812579155,0.05632828992523227
main,fmiss,source_plus_reduced_latent_fullctx_xgboost,reduced_latent_stack,xgboost,PAIRED_ENGLISH::paired_english::m15_190315_152315_cell1::KiloSort::1,PAIRED_ENGLISH::paired_english::m15_190315_152315_cell1,PAIRED_ENGLISH,0.003901931456070755,0.06631074100732803,0.06240880955125728
main,fmiss,source_plus_reduced_latent_fullctx_xgboost,reduced_latent_stack,xgboost,PAIRED_ENGLISH::paired_english::m15_190315_152315_cell1::MountainSort4::72,PAIRED_ENGLISH::paired_english::m15_190315_152315_cell1,PAIRED_ENGLISH,0.03479222214996423,0.14109042286872864,0.1062982007187644
main,fmiss,source_plus_reduced_latent_fullctx_xgboost,reduced_latent_stack,xgboost,PAIRED_ENGLISH::paired_english::m15_190315_152315_cell1::SpykingCircus::46,PAIRED_ENGLISH::paired_english::m15_190315_152315_cell1,PAIRED_ENGLISH,0.0018859335371008649,0.07314761728048325,0.07126168374338238
main,fmiss,source_plus_reduced_latent_fullctx_xgboost,reduced_latent_stack,xgboost,PAIRED_ENGLISH::paired_english::m15_190315_152315_cell1::Tridesclous::0,PAIRED_ENGLISH::paired_english::m15_190315_152315_cell1,PAIRED_ENGLISH,0.2026403069519412,0.0633024126291275,0.1393378943228137
main,fmiss,source_plus_reduced_latent_fullctx_xgboost,reduced_latent_stack,xgboost,PAIRED_ENGLISH::paired_english::m26_190524_100859_cell1::KiloSort2::0,PAIRED_ENGLISH::paired_english::m26_190524_100859_cell1,PAIRED_ENGLISH,0.3453815261044177,0.24246466159820557,0.10291686450621212
main,fmiss,source_plus_reduced_latent_fullctx_xgboost,reduced_latent_stack,xgboost,PAIRED_ENGLISH::paired_english::m26_190524_100859_cell1::KiloSort::19,PAIRED_ENGLISH::paired_english::m26_190524_100859_cell1,PAIRED_ENGLISH,0.5522088353413654,0.21824495494365692,0.3339638803977085
main,fmiss,source_plus_reduced_latent_fullctx_xgboost,reduced_latent_stack,xgboost,PAIRED_ENGLISH::paired_english::m26_190524_100859_cell1::KiloSort::8,PAIRED_ENGLISH::paired_english::m26_190524_100859_cell1,PAIRED_ENGLISH,0.7610441767068273,0.18206824362277985,0.5789759330840475
main,fmiss,source_plus_reduced_latent_fullctx_xgboost,reduced_latent_stack,xgboost,PAIRED_ENGLISH::paired_english::m57_191105_141906::IronClust::6,PAIRED_ENGLISH::paired_english::m57_191105_141906,PAIRED_ENGLISH,0.12826603325415678,0.222639799118042,0.09437376586388521
main,fmiss,source_plus_reduced_latent_fullctx_xgboost,reduced_latent_stack,xgboost,PAIRED_ENGLISH::paired_english::m57_191105_141906::KiloSort::47,PAIRED_ENGLISH::paired_english::m57_191105_141906,PAIRED_ENGLISH,0.04829770387965162,0.18980184197425842,0.1415041380946068
main,fmiss,source_plus_reduced_latent_fullctx_xgboost,reduced_latent_stack,xgboost,PAIRED_ENGLISH::paired_english::m57_191105_141906::MountainSort4::21,PAIRED_ENGLISH::paired_english::m57_191105_141906,PAIRED_ENGLISH,0.1187648456057007,0.286102831363678,0.16733798575797726
main,fmiss,source_plus_reduced_latent_fullctx_xgboost,reduced_latent_stack,xgboost,PAIRED_ENGLISH::paired_english::m57_191105_141906::MountainSort4::57,PAIRED_ENGLISH::paired_english::m57_191105_141906,PAIRED_ENGLISH,0.5399841646872525,0.40126851201057434,0.13871565267667818
main,fmiss,source_plus_reduced_latent_fullctx_xgboost,reduced_latent_stack,xgboost,PAIRED_ENGLISH::paired_english::m57_191105_141906::SpykingCircus::12,PAIRED_ENGLISH::paired_english::m57_191105_141906,PAIRED_ENGLISH,0.5859065716547902,0.60247802734375,0.01657145568895979
main,fmiss,source_plus_reduced_latent_fullctx_xgboost,reduced_latent_stack,xgboost,PAIRED_ENGLISH::paired_english::m57_191105_141906::SpykingCircus::30,PAIRED_ENGLISH::paired_english::m57_191105_141906,PAIRED_ENGLISH,0.46872525732383213,0.3718602657318115,0.09686499159202061
main,fmiss,source_plus_reduced_latent_fullctx_xgboost,reduced_latent_stack,xgboost,PAIRED_ENGLISH::paired_english::m57_191105_160026::HerdingSpikes2::1,PAIRED_ENGLISH::paired_english::m57_191105_160026,PAIRED_ENGLISH,0.7557251908396947,0.15999886393547058,0.5957263269042241
main,fmiss,source_plus_reduced_latent_fullctx_xgboost,reduced_latent_stack,xgboost,PAIRED_ENGLISH::paired_english::m57_191105_160026::IronClust::2,PAIRED_ENGLISH::paired_english::m57_191105_160026,PAIRED_ENGLISH,0.7206106870229008,0.289513498544693,0.43109718847820777
main,fmiss,source_plus_reduced_latent_fullctx_xgboost,reduced_latent_stack,xgboost,PAIRED_ENGLISH::paired_english::m57_191105_160026::IronClust::3,PAIRED_ENGLISH::paired_english::m57_191105_160026,PAIRED_ENGLISH,0.5629770992366412,0.3268416225910187,0.2361354766456225
main,fmiss,source_plus_reduced_latent_fullctx_xgboost,reduced_latent_stack,xgboost,PAIRED_ENGLISH::paired_english::m57_191105_160026::KiloSort::127,PAIRED_ENGLISH::paired_english::m57_191105_160026,PAIRED_ENGLISH,0.7213740458015268,0.3113519847393036,0.41002206106222316
main,fmiss,source_plus_reduced_latent_fullctx_xgboost,reduced_latent_stack,xgboost,PAIRED_ENGLISH::paired_english::m57_191105_160026::KiloSort::6,PAIRED_ENGLISH::paired_english::m57_191105_160026,PAIRED_ENGLISH,0.5885496183206107,0.36855149269104004,0.21999812562957066
main,fmiss,source_plus_reduced_latent_fullctx_xgboost,reduced_latent_stack,xgboost,PAIRED_ENGLISH::paired_english::m57_191105_160026::MountainSort4::23,PAIRED_ENGLISH::paired_english::m57_191105_160026,PAIRED_ENGLISH,0.8603053435114504,0.3300008475780487,0.5303044959334017
main,fmiss,source_plus_reduced_latent_fullctx_xgboost,reduced_latent_stack,xgboost,PAIRED_ENGLISH::paired_english::m57_191105_160026::MountainSort4::25,PAIRED_ENGLISH::paired_english::m57_191105_160026,PAIRED_ENGLISH,0.5545801526717558,0.3041163682937622,0.25046378437799355
main,fmiss,source_plus_reduced_latent_fullctx_xgboost,reduced_latent_stack,xgboost,PAIRED_ENGLISH::paired_english::m57_191105_160026::SpykingCircus::2,PAIRED_ENGLISH::paired_english::m57_191105_160026,PAIRED_ENGLISH,0.7709923664122137,0.2606395184993744,0.5103528479128393
main,fmiss,source_plus_reduced_latent_fullctx_xgboost,reduced_latent_stack,xgboost,PAIRED_ENGLISH::paired_english::m57_191105_160026::SpykingCircus::4,PAIRED_ENGLISH::paired_english::m57_191105_160026,PAIRED_ENGLISH,0.5625954198473282,0.3339169919490814,0.22867842789824677
main,fmiss,source_plus_reduced_latent_fullctx_xgboost,reduced_latent_stack,xgboost,PAIRED_ENGLISH::paired_english::m57_191105_160026::Tridesclous::0,PAIRED_ENGLISH::paired_english::m57_191105_160026,PAIRED_ENGLISH,0.7061068702290076,0.06477627903223038,0.6413305911967773
main,fmiss,source_plus_reduced_latent_fullctx_xgboost,reduced_latent_stack,xgboost,PAIRED_KAMPFF::paired_kampff::c14::HerdingSpikes2::6,PAIRED_KAMPFF::paired_kampff::c14,PAIRED_KAMPFF,0.35151068533529845,0.20503908395767212,0.14647160137762633
main,fmiss,source_plus_reduced_latent_fullctx_xgboost,reduced_latent_stack,xgboost,PAIRED_KAMPFF::paired_kampff::c14::IronClust::22,PAIRED_KAMPFF::paired_kampff::c14,PAIRED_KAMPFF,0.25036845983787764,0.16343438625335693,0.08693407358452071
main,fmiss,source_plus_reduced_latent_fullctx_xgboost,reduced_latent_stack,xgboost,PAIRED_KAMPFF::paired_kampff::c14::KiloSort2::37,PAIRED_KAMPFF::paired_kampff::c14,PAIRED_KAMPFF,0.14296241709653648,0.16662946343421936,0.02366704633768288
main,fmiss,source_plus_reduced_latent_fullctx_xgboost,reduced_latent_stack,xgboost,PAIRED_KAMPFF::paired_kampff::c14::MountainSort4::42,PAIRED_KAMPFF::paired_kampff::c14,PAIRED_KAMPFF,0.32221812822402357,0.2415572851896286,0.08066084303439497
main,fmiss,source_plus_reduced_latent_fullctx_xgboost,reduced_latent_stack,xgboost,PAIRED_KAMPFF::paired_kampff::c14::SpykingCircus::14,PAIRED_KAMPFF::paired_kampff::c14,PAIRED_KAMPFF,0.21868091378039795,0.1633194386959076,0.05536147508449035
main,fmiss,source_plus_reduced_latent_fullctx_xgboost,reduced_latent_stack,xgboost,PAIRED_KAMPFF::paired_kampff::c14::Tridesclous::8,PAIRED_KAMPFF::paired_kampff::c14,PAIRED_KAMPFF,0.20910095799557848,0.10879719257354736,0.10030376542203112
main,fmiss,source_plus_reduced_latent_fullctx_xgboost,reduced_latent_stack,xgboost,PAIRED_MEA64C_YGER::paired_mea64c::20170622_patch1::HerdingSpikes2::19,PAIRED_MEA64C_YGER::paired_mea64c::20170622_patch1,PAIRED_MEA64C_YGER,0.8533362695441533,0.6006705164909363,0.25266575305321703
main,fmiss,source_plus_reduced_latent_fullctx_xgboost,reduced_latent_stack,xgboost,PAIRED_MEA64C_YGER::paired_mea64c::20170622_patch1::HerdingSpikes2::7,PAIRED_MEA64C_YGER::paired_mea64c::20170622_patch1,PAIRED_MEA64C_YGER,0.18343977097555605,0.0781347006559372,0.10530507031961886
main,fmiss,source_plus_reduced_latent_fullctx_xgboost,reduced_latent_stack,xgboost,PAIRED_MEA64C_YGER::paired_mea64c::20170622_patch1::IronClust::8,PAIRED_MEA64C_YGER::paired_mea64c::20170622_patch1,PAIRED_MEA64C_YGER,0.027747192248403437,0.023311033844947815,0.004436158403455622
main,fmiss,source_plus_reduced_latent_fullctx_xgboost,reduced_latent_stack,xgboost,PAIRED_MEA64C_YGER::paired_mea64c::20170622_patch1::KiloSort2::23,PAIRED_MEA64C_YGER::paired_mea64c::20170622_patch1,PAIRED_MEA64C_YGER,0.0008808632459810614,0.04100490361452103,0.04012404036853996
main,fmiss,source_plus_reduced_latent_fullctx_xgboost,reduced_latent_stack,xgboost,PAIRED_MEA64C_YGER::paired_mea64c::20170622_patch1::KiloSort::64,PAIRED_MEA64C_YGER::paired_mea64c::20170622_patch1,PAIRED_MEA64C_YGER,0.03457388240475666,0.03816851228475571,0.003594629879999048
main,fmiss,source_plus_reduced_latent_fullctx_xgboost,reduced_latent_stack,xgboost,PAIRED_MEA64C_YGER::paired_mea64c::20170622_patch1::Klusta::4,PAIRED_MEA64C_YGER::paired_mea64c::20170622_patch1,PAIRED_MEA64C_YGER,0.17441092270425015,0.04396642744541168,0.13044449525883847
main,fmiss,source_plus_reduced_latent_fullctx_xgboost,reduced_latent_stack,xgboost,PAIRED_MEA64C_YGER::paired_mea64c::20170622_patch1::MountainSort4::43,PAIRED_MEA64C_YGER::paired_mea64c::20170622_patch1,PAIRED_MEA64C_YGER,0.02510460251046025,0.04804675653576851,0.02294215402530826
main,fmiss,source_plus_reduced_latent_fullctx_xgboost,reduced_latent_stack,xgboost,PAIRED_MEA64C_YGER::paired_mea64c::20170622_patch1::SpykingCircus::18,PAIRED_MEA64C_YGER::paired_mea64c::20170622_patch1,PAIRED_MEA64C_YGER,0.0028628055494384495,0.04319844767451286,0.040335642125074414
main,fmiss,source_plus_reduced_latent_fullctx_xgboost,reduced_latent_stack,xgboost,PAIRED_MEA64C_YGER::paired_mea64c::20170622_patch1::Tridesclous::12,PAIRED_MEA64C_YGER::paired_mea64c::20170622_patch1,PAIRED_MEA64C_YGER,0.026425897379431844,0.036122847348451614,0.00969694996901977
main,fmiss,source_plus_reduced_latent_fullctx_xgboost,reduced_latent_stack,xgboost,PAIRED_MEA64C_YGER::paired_mea64c::20170622_patch2::HerdingSpikes2::16,PAIRED_MEA64C_YGER::paired_mea64c::20170622_patch2,PAIRED_MEA64C_YGER,0.6606015595989603,0.1556379199028015,0.5049636396961588
main,fmiss,source_plus_reduced_latent_fullctx_xgboost,reduced_latent_stack,xgboost,PAIRED_MEA64C_YGER::paired_mea64c::20170622_patch2::HerdingSpikes2::44,PAIRED_MEA64C_YGER::paired_mea64c::20170622_patch2,PAIRED_MEA64C_YGER,0.8756034162643892,0.29392215609550476,0.5816812601688844
main,fmiss,source_plus_reduced_latent_fullctx_xgboost,reduced_latent_stack,xgboost,PAIRED_MEA64C_YGER::paired_mea64c::20170622_patch2::HerdingSpikes2::5,PAIRED_MEA64C_YGER::paired_mea64c::20170622_patch2,PAIRED_MEA64C_YGER,0.008169327887114742,0.027853932231664658,0.019684604344549918
main,fmiss,source_plus_reduced_latent_fullctx_xgboost,reduced_latent_stack,xgboost,PAIRED_MEA64C_YGER::paired_mea64c::20170622_patch2::IronClust::11,PAIRED_MEA64C_YGER::paired_mea64c::20170622_patch2,PAIRED_MEA64C_YGER,0.0003713330857779428,0.009120706468820572,0.008749373383042628
main,fmiss,source_plus_reduced_latent_fullctx_xgboost,reduced_latent_stack,xgboost,PAIRED_MEA64C_YGER::paired_mea64c::20170622_patch2::JRClust::31,PAIRED_MEA64C_YGER::paired_mea64c::20170622_patch2,PAIRED_MEA64C_YGER,0.0029706646862235424,0.006432763766497374,0.003462099080273831
main,fmiss,source_plus_reduced_latent_fullctx_xgboost,reduced_latent_stack,xgboost,PAIRED_MEA64C_YGER::paired_mea64c::20170622_patch2::KiloSort2::33,PAIRED_MEA64C_YGER::paired_mea64c::20170622_patch2,PAIRED_MEA64C_YGER,0.0011139992573338284,0.00809209980070591,0.006978100543372081
main,fmiss,source_plus_reduced_latent_fullctx_xgboost,reduced_latent_stack,xgboost,PAIRED_MEA64C_YGER::paired_mea64c::20170622_patch2::KiloSort::5,PAIRED_MEA64C_YGER::paired_mea64c::20170622_patch2,PAIRED_MEA64C_YGER,0.0014853323431117712,0.007380577269941568,0.005895244926829797
main,fmiss,source_plus_reduced_latent_fullctx_xgboost,reduced_latent_stack,xgboost,PAIRED_MEA64C_YGER::paired_mea64c::20170622_patch2::Klusta::14,PAIRED_MEA64C_YGER::paired_mea64c::20170622_patch2,PAIRED_MEA64C_YGER,0.15893056071295952,0.012933250516653061,0.14599731019630646
main,fmiss,source_plus_reduced_latent_fullctx_xgboost,reduced_latent_stack,xgboost,PAIRED_MEA64C_YGER::paired_mea64c::20170622_patch2::MountainSort4::31,PAIRED_MEA64C_YGER::paired_mea64c::20170622_patch2,PAIRED_MEA64C_YGER,0.0003713330857779428,0.006328211165964603,0.005956878080186661
main,fmiss,source_plus_reduced_latent_fullctx_xgboost,reduced_latent_stack,xgboost,PAIRED_MEA64C_YGER::paired_mea64c::20170622_patch2::SpykingCircus::17,PAIRED_MEA64C_YGER::paired_mea64c::20170622_patch2,PAIRED_MEA64C_YGER,0.0003713330857779428,0.008824086748063564,0.00845275366228562
main,fmiss,source_plus_reduced_latent_fullctx_xgboost,reduced_latent_stack,xgboost,PAIRED_MEA64C_YGER::paired_mea64c::20170622_patch2::Tridesclous::0,PAIRED_MEA64C_YGER::paired_mea64c::20170622_patch2,PAIRED_MEA64C_YGER,0.0003713330857779428,0.00886642187833786,0.008495088792559917
main,fmiss,source_reweighted_fullctx_lightgbm,source_reweighted_stack,lightgbm,PAIRED_BOYDEN::paired_boyden32c::1103_1_1::IronClust::4,PAIRED_BOYDEN::paired_boyden32c::1103_1_1,PAIRED_BOYDEN,0.1661807580174927,0.21675485372543335,0.050574095707940636
main,fmiss,source_reweighted_fullctx_lightgbm,source_reweighted_stack,lightgbm,PAIRED_BOYDEN::paired_boyden32c::1103_1_1::JRClust::18,PAIRED_BOYDEN::paired_boyden32c::1103_1_1,PAIRED_BOYDEN,0.08551992225461613,0.20492962002754211,0.11940969777292598
main,fmiss,source_reweighted_fullctx_lightgbm,source_reweighted_stack,lightgbm,PAIRED_BOYDEN::paired_boyden32c::1103_1_1::KiloSort2::33,PAIRED_BOYDEN::paired_boyden32c::1103_1_1,PAIRED_BOYDEN,0.42857142857142855,0.31788673996925354,0.11068468860217501
main,fmiss,source_reweighted_fullctx_lightgbm,source_reweighted_stack,lightgbm,PAIRED_BOYDEN::paired_boyden32c::1103_1_1::KiloSort2::55,PAIRED_BOYDEN::paired_boyden32c::1103_1_1,PAIRED_BOYDEN,0.8328474246841594,0.5605931878089905,0.2722542368751689
main,fmiss,source_reweighted_fullctx_lightgbm,source_reweighted_stack,lightgbm,PAIRED_BOYDEN::paired_boyden32c::1103_1_1::KiloSort2::60,PAIRED_BOYDEN::paired_boyden32c::1103_1_1,PAIRED_BOYDEN,0.7580174927113703,0.3796009123325348,0.3784165803788355
main,fmiss,source_reweighted_fullctx_lightgbm,source_reweighted_stack,lightgbm,PAIRED_BOYDEN::paired_boyden32c::1103_1_1::KiloSort::111,PAIRED_BOYDEN::paired_boyden32c::1103_1_1,PAIRED_BOYDEN,0.04081632653061224,0.15740735828876495,0.11659103175815272
main,fmiss,source_reweighted_fullctx_lightgbm,source_reweighted_stack,lightgbm,PAIRED_BOYDEN::paired_boyden32c::1103_1_1::Klusta::12,PAIRED_BOYDEN::paired_boyden32c::1103_1_1,PAIRED_BOYDEN,0.17881438289601556,0.1972641497850418,0.018449766889026248
main,fmiss,source_reweighted_fullctx_lightgbm,source_reweighted_stack,lightgbm,PAIRED_BOYDEN::paired_boyden32c::1103_1_1::MountainSort4::26,PAIRED_BOYDEN::paired_boyden32c::1103_1_1,PAIRED_BOYDEN,0.03595724003887269,0.1388605535030365,0.10290331346416381
main,fmiss,source_reweighted_fullctx_lightgbm,source_reweighted_stack,lightgbm,PAIRED_BOYDEN::paired_boyden32c::1103_1_1::SpykingCircus::27,PAIRED_BOYDEN::paired_boyden32c::1103_1_1,PAIRED_BOYDEN,0.07482993197278912,0.27477505803108215,0.19994512605829304
main,fmiss,source_reweighted_fullctx_lightgbm,source_reweighted_stack,lightgbm,PAIRED_BOYDEN::paired_boyden32c::1103_1_1::Tridesclous::3,PAIRED_BOYDEN::paired_boyden32c::1103_1_1,PAIRED_BOYDEN,0.11273080660835763,0.09705641865730286,0.015674387951054775
main,fmiss,source_reweighted_fullctx_lightgbm,source_reweighted_stack,lightgbm,PAIRED_BOYDEN::paired_boyden32c::419_1_8::IronClust::14,PAIRED_BOYDEN::paired_boyden32c::419_1_8,PAIRED_BOYDEN,0.1489691520694466,0.10481837391853333,0.044150778150913284
main,fmiss,source_reweighted_fullctx_lightgbm,source_reweighted_stack,lightgbm,PAIRED_BOYDEN::paired_boyden32c::419_1_8::IronClust::4,PAIRED_BOYDEN::paired_boyden32c::419_1_8,PAIRED_BOYDEN,0.3614943419624864,0.1200481578707695,0.24144618409171692
main,fmiss,source_reweighted_fullctx_lightgbm,source_reweighted_stack,lightgbm,PAIRED_BOYDEN::paired_boyden32c::419_1_8::JRClust::24,PAIRED_BOYDEN::paired_boyden32c::419_1_8,PAIRED_BOYDEN,0.14617888699426446,0.13639983534812927,0.009779051646135184
main,fmiss,source_reweighted_fullctx_lightgbm,source_reweighted_stack,lightgbm,PAIRED_BOYDEN::paired_boyden32c::419_1_8::JRClust::8,PAIRED_BOYDEN::paired_boyden32c::419_1_8,PAIRED_BOYDEN,0.7484110990544102,0.48030662536621094,0.26810447368819923
main,fmiss,source_reweighted_fullctx_lightgbm,source_reweighted_stack,lightgbm,PAIRED_BOYDEN::paired_boyden32c::419_1_8::KiloSort2::27,PAIRED_BOYDEN::paired_boyden32c::419_1_8,PAIRED_BOYDEN,0.06696636180437142,0.10543162375688553,0.03846526195251411
main,fmiss,source_reweighted_fullctx_lightgbm,source_reweighted_stack,lightgbm,PAIRED_BOYDEN::paired_boyden32c::419_1_8::KiloSort2::46,PAIRED_BOYDEN::paired_boyden32c::419_1_8,PAIRED_BOYDEN,0.11424585335606882,0.1228145882487297,0.008568734892660884
main,fmiss,source_reweighted_fullctx_lightgbm,source_reweighted_stack,lightgbm,PAIRED_BOYDEN::paired_boyden32c::419_1_8::KiloSort::17,PAIRED_BOYDEN::paired_boyden32c::419_1_8,PAIRED_BOYDEN,0.13067741435436367,0.10309850424528122,0.02757891010908245
main,fmiss,source_reweighted_fullctx_lightgbm,source_reweighted_stack,lightgbm,PAIRED_BOYDEN::paired_boyden32c::419_1_8::MountainSort4::42,PAIRED_BOYDEN::paired_boyden32c::419_1_8,PAIRED_BOYDEN,0.12261664858161525,0.06852319836616516,0.05409345021545009
main,fmiss,source_reweighted_fullctx_lightgbm,source_reweighted_stack,lightgbm,PAIRED_BOYDEN::paired_boyden32c::419_1_8::SpykingCircus::24,PAIRED_BOYDEN::paired_boyden32c::419_1_8,PAIRED_BOYDEN,0.8012711207564719,0.5758557915687561,0.22541532918771578
main,fmiss,source_reweighted_fullctx_lightgbm,source_reweighted_stack,lightgbm,PAIRED_BOYDEN::paired_boyden32c::419_1_8::SpykingCircus::28,PAIRED_BOYDEN::paired_boyden32c::419_1_8,PAIRED_BOYDEN,0.12416679584560533,0.1164153665304184,0.007751429315186936
main,fmiss,source_reweighted_fullctx_lightgbm,source_reweighted_stack,lightgbm,PAIRED_BOYDEN::paired_boyden32c::419_1_8::Tridesclous::0,PAIRED_BOYDEN::paired_boyden32c::419_1_8,PAIRED_BOYDEN,0.14447372500387537,0.03552798181772232,0.10894574318615305
main,fmiss,source_reweighted_fullctx_lightgbm,source_reweighted_stack,lightgbm,PAIRED_CRCNS_HC1::paired_crcns::d11221_d11221.001::SpykingCircus::6,PAIRED_CRCNS_HC1::paired_crcns::d11221_d11221.001,PAIRED_CRCNS_HC1,0.2845528455284553,0.6496306657791138,0.3650778202506585
main,fmiss,source_reweighted_fullctx_lightgbm,source_reweighted_stack,lightgbm,PAIRED_CRCNS_HC1::paired_crcns::d11222_d11222.002::IronClust::2,PAIRED_CRCNS_HC1::paired_crcns::d11222_d11222.002,PAIRED_CRCNS_HC1,0.017310252996005325,0.09503784030675888,0.07772758731075355
main,fmiss,source_reweighted_fullctx_lightgbm,source_reweighted_stack,lightgbm,PAIRED_CRCNS_HC1::paired_crcns::d11222_d11222.002::JRClust::3,PAIRED_CRCNS_HC1::paired_crcns::d11222_d11222.002,PAIRED_CRCNS_HC1,0.07323568575233022,0.14963413774967194,0.07639845199734172
main,fmiss,source_reweighted_fullctx_lightgbm,source_reweighted_stack,lightgbm,PAIRED_CRCNS_HC1::paired_crcns::d11222_d11222.002::KiloSort2::10,PAIRED_CRCNS_HC1::paired_crcns::d11222_d11222.002,PAIRED_CRCNS_HC1,0.5339547270306259,0.0637822151184082,0.47017251191221765
main,fmiss,source_reweighted_fullctx_lightgbm,source_reweighted_stack,lightgbm,PAIRED_CRCNS_HC1::paired_crcns::d11222_d11222.002::KiloSort::1,PAIRED_CRCNS_HC1::paired_crcns::d11222_d11222.002,PAIRED_CRCNS_HC1,0.03595206391478029,0.06996442377567291,0.03401235986089262
main,fmiss,source_reweighted_fullctx_lightgbm,source_reweighted_stack,lightgbm,PAIRED_CRCNS_HC1::paired_crcns::d11222_d11222.002::Klusta::2,PAIRED_CRCNS_HC1::paired_crcns::d11222_d11222.002,PAIRED_CRCNS_HC1,0.022636484687083888,0.07293225079774857,0.05029576611066468
main,fmiss,source_reweighted_fullctx_lightgbm,source_reweighted_stack,lightgbm,PAIRED_CRCNS_HC1::paired_crcns::d11222_d11222.002::MountainSort4::4,PAIRED_CRCNS_HC1::paired_crcns::d11222_d11222.002,PAIRED_CRCNS_HC1,0.20372836218375498,0.05635729804635048,0.1473710641374045
main,fmiss,source_reweighted_fullctx_lightgbm,source_reweighted_stack,lightgbm,PAIRED_CRCNS_HC1::paired_crcns::d11222_d11222.002::SpykingCircus::4,PAIRED_CRCNS_HC1::paired_crcns::d11222_d11222.002,PAIRED_CRCNS_HC1,0.1151797603195739,0.13759706914424896,0.02241730882467506
main,fmiss,source_reweighted_fullctx_lightgbm,source_reweighted_stack,lightgbm,PAIRED_CRCNS_HC1::paired_crcns::d11222_d11222.002::Tridesclous::0,PAIRED_CRCNS_HC1::paired_crcns::d11222_d11222.002,PAIRED_CRCNS_HC1,0.014647137150466045,0.07718014717102051,0.06253301002055446
main,fmiss,source_reweighted_fullctx_lightgbm,source_reweighted_stack,lightgbm,PAIRED_ENGLISH::paired_english::m139_200114_191955::KiloSort2::25,PAIRED_ENGLISH::paired_english::m139_200114_191955,PAIRED_ENGLISH,0.8107276747092185,0.45060211420059204,0.36012556050862643
main,fmiss,source_reweighted_fullctx_lightgbm,source_reweighted_stack,lightgbm,PAIRED_ENGLISH::paired_english::m139_200114_191955::MountainSort4::36,PAIRED_ENGLISH::paired_english::m139_200114_191955,PAIRED_ENGLISH,0.6701912909737576,0.3546060025691986,0.315585288404559
main,fmiss,source_reweighted_fullctx_lightgbm,source_reweighted_stack,lightgbm,PAIRED_ENGLISH::paired_english::m139_200114_191955::SpykingCircus::42,PAIRED_ENGLISH::paired_english::m139_200114_191955,PAIRED_ENGLISH,0.8063058733057772,0.6805892586708069,0.1257166146349703
main,fmiss,source_reweighted_fullctx_lightgbm,source_reweighted_stack,lightgbm,PAIRED_ENGLISH::paired_english::m139_200114_222743::HerdingSpikes2::5,PAIRED_ENGLISH::paired_english::m139_200114_222743,PAIRED_ENGLISH,0.022052337547780066,0.1466703712940216,0.12461803374624154
main,fmiss,source_reweighted_fullctx_lightgbm,source_reweighted_stack,lightgbm,PAIRED_ENGLISH::paired_english::m139_200114_222743::IronClust::17,PAIRED_ENGLISH::paired_english::m139_200114_222743,PAIRED_ENGLISH,0.01587768303440165,0.17108501493930817,0.15520733190490651
main,fmiss,source_reweighted_fullctx_lightgbm,source_reweighted_stack,lightgbm,PAIRED_ENGLISH::paired_english::m139_200114_222743::KiloSort2::26,PAIRED_ENGLISH::paired_english::m139_200114_222743,PAIRED_ENGLISH,0.002940311673037342,0.21931134164333344,0.21637102997029609
main,fmiss,source_reweighted_fullctx_lightgbm,source_reweighted_stack,lightgbm,PAIRED_ENGLISH::paired_english::m139_200114_222743::KiloSort::88,PAIRED_ENGLISH::paired_english::m139_200114_222743,PAIRED_ENGLISH,0.006174654513378418,0.14085716009140015,0.13468250557802172
main,fmiss,source_reweighted_fullctx_lightgbm,source_reweighted_stack,lightgbm,PAIRED_ENGLISH::paired_english::m139_200114_222743::MountainSort4::46,PAIRED_ENGLISH::paired_english::m139_200114_222743,PAIRED_ENGLISH,0.00911496618641576,0.18910638988018036,0.17999142369376459
main,fmiss,source_reweighted_fullctx_lightgbm,source_reweighted_stack,lightgbm,PAIRED_ENGLISH::paired_english::m139_200114_222743::SpykingCircus::44,PAIRED_ENGLISH::paired_english::m139_200114_222743,PAIRED_ENGLISH,0.0020582181711261394,0.16204671561717987,0.15998849744605373
main,fmiss,source_reweighted_fullctx_lightgbm,source_reweighted_stack,lightgbm,PAIRED_ENGLISH::paired_english::m139_200114_222743::Tridesclous::1,PAIRED_ENGLISH::paired_english::m139_200114_222743,PAIRED_ENGLISH,0.004998529844163481,0.1639644354581833,0.1589659056140198
main,fmiss,source_reweighted_fullctx_lightgbm,source_reweighted_stack,lightgbm,PAIRED_ENGLISH::paired_english::m14_190326_155432::IronClust::22,PAIRED_ENGLISH::paired_english::m14_190326_155432,PAIRED_ENGLISH,0.13721413721413722,0.21417176723480225,0.07695763002066502
main,fmiss,source_reweighted_fullctx_lightgbm,source_reweighted_stack,lightgbm,PAIRED_ENGLISH::paired_english::m14_190326_155432::MountainSort4::33,PAIRED_ENGLISH::paired_english::m14_190326_155432,PAIRED_ENGLISH,0.09147609147609148,0.1792794167995453,0.0878033253234538
main,fmiss,source_reweighted_fullctx_lightgbm,source_reweighted_stack,lightgbm,PAIRED_ENGLISH::paired_english::m14_190326_155432::SpykingCircus::38,PAIRED_ENGLISH::paired_english::m14_190326_155432,PAIRED_ENGLISH,0.079002079002079,0.35020941495895386,0.27120733595687485
main,fmiss,source_reweighted_fullctx_lightgbm,source_reweighted_stack,lightgbm,PAIRED_ENGLISH::paired_english::m15_190315_142052_cell1::IronClust::40,PAIRED_ENGLISH::paired_english::m15_190315_142052_cell1,PAIRED_ENGLISH,0.24027594305005137,0.24929845333099365,0.00902251028094228
main,fmiss,source_reweighted_fullctx_lightgbm,source_reweighted_stack,lightgbm,PAIRED_ENGLISH::paired_english::m15_190315_142052_cell1::KiloSort2::48,PAIRED_ENGLISH::paired_english::m15_190315_142052_cell1,PAIRED_ENGLISH,0.3173345075590782,0.19651103019714355,0.12082347736193466
main,fmiss,source_reweighted_fullctx_lightgbm,source_reweighted_stack,lightgbm,PAIRED_ENGLISH::paired_english::m15_190315_142052_cell1::MountainSort4::62,PAIRED_ENGLISH::paired_english::m15_190315_142052_cell1,PAIRED_ENGLISH,0.5289886980772054,0.34540602564811707,0.18358267242908832
main,fmiss,source_reweighted_fullctx_lightgbm,source_reweighted_stack,lightgbm,PAIRED_ENGLISH::paired_english::m15_190315_142052_cell1::MountainSort4::64,PAIRED_ENGLISH::paired_english::m15_190315_142052_cell1,PAIRED_ENGLISH,0.6713635696462645,0.41620901226997375,0.2551545573762908
main,fmiss,source_reweighted_fullctx_lightgbm,source_reweighted_stack,lightgbm,PAIRED_ENGLISH::paired_english::m15_190315_142052_cell1::SpykingCircus::22,PAIRED_ENGLISH::paired_english::m15_190315_142052_cell1,PAIRED_ENGLISH,0.35975341259357113,0.3744394779205322,0.014686065326961095
main,fmiss,source_reweighted_fullctx_lightgbm,source_reweighted_stack,lightgbm,PAIRED_ENGLISH::paired_english::m15_190315_142052_cell1::SpykingCircus::57,PAIRED_ENGLISH::paired_english::m15_190315_142052_cell1,PAIRED_ENGLISH,0.8711287244972846,0.46453163027763367,0.40659709421965096
main,fmiss,source_reweighted_fullctx_lightgbm,source_reweighted_stack,lightgbm,PAIRED_ENGLISH::paired_english::m15_190315_152315_cell1::IronClust::35,PAIRED_ENGLISH::paired_english::m15_190315_152315_cell1,PAIRED_ENGLISH,0.04922936853742602,0.13953036069869995,0.09030099216127394
main,fmiss,source_reweighted_fullctx_lightgbm,source_reweighted_stack,lightgbm,PAIRED_ENGLISH::paired_english::m15_190315_152315_cell1::KiloSort2::37,PAIRED_ENGLISH::paired_english::m15_190315_152315_cell1,PAIRED_ENGLISH,0.0014307082005592768,0.12981349229812622,0.12838278409756695
main,fmiss,source_reweighted_fullctx_lightgbm,source_reweighted_stack,lightgbm,PAIRED_ENGLISH::paired_english::m15_190315_152315_cell1::KiloSort::1,PAIRED_ENGLISH::paired_english::m15_190315_152315_cell1,PAIRED_ENGLISH,0.003901931456070755,0.13965265452861786,0.1357507230725471
main,fmiss,source_reweighted_fullctx_lightgbm,source_reweighted_stack,lightgbm,PAIRED_ENGLISH::paired_english::m15_190315_152315_cell1::MountainSort4::72,PAIRED_ENGLISH::paired_english::m15_190315_152315_cell1,PAIRED_ENGLISH,0.03479222214996423,0.22637030482292175,0.1915780826729575
main,fmiss,source_reweighted_fullctx_lightgbm,source_reweighted_stack,lightgbm,PAIRED_ENGLISH::paired_english::m15_190315_152315_cell1::SpykingCircus::46,PAIRED_ENGLISH::paired_english::m15_190315_152315_cell1,PAIRED_ENGLISH,0.0018859335371008649,0.15501411259174347,0.1531281790546426
main,fmiss,source_reweighted_fullctx_lightgbm,source_reweighted_stack,lightgbm,PAIRED_ENGLISH::paired_english::m15_190315_152315_cell1::Tridesclous::0,PAIRED_ENGLISH::paired_english::m15_190315_152315_cell1,PAIRED_ENGLISH,0.2026403069519412,0.08595990389585495,0.11668040305608626
main,fmiss,source_reweighted_fullctx_lightgbm,source_reweighted_stack,lightgbm,PAIRED_ENGLISH::paired_english::m26_190524_100859_cell1::KiloSort2::0,PAIRED_ENGLISH::paired_english::m26_190524_100859_cell1,PAIRED_ENGLISH,0.3453815261044177,0.1799241602420807,0.165457365862337
main,fmiss,source_reweighted_fullctx_lightgbm,source_reweighted_stack,lightgbm,PAIRED_ENGLISH::paired_english::m26_190524_100859_cell1::KiloSort::19,PAIRED_ENGLISH::paired_english::m26_190524_100859_cell1,PAIRED_ENGLISH,0.5522088353413654,0.09555286169052124,0.4566559736508442
main,fmiss,source_reweighted_fullctx_lightgbm,source_reweighted_stack,lightgbm,PAIRED_ENGLISH::paired_english::m26_190524_100859_cell1::KiloSort::8,PAIRED_ENGLISH::paired_english::m26_190524_100859_cell1,PAIRED_ENGLISH,0.7610441767068273,0.0779128149151802,0.6831313617916471
main,fmiss,source_reweighted_fullctx_lightgbm,source_reweighted_stack,lightgbm,PAIRED_ENGLISH::paired_english::m57_191105_141906::IronClust::6,PAIRED_ENGLISH::paired_english::m57_191105_141906,PAIRED_ENGLISH,0.12826603325415678,0.2786128520965576,0.15034681884240084
main,fmiss,source_reweighted_fullctx_lightgbm,source_reweighted_stack,lightgbm,PAIRED_ENGLISH::paired_english::m57_191105_141906::KiloSort::47,PAIRED_ENGLISH::paired_english::m57_191105_141906,PAIRED_ENGLISH,0.04829770387965162,0.10992399603128433,0.06162629215163271
main,fmiss,source_reweighted_fullctx_lightgbm,source_reweighted_stack,lightgbm,PAIRED_ENGLISH::paired_english::m57_191105_141906::MountainSort4::21,PAIRED_ENGLISH::paired_english::m57_191105_141906,PAIRED_ENGLISH,0.1187648456057007,0.16256867349147797,0.04380382788577726
main,fmiss,source_reweighted_fullctx_lightgbm,source_reweighted_stack,lightgbm,PAIRED_ENGLISH::paired_english::m57_191105_141906::MountainSort4::57,PAIRED_ENGLISH::paired_english::m57_191105_141906,PAIRED_ENGLISH,0.5399841646872525,0.5579199194908142,0.017935754803561688
main,fmiss,source_reweighted_fullctx_lightgbm,source_reweighted_stack,lightgbm,PAIRED_ENGLISH::paired_english::m57_191105_141906::SpykingCircus::12,PAIRED_ENGLISH::paired_english::m57_191105_141906,PAIRED_ENGLISH,0.5859065716547902,0.6460432410240173,0.060136669369227125
main,fmiss,source_reweighted_fullctx_lightgbm,source_reweighted_stack,lightgbm,PAIRED_ENGLISH::paired_english::m57_191105_141906::SpykingCircus::30,PAIRED_ENGLISH::paired_english::m57_191105_141906,PAIRED_ENGLISH,0.46872525732383213,0.24039112031459808,0.22833413700923405
main,fmiss,source_reweighted_fullctx_lightgbm,source_reweighted_stack,lightgbm,PAIRED_ENGLISH::paired_english::m57_191105_160026::HerdingSpikes2::1,PAIRED_ENGLISH::paired_english::m57_191105_160026,PAIRED_ENGLISH,0.7557251908396947,0.31648343801498413,0.43924175282471056
main,fmiss,source_reweighted_fullctx_lightgbm,source_reweighted_stack,lightgbm,PAIRED_ENGLISH::paired_english::m57_191105_160026::IronClust::2,PAIRED_ENGLISH::paired_english::m57_191105_160026,PAIRED_ENGLISH,0.7206106870229008,0.630461573600769,0.09014911342213172
main,fmiss,source_reweighted_fullctx_lightgbm,source_reweighted_stack,lightgbm,PAIRED_ENGLISH::paired_english::m57_191105_160026::IronClust::3,PAIRED_ENGLISH::paired_english::m57_191105_160026,PAIRED_ENGLISH,0.5629770992366412,0.5546237826347351,0.00835331660190608
main,fmiss,source_reweighted_fullctx_lightgbm,source_reweighted_stack,lightgbm,PAIRED_ENGLISH::paired_english::m57_191105_160026::KiloSort::127,PAIRED_ENGLISH::paired_english::m57_191105_160026,PAIRED_ENGLISH,0.7213740458015268,0.6313844323158264,0.08998961348570034
main,fmiss,source_reweighted_fullctx_lightgbm,source_reweighted_stack,lightgbm,PAIRED_ENGLISH::paired_english::m57_191105_160026::KiloSort::6,PAIRED_ENGLISH::paired_english::m57_191105_160026,PAIRED_ENGLISH,0.5885496183206107,0.6359337568283081,0.047384138507697404
main,fmiss,source_reweighted_fullctx_lightgbm,source_reweighted_stack,lightgbm,PAIRED_ENGLISH::paired_english::m57_191105_160026::MountainSort4::23,PAIRED_ENGLISH::paired_english::m57_191105_160026,PAIRED_ENGLISH,0.8603053435114504,0.6378883123397827,0.22241703117166767
main,fmiss,source_reweighted_fullctx_lightgbm,source_reweighted_stack,lightgbm,PAIRED_ENGLISH::paired_english::m57_191105_160026::MountainSort4::25,PAIRED_ENGLISH::paired_english::m57_191105_160026,PAIRED_ENGLISH,0.5545801526717558,0.35934367775917053,0.19523647491258522
main,fmiss,source_reweighted_fullctx_lightgbm,source_reweighted_stack,lightgbm,PAIRED_ENGLISH::paired_english::m57_191105_160026::SpykingCircus::2,PAIRED_ENGLISH::paired_english::m57_191105_160026,PAIRED_ENGLISH,0.7709923664122137,0.44123250246047974,0.32975986395173396
main,fmiss,source_reweighted_fullctx_lightgbm,source_reweighted_stack,lightgbm,PAIRED_ENGLISH::paired_english::m57_191105_160026::SpykingCircus::4,PAIRED_ENGLISH::paired_english::m57_191105_160026,PAIRED_ENGLISH,0.5625954198473282,0.6253919005393982,0.06279648069207
main,fmiss,source_reweighted_fullctx_lightgbm,source_reweighted_stack,lightgbm,PAIRED_ENGLISH::paired_english::m57_191105_160026::Tridesclous::0,PAIRED_ENGLISH::paired_english::m57_191105_160026,PAIRED_ENGLISH,0.7061068702290076,0.08941010385751724,0.6166967663714904
main,fmiss,source_reweighted_fullctx_lightgbm,source_reweighted_stack,lightgbm,PAIRED_KAMPFF::paired_kampff::c14::HerdingSpikes2::6,PAIRED_KAMPFF::paired_kampff::c14,PAIRED_KAMPFF,0.35151068533529845,0.6859713196754456,0.3344606343401471
main,fmiss,source_reweighted_fullctx_lightgbm,source_reweighted_stack,lightgbm,PAIRED_KAMPFF::paired_kampff::c14::IronClust::22,PAIRED_KAMPFF::paired_kampff::c14,PAIRED_KAMPFF,0.25036845983787764,0.5642940998077393,0.3139256399698616
main,fmiss,source_reweighted_fullctx_lightgbm,source_reweighted_stack,lightgbm,PAIRED_KAMPFF::paired_kampff::c14::KiloSort2::37,PAIRED_KAMPFF::paired_kampff::c14,PAIRED_KAMPFF,0.14296241709653648,0.6116441488265991,0.46868173173006267
main,fmiss,source_reweighted_fullctx_lightgbm,source_reweighted_stack,lightgbm,PAIRED_KAMPFF::paired_kampff::c14::MountainSort4::42,PAIRED_KAMPFF::paired_kampff::c14,PAIRED_KAMPFF,0.32221812822402357,0.5706493854522705,0.24843125722824694
main,fmiss,source_reweighted_fullctx_lightgbm,source_reweighted_stack,lightgbm,PAIRED_KAMPFF::paired_kampff::c14::SpykingCircus::14,PAIRED_KAMPFF::paired_kampff::c14,PAIRED_KAMPFF,0.21868091378039795,0.6281622052192688,0.40948129143887085
main,fmiss,source_reweighted_fullctx_lightgbm,source_reweighted_stack,lightgbm,PAIRED_KAMPFF::paired_kampff::c14::Tridesclous::8,PAIRED_KAMPFF::paired_kampff::c14,PAIRED_KAMPFF,0.20910095799557848,0.21838541328907013,0.009284455293491645
main,fmiss,source_reweighted_fullctx_lightgbm,source_reweighted_stack,lightgbm,PAIRED_MEA64C_YGER::paired_mea64c::20170622_patch1::HerdingSpikes2::19,PAIRED_MEA64C_YGER::paired_mea64c::20170622_patch1,PAIRED_MEA64C_YGER,0.8533362695441533,0.7181417346000671,0.13519453494408618
main,fmiss,source_reweighted_fullctx_lightgbm,source_reweighted_stack,lightgbm,PAIRED_MEA64C_YGER::paired_mea64c::20170622_patch1::HerdingSpikes2::7,PAIRED_MEA64C_YGER::paired_mea64c::20170622_patch1,PAIRED_MEA64C_YGER,0.18343977097555605,0.31630781292915344,0.1328680419535974
main,fmiss,source_reweighted_fullctx_lightgbm,source_reweighted_stack,lightgbm,PAIRED_MEA64C_YGER::paired_mea64c::20170622_patch1::IronClust::8,PAIRED_MEA64C_YGER::paired_mea64c::20170622_patch1,PAIRED_MEA64C_YGER,0.027747192248403437,0.03716890513896942,0.009421712890565984
main,fmiss,source_reweighted_fullctx_lightgbm,source_reweighted_stack,lightgbm,PAIRED_MEA64C_YGER::paired_mea64c::20170622_patch1::KiloSort2::23,PAIRED_MEA64C_YGER::paired_mea64c::20170622_patch1,PAIRED_MEA64C_YGER,0.0008808632459810614,0.19085244834423065,0.1899715850982496
main,fmiss,source_reweighted_fullctx_lightgbm,source_reweighted_stack,lightgbm,PAIRED_MEA64C_YGER::paired_mea64c::20170622_patch1::KiloSort::64,PAIRED_MEA64C_YGER::paired_mea64c::20170622_patch1,PAIRED_MEA64C_YGER,0.03457388240475666,0.151351660490036,0.11677777808527935
main,fmiss,source_reweighted_fullctx_lightgbm,source_reweighted_stack,lightgbm,PAIRED_MEA64C_YGER::paired_mea64c::20170622_patch1::Klusta::4,PAIRED_MEA64C_YGER::paired_mea64c::20170622_patch1,PAIRED_MEA64C_YGER,0.17441092270425015,0.16682834923267365,0.007582573471576509
main,fmiss,source_reweighted_fullctx_lightgbm,source_reweighted_stack,lightgbm,PAIRED_MEA64C_YGER::paired_mea64c::20170622_patch1::MountainSort4::43,PAIRED_MEA64C_YGER::paired_mea64c::20170622_patch1,PAIRED_MEA64C_YGER,0.02510460251046025,0.12623856961727142,0.10113396710681118
main,fmiss,source_reweighted_fullctx_lightgbm,source_reweighted_stack,lightgbm,PAIRED_MEA64C_YGER::paired_mea64c::20170622_patch1::SpykingCircus::18,PAIRED_MEA64C_YGER::paired_mea64c::20170622_patch1,PAIRED_MEA64C_YGER,0.0028628055494384495,0.11289519816637039,0.11003239261693194
main,fmiss,source_reweighted_fullctx_lightgbm,source_reweighted_stack,lightgbm,PAIRED_MEA64C_YGER::paired_mea64c::20170622_patch1::Tridesclous::12,PAIRED_MEA64C_YGER::paired_mea64c::20170622_patch1,PAIRED_MEA64C_YGER,0.026425897379431844,0.11004313826560974,0.08361724088617789
main,fmiss,source_reweighted_fullctx_lightgbm,source_reweighted_stack,lightgbm,PAIRED_MEA64C_YGER::paired_mea64c::20170622_patch2::HerdingSpikes2::16,PAIRED_MEA64C_YGER::paired_mea64c::20170622_patch2,PAIRED_MEA64C_YGER,0.6606015595989603,0.5063725113868713,0.15422904821208894
main,fmiss,source_reweighted_fullctx_lightgbm,source_reweighted_stack,lightgbm,PAIRED_MEA64C_YGER::paired_mea64c::20170622_patch2::HerdingSpikes2::44,PAIRED_MEA64C_YGER::paired_mea64c::20170622_patch2,PAIRED_MEA64C_YGER,0.8756034162643892,0.4555584788322449,0.4200449374321443
main,fmiss,source_reweighted_fullctx_lightgbm,source_reweighted_stack,lightgbm,PAIRED_MEA64C_YGER::paired_mea64c::20170622_patch2::HerdingSpikes2::5,PAIRED_MEA64C_YGER::paired_mea64c::20170622_patch2,PAIRED_MEA64C_YGER,0.008169327887114742,0.020418889820575714,0.012249561933460973
main,fmiss,source_reweighted_fullctx_lightgbm,source_reweighted_stack,lightgbm,PAIRED_MEA64C_YGER::paired_mea64c::20170622_patch2::IronClust::11,PAIRED_MEA64C_YGER::paired_mea64c::20170622_patch2,PAIRED_MEA64C_YGER,0.0003713330857779428,0.009176526218652725,0.008805193132874782
main,fmiss,source_reweighted_fullctx_lightgbm,source_reweighted_stack,lightgbm,PAIRED_MEA64C_YGER::paired_mea64c::20170622_patch2::JRClust::31,PAIRED_MEA64C_YGER::paired_mea64c::20170622_patch2,PAIRED_MEA64C_YGER,0.0029706646862235424,0.012834552675485611,0.009863887989262068
main,fmiss,source_reweighted_fullctx_lightgbm,source_reweighted_stack,lightgbm,PAIRED_MEA64C_YGER::paired_mea64c::20170622_patch2::KiloSort2::33,PAIRED_MEA64C_YGER::paired_mea64c::20170622_patch2,PAIRED_MEA64C_YGER,0.0011139992573338284,0.011837459169328213,0.010723459911994384
main,fmiss,source_reweighted_fullctx_lightgbm,source_reweighted_stack,lightgbm,PAIRED_MEA64C_YGER::paired_mea64c::20170622_patch2::KiloSort::5,PAIRED_MEA64C_YGER::paired_mea64c::20170622_patch2,PAIRED_MEA64C_YGER,0.0014853323431117712,0.007643551100045443,0.006158218756933671
main,fmiss,source_reweighted_fullctx_lightgbm,source_reweighted_stack,lightgbm,PAIRED_MEA64C_YGER::paired_mea64c::20170622_patch2::Klusta::14,PAIRED_MEA64C_YGER::paired_mea64c::20170622_patch2,PAIRED_MEA64C_YGER,0.15893056071295952,0.0165023785084486,0.14242818220451092
main,fmiss,source_reweighted_fullctx_lightgbm,source_reweighted_stack,lightgbm,PAIRED_MEA64C_YGER::paired_mea64c::20170622_patch2::MountainSort4::31,PAIRED_MEA64C_YGER::paired_mea64c::20170622_patch2,PAIRED_MEA64C_YGER,0.0003713330857779428,0.004540226422250271,0.004168893336472328
main,fmiss,source_reweighted_fullctx_lightgbm,source_reweighted_stack,lightgbm,PAIRED_MEA64C_YGER::paired_mea64c::20170622_patch2::SpykingCircus::17,PAIRED_MEA64C_YGER::paired_mea64c::20170622_patch2,PAIRED_MEA64C_YGER,0.0003713330857779428,0.01291642989963293,0.012545096813854987
main,fmiss,source_reweighted_fullctx_lightgbm,source_reweighted_stack,lightgbm,PAIRED_MEA64C_YGER::paired_mea64c::20170622_patch2::Tridesclous::0,PAIRED_MEA64C_YGER::paired_mea64c::20170622_patch2,PAIRED_MEA64C_YGER,0.0003713330857779428,0.013508636504411697,0.013137303418633754
main,fmiss,source_reweighted_fullctx_lightgbm_filtered,source_reweighted_stack_filtered,lightgbm,PAIRED_BOYDEN::paired_boyden32c::1103_1_1::IronClust::4,PAIRED_BOYDEN::paired_boyden32c::1103_1_1,PAIRED_BOYDEN,0.1661807580174927,0.3203882575035095,0.1542074994860168
main,fmiss,source_reweighted_fullctx_lightgbm_filtered,source_reweighted_stack_filtered,lightgbm,PAIRED_BOYDEN::paired_boyden32c::1103_1_1::JRClust::18,PAIRED_BOYDEN::paired_boyden32c::1103_1_1,PAIRED_BOYDEN,0.08551992225461613,0.29873403906822205,0.21321411681360591
main,fmiss,source_reweighted_fullctx_lightgbm_filtered,source_reweighted_stack_filtered,lightgbm,PAIRED_BOYDEN::paired_boyden32c::1103_1_1::KiloSort2::33,PAIRED_BOYDEN::paired_boyden32c::1103_1_1,PAIRED_BOYDEN,0.42857142857142855,0.3997092545032501,0.028862174068178426
main,fmiss,source_reweighted_fullctx_lightgbm_filtered,source_reweighted_stack_filtered,lightgbm,PAIRED_BOYDEN::paired_boyden32c::1103_1_1::KiloSort2::55,PAIRED_BOYDEN::paired_boyden32c::1103_1_1,PAIRED_BOYDEN,0.8328474246841594,0.710939347743988,0.12190807694017136
main,fmiss,source_reweighted_fullctx_lightgbm_filtered,source_reweighted_stack_filtered,lightgbm,PAIRED_BOYDEN::paired_boyden32c::1103_1_1::KiloSort2::60,PAIRED_BOYDEN::paired_boyden32c::1103_1_1,PAIRED_BOYDEN,0.7580174927113703,0.4415808916091919,0.3164366011021784
main,fmiss,source_reweighted_fullctx_lightgbm_filtered,source_reweighted_stack_filtered,lightgbm,PAIRED_BOYDEN::paired_boyden32c::1103_1_1::KiloSort::111,PAIRED_BOYDEN::paired_boyden32c::1103_1_1,PAIRED_BOYDEN,0.04081632653061224,0.2776000499725342,0.23678372344192194
main,fmiss,source_reweighted_fullctx_lightgbm_filtered,source_reweighted_stack_filtered,lightgbm,PAIRED_BOYDEN::paired_boyden32c::1103_1_1::Klusta::12,PAIRED_BOYDEN::paired_boyden32c::1103_1_1,PAIRED_BOYDEN,0.17881438289601556,0.30907270312309265,0.1302583202270771
main,fmiss,source_reweighted_fullctx_lightgbm_filtered,source_reweighted_stack_filtered,lightgbm,PAIRED_BOYDEN::paired_boyden32c::1103_1_1::MountainSort4::26,PAIRED_BOYDEN::paired_boyden32c::1103_1_1,PAIRED_BOYDEN,0.03595724003887269,0.2570103406906128,0.2210531006517401
main,fmiss,source_reweighted_fullctx_lightgbm_filtered,source_reweighted_stack_filtered,lightgbm,PAIRED_BOYDEN::paired_boyden32c::1103_1_1::SpykingCircus::27,PAIRED_BOYDEN::paired_boyden32c::1103_1_1,PAIRED_BOYDEN,0.07482993197278912,0.38662511110305786,0.3117951791302688
main,fmiss,source_reweighted_fullctx_lightgbm_filtered,source_reweighted_stack_filtered,lightgbm,PAIRED_BOYDEN::paired_boyden32c::1103_1_1::Tridesclous::3,PAIRED_BOYDEN::paired_boyden32c::1103_1_1,PAIRED_BOYDEN,0.11273080660835763,0.2698208689689636,0.157090062360606
main,fmiss,source_reweighted_fullctx_lightgbm_filtered,source_reweighted_stack_filtered,lightgbm,PAIRED_BOYDEN::paired_boyden32c::419_1_8::IronClust::14,PAIRED_BOYDEN::paired_boyden32c::419_1_8,PAIRED_BOYDEN,0.1489691520694466,0.13754145801067352,0.011427694058773086
main,fmiss,source_reweighted_fullctx_lightgbm_filtered,source_reweighted_stack_filtered,lightgbm,PAIRED_BOYDEN::paired_boyden32c::419_1_8::IronClust::4,PAIRED_BOYDEN::paired_boyden32c::419_1_8,PAIRED_BOYDEN,0.3614943419624864,0.16284482181072235,0.19864952015176407
main,fmiss,source_reweighted_fullctx_lightgbm_filtered,source_reweighted_stack_filtered,lightgbm,PAIRED_BOYDEN::paired_boyden32c::419_1_8::JRClust::24,PAIRED_BOYDEN::paired_boyden32c::419_1_8,PAIRED_BOYDEN,0.14617888699426446,0.1598988175392151,0.013719930544950631
main,fmiss,source_reweighted_fullctx_lightgbm_filtered,source_reweighted_stack_filtered,lightgbm,PAIRED_BOYDEN::paired_boyden32c::419_1_8::JRClust::8,PAIRED_BOYDEN::paired_boyden32c::419_1_8,PAIRED_BOYDEN,0.7484110990544102,0.44030508399009705,0.3081060150643131
main,fmiss,source_reweighted_fullctx_lightgbm_filtered,source_reweighted_stack_filtered,lightgbm,PAIRED_BOYDEN::paired_boyden32c::419_1_8::KiloSort2::27,PAIRED_BOYDEN::paired_boyden32c::419_1_8,PAIRED_BOYDEN,0.06696636180437142,0.13505224883556366,0.06808588703119224
main,fmiss,source_reweighted_fullctx_lightgbm_filtered,source_reweighted_stack_filtered,lightgbm,PAIRED_BOYDEN::paired_boyden32c::419_1_8::KiloSort2::46,PAIRED_BOYDEN::paired_boyden32c::419_1_8,PAIRED_BOYDEN,0.11424585335606882,0.185592919588089,0.07134706623202017
main,fmiss,source_reweighted_fullctx_lightgbm_filtered,source_reweighted_stack_filtered,lightgbm,PAIRED_BOYDEN::paired_boyden32c::419_1_8::KiloSort::17,PAIRED_BOYDEN::paired_boyden32c::419_1_8,PAIRED_BOYDEN,0.13067741435436367,0.13225966691970825,0.001582252565344583
main,fmiss,source_reweighted_fullctx_lightgbm_filtered,source_reweighted_stack_filtered,lightgbm,PAIRED_BOYDEN::paired_boyden32c::419_1_8::MountainSort4::42,PAIRED_BOYDEN::paired_boyden32c::419_1_8,PAIRED_BOYDEN,0.12261664858161525,0.07789870351552963,0.04471794506608562
main,fmiss,source_reweighted_fullctx_lightgbm_filtered,source_reweighted_stack_filtered,lightgbm,PAIRED_BOYDEN::paired_boyden32c::419_1_8::SpykingCircus::24,PAIRED_BOYDEN::paired_boyden32c::419_1_8,PAIRED_BOYDEN,0.8012711207564719,0.5217061638832092,0.27956495687326266
main,fmiss,source_reweighted_fullctx_lightgbm_filtered,source_reweighted_stack_filtered,lightgbm,PAIRED_BOYDEN::paired_boyden32c::419_1_8::SpykingCircus::28,PAIRED_BOYDEN::paired_boyden32c::419_1_8,PAIRED_BOYDEN,0.12416679584560533,0.13304519653320312,0.008878400687597793
main,fmiss,source_reweighted_fullctx_lightgbm_filtered,source_reweighted_stack_filtered,lightgbm,PAIRED_BOYDEN::paired_boyden32c::419_1_8::Tridesclous::0,PAIRED_BOYDEN::paired_boyden32c::419_1_8,PAIRED_BOYDEN,0.14447372500387537,0.041459474712610245,0.10301425029126512
main,fmiss,source_reweighted_fullctx_lightgbm_filtered,source_reweighted_stack_filtered,lightgbm,PAIRED_CRCNS_HC1::paired_crcns::d11221_d11221.001::SpykingCircus::6,PAIRED_CRCNS_HC1::paired_crcns::d11221_d11221.001,PAIRED_CRCNS_HC1,0.2845528455284553,0.5249748826026917,0.24042203707423637
main,fmiss,source_reweighted_fullctx_lightgbm_filtered,source_reweighted_stack_filtered,lightgbm,PAIRED_CRCNS_HC1::paired_crcns::d11222_d11222.002::IronClust::2,PAIRED_CRCNS_HC1::paired_crcns::d11222_d11222.002,PAIRED_CRCNS_HC1,0.017310252996005325,0.05769099295139313,0.0403807399553878
main,fmiss,source_reweighted_fullctx_lightgbm_filtered,source_reweighted_stack_filtered,lightgbm,PAIRED_CRCNS_HC1::paired_crcns::d11222_d11222.002::JRClust::3,PAIRED_CRCNS_HC1::paired_crcns::d11222_d11222.002,PAIRED_CRCNS_HC1,0.07323568575233022,0.10147713124752045,0.028241445495190226
main,fmiss,source_reweighted_fullctx_lightgbm_filtered,source_reweighted_stack_filtered,lightgbm,PAIRED_CRCNS_HC1::paired_crcns::d11222_d11222.002::KiloSort2::10,PAIRED_CRCNS_HC1::paired_crcns::d11222_d11222.002,PAIRED_CRCNS_HC1,0.5339547270306259,0.04307391121983528,0.49088081581079057
main,fmiss,source_reweighted_fullctx_lightgbm_filtered,source_reweighted_stack_filtered,lightgbm,PAIRED_CRCNS_HC1::paired_crcns::d11222_d11222.002::KiloSort::1,PAIRED_CRCNS_HC1::paired_crcns::d11222_d11222.002,PAIRED_CRCNS_HC1,0.03595206391478029,0.06464071571826935,0.028688651803489056
main,fmiss,source_reweighted_fullctx_lightgbm_filtered,source_reweighted_stack_filtered,lightgbm,PAIRED_CRCNS_HC1::paired_crcns::d11222_d11222.002::Klusta::2,PAIRED_CRCNS_HC1::paired_crcns::d11222_d11222.002,PAIRED_CRCNS_HC1,0.022636484687083888,0.059367816895246506,0.03673133220816262
main,fmiss,source_reweighted_fullctx_lightgbm_filtered,source_reweighted_stack_filtered,lightgbm,PAIRED_CRCNS_HC1::paired_crcns::d11222_d11222.002::MountainSort4::4,PAIRED_CRCNS_HC1::paired_crcns::d11222_d11222.002,PAIRED_CRCNS_HC1,0.20372836218375498,0.04114438593387604,0.16258397624987894
main,fmiss,source_reweighted_fullctx_lightgbm_filtered,source_reweighted_stack_filtered,lightgbm,PAIRED_CRCNS_HC1::paired_crcns::d11222_d11222.002::SpykingCircus::4,PAIRED_CRCNS_HC1::paired_crcns::d11222_d11222.002,PAIRED_CRCNS_HC1,0.1151797603195739,0.08936799317598343,0.025811767143590472
main,fmiss,source_reweighted_fullctx_lightgbm_filtered,source_reweighted_stack_filtered,lightgbm,PAIRED_CRCNS_HC1::paired_crcns::d11222_d11222.002::Tridesclous::0,PAIRED_CRCNS_HC1::paired_crcns::d11222_d11222.002,PAIRED_CRCNS_HC1,0.014647137150466045,0.06129305809736252,0.04664592094689647
main,fmiss,source_reweighted_fullctx_lightgbm_filtered,source_reweighted_stack_filtered,lightgbm,PAIRED_ENGLISH::paired_english::m139_200114_191955::KiloSort2::25,PAIRED_ENGLISH::paired_english::m139_200114_191955,PAIRED_ENGLISH,0.8107276747092185,0.4533591568470001,0.35736851786221835
main,fmiss,source_reweighted_fullctx_lightgbm_filtered,source_reweighted_stack_filtered,lightgbm,PAIRED_ENGLISH::paired_english::m139_200114_191955::MountainSort4::36,PAIRED_ENGLISH::paired_english::m139_200114_191955,PAIRED_ENGLISH,0.6701912909737576,0.38345226645469666,0.28673902451906097
main,fmiss,source_reweighted_fullctx_lightgbm_filtered,source_reweighted_stack_filtered,lightgbm,PAIRED_ENGLISH::paired_english::m139_200114_191955::SpykingCircus::42,PAIRED_ENGLISH::paired_english::m139_200114_191955,PAIRED_ENGLISH,0.8063058733057772,0.6618819236755371,0.14442394963024008
main,fmiss,source_reweighted_fullctx_lightgbm_filtered,source_reweighted_stack_filtered,lightgbm,PAIRED_ENGLISH::paired_english::m139_200114_222743::HerdingSpikes2::5,PAIRED_ENGLISH::paired_english::m139_200114_222743,PAIRED_ENGLISH,0.022052337547780066,0.2013443261384964,0.17929198859071632
main,fmiss,source_reweighted_fullctx_lightgbm_filtered,source_reweighted_stack_filtered,lightgbm,PAIRED_ENGLISH::paired_english::m139_200114_222743::IronClust::17,PAIRED_ENGLISH::paired_english::m139_200114_222743,PAIRED_ENGLISH,0.01587768303440165,0.18495401740074158,0.16907633436633993
main,fmiss,source_reweighted_fullctx_lightgbm_filtered,source_reweighted_stack_filtered,lightgbm,PAIRED_ENGLISH::paired_english::m139_200114_222743::KiloSort2::26,PAIRED_ENGLISH::paired_english::m139_200114_222743,PAIRED_ENGLISH,0.002940311673037342,0.25889697670936584,0.2559566650363285
main,fmiss,source_reweighted_fullctx_lightgbm_filtered,source_reweighted_stack_filtered,lightgbm,PAIRED_ENGLISH::paired_english::m139_200114_222743::KiloSort::88,PAIRED_ENGLISH::paired_english::m139_200114_222743,PAIRED_ENGLISH,0.006174654513378418,0.16765721142292023,0.1614825569095418
main,fmiss,source_reweighted_fullctx_lightgbm_filtered,source_reweighted_stack_filtered,lightgbm,PAIRED_ENGLISH::paired_english::m139_200114_222743::MountainSort4::46,PAIRED_ENGLISH::paired_english::m139_200114_222743,PAIRED_ENGLISH,0.00911496618641576,0.1855844408273697,0.17646947464095392
main,fmiss,source_reweighted_fullctx_lightgbm_filtered,source_reweighted_stack_filtered,lightgbm,PAIRED_ENGLISH::paired_english::m139_200114_222743::SpykingCircus::44,PAIRED_ENGLISH::paired_english::m139_200114_222743,PAIRED_ENGLISH,0.0020582181711261394,0.22737693786621094,0.2253187196950848
main,fmiss,source_reweighted_fullctx_lightgbm_filtered,source_reweighted_stack_filtered,lightgbm,PAIRED_ENGLISH::paired_english::m139_200114_222743::Tridesclous::1,PAIRED_ENGLISH::paired_english::m139_200114_222743,PAIRED_ENGLISH,0.004998529844163481,0.2034551352262497,0.1984566053820862
main,fmiss,source_reweighted_fullctx_lightgbm_filtered,source_reweighted_stack_filtered,lightgbm,PAIRED_ENGLISH::paired_english::m14_190326_155432::IronClust::22,PAIRED_ENGLISH::paired_english::m14_190326_155432,PAIRED_ENGLISH,0.13721413721413722,0.21965891122817993,0.08244477401404271
main,fmiss,source_reweighted_fullctx_lightgbm_filtered,source_reweighted_stack_filtered,lightgbm,PAIRED_ENGLISH::paired_english::m14_190326_155432::MountainSort4::33,PAIRED_ENGLISH::paired_english::m14_190326_155432,PAIRED_ENGLISH,0.09147609147609148,0.19074486196041107,0.09926877048431959
main,fmiss,source_reweighted_fullctx_lightgbm_filtered,source_reweighted_stack_filtered,lightgbm,PAIRED_ENGLISH::paired_english::m14_190326_155432::SpykingCircus::38,PAIRED_ENGLISH::paired_english::m14_190326_155432,PAIRED_ENGLISH,0.079002079002079,0.3065064251422882,0.2275043461402092
main,fmiss,source_reweighted_fullctx_lightgbm_filtered,source_reweighted_stack_filtered,lightgbm,PAIRED_ENGLISH::paired_english::m15_190315_142052_cell1::IronClust::40,PAIRED_ENGLISH::paired_english::m15_190315_142052_cell1,PAIRED_ENGLISH,0.24027594305005137,0.2031579166650772,0.03711802638497416
main,fmiss,source_reweighted_fullctx_lightgbm_filtered,source_reweighted_stack_filtered,lightgbm,PAIRED_ENGLISH::paired_english::m15_190315_142052_cell1::KiloSort2::48,PAIRED_ENGLISH::paired_english::m15_190315_142052_cell1,PAIRED_ENGLISH,0.3173345075590782,0.23990654945373535,0.07742795810534286
main,fmiss,source_reweighted_fullctx_lightgbm_filtered,source_reweighted_stack_filtered,lightgbm,PAIRED_ENGLISH::paired_english::m15_190315_142052_cell1::MountainSort4::62,PAIRED_ENGLISH::paired_english::m15_190315_142052_cell1,PAIRED_ENGLISH,0.5289886980772054,0.3421221077442169,0.18686659033298847
main,fmiss,source_reweighted_fullctx_lightgbm_filtered,source_reweighted_stack_filtered,lightgbm,PAIRED_ENGLISH::paired_english::m15_190315_142052_cell1::MountainSort4::64,PAIRED_ENGLISH::paired_english::m15_190315_142052_cell1,PAIRED_ENGLISH,0.6713635696462645,0.5247296690940857,0.14663390055217884
main,fmiss,source_reweighted_fullctx_lightgbm_filtered,source_reweighted_stack_filtered,lightgbm,PAIRED_ENGLISH::paired_english::m15_190315_142052_cell1::SpykingCircus::22,PAIRED_ENGLISH::paired_english::m15_190315_142052_cell1,PAIRED_ENGLISH,0.35975341259357113,0.36385858058929443,0.004105167995723302
main,fmiss,source_reweighted_fullctx_lightgbm_filtered,source_reweighted_stack_filtered,lightgbm,PAIRED_ENGLISH::paired_english::m15_190315_142052_cell1::SpykingCircus::57,PAIRED_ENGLISH::paired_english::m15_190315_142052_cell1,PAIRED_ENGLISH,0.8711287244972846,0.5614715218544006,0.309657202642884
main,fmiss,source_reweighted_fullctx_lightgbm_filtered,source_reweighted_stack_filtered,lightgbm,PAIRED_ENGLISH::paired_english::m15_190315_152315_cell1::IronClust::35,PAIRED_ENGLISH::paired_english::m15_190315_152315_cell1,PAIRED_ENGLISH,0.04922936853742602,0.13056567311286926,0.08133630457544325
main,fmiss,source_reweighted_fullctx_lightgbm_filtered,source_reweighted_stack_filtered,lightgbm,PAIRED_ENGLISH::paired_english::m15_190315_152315_cell1::KiloSort2::37,PAIRED_ENGLISH::paired_english::m15_190315_152315_cell1,PAIRED_ENGLISH,0.0014307082005592768,0.18730907142162323,0.18587836322106396
main,fmiss,source_reweighted_fullctx_lightgbm_filtered,source_reweighted_stack_filtered,lightgbm,PAIRED_ENGLISH::paired_english::m15_190315_152315_cell1::KiloSort::1,PAIRED_ENGLISH::paired_english::m15_190315_152315_cell1,PAIRED_ENGLISH,0.003901931456070755,0.13477516174316406,0.1308732302870933
main,fmiss,source_reweighted_fullctx_lightgbm_filtered,source_reweighted_stack_filtered,lightgbm,PAIRED_ENGLISH::paired_english::m15_190315_152315_cell1::MountainSort4::72,PAIRED_ENGLISH::paired_english::m15_190315_152315_cell1,PAIRED_ENGLISH,0.03479222214996423,0.18989568948745728,0.15510346733749303
main,fmiss,source_reweighted_fullctx_lightgbm_filtered,source_reweighted_stack_filtered,lightgbm,PAIRED_ENGLISH::paired_english::m15_190315_152315_cell1::SpykingCircus::46,PAIRED_ENGLISH::paired_english::m15_190315_152315_cell1,PAIRED_ENGLISH,0.0018859335371008649,0.13610632717609406,0.13422039363899319
main,fmiss,source_reweighted_fullctx_lightgbm_filtered,source_reweighted_stack_filtered,lightgbm,PAIRED_ENGLISH::paired_english::m15_190315_152315_cell1::Tridesclous::0,PAIRED_ENGLISH::paired_english::m15_190315_152315_cell1,PAIRED_ENGLISH,0.2026403069519412,0.0760025680065155,0.1266377389454257
main,fmiss,source_reweighted_fullctx_lightgbm_filtered,source_reweighted_stack_filtered,lightgbm,PAIRED_ENGLISH::paired_english::m26_190524_100859_cell1::KiloSort2::0,PAIRED_ENGLISH::paired_english::m26_190524_100859_cell1,PAIRED_ENGLISH,0.3453815261044177,0.06029104068875313,0.28509048541566456
main,fmiss,source_reweighted_fullctx_lightgbm_filtered,source_reweighted_stack_filtered,lightgbm,PAIRED_ENGLISH::paired_english::m26_190524_100859_cell1::KiloSort::19,PAIRED_ENGLISH::paired_english::m26_190524_100859_cell1,PAIRED_ENGLISH,0.5522088353413654,0.07002092897891998,0.48218790636244546
main,fmiss,source_reweighted_fullctx_lightgbm_filtered,source_reweighted_stack_filtered,lightgbm,PAIRED_ENGLISH::paired_english::m26_190524_100859_cell1::KiloSort::8,PAIRED_ENGLISH::paired_english::m26_190524_100859_cell1,PAIRED_ENGLISH,0.7610441767068273,0.04309313744306564,0.7179510392637617
main,fmiss,source_reweighted_fullctx_lightgbm_filtered,source_reweighted_stack_filtered,lightgbm,PAIRED_ENGLISH::paired_english::m57_191105_141906::IronClust::6,PAIRED_ENGLISH::paired_english::m57_191105_141906,PAIRED_ENGLISH,0.12826603325415678,0.31984448432922363,0.19157845107506685
main,fmiss,source_reweighted_fullctx_lightgbm_filtered,source_reweighted_stack_filtered,lightgbm,PAIRED_ENGLISH::paired_english::m57_191105_141906::KiloSort::47,PAIRED_ENGLISH::paired_english::m57_191105_141906,PAIRED_ENGLISH,0.04829770387965162,0.11908286809921265,0.07078516421956102
main,fmiss,source_reweighted_fullctx_lightgbm_filtered,source_reweighted_stack_filtered,lightgbm,PAIRED_ENGLISH::paired_english::m57_191105_141906::MountainSort4::21,PAIRED_ENGLISH::paired_english::m57_191105_141906,PAIRED_ENGLISH,0.1187648456057007,0.18030819296836853,0.061543347362667825
main,fmiss,source_reweighted_fullctx_lightgbm_filtered,source_reweighted_stack_filtered,lightgbm,PAIRED_ENGLISH::paired_english::m57_191105_141906::MountainSort4::57,PAIRED_ENGLISH::paired_english::m57_191105_141906,PAIRED_ENGLISH,0.5399841646872525,0.4765360951423645,0.06344806954488802
main,fmiss,source_reweighted_fullctx_lightgbm_filtered,source_reweighted_stack_filtered,lightgbm,PAIRED_ENGLISH::paired_english::m57_191105_141906::SpykingCircus::12,PAIRED_ENGLISH::paired_english::m57_191105_141906,PAIRED_ENGLISH,0.5859065716547902,0.6169037222862244,0.030997150631434156
main,fmiss,source_reweighted_fullctx_lightgbm_filtered,source_reweighted_stack_filtered,lightgbm,PAIRED_ENGLISH::paired_english::m57_191105_141906::SpykingCircus::30,PAIRED_ENGLISH::paired_english::m57_191105_141906,PAIRED_ENGLISH,0.46872525732383213,0.23096907138824463,0.2377561859355875
main,fmiss,source_reweighted_fullctx_lightgbm_filtered,source_reweighted_stack_filtered,lightgbm,PAIRED_ENGLISH::paired_english::m57_191105_160026::HerdingSpikes2::1,PAIRED_ENGLISH::paired_english::m57_191105_160026,PAIRED_ENGLISH,0.7557251908396947,0.24872781336307526,0.5069973774766194
main,fmiss,source_reweighted_fullctx_lightgbm_filtered,source_reweighted_stack_filtered,lightgbm,PAIRED_ENGLISH::paired_english::m57_191105_160026::IronClust::2,PAIRED_ENGLISH::paired_english::m57_191105_160026,PAIRED_ENGLISH,0.7206106870229008,0.5453713536262512,0.17523933339664954
main,fmiss,source_reweighted_fullctx_lightgbm_filtered,source_reweighted_stack_filtered,lightgbm,PAIRED_ENGLISH::paired_english::m57_191105_160026::IronClust::3,PAIRED_ENGLISH::paired_english::m57_191105_160026,PAIRED_ENGLISH,0.5629770992366412,0.42226165533065796,0.14071544390598323
main,fmiss,source_reweighted_fullctx_lightgbm_filtered,source_reweighted_stack_filtered,lightgbm,PAIRED_ENGLISH::paired_english::m57_191105_160026::KiloSort::127,PAIRED_ENGLISH::paired_english::m57_191105_160026,PAIRED_ENGLISH,0.7213740458015268,0.5767183899879456,0.1446556558135812
main,fmiss,source_reweighted_fullctx_lightgbm_filtered,source_reweighted_stack_filtered,lightgbm,PAIRED_ENGLISH::paired_english::m57_191105_160026::KiloSort::6,PAIRED_ENGLISH::paired_english::m57_191105_160026,PAIRED_ENGLISH,0.5885496183206107,0.5153120756149292,0.0732375427056815
main,fmiss,source_reweighted_fullctx_lightgbm_filtered,source_reweighted_stack_filtered,lightgbm,PAIRED_ENGLISH::paired_english::m57_191105_160026::MountainSort4::23,PAIRED_ENGLISH::paired_english::m57_191105_160026,PAIRED_ENGLISH,0.8603053435114504,0.561181902885437,0.29912344062601337
main,fmiss,source_reweighted_fullctx_lightgbm_filtered,source_reweighted_stack_filtered,lightgbm,PAIRED_ENGLISH::paired_english::m57_191105_160026::MountainSort4::25,PAIRED_ENGLISH::paired_english::m57_191105_160026,PAIRED_ENGLISH,0.5545801526717558,0.3262328505516052,0.22834730212015053
main,fmiss,source_reweighted_fullctx_lightgbm_filtered,source_reweighted_stack_filtered,lightgbm,PAIRED_ENGLISH::paired_english::m57_191105_160026::SpykingCircus::2,PAIRED_ENGLISH::paired_english::m57_191105_160026,PAIRED_ENGLISH,0.7709923664122137,0.3590317964553833,0.4119605699568304
main,fmiss,source_reweighted_fullctx_lightgbm_filtered,source_reweighted_stack_filtered,lightgbm,PAIRED_ENGLISH::paired_english::m57_191105_160026::SpykingCircus::4,PAIRED_ENGLISH::paired_english::m57_191105_160026,PAIRED_ENGLISH,0.5625954198473282,0.48380935192108154,0.07878606792624665
main,fmiss,source_reweighted_fullctx_lightgbm_filtered,source_reweighted_stack_filtered,lightgbm,PAIRED_ENGLISH::paired_english::m57_191105_160026::Tridesclous::0,PAIRED_ENGLISH::paired_english::m57_191105_160026,PAIRED_ENGLISH,0.7061068702290076,0.07743880897760391,0.6286680612514037
main,fmiss,source_reweighted_fullctx_lightgbm_filtered,source_reweighted_stack_filtered,lightgbm,PAIRED_KAMPFF::paired_kampff::c14::HerdingSpikes2::6,PAIRED_KAMPFF::paired_kampff::c14,PAIRED_KAMPFF,0.35151068533529845,0.6056789755821228,0.25416829024682436
main,fmiss,source_reweighted_fullctx_lightgbm_filtered,source_reweighted_stack_filtered,lightgbm,PAIRED_KAMPFF::paired_kampff::c14::IronClust::22,PAIRED_KAMPFF::paired_kampff::c14,PAIRED_KAMPFF,0.25036845983787764,0.5151817798614502,0.26481332002357255
main,fmiss,source_reweighted_fullctx_lightgbm_filtered,source_reweighted_stack_filtered,lightgbm,PAIRED_KAMPFF::paired_kampff::c14::KiloSort2::37,PAIRED_KAMPFF::paired_kampff::c14,PAIRED_KAMPFF,0.14296241709653648,0.5466247797012329,0.40366236260469646
main,fmiss,source_reweighted_fullctx_lightgbm_filtered,source_reweighted_stack_filtered,lightgbm,PAIRED_KAMPFF::paired_kampff::c14::MountainSort4::42,PAIRED_KAMPFF::paired_kampff::c14,PAIRED_KAMPFF,0.32221812822402357,0.4086393713951111,0.08642124317108751
main,fmiss,source_reweighted_fullctx_lightgbm_filtered,source_reweighted_stack_filtered,lightgbm,PAIRED_KAMPFF::paired_kampff::c14::SpykingCircus::14,PAIRED_KAMPFF::paired_kampff::c14,PAIRED_KAMPFF,0.21868091378039795,0.49275755882263184,0.2740766450422339
main,fmiss,source_reweighted_fullctx_lightgbm_filtered,source_reweighted_stack_filtered,lightgbm,PAIRED_KAMPFF::paired_kampff::c14::Tridesclous::8,PAIRED_KAMPFF::paired_kampff::c14,PAIRED_KAMPFF,0.20910095799557848,0.2073906809091568,0.0017102770864216854
main,fmiss,source_reweighted_fullctx_lightgbm_filtered,source_reweighted_stack_filtered,lightgbm,PAIRED_MEA64C_YGER::paired_mea64c::20170622_patch1::HerdingSpikes2::19,PAIRED_MEA64C_YGER::paired_mea64c::20170622_patch1,PAIRED_MEA64C_YGER,0.8533362695441533,0.712502121925354,0.1408341476187993
main,fmiss,source_reweighted_fullctx_lightgbm_filtered,source_reweighted_stack_filtered,lightgbm,PAIRED_MEA64C_YGER::paired_mea64c::20170622_patch1::HerdingSpikes2::7,PAIRED_MEA64C_YGER::paired_mea64c::20170622_patch1,PAIRED_MEA64C_YGER,0.18343977097555605,0.33018529415130615,0.1467455231757501
main,fmiss,source_reweighted_fullctx_lightgbm_filtered,source_reweighted_stack_filtered,lightgbm,PAIRED_MEA64C_YGER::paired_mea64c::20170622_patch1::IronClust::8,PAIRED_MEA64C_YGER::paired_mea64c::20170622_patch1,PAIRED_MEA64C_YGER,0.027747192248403437,0.04592626541852951,0.018179073170126073
main,fmiss,source_reweighted_fullctx_lightgbm_filtered,source_reweighted_stack_filtered,lightgbm,PAIRED_MEA64C_YGER::paired_mea64c::20170622_patch1::KiloSort2::23,PAIRED_MEA64C_YGER::paired_mea64c::20170622_patch1,PAIRED_MEA64C_YGER,0.0008808632459810614,0.2597764730453491,0.25889560979936804
main,fmiss,source_reweighted_fullctx_lightgbm_filtered,source_reweighted_stack_filtered,lightgbm,PAIRED_MEA64C_YGER::paired_mea64c::20170622_patch1::KiloSort::64,PAIRED_MEA64C_YGER::paired_mea64c::20170622_patch1,PAIRED_MEA64C_YGER,0.03457388240475666,0.18626636266708374,0.15169248026232707
main,fmiss,source_reweighted_fullctx_lightgbm_filtered,source_reweighted_stack_filtered,lightgbm,PAIRED_MEA64C_YGER::paired_mea64c::20170622_patch1::Klusta::4,PAIRED_MEA64C_YGER::paired_mea64c::20170622_patch1,PAIRED_MEA64C_YGER,0.17441092270425015,0.24459931254386902,0.07018838983961886
main,fmiss,source_reweighted_fullctx_lightgbm_filtered,source_reweighted_stack_filtered,lightgbm,PAIRED_MEA64C_YGER::paired_mea64c::20170622_patch1::MountainSort4::43,PAIRED_MEA64C_YGER::paired_mea64c::20170622_patch1,PAIRED_MEA64C_YGER,0.02510460251046025,0.16045819222927094,0.13535358971881067
main,fmiss,source_reweighted_fullctx_lightgbm_filtered,source_reweighted_stack_filtered,lightgbm,PAIRED_MEA64C_YGER::paired_mea64c::20170622_patch1::SpykingCircus::18,PAIRED_MEA64C_YGER::paired_mea64c::20170622_patch1,PAIRED_MEA64C_YGER,0.0028628055494384495,0.17784938216209412,0.17498657661265565
main,fmiss,source_reweighted_fullctx_lightgbm_filtered,source_reweighted_stack_filtered,lightgbm,PAIRED_MEA64C_YGER::paired_mea64c::20170622_patch1::Tridesclous::12,PAIRED_MEA64C_YGER::paired_mea64c::20170622_patch1,PAIRED_MEA64C_YGER,0.026425897379431844,0.18127547204494476,0.1548495746655129
main,fmiss,source_reweighted_fullctx_lightgbm_filtered,source_reweighted_stack_filtered,lightgbm,PAIRED_MEA64C_YGER::paired_mea64c::20170622_patch2::HerdingSpikes2::16,PAIRED_MEA64C_YGER::paired_mea64c::20170622_patch2,PAIRED_MEA64C_YGER,0.6606015595989603,0.4574168622493744,0.20318469734958589
main,fmiss,source_reweighted_fullctx_lightgbm_filtered,source_reweighted_stack_filtered,lightgbm,PAIRED_MEA64C_YGER::paired_mea64c::20170622_patch2::HerdingSpikes2::44,PAIRED_MEA64C_YGER::paired_mea64c::20170622_patch2,PAIRED_MEA64C_YGER,0.8756034162643892,0.4594559967517853,0.4161474195126039
main,fmiss,source_reweighted_fullctx_lightgbm_filtered,source_reweighted_stack_filtered,lightgbm,PAIRED_MEA64C_YGER::paired_mea64c::20170622_patch2::HerdingSpikes2::5,PAIRED_MEA64C_YGER::paired_mea64c::20170622_patch2,PAIRED_MEA64C_YGER,0.008169327887114742,0.026362648233771324,0.018193320346656584
main,fmiss,source_reweighted_fullctx_lightgbm_filtered,source_reweighted_stack_filtered,lightgbm,PAIRED_MEA64C_YGER::paired_mea64c::20170622_patch2::IronClust::11,PAIRED_MEA64C_YGER::paired_mea64c::20170622_patch2,PAIRED_MEA64C_YGER,0.0003713330857779428,0.012927329167723656,0.012555996081945712
main,fmiss,source_reweighted_fullctx_lightgbm_filtered,source_reweighted_stack_filtered,lightgbm,PAIRED_MEA64C_YGER::paired_mea64c::20170622_patch2::JRClust::31,PAIRED_MEA64C_YGER::paired_mea64c::20170622_patch2,PAIRED_MEA64C_YGER,0.0029706646862235424,0.019014256075024605,0.016043591388801064
main,fmiss,source_reweighted_fullctx_lightgbm_filtered,source_reweighted_stack_filtered,lightgbm,PAIRED_MEA64C_YGER::paired_mea64c::20170622_patch2::KiloSort2::33,PAIRED_MEA64C_YGER::paired_mea64c::20170622_patch2,PAIRED_MEA64C_YGER,0.0011139992573338284,0.018067492172122,0.016953492914788173
main,fmiss,source_reweighted_fullctx_lightgbm_filtered,source_reweighted_stack_filtered,lightgbm,PAIRED_MEA64C_YGER::paired_mea64c::20170622_patch2::KiloSort::5,PAIRED_MEA64C_YGER::paired_mea64c::20170622_patch2,PAIRED_MEA64C_YGER,0.0014853323431117712,0.015151917934417725,0.013666585591305954
main,fmiss,source_reweighted_fullctx_lightgbm_filtered,source_reweighted_stack_filtered,lightgbm,PAIRED_MEA64C_YGER::paired_mea64c::20170622_patch2::Klusta::14,PAIRED_MEA64C_YGER::paired_mea64c::20170622_patch2,PAIRED_MEA64C_YGER,0.15893056071295952,0.034057583659887314,0.12487297705307221
main,fmiss,source_reweighted_fullctx_lightgbm_filtered,source_reweighted_stack_filtered,lightgbm,PAIRED_MEA64C_YGER::paired_mea64c::20170622_patch2::MountainSort4::31,PAIRED_MEA64C_YGER::paired_mea64c::20170622_patch2,PAIRED_MEA64C_YGER,0.0003713330857779428,0.004488278180360794,0.004116945094582851
main,fmiss,source_reweighted_fullctx_lightgbm_filtered,source_reweighted_stack_filtered,lightgbm,PAIRED_MEA64C_YGER::paired_mea64c::20170622_patch2::SpykingCircus::17,PAIRED_MEA64C_YGER::paired_mea64c::20170622_patch2,PAIRED_MEA64C_YGER,0.0003713330857779428,0.019662432372570038,0.019291099286792096
main,fmiss,source_reweighted_fullctx_lightgbm_filtered,source_reweighted_stack_filtered,lightgbm,PAIRED_MEA64C_YGER::paired_mea64c::20170622_patch2::Tridesclous::0,PAIRED_MEA64C_YGER::paired_mea64c::20170622_patch2,PAIRED_MEA64C_YGER,0.0003713330857779428,0.01888539455831051,0.018514061472532567
main,fmiss,source_reweighted_fullctx_xgboost,source_reweighted_stack,xgboost,PAIRED_BOYDEN::paired_boyden32c::1103_1_1::IronClust::4,PAIRED_BOYDEN::paired_boyden32c::1103_1_1,PAIRED_BOYDEN,0.1661807580174927,0.1380174160003662,0.028163342017126503
main,fmiss,source_reweighted_fullctx_xgboost,source_reweighted_stack,xgboost,PAIRED_BOYDEN::paired_boyden32c::1103_1_1::JRClust::18,PAIRED_BOYDEN::paired_boyden32c::1103_1_1,PAIRED_BOYDEN,0.08551992225461613,0.2619420289993286,0.17642210674471248
main,fmiss,source_reweighted_fullctx_xgboost,source_reweighted_stack,xgboost,PAIRED_BOYDEN::paired_boyden32c::1103_1_1::KiloSort2::33,PAIRED_BOYDEN::paired_boyden32c::1103_1_1,PAIRED_BOYDEN,0.42857142857142855,0.3291607201099396,0.09941070846148897
main,fmiss,source_reweighted_fullctx_xgboost,source_reweighted_stack,xgboost,PAIRED_BOYDEN::paired_boyden32c::1103_1_1::KiloSort2::55,PAIRED_BOYDEN::paired_boyden32c::1103_1_1,PAIRED_BOYDEN,0.8328474246841594,0.38484182953834534,0.44800559514581406
main,fmiss,source_reweighted_fullctx_xgboost,source_reweighted_stack,xgboost,PAIRED_BOYDEN::paired_boyden32c::1103_1_1::KiloSort2::60,PAIRED_BOYDEN::paired_boyden32c::1103_1_1,PAIRED_BOYDEN,0.7580174927113703,0.2552432119846344,0.5027742807267359
main,fmiss,source_reweighted_fullctx_xgboost,source_reweighted_stack,xgboost,PAIRED_BOYDEN::paired_boyden32c::1103_1_1::KiloSort::111,PAIRED_BOYDEN::paired_boyden32c::1103_1_1,PAIRED_BOYDEN,0.04081632653061224,0.26331639289855957,0.22250006636794734
main,fmiss,source_reweighted_fullctx_xgboost,source_reweighted_stack,xgboost,PAIRED_BOYDEN::paired_boyden32c::1103_1_1::Klusta::12,PAIRED_BOYDEN::paired_boyden32c::1103_1_1,PAIRED_BOYDEN,0.17881438289601556,0.20034517347812653,0.021530790582110965
main,fmiss,source_reweighted_fullctx_xgboost,source_reweighted_stack,xgboost,PAIRED_BOYDEN::paired_boyden32c::1103_1_1::MountainSort4::26,PAIRED_BOYDEN::paired_boyden32c::1103_1_1,PAIRED_BOYDEN,0.03595724003887269,0.3119639754295349,0.27600673539066223
main,fmiss,source_reweighted_fullctx_xgboost,source_reweighted_stack,xgboost,PAIRED_BOYDEN::paired_boyden32c::1103_1_1::SpykingCircus::27,PAIRED_BOYDEN::paired_boyden32c::1103_1_1,PAIRED_BOYDEN,0.07482993197278912,0.27469202876091003,0.19986209678812092
main,fmiss,source_reweighted_fullctx_xgboost,source_reweighted_stack,xgboost,PAIRED_BOYDEN::paired_boyden32c::1103_1_1::Tridesclous::3,PAIRED_BOYDEN::paired_boyden32c::1103_1_1,PAIRED_BOYDEN,0.11273080660835763,0.20403066277503967,0.09129985616668204
main,fmiss,source_reweighted_fullctx_xgboost,source_reweighted_stack,xgboost,PAIRED_BOYDEN::paired_boyden32c::419_1_8::IronClust::14,PAIRED_BOYDEN::paired_boyden32c::419_1_8,PAIRED_BOYDEN,0.1489691520694466,0.09769243001937866,0.05127672205006795
main,fmiss,source_reweighted_fullctx_xgboost,source_reweighted_stack,xgboost,PAIRED_BOYDEN::paired_boyden32c::419_1_8::IronClust::4,PAIRED_BOYDEN::paired_boyden32c::419_1_8,PAIRED_BOYDEN,0.3614943419624864,0.12051143497228622,0.2409829069902002
main,fmiss,source_reweighted_fullctx_xgboost,source_reweighted_stack,xgboost,PAIRED_BOYDEN::paired_boyden32c::419_1_8::JRClust::24,PAIRED_BOYDEN::paired_boyden32c::419_1_8,PAIRED_BOYDEN,0.14617888699426446,0.12638702988624573,0.01979185710801873
main,fmiss,source_reweighted_fullctx_xgboost,source_reweighted_stack,xgboost,PAIRED_BOYDEN::paired_boyden32c::419_1_8::JRClust::8,PAIRED_BOYDEN::paired_boyden32c::419_1_8,PAIRED_BOYDEN,0.7484110990544102,0.4271857738494873,0.32122532520492286
main,fmiss,source_reweighted_fullctx_xgboost,source_reweighted_stack,xgboost,PAIRED_BOYDEN::paired_boyden32c::419_1_8::KiloSort2::27,PAIRED_BOYDEN::paired_boyden32c::419_1_8,PAIRED_BOYDEN,0.06696636180437142,0.0670892745256424,0.0001229127212709763
main,fmiss,source_reweighted_fullctx_xgboost,source_reweighted_stack,xgboost,PAIRED_BOYDEN::paired_boyden32c::419_1_8::KiloSort2::46,PAIRED_BOYDEN::paired_boyden32c::419_1_8,PAIRED_BOYDEN,0.11424585335606882,0.1022881343960762,0.01195771895999262
main,fmiss,source_reweighted_fullctx_xgboost,source_reweighted_stack,xgboost,PAIRED_BOYDEN::paired_boyden32c::419_1_8::KiloSort::17,PAIRED_BOYDEN::paired_boyden32c::419_1_8,PAIRED_BOYDEN,0.13067741435436367,0.10773076862096786,0.022946645733395804
main,fmiss,source_reweighted_fullctx_xgboost,source_reweighted_stack,xgboost,PAIRED_BOYDEN::paired_boyden32c::419_1_8::MountainSort4::42,PAIRED_BOYDEN::paired_boyden32c::419_1_8,PAIRED_BOYDEN,0.12261664858161525,0.08735024929046631,0.03526639929114894
main,fmiss,source_reweighted_fullctx_xgboost,source_reweighted_stack,xgboost,PAIRED_BOYDEN::paired_boyden32c::419_1_8::SpykingCircus::24,PAIRED_BOYDEN::paired_boyden32c::419_1_8,PAIRED_BOYDEN,0.8012711207564719,0.4006657004356384,0.40060542032083346
main,fmiss,source_reweighted_fullctx_xgboost,source_reweighted_stack,xgboost,PAIRED_BOYDEN::paired_boyden32c::419_1_8::SpykingCircus::28,PAIRED_BOYDEN::paired_boyden32c::419_1_8,PAIRED_BOYDEN,0.12416679584560533,0.09817192703485489,0.025994868810750443
main,fmiss,source_reweighted_fullctx_xgboost,source_reweighted_stack,xgboost,PAIRED_BOYDEN::paired_boyden32c::419_1_8::Tridesclous::0,PAIRED_BOYDEN::paired_boyden32c::419_1_8,PAIRED_BOYDEN,0.14447372500387537,0.04961973428726196,0.0948539907166134
main,fmiss,source_reweighted_fullctx_xgboost,source_reweighted_stack,xgboost,PAIRED_CRCNS_HC1::paired_crcns::d11221_d11221.001::SpykingCircus::6,PAIRED_CRCNS_HC1::paired_crcns::d11221_d11221.001,PAIRED_CRCNS_HC1,0.2845528455284553,0.41711854934692383,0.13256570381846855
main,fmiss,source_reweighted_fullctx_xgboost,source_reweighted_stack,xgboost,PAIRED_CRCNS_HC1::paired_crcns::d11222_d11222.002::IronClust::2,PAIRED_CRCNS_HC1::paired_crcns::d11222_d11222.002,PAIRED_CRCNS_HC1,0.017310252996005325,0.19802945852279663,0.1807192055267913
main,fmiss,source_reweighted_fullctx_xgboost,source_reweighted_stack,xgboost,PAIRED_CRCNS_HC1::paired_crcns::d11222_d11222.002::JRClust::3,PAIRED_CRCNS_HC1::paired_crcns::d11222_d11222.002,PAIRED_CRCNS_HC1,0.07323568575233022,0.26798126101493835,0.19474557526260813
main,fmiss,source_reweighted_fullctx_xgboost,source_reweighted_stack,xgboost,PAIRED_CRCNS_HC1::paired_crcns::d11222_d11222.002::KiloSort2::10,PAIRED_CRCNS_HC1::paired_crcns::d11222_d11222.002,PAIRED_CRCNS_HC1,0.5339547270306259,0.28002867102622986,0.253926056004396
main,fmiss,source_reweighted_fullctx_xgboost,source_reweighted_stack,xgboost,PAIRED_CRCNS_HC1::paired_crcns::d11222_d11222.002::KiloSort::1,PAIRED_CRCNS_HC1::paired_crcns::d11222_d11222.002,PAIRED_CRCNS_HC1,0.03595206391478029,0.15348531305789948,0.11753324914311919
main,fmiss,source_reweighted_fullctx_xgboost,source_reweighted_stack,xgboost,PAIRED_CRCNS_HC1::paired_crcns::d11222_d11222.002::Klusta::2,PAIRED_CRCNS_HC1::paired_crcns::d11222_d11222.002,PAIRED_CRCNS_HC1,0.022636484687083888,0.21704241633415222,0.19440593164706832
main,fmiss,source_reweighted_fullctx_xgboost,source_reweighted_stack,xgboost,PAIRED_CRCNS_HC1::paired_crcns::d11222_d11222.002::MountainSort4::4,PAIRED_CRCNS_HC1::paired_crcns::d11222_d11222.002,PAIRED_CRCNS_HC1,0.20372836218375498,0.1548011302947998,0.048927231888955175
main,fmiss,source_reweighted_fullctx_xgboost,source_reweighted_stack,xgboost,PAIRED_CRCNS_HC1::paired_crcns::d11222_d11222.002::SpykingCircus::4,PAIRED_CRCNS_HC1::paired_crcns::d11222_d11222.002,PAIRED_CRCNS_HC1,0.1151797603195739,0.2723773121833801,0.15719755186380624
main,fmiss,source_reweighted_fullctx_xgboost,source_reweighted_stack,xgboost,PAIRED_CRCNS_HC1::paired_crcns::d11222_d11222.002::Tridesclous::0,PAIRED_CRCNS_HC1::paired_crcns::d11222_d11222.002,PAIRED_CRCNS_HC1,0.014647137150466045,0.08998790383338928,0.07534076668292324
main,fmiss,source_reweighted_fullctx_xgboost,source_reweighted_stack,xgboost,PAIRED_ENGLISH::paired_english::m139_200114_191955::KiloSort2::25,PAIRED_ENGLISH::paired_english::m139_200114_191955,PAIRED_ENGLISH,0.8107276747092185,0.23520958423614502,0.5755180904730735
main,fmiss,source_reweighted_fullctx_xgboost,source_reweighted_stack,xgboost,PAIRED_ENGLISH::paired_english::m139_200114_191955::MountainSort4::36,PAIRED_ENGLISH::paired_english::m139_200114_191955,PAIRED_ENGLISH,0.6701912909737576,0.2765236794948578,0.39366761147889984
main,fmiss,source_reweighted_fullctx_xgboost,source_reweighted_stack,xgboost,PAIRED_ENGLISH::paired_english::m139_200114_191955::SpykingCircus::42,PAIRED_ENGLISH::paired_english::m139_200114_191955,PAIRED_ENGLISH,0.8063058733057772,0.5338188409805298,0.2724870323252474
main,fmiss,source_reweighted_fullctx_xgboost,source_reweighted_stack,xgboost,PAIRED_ENGLISH::paired_english::m139_200114_222743::HerdingSpikes2::5,PAIRED_ENGLISH::paired_english::m139_200114_222743,PAIRED_ENGLISH,0.022052337547780066,0.3194868266582489,0.2974344891104688
main,fmiss,source_reweighted_fullctx_xgboost,source_reweighted_stack,xgboost,PAIRED_ENGLISH::paired_english::m139_200114_222743::IronClust::17,PAIRED_ENGLISH::paired_english::m139_200114_222743,PAIRED_ENGLISH,0.01587768303440165,0.3056144118309021,0.2897367287965005
main,fmiss,source_reweighted_fullctx_xgboost,source_reweighted_stack,xgboost,PAIRED_ENGLISH::paired_english::m139_200114_222743::KiloSort2::26,PAIRED_ENGLISH::paired_english::m139_200114_222743,PAIRED_ENGLISH,0.002940311673037342,0.36345145106315613,0.3605111393901188
main,fmiss,source_reweighted_fullctx_xgboost,source_reweighted_stack,xgboost,PAIRED_ENGLISH::paired_english::m139_200114_222743::KiloSort::88,PAIRED_ENGLISH::paired_english::m139_200114_222743,PAIRED_ENGLISH,0.006174654513378418,0.3073880970478058,0.3012134425344274
main,fmiss,source_reweighted_fullctx_xgboost,source_reweighted_stack,xgboost,PAIRED_ENGLISH::paired_english::m139_200114_222743::MountainSort4::46,PAIRED_ENGLISH::paired_english::m139_200114_222743,PAIRED_ENGLISH,0.00911496618641576,0.36241966485977173,0.35330469867335595
main,fmiss,source_reweighted_fullctx_xgboost,source_reweighted_stack,xgboost,PAIRED_ENGLISH::paired_english::m139_200114_222743::SpykingCircus::44,PAIRED_ENGLISH::paired_english::m139_200114_222743,PAIRED_ENGLISH,0.0020582181711261394,0.31283363699913025,0.31077541882800414
main,fmiss,source_reweighted_fullctx_xgboost,source_reweighted_stack,xgboost,PAIRED_ENGLISH::paired_english::m139_200114_222743::Tridesclous::1,PAIRED_ENGLISH::paired_english::m139_200114_222743,PAIRED_ENGLISH,0.004998529844163481,0.12324120849370956,0.11824267864954609
main,fmiss,source_reweighted_fullctx_xgboost,source_reweighted_stack,xgboost,PAIRED_ENGLISH::paired_english::m14_190326_155432::IronClust::22,PAIRED_ENGLISH::paired_english::m14_190326_155432,PAIRED_ENGLISH,0.13721413721413722,0.32332274317741394,0.18610860596327672
main,fmiss,source_reweighted_fullctx_xgboost,source_reweighted_stack,xgboost,PAIRED_ENGLISH::paired_english::m14_190326_155432::MountainSort4::33,PAIRED_ENGLISH::paired_english::m14_190326_155432,PAIRED_ENGLISH,0.09147609147609148,0.27478447556495667,0.18330838408886518
main,fmiss,source_reweighted_fullctx_xgboost,source_reweighted_stack,xgboost,PAIRED_ENGLISH::paired_english::m14_190326_155432::SpykingCircus::38,PAIRED_ENGLISH::paired_english::m14_190326_155432,PAIRED_ENGLISH,0.079002079002079,0.5448125004768372,0.46581042147475815
main,fmiss,source_reweighted_fullctx_xgboost,source_reweighted_stack,xgboost,PAIRED_ENGLISH::paired_english::m15_190315_142052_cell1::IronClust::40,PAIRED_ENGLISH::paired_english::m15_190315_142052_cell1,PAIRED_ENGLISH,0.24027594305005137,0.16551341116428375,0.07476253188576762
main,fmiss,source_reweighted_fullctx_xgboost,source_reweighted_stack,xgboost,PAIRED_ENGLISH::paired_english::m15_190315_142052_cell1::KiloSort2::48,PAIRED_ENGLISH::paired_english::m15_190315_142052_cell1,PAIRED_ENGLISH,0.3173345075590782,0.11529185622930527,0.20204265132977295
main,fmiss,source_reweighted_fullctx_xgboost,source_reweighted_stack,xgboost,PAIRED_ENGLISH::paired_english::m15_190315_142052_cell1::MountainSort4::62,PAIRED_ENGLISH::paired_english::m15_190315_142052_cell1,PAIRED_ENGLISH,0.5289886980772054,0.14344683289527893,0.38554186518192646
main,fmiss,source_reweighted_fullctx_xgboost,source_reweighted_stack,xgboost,PAIRED_ENGLISH::paired_english::m15_190315_142052_cell1::MountainSort4::64,PAIRED_ENGLISH::paired_english::m15_190315_142052_cell1,PAIRED_ENGLISH,0.6713635696462645,0.26966413855552673,0.4016994310907378
main,fmiss,source_reweighted_fullctx_xgboost,source_reweighted_stack,xgboost,PAIRED_ENGLISH::paired_english::m15_190315_142052_cell1::SpykingCircus::22,PAIRED_ENGLISH::paired_english::m15_190315_142052_cell1,PAIRED_ENGLISH,0.35975341259357113,0.22483080625534058,0.13492260633823056
main,fmiss,source_reweighted_fullctx_xgboost,source_reweighted_stack,xgboost,PAIRED_ENGLISH::paired_english::m15_190315_142052_cell1::SpykingCircus::57,PAIRED_ENGLISH::paired_english::m15_190315_142052_cell1,PAIRED_ENGLISH,0.8711287244972846,0.3383607268333435,0.5327679976639411
main,fmiss,source_reweighted_fullctx_xgboost,source_reweighted_stack,xgboost,PAIRED_ENGLISH::paired_english::m15_190315_152315_cell1::IronClust::35,PAIRED_ENGLISH::paired_english::m15_190315_152315_cell1,PAIRED_ENGLISH,0.04922936853742602,0.13078515231609344,0.08155578377866743
main,fmiss,source_reweighted_fullctx_xgboost,source_reweighted_stack,xgboost,PAIRED_ENGLISH::paired_english::m15_190315_152315_cell1::KiloSort2::37,PAIRED_ENGLISH::paired_english::m15_190315_152315_cell1,PAIRED_ENGLISH,0.0014307082005592768,0.11430425196886063,0.11287354376830135
main,fmiss,source_reweighted_fullctx_xgboost,source_reweighted_stack,xgboost,PAIRED_ENGLISH::paired_english::m15_190315_152315_cell1::KiloSort::1,PAIRED_ENGLISH::paired_english::m15_190315_152315_cell1,PAIRED_ENGLISH,0.003901931456070755,0.12061663717031479,0.11671470571424403
main,fmiss,source_reweighted_fullctx_xgboost,source_reweighted_stack,xgboost,PAIRED_ENGLISH::paired_english::m15_190315_152315_cell1::MountainSort4::72,PAIRED_ENGLISH::paired_english::m15_190315_152315_cell1,PAIRED_ENGLISH,0.03479222214996423,0.17558398842811584,0.1407917662781516
main,fmiss,source_reweighted_fullctx_xgboost,source_reweighted_stack,xgboost,PAIRED_ENGLISH::paired_english::m15_190315_152315_cell1::SpykingCircus::46,PAIRED_ENGLISH::paired_english::m15_190315_152315_cell1,PAIRED_ENGLISH,0.0018859335371008649,0.13237890601158142,0.13049297247448055
main,fmiss,source_reweighted_fullctx_xgboost,source_reweighted_stack,xgboost,PAIRED_ENGLISH::paired_english::m15_190315_152315_cell1::Tridesclous::0,PAIRED_ENGLISH::paired_english::m15_190315_152315_cell1,PAIRED_ENGLISH,0.2026403069519412,0.05806926637887955,0.14457104057306167
main,fmiss,source_reweighted_fullctx_xgboost,source_reweighted_stack,xgboost,PAIRED_ENGLISH::paired_english::m26_190524_100859_cell1::KiloSort2::0,PAIRED_ENGLISH::paired_english::m26_190524_100859_cell1,PAIRED_ENGLISH,0.3453815261044177,0.10891984403133392,0.23646168207308377
main,fmiss,source_reweighted_fullctx_xgboost,source_reweighted_stack,xgboost,PAIRED_ENGLISH::paired_english::m26_190524_100859_cell1::KiloSort::19,PAIRED_ENGLISH::paired_english::m26_190524_100859_cell1,PAIRED_ENGLISH,0.5522088353413654,0.172603577375412,0.37960525796595346
main,fmiss,source_reweighted_fullctx_xgboost,source_reweighted_stack,xgboost,PAIRED_ENGLISH::paired_english::m26_190524_100859_cell1::KiloSort::8,PAIRED_ENGLISH::paired_english::m26_190524_100859_cell1,PAIRED_ENGLISH,0.7610441767068273,0.09715695679187775,0.6638872199149496
main,fmiss,source_reweighted_fullctx_xgboost,source_reweighted_stack,xgboost,PAIRED_ENGLISH::paired_english::m57_191105_141906::IronClust::6,PAIRED_ENGLISH::paired_english::m57_191105_141906,PAIRED_ENGLISH,0.12826603325415678,0.24612559378147125,0.11785956052731447
main,fmiss,source_reweighted_fullctx_xgboost,source_reweighted_stack,xgboost,PAIRED_ENGLISH::paired_english::m57_191105_141906::KiloSort::47,PAIRED_ENGLISH::paired_english::m57_191105_141906,PAIRED_ENGLISH,0.04829770387965162,0.22433555126190186,0.17603784738225023
main,fmiss,source_reweighted_fullctx_xgboost,source_reweighted_stack,xgboost,PAIRED_ENGLISH::paired_english::m57_191105_141906::MountainSort4::21,PAIRED_ENGLISH::paired_english::m57_191105_141906,PAIRED_ENGLISH,0.1187648456057007,0.2883487641811371,0.16958391857543637
main,fmiss,source_reweighted_fullctx_xgboost,source_reweighted_stack,xgboost,PAIRED_ENGLISH::paired_english::m57_191105_141906::MountainSort4::57,PAIRED_ENGLISH::paired_english::m57_191105_141906,PAIRED_ENGLISH,0.5399841646872525,0.5432118773460388,0.003227712658786297
main,fmiss,source_reweighted_fullctx_xgboost,source_reweighted_stack,xgboost,PAIRED_ENGLISH::paired_english::m57_191105_141906::SpykingCircus::12,PAIRED_ENGLISH::paired_english::m57_191105_141906,PAIRED_ENGLISH,0.5859065716547902,0.6700204610824585,0.08411388942766829
main,fmiss,source_reweighted_fullctx_xgboost,source_reweighted_stack,xgboost,PAIRED_ENGLISH::paired_english::m57_191105_141906::SpykingCircus::30,PAIRED_ENGLISH::paired_english::m57_191105_141906,PAIRED_ENGLISH,0.46872525732383213,0.40188437700271606,0.06684088032111607
main,fmiss,source_reweighted_fullctx_xgboost,source_reweighted_stack,xgboost,PAIRED_ENGLISH::paired_english::m57_191105_160026::HerdingSpikes2::1,PAIRED_ENGLISH::paired_english::m57_191105_160026,PAIRED_ENGLISH,0.7557251908396947,0.2487965077161789,0.5069286831235158
main,fmiss,source_reweighted_fullctx_xgboost,source_reweighted_stack,xgboost,PAIRED_ENGLISH::paired_english::m57_191105_160026::IronClust::2,PAIRED_ENGLISH::paired_english::m57_191105_160026,PAIRED_ENGLISH,0.7206106870229008,0.28408560156822205,0.4365250854546787
main,fmiss,source_reweighted_fullctx_xgboost,source_reweighted_stack,xgboost,PAIRED_ENGLISH::paired_english::m57_191105_160026::IronClust::3,PAIRED_ENGLISH::paired_english::m57_191105_160026,PAIRED_ENGLISH,0.5629770992366412,0.29863426089286804,0.26434283834377315
main,fmiss,source_reweighted_fullctx_xgboost,source_reweighted_stack,xgboost,PAIRED_ENGLISH::paired_english::m57_191105_160026::KiloSort::127,PAIRED_ENGLISH::paired_english::m57_191105_160026,PAIRED_ENGLISH,0.7213740458015268,0.3037413954734802,0.41763265032804653
main,fmiss,source_reweighted_fullctx_xgboost,source_reweighted_stack,xgboost,PAIRED_ENGLISH::paired_english::m57_191105_160026::KiloSort::6,PAIRED_ENGLISH::paired_english::m57_191105_160026,PAIRED_ENGLISH,0.5885496183206107,0.3358055055141449,0.2527441128064658
main,fmiss,source_reweighted_fullctx_xgboost,source_reweighted_stack,xgboost,PAIRED_ENGLISH::paired_english::m57_191105_160026::MountainSort4::23,PAIRED_ENGLISH::paired_english::m57_191105_160026,PAIRED_ENGLISH,0.8603053435114504,0.35669228434562683,0.5036130591658236
main,fmiss,source_reweighted_fullctx_xgboost,source_reweighted_stack,xgboost,PAIRED_ENGLISH::paired_english::m57_191105_160026::MountainSort4::25,PAIRED_ENGLISH::paired_english::m57_191105_160026,PAIRED_ENGLISH,0.5545801526717558,0.2791043817996979,0.2754757708720579
main,fmiss,source_reweighted_fullctx_xgboost,source_reweighted_stack,xgboost,PAIRED_ENGLISH::paired_english::m57_191105_160026::SpykingCircus::2,PAIRED_ENGLISH::paired_english::m57_191105_160026,PAIRED_ENGLISH,0.7709923664122137,0.2994616627693176,0.47153070364289607
main,fmiss,source_reweighted_fullctx_xgboost,source_reweighted_stack,xgboost,PAIRED_ENGLISH::paired_english::m57_191105_160026::SpykingCircus::4,PAIRED_ENGLISH::paired_english::m57_191105_160026,PAIRED_ENGLISH,0.5625954198473282,0.2833303213119507,0.2792650985353775
main,fmiss,source_reweighted_fullctx_xgboost,source_reweighted_stack,xgboost,PAIRED_ENGLISH::paired_english::m57_191105_160026::Tridesclous::0,PAIRED_ENGLISH::paired_english::m57_191105_160026,PAIRED_ENGLISH,0.7061068702290076,0.09313414990901947,0.6129727203199882
main,fmiss,source_reweighted_fullctx_xgboost,source_reweighted_stack,xgboost,PAIRED_KAMPFF::paired_kampff::c14::HerdingSpikes2::6,PAIRED_KAMPFF::paired_kampff::c14,PAIRED_KAMPFF,0.35151068533529845,0.26795780658721924,0.0835528787480792
main,fmiss,source_reweighted_fullctx_xgboost,source_reweighted_stack,xgboost,PAIRED_KAMPFF::paired_kampff::c14::IronClust::22,PAIRED_KAMPFF::paired_kampff::c14,PAIRED_KAMPFF,0.25036845983787764,0.21886000037193298,0.03150845946594466
main,fmiss,source_reweighted_fullctx_xgboost,source_reweighted_stack,xgboost,PAIRED_KAMPFF::paired_kampff::c14::KiloSort2::37,PAIRED_KAMPFF::paired_kampff::c14,PAIRED_KAMPFF,0.14296241709653648,0.21340952813625336,0.07044711103971688
main,fmiss,source_reweighted_fullctx_xgboost,source_reweighted_stack,xgboost,PAIRED_KAMPFF::paired_kampff::c14::MountainSort4::42,PAIRED_KAMPFF::paired_kampff::c14,PAIRED_KAMPFF,0.32221812822402357,0.3458484411239624,0.023630312899938832
main,fmiss,source_reweighted_fullctx_xgboost,source_reweighted_stack,xgboost,PAIRED_KAMPFF::paired_kampff::c14::SpykingCircus::14,PAIRED_KAMPFF::paired_kampff::c14,PAIRED_KAMPFF,0.21868091378039795,0.22598913311958313,0.007308219339185185
main,fmiss,source_reweighted_fullctx_xgboost,source_reweighted_stack,xgboost,PAIRED_KAMPFF::paired_kampff::c14::Tridesclous::8,PAIRED_KAMPFF::paired_kampff::c14,PAIRED_KAMPFF,0.20910095799557848,0.11215304583311081,0.09694791216246768
main,fmiss,source_reweighted_fullctx_xgboost,source_reweighted_stack,xgboost,PAIRED_MEA64C_YGER::paired_mea64c::20170622_patch1::HerdingSpikes2::19,PAIRED_MEA64C_YGER::paired_mea64c::20170622_patch1,PAIRED_MEA64C_YGER,0.8533362695441533,0.6332345008850098,0.22010176865914355
main,fmiss,source_reweighted_fullctx_xgboost,source_reweighted_stack,xgboost,PAIRED_MEA64C_YGER::paired_mea64c::20170622_patch1::HerdingSpikes2::7,PAIRED_MEA64C_YGER::paired_mea64c::20170622_patch1,PAIRED_MEA64C_YGER,0.18343977097555605,0.1036895141005516,0.07975025687500445
main,fmiss,source_reweighted_fullctx_xgboost,source_reweighted_stack,xgboost,PAIRED_MEA64C_YGER::paired_mea64c::20170622_patch1::IronClust::8,PAIRED_MEA64C_YGER::paired_mea64c::20170622_patch1,PAIRED_MEA64C_YGER,0.027747192248403437,0.02908574789762497,0.0013385556492215324
main,fmiss,source_reweighted_fullctx_xgboost,source_reweighted_stack,xgboost,PAIRED_MEA64C_YGER::paired_mea64c::20170622_patch1::KiloSort2::23,PAIRED_MEA64C_YGER::paired_mea64c::20170622_patch1,PAIRED_MEA64C_YGER,0.0008808632459810614,0.11231211572885513,0.11143125248287407
main,fmiss,source_reweighted_fullctx_xgboost,source_reweighted_stack,xgboost,PAIRED_MEA64C_YGER::paired_mea64c::20170622_patch1::KiloSort::64,PAIRED_MEA64C_YGER::paired_mea64c::20170622_patch1,PAIRED_MEA64C_YGER,0.03457388240475666,0.07102463394403458,0.03645075153927792
main,fmiss,source_reweighted_fullctx_xgboost,source_reweighted_stack,xgboost,PAIRED_MEA64C_YGER::paired_mea64c::20170622_patch1::Klusta::4,PAIRED_MEA64C_YGER::paired_mea64c::20170622_patch1,PAIRED_MEA64C_YGER,0.17441092270425015,0.10403920710086823,0.07037171560338193
main,fmiss,source_reweighted_fullctx_xgboost,source_reweighted_stack,xgboost,PAIRED_MEA64C_YGER::paired_mea64c::20170622_patch1::MountainSort4::43,PAIRED_MEA64C_YGER::paired_mea64c::20170622_patch1,PAIRED_MEA64C_YGER,0.02510460251046025,0.07669322192668915,0.0515886194162289
main,fmiss,source_reweighted_fullctx_xgboost,source_reweighted_stack,xgboost,PAIRED_MEA64C_YGER::paired_mea64c::20170622_patch1::SpykingCircus::18,PAIRED_MEA64C_YGER::paired_mea64c::20170622_patch1,PAIRED_MEA64C_YGER,0.0028628055494384495,0.08006730675697327,0.07720450120753482
main,fmiss,source_reweighted_fullctx_xgboost,source_reweighted_stack,xgboost,PAIRED_MEA64C_YGER::paired_mea64c::20170622_patch1::Tridesclous::12,PAIRED_MEA64C_YGER::paired_mea64c::20170622_patch1,PAIRED_MEA64C_YGER,0.026425897379431844,0.07618048787117004,0.0497545904917382
main,fmiss,source_reweighted_fullctx_xgboost,source_reweighted_stack,xgboost,PAIRED_MEA64C_YGER::paired_mea64c::20170622_patch2::HerdingSpikes2::16,PAIRED_MEA64C_YGER::paired_mea64c::20170622_patch2,PAIRED_MEA64C_YGER,0.6606015595989603,0.1992769092321396,0.4613246503668207
main,fmiss,source_reweighted_fullctx_xgboost,source_reweighted_stack,xgboost,PAIRED_MEA64C_YGER::paired_mea64c::20170622_patch2::HerdingSpikes2::44,PAIRED_MEA64C_YGER::paired_mea64c::20170622_patch2,PAIRED_MEA64C_YGER,0.8756034162643892,0.19713009893894196,0.6784733173254472
main,fmiss,source_reweighted_fullctx_xgboost,source_reweighted_stack,xgboost,PAIRED_MEA64C_YGER::paired_mea64c::20170622_patch2::HerdingSpikes2::5,PAIRED_MEA64C_YGER::paired_mea64c::20170622_patch2,PAIRED_MEA64C_YGER,0.008169327887114742,0.03336985409259796,0.02520052620548322
main,fmiss,source_reweighted_fullctx_xgboost,source_reweighted_stack,xgboost,PAIRED_MEA64C_YGER::paired_mea64c::20170622_patch2::IronClust::11,PAIRED_MEA64C_YGER::paired_mea64c::20170622_patch2,PAIRED_MEA64C_YGER,0.0003713330857779428,0.03429362177848816,0.03392228869271022
main,fmiss,source_reweighted_fullctx_xgboost,source_reweighted_stack,xgboost,PAIRED_MEA64C_YGER::paired_mea64c::20170622_patch2::JRClust::31,PAIRED_MEA64C_YGER::paired_mea64c::20170622_patch2,PAIRED_MEA64C_YGER,0.0029706646862235424,0.018776847049593925,0.015806182363370384
main,fmiss,source_reweighted_fullctx_xgboost,source_reweighted_stack,xgboost,PAIRED_MEA64C_YGER::paired_mea64c::20170622_patch2::KiloSort2::33,PAIRED_MEA64C_YGER::paired_mea64c::20170622_patch2,PAIRED_MEA64C_YGER,0.0011139992573338284,0.042252104729413986,0.04113810547208016
main,fmiss,source_reweighted_fullctx_xgboost,source_reweighted_stack,xgboost,PAIRED_MEA64C_YGER::paired_mea64c::20170622_patch2::KiloSort::5,PAIRED_MEA64C_YGER::paired_mea64c::20170622_patch2,PAIRED_MEA64C_YGER,0.0014853323431117712,0.01728055253624916,0.01579522019313739
main,fmiss,source_reweighted_fullctx_xgboost,source_reweighted_stack,xgboost,PAIRED_MEA64C_YGER::paired_mea64c::20170622_patch2::Klusta::14,PAIRED_MEA64C_YGER::paired_mea64c::20170622_patch2,PAIRED_MEA64C_YGER,0.15893056071295952,0.05812909081578255,0.10080146989717698
main,fmiss,source_reweighted_fullctx_xgboost,source_reweighted_stack,xgboost,PAIRED_MEA64C_YGER::paired_mea64c::20170622_patch2::MountainSort4::31,PAIRED_MEA64C_YGER::paired_mea64c::20170622_patch2,PAIRED_MEA64C_YGER,0.0003713330857779428,0.032185230404138565,0.03181389731836062
main,fmiss,source_reweighted_fullctx_xgboost,source_reweighted_stack,xgboost,PAIRED_MEA64C_YGER::paired_mea64c::20170622_patch2::SpykingCircus::17,PAIRED_MEA64C_YGER::paired_mea64c::20170622_patch2,PAIRED_MEA64C_YGER,0.0003713330857779428,0.047127485275268555,0.04675615218949061
main,fmiss,source_reweighted_fullctx_xgboost,source_reweighted_stack,xgboost,PAIRED_MEA64C_YGER::paired_mea64c::20170622_patch2::Tridesclous::0,PAIRED_MEA64C_YGER::paired_mea64c::20170622_patch2,PAIRED_MEA64C_YGER,0.0003713330857779428,0.04465430602431297,0.04428297293853503
main,fmiss,study_contextual_paired_only_lightgbm,study_baseline,lightgbm,PAIRED_BOYDEN::paired_boyden32c::1103_1_1::IronClust::4,PAIRED_BOYDEN::paired_boyden32c::1103_1_1,PAIRED_BOYDEN,0.1661807580174927,0.19761095941066742,0.031430201393174706
main,fmiss,study_contextual_paired_only_lightgbm,study_baseline,lightgbm,PAIRED_BOYDEN::paired_boyden32c::1103_1_1::JRClust::18,PAIRED_BOYDEN::paired_boyden32c::1103_1_1,PAIRED_BOYDEN,0.08551992225461613,0.15151557326316833,0.0659956510085522
main,fmiss,study_contextual_paired_only_lightgbm,study_baseline,lightgbm,PAIRED_BOYDEN::paired_boyden32c::1103_1_1::KiloSort2::33,PAIRED_BOYDEN::paired_boyden32c::1103_1_1,PAIRED_BOYDEN,0.42857142857142855,0.2404174655675888,0.18815396300383974
main,fmiss,study_contextual_paired_only_lightgbm,study_baseline,lightgbm,PAIRED_BOYDEN::paired_boyden32c::1103_1_1::KiloSort2::55,PAIRED_BOYDEN::paired_boyden32c::1103_1_1,PAIRED_BOYDEN,0.8328474246841594,0.5441656708717346,0.2886817538124248
main,fmiss,study_contextual_paired_only_lightgbm,study_baseline,lightgbm,PAIRED_BOYDEN::paired_boyden32c::1103_1_1::KiloSort2::60,PAIRED_BOYDEN::paired_boyden32c::1103_1_1,PAIRED_BOYDEN,0.7580174927113703,0.4663909375667572,0.2916265551446131
main,fmiss,study_contextual_paired_only_lightgbm,study_baseline,lightgbm,PAIRED_BOYDEN::paired_boyden32c::1103_1_1::KiloSort::111,PAIRED_BOYDEN::paired_boyden32c::1103_1_1,PAIRED_BOYDEN,0.04081632653061224,0.15352864563465118,0.11271231910403895
main,fmiss,study_contextual_paired_only_lightgbm,study_baseline,lightgbm,PAIRED_BOYDEN::paired_boyden32c::1103_1_1::Klusta::12,PAIRED_BOYDEN::paired_boyden32c::1103_1_1,PAIRED_BOYDEN,0.17881438289601556,0.17974445223808289,0.0009300693420673245
main,fmiss,study_contextual_paired_only_lightgbm,study_baseline,lightgbm,PAIRED_BOYDEN::paired_boyden32c::1103_1_1::MountainSort4::26,PAIRED_BOYDEN::paired_boyden32c::1103_1_1,PAIRED_BOYDEN,0.03595724003887269,0.12559017539024353,0.08963293535137085
main,fmiss,study_contextual_paired_only_lightgbm,study_baseline,lightgbm,PAIRED_BOYDEN::paired_boyden32c::1103_1_1::SpykingCircus::27,PAIRED_BOYDEN::paired_boyden32c::1103_1_1,PAIRED_BOYDEN,0.07482993197278912,0.21848228573799133,0.14365235376520222
main,fmiss,study_contextual_paired_only_lightgbm,study_baseline,lightgbm,PAIRED_BOYDEN::paired_boyden32c::1103_1_1::Tridesclous::3,PAIRED_BOYDEN::paired_boyden32c::1103_1_1,PAIRED_BOYDEN,0.11273080660835763,0.09039568901062012,0.022335117597737514
main,fmiss,study_contextual_paired_only_lightgbm,study_baseline,lightgbm,PAIRED_BOYDEN::paired_boyden32c::419_1_8::IronClust::14,PAIRED_BOYDEN::paired_boyden32c::419_1_8,PAIRED_BOYDEN,0.1489691520694466,0.1582823544740677,0.00931320240462108
main,fmiss,study_contextual_paired_only_lightgbm,study_baseline,lightgbm,PAIRED_BOYDEN::paired_boyden32c::419_1_8::IronClust::4,PAIRED_BOYDEN::paired_boyden32c::419_1_8,PAIRED_BOYDEN,0.3614943419624864,0.1916709691286087,0.16982337283387772
main,fmiss,study_contextual_paired_only_lightgbm,study_baseline,lightgbm,PAIRED_BOYDEN::paired_boyden32c::419_1_8::JRClust::24,PAIRED_BOYDEN::paired_boyden32c::419_1_8,PAIRED_BOYDEN,0.14617888699426446,0.1933484822511673,0.04716959525690284
main,fmiss,study_contextual_paired_only_lightgbm,study_baseline,lightgbm,PAIRED_BOYDEN::paired_boyden32c::419_1_8::JRClust::8,PAIRED_BOYDEN::paired_boyden32c::419_1_8,PAIRED_BOYDEN,0.7484110990544102,0.5535545349121094,0.1948565641423008
main,fmiss,study_contextual_paired_only_lightgbm,study_baseline,lightgbm,PAIRED_BOYDEN::paired_boyden32c::419_1_8::KiloSort2::27,PAIRED_BOYDEN::paired_boyden32c::419_1_8,PAIRED_BOYDEN,0.06696636180437142,0.16954143345355988,0.10257507164918846
main,fmiss,study_contextual_paired_only_lightgbm,study_baseline,lightgbm,PAIRED_BOYDEN::paired_boyden32c::419_1_8::KiloSort2::46,PAIRED_BOYDEN::paired_boyden32c::419_1_8,PAIRED_BOYDEN,0.11424585335606882,0.18416614830493927,0.06992029494887045
main,fmiss,study_contextual_paired_only_lightgbm,study_baseline,lightgbm,PAIRED_BOYDEN::paired_boyden32c::419_1_8::KiloSort::17,PAIRED_BOYDEN::paired_boyden32c::419_1_8,PAIRED_BOYDEN,0.13067741435436367,0.15928755700588226,0.028610142651518594
main,fmiss,study_contextual_paired_only_lightgbm,study_baseline,lightgbm,PAIRED_BOYDEN::paired_boyden32c::419_1_8::MountainSort4::42,PAIRED_BOYDEN::paired_boyden32c::419_1_8,PAIRED_BOYDEN,0.12261664858161525,0.11608792096376419,0.00652872761785106
main,fmiss,study_contextual_paired_only_lightgbm,study_baseline,lightgbm,PAIRED_BOYDEN::paired_boyden32c::419_1_8::SpykingCircus::24,PAIRED_BOYDEN::paired_boyden32c::419_1_8,PAIRED_BOYDEN,0.8012711207564719,0.6277416944503784,0.17352942630609347
main,fmiss,study_contextual_paired_only_lightgbm,study_baseline,lightgbm,PAIRED_BOYDEN::paired_boyden32c::419_1_8::SpykingCircus::28,PAIRED_BOYDEN::paired_boyden32c::419_1_8,PAIRED_BOYDEN,0.12416679584560533,0.17325462400913239,0.04908782816352705
main,fmiss,study_contextual_paired_only_lightgbm,study_baseline,lightgbm,PAIRED_BOYDEN::paired_boyden32c::419_1_8::Tridesclous::0,PAIRED_BOYDEN::paired_boyden32c::419_1_8,PAIRED_BOYDEN,0.14447372500387537,0.050809670239686966,0.0936640547641884
main,fmiss,study_contextual_paired_only_lightgbm,study_baseline,lightgbm,PAIRED_CRCNS_HC1::paired_crcns::d11221_d11221.001::SpykingCircus::6,PAIRED_CRCNS_HC1::paired_crcns::d11221_d11221.001,PAIRED_CRCNS_HC1,0.2845528455284553,0.6959199905395508,0.4113671450110955
main,fmiss,study_contextual_paired_only_lightgbm,study_baseline,lightgbm,PAIRED_CRCNS_HC1::paired_crcns::d11222_d11222.002::IronClust::2,PAIRED_CRCNS_HC1::paired_crcns::d11222_d11222.002,PAIRED_CRCNS_HC1,0.017310252996005325,0.11500190943479538,0.09769165643879005
main,fmiss,study_contextual_paired_only_lightgbm,study_baseline,lightgbm,PAIRED_CRCNS_HC1::paired_crcns::d11222_d11222.002::JRClust::3,PAIRED_CRCNS_HC1::paired_crcns::d11222_d11222.002,PAIRED_CRCNS_HC1,0.07323568575233022,0.13629302382469177,0.06305733807236155
main,fmiss,study_contextual_paired_only_lightgbm,study_baseline,lightgbm,PAIRED_CRCNS_HC1::paired_crcns::d11222_d11222.002::KiloSort2::10,PAIRED_CRCNS_HC1::paired_crcns::d11222_d11222.002,PAIRED_CRCNS_HC1,0.5339547270306259,0.0956178531050682,0.43833687392555765
main,fmiss,study_contextual_paired_only_lightgbm,study_baseline,lightgbm,PAIRED_CRCNS_HC1::paired_crcns::d11222_d11222.002::KiloSort::1,PAIRED_CRCNS_HC1::paired_crcns::d11222_d11222.002,PAIRED_CRCNS_HC1,0.03595206391478029,0.06729612499475479,0.0313440610799745
main,fmiss,study_contextual_paired_only_lightgbm,study_baseline,lightgbm,PAIRED_CRCNS_HC1::paired_crcns::d11222_d11222.002::Klusta::2,PAIRED_CRCNS_HC1::paired_crcns::d11222_d11222.002,PAIRED_CRCNS_HC1,0.022636484687083888,0.06882858276367188,0.04619209807658799
main,fmiss,study_contextual_paired_only_lightgbm,study_baseline,lightgbm,PAIRED_CRCNS_HC1::paired_crcns::d11222_d11222.002::MountainSort4::4,PAIRED_CRCNS_HC1::paired_crcns::d11222_d11222.002,PAIRED_CRCNS_HC1,0.20372836218375498,0.06688261032104492,0.13684575186271006
main,fmiss,study_contextual_paired_only_lightgbm,study_baseline,lightgbm,PAIRED_CRCNS_HC1::paired_crcns::d11222_d11222.002::SpykingCircus::4,PAIRED_CRCNS_HC1::paired_crcns::d11222_d11222.002,PAIRED_CRCNS_HC1,0.1151797603195739,0.11503496021032333,0.0001448001092505674
main,fmiss,study_contextual_paired_only_lightgbm,study_baseline,lightgbm,PAIRED_CRCNS_HC1::paired_crcns::d11222_d11222.002::Tridesclous::0,PAIRED_CRCNS_HC1::paired_crcns::d11222_d11222.002,PAIRED_CRCNS_HC1,0.014647137150466045,0.09446495026350021,0.07981781311303417
main,fmiss,study_contextual_paired_only_lightgbm,study_baseline,lightgbm,PAIRED_ENGLISH::paired_english::m139_200114_191955::KiloSort2::25,PAIRED_ENGLISH::paired_english::m139_200114_191955,PAIRED_ENGLISH,0.8107276747092185,0.31921741366386414,0.49151026104535434
main,fmiss,study_contextual_paired_only_lightgbm,study_baseline,lightgbm,PAIRED_ENGLISH::paired_english::m139_200114_191955::MountainSort4::36,PAIRED_ENGLISH::paired_english::m139_200114_191955,PAIRED_ENGLISH,0.6701912909737576,0.26696324348449707,0.40322804748926055
main,fmiss,study_contextual_paired_only_lightgbm,study_baseline,lightgbm,PAIRED_ENGLISH::paired_english::m139_200114_191955::SpykingCircus::42,PAIRED_ENGLISH::paired_english::m139_200114_191955,PAIRED_ENGLISH,0.8063058733057772,0.5432235598564148,0.2630823134493624
main,fmiss,study_contextual_paired_only_lightgbm,study_baseline,lightgbm,PAIRED_ENGLISH::paired_english::m139_200114_222743::HerdingSpikes2::5,PAIRED_ENGLISH::paired_english::m139_200114_222743,PAIRED_ENGLISH,0.022052337547780066,0.12317318469285965,0.10112084714507959
main,fmiss,study_contextual_paired_only_lightgbm,study_baseline,lightgbm,PAIRED_ENGLISH::paired_english::m139_200114_222743::IronClust::17,PAIRED_ENGLISH::paired_english::m139_200114_222743,PAIRED_ENGLISH,0.01587768303440165,0.1370885968208313,0.12121091378642965
main,fmiss,study_contextual_paired_only_lightgbm,study_baseline,lightgbm,PAIRED_ENGLISH::paired_english::m139_200114_222743::KiloSort2::26,PAIRED_ENGLISH::paired_english::m139_200114_222743,PAIRED_ENGLISH,0.002940311673037342,0.1707051396369934,0.16776482796395606
main,fmiss,study_contextual_paired_only_lightgbm,study_baseline,lightgbm,PAIRED_ENGLISH::paired_english::m139_200114_222743::KiloSort::88,PAIRED_ENGLISH::paired_english::m139_200114_222743,PAIRED_ENGLISH,0.006174654513378418,0.10516616702079773,0.0989915125074193
main,fmiss,study_contextual_paired_only_lightgbm,study_baseline,lightgbm,PAIRED_ENGLISH::paired_english::m139_200114_222743::MountainSort4::46,PAIRED_ENGLISH::paired_english::m139_200114_222743,PAIRED_ENGLISH,0.00911496618641576,0.1608254760503769,0.15171050986396112
main,fmiss,study_contextual_paired_only_lightgbm,study_baseline,lightgbm,PAIRED_ENGLISH::paired_english::m139_200114_222743::SpykingCircus::44,PAIRED_ENGLISH::paired_english::m139_200114_222743,PAIRED_ENGLISH,0.0020582181711261394,0.1206512600183487,0.11859304184722255
main,fmiss,study_contextual_paired_only_lightgbm,study_baseline,lightgbm,PAIRED_ENGLISH::paired_english::m139_200114_222743::Tridesclous::1,PAIRED_ENGLISH::paired_english::m139_200114_222743,PAIRED_ENGLISH,0.004998529844163481,0.15852820873260498,0.1535296788884415
main,fmiss,study_contextual_paired_only_lightgbm,study_baseline,lightgbm,PAIRED_ENGLISH::paired_english::m14_190326_155432::IronClust::22,PAIRED_ENGLISH::paired_english::m14_190326_155432,PAIRED_ENGLISH,0.13721413721413722,0.24851152300834656,0.11129738579420934
main,fmiss,study_contextual_paired_only_lightgbm,study_baseline,lightgbm,PAIRED_ENGLISH::paired_english::m14_190326_155432::MountainSort4::33,PAIRED_ENGLISH::paired_english::m14_190326_155432,PAIRED_ENGLISH,0.09147609147609148,0.20709741115570068,0.1156213196796092
main,fmiss,study_contextual_paired_only_lightgbm,study_baseline,lightgbm,PAIRED_ENGLISH::paired_english::m14_190326_155432::SpykingCircus::38,PAIRED_ENGLISH::paired_english::m14_190326_155432,PAIRED_ENGLISH,0.079002079002079,0.33735281229019165,0.25835073328811264
main,fmiss,study_contextual_paired_only_lightgbm,study_baseline,lightgbm,PAIRED_ENGLISH::paired_english::m15_190315_142052_cell1::IronClust::40,PAIRED_ENGLISH::paired_english::m15_190315_142052_cell1,PAIRED_ENGLISH,0.24027594305005137,0.21347792446613312,0.026798018583918254
main,fmiss,study_contextual_paired_only_lightgbm,study_baseline,lightgbm,PAIRED_ENGLISH::paired_english::m15_190315_142052_cell1::KiloSort2::48,PAIRED_ENGLISH::paired_english::m15_190315_142052_cell1,PAIRED_ENGLISH,0.3173345075590782,0.19594541192054749,0.12138909563853073
main,fmiss,study_contextual_paired_only_lightgbm,study_baseline,lightgbm,PAIRED_ENGLISH::paired_english::m15_190315_142052_cell1::MountainSort4::62,PAIRED_ENGLISH::paired_english::m15_190315_142052_cell1,PAIRED_ENGLISH,0.5289886980772054,0.33752208948135376,0.19146660859585163
main,fmiss,study_contextual_paired_only_lightgbm,study_baseline,lightgbm,PAIRED_ENGLISH::paired_english::m15_190315_142052_cell1::MountainSort4::64,PAIRED_ENGLISH::paired_english::m15_190315_142052_cell1,PAIRED_ENGLISH,0.6713635696462645,0.33466020226478577,0.33670336738147877
main,fmiss,study_contextual_paired_only_lightgbm,study_baseline,lightgbm,PAIRED_ENGLISH::paired_english::m15_190315_142052_cell1::SpykingCircus::22,PAIRED_ENGLISH::paired_english::m15_190315_142052_cell1,PAIRED_ENGLISH,0.35975341259357113,0.3524248003959656,0.007328612197605555
main,fmiss,study_contextual_paired_only_lightgbm,study_baseline,lightgbm,PAIRED_ENGLISH::paired_english::m15_190315_142052_cell1::SpykingCircus::57,PAIRED_ENGLISH::paired_english::m15_190315_142052_cell1,PAIRED_ENGLISH,0.8711287244972846,0.4060227870941162,0.4651059374031684
main,fmiss,study_contextual_paired_only_lightgbm,study_baseline,lightgbm,PAIRED_ENGLISH::paired_english::m15_190315_152315_cell1::IronClust::35,PAIRED_ENGLISH::paired_english::m15_190315_152315_cell1,PAIRED_ENGLISH,0.04922936853742602,0.16127009689807892,0.1120407283606529
main,fmiss,study_contextual_paired_only_lightgbm,study_baseline,lightgbm,PAIRED_ENGLISH::paired_english::m15_190315_152315_cell1::KiloSort2::37,PAIRED_ENGLISH::paired_english::m15_190315_152315_cell1,PAIRED_ENGLISH,0.0014307082005592768,0.12987293303012848,0.1284422248295692
main,fmiss,study_contextual_paired_only_lightgbm,study_baseline,lightgbm,PAIRED_ENGLISH::paired_english::m15_190315_152315_cell1::KiloSort::1,PAIRED_ENGLISH::paired_english::m15_190315_152315_cell1,PAIRED_ENGLISH,0.003901931456070755,0.17055746912956238,0.16665553767349162
main,fmiss,study_contextual_paired_only_lightgbm,study_baseline,lightgbm,PAIRED_ENGLISH::paired_english::m15_190315_152315_cell1::MountainSort4::72,PAIRED_ENGLISH::paired_english::m15_190315_152315_cell1,PAIRED_ENGLISH,0.03479222214996423,0.251986026763916,0.21719380461395177
main,fmiss,study_contextual_paired_only_lightgbm,study_baseline,lightgbm,PAIRED_ENGLISH::paired_english::m15_190315_152315_cell1::SpykingCircus::46,PAIRED_ENGLISH::paired_english::m15_190315_152315_cell1,PAIRED_ENGLISH,0.0018859335371008649,0.18052701652050018,0.1786410829833993
main,fmiss,study_contextual_paired_only_lightgbm,study_baseline,lightgbm,PAIRED_ENGLISH::paired_english::m15_190315_152315_cell1::Tridesclous::0,PAIRED_ENGLISH::paired_english::m15_190315_152315_cell1,PAIRED_ENGLISH,0.2026403069519412,0.06811995804309845,0.13452034890884276
main,fmiss,study_contextual_paired_only_lightgbm,study_baseline,lightgbm,PAIRED_ENGLISH::paired_english::m26_190524_100859_cell1::KiloSort2::0,PAIRED_ENGLISH::paired_english::m26_190524_100859_cell1,PAIRED_ENGLISH,0.3453815261044177,0.14983583986759186,0.19554568623682583
main,fmiss,study_contextual_paired_only_lightgbm,study_baseline,lightgbm,PAIRED_ENGLISH::paired_english::m26_190524_100859_cell1::KiloSort::19,PAIRED_ENGLISH::paired_english::m26_190524_100859_cell1,PAIRED_ENGLISH,0.5522088353413654,0.09774743765592575,0.4544613976854397
main,fmiss,study_contextual_paired_only_lightgbm,study_baseline,lightgbm,PAIRED_ENGLISH::paired_english::m26_190524_100859_cell1::KiloSort::8,PAIRED_ENGLISH::paired_english::m26_190524_100859_cell1,PAIRED_ENGLISH,0.7610441767068273,0.09336242079734802,0.6676817559094793
main,fmiss,study_contextual_paired_only_lightgbm,study_baseline,lightgbm,PAIRED_ENGLISH::paired_english::m57_191105_141906::IronClust::6,PAIRED_ENGLISH::paired_english::m57_191105_141906,PAIRED_ENGLISH,0.12826603325415678,0.22629667818546295,0.09803064493130617
main,fmiss,study_contextual_paired_only_lightgbm,study_baseline,lightgbm,PAIRED_ENGLISH::paired_english::m57_191105_141906::KiloSort::47,PAIRED_ENGLISH::paired_english::m57_191105_141906,PAIRED_ENGLISH,0.04829770387965162,0.13191930949687958,0.08362160561722795
main,fmiss,study_contextual_paired_only_lightgbm,study_baseline,lightgbm,PAIRED_ENGLISH::paired_english::m57_191105_141906::MountainSort4::21,PAIRED_ENGLISH::paired_english::m57_191105_141906,PAIRED_ENGLISH,0.1187648456057007,0.17053385078907013,0.051769005183369424
main,fmiss,study_contextual_paired_only_lightgbm,study_baseline,lightgbm,PAIRED_ENGLISH::paired_english::m57_191105_141906::MountainSort4::57,PAIRED_ENGLISH::paired_english::m57_191105_141906,PAIRED_ENGLISH,0.5399841646872525,0.49197229743003845,0.04801186725721407
main,fmiss,study_contextual_paired_only_lightgbm,study_baseline,lightgbm,PAIRED_ENGLISH::paired_english::m57_191105_141906::SpykingCircus::12,PAIRED_ENGLISH::paired_english::m57_191105_141906,PAIRED_ENGLISH,0.5859065716547902,0.6963949799537659,0.11048840829897566
main,fmiss,study_contextual_paired_only_lightgbm,study_baseline,lightgbm,PAIRED_ENGLISH::paired_english::m57_191105_141906::SpykingCircus::30,PAIRED_ENGLISH::paired_english::m57_191105_141906,PAIRED_ENGLISH,0.46872525732383213,0.26419389247894287,0.20453136484488926
main,fmiss,study_contextual_paired_only_lightgbm,study_baseline,lightgbm,PAIRED_ENGLISH::paired_english::m57_191105_160026::HerdingSpikes2::1,PAIRED_ENGLISH::paired_english::m57_191105_160026,PAIRED_ENGLISH,0.7557251908396947,0.3258799910545349,0.4298451997851598
main,fmiss,study_contextual_paired_only_lightgbm,study_baseline,lightgbm,PAIRED_ENGLISH::paired_english::m57_191105_160026::IronClust::2,PAIRED_ENGLISH::paired_english::m57_191105_160026,PAIRED_ENGLISH,0.7206106870229008,0.6677930355072021,0.052817651515698616
main,fmiss,study_contextual_paired_only_lightgbm,study_baseline,lightgbm,PAIRED_ENGLISH::paired_english::m57_191105_160026::IronClust::3,PAIRED_ENGLISH::paired_english::m57_191105_160026,PAIRED_ENGLISH,0.5629770992366412,0.5866212844848633,0.023644185248222094
main,fmiss,study_contextual_paired_only_lightgbm,study_baseline,lightgbm,PAIRED_ENGLISH::paired_english::m57_191105_160026::KiloSort::127,PAIRED_ENGLISH::paired_english::m57_191105_160026,PAIRED_ENGLISH,0.7213740458015268,0.6384066939353943,0.08296735186613247
main,fmiss,study_contextual_paired_only_lightgbm,study_baseline,lightgbm,PAIRED_ENGLISH::paired_english::m57_191105_160026::KiloSort::6,PAIRED_ENGLISH::paired_english::m57_191105_160026,PAIRED_ENGLISH,0.5885496183206107,0.5895825028419495,0.0010328845213387616
main,fmiss,study_contextual_paired_only_lightgbm,study_baseline,lightgbm,PAIRED_ENGLISH::paired_english::m57_191105_160026::MountainSort4::23,PAIRED_ENGLISH::paired_english::m57_191105_160026,PAIRED_ENGLISH,0.8603053435114504,0.6670927405357361,0.1932126029757143
main,fmiss,study_contextual_paired_only_lightgbm,study_baseline,lightgbm,PAIRED_ENGLISH::paired_english::m57_191105_160026::MountainSort4::25,PAIRED_ENGLISH::paired_english::m57_191105_160026,PAIRED_ENGLISH,0.5545801526717558,0.45601290464401245,0.0985672480277433
main,fmiss,study_contextual_paired_only_lightgbm,study_baseline,lightgbm,PAIRED_ENGLISH::paired_english::m57_191105_160026::SpykingCircus::2,PAIRED_ENGLISH::paired_english::m57_191105_160026,PAIRED_ENGLISH,0.7709923664122137,0.5119978189468384,0.2589945474653753
main,fmiss,study_contextual_paired_only_lightgbm,study_baseline,lightgbm,PAIRED_ENGLISH::paired_english::m57_191105_160026::SpykingCircus::4,PAIRED_ENGLISH::paired_english::m57_191105_160026,PAIRED_ENGLISH,0.5625954198473282,0.6055558919906616,0.04296047214333343
main,fmiss,study_contextual_paired_only_lightgbm,study_baseline,lightgbm,PAIRED_ENGLISH::paired_english::m57_191105_160026::Tridesclous::0,PAIRED_ENGLISH::paired_english::m57_191105_160026,PAIRED_ENGLISH,0.7061068702290076,0.1313147395849228,0.5747921306440849
main,fmiss,study_contextual_paired_only_lightgbm,study_baseline,lightgbm,PAIRED_KAMPFF::paired_kampff::c14::HerdingSpikes2::6,PAIRED_KAMPFF::paired_kampff::c14,PAIRED_KAMPFF,0.35151068533529845,0.6788338422775269,0.3273231569422284
main,fmiss,study_contextual_paired_only_lightgbm,study_baseline,lightgbm,PAIRED_KAMPFF::paired_kampff::c14::IronClust::22,PAIRED_KAMPFF::paired_kampff::c14,PAIRED_KAMPFF,0.25036845983787764,0.6744507551193237,0.4240822952814461
main,fmiss,study_contextual_paired_only_lightgbm,study_baseline,lightgbm,PAIRED_KAMPFF::paired_kampff::c14::KiloSort2::37,PAIRED_KAMPFF::paired_kampff::c14,PAIRED_KAMPFF,0.14296241709653648,0.6682540774345398,0.5252916603380033
main,fmiss,study_contextual_paired_only_lightgbm,study_baseline,lightgbm,PAIRED_KAMPFF::paired_kampff::c14::MountainSort4::42,PAIRED_KAMPFF::paired_kampff::c14,PAIRED_KAMPFF,0.32221812822402357,0.5878084301948547,0.26559030197083117
main,fmiss,study_contextual_paired_only_lightgbm,study_baseline,lightgbm,PAIRED_KAMPFF::paired_kampff::c14::SpykingCircus::14,PAIRED_KAMPFF::paired_kampff::c14,PAIRED_KAMPFF,0.21868091378039795,0.6359865665435791,0.41730565276318116
main,fmiss,study_contextual_paired_only_lightgbm,study_baseline,lightgbm,PAIRED_KAMPFF::paired_kampff::c14::Tridesclous::8,PAIRED_KAMPFF::paired_kampff::c14,PAIRED_KAMPFF,0.20910095799557848,0.24120959639549255,0.03210863839991407
main,fmiss,study_contextual_paired_only_lightgbm,study_baseline,lightgbm,PAIRED_MEA64C_YGER::paired_mea64c::20170622_patch1::HerdingSpikes2::19,PAIRED_MEA64C_YGER::paired_mea64c::20170622_patch1,PAIRED_MEA64C_YGER,0.8533362695441533,0.6972848176956177,0.15605145184853564
main,fmiss,study_contextual_paired_only_lightgbm,study_baseline,lightgbm,PAIRED_MEA64C_YGER::paired_mea64c::20170622_patch1::HerdingSpikes2::7,PAIRED_MEA64C_YGER::paired_mea64c::20170622_patch1,PAIRED_MEA64C_YGER,0.18343977097555605,0.3064790368080139,0.12303926583245786
main,fmiss,study_contextual_paired_only_lightgbm,study_baseline,lightgbm,PAIRED_MEA64C_YGER::paired_mea64c::20170622_patch1::IronClust::8,PAIRED_MEA64C_YGER::paired_mea64c::20170622_patch1,PAIRED_MEA64C_YGER,0.027747192248403437,0.055160608142614365,0.027413415894210928
main,fmiss,study_contextual_paired_only_lightgbm,study_baseline,lightgbm,PAIRED_MEA64C_YGER::paired_mea64c::20170622_patch1::KiloSort2::23,PAIRED_MEA64C_YGER::paired_mea64c::20170622_patch1,PAIRED_MEA64C_YGER,0.0008808632459810614,0.15519088506698608,0.15431002182100503
main,fmiss,study_contextual_paired_only_lightgbm,study_baseline,lightgbm,PAIRED_MEA64C_YGER::paired_mea64c::20170622_patch1::KiloSort::64,PAIRED_MEA64C_YGER::paired_mea64c::20170622_patch1,PAIRED_MEA64C_YGER,0.03457388240475666,0.12845082581043243,0.09387694340567578
main,fmiss,study_contextual_paired_only_lightgbm,study_baseline,lightgbm,PAIRED_MEA64C_YGER::paired_mea64c::20170622_patch1::Klusta::4,PAIRED_MEA64C_YGER::paired_mea64c::20170622_patch1,PAIRED_MEA64C_YGER,0.17441092270425015,0.15302647650241852,0.021384446201831636
main,fmiss,study_contextual_paired_only_lightgbm,study_baseline,lightgbm,PAIRED_MEA64C_YGER::paired_mea64c::20170622_patch1::MountainSort4::43,PAIRED_MEA64C_YGER::paired_mea64c::20170622_patch1,PAIRED_MEA64C_YGER,0.02510460251046025,0.11445552110671997,0.08935091859625972
main,fmiss,study_contextual_paired_only_lightgbm,study_baseline,lightgbm,PAIRED_MEA64C_YGER::paired_mea64c::20170622_patch1::SpykingCircus::18,PAIRED_MEA64C_YGER::paired_mea64c::20170622_patch1,PAIRED_MEA64C_YGER,0.0028628055494384495,0.1147579774260521,0.11189517187661364
main,fmiss,study_contextual_paired_only_lightgbm,study_baseline,lightgbm,PAIRED_MEA64C_YGER::paired_mea64c::20170622_patch1::Tridesclous::12,PAIRED_MEA64C_YGER::paired_mea64c::20170622_patch1,PAIRED_MEA64C_YGER,0.026425897379431844,0.14119115471839905,0.1147652573389672
main,fmiss,study_contextual_paired_only_lightgbm,study_baseline,lightgbm,PAIRED_MEA64C_YGER::paired_mea64c::20170622_patch2::HerdingSpikes2::16,PAIRED_MEA64C_YGER::paired_mea64c::20170622_patch2,PAIRED_MEA64C_YGER,0.6606015595989603,0.5586192607879639,0.10198229881099641
main,fmiss,study_contextual_paired_only_lightgbm,study_baseline,lightgbm,PAIRED_MEA64C_YGER::paired_mea64c::20170622_patch2::HerdingSpikes2::44,PAIRED_MEA64C_YGER::paired_mea64c::20170622_patch2,PAIRED_MEA64C_YGER,0.8756034162643892,0.495084673166275,0.3805187430981142
main,fmiss,study_contextual_paired_only_lightgbm,study_baseline,lightgbm,PAIRED_MEA64C_YGER::paired_mea64c::20170622_patch2::HerdingSpikes2::5,PAIRED_MEA64C_YGER::paired_mea64c::20170622_patch2,PAIRED_MEA64C_YGER,0.008169327887114742,0.01753917895257473,0.009369851065459988
main,fmiss,study_contextual_paired_only_lightgbm,study_baseline,lightgbm,PAIRED_MEA64C_YGER::paired_mea64c::20170622_patch2::IronClust::11,PAIRED_MEA64C_YGER::paired_mea64c::20170622_patch2,PAIRED_MEA64C_YGER,0.0003713330857779428,0.010530581697821617,0.010159248612043674
main,fmiss,study_contextual_paired_only_lightgbm,study_baseline,lightgbm,PAIRED_MEA64C_YGER::paired_mea64c::20170622_patch2::JRClust::31,PAIRED_MEA64C_YGER::paired_mea64c::20170622_patch2,PAIRED_MEA64C_YGER,0.0029706646862235424,0.012936580926179886,0.009965916239956343
main,fmiss,study_contextual_paired_only_lightgbm,study_baseline,lightgbm,PAIRED_MEA64C_YGER::paired_mea64c::20170622_patch2::KiloSort2::33,PAIRED_MEA64C_YGER::paired_mea64c::20170622_patch2,PAIRED_MEA64C_YGER,0.0011139992573338284,0.011196793988347054,0.010082794731013225
main,fmiss,study_contextual_paired_only_lightgbm,study_baseline,lightgbm,PAIRED_MEA64C_YGER::paired_mea64c::20170622_patch2::KiloSort::5,PAIRED_MEA64C_YGER::paired_mea64c::20170622_patch2,PAIRED_MEA64C_YGER,0.0014853323431117712,0.008580219000577927,0.007094886657466155
main,fmiss,study_contextual_paired_only_lightgbm,study_baseline,lightgbm,PAIRED_MEA64C_YGER::paired_mea64c::20170622_patch2::Klusta::14,PAIRED_MEA64C_YGER::paired_mea64c::20170622_patch2,PAIRED_MEA64C_YGER,0.15893056071295952,0.017720090225338936,0.1412104704876206
main,fmiss,study_contextual_paired_only_lightgbm,study_baseline,lightgbm,PAIRED_MEA64C_YGER::paired_mea64c::20170622_patch2::MountainSort4::31,PAIRED_MEA64C_YGER::paired_mea64c::20170622_patch2,PAIRED_MEA64C_YGER,0.0003713330857779428,0.004620412830263376,0.004249079744485434
main,fmiss,study_contextual_paired_only_lightgbm,study_baseline,lightgbm,PAIRED_MEA64C_YGER::paired_mea64c::20170622_patch2::SpykingCircus::17,PAIRED_MEA64C_YGER::paired_mea64c::20170622_patch2,PAIRED_MEA64C_YGER,0.0003713330857779428,0.01274916622787714,0.012377833142099197
main,fmiss,study_contextual_paired_only_lightgbm,study_baseline,lightgbm,PAIRED_MEA64C_YGER::paired_mea64c::20170622_patch2::Tridesclous::0,PAIRED_MEA64C_YGER::paired_mea64c::20170622_patch2,PAIRED_MEA64C_YGER,0.0003713330857779428,0.012481898069381714,0.01211056498360377
main,fmiss,study_embed_nommd_fullctx_lightgbm_filtered,study_embedding_stack_filtered,lightgbm,PAIRED_BOYDEN::paired_boyden32c::1103_1_1::IronClust::4,PAIRED_BOYDEN::paired_boyden32c::1103_1_1,PAIRED_BOYDEN,0.1661807580174927,0.30215147137641907,0.13597071335892635
main,fmiss,study_embed_nommd_fullctx_lightgbm_filtered,study_embedding_stack_filtered,lightgbm,PAIRED_BOYDEN::paired_boyden32c::1103_1_1::JRClust::18,PAIRED_BOYDEN::paired_boyden32c::1103_1_1,PAIRED_BOYDEN,0.08551992225461613,0.2475912719964981,0.16207134974188198
main,fmiss,study_embed_nommd_fullctx_lightgbm_filtered,study_embedding_stack_filtered,lightgbm,PAIRED_BOYDEN::paired_boyden32c::1103_1_1::KiloSort2::33,PAIRED_BOYDEN::paired_boyden32c::1103_1_1,PAIRED_BOYDEN,0.42857142857142855,0.4275452494621277,0.001026179109300862
main,fmiss,study_embed_nommd_fullctx_lightgbm_filtered,study_embedding_stack_filtered,lightgbm,PAIRED_BOYDEN::paired_boyden32c::1103_1_1::KiloSort2::55,PAIRED_BOYDEN::paired_boyden32c::1103_1_1,PAIRED_BOYDEN,0.8328474246841594,0.38553258776664734,0.44731483691751206
main,fmiss,study_embed_nommd_fullctx_lightgbm_filtered,study_embedding_stack_filtered,lightgbm,PAIRED_BOYDEN::paired_boyden32c::1103_1_1::KiloSort2::60,PAIRED_BOYDEN::paired_boyden32c::1103_1_1,PAIRED_BOYDEN,0.7580174927113703,0.40927377343177795,0.34874371927959236
main,fmiss,study_embed_nommd_fullctx_lightgbm_filtered,study_embedding_stack_filtered,lightgbm,PAIRED_BOYDEN::paired_boyden32c::1103_1_1::KiloSort::111,PAIRED_BOYDEN::paired_boyden32c::1103_1_1,PAIRED_BOYDEN,0.04081632653061224,0.24765339493751526,0.20683706840690302
main,fmiss,study_embed_nommd_fullctx_lightgbm_filtered,study_embedding_stack_filtered,lightgbm,PAIRED_BOYDEN::paired_boyden32c::1103_1_1::Klusta::12,PAIRED_BOYDEN::paired_boyden32c::1103_1_1,PAIRED_BOYDEN,0.17881438289601556,0.2673327624797821,0.08851837958376654
main,fmiss,study_embed_nommd_fullctx_lightgbm_filtered,study_embedding_stack_filtered,lightgbm,PAIRED_BOYDEN::paired_boyden32c::1103_1_1::MountainSort4::26,PAIRED_BOYDEN::paired_boyden32c::1103_1_1,PAIRED_BOYDEN,0.03595724003887269,0.24174712598323822,0.20578988594436554
main,fmiss,study_embed_nommd_fullctx_lightgbm_filtered,study_embedding_stack_filtered,lightgbm,PAIRED_BOYDEN::paired_boyden32c::1103_1_1::SpykingCircus::27,PAIRED_BOYDEN::paired_boyden32c::1103_1_1,PAIRED_BOYDEN,0.07482993197278912,0.3457440137863159,0.27091408181352683
main,fmiss,study_embed_nommd_fullctx_lightgbm_filtered,study_embedding_stack_filtered,lightgbm,PAIRED_BOYDEN::paired_boyden32c::1103_1_1::Tridesclous::3,PAIRED_BOYDEN::paired_boyden32c::1103_1_1,PAIRED_BOYDEN,0.11273080660835763,0.1836623251438141,0.07093151853545646
main,fmiss,study_embed_nommd_fullctx_lightgbm_filtered,study_embedding_stack_filtered,lightgbm,PAIRED_BOYDEN::paired_boyden32c::419_1_8::IronClust::14,PAIRED_BOYDEN::paired_boyden32c::419_1_8,PAIRED_BOYDEN,0.1489691520694466,0.11987213790416718,0.029097014165279433
main,fmiss,study_embed_nommd_fullctx_lightgbm_filtered,study_embedding_stack_filtered,lightgbm,PAIRED_BOYDEN::paired_boyden32c::419_1_8::IronClust::4,PAIRED_BOYDEN::paired_boyden32c::419_1_8,PAIRED_BOYDEN,0.3614943419624864,0.2219299077987671,0.13956443416371933
main,fmiss,study_embed_nommd_fullctx_lightgbm_filtered,study_embedding_stack_filtered,lightgbm,PAIRED_BOYDEN::paired_boyden32c::419_1_8::JRClust::24,PAIRED_BOYDEN::paired_boyden32c::419_1_8,PAIRED_BOYDEN,0.14617888699426446,0.19600026309490204,0.04982137610063758
main,fmiss,study_embed_nommd_fullctx_lightgbm_filtered,study_embedding_stack_filtered,lightgbm,PAIRED_BOYDEN::paired_boyden32c::419_1_8::JRClust::8,PAIRED_BOYDEN::paired_boyden32c::419_1_8,PAIRED_BOYDEN,0.7484110990544102,0.49647197127342224,0.2519391277809879
main,fmiss,study_embed_nommd_fullctx_lightgbm_filtered,study_embedding_stack_filtered,lightgbm,PAIRED_BOYDEN::paired_boyden32c::419_1_8::KiloSort2::27,PAIRED_BOYDEN::paired_boyden32c::419_1_8,PAIRED_BOYDEN,0.06696636180437142,0.18036088347434998,0.11339452166997856
main,fmiss,study_embed_nommd_fullctx_lightgbm_filtered,study_embedding_stack_filtered,lightgbm,PAIRED_BOYDEN::paired_boyden32c::419_1_8::KiloSort2::46,PAIRED_BOYDEN::paired_boyden32c::419_1_8,PAIRED_BOYDEN,0.11424585335606882,0.24295532703399658,0.12870947367792776
main,fmiss,study_embed_nommd_fullctx_lightgbm_filtered,study_embedding_stack_filtered,lightgbm,PAIRED_BOYDEN::paired_boyden32c::419_1_8::KiloSort::17,PAIRED_BOYDEN::paired_boyden32c::419_1_8,PAIRED_BOYDEN,0.13067741435436367,0.20145487785339355,0.07077746349902989
main,fmiss,study_embed_nommd_fullctx_lightgbm_filtered,study_embedding_stack_filtered,lightgbm,PAIRED_BOYDEN::paired_boyden32c::419_1_8::MountainSort4::42,PAIRED_BOYDEN::paired_boyden32c::419_1_8,PAIRED_BOYDEN,0.12261664858161525,0.11854011565446854,0.004076532927146714
main,fmiss,study_embed_nommd_fullctx_lightgbm_filtered,study_embedding_stack_filtered,lightgbm,PAIRED_BOYDEN::paired_boyden32c::419_1_8::SpykingCircus::24,PAIRED_BOYDEN::paired_boyden32c::419_1_8,PAIRED_BOYDEN,0.8012711207564719,0.6295405030250549,0.17173061773141696
main,fmiss,study_embed_nommd_fullctx_lightgbm_filtered,study_embedding_stack_filtered,lightgbm,PAIRED_BOYDEN::paired_boyden32c::419_1_8::SpykingCircus::28,PAIRED_BOYDEN::paired_boyden32c::419_1_8,PAIRED_BOYDEN,0.12416679584560533,0.15702858567237854,0.03286178982677321
main,fmiss,study_embed_nommd_fullctx_lightgbm_filtered,study_embedding_stack_filtered,lightgbm,PAIRED_BOYDEN::paired_boyden32c::419_1_8::Tridesclous::0,PAIRED_BOYDEN::paired_boyden32c::419_1_8,PAIRED_BOYDEN,0.14447372500387537,0.04645955190062523,0.09801417310325014
main,fmiss,study_embed_nommd_fullctx_lightgbm_filtered,study_embedding_stack_filtered,lightgbm,PAIRED_CRCNS_HC1::paired_crcns::d11221_d11221.001::SpykingCircus::6,PAIRED_CRCNS_HC1::paired_crcns::d11221_d11221.001,PAIRED_CRCNS_HC1,0.2845528455284553,0.5466504693031311,0.2620976237746758
main,fmiss,study_embed_nommd_fullctx_lightgbm_filtered,study_embedding_stack_filtered,lightgbm,PAIRED_CRCNS_HC1::paired_crcns::d11222_d11222.002::IronClust::2,PAIRED_CRCNS_HC1::paired_crcns::d11222_d11222.002,PAIRED_CRCNS_HC1,0.017310252996005325,0.07977204024791718,0.06246178725191185
main,fmiss,study_embed_nommd_fullctx_lightgbm_filtered,study_embedding_stack_filtered,lightgbm,PAIRED_CRCNS_HC1::paired_crcns::d11222_d11222.002::JRClust::3,PAIRED_CRCNS_HC1::paired_crcns::d11222_d11222.002,PAIRED_CRCNS_HC1,0.07323568575233022,0.0944218710064888,0.02118618525415858
main,fmiss,study_embed_nommd_fullctx_lightgbm_filtered,study_embedding_stack_filtered,lightgbm,PAIRED_CRCNS_HC1::paired_crcns::d11222_d11222.002::KiloSort2::10,PAIRED_CRCNS_HC1::paired_crcns::d11222_d11222.002,PAIRED_CRCNS_HC1,0.5339547270306259,0.06028798222541809,0.47366674480520776
main,fmiss,study_embed_nommd_fullctx_lightgbm_filtered,study_embedding_stack_filtered,lightgbm,PAIRED_CRCNS_HC1::paired_crcns::d11222_d11222.002::KiloSort::1,PAIRED_CRCNS_HC1::paired_crcns::d11222_d11222.002,PAIRED_CRCNS_HC1,0.03595206391478029,0.047363847494125366,0.011411783579345074
main,fmiss,study_embed_nommd_fullctx_lightgbm_filtered,study_embedding_stack_filtered,lightgbm,PAIRED_CRCNS_HC1::paired_crcns::d11222_d11222.002::Klusta::2,PAIRED_CRCNS_HC1::paired_crcns::d11222_d11222.002,PAIRED_CRCNS_HC1,0.022636484687083888,0.0579441636800766,0.03530767899299271
main,fmiss,study_embed_nommd_fullctx_lightgbm_filtered,study_embedding_stack_filtered,lightgbm,PAIRED_CRCNS_HC1::paired_crcns::d11222_d11222.002::MountainSort4::4,PAIRED_CRCNS_HC1::paired_crcns::d11222_d11222.002,PAIRED_CRCNS_HC1,0.20372836218375498,0.0617065392434597,0.14202182294029528
main,fmiss,study_embed_nommd_fullctx_lightgbm_filtered,study_embedding_stack_filtered,lightgbm,PAIRED_CRCNS_HC1::paired_crcns::d11222_d11222.002::SpykingCircus::4,PAIRED_CRCNS_HC1::paired_crcns::d11222_d11222.002,PAIRED_CRCNS_HC1,0.1151797603195739,0.08598586171865463,0.02919389860091927
main,fmiss,study_embed_nommd_fullctx_lightgbm_filtered,study_embedding_stack_filtered,lightgbm,PAIRED_CRCNS_HC1::paired_crcns::d11222_d11222.002::Tridesclous::0,PAIRED_CRCNS_HC1::paired_crcns::d11222_d11222.002,PAIRED_CRCNS_HC1,0.014647137150466045,0.0624772384762764,0.04783010132581035
main,fmiss,study_embed_nommd_fullctx_lightgbm_filtered,study_embedding_stack_filtered,lightgbm,PAIRED_ENGLISH::paired_english::m139_200114_191955::KiloSort2::25,PAIRED_ENGLISH::paired_english::m139_200114_191955,PAIRED_ENGLISH,0.8107276747092185,0.27663397789001465,0.5340936968192038
main,fmiss,study_embed_nommd_fullctx_lightgbm_filtered,study_embedding_stack_filtered,lightgbm,PAIRED_ENGLISH::paired_english::m139_200114_191955::MountainSort4::36,PAIRED_ENGLISH::paired_english::m139_200114_191955,PAIRED_ENGLISH,0.6701912909737576,0.46943676471710205,0.20075452625665557
main,fmiss,study_embed_nommd_fullctx_lightgbm_filtered,study_embedding_stack_filtered,lightgbm,PAIRED_ENGLISH::paired_english::m139_200114_191955::SpykingCircus::42,PAIRED_ENGLISH::paired_english::m139_200114_191955,PAIRED_ENGLISH,0.8063058733057772,0.6355019807815552,0.170803892524222
main,fmiss,study_embed_nommd_fullctx_lightgbm_filtered,study_embedding_stack_filtered,lightgbm,PAIRED_ENGLISH::paired_english::m139_200114_222743::HerdingSpikes2::5,PAIRED_ENGLISH::paired_english::m139_200114_222743,PAIRED_ENGLISH,0.022052337547780066,0.15309645235538483,0.13104411480760475
main,fmiss,study_embed_nommd_fullctx_lightgbm_filtered,study_embedding_stack_filtered,lightgbm,PAIRED_ENGLISH::paired_english::m139_200114_222743::IronClust::17,PAIRED_ENGLISH::paired_english::m139_200114_222743,PAIRED_ENGLISH,0.01587768303440165,0.14757925271987915,0.1317015696854775
main,fmiss,study_embed_nommd_fullctx_lightgbm_filtered,study_embedding_stack_filtered,lightgbm,PAIRED_ENGLISH::paired_english::m139_200114_222743::KiloSort2::26,PAIRED_ENGLISH::paired_english::m139_200114_222743,PAIRED_ENGLISH,0.002940311673037342,0.13993531465530396,0.1369950029822666
main,fmiss,study_embed_nommd_fullctx_lightgbm_filtered,study_embedding_stack_filtered,lightgbm,PAIRED_ENGLISH::paired_english::m139_200114_222743::KiloSort::88,PAIRED_ENGLISH::paired_english::m139_200114_222743,PAIRED_ENGLISH,0.006174654513378418,0.1397709995508194,0.13359634503744097
main,fmiss,study_embed_nommd_fullctx_lightgbm_filtered,study_embedding_stack_filtered,lightgbm,PAIRED_ENGLISH::paired_english::m139_200114_222743::MountainSort4::46,PAIRED_ENGLISH::paired_english::m139_200114_222743,PAIRED_ENGLISH,0.00911496618641576,0.16629855334758759,0.1571835871611718
main,fmiss,study_embed_nommd_fullctx_lightgbm_filtered,study_embedding_stack_filtered,lightgbm,PAIRED_ENGLISH::paired_english::m139_200114_222743::SpykingCircus::44,PAIRED_ENGLISH::paired_english::m139_200114_222743,PAIRED_ENGLISH,0.0020582181711261394,0.12865686416625977,0.12659864599513362
main,fmiss,study_embed_nommd_fullctx_lightgbm_filtered,study_embedding_stack_filtered,lightgbm,PAIRED_ENGLISH::paired_english::m139_200114_222743::Tridesclous::1,PAIRED_ENGLISH::paired_english::m139_200114_222743,PAIRED_ENGLISH,0.004998529844163481,0.3157881498336792,0.3107896199895157
main,fmiss,study_embed_nommd_fullctx_lightgbm_filtered,study_embedding_stack_filtered,lightgbm,PAIRED_ENGLISH::paired_english::m14_190326_155432::IronClust::22,PAIRED_ENGLISH::paired_english::m14_190326_155432,PAIRED_ENGLISH,0.13721413721413722,0.35379815101623535,0.21658401380209813
main,fmiss,study_embed_nommd_fullctx_lightgbm_filtered,study_embedding_stack_filtered,lightgbm,PAIRED_ENGLISH::paired_english::m14_190326_155432::MountainSort4::33,PAIRED_ENGLISH::paired_english::m14_190326_155432,PAIRED_ENGLISH,0.09147609147609148,0.262023001909256,0.1705469104331645
main,fmiss,study_embed_nommd_fullctx_lightgbm_filtered,study_embedding_stack_filtered,lightgbm,PAIRED_ENGLISH::paired_english::m14_190326_155432::SpykingCircus::38,PAIRED_ENGLISH::paired_english::m14_190326_155432,PAIRED_ENGLISH,0.079002079002079,0.42642781138420105,0.34742573238212204
main,fmiss,study_embed_nommd_fullctx_lightgbm_filtered,study_embedding_stack_filtered,lightgbm,PAIRED_ENGLISH::paired_english::m15_190315_142052_cell1::IronClust::40,PAIRED_ENGLISH::paired_english::m15_190315_142052_cell1,PAIRED_ENGLISH,0.24027594305005137,0.35312631726264954,0.11285037421259816
main,fmiss,study_embed_nommd_fullctx_lightgbm_filtered,study_embedding_stack_filtered,lightgbm,PAIRED_ENGLISH::paired_english::m15_190315_142052_cell1::KiloSort2::48,PAIRED_ENGLISH::paired_english::m15_190315_142052_cell1,PAIRED_ENGLISH,0.3173345075590782,0.2170896977186203,0.10024480984045792
main,fmiss,study_embed_nommd_fullctx_lightgbm_filtered,study_embedding_stack_filtered,lightgbm,PAIRED_ENGLISH::paired_english::m15_190315_142052_cell1::MountainSort4::62,PAIRED_ENGLISH::paired_english::m15_190315_142052_cell1,PAIRED_ENGLISH,0.5289886980772054,0.24987471103668213,0.27911398704052326
main,fmiss,study_embed_nommd_fullctx_lightgbm_filtered,study_embedding_stack_filtered,lightgbm,PAIRED_ENGLISH::paired_english::m15_190315_142052_cell1::MountainSort4::64,PAIRED_ENGLISH::paired_english::m15_190315_142052_cell1,PAIRED_ENGLISH,0.6713635696462645,0.583166241645813,0.08819732800045155
main,fmiss,study_embed_nommd_fullctx_lightgbm_filtered,study_embedding_stack_filtered,lightgbm,PAIRED_ENGLISH::paired_english::m15_190315_142052_cell1::SpykingCircus::22,PAIRED_ENGLISH::paired_english::m15_190315_142052_cell1,PAIRED_ENGLISH,0.35975341259357113,0.3704208433628082,0.010667430769237096
main,fmiss,study_embed_nommd_fullctx_lightgbm_filtered,study_embedding_stack_filtered,lightgbm,PAIRED_ENGLISH::paired_english::m15_190315_142052_cell1::SpykingCircus::57,PAIRED_ENGLISH::paired_english::m15_190315_142052_cell1,PAIRED_ENGLISH,0.8711287244972846,0.5492058992385864,0.3219228252586982
main,fmiss,study_embed_nommd_fullctx_lightgbm_filtered,study_embedding_stack_filtered,lightgbm,PAIRED_ENGLISH::paired_english::m15_190315_152315_cell1::IronClust::35,PAIRED_ENGLISH::paired_english::m15_190315_152315_cell1,PAIRED_ENGLISH,0.04922936853742602,0.21508176624774933,0.1658523977103233
main,fmiss,study_embed_nommd_fullctx_lightgbm_filtered,study_embedding_stack_filtered,lightgbm,PAIRED_ENGLISH::paired_english::m15_190315_152315_cell1::KiloSort2::37,PAIRED_ENGLISH::paired_english::m15_190315_152315_cell1,PAIRED_ENGLISH,0.0014307082005592768,0.23311825096607208,0.23168754276551282
main,fmiss,study_embed_nommd_fullctx_lightgbm_filtered,study_embedding_stack_filtered,lightgbm,PAIRED_ENGLISH::paired_english::m15_190315_152315_cell1::KiloSort::1,PAIRED_ENGLISH::paired_english::m15_190315_152315_cell1,PAIRED_ENGLISH,0.003901931456070755,0.20511558651924133,0.20121365506317057
main,fmiss,study_embed_nommd_fullctx_lightgbm_filtered,study_embedding_stack_filtered,lightgbm,PAIRED_ENGLISH::paired_english::m15_190315_152315_cell1::MountainSort4::72,PAIRED_ENGLISH::paired_english::m15_190315_152315_cell1,PAIRED_ENGLISH,0.03479222214996423,0.358733594417572,0.3239413722676078
main,fmiss,study_embed_nommd_fullctx_lightgbm_filtered,study_embedding_stack_filtered,lightgbm,PAIRED_ENGLISH::paired_english::m15_190315_152315_cell1::SpykingCircus::46,PAIRED_ENGLISH::paired_english::m15_190315_152315_cell1,PAIRED_ENGLISH,0.0018859335371008649,0.2372649908065796,0.23537905726947872
main,fmiss,study_embed_nommd_fullctx_lightgbm_filtered,study_embedding_stack_filtered,lightgbm,PAIRED_ENGLISH::paired_english::m15_190315_152315_cell1::Tridesclous::0,PAIRED_ENGLISH::paired_english::m15_190315_152315_cell1,PAIRED_ENGLISH,0.2026403069519412,0.12501099705696106,0.07762930989498015
main,fmiss,study_embed_nommd_fullctx_lightgbm_filtered,study_embedding_stack_filtered,lightgbm,PAIRED_ENGLISH::paired_english::m26_190524_100859_cell1::KiloSort2::0,PAIRED_ENGLISH::paired_english::m26_190524_100859_cell1,PAIRED_ENGLISH,0.3453815261044177,0.10271521657705307,0.24266630952736462
main,fmiss,study_embed_nommd_fullctx_lightgbm_filtered,study_embedding_stack_filtered,lightgbm,PAIRED_ENGLISH::paired_english::m26_190524_100859_cell1::KiloSort::19,PAIRED_ENGLISH::paired_english::m26_190524_100859_cell1,PAIRED_ENGLISH,0.5522088353413654,0.13127048313617706,0.4209383522051884
main,fmiss,study_embed_nommd_fullctx_lightgbm_filtered,study_embedding_stack_filtered,lightgbm,PAIRED_ENGLISH::paired_english::m26_190524_100859_cell1::KiloSort::8,PAIRED_ENGLISH::paired_english::m26_190524_100859_cell1,PAIRED_ENGLISH,0.7610441767068273,0.11066726595163345,0.6503769107551939
main,fmiss,study_embed_nommd_fullctx_lightgbm_filtered,study_embedding_stack_filtered,lightgbm,PAIRED_ENGLISH::paired_english::m57_191105_141906::IronClust::6,PAIRED_ENGLISH::paired_english::m57_191105_141906,PAIRED_ENGLISH,0.12826603325415678,0.46711260080337524,0.3388465675492185
main,fmiss,study_embed_nommd_fullctx_lightgbm_filtered,study_embedding_stack_filtered,lightgbm,PAIRED_ENGLISH::paired_english::m57_191105_141906::KiloSort::47,PAIRED_ENGLISH::paired_english::m57_191105_141906,PAIRED_ENGLISH,0.04829770387965162,0.25009727478027344,0.2017995709006218
main,fmiss,study_embed_nommd_fullctx_lightgbm_filtered,study_embedding_stack_filtered,lightgbm,PAIRED_ENGLISH::paired_english::m57_191105_141906::MountainSort4::21,PAIRED_ENGLISH::paired_english::m57_191105_141906,PAIRED_ENGLISH,0.1187648456057007,0.28519630432128906,0.16643145871558834
main,fmiss,study_embed_nommd_fullctx_lightgbm_filtered,study_embedding_stack_filtered,lightgbm,PAIRED_ENGLISH::paired_english::m57_191105_141906::MountainSort4::57,PAIRED_ENGLISH::paired_english::m57_191105_141906,PAIRED_ENGLISH,0.5399841646872525,0.4815085530281067,0.05847561165914583
main,fmiss,study_embed_nommd_fullctx_lightgbm_filtered,study_embedding_stack_filtered,lightgbm,PAIRED_ENGLISH::paired_english::m57_191105_141906::SpykingCircus::12,PAIRED_ENGLISH::paired_english::m57_191105_141906,PAIRED_ENGLISH,0.5859065716547902,0.6827921867370605,0.09688561508227034
main,fmiss,study_embed_nommd_fullctx_lightgbm_filtered,study_embedding_stack_filtered,lightgbm,PAIRED_ENGLISH::paired_english::m57_191105_141906::SpykingCircus::30,PAIRED_ENGLISH::paired_english::m57_191105_141906,PAIRED_ENGLISH,0.46872525732383213,0.2297065556049347,0.23901870171889744
main,fmiss,study_embed_nommd_fullctx_lightgbm_filtered,study_embedding_stack_filtered,lightgbm,PAIRED_ENGLISH::paired_english::m57_191105_160026::HerdingSpikes2::1,PAIRED_ENGLISH::paired_english::m57_191105_160026,PAIRED_ENGLISH,0.7557251908396947,0.09961927682161331,0.6561059140180814
main,fmiss,study_embed_nommd_fullctx_lightgbm_filtered,study_embedding_stack_filtered,lightgbm,PAIRED_ENGLISH::paired_english::m57_191105_160026::IronClust::2,PAIRED_ENGLISH::paired_english::m57_191105_160026,PAIRED_ENGLISH,0.7206106870229008,0.31226661801338196,0.4083440690095188
main,fmiss,study_embed_nommd_fullctx_lightgbm_filtered,study_embedding_stack_filtered,lightgbm,PAIRED_ENGLISH::paired_english::m57_191105_160026::IronClust::3,PAIRED_ENGLISH::paired_english::m57_191105_160026,PAIRED_ENGLISH,0.5629770992366412,0.3001045882701874,0.2628725109664538
main,fmiss,study_embed_nommd_fullctx_lightgbm_filtered,study_embedding_stack_filtered,lightgbm,PAIRED_ENGLISH::paired_english::m57_191105_160026::KiloSort::127,PAIRED_ENGLISH::paired_english::m57_191105_160026,PAIRED_ENGLISH,0.7213740458015268,0.35332077741622925,0.3680532683852975
main,fmiss,study_embed_nommd_fullctx_lightgbm_filtered,study_embedding_stack_filtered,lightgbm,PAIRED_ENGLISH::paired_english::m57_191105_160026::KiloSort::6,PAIRED_ENGLISH::paired_english::m57_191105_160026,PAIRED_ENGLISH,0.5885496183206107,0.3853645324707031,0.20318508584990758
main,fmiss,study_embed_nommd_fullctx_lightgbm_filtered,study_embedding_stack_filtered,lightgbm,PAIRED_ENGLISH::paired_english::m57_191105_160026::MountainSort4::23,PAIRED_ENGLISH::paired_english::m57_191105_160026,PAIRED_ENGLISH,0.8603053435114504,0.38512808084487915,0.47517726266657123
main,fmiss,study_embed_nommd_fullctx_lightgbm_filtered,study_embedding_stack_filtered,lightgbm,PAIRED_ENGLISH::paired_english::m57_191105_160026::MountainSort4::25,PAIRED_ENGLISH::paired_english::m57_191105_160026,PAIRED_ENGLISH,0.5545801526717558,0.29062873125076294,0.2639514214209928
main,fmiss,study_embed_nommd_fullctx_lightgbm_filtered,study_embedding_stack_filtered,lightgbm,PAIRED_ENGLISH::paired_english::m57_191105_160026::SpykingCircus::2,PAIRED_ENGLISH::paired_english::m57_191105_160026,PAIRED_ENGLISH,0.7709923664122137,0.2803453505039215,0.4906470159082922
main,fmiss,study_embed_nommd_fullctx_lightgbm_filtered,study_embedding_stack_filtered,lightgbm,PAIRED_ENGLISH::paired_english::m57_191105_160026::SpykingCircus::4,PAIRED_ENGLISH::paired_english::m57_191105_160026,PAIRED_ENGLISH,0.5625954198473282,0.35043951869010925,0.21215590115721894
main,fmiss,study_embed_nommd_fullctx_lightgbm_filtered,study_embedding_stack_filtered,lightgbm,PAIRED_ENGLISH::paired_english::m57_191105_160026::Tridesclous::0,PAIRED_ENGLISH::paired_english::m57_191105_160026,PAIRED_ENGLISH,0.7061068702290076,0.10865996032953262,0.597446909899475
main,fmiss,study_embed_nommd_fullctx_lightgbm_filtered,study_embedding_stack_filtered,lightgbm,PAIRED_KAMPFF::paired_kampff::c14::HerdingSpikes2::6,PAIRED_KAMPFF::paired_kampff::c14,PAIRED_KAMPFF,0.35151068533529845,0.6048802733421326,0.2533695880068341
main,fmiss,study_embed_nommd_fullctx_lightgbm_filtered,study_embedding_stack_filtered,lightgbm,PAIRED_KAMPFF::paired_kampff::c14::IronClust::22,PAIRED_KAMPFF::paired_kampff::c14,PAIRED_KAMPFF,0.25036845983787764,0.4538350999355316,0.20346664009765397
main,fmiss,study_embed_nommd_fullctx_lightgbm_filtered,study_embedding_stack_filtered,lightgbm,PAIRED_KAMPFF::paired_kampff::c14::KiloSort2::37,PAIRED_KAMPFF::paired_kampff::c14,PAIRED_KAMPFF,0.14296241709653648,0.358420193195343,0.21545777609880654
main,fmiss,study_embed_nommd_fullctx_lightgbm_filtered,study_embedding_stack_filtered,lightgbm,PAIRED_KAMPFF::paired_kampff::c14::MountainSort4::42,PAIRED_KAMPFF::paired_kampff::c14,PAIRED_KAMPFF,0.32221812822402357,0.35890647768974304,0.03668834946571947
main,fmiss,study_embed_nommd_fullctx_lightgbm_filtered,study_embedding_stack_filtered,lightgbm,PAIRED_KAMPFF::paired_kampff::c14::SpykingCircus::14,PAIRED_KAMPFF::paired_kampff::c14,PAIRED_KAMPFF,0.21868091378039795,0.4630969166755676,0.24441600289516968
main,fmiss,study_embed_nommd_fullctx_lightgbm_filtered,study_embedding_stack_filtered,lightgbm,PAIRED_KAMPFF::paired_kampff::c14::Tridesclous::8,PAIRED_KAMPFF::paired_kampff::c14,PAIRED_KAMPFF,0.20910095799557848,0.1837490200996399,0.025351937895938592
main,fmiss,study_embed_nommd_fullctx_lightgbm_filtered,study_embedding_stack_filtered,lightgbm,PAIRED_MEA64C_YGER::paired_mea64c::20170622_patch1::HerdingSpikes2::19,PAIRED_MEA64C_YGER::paired_mea64c::20170622_patch1,PAIRED_MEA64C_YGER,0.8533362695441533,0.5411031246185303,0.31223314492562304
main,fmiss,study_embed_nommd_fullctx_lightgbm_filtered,study_embedding_stack_filtered,lightgbm,PAIRED_MEA64C_YGER::paired_mea64c::20170622_patch1::HerdingSpikes2::7,PAIRED_MEA64C_YGER::paired_mea64c::20170622_patch1,PAIRED_MEA64C_YGER,0.18343977097555605,0.21375314891338348,0.03031337793782743
main,fmiss,study_embed_nommd_fullctx_lightgbm_filtered,study_embedding_stack_filtered,lightgbm,PAIRED_MEA64C_YGER::paired_mea64c::20170622_patch1::IronClust::8,PAIRED_MEA64C_YGER::paired_mea64c::20170622_patch1,PAIRED_MEA64C_YGER,0.027747192248403437,0.03843386843800545,0.01068667618960201
main,fmiss,study_embed_nommd_fullctx_lightgbm_filtered,study_embedding_stack_filtered,lightgbm,PAIRED_MEA64C_YGER::paired_mea64c::20170622_patch1::KiloSort2::23,PAIRED_MEA64C_YGER::paired_mea64c::20170622_patch1,PAIRED_MEA64C_YGER,0.0008808632459810614,0.1687764674425125,0.16789560419653146
main,fmiss,study_embed_nommd_fullctx_lightgbm_filtered,study_embedding_stack_filtered,lightgbm,PAIRED_MEA64C_YGER::paired_mea64c::20170622_patch1::KiloSort::64,PAIRED_MEA64C_YGER::paired_mea64c::20170622_patch1,PAIRED_MEA64C_YGER,0.03457388240475666,0.15408173203468323,0.11950784962992657
main,fmiss,study_embed_nommd_fullctx_lightgbm_filtered,study_embedding_stack_filtered,lightgbm,PAIRED_MEA64C_YGER::paired_mea64c::20170622_patch1::Klusta::4,PAIRED_MEA64C_YGER::paired_mea64c::20170622_patch1,PAIRED_MEA64C_YGER,0.17441092270425015,0.2167992889881134,0.04238836628386325
main,fmiss,study_embed_nommd_fullctx_lightgbm_filtered,study_embedding_stack_filtered,lightgbm,PAIRED_MEA64C_YGER::paired_mea64c::20170622_patch1::MountainSort4::43,PAIRED_MEA64C_YGER::paired_mea64c::20170622_patch1,PAIRED_MEA64C_YGER,0.02510460251046025,0.13300272822380066,0.10789812571334041
main,fmiss,study_embed_nommd_fullctx_lightgbm_filtered,study_embedding_stack_filtered,lightgbm,PAIRED_MEA64C_YGER::paired_mea64c::20170622_patch1::SpykingCircus::18,PAIRED_MEA64C_YGER::paired_mea64c::20170622_patch1,PAIRED_MEA64C_YGER,0.0028628055494384495,0.11634852737188339,0.11348572182244494
main,fmiss,study_embed_nommd_fullctx_lightgbm_filtered,study_embedding_stack_filtered,lightgbm,PAIRED_MEA64C_YGER::paired_mea64c::20170622_patch1::Tridesclous::12,PAIRED_MEA64C_YGER::paired_mea64c::20170622_patch1,PAIRED_MEA64C_YGER,0.026425897379431844,0.14567722380161285,0.119251326422181
main,fmiss,study_embed_nommd_fullctx_lightgbm_filtered,study_embedding_stack_filtered,lightgbm,PAIRED_MEA64C_YGER::paired_mea64c::20170622_patch2::HerdingSpikes2::16,PAIRED_MEA64C_YGER::paired_mea64c::20170622_patch2,PAIRED_MEA64C_YGER,0.6606015595989603,0.21453024446964264,0.44607131512931764
main,fmiss,study_embed_nommd_fullctx_lightgbm_filtered,study_embedding_stack_filtered,lightgbm,PAIRED_MEA64C_YGER::paired_mea64c::20170622_patch2::HerdingSpikes2::44,PAIRED_MEA64C_YGER::paired_mea64c::20170622_patch2,PAIRED_MEA64C_YGER,0.8756034162643892,0.14285790920257568,0.7327455070618135
main,fmiss,study_embed_nommd_fullctx_lightgbm_filtered,study_embedding_stack_filtered,lightgbm,PAIRED_MEA64C_YGER::paired_mea64c::20170622_patch2::HerdingSpikes2::5,PAIRED_MEA64C_YGER::paired_mea64c::20170622_patch2,PAIRED_MEA64C_YGER,0.008169327887114742,0.022189462557435036,0.014020134670320294
main,fmiss,study_embed_nommd_fullctx_lightgbm_filtered,study_embedding_stack_filtered,lightgbm,PAIRED_MEA64C_YGER::paired_mea64c::20170622_patch2::IronClust::11,PAIRED_MEA64C_YGER::paired_mea64c::20170622_patch2,PAIRED_MEA64C_YGER,0.0003713330857779428,0.011653647758066654,0.01128231467228871
main,fmiss,study_embed_nommd_fullctx_lightgbm_filtered,study_embedding_stack_filtered,lightgbm,PAIRED_MEA64C_YGER::paired_mea64c::20170622_patch2::JRClust::31,PAIRED_MEA64C_YGER::paired_mea64c::20170622_patch2,PAIRED_MEA64C_YGER,0.0029706646862235424,0.01616218127310276,0.013191516586879217
main,fmiss,study_embed_nommd_fullctx_lightgbm_filtered,study_embedding_stack_filtered,lightgbm,PAIRED_MEA64C_YGER::paired_mea64c::20170622_patch2::KiloSort2::33,PAIRED_MEA64C_YGER::paired_mea64c::20170622_patch2,PAIRED_MEA64C_YGER,0.0011139992573338284,0.013547956943511963,0.012433957686178134
main,fmiss,study_embed_nommd_fullctx_lightgbm_filtered,study_embedding_stack_filtered,lightgbm,PAIRED_MEA64C_YGER::paired_mea64c::20170622_patch2::KiloSort::5,PAIRED_MEA64C_YGER::paired_mea64c::20170622_patch2,PAIRED_MEA64C_YGER,0.0014853323431117712,0.010265713557600975,0.008780381214489204
main,fmiss,study_embed_nommd_fullctx_lightgbm_filtered,study_embedding_stack_filtered,lightgbm,PAIRED_MEA64C_YGER::paired_mea64c::20170622_patch2::Klusta::14,PAIRED_MEA64C_YGER::paired_mea64c::20170622_patch2,PAIRED_MEA64C_YGER,0.15893056071295952,0.01912469044327736,0.13980587026968216
main,fmiss,study_embed_nommd_fullctx_lightgbm_filtered,study_embedding_stack_filtered,lightgbm,PAIRED_MEA64C_YGER::paired_mea64c::20170622_patch2::MountainSort4::31,PAIRED_MEA64C_YGER::paired_mea64c::20170622_patch2,PAIRED_MEA64C_YGER,0.0003713330857779428,0.0037978871259838343,0.0034265540402058916
main,fmiss,study_embed_nommd_fullctx_lightgbm_filtered,study_embedding_stack_filtered,lightgbm,PAIRED_MEA64C_YGER::paired_mea64c::20170622_patch2::SpykingCircus::17,PAIRED_MEA64C_YGER::paired_mea64c::20170622_patch2,PAIRED_MEA64C_YGER,0.0003713330857779428,0.015841756016016006,0.015470422930238063
main,fmiss,study_embed_nommd_fullctx_lightgbm_filtered,study_embedding_stack_filtered,lightgbm,PAIRED_MEA64C_YGER::paired_mea64c::20170622_patch2::Tridesclous::0,PAIRED_MEA64C_YGER::paired_mea64c::20170622_patch2,PAIRED_MEA64C_YGER,0.0003713330857779428,0.016849052160978317,0.016477719075200375
main,fmiss,study_latent_summary_fullctx_lightgbm,study_latent_summary_stack,lightgbm,PAIRED_BOYDEN::paired_boyden32c::1103_1_1::IronClust::4,PAIRED_BOYDEN::paired_boyden32c::1103_1_1,PAIRED_BOYDEN,0.1661807580174927,0.2589491605758667,0.09276840255837399
main,fmiss,study_latent_summary_fullctx_lightgbm,study_latent_summary_stack,lightgbm,PAIRED_BOYDEN::paired_boyden32c::1103_1_1::JRClust::18,PAIRED_BOYDEN::paired_boyden32c::1103_1_1,PAIRED_BOYDEN,0.08551992225461613,0.24348032474517822,0.1579604024905621
main,fmiss,study_latent_summary_fullctx_lightgbm,study_latent_summary_stack,lightgbm,PAIRED_BOYDEN::paired_boyden32c::1103_1_1::KiloSort2::33,PAIRED_BOYDEN::paired_boyden32c::1103_1_1,PAIRED_BOYDEN,0.42857142857142855,0.2736470401287079,0.15492438844272066
main,fmiss,study_latent_summary_fullctx_lightgbm,study_latent_summary_stack,lightgbm,PAIRED_BOYDEN::paired_boyden32c::1103_1_1::KiloSort2::55,PAIRED_BOYDEN::paired_boyden32c::1103_1_1,PAIRED_BOYDEN,0.8328474246841594,0.5214953422546387,0.3113520824295207
main,fmiss,study_latent_summary_fullctx_lightgbm,study_latent_summary_stack,lightgbm,PAIRED_BOYDEN::paired_boyden32c::1103_1_1::KiloSort2::60,PAIRED_BOYDEN::paired_boyden32c::1103_1_1,PAIRED_BOYDEN,0.7580174927113703,0.4091654121875763,0.348852080523794
main,fmiss,study_latent_summary_fullctx_lightgbm,study_latent_summary_stack,lightgbm,PAIRED_BOYDEN::paired_boyden32c::1103_1_1::KiloSort::111,PAIRED_BOYDEN::paired_boyden32c::1103_1_1,PAIRED_BOYDEN,0.04081632653061224,0.1916062980890274,0.15078997155841517
main,fmiss,study_latent_summary_fullctx_lightgbm,study_latent_summary_stack,lightgbm,PAIRED_BOYDEN::paired_boyden32c::1103_1_1::Klusta::12,PAIRED_BOYDEN::paired_boyden32c::1103_1_1,PAIRED_BOYDEN,0.17881438289601556,0.21438397467136383,0.03556959177534827
main,fmiss,study_latent_summary_fullctx_lightgbm,study_latent_summary_stack,lightgbm,PAIRED_BOYDEN::paired_boyden32c::1103_1_1::MountainSort4::26,PAIRED_BOYDEN::paired_boyden32c::1103_1_1,PAIRED_BOYDEN,0.03595724003887269,0.20415988564491272,0.16820264560604004
main,fmiss,study_latent_summary_fullctx_lightgbm,study_latent_summary_stack,lightgbm,PAIRED_BOYDEN::paired_boyden32c::1103_1_1::SpykingCircus::27,PAIRED_BOYDEN::paired_boyden32c::1103_1_1,PAIRED_BOYDEN,0.07482993197278912,0.2938993275165558,0.21906939554376667
main,fmiss,study_latent_summary_fullctx_lightgbm,study_latent_summary_stack,lightgbm,PAIRED_BOYDEN::paired_boyden32c::1103_1_1::Tridesclous::3,PAIRED_BOYDEN::paired_boyden32c::1103_1_1,PAIRED_BOYDEN,0.11273080660835763,0.15779158473014832,0.045060778121790684
main,fmiss,study_latent_summary_fullctx_lightgbm,study_latent_summary_stack,lightgbm,PAIRED_BOYDEN::paired_boyden32c::419_1_8::IronClust::14,PAIRED_BOYDEN::paired_boyden32c::419_1_8,PAIRED_BOYDEN,0.1489691520694466,0.14170022308826447,0.007268928981182143
main,fmiss,study_latent_summary_fullctx_lightgbm,study_latent_summary_stack,lightgbm,PAIRED_BOYDEN::paired_boyden32c::419_1_8::IronClust::4,PAIRED_BOYDEN::paired_boyden32c::419_1_8,PAIRED_BOYDEN,0.3614943419624864,0.14670123159885406,0.21479311036363236
main,fmiss,study_latent_summary_fullctx_lightgbm,study_latent_summary_stack,lightgbm,PAIRED_BOYDEN::paired_boyden32c::419_1_8::JRClust::24,PAIRED_BOYDEN::paired_boyden32c::419_1_8,PAIRED_BOYDEN,0.14617888699426446,0.15845513343811035,0.012276246443845895
main,fmiss,study_latent_summary_fullctx_lightgbm,study_latent_summary_stack,lightgbm,PAIRED_BOYDEN::paired_boyden32c::419_1_8::JRClust::8,PAIRED_BOYDEN::paired_boyden32c::419_1_8,PAIRED_BOYDEN,0.7484110990544102,0.5822813510894775,0.16612974796493263
main,fmiss,study_latent_summary_fullctx_lightgbm,study_latent_summary_stack,lightgbm,PAIRED_BOYDEN::paired_boyden32c::419_1_8::KiloSort2::27,PAIRED_BOYDEN::paired_boyden32c::419_1_8,PAIRED_BOYDEN,0.06696636180437142,0.1129649356007576,0.04599857379638618
main,fmiss,study_latent_summary_fullctx_lightgbm,study_latent_summary_stack,lightgbm,PAIRED_BOYDEN::paired_boyden32c::419_1_8::KiloSort2::46,PAIRED_BOYDEN::paired_boyden32c::419_1_8,PAIRED_BOYDEN,0.11424585335606882,0.1493389904499054,0.035093137093836574
main,fmiss,study_latent_summary_fullctx_lightgbm,study_latent_summary_stack,lightgbm,PAIRED_BOYDEN::paired_boyden32c::419_1_8::KiloSort::17,PAIRED_BOYDEN::paired_boyden32c::419_1_8,PAIRED_BOYDEN,0.13067741435436367,0.1321972757577896,0.0015198614034259428
main,fmiss,study_latent_summary_fullctx_lightgbm,study_latent_summary_stack,lightgbm,PAIRED_BOYDEN::paired_boyden32c::419_1_8::MountainSort4::42,PAIRED_BOYDEN::paired_boyden32c::419_1_8,PAIRED_BOYDEN,0.12261664858161525,0.08756006509065628,0.03505658349095897
main,fmiss,study_latent_summary_fullctx_lightgbm,study_latent_summary_stack,lightgbm,PAIRED_BOYDEN::paired_boyden32c::419_1_8::SpykingCircus::24,PAIRED_BOYDEN::paired_boyden32c::419_1_8,PAIRED_BOYDEN,0.8012711207564719,0.6240025758743286,0.17726854488214328
main,fmiss,study_latent_summary_fullctx_lightgbm,study_latent_summary_stack,lightgbm,PAIRED_BOYDEN::paired_boyden32c::419_1_8::SpykingCircus::28,PAIRED_BOYDEN::paired_boyden32c::419_1_8,PAIRED_BOYDEN,0.12416679584560533,0.12749925255775452,0.0033324567121491844
main,fmiss,study_latent_summary_fullctx_lightgbm,study_latent_summary_stack,lightgbm,PAIRED_BOYDEN::paired_boyden32c::419_1_8::Tridesclous::0,PAIRED_BOYDEN::paired_boyden32c::419_1_8,PAIRED_BOYDEN,0.14447372500387537,0.04176368936896324,0.10271003563491213
main,fmiss,study_latent_summary_fullctx_lightgbm,study_latent_summary_stack,lightgbm,PAIRED_CRCNS_HC1::paired_crcns::d11221_d11221.001::SpykingCircus::6,PAIRED_CRCNS_HC1::paired_crcns::d11221_d11221.001,PAIRED_CRCNS_HC1,0.2845528455284553,0.6052327156066895,0.3206798700782342
main,fmiss,study_latent_summary_fullctx_lightgbm,study_latent_summary_stack,lightgbm,PAIRED_CRCNS_HC1::paired_crcns::d11222_d11222.002::IronClust::2,PAIRED_CRCNS_HC1::paired_crcns::d11222_d11222.002,PAIRED_CRCNS_HC1,0.017310252996005325,0.07779708504676819,0.06048683205076286
main,fmiss,study_latent_summary_fullctx_lightgbm,study_latent_summary_stack,lightgbm,PAIRED_CRCNS_HC1::paired_crcns::d11222_d11222.002::JRClust::3,PAIRED_CRCNS_HC1::paired_crcns::d11222_d11222.002,PAIRED_CRCNS_HC1,0.07323568575233022,0.08440710604190826,0.011171420289578043
main,fmiss,study_latent_summary_fullctx_lightgbm,study_latent_summary_stack,lightgbm,PAIRED_CRCNS_HC1::paired_crcns::d11222_d11222.002::KiloSort2::10,PAIRED_CRCNS_HC1::paired_crcns::d11222_d11222.002,PAIRED_CRCNS_HC1,0.5339547270306259,0.05090535059571266,0.4830493764349132
main,fmiss,study_latent_summary_fullctx_lightgbm,study_latent_summary_stack,lightgbm,PAIRED_CRCNS_HC1::paired_crcns::d11222_d11222.002::KiloSort::1,PAIRED_CRCNS_HC1::paired_crcns::d11222_d11222.002,PAIRED_CRCNS_HC1,0.03595206391478029,0.07619265466928482,0.04024059075450453
main,fmiss,study_latent_summary_fullctx_lightgbm,study_latent_summary_stack,lightgbm,PAIRED_CRCNS_HC1::paired_crcns::d11222_d11222.002::Klusta::2,PAIRED_CRCNS_HC1::paired_crcns::d11222_d11222.002,PAIRED_CRCNS_HC1,0.022636484687083888,0.06346110254526138,0.040824617858177495
main,fmiss,study_latent_summary_fullctx_lightgbm,study_latent_summary_stack,lightgbm,PAIRED_CRCNS_HC1::paired_crcns::d11222_d11222.002::MountainSort4::4,PAIRED_CRCNS_HC1::paired_crcns::d11222_d11222.002,PAIRED_CRCNS_HC1,0.20372836218375498,0.04391710087656975,0.15981126130718523
main,fmiss,study_latent_summary_fullctx_lightgbm,study_latent_summary_stack,lightgbm,PAIRED_CRCNS_HC1::paired_crcns::d11222_d11222.002::SpykingCircus::4,PAIRED_CRCNS_HC1::paired_crcns::d11222_d11222.002,PAIRED_CRCNS_HC1,0.1151797603195739,0.119266577064991,0.004086816745417096
main,fmiss,study_latent_summary_fullctx_lightgbm,study_latent_summary_stack,lightgbm,PAIRED_CRCNS_HC1::paired_crcns::d11222_d11222.002::Tridesclous::0,PAIRED_CRCNS_HC1::paired_crcns::d11222_d11222.002,PAIRED_CRCNS_HC1,0.014647137150466045,0.07684535533189774,0.06219821818143169
main,fmiss,study_latent_summary_fullctx_lightgbm,study_latent_summary_stack,lightgbm,PAIRED_ENGLISH::paired_english::m139_200114_191955::KiloSort2::25,PAIRED_ENGLISH::paired_english::m139_200114_191955,PAIRED_ENGLISH,0.8107276747092185,0.30908477306365967,0.5016429016455588
main,fmiss,study_latent_summary_fullctx_lightgbm,study_latent_summary_stack,lightgbm,PAIRED_ENGLISH::paired_english::m139_200114_191955::MountainSort4::36,PAIRED_ENGLISH::paired_english::m139_200114_191955,PAIRED_ENGLISH,0.6701912909737576,0.2892112731933594,0.38098001778039825
main,fmiss,study_latent_summary_fullctx_lightgbm,study_latent_summary_stack,lightgbm,PAIRED_ENGLISH::paired_english::m139_200114_191955::SpykingCircus::42,PAIRED_ENGLISH::paired_english::m139_200114_191955,PAIRED_ENGLISH,0.8063058733057772,0.5793747901916504,0.2269310831141268
main,fmiss,study_latent_summary_fullctx_lightgbm,study_latent_summary_stack,lightgbm,PAIRED_ENGLISH::paired_english::m139_200114_222743::HerdingSpikes2::5,PAIRED_ENGLISH::paired_english::m139_200114_222743,PAIRED_ENGLISH,0.022052337547780066,0.18093045055866241,0.15887811301088234
main,fmiss,study_latent_summary_fullctx_lightgbm,study_latent_summary_stack,lightgbm,PAIRED_ENGLISH::paired_english::m139_200114_222743::IronClust::17,PAIRED_ENGLISH::paired_english::m139_200114_222743,PAIRED_ENGLISH,0.01587768303440165,0.18719999492168427,0.1713223118872826
main,fmiss,study_latent_summary_fullctx_lightgbm,study_latent_summary_stack,lightgbm,PAIRED_ENGLISH::paired_english::m139_200114_222743::KiloSort2::26,PAIRED_ENGLISH::paired_english::m139_200114_222743,PAIRED_ENGLISH,0.002940311673037342,0.262952983379364,0.2600126717063267
main,fmiss,study_latent_summary_fullctx_lightgbm,study_latent_summary_stack,lightgbm,PAIRED_ENGLISH::paired_english::m139_200114_222743::KiloSort::88,PAIRED_ENGLISH::paired_english::m139_200114_222743,PAIRED_ENGLISH,0.006174654513378418,0.17407678067684174,0.1679021261634633
main,fmiss,study_latent_summary_fullctx_lightgbm,study_latent_summary_stack,lightgbm,PAIRED_ENGLISH::paired_english::m139_200114_222743::MountainSort4::46,PAIRED_ENGLISH::paired_english::m139_200114_222743,PAIRED_ENGLISH,0.00911496618641576,0.2103179544210434,0.20120298823462762
main,fmiss,study_latent_summary_fullctx_lightgbm,study_latent_summary_stack,lightgbm,PAIRED_ENGLISH::paired_english::m139_200114_222743::SpykingCircus::44,PAIRED_ENGLISH::paired_english::m139_200114_222743,PAIRED_ENGLISH,0.0020582181711261394,0.1935918629169464,0.19153364474582027
main,fmiss,study_latent_summary_fullctx_lightgbm,study_latent_summary_stack,lightgbm,PAIRED_ENGLISH::paired_english::m139_200114_222743::Tridesclous::1,PAIRED_ENGLISH::paired_english::m139_200114_222743,PAIRED_ENGLISH,0.004998529844163481,0.17302283644676208,0.1680243066025986
main,fmiss,study_latent_summary_fullctx_lightgbm,study_latent_summary_stack,lightgbm,PAIRED_ENGLISH::paired_english::m14_190326_155432::IronClust::22,PAIRED_ENGLISH::paired_english::m14_190326_155432,PAIRED_ENGLISH,0.13721413721413722,0.20744110643863678,0.07022696922449956
main,fmiss,study_latent_summary_fullctx_lightgbm,study_latent_summary_stack,lightgbm,PAIRED_ENGLISH::paired_english::m14_190326_155432::MountainSort4::33,PAIRED_ENGLISH::paired_english::m14_190326_155432,PAIRED_ENGLISH,0.09147609147609148,0.17887404561042786,0.08739795413433638
main,fmiss,study_latent_summary_fullctx_lightgbm,study_latent_summary_stack,lightgbm,PAIRED_ENGLISH::paired_english::m14_190326_155432::SpykingCircus::38,PAIRED_ENGLISH::paired_english::m14_190326_155432,PAIRED_ENGLISH,0.079002079002079,0.35578057169914246,0.27677849269706345
main,fmiss,study_latent_summary_fullctx_lightgbm,study_latent_summary_stack,lightgbm,PAIRED_ENGLISH::paired_english::m15_190315_142052_cell1::IronClust::40,PAIRED_ENGLISH::paired_english::m15_190315_142052_cell1,PAIRED_ENGLISH,0.24027594305005137,0.1817239671945572,0.05855197585549418
main,fmiss,study_latent_summary_fullctx_lightgbm,study_latent_summary_stack,lightgbm,PAIRED_ENGLISH::paired_english::m15_190315_142052_cell1::KiloSort2::48,PAIRED_ENGLISH::paired_english::m15_190315_142052_cell1,PAIRED_ENGLISH,0.3173345075590782,0.20462343096733093,0.11271107659174728
main,fmiss,study_latent_summary_fullctx_lightgbm,study_latent_summary_stack,lightgbm,PAIRED_ENGLISH::paired_english::m15_190315_142052_cell1::MountainSort4::62,PAIRED_ENGLISH::paired_english::m15_190315_142052_cell1,PAIRED_ENGLISH,0.5289886980772054,0.2471412867307663,0.2818474113464391
main,fmiss,study_latent_summary_fullctx_lightgbm,study_latent_summary_stack,lightgbm,PAIRED_ENGLISH::paired_english::m15_190315_142052_cell1::MountainSort4::64,PAIRED_ENGLISH::paired_english::m15_190315_142052_cell1,PAIRED_ENGLISH,0.6713635696462645,0.41469359397888184,0.2566699756673827
main,fmiss,study_latent_summary_fullctx_lightgbm,study_latent_summary_stack,lightgbm,PAIRED_ENGLISH::paired_english::m15_190315_142052_cell1::SpykingCircus::22,PAIRED_ENGLISH::paired_english::m15_190315_142052_cell1,PAIRED_ENGLISH,0.35975341259357113,0.3129628896713257,0.04679052292224545
main,fmiss,study_latent_summary_fullctx_lightgbm,study_latent_summary_stack,lightgbm,PAIRED_ENGLISH::paired_english::m15_190315_142052_cell1::SpykingCircus::57,PAIRED_ENGLISH::paired_english::m15_190315_142052_cell1,PAIRED_ENGLISH,0.8711287244972846,0.5320826768875122,0.3390460476097724
main,fmiss,study_latent_summary_fullctx_lightgbm,study_latent_summary_stack,lightgbm,PAIRED_ENGLISH::paired_english::m15_190315_152315_cell1::IronClust::35,PAIRED_ENGLISH::paired_english::m15_190315_152315_cell1,PAIRED_ENGLISH,0.04922936853742602,0.15872451663017273,0.10949514809274671
main,fmiss,study_latent_summary_fullctx_lightgbm,study_latent_summary_stack,lightgbm,PAIRED_ENGLISH::paired_english::m15_190315_152315_cell1::KiloSort2::37,PAIRED_ENGLISH::paired_english::m15_190315_152315_cell1,PAIRED_ENGLISH,0.0014307082005592768,0.14572490751743317,0.1442941993168739
main,fmiss,study_latent_summary_fullctx_lightgbm,study_latent_summary_stack,lightgbm,PAIRED_ENGLISH::paired_english::m15_190315_152315_cell1::KiloSort::1,PAIRED_ENGLISH::paired_english::m15_190315_152315_cell1,PAIRED_ENGLISH,0.003901931456070755,0.16255801916122437,0.1586560877051536
main,fmiss,study_latent_summary_fullctx_lightgbm,study_latent_summary_stack,lightgbm,PAIRED_ENGLISH::paired_english::m15_190315_152315_cell1::MountainSort4::72,PAIRED_ENGLISH::paired_english::m15_190315_152315_cell1,PAIRED_ENGLISH,0.03479222214996423,0.22591641545295715,0.1911241933029929
main,fmiss,study_latent_summary_fullctx_lightgbm,study_latent_summary_stack,lightgbm,PAIRED_ENGLISH::paired_english::m15_190315_152315_cell1::SpykingCircus::46,PAIRED_ENGLISH::paired_english::m15_190315_152315_cell1,PAIRED_ENGLISH,0.0018859335371008649,0.16629673540592194,0.16441080186882107
main,fmiss,study_latent_summary_fullctx_lightgbm,study_latent_summary_stack,lightgbm,PAIRED_ENGLISH::paired_english::m15_190315_152315_cell1::Tridesclous::0,PAIRED_ENGLISH::paired_english::m15_190315_152315_cell1,PAIRED_ENGLISH,0.2026403069519412,0.059778086841106415,0.1428622201108348
main,fmiss,study_latent_summary_fullctx_lightgbm,study_latent_summary_stack,lightgbm,PAIRED_ENGLISH::paired_english::m26_190524_100859_cell1::KiloSort2::0,PAIRED_ENGLISH::paired_english::m26_190524_100859_cell1,PAIRED_ENGLISH,0.3453815261044177,0.11319849640130997,0.23218302970310772
main,fmiss,study_latent_summary_fullctx_lightgbm,study_latent_summary_stack,lightgbm,PAIRED_ENGLISH::paired_english::m26_190524_100859_cell1::KiloSort::19,PAIRED_ENGLISH::paired_english::m26_190524_100859_cell1,PAIRED_ENGLISH,0.5522088353413654,0.06834719330072403,0.4838616420406414
main,fmiss,study_latent_summary_fullctx_lightgbm,study_latent_summary_stack,lightgbm,PAIRED_ENGLISH::paired_english::m26_190524_100859_cell1::KiloSort::8,PAIRED_ENGLISH::paired_english::m26_190524_100859_cell1,PAIRED_ENGLISH,0.7610441767068273,0.050009503960609436,0.7110346727462179
main,fmiss,study_latent_summary_fullctx_lightgbm,study_latent_summary_stack,lightgbm,PAIRED_ENGLISH::paired_english::m57_191105_141906::IronClust::6,PAIRED_ENGLISH::paired_english::m57_191105_141906,PAIRED_ENGLISH,0.12826603325415678,0.347841739654541,0.21957570640038424
main,fmiss,study_latent_summary_fullctx_lightgbm,study_latent_summary_stack,lightgbm,PAIRED_ENGLISH::paired_english::m57_191105_141906::KiloSort::47,PAIRED_ENGLISH::paired_english::m57_191105_141906,PAIRED_ENGLISH,0.04829770387965162,0.1695714294910431,0.12127372561139146
main,fmiss,study_latent_summary_fullctx_lightgbm,study_latent_summary_stack,lightgbm,PAIRED_ENGLISH::paired_english::m57_191105_141906::MountainSort4::21,PAIRED_ENGLISH::paired_english::m57_191105_141906,PAIRED_ENGLISH,0.1187648456057007,0.2670991122722626,0.14833426666656185
main,fmiss,study_latent_summary_fullctx_lightgbm,study_latent_summary_stack,lightgbm,PAIRED_ENGLISH::paired_english::m57_191105_141906::MountainSort4::57,PAIRED_ENGLISH::paired_english::m57_191105_141906,PAIRED_ENGLISH,0.5399841646872525,0.43153300881385803,0.10845115587339449
main,fmiss,study_latent_summary_fullctx_lightgbm,study_latent_summary_stack,lightgbm,PAIRED_ENGLISH::paired_english::m57_191105_141906::SpykingCircus::12,PAIRED_ENGLISH::paired_english::m57_191105_141906,PAIRED_ENGLISH,0.5859065716547902,0.6138476133346558,0.027941041679865553
main,fmiss,study_latent_summary_fullctx_lightgbm,study_latent_summary_stack,lightgbm,PAIRED_ENGLISH::paired_english::m57_191105_141906::SpykingCircus::30,PAIRED_ENGLISH::paired_english::m57_191105_141906,PAIRED_ENGLISH,0.46872525732383213,0.27362003922462463,0.1951052180992075
main,fmiss,study_latent_summary_fullctx_lightgbm,study_latent_summary_stack,lightgbm,PAIRED_ENGLISH::paired_english::m57_191105_160026::HerdingSpikes2::1,PAIRED_ENGLISH::paired_english::m57_191105_160026,PAIRED_ENGLISH,0.7557251908396947,0.2940424680709839,0.4616827227687108
main,fmiss,study_latent_summary_fullctx_lightgbm,study_latent_summary_stack,lightgbm,PAIRED_ENGLISH::paired_english::m57_191105_160026::IronClust::2,PAIRED_ENGLISH::paired_english::m57_191105_160026,PAIRED_ENGLISH,0.7206106870229008,0.6310127973556519,0.08959788966724891
main,fmiss,study_latent_summary_fullctx_lightgbm,study_latent_summary_stack,lightgbm,PAIRED_ENGLISH::paired_english::m57_191105_160026::IronClust::3,PAIRED_ENGLISH::paired_english::m57_191105_160026,PAIRED_ENGLISH,0.5629770992366412,0.5145414471626282,0.048435652074013014
main,fmiss,study_latent_summary_fullctx_lightgbm,study_latent_summary_stack,lightgbm,PAIRED_ENGLISH::paired_english::m57_191105_160026::KiloSort::127,PAIRED_ENGLISH::paired_english::m57_191105_160026,PAIRED_ENGLISH,0.7213740458015268,0.6597825884819031,0.06159145731962368
main,fmiss,study_latent_summary_fullctx_lightgbm,study_latent_summary_stack,lightgbm,PAIRED_ENGLISH::paired_english::m57_191105_160026::KiloSort::6,PAIRED_ENGLISH::paired_english::m57_191105_160026,PAIRED_ENGLISH,0.5885496183206107,0.568747341632843,0.019802276687767684
main,fmiss,study_latent_summary_fullctx_lightgbm,study_latent_summary_stack,lightgbm,PAIRED_ENGLISH::paired_english::m57_191105_160026::MountainSort4::23,PAIRED_ENGLISH::paired_english::m57_191105_160026,PAIRED_ENGLISH,0.8603053435114504,0.6616600155830383,0.19864532792841205
main,fmiss,study_latent_summary_fullctx_lightgbm,study_latent_summary_stack,lightgbm,PAIRED_ENGLISH::paired_english::m57_191105_160026::MountainSort4::25,PAIRED_ENGLISH::paired_english::m57_191105_160026,PAIRED_ENGLISH,0.5545801526717558,0.3519885241985321,0.20259162847322365
main,fmiss,study_latent_summary_fullctx_lightgbm,study_latent_summary_stack,lightgbm,PAIRED_ENGLISH::paired_english::m57_191105_160026::SpykingCircus::2,PAIRED_ENGLISH::paired_english::m57_191105_160026,PAIRED_ENGLISH,0.7709923664122137,0.46112972497940063,0.30986264143281306
main,fmiss,study_latent_summary_fullctx_lightgbm,study_latent_summary_stack,lightgbm,PAIRED_ENGLISH::paired_english::m57_191105_160026::SpykingCircus::4,PAIRED_ENGLISH::paired_english::m57_191105_160026,PAIRED_ENGLISH,0.5625954198473282,0.5756292343139648,0.01303381446663665
main,fmiss,study_latent_summary_fullctx_lightgbm,study_latent_summary_stack,lightgbm,PAIRED_ENGLISH::paired_english::m57_191105_160026::Tridesclous::0,PAIRED_ENGLISH::paired_english::m57_191105_160026,PAIRED_ENGLISH,0.7061068702290076,0.10074380785226822,0.6053630623767394
main,fmiss,study_latent_summary_fullctx_lightgbm,study_latent_summary_stack,lightgbm,PAIRED_KAMPFF::paired_kampff::c14::HerdingSpikes2::6,PAIRED_KAMPFF::paired_kampff::c14,PAIRED_KAMPFF,0.35151068533529845,0.6740444302558899,0.32253374492059145
main,fmiss,study_latent_summary_fullctx_lightgbm,study_latent_summary_stack,lightgbm,PAIRED_KAMPFF::paired_kampff::c14::IronClust::22,PAIRED_KAMPFF::paired_kampff::c14,PAIRED_KAMPFF,0.25036845983787764,0.49880290031433105,0.2484344404764534
main,fmiss,study_latent_summary_fullctx_lightgbm,study_latent_summary_stack,lightgbm,PAIRED_KAMPFF::paired_kampff::c14::KiloSort2::37,PAIRED_KAMPFF::paired_kampff::c14,PAIRED_KAMPFF,0.14296241709653648,0.4893369972705841,0.34637458017404765
main,fmiss,study_latent_summary_fullctx_lightgbm,study_latent_summary_stack,lightgbm,PAIRED_KAMPFF::paired_kampff::c14::MountainSort4::42,PAIRED_KAMPFF::paired_kampff::c14,PAIRED_KAMPFF,0.32221812822402357,0.5206371545791626,0.19841902635513903
main,fmiss,study_latent_summary_fullctx_lightgbm,study_latent_summary_stack,lightgbm,PAIRED_KAMPFF::paired_kampff::c14::SpykingCircus::14,PAIRED_KAMPFF::paired_kampff::c14,PAIRED_KAMPFF,0.21868091378039795,0.564039409160614,0.34535849538021607
main,fmiss,study_latent_summary_fullctx_lightgbm,study_latent_summary_stack,lightgbm,PAIRED_KAMPFF::paired_kampff::c14::Tridesclous::8,PAIRED_KAMPFF::paired_kampff::c14,PAIRED_KAMPFF,0.20910095799557848,0.22842006385326385,0.01931910585768537
main,fmiss,study_latent_summary_fullctx_lightgbm,study_latent_summary_stack,lightgbm,PAIRED_MEA64C_YGER::paired_mea64c::20170622_patch1::HerdingSpikes2::19,PAIRED_MEA64C_YGER::paired_mea64c::20170622_patch1,PAIRED_MEA64C_YGER,0.8533362695441533,0.7831074595451355,0.07022880999901782
main,fmiss,study_latent_summary_fullctx_lightgbm,study_latent_summary_stack,lightgbm,PAIRED_MEA64C_YGER::paired_mea64c::20170622_patch1::HerdingSpikes2::7,PAIRED_MEA64C_YGER::paired_mea64c::20170622_patch1,PAIRED_MEA64C_YGER,0.18343977097555605,0.3190259635448456,0.13558619256928953
main,fmiss,study_latent_summary_fullctx_lightgbm,study_latent_summary_stack,lightgbm,PAIRED_MEA64C_YGER::paired_mea64c::20170622_patch1::IronClust::8,PAIRED_MEA64C_YGER::paired_mea64c::20170622_patch1,PAIRED_MEA64C_YGER,0.027747192248403437,0.040825627744197845,0.013078435495794408
main,fmiss,study_latent_summary_fullctx_lightgbm,study_latent_summary_stack,lightgbm,PAIRED_MEA64C_YGER::paired_mea64c::20170622_patch1::KiloSort2::23,PAIRED_MEA64C_YGER::paired_mea64c::20170622_patch1,PAIRED_MEA64C_YGER,0.0008808632459810614,0.23639734089374542,0.23551647764776437
main,fmiss,study_latent_summary_fullctx_lightgbm,study_latent_summary_stack,lightgbm,PAIRED_MEA64C_YGER::paired_mea64c::20170622_patch1::KiloSort::64,PAIRED_MEA64C_YGER::paired_mea64c::20170622_patch1,PAIRED_MEA64C_YGER,0.03457388240475666,0.2133953720331192,0.17882148962836253
main,fmiss,study_latent_summary_fullctx_lightgbm,study_latent_summary_stack,lightgbm,PAIRED_MEA64C_YGER::paired_mea64c::20170622_patch1::Klusta::4,PAIRED_MEA64C_YGER::paired_mea64c::20170622_patch1,PAIRED_MEA64C_YGER,0.17441092270425015,0.2164684534072876,0.04205753070303744
main,fmiss,study_latent_summary_fullctx_lightgbm,study_latent_summary_stack,lightgbm,PAIRED_MEA64C_YGER::paired_mea64c::20170622_patch1::MountainSort4::43,PAIRED_MEA64C_YGER::paired_mea64c::20170622_patch1,PAIRED_MEA64C_YGER,0.02510460251046025,0.1453070342540741,0.12020243174361385
main,fmiss,study_latent_summary_fullctx_lightgbm,study_latent_summary_stack,lightgbm,PAIRED_MEA64C_YGER::paired_mea64c::20170622_patch1::SpykingCircus::18,PAIRED_MEA64C_YGER::paired_mea64c::20170622_patch1,PAIRED_MEA64C_YGER,0.0028628055494384495,0.14492017030715942,0.14205736475772096
main,fmiss,study_latent_summary_fullctx_lightgbm,study_latent_summary_stack,lightgbm,PAIRED_MEA64C_YGER::paired_mea64c::20170622_patch1::Tridesclous::12,PAIRED_MEA64C_YGER::paired_mea64c::20170622_patch1,PAIRED_MEA64C_YGER,0.026425897379431844,0.15033972263336182,0.12391382525392997
main,fmiss,study_latent_summary_fullctx_lightgbm,study_latent_summary_stack,lightgbm,PAIRED_MEA64C_YGER::paired_mea64c::20170622_patch2::HerdingSpikes2::16,PAIRED_MEA64C_YGER::paired_mea64c::20170622_patch2,PAIRED_MEA64C_YGER,0.6606015595989603,0.616493821144104,0.04410773845485627
main,fmiss,study_latent_summary_fullctx_lightgbm,study_latent_summary_stack,lightgbm,PAIRED_MEA64C_YGER::paired_mea64c::20170622_patch2::HerdingSpikes2::44,PAIRED_MEA64C_YGER::paired_mea64c::20170622_patch2,PAIRED_MEA64C_YGER,0.8756034162643892,0.5872184634208679,0.2883849528435213
main,fmiss,study_latent_summary_fullctx_lightgbm,study_latent_summary_stack,lightgbm,PAIRED_MEA64C_YGER::paired_mea64c::20170622_patch2::HerdingSpikes2::5,PAIRED_MEA64C_YGER::paired_mea64c::20170622_patch2,PAIRED_MEA64C_YGER,0.008169327887114742,0.02623446099460125,0.01806513310748651
main,fmiss,study_latent_summary_fullctx_lightgbm,study_latent_summary_stack,lightgbm,PAIRED_MEA64C_YGER::paired_mea64c::20170622_patch2::IronClust::11,PAIRED_MEA64C_YGER::paired_mea64c::20170622_patch2,PAIRED_MEA64C_YGER,0.0003713330857779428,0.012354169972240925,0.011982836886462981
main,fmiss,study_latent_summary_fullctx_lightgbm,study_latent_summary_stack,lightgbm,PAIRED_MEA64C_YGER::paired_mea64c::20170622_patch2::JRClust::31,PAIRED_MEA64C_YGER::paired_mea64c::20170622_patch2,PAIRED_MEA64C_YGER,0.0029706646862235424,0.01620926521718502,0.013238600530961478
main,fmiss,study_latent_summary_fullctx_lightgbm,study_latent_summary_stack,lightgbm,PAIRED_MEA64C_YGER::paired_mea64c::20170622_patch2::KiloSort2::33,PAIRED_MEA64C_YGER::paired_mea64c::20170622_patch2,PAIRED_MEA64C_YGER,0.0011139992573338284,0.013025455176830292,0.011911455919496463
main,fmiss,study_latent_summary_fullctx_lightgbm,study_latent_summary_stack,lightgbm,PAIRED_MEA64C_YGER::paired_mea64c::20170622_patch2::KiloSort::5,PAIRED_MEA64C_YGER::paired_mea64c::20170622_patch2,PAIRED_MEA64C_YGER,0.0014853323431117712,0.00985274463891983,0.00836741229580806
main,fmiss,study_latent_summary_fullctx_lightgbm,study_latent_summary_stack,lightgbm,PAIRED_MEA64C_YGER::paired_mea64c::20170622_patch2::Klusta::14,PAIRED_MEA64C_YGER::paired_mea64c::20170622_patch2,PAIRED_MEA64C_YGER,0.15893056071295952,0.022175654768943787,0.13675490594401574
main,fmiss,study_latent_summary_fullctx_lightgbm,study_latent_summary_stack,lightgbm,PAIRED_MEA64C_YGER::paired_mea64c::20170622_patch2::MountainSort4::31,PAIRED_MEA64C_YGER::paired_mea64c::20170622_patch2,PAIRED_MEA64C_YGER,0.0003713330857779428,0.006367648020386696,0.005996314934608753
main,fmiss,study_latent_summary_fullctx_lightgbm,study_latent_summary_stack,lightgbm,PAIRED_MEA64C_YGER::paired_mea64c::20170622_patch2::SpykingCircus::17,PAIRED_MEA64C_YGER::paired_mea64c::20170622_patch2,PAIRED_MEA64C_YGER,0.0003713330857779428,0.01766708306968212,0.01729574998390418
main,fmiss,study_latent_summary_fullctx_lightgbm,study_latent_summary_stack,lightgbm,PAIRED_MEA64C_YGER::paired_mea64c::20170622_patch2::Tridesclous::0,PAIRED_MEA64C_YGER::paired_mea64c::20170622_patch2,PAIRED_MEA64C_YGER,0.0003713330857779428,0.018678829073905945,0.018307495988128003
main,fpos,contextual_paired_only_lightgbm,baseline,lightgbm,PAIRED_BOYDEN::paired_boyden32c::1103_1_1::IronClust::4,PAIRED_BOYDEN::paired_boyden32c::1103_1_1,PAIRED_BOYDEN,0.11363636363636363,0.2544887363910675,0.14085237275470386
main,fpos,contextual_paired_only_lightgbm,baseline,lightgbm,PAIRED_BOYDEN::paired_boyden32c::1103_1_1::JRClust::18,PAIRED_BOYDEN::paired_boyden32c::1103_1_1,PAIRED_BOYDEN,0.26138147566718994,0.3143801987171173,0.052998723049927365
main,fpos,contextual_paired_only_lightgbm,baseline,lightgbm,PAIRED_BOYDEN::paired_boyden32c::1103_1_1::KiloSort2::33,PAIRED_BOYDEN::paired_boyden32c::1103_1_1,PAIRED_BOYDEN,0.17066290550070523,0.2974284589290619,0.12676555342835666
main,fpos,contextual_paired_only_lightgbm,baseline,lightgbm,PAIRED_BOYDEN::paired_boyden32c::1103_1_1::KiloSort2::55,PAIRED_BOYDEN::paired_boyden32c::1103_1_1,PAIRED_BOYDEN,0.3333333333333333,0.20885717868804932,0.124476154645284
main,fpos,contextual_paired_only_lightgbm,baseline,lightgbm,PAIRED_BOYDEN::paired_boyden32c::1103_1_1::KiloSort2::60,PAIRED_BOYDEN::paired_boyden32c::1103_1_1,PAIRED_BOYDEN,0.15878378378378377,0.118866465985775,0.03991731779800878
main,fpos,contextual_paired_only_lightgbm,baseline,lightgbm,PAIRED_BOYDEN::paired_boyden32c::1103_1_1::KiloSort::111,PAIRED_BOYDEN::paired_boyden32c::1103_1_1,PAIRED_BOYDEN,0.11241007194244604,0.29359325766563416,0.18118318572318812
main,fpos,contextual_paired_only_lightgbm,baseline,lightgbm,PAIRED_BOYDEN::paired_boyden32c::1103_1_1::Klusta::12,PAIRED_BOYDEN::paired_boyden32c::1103_1_1,PAIRED_BOYDEN,0.156686626746507,0.2373986393213272,0.08071201257482022
main,fpos,contextual_paired_only_lightgbm,baseline,lightgbm,PAIRED_BOYDEN::paired_boyden32c::1103_1_1::MountainSort4::26,PAIRED_BOYDEN::paired_boyden32c::1103_1_1,PAIRED_BOYDEN,0.30532212885154064,0.28986024856567383,0.015461880285866814
main,fpos,contextual_paired_only_lightgbm,baseline,lightgbm,PAIRED_BOYDEN::paired_boyden32c::1103_1_1::SpykingCircus::27,PAIRED_BOYDEN::paired_boyden32c::1103_1_1,PAIRED_BOYDEN,0.12258064516129032,0.2441348135471344,0.12155416838584408
main,fpos,contextual_paired_only_lightgbm,baseline,lightgbm,PAIRED_BOYDEN::paired_boyden32c::1103_1_1::Tridesclous::3,PAIRED_BOYDEN::paired_boyden32c::1103_1_1,PAIRED_BOYDEN,0.2613268608414239,0.441474050283432,0.18014718944200808
main,fpos,contextual_paired_only_lightgbm,baseline,lightgbm,PAIRED_BOYDEN::paired_boyden32c::419_1_8::IronClust::14,PAIRED_BOYDEN::paired_boyden32c::419_1_8,PAIRED_BOYDEN,0.0663265306122449,0.010330194607377052,0.05599633600486785
main,fpos,contextual_paired_only_lightgbm,baseline,lightgbm,PAIRED_BOYDEN::paired_boyden32c::419_1_8::IronClust::4,PAIRED_BOYDEN::paired_boyden32c::419_1_8,PAIRED_BOYDEN,0.05829903978052126,0.04256977140903473,0.015729268371486534
main,fpos,contextual_paired_only_lightgbm,baseline,lightgbm,PAIRED_BOYDEN::paired_boyden32c::419_1_8::JRClust::24,PAIRED_BOYDEN::paired_boyden32c::419_1_8,PAIRED_BOYDEN,0.08062093139709564,0.012939064763486385,0.06768186663360926
main,fpos,contextual_paired_only_lightgbm,baseline,lightgbm,PAIRED_BOYDEN::paired_boyden32c::419_1_8::JRClust::8,PAIRED_BOYDEN::paired_boyden32c::419_1_8,PAIRED_BOYDEN,0.03907637655417407,0.014909151010215282,0.024167225543958788
main,fpos,contextual_paired_only_lightgbm,baseline,lightgbm,PAIRED_BOYDEN::paired_boyden32c::419_1_8::KiloSort2::27,PAIRED_BOYDEN::paired_boyden32c::419_1_8,PAIRED_BOYDEN,0.1342059838895282,0.018422195687890053,0.11578378820163815
main,fpos,contextual_paired_only_lightgbm,baseline,lightgbm,PAIRED_BOYDEN::paired_boyden32c::419_1_8::KiloSort2::46,PAIRED_BOYDEN::paired_boyden32c::419_1_8,PAIRED_BOYDEN,0.02341480088873697,0.01580318808555603,0.007611612803180939
main,fpos,contextual_paired_only_lightgbm,baseline,lightgbm,PAIRED_BOYDEN::paired_boyden32c::419_1_8::KiloSort::17,PAIRED_BOYDEN::paired_boyden32c::419_1_8,PAIRED_BOYDEN,0.06424161521775405,0.009271438233554363,0.05497017698419969
main,fpos,contextual_paired_only_lightgbm,baseline,lightgbm,PAIRED_BOYDEN::paired_boyden32c::419_1_8::MountainSort4::42,PAIRED_BOYDEN::paired_boyden32c::419_1_8,PAIRED_BOYDEN,0.16482219271063892,0.05872263386845589,0.10609955884218303
main,fpos,contextual_paired_only_lightgbm,baseline,lightgbm,PAIRED_BOYDEN::paired_boyden32c::419_1_8::SpykingCircus::24,PAIRED_BOYDEN::paired_boyden32c::419_1_8,PAIRED_BOYDEN,0.24721080446271285,0.1505696028470993,0.09664120161561354
main,fpos,contextual_paired_only_lightgbm,baseline,lightgbm,PAIRED_BOYDEN::paired_boyden32c::419_1_8::SpykingCircus::28,PAIRED_BOYDEN::paired_boyden32c::419_1_8,PAIRED_BOYDEN,0.029543112332531776,0.016080820932984352,0.013462291399547424
main,fpos,contextual_paired_only_lightgbm,baseline,lightgbm,PAIRED_BOYDEN::paired_boyden32c::419_1_8::Tridesclous::0,PAIRED_BOYDEN::paired_boyden32c::419_1_8,PAIRED_BOYDEN,0.15585806056898133,0.09022905677556992,0.06562900379341141
main,fpos,contextual_paired_only_lightgbm,baseline,lightgbm,PAIRED_CRCNS_HC1::paired_crcns::d11221_d11221.001::SpykingCircus::6,PAIRED_CRCNS_HC1::paired_crcns::d11221_d11221.001,PAIRED_CRCNS_HC1,0.8835978835978836,0.506903350353241,0.37669453324464264
main,fpos,contextual_paired_only_lightgbm,baseline,lightgbm,PAIRED_CRCNS_HC1::paired_crcns::d11222_d11222.002::IronClust::2,PAIRED_CRCNS_HC1::paired_crcns::d11222_d11222.002,PAIRED_CRCNS_HC1,0.04466019417475728,0.19244679808616638,0.1477866039114091
main,fpos,contextual_paired_only_lightgbm,baseline,lightgbm,PAIRED_CRCNS_HC1::paired_crcns::d11222_d11222.002::JRClust::3,PAIRED_CRCNS_HC1::paired_crcns::d11222_d11222.002,PAIRED_CRCNS_HC1,0.039337474120082816,0.04393228515982628,0.004594811039743463
main,fpos,contextual_paired_only_lightgbm,baseline,lightgbm,PAIRED_CRCNS_HC1::paired_crcns::d11222_d11222.002::KiloSort2::10,PAIRED_CRCNS_HC1::paired_crcns::d11222_d11222.002,PAIRED_CRCNS_HC1,0.550417469492614,0.05993536114692688,0.4904821083456872
main,fpos,contextual_paired_only_lightgbm,baseline,lightgbm,PAIRED_CRCNS_HC1::paired_crcns::d11222_d11222.002::KiloSort::1,PAIRED_CRCNS_HC1::paired_crcns::d11222_d11222.002,PAIRED_CRCNS_HC1,0.03337783711615487,0.0770426094532013,0.04366477233704642
main,fpos,contextual_paired_only_lightgbm,baseline,lightgbm,PAIRED_CRCNS_HC1::paired_crcns::d11222_d11222.002::Klusta::2,PAIRED_CRCNS_HC1::paired_crcns::d11222_d11222.002,PAIRED_CRCNS_HC1,0.008777852802160702,0.07974252849817276,0.07096467569601206
main,fpos,contextual_paired_only_lightgbm,baseline,lightgbm,PAIRED_CRCNS_HC1::paired_crcns::d11222_d11222.002::MountainSort4::4,PAIRED_CRCNS_HC1::paired_crcns::d11222_d11222.002,PAIRED_CRCNS_HC1,0.360427807486631,0.1801018863916397,0.1803259210949913
main,fpos,contextual_paired_only_lightgbm,baseline,lightgbm,PAIRED_CRCNS_HC1::paired_crcns::d11222_d11222.002::SpykingCircus::4,PAIRED_CRCNS_HC1::paired_crcns::d11222_d11222.002,PAIRED_CRCNS_HC1,0.11986754966887417,0.06042319908738136,0.059444350581492805
main,fpos,contextual_paired_only_lightgbm,baseline,lightgbm,PAIRED_CRCNS_HC1::paired_crcns::d11222_d11222.002::Tridesclous::0,PAIRED_CRCNS_HC1::paired_crcns::d11222_d11222.002,PAIRED_CRCNS_HC1,0.021164021164021163,0.1112871989607811,0.09012317779675993
main,fpos,contextual_paired_only_lightgbm,baseline,lightgbm,PAIRED_ENGLISH::paired_english::m139_200114_191955::KiloSort2::25,PAIRED_ENGLISH::paired_english::m139_200114_191955,PAIRED_ENGLISH,0.7302739726027397,0.4484119415283203,0.28186203107441943
main,fpos,contextual_paired_only_lightgbm,baseline,lightgbm,PAIRED_ENGLISH::paired_english::m139_200114_191955::MountainSort4::36,PAIRED_ENGLISH::paired_english::m139_200114_191955,PAIRED_ENGLISH,0.8735255086994986,0.6935135126113892,0.18001199608810947
main,fpos,contextual_paired_only_lightgbm,baseline,lightgbm,PAIRED_ENGLISH::paired_english::m139_200114_191955::SpykingCircus::42,PAIRED_ENGLISH::paired_english::m139_200114_191955,PAIRED_ENGLISH,0.5584045584045584,0.3488824665546417,0.20952209184991666
main,fpos,contextual_paired_only_lightgbm,baseline,lightgbm,PAIRED_ENGLISH::paired_english::m139_200114_222743::HerdingSpikes2::5,PAIRED_ENGLISH::paired_english::m139_200114_222743,PAIRED_ENGLISH,0.03257707969749855,0.1436687409877777,0.11109166129027917
main,fpos,contextual_paired_only_lightgbm,baseline,lightgbm,PAIRED_ENGLISH::paired_english::m139_200114_222743::IronClust::17,PAIRED_ENGLISH::paired_english::m139_200114_222743,PAIRED_ENGLISH,0.02675196277987787,0.13839346170425415,0.11164149892437628
main,fpos,contextual_paired_only_lightgbm,baseline,lightgbm,PAIRED_ENGLISH::paired_english::m139_200114_222743::KiloSort2::26,PAIRED_ENGLISH::paired_english::m139_200114_222743,PAIRED_ENGLISH,0.028645087367516472,0.10748561471700668,0.07884052734949021
main,fpos,contextual_paired_only_lightgbm,baseline,lightgbm,PAIRED_ENGLISH::paired_english::m139_200114_222743::KiloSort::88,PAIRED_ENGLISH::paired_english::m139_200114_222743,PAIRED_ENGLISH,0.015151515151515152,0.14640314877033234,0.1312516336188172
main,fpos,contextual_paired_only_lightgbm,baseline,lightgbm,PAIRED_ENGLISH::paired_english::m139_200114_222743::MountainSort4::46,PAIRED_ENGLISH::paired_english::m139_200114_222743,PAIRED_ENGLISH,0.039886039886039885,0.3016255497932434,0.2617395099072035
main,fpos,contextual_paired_only_lightgbm,baseline,lightgbm,PAIRED_ENGLISH::paired_english::m139_200114_222743::SpykingCircus::44,PAIRED_ENGLISH::paired_english::m139_200114_222743,PAIRED_ENGLISH,0.028064146620847653,0.0912495106458664,0.06318536402501874
main,fpos,contextual_paired_only_lightgbm,baseline,lightgbm,PAIRED_ENGLISH::paired_english::m139_200114_222743::Tridesclous::1,PAIRED_ENGLISH::paired_english::m139_200114_222743,PAIRED_ENGLISH,0.3089646722483153,0.37435758113861084,0.06539290889029553
main,fpos,contextual_paired_only_lightgbm,baseline,lightgbm,PAIRED_ENGLISH::paired_english::m14_190326_155432::IronClust::22,PAIRED_ENGLISH::paired_english::m14_190326_155432,PAIRED_ENGLISH,0.0481651376146789,0.029007889330387115,0.019157248284291786
main,fpos,contextual_paired_only_lightgbm,baseline,lightgbm,PAIRED_ENGLISH::paired_english::m14_190326_155432::MountainSort4::33,PAIRED_ENGLISH::paired_english::m14_190326_155432,PAIRED_ENGLISH,0.1981651376146789,0.18882375955581665,0.00934137805886226
main,fpos,contextual_paired_only_lightgbm,baseline,lightgbm,PAIRED_ENGLISH::paired_english::m14_190326_155432::SpykingCircus::38,PAIRED_ENGLISH::paired_english::m14_190326_155432,PAIRED_ENGLISH,0.013363028953229399,0.04869217425584793,0.035329145302618534
main,fpos,contextual_paired_only_lightgbm,baseline,lightgbm,PAIRED_ENGLISH::paired_english::m15_190315_142052_cell1::IronClust::40,PAIRED_ENGLISH::paired_english::m15_190315_142052_cell1,PAIRED_ENGLISH,0.2679960401640503,0.523100733757019,0.2551046935929687
main,fpos,contextual_paired_only_lightgbm,baseline,lightgbm,PAIRED_ENGLISH::paired_english::m15_190315_142052_cell1::KiloSort2::48,PAIRED_ENGLISH::paired_english::m15_190315_142052_cell1,PAIRED_ENGLISH,0.8627861694595232,0.3682492673397064,0.4945369021198168
main,fpos,contextual_paired_only_lightgbm,baseline,lightgbm,PAIRED_ENGLISH::paired_english::m15_190315_142052_cell1::MountainSort4::62,PAIRED_ENGLISH::paired_english::m15_190315_142052_cell1,PAIRED_ENGLISH,0.8769885383524361,0.4194043278694153,0.4575842104830208
main,fpos,contextual_paired_only_lightgbm,baseline,lightgbm,PAIRED_ENGLISH::paired_english::m15_190315_142052_cell1::MountainSort4::64,PAIRED_ENGLISH::paired_english::m15_190315_142052_cell1,PAIRED_ENGLISH,0.14704761904761904,0.09678473323583603,0.05026288581178301
main,fpos,contextual_paired_only_lightgbm,baseline,lightgbm,PAIRED_ENGLISH::paired_english::m15_190315_142052_cell1::SpykingCircus::22,PAIRED_ENGLISH::paired_english::m15_190315_142052_cell1,PAIRED_ENGLISH,0.23500526131182042,0.6184927821159363,0.38348752080411586
main,fpos,contextual_paired_only_lightgbm,baseline,lightgbm,PAIRED_ENGLISH::paired_english::m15_190315_142052_cell1::SpykingCircus::57,PAIRED_ENGLISH::paired_english::m15_190315_142052_cell1,PAIRED_ENGLISH,0.6499202551834131,0.2658546566963196,0.38406559848709354
main,fpos,contextual_paired_only_lightgbm,baseline,lightgbm,PAIRED_ENGLISH::paired_english::m15_190315_152315_cell1::IronClust::35,PAIRED_ENGLISH::paired_english::m15_190315_152315_cell1,PAIRED_ENGLISH,0.002592440987856461,0.03998418152332306,0.0373917405354666
main,fpos,contextual_paired_only_lightgbm,baseline,lightgbm,PAIRED_ENGLISH::paired_english::m15_190315_152315_cell1::KiloSort2::37,PAIRED_ENGLISH::paired_english::m15_190315_152315_cell1,PAIRED_ENGLISH,0.00039059957034047265,0.05223196744918823,0.05184136787884776
main,fpos,contextual_paired_only_lightgbm,baseline,lightgbm,PAIRED_ENGLISH::paired_english::m15_190315_152315_cell1::KiloSort::1,PAIRED_ENGLISH::paired_english::m15_190315_152315_cell1,PAIRED_ENGLISH,6.528267397832615e-05,0.0711141973733902,0.07104891469941187
main,fpos,contextual_paired_only_lightgbm,baseline,lightgbm,PAIRED_ENGLISH::paired_english::m15_190315_152315_cell1::MountainSort4::72,PAIRED_ENGLISH::paired_english::m15_190315_152315_cell1,PAIRED_ENGLISH,0.052174468356855484,0.24578353762626648,0.193609069269411
main,fpos,contextual_paired_only_lightgbm,baseline,lightgbm,PAIRED_ENGLISH::paired_english::m15_190315_152315_cell1::SpykingCircus::46,PAIRED_ENGLISH::paired_english::m15_190315_152315_cell1,PAIRED_ENGLISH,0.010891280531030483,0.042474791407585144,0.03158351087655466
main,fpos,contextual_paired_only_lightgbm,baseline,lightgbm,PAIRED_ENGLISH::paired_english::m15_190315_152315_cell1::Tridesclous::0,PAIRED_ENGLISH::paired_english::m15_190315_152315_cell1,PAIRED_ENGLISH,0.8482136225209834,0.43897202610969543,0.409241596411288
main,fpos,contextual_paired_only_lightgbm,baseline,lightgbm,PAIRED_ENGLISH::paired_english::m26_190524_100859_cell1::KiloSort2::0,PAIRED_ENGLISH::paired_english::m26_190524_100859_cell1,PAIRED_ENGLISH,0.38315988647114474,0.24817752838134766,0.13498235808979708
main,fpos,contextual_paired_only_lightgbm,baseline,lightgbm,PAIRED_ENGLISH::paired_english::m26_190524_100859_cell1::KiloSort::19,PAIRED_ENGLISH::paired_english::m26_190524_100859_cell1,PAIRED_ENGLISH,0.2440677966101695,0.14588172733783722,0.09818606927233228
main,fpos,contextual_paired_only_lightgbm,baseline,lightgbm,PAIRED_ENGLISH::paired_english::m26_190524_100859_cell1::KiloSort::8,PAIRED_ENGLISH::paired_english::m26_190524_100859_cell1,PAIRED_ENGLISH,0.6505139500734214,0.20012962818145752,0.45038432189196387
main,fpos,contextual_paired_only_lightgbm,baseline,lightgbm,PAIRED_ENGLISH::paired_english::m57_191105_141906::IronClust::6,PAIRED_ENGLISH::paired_english::m57_191105_141906,PAIRED_ENGLISH,0.31826625386996904,0.28389260172843933,0.03437365214152971
main,fpos,contextual_paired_only_lightgbm,baseline,lightgbm,PAIRED_ENGLISH::paired_english::m57_191105_141906::KiloSort::47,PAIRED_ENGLISH::paired_english::m57_191105_141906,PAIRED_ENGLISH,0.35376344086021505,0.2863868474960327,0.06737659336418234
main,fpos,contextual_paired_only_lightgbm,baseline,lightgbm,PAIRED_ENGLISH::paired_english::m57_191105_141906::MountainSort4::21,PAIRED_ENGLISH::paired_english::m57_191105_141906,PAIRED_ENGLISH,0.3323335332933413,0.5643166899681091,0.23198315667476782
main,fpos,contextual_paired_only_lightgbm,baseline,lightgbm,PAIRED_ENGLISH::paired_english::m57_191105_141906::MountainSort4::57,PAIRED_ENGLISH::paired_english::m57_191105_141906,PAIRED_ENGLISH,0.23853211009174313,0.2783529758453369,0.03982086575359378
main,fpos,contextual_paired_only_lightgbm,baseline,lightgbm,PAIRED_ENGLISH::paired_english::m57_191105_141906::SpykingCircus::12,PAIRED_ENGLISH::paired_english::m57_191105_141906,PAIRED_ENGLISH,0.3535228677379481,0.2644304037094116,0.08909246402853649
main,fpos,contextual_paired_only_lightgbm,baseline,lightgbm,PAIRED_ENGLISH::paired_english::m57_191105_141906::SpykingCircus::30,PAIRED_ENGLISH::paired_english::m57_191105_141906,PAIRED_ENGLISH,0.2040332147093713,0.14021030068397522,0.06382291402539608
main,fpos,contextual_paired_only_lightgbm,baseline,lightgbm,PAIRED_ENGLISH::paired_english::m57_191105_160026::HerdingSpikes2::1,PAIRED_ENGLISH::paired_english::m57_191105_160026,PAIRED_ENGLISH,0.13630229419703105,0.3263489305973053,0.19004663640027425
main,fpos,contextual_paired_only_lightgbm,baseline,lightgbm,PAIRED_ENGLISH::paired_english::m57_191105_160026::IronClust::2,PAIRED_ENGLISH::paired_english::m57_191105_160026,PAIRED_ENGLISH,0.5044008124576845,0.2346666008234024,0.26973421163428213
main,fpos,contextual_paired_only_lightgbm,baseline,lightgbm,PAIRED_ENGLISH::paired_english::m57_191105_160026::IronClust::3,PAIRED_ENGLISH::paired_english::m57_191105_160026,PAIRED_ENGLISH,0.05838815789473684,0.3085251450538635,0.2501369871591267
main,fpos,contextual_paired_only_lightgbm,baseline,lightgbm,PAIRED_ENGLISH::paired_english::m57_191105_160026::KiloSort::127,PAIRED_ENGLISH::paired_english::m57_191105_160026,PAIRED_ENGLISH,0.5003422313483915,0.2581058144569397,0.2422364168914518
main,fpos,contextual_paired_only_lightgbm,baseline,lightgbm,PAIRED_ENGLISH::paired_english::m57_191105_160026::KiloSort::6,PAIRED_ENGLISH::paired_english::m57_191105_160026,PAIRED_ENGLISH,0.02531645569620253,0.1937810629606247,0.16846460726442217
main,fpos,contextual_paired_only_lightgbm,baseline,lightgbm,PAIRED_ENGLISH::paired_english::m57_191105_160026::MountainSort4::23,PAIRED_ENGLISH::paired_english::m57_191105_160026,PAIRED_ENGLISH,0.6737967914438503,0.17659470438957214,0.49720208705427815
main,fpos,contextual_paired_only_lightgbm,baseline,lightgbm,PAIRED_ENGLISH::paired_english::m57_191105_160026::MountainSort4::25,PAIRED_ENGLISH::paired_english::m57_191105_160026,PAIRED_ENGLISH,0.14568081991215226,0.36705905199050903,0.22137823207835677
main,fpos,contextual_paired_only_lightgbm,baseline,lightgbm,PAIRED_ENGLISH::paired_english::m57_191105_160026::SpykingCircus::2,PAIRED_ENGLISH::paired_english::m57_191105_160026,PAIRED_ENGLISH,0.6860282574568289,0.45874539017677307,0.22728286728005587
main,fpos,contextual_paired_only_lightgbm,baseline,lightgbm,PAIRED_ENGLISH::paired_english::m57_191105_160026::SpykingCircus::4,PAIRED_ENGLISH::paired_english::m57_191105_160026,PAIRED_ENGLISH,0.056790123456790124,0.29039376974105835,0.23360364628426822
main,fpos,contextual_paired_only_lightgbm,baseline,lightgbm,PAIRED_ENGLISH::paired_english::m57_191105_160026::Tridesclous::0,PAIRED_ENGLISH::paired_english::m57_191105_160026,PAIRED_ENGLISH,0.8589226823012093,0.5812580585479736,0.27766462375323564
main,fpos,contextual_paired_only_lightgbm,baseline,lightgbm,PAIRED_KAMPFF::paired_kampff::c14::HerdingSpikes2::6,PAIRED_KAMPFF::paired_kampff::c14,PAIRED_KAMPFF,0.25090444775484144,0.1104435846209526,0.14046086313388884
main,fpos,contextual_paired_only_lightgbm,baseline,lightgbm,PAIRED_KAMPFF::paired_kampff::c14::IronClust::22,PAIRED_KAMPFF::paired_kampff::c14,PAIRED_KAMPFF,0.2240655987795576,0.10159488767385483,0.12247071110570276
main,fpos,contextual_paired_only_lightgbm,baseline,lightgbm,PAIRED_KAMPFF::paired_kampff::c14::KiloSort2::37,PAIRED_KAMPFF::paired_kampff::c14,PAIRED_KAMPFF,0.23899885489939474,0.16850392520427704,0.0704949296951177
main,fpos,contextual_paired_only_lightgbm,baseline,lightgbm,PAIRED_KAMPFF::paired_kampff::c14::MountainSort4::42,PAIRED_KAMPFF::paired_kampff::c14,PAIRED_KAMPFF,0.031842105263157894,0.02949324995279312,0.0023488553103647725
main,fpos,contextual_paired_only_lightgbm,baseline,lightgbm,PAIRED_KAMPFF::paired_kampff::c14::SpykingCircus::14,PAIRED_KAMPFF::paired_kampff::c14,PAIRED_KAMPFF,0.0993841579953281,0.06757692247629166,0.03180723551903644
main,fpos,contextual_paired_only_lightgbm,baseline,lightgbm,PAIRED_KAMPFF::paired_kampff::c14::Tridesclous::8,PAIRED_KAMPFF::paired_kampff::c14,PAIRED_KAMPFF,0.7298130782302221,0.568683922290802,0.16112915593942012
main,fpos,contextual_paired_only_lightgbm,baseline,lightgbm,PAIRED_MEA64C_YGER::paired_mea64c::20170622_patch1::HerdingSpikes2::19,PAIRED_MEA64C_YGER::paired_mea64c::20170622_patch1,PAIRED_MEA64C_YGER,0.3048016701461378,0.19684043526649475,0.10796123487964304
main,fpos,contextual_paired_only_lightgbm,baseline,lightgbm,PAIRED_MEA64C_YGER::paired_mea64c::20170622_patch1::HerdingSpikes2::7,PAIRED_MEA64C_YGER::paired_mea64c::20170622_patch1,PAIRED_MEA64C_YGER,0.006430868167202572,0.04454704374074936,0.03811617557354679
main,fpos,contextual_paired_only_lightgbm,baseline,lightgbm,PAIRED_MEA64C_YGER::paired_mea64c::20170622_patch1::IronClust::8,PAIRED_MEA64C_YGER::paired_mea64c::20170622_patch1,PAIRED_MEA64C_YGER,0.32512992968511156,0.1409052312374115,0.18422469844770006
main,fpos,contextual_paired_only_lightgbm,baseline,lightgbm,PAIRED_MEA64C_YGER::paired_mea64c::20170622_patch1::KiloSort2::23,PAIRED_MEA64C_YGER::paired_mea64c::20170622_patch1,PAIRED_MEA64C_YGER,0.0,0.019125591963529587,0.019125591963529587
main,fpos,contextual_paired_only_lightgbm,baseline,lightgbm,PAIRED_MEA64C_YGER::paired_mea64c::20170622_patch1::KiloSort::64,PAIRED_MEA64C_YGER::paired_mea64c::20170622_patch1,PAIRED_MEA64C_YGER,0.00022805017103762827,0.016644174233078957,0.016416124062041328
main,fpos,contextual_paired_only_lightgbm,baseline,lightgbm,PAIRED_MEA64C_YGER::paired_mea64c::20170622_patch1::Klusta::4,PAIRED_MEA64C_YGER::paired_mea64c::20170622_patch1,PAIRED_MEA64C_YGER,0.0050424628450106155,0.02543909288942814,0.020396630044417524
main,fpos,contextual_paired_only_lightgbm,baseline,lightgbm,PAIRED_MEA64C_YGER::paired_mea64c::20170622_patch1::MountainSort4::43,PAIRED_MEA64C_YGER::paired_mea64c::20170622_patch1,PAIRED_MEA64C_YGER,0.0040494938132733405,0.018006552010774612,0.013957058197501272
main,fpos,contextual_paired_only_lightgbm,baseline,lightgbm,PAIRED_MEA64C_YGER::paired_mea64c::20170622_patch1::SpykingCircus::18,PAIRED_MEA64C_YGER::paired_mea64c::20170622_patch1,PAIRED_MEA64C_YGER,0.00022079929344226098,0.0207070242613554,0.02048622496791314
main,fpos,contextual_paired_only_lightgbm,baseline,lightgbm,PAIRED_MEA64C_YGER::paired_mea64c::20170622_patch1::Tridesclous::12,PAIRED_MEA64C_YGER::paired_mea64c::20170622_patch1,PAIRED_MEA64C_YGER,0.013830024537140308,0.021582413464784622,0.0077523889276443145
main,fpos,contextual_paired_only_lightgbm,baseline,lightgbm,PAIRED_MEA64C_YGER::paired_mea64c::20170622_patch2::HerdingSpikes2::16,PAIRED_MEA64C_YGER::paired_mea64c::20170622_patch2,PAIRED_MEA64C_YGER,0.18683274021352314,0.09353505074977875,0.0932976894637444
main,fpos,contextual_paired_only_lightgbm,baseline,lightgbm,PAIRED_MEA64C_YGER::paired_mea64c::20170622_patch2::HerdingSpikes2::44,PAIRED_MEA64C_YGER::paired_mea64c::20170622_patch2,PAIRED_MEA64C_YGER,0.4028520499108734,0.14725090563297272,0.2556011442779007
main,fpos,contextual_paired_only_lightgbm,baseline,lightgbm,PAIRED_MEA64C_YGER::paired_mea64c::20170622_patch2::HerdingSpikes2::5,PAIRED_MEA64C_YGER::paired_mea64c::20170622_patch2,PAIRED_MEA64C_YGER,0.06115992970123023,0.007061788812279701,0.05409814088895053
main,fpos,contextual_paired_only_lightgbm,baseline,lightgbm,PAIRED_MEA64C_YGER::paired_mea64c::20170622_patch2::IronClust::11,PAIRED_MEA64C_YGER::paired_mea64c::20170622_patch2,PAIRED_MEA64C_YGER,0.061366806136680614,0.005278653930872679,0.056088152205807935
main,fpos,contextual_paired_only_lightgbm,baseline,lightgbm,PAIRED_MEA64C_YGER::paired_mea64c::20170622_patch2::JRClust::31,PAIRED_MEA64C_YGER::paired_mea64c::20170622_patch2,PAIRED_MEA64C_YGER,0.06118881118881119,0.003881617682054639,0.05730719350675655
main,fpos,contextual_paired_only_lightgbm,baseline,lightgbm,PAIRED_MEA64C_YGER::paired_mea64c::20170622_patch2::KiloSort2::33,PAIRED_MEA64C_YGER::paired_mea64c::20170622_patch2,PAIRED_MEA64C_YGER,0.061409630146545706,0.0045299348421394825,0.05687969530440622
main,fpos,contextual_paired_only_lightgbm,baseline,lightgbm,PAIRED_MEA64C_YGER::paired_mea64c::20170622_patch2::KiloSort::5,PAIRED_MEA64C_YGER::paired_mea64c::20170622_patch2,PAIRED_MEA64C_YGER,0.06143106457242583,0.005759525578469038,0.05567153899395679
main,fpos,contextual_paired_only_lightgbm,baseline,lightgbm,PAIRED_MEA64C_YGER::paired_mea64c::20170622_patch2::Klusta::14,PAIRED_MEA64C_YGER::paired_mea64c::20170622_patch2,PAIRED_MEA64C_YGER,0.05860349127182045,0.003710632212460041,0.05489285905936041
main,fpos,contextual_paired_only_lightgbm,baseline,lightgbm,PAIRED_MEA64C_YGER::paired_mea64c::20170622_patch2::MountainSort4::31,PAIRED_MEA64C_YGER::paired_mea64c::20170622_patch2,PAIRED_MEA64C_YGER,0.07713404182379156,0.020286737009882927,0.056847304813908636
main,fpos,contextual_paired_only_lightgbm,baseline,lightgbm,PAIRED_MEA64C_YGER::paired_mea64c::20170622_patch2::SpykingCircus::17,PAIRED_MEA64C_YGER::paired_mea64c::20170622_patch2,PAIRED_MEA64C_YGER,0.061366806136680614,0.004799447022378445,0.05656735911430217
main,fpos,contextual_paired_only_lightgbm,baseline,lightgbm,PAIRED_MEA64C_YGER::paired_mea64c::20170622_patch2::Tridesclous::0,PAIRED_MEA64C_YGER::paired_mea64c::20170622_patch2,PAIRED_MEA64C_YGER,0.061366806136680614,0.005622277967631817,0.0557445281690488
main,fpos,contextual_paired_only_lightgbm_filtered,baseline_filtered,lightgbm,PAIRED_BOYDEN::paired_boyden32c::1103_1_1::IronClust::4,PAIRED_BOYDEN::paired_boyden32c::1103_1_1,PAIRED_BOYDEN,0.11363636363636363,0.2755700945854187,0.16193373094905505
main,fpos,contextual_paired_only_lightgbm_filtered,baseline_filtered,lightgbm,PAIRED_BOYDEN::paired_boyden32c::1103_1_1::JRClust::18,PAIRED_BOYDEN::paired_boyden32c::1103_1_1,PAIRED_BOYDEN,0.26138147566718994,0.3540595471858978,0.09267807151870788
main,fpos,contextual_paired_only_lightgbm_filtered,baseline_filtered,lightgbm,PAIRED_BOYDEN::paired_boyden32c::1103_1_1::KiloSort2::33,PAIRED_BOYDEN::paired_boyden32c::1103_1_1,PAIRED_BOYDEN,0.17066290550070523,0.2917236387729645,0.12106073327225925
main,fpos,contextual_paired_only_lightgbm_filtered,baseline_filtered,lightgbm,PAIRED_BOYDEN::paired_boyden32c::1103_1_1::KiloSort2::55,PAIRED_BOYDEN::paired_boyden32c::1103_1_1,PAIRED_BOYDEN,0.3333333333333333,0.2476394772529602,0.08569385608037311
main,fpos,contextual_paired_only_lightgbm_filtered,baseline_filtered,lightgbm,PAIRED_BOYDEN::paired_boyden32c::1103_1_1::KiloSort2::60,PAIRED_BOYDEN::paired_boyden32c::1103_1_1,PAIRED_BOYDEN,0.15878378378378377,0.11188536882400513,0.046898414959778645
main,fpos,contextual_paired_only_lightgbm_filtered,baseline_filtered,lightgbm,PAIRED_BOYDEN::paired_boyden32c::1103_1_1::KiloSort::111,PAIRED_BOYDEN::paired_boyden32c::1103_1_1,PAIRED_BOYDEN,0.11241007194244604,0.3129405379295349,0.20053046598708887
main,fpos,contextual_paired_only_lightgbm_filtered,baseline_filtered,lightgbm,PAIRED_BOYDEN::paired_boyden32c::1103_1_1::Klusta::12,PAIRED_BOYDEN::paired_boyden32c::1103_1_1,PAIRED_BOYDEN,0.156686626746507,0.29151129722595215,0.13482467047944516
main,fpos,contextual_paired_only_lightgbm_filtered,baseline_filtered,lightgbm,PAIRED_BOYDEN::paired_boyden32c::1103_1_1::MountainSort4::26,PAIRED_BOYDEN::paired_boyden32c::1103_1_1,PAIRED_BOYDEN,0.30532212885154064,0.3610347807407379,0.05571265188919727
main,fpos,contextual_paired_only_lightgbm_filtered,baseline_filtered,lightgbm,PAIRED_BOYDEN::paired_boyden32c::1103_1_1::SpykingCircus::27,PAIRED_BOYDEN::paired_boyden32c::1103_1_1,PAIRED_BOYDEN,0.12258064516129032,0.2645876407623291,0.1420069956010388
main,fpos,contextual_paired_only_lightgbm_filtered,baseline_filtered,lightgbm,PAIRED_BOYDEN::paired_boyden32c::1103_1_1::Tridesclous::3,PAIRED_BOYDEN::paired_boyden32c::1103_1_1,PAIRED_BOYDEN,0.2613268608414239,0.445137619972229,0.18381075913080508
main,fpos,contextual_paired_only_lightgbm_filtered,baseline_filtered,lightgbm,PAIRED_BOYDEN::paired_boyden32c::419_1_8::IronClust::14,PAIRED_BOYDEN::paired_boyden32c::419_1_8,PAIRED_BOYDEN,0.0663265306122449,0.010978727601468563,0.05534780301077634
main,fpos,contextual_paired_only_lightgbm_filtered,baseline_filtered,lightgbm,PAIRED_BOYDEN::paired_boyden32c::419_1_8::IronClust::4,PAIRED_BOYDEN::paired_boyden32c::419_1_8,PAIRED_BOYDEN,0.05829903978052126,0.0571521520614624,0.0011468877190588603
main,fpos,contextual_paired_only_lightgbm_filtered,baseline_filtered,lightgbm,PAIRED_BOYDEN::paired_boyden32c::419_1_8::JRClust::24,PAIRED_BOYDEN::paired_boyden32c::419_1_8,PAIRED_BOYDEN,0.08062093139709564,0.014258578419685364,0.06636235297741028
main,fpos,contextual_paired_only_lightgbm_filtered,baseline_filtered,lightgbm,PAIRED_BOYDEN::paired_boyden32c::419_1_8::JRClust::8,PAIRED_BOYDEN::paired_boyden32c::419_1_8,PAIRED_BOYDEN,0.03907637655417407,0.017854582518339157,0.021221794035834914
main,fpos,contextual_paired_only_lightgbm_filtered,baseline_filtered,lightgbm,PAIRED_BOYDEN::paired_boyden32c::419_1_8::KiloSort2::27,PAIRED_BOYDEN::paired_boyden32c::419_1_8,PAIRED_BOYDEN,0.1342059838895282,0.024760400876402855,0.10944558301312535
main,fpos,contextual_paired_only_lightgbm_filtered,baseline_filtered,lightgbm,PAIRED_BOYDEN::paired_boyden32c::419_1_8::KiloSort2::46,PAIRED_BOYDEN::paired_boyden32c::419_1_8,PAIRED_BOYDEN,0.02341480088873697,0.02058117650449276,0.0028336243842442092
main,fpos,contextual_paired_only_lightgbm_filtered,baseline_filtered,lightgbm,PAIRED_BOYDEN::paired_boyden32c::419_1_8::KiloSort::17,PAIRED_BOYDEN::paired_boyden32c::419_1_8,PAIRED_BOYDEN,0.06424161521775405,0.010022238828241825,0.05421937638951223
main,fpos,contextual_paired_only_lightgbm_filtered,baseline_filtered,lightgbm,PAIRED_BOYDEN::paired_boyden32c::419_1_8::MountainSort4::42,PAIRED_BOYDEN::paired_boyden32c::419_1_8,PAIRED_BOYDEN,0.16482219271063892,0.06480170041322708,0.10002049229741183
main,fpos,contextual_paired_only_lightgbm_filtered,baseline_filtered,lightgbm,PAIRED_BOYDEN::paired_boyden32c::419_1_8::SpykingCircus::24,PAIRED_BOYDEN::paired_boyden32c::419_1_8,PAIRED_BOYDEN,0.24721080446271285,0.10508560389280319,0.14212520056990965
main,fpos,contextual_paired_only_lightgbm_filtered,baseline_filtered,lightgbm,PAIRED_BOYDEN::paired_boyden32c::419_1_8::SpykingCircus::28,PAIRED_BOYDEN::paired_boyden32c::419_1_8,PAIRED_BOYDEN,0.029543112332531776,0.013987898826599121,0.015555213505932655
main,fpos,contextual_paired_only_lightgbm_filtered,baseline_filtered,lightgbm,PAIRED_BOYDEN::paired_boyden32c::419_1_8::Tridesclous::0,PAIRED_BOYDEN::paired_boyden32c::419_1_8,PAIRED_BOYDEN,0.15585806056898133,0.08451104909181595,0.07134701147716538
main,fpos,contextual_paired_only_lightgbm_filtered,baseline_filtered,lightgbm,PAIRED_CRCNS_HC1::paired_crcns::d11221_d11221.001::SpykingCircus::6,PAIRED_CRCNS_HC1::paired_crcns::d11221_d11221.001,PAIRED_CRCNS_HC1,0.8835978835978836,0.5194312930107117,0.36416659058717193
main,fpos,contextual_paired_only_lightgbm_filtered,baseline_filtered,lightgbm,PAIRED_CRCNS_HC1::paired_crcns::d11222_d11222.002::IronClust::2,PAIRED_CRCNS_HC1::paired_crcns::d11222_d11222.002,PAIRED_CRCNS_HC1,0.04466019417475728,0.19832178950309753,0.15366159532834026
main,fpos,contextual_paired_only_lightgbm_filtered,baseline_filtered,lightgbm,PAIRED_CRCNS_HC1::paired_crcns::d11222_d11222.002::JRClust::3,PAIRED_CRCNS_HC1::paired_crcns::d11222_d11222.002,PAIRED_CRCNS_HC1,0.039337474120082816,0.055635787546634674,0.016298313426551858
main,fpos,contextual_paired_only_lightgbm_filtered,baseline_filtered,lightgbm,PAIRED_CRCNS_HC1::paired_crcns::d11222_d11222.002::KiloSort2::10,PAIRED_CRCNS_HC1::paired_crcns::d11222_d11222.002,PAIRED_CRCNS_HC1,0.550417469492614,0.07608901709318161,0.47432845239943244
main,fpos,contextual_paired_only_lightgbm_filtered,baseline_filtered,lightgbm,PAIRED_CRCNS_HC1::paired_crcns::d11222_d11222.002::KiloSort::1,PAIRED_CRCNS_HC1::paired_crcns::d11222_d11222.002,PAIRED_CRCNS_HC1,0.03337783711615487,0.09785986691713333,0.06448202980097846
main,fpos,contextual_paired_only_lightgbm_filtered,baseline_filtered,lightgbm,PAIRED_CRCNS_HC1::paired_crcns::d11222_d11222.002::Klusta::2,PAIRED_CRCNS_HC1::paired_crcns::d11222_d11222.002,PAIRED_CRCNS_HC1,0.008777852802160702,0.09117252379655838,0.08239467099439768
main,fpos,contextual_paired_only_lightgbm_filtered,baseline_filtered,lightgbm,PAIRED_CRCNS_HC1::paired_crcns::d11222_d11222.002::MountainSort4::4,PAIRED_CRCNS_HC1::paired_crcns::d11222_d11222.002,PAIRED_CRCNS_HC1,0.360427807486631,0.19369742274284363,0.16673038474378737
main,fpos,contextual_paired_only_lightgbm_filtered,baseline_filtered,lightgbm,PAIRED_CRCNS_HC1::paired_crcns::d11222_d11222.002::SpykingCircus::4,PAIRED_CRCNS_HC1::paired_crcns::d11222_d11222.002,PAIRED_CRCNS_HC1,0.11986754966887417,0.06734706461429596,0.05252048505457821
main,fpos,contextual_paired_only_lightgbm_filtered,baseline_filtered,lightgbm,PAIRED_CRCNS_HC1::paired_crcns::d11222_d11222.002::Tridesclous::0,PAIRED_CRCNS_HC1::paired_crcns::d11222_d11222.002,PAIRED_CRCNS_HC1,0.021164021164021163,0.09720170497894287,0.07603768381492171
main,fpos,contextual_paired_only_lightgbm_filtered,baseline_filtered,lightgbm,PAIRED_ENGLISH::paired_english::m139_200114_191955::KiloSort2::25,PAIRED_ENGLISH::paired_english::m139_200114_191955,PAIRED_ENGLISH,0.7302739726027397,0.3826238512992859,0.34765012130345385
main,fpos,contextual_paired_only_lightgbm_filtered,baseline_filtered,lightgbm,PAIRED_ENGLISH::paired_english::m139_200114_191955::MountainSort4::36,PAIRED_ENGLISH::paired_english::m139_200114_191955,PAIRED_ENGLISH,0.8735255086994986,0.6435382962226868,0.22998721247681186
main,fpos,contextual_paired_only_lightgbm_filtered,baseline_filtered,lightgbm,PAIRED_ENGLISH::paired_english::m139_200114_191955::SpykingCircus::42,PAIRED_ENGLISH::paired_english::m139_200114_191955,PAIRED_ENGLISH,0.5584045584045584,0.2601015865802765,0.2983029718242819
main,fpos,contextual_paired_only_lightgbm_filtered,baseline_filtered,lightgbm,PAIRED_ENGLISH::paired_english::m139_200114_222743::HerdingSpikes2::5,PAIRED_ENGLISH::paired_english::m139_200114_222743,PAIRED_ENGLISH,0.03257707969749855,0.13674567639827728,0.10416859670077874
main,fpos,contextual_paired_only_lightgbm_filtered,baseline_filtered,lightgbm,PAIRED_ENGLISH::paired_english::m139_200114_222743::IronClust::17,PAIRED_ENGLISH::paired_english::m139_200114_222743,PAIRED_ENGLISH,0.02675196277987787,0.13503322005271912,0.10828125727284124
main,fpos,contextual_paired_only_lightgbm_filtered,baseline_filtered,lightgbm,PAIRED_ENGLISH::paired_english::m139_200114_222743::KiloSort2::26,PAIRED_ENGLISH::paired_english::m139_200114_222743,PAIRED_ENGLISH,0.028645087367516472,0.10907312482595444,0.08042803745843796
main,fpos,contextual_paired_only_lightgbm_filtered,baseline_filtered,lightgbm,PAIRED_ENGLISH::paired_english::m139_200114_222743::KiloSort::88,PAIRED_ENGLISH::paired_english::m139_200114_222743,PAIRED_ENGLISH,0.015151515151515152,0.14265812933444977,0.12750661418293463
main,fpos,contextual_paired_only_lightgbm_filtered,baseline_filtered,lightgbm,PAIRED_ENGLISH::paired_english::m139_200114_222743::MountainSort4::46,PAIRED_ENGLISH::paired_english::m139_200114_222743,PAIRED_ENGLISH,0.039886039886039885,0.3445621430873871,0.3046761032013472
main,fpos,contextual_paired_only_lightgbm_filtered,baseline_filtered,lightgbm,PAIRED_ENGLISH::paired_english::m139_200114_222743::SpykingCircus::44,PAIRED_ENGLISH::paired_english::m139_200114_222743,PAIRED_ENGLISH,0.028064146620847653,0.08719315379858017,0.05912900717773252
main,fpos,contextual_paired_only_lightgbm_filtered,baseline_filtered,lightgbm,PAIRED_ENGLISH::paired_english::m139_200114_222743::Tridesclous::1,PAIRED_ENGLISH::paired_english::m139_200114_222743,PAIRED_ENGLISH,0.3089646722483153,0.28852641582489014,0.020438256423425172
main,fpos,contextual_paired_only_lightgbm_filtered,baseline_filtered,lightgbm,PAIRED_ENGLISH::paired_english::m14_190326_155432::IronClust::22,PAIRED_ENGLISH::paired_english::m14_190326_155432,PAIRED_ENGLISH,0.0481651376146789,0.02266569808125496,0.025499439533423943
main,fpos,contextual_paired_only_lightgbm_filtered,baseline_filtered,lightgbm,PAIRED_ENGLISH::paired_english::m14_190326_155432::MountainSort4::33,PAIRED_ENGLISH::paired_english::m14_190326_155432,PAIRED_ENGLISH,0.1981651376146789,0.1619015336036682,0.0362636040110107
main,fpos,contextual_paired_only_lightgbm_filtered,baseline_filtered,lightgbm,PAIRED_ENGLISH::paired_english::m14_190326_155432::SpykingCircus::38,PAIRED_ENGLISH::paired_english::m14_190326_155432,PAIRED_ENGLISH,0.013363028953229399,0.03951352834701538,0.026150499393785984
main,fpos,contextual_paired_only_lightgbm_filtered,baseline_filtered,lightgbm,PAIRED_ENGLISH::paired_english::m15_190315_142052_cell1::IronClust::40,PAIRED_ENGLISH::paired_english::m15_190315_142052_cell1,PAIRED_ENGLISH,0.2679960401640503,0.49030497670173645,0.22230893653768613
main,fpos,contextual_paired_only_lightgbm_filtered,baseline_filtered,lightgbm,PAIRED_ENGLISH::paired_english::m15_190315_142052_cell1::KiloSort2::48,PAIRED_ENGLISH::paired_english::m15_190315_142052_cell1,PAIRED_ENGLISH,0.8627861694595232,0.4543705880641937,0.4084155813953295
main,fpos,contextual_paired_only_lightgbm_filtered,baseline_filtered,lightgbm,PAIRED_ENGLISH::paired_english::m15_190315_142052_cell1::MountainSort4::62,PAIRED_ENGLISH::paired_english::m15_190315_142052_cell1,PAIRED_ENGLISH,0.8769885383524361,0.4662926197052002,0.41069591864723587
main,fpos,contextual_paired_only_lightgbm_filtered,baseline_filtered,lightgbm,PAIRED_ENGLISH::paired_english::m15_190315_142052_cell1::MountainSort4::64,PAIRED_ENGLISH::paired_english::m15_190315_142052_cell1,PAIRED_ENGLISH,0.14704761904761904,0.09889352321624756,0.04815409583137148
main,fpos,contextual_paired_only_lightgbm_filtered,baseline_filtered,lightgbm,PAIRED_ENGLISH::paired_english::m15_190315_142052_cell1::SpykingCircus::22,PAIRED_ENGLISH::paired_english::m15_190315_142052_cell1,PAIRED_ENGLISH,0.23500526131182042,0.6649872660636902,0.42998200475186976
main,fpos,contextual_paired_only_lightgbm_filtered,baseline_filtered,lightgbm,PAIRED_ENGLISH::paired_english::m15_190315_142052_cell1::SpykingCircus::57,PAIRED_ENGLISH::paired_english::m15_190315_142052_cell1,PAIRED_ENGLISH,0.6499202551834131,0.24848084151744843,0.4014394136659647
main,fpos,contextual_paired_only_lightgbm_filtered,baseline_filtered,lightgbm,PAIRED_ENGLISH::paired_english::m15_190315_152315_cell1::IronClust::35,PAIRED_ENGLISH::paired_english::m15_190315_152315_cell1,PAIRED_ENGLISH,0.002592440987856461,0.06720875203609467,0.0646163110482382
main,fpos,contextual_paired_only_lightgbm_filtered,baseline_filtered,lightgbm,PAIRED_ENGLISH::paired_english::m15_190315_152315_cell1::KiloSort2::37,PAIRED_ENGLISH::paired_english::m15_190315_152315_cell1,PAIRED_ENGLISH,0.00039059957034047265,0.08365219831466675,0.08326159874432627
main,fpos,contextual_paired_only_lightgbm_filtered,baseline_filtered,lightgbm,PAIRED_ENGLISH::paired_english::m15_190315_152315_cell1::KiloSort::1,PAIRED_ENGLISH::paired_english::m15_190315_152315_cell1,PAIRED_ENGLISH,6.528267397832615e-05,0.11683870851993561,0.11677342584595728
main,fpos,contextual_paired_only_lightgbm_filtered,baseline_filtered,lightgbm,PAIRED_ENGLISH::paired_english::m15_190315_152315_cell1::MountainSort4::72,PAIRED_ENGLISH::paired_english::m15_190315_152315_cell1,PAIRED_ENGLISH,0.052174468356855484,0.34015172719955444,0.287977258842699
main,fpos,contextual_paired_only_lightgbm_filtered,baseline_filtered,lightgbm,PAIRED_ENGLISH::paired_english::m15_190315_152315_cell1::SpykingCircus::46,PAIRED_ENGLISH::paired_english::m15_190315_152315_cell1,PAIRED_ENGLISH,0.010891280531030483,0.07325349748134613,0.062362216950315644
main,fpos,contextual_paired_only_lightgbm_filtered,baseline_filtered,lightgbm,PAIRED_ENGLISH::paired_english::m15_190315_152315_cell1::Tridesclous::0,PAIRED_ENGLISH::paired_english::m15_190315_152315_cell1,PAIRED_ENGLISH,0.8482136225209834,0.43438243865966797,0.41383118386131545
main,fpos,contextual_paired_only_lightgbm_filtered,baseline_filtered,lightgbm,PAIRED_ENGLISH::paired_english::m26_190524_100859_cell1::KiloSort2::0,PAIRED_ENGLISH::paired_english::m26_190524_100859_cell1,PAIRED_ENGLISH,0.38315988647114474,0.19684459269046783,0.1863152937806769
main,fpos,contextual_paired_only_lightgbm_filtered,baseline_filtered,lightgbm,PAIRED_ENGLISH::paired_english::m26_190524_100859_cell1::KiloSort::19,PAIRED_ENGLISH::paired_english::m26_190524_100859_cell1,PAIRED_ENGLISH,0.2440677966101695,0.10382263362407684,0.14024516298609266
main,fpos,contextual_paired_only_lightgbm_filtered,baseline_filtered,lightgbm,PAIRED_ENGLISH::paired_english::m26_190524_100859_cell1::KiloSort::8,PAIRED_ENGLISH::paired_english::m26_190524_100859_cell1,PAIRED_ENGLISH,0.6505139500734214,0.14538325369358063,0.5051306963798408
main,fpos,contextual_paired_only_lightgbm_filtered,baseline_filtered,lightgbm,PAIRED_ENGLISH::paired_english::m57_191105_141906::IronClust::6,PAIRED_ENGLISH::paired_english::m57_191105_141906,PAIRED_ENGLISH,0.31826625386996904,0.37554651498794556,0.057280261117976516
main,fpos,contextual_paired_only_lightgbm_filtered,baseline_filtered,lightgbm,PAIRED_ENGLISH::paired_english::m57_191105_141906::KiloSort::47,PAIRED_ENGLISH::paired_english::m57_191105_141906,PAIRED_ENGLISH,0.35376344086021505,0.38652434945106506,0.03276090859085001
main,fpos,contextual_paired_only_lightgbm_filtered,baseline_filtered,lightgbm,PAIRED_ENGLISH::paired_english::m57_191105_141906::MountainSort4::21,PAIRED_ENGLISH::paired_english::m57_191105_141906,PAIRED_ENGLISH,0.3323335332933413,0.5553141236305237,0.22298059033718237
main,fpos,contextual_paired_only_lightgbm_filtered,baseline_filtered,lightgbm,PAIRED_ENGLISH::paired_english::m57_191105_141906::MountainSort4::57,PAIRED_ENGLISH::paired_english::m57_191105_141906,PAIRED_ENGLISH,0.23853211009174313,0.30224722623825073,0.0637151161465076
main,fpos,contextual_paired_only_lightgbm_filtered,baseline_filtered,lightgbm,PAIRED_ENGLISH::paired_english::m57_191105_141906::SpykingCircus::12,PAIRED_ENGLISH::paired_english::m57_191105_141906,PAIRED_ENGLISH,0.3535228677379481,0.29342323541641235,0.060099632321535756
main,fpos,contextual_paired_only_lightgbm_filtered,baseline_filtered,lightgbm,PAIRED_ENGLISH::paired_english::m57_191105_141906::SpykingCircus::30,PAIRED_ENGLISH::paired_english::m57_191105_141906,PAIRED_ENGLISH,0.2040332147093713,0.18808533251285553,0.015947882196515772
main,fpos,contextual_paired_only_lightgbm_filtered,baseline_filtered,lightgbm,PAIRED_ENGLISH::paired_english::m57_191105_160026::HerdingSpikes2::1,PAIRED_ENGLISH::paired_english::m57_191105_160026,PAIRED_ENGLISH,0.13630229419703105,0.24658799171447754,0.11028569751744649
main,fpos,contextual_paired_only_lightgbm_filtered,baseline_filtered,lightgbm,PAIRED_ENGLISH::paired_english::m57_191105_160026::IronClust::2,PAIRED_ENGLISH::paired_english::m57_191105_160026,PAIRED_ENGLISH,0.5044008124576845,0.21753652393817902,0.2868642885195055
main,fpos,contextual_paired_only_lightgbm_filtered,baseline_filtered,lightgbm,PAIRED_ENGLISH::paired_english::m57_191105_160026::IronClust::3,PAIRED_ENGLISH::paired_english::m57_191105_160026,PAIRED_ENGLISH,0.05838815789473684,0.2782651484012604,0.21987699050652354
main,fpos,contextual_paired_only_lightgbm_filtered,baseline_filtered,lightgbm,PAIRED_ENGLISH::paired_english::m57_191105_160026::KiloSort::127,PAIRED_ENGLISH::paired_english::m57_191105_160026,PAIRED_ENGLISH,0.5003422313483915,0.20897921919822693,0.2913630121501646
main,fpos,contextual_paired_only_lightgbm_filtered,baseline_filtered,lightgbm,PAIRED_ENGLISH::paired_english::m57_191105_160026::KiloSort::6,PAIRED_ENGLISH::paired_english::m57_191105_160026,PAIRED_ENGLISH,0.02531645569620253,0.16302382946014404,0.13770737376394152
main,fpos,contextual_paired_only_lightgbm_filtered,baseline_filtered,lightgbm,PAIRED_ENGLISH::paired_english::m57_191105_160026::MountainSort4::23,PAIRED_ENGLISH::paired_english::m57_191105_160026,PAIRED_ENGLISH,0.6737967914438503,0.12362737208604813,0.5501694193578022
main,fpos,contextual_paired_only_lightgbm_filtered,baseline_filtered,lightgbm,PAIRED_ENGLISH::paired_english::m57_191105_160026::MountainSort4::25,PAIRED_ENGLISH::paired_english::m57_191105_160026,PAIRED_ENGLISH,0.14568081991215226,0.39286568760871887,0.2471848676965666
main,fpos,contextual_paired_only_lightgbm_filtered,baseline_filtered,lightgbm,PAIRED_ENGLISH::paired_english::m57_191105_160026::SpykingCircus::2,PAIRED_ENGLISH::paired_english::m57_191105_160026,PAIRED_ENGLISH,0.6860282574568289,0.4055256247520447,0.28050263270478426
main,fpos,contextual_paired_only_lightgbm_filtered,baseline_filtered,lightgbm,PAIRED_ENGLISH::paired_english::m57_191105_160026::SpykingCircus::4,PAIRED_ENGLISH::paired_english::m57_191105_160026,PAIRED_ENGLISH,0.056790123456790124,0.23109795153141022,0.17430782807462009
main,fpos,contextual_paired_only_lightgbm_filtered,baseline_filtered,lightgbm,PAIRED_ENGLISH::paired_english::m57_191105_160026::Tridesclous::0,PAIRED_ENGLISH::paired_english::m57_191105_160026,PAIRED_ENGLISH,0.8589226823012093,0.5102054476737976,0.34871723462741167
main,fpos,contextual_paired_only_lightgbm_filtered,baseline_filtered,lightgbm,PAIRED_KAMPFF::paired_kampff::c14::HerdingSpikes2::6,PAIRED_KAMPFF::paired_kampff::c14,PAIRED_KAMPFF,0.25090444775484144,0.07400129735469818,0.17690315040014326
main,fpos,contextual_paired_only_lightgbm_filtered,baseline_filtered,lightgbm,PAIRED_KAMPFF::paired_kampff::c14::IronClust::22,PAIRED_KAMPFF::paired_kampff::c14,PAIRED_KAMPFF,0.2240655987795576,0.07806586474180222,0.14599973403775537
main,fpos,contextual_paired_only_lightgbm_filtered,baseline_filtered,lightgbm,PAIRED_KAMPFF::paired_kampff::c14::KiloSort2::37,PAIRED_KAMPFF::paired_kampff::c14,PAIRED_KAMPFF,0.23899885489939474,0.16402214765548706,0.07497670724390768
main,fpos,contextual_paired_only_lightgbm_filtered,baseline_filtered,lightgbm,PAIRED_KAMPFF::paired_kampff::c14::MountainSort4::42,PAIRED_KAMPFF::paired_kampff::c14,PAIRED_KAMPFF,0.031842105263157894,0.02581050433218479,0.006031600930973102
main,fpos,contextual_paired_only_lightgbm_filtered,baseline_filtered,lightgbm,PAIRED_KAMPFF::paired_kampff::c14::SpykingCircus::14,PAIRED_KAMPFF::paired_kampff::c14,PAIRED_KAMPFF,0.0993841579953281,0.054818011820316315,0.044566146175011784
main,fpos,contextual_paired_only_lightgbm_filtered,baseline_filtered,lightgbm,PAIRED_KAMPFF::paired_kampff::c14::Tridesclous::8,PAIRED_KAMPFF::paired_kampff::c14,PAIRED_KAMPFF,0.7298130782302221,0.6000741124153137,0.1297389658149084
main,fpos,contextual_paired_only_lightgbm_filtered,baseline_filtered,lightgbm,PAIRED_MEA64C_YGER::paired_mea64c::20170622_patch1::HerdingSpikes2::19,PAIRED_MEA64C_YGER::paired_mea64c::20170622_patch1,PAIRED_MEA64C_YGER,0.3048016701461378,0.18553955852985382,0.11926211161628397
main,fpos,contextual_paired_only_lightgbm_filtered,baseline_filtered,lightgbm,PAIRED_MEA64C_YGER::paired_mea64c::20170622_patch1::HerdingSpikes2::7,PAIRED_MEA64C_YGER::paired_mea64c::20170622_patch1,PAIRED_MEA64C_YGER,0.006430868167202572,0.04768061637878418,0.04124974821158161
main,fpos,contextual_paired_only_lightgbm_filtered,baseline_filtered,lightgbm,PAIRED_MEA64C_YGER::paired_mea64c::20170622_patch1::IronClust::8,PAIRED_MEA64C_YGER::paired_mea64c::20170622_patch1,PAIRED_MEA64C_YGER,0.32512992968511156,0.14604468643665314,0.17908524324845843
main,fpos,contextual_paired_only_lightgbm_filtered,baseline_filtered,lightgbm,PAIRED_MEA64C_YGER::paired_mea64c::20170622_patch1::KiloSort2::23,PAIRED_MEA64C_YGER::paired_mea64c::20170622_patch1,PAIRED_MEA64C_YGER,0.0,0.02039462700486183,0.02039462700486183
main,fpos,contextual_paired_only_lightgbm_filtered,baseline_filtered,lightgbm,PAIRED_MEA64C_YGER::paired_mea64c::20170622_patch1::KiloSort::64,PAIRED_MEA64C_YGER::paired_mea64c::20170622_patch1,PAIRED_MEA64C_YGER,0.00022805017103762827,0.018633704632520676,0.018405654461483047
main,fpos,contextual_paired_only_lightgbm_filtered,baseline_filtered,lightgbm,PAIRED_MEA64C_YGER::paired_mea64c::20170622_patch1::Klusta::4,PAIRED_MEA64C_YGER::paired_mea64c::20170622_patch1,PAIRED_MEA64C_YGER,0.0050424628450106155,0.028767801821231842,0.023725338976221227
main,fpos,contextual_paired_only_lightgbm_filtered,baseline_filtered,lightgbm,PAIRED_MEA64C_YGER::paired_mea64c::20170622_patch1::MountainSort4::43,PAIRED_MEA64C_YGER::paired_mea64c::20170622_patch1,PAIRED_MEA64C_YGER,0.0040494938132733405,0.020948059856891632,0.016898566043618293
main,fpos,contextual_paired_only_lightgbm_filtered,baseline_filtered,lightgbm,PAIRED_MEA64C_YGER::paired_mea64c::20170622_patch1::SpykingCircus::18,PAIRED_MEA64C_YGER::paired_mea64c::20170622_patch1,PAIRED_MEA64C_YGER,0.00022079929344226098,0.0184196624904871,0.018198863197044838
main,fpos,contextual_paired_only_lightgbm_filtered,baseline_filtered,lightgbm,PAIRED_MEA64C_YGER::paired_mea64c::20170622_patch1::Tridesclous::12,PAIRED_MEA64C_YGER::paired_mea64c::20170622_patch1,PAIRED_MEA64C_YGER,0.013830024537140308,0.02567596174776554,0.011845937210625233
main,fpos,contextual_paired_only_lightgbm_filtered,baseline_filtered,lightgbm,PAIRED_MEA64C_YGER::paired_mea64c::20170622_patch2::HerdingSpikes2::16,PAIRED_MEA64C_YGER::paired_mea64c::20170622_patch2,PAIRED_MEA64C_YGER,0.18683274021352314,0.07685897499322891,0.10997376522029423
main,fpos,contextual_paired_only_lightgbm_filtered,baseline_filtered,lightgbm,PAIRED_MEA64C_YGER::paired_mea64c::20170622_patch2::HerdingSpikes2::44,PAIRED_MEA64C_YGER::paired_mea64c::20170622_patch2,PAIRED_MEA64C_YGER,0.4028520499108734,0.10788767784833908,0.29496437206253434
main,fpos,contextual_paired_only_lightgbm_filtered,baseline_filtered,lightgbm,PAIRED_MEA64C_YGER::paired_mea64c::20170622_patch2::HerdingSpikes2::5,PAIRED_MEA64C_YGER::paired_mea64c::20170622_patch2,PAIRED_MEA64C_YGER,0.06115992970123023,0.00478117261081934,0.05637875709041089
main,fpos,contextual_paired_only_lightgbm_filtered,baseline_filtered,lightgbm,PAIRED_MEA64C_YGER::paired_mea64c::20170622_patch2::IronClust::11,PAIRED_MEA64C_YGER::paired_mea64c::20170622_patch2,PAIRED_MEA64C_YGER,0.061366806136680614,0.0038161142729222775,0.05755069186375834
main,fpos,contextual_paired_only_lightgbm_filtered,baseline_filtered,lightgbm,PAIRED_MEA64C_YGER::paired_mea64c::20170622_patch2::JRClust::31,PAIRED_MEA64C_YGER::paired_mea64c::20170622_patch2,PAIRED_MEA64C_YGER,0.06118881118881119,0.0028417082503437996,0.05834710293846739
main,fpos,contextual_paired_only_lightgbm_filtered,baseline_filtered,lightgbm,PAIRED_MEA64C_YGER::paired_mea64c::20170622_patch2::KiloSort2::33,PAIRED_MEA64C_YGER::paired_mea64c::20170622_patch2,PAIRED_MEA64C_YGER,0.061409630146545706,0.0034882044419646263,0.05792142570458108
main,fpos,contextual_paired_only_lightgbm_filtered,baseline_filtered,lightgbm,PAIRED_MEA64C_YGER::paired_mea64c::20170622_patch2::KiloSort::5,PAIRED_MEA64C_YGER::paired_mea64c::20170622_patch2,PAIRED_MEA64C_YGER,0.06143106457242583,0.004934870172291994,0.056496194400133835
main,fpos,contextual_paired_only_lightgbm_filtered,baseline_filtered,lightgbm,PAIRED_MEA64C_YGER::paired_mea64c::20170622_patch2::Klusta::14,PAIRED_MEA64C_YGER::paired_mea64c::20170622_patch2,PAIRED_MEA64C_YGER,0.05860349127182045,0.0029051238670945168,0.05569836740472593
main,fpos,contextual_paired_only_lightgbm_filtered,baseline_filtered,lightgbm,PAIRED_MEA64C_YGER::paired_mea64c::20170622_patch2::MountainSort4::31,PAIRED_MEA64C_YGER::paired_mea64c::20170622_patch2,PAIRED_MEA64C_YGER,0.07713404182379156,0.018411891534924507,0.058722150288867056
main,fpos,contextual_paired_only_lightgbm_filtered,baseline_filtered,lightgbm,PAIRED_MEA64C_YGER::paired_mea64c::20170622_patch2::SpykingCircus::17,PAIRED_MEA64C_YGER::paired_mea64c::20170622_patch2,PAIRED_MEA64C_YGER,0.061366806136680614,0.003955893684178591,0.05741091245250202
main,fpos,contextual_paired_only_lightgbm_filtered,baseline_filtered,lightgbm,PAIRED_MEA64C_YGER::paired_mea64c::20170622_patch2::Tridesclous::0,PAIRED_MEA64C_YGER::paired_mea64c::20170622_patch2,PAIRED_MEA64C_YGER,0.061366806136680614,0.004370290320366621,0.05699651581631399
main,fpos,embed_nommd_fullctx_lightgbm,embedding_stack,lightgbm,PAIRED_BOYDEN::paired_boyden32c::1103_1_1::IronClust::4,PAIRED_BOYDEN::paired_boyden32c::1103_1_1,PAIRED_BOYDEN,0.11363636363636363,0.2782537341117859,0.16461737047542224
main,fpos,embed_nommd_fullctx_lightgbm,embedding_stack,lightgbm,PAIRED_BOYDEN::paired_boyden32c::1103_1_1::JRClust::18,PAIRED_BOYDEN::paired_boyden32c::1103_1_1,PAIRED_BOYDEN,0.26138147566718994,0.34452417492866516,0.08314269926147522
main,fpos,embed_nommd_fullctx_lightgbm,embedding_stack,lightgbm,PAIRED_BOYDEN::paired_boyden32c::1103_1_1::KiloSort2::33,PAIRED_BOYDEN::paired_boyden32c::1103_1_1,PAIRED_BOYDEN,0.17066290550070523,0.30663374066352844,0.1359708351628232
main,fpos,embed_nommd_fullctx_lightgbm,embedding_stack,lightgbm,PAIRED_BOYDEN::paired_boyden32c::1103_1_1::KiloSort2::55,PAIRED_BOYDEN::paired_boyden32c::1103_1_1,PAIRED_BOYDEN,0.3333333333333333,0.24844004213809967,0.08489329119523364
main,fpos,embed_nommd_fullctx_lightgbm,embedding_stack,lightgbm,PAIRED_BOYDEN::paired_boyden32c::1103_1_1::KiloSort2::60,PAIRED_BOYDEN::paired_boyden32c::1103_1_1,PAIRED_BOYDEN,0.15878378378378377,0.12895911931991577,0.029824664463868
main,fpos,embed_nommd_fullctx_lightgbm,embedding_stack,lightgbm,PAIRED_BOYDEN::paired_boyden32c::1103_1_1::KiloSort::111,PAIRED_BOYDEN::paired_boyden32c::1103_1_1,PAIRED_BOYDEN,0.11241007194244604,0.3036947250366211,0.19128465309417506
main,fpos,embed_nommd_fullctx_lightgbm,embedding_stack,lightgbm,PAIRED_BOYDEN::paired_boyden32c::1103_1_1::Klusta::12,PAIRED_BOYDEN::paired_boyden32c::1103_1_1,PAIRED_BOYDEN,0.156686626746507,0.25048646330833435,0.09379983656182736
main,fpos,embed_nommd_fullctx_lightgbm,embedding_stack,lightgbm,PAIRED_BOYDEN::paired_boyden32c::1103_1_1::MountainSort4::26,PAIRED_BOYDEN::paired_boyden32c::1103_1_1,PAIRED_BOYDEN,0.30532212885154064,0.36594873666763306,0.060626607816092415
main,fpos,embed_nommd_fullctx_lightgbm,embedding_stack,lightgbm,PAIRED_BOYDEN::paired_boyden32c::1103_1_1::SpykingCircus::27,PAIRED_BOYDEN::paired_boyden32c::1103_1_1,PAIRED_BOYDEN,0.12258064516129032,0.24798686802387238,0.12540622286258207
main,fpos,embed_nommd_fullctx_lightgbm,embedding_stack,lightgbm,PAIRED_BOYDEN::paired_boyden32c::1103_1_1::Tridesclous::3,PAIRED_BOYDEN::paired_boyden32c::1103_1_1,PAIRED_BOYDEN,0.2613268608414239,0.4633135199546814,0.20198665911325747
main,fpos,embed_nommd_fullctx_lightgbm,embedding_stack,lightgbm,PAIRED_BOYDEN::paired_boyden32c::419_1_8::IronClust::14,PAIRED_BOYDEN::paired_boyden32c::419_1_8,PAIRED_BOYDEN,0.0663265306122449,0.01097487099468708,0.05535165961755782
main,fpos,embed_nommd_fullctx_lightgbm,embedding_stack,lightgbm,PAIRED_BOYDEN::paired_boyden32c::419_1_8::IronClust::4,PAIRED_BOYDEN::paired_boyden32c::419_1_8,PAIRED_BOYDEN,0.05829903978052126,0.05686550959944725,0.0014335301810740123
main,fpos,embed_nommd_fullctx_lightgbm,embedding_stack,lightgbm,PAIRED_BOYDEN::paired_boyden32c::419_1_8::JRClust::24,PAIRED_BOYDEN::paired_boyden32c::419_1_8,PAIRED_BOYDEN,0.08062093139709564,0.01194067019969225,0.06868026119740339
main,fpos,embed_nommd_fullctx_lightgbm,embedding_stack,lightgbm,PAIRED_BOYDEN::paired_boyden32c::419_1_8::JRClust::8,PAIRED_BOYDEN::paired_boyden32c::419_1_8,PAIRED_BOYDEN,0.03907637655417407,0.02144705131649971,0.01762932523767436
main,fpos,embed_nommd_fullctx_lightgbm,embedding_stack,lightgbm,PAIRED_BOYDEN::paired_boyden32c::419_1_8::KiloSort2::27,PAIRED_BOYDEN::paired_boyden32c::419_1_8,PAIRED_BOYDEN,0.1342059838895282,0.021893545985221863,0.11231243790430634
main,fpos,embed_nommd_fullctx_lightgbm,embedding_stack,lightgbm,PAIRED_BOYDEN::paired_boyden32c::419_1_8::KiloSort2::46,PAIRED_BOYDEN::paired_boyden32c::419_1_8,PAIRED_BOYDEN,0.02341480088873697,0.018129998818039894,0.005284802070697075
main,fpos,embed_nommd_fullctx_lightgbm,embedding_stack,lightgbm,PAIRED_BOYDEN::paired_boyden32c::419_1_8::KiloSort::17,PAIRED_BOYDEN::paired_boyden32c::419_1_8,PAIRED_BOYDEN,0.06424161521775405,0.008732566609978676,0.05550904860777538
main,fpos,embed_nommd_fullctx_lightgbm,embedding_stack,lightgbm,PAIRED_BOYDEN::paired_boyden32c::419_1_8::MountainSort4::42,PAIRED_BOYDEN::paired_boyden32c::419_1_8,PAIRED_BOYDEN,0.16482219271063892,0.06292615830898285,0.10189603440165607
main,fpos,embed_nommd_fullctx_lightgbm,embedding_stack,lightgbm,PAIRED_BOYDEN::paired_boyden32c::419_1_8::SpykingCircus::24,PAIRED_BOYDEN::paired_boyden32c::419_1_8,PAIRED_BOYDEN,0.24721080446271285,0.12445086985826492,0.12275993460444792
main,fpos,embed_nommd_fullctx_lightgbm,embedding_stack,lightgbm,PAIRED_BOYDEN::paired_boyden32c::419_1_8::SpykingCircus::28,PAIRED_BOYDEN::paired_boyden32c::419_1_8,PAIRED_BOYDEN,0.029543112332531776,0.012570138089358807,0.01697297424317297
main,fpos,embed_nommd_fullctx_lightgbm,embedding_stack,lightgbm,PAIRED_BOYDEN::paired_boyden32c::419_1_8::Tridesclous::0,PAIRED_BOYDEN::paired_boyden32c::419_1_8,PAIRED_BOYDEN,0.15585806056898133,0.08687841147184372,0.06897964909713761
main,fpos,embed_nommd_fullctx_lightgbm,embedding_stack,lightgbm,PAIRED_CRCNS_HC1::paired_crcns::d11221_d11221.001::SpykingCircus::6,PAIRED_CRCNS_HC1::paired_crcns::d11221_d11221.001,PAIRED_CRCNS_HC1,0.8835978835978836,0.5041265487670898,0.37947133483079376
main,fpos,embed_nommd_fullctx_lightgbm,embedding_stack,lightgbm,PAIRED_CRCNS_HC1::paired_crcns::d11222_d11222.002::IronClust::2,PAIRED_CRCNS_HC1::paired_crcns::d11222_d11222.002,PAIRED_CRCNS_HC1,0.04466019417475728,0.1827060729265213,0.13804587875176402
main,fpos,embed_nommd_fullctx_lightgbm,embedding_stack,lightgbm,PAIRED_CRCNS_HC1::paired_crcns::d11222_d11222.002::JRClust::3,PAIRED_CRCNS_HC1::paired_crcns::d11222_d11222.002,PAIRED_CRCNS_HC1,0.039337474120082816,0.06048451364040375,0.02114703952032093
main,fpos,embed_nommd_fullctx_lightgbm,embedding_stack,lightgbm,PAIRED_CRCNS_HC1::paired_crcns::d11222_d11222.002::KiloSort2::10,PAIRED_CRCNS_HC1::paired_crcns::d11222_d11222.002,PAIRED_CRCNS_HC1,0.550417469492614,0.09725163877010345,0.4531658307225106
main,fpos,embed_nommd_fullctx_lightgbm,embedding_stack,lightgbm,PAIRED_CRCNS_HC1::paired_crcns::d11222_d11222.002::KiloSort::1,PAIRED_CRCNS_HC1::paired_crcns::d11222_d11222.002,PAIRED_CRCNS_HC1,0.03337783711615487,0.11775760352611542,0.08437976640996055
main,fpos,embed_nommd_fullctx_lightgbm,embedding_stack,lightgbm,PAIRED_CRCNS_HC1::paired_crcns::d11222_d11222.002::Klusta::2,PAIRED_CRCNS_HC1::paired_crcns::d11222_d11222.002,PAIRED_CRCNS_HC1,0.008777852802160702,0.10505981743335724,0.09628196463119654
main,fpos,embed_nommd_fullctx_lightgbm,embedding_stack,lightgbm,PAIRED_CRCNS_HC1::paired_crcns::d11222_d11222.002::MountainSort4::4,PAIRED_CRCNS_HC1::paired_crcns::d11222_d11222.002,PAIRED_CRCNS_HC1,0.360427807486631,0.19192638993263245,0.16850141755399856
main,fpos,embed_nommd_fullctx_lightgbm,embedding_stack,lightgbm,PAIRED_CRCNS_HC1::paired_crcns::d11222_d11222.002::SpykingCircus::4,PAIRED_CRCNS_HC1::paired_crcns::d11222_d11222.002,PAIRED_CRCNS_HC1,0.11986754966887417,0.10978060960769653,0.010086940061177635
main,fpos,embed_nommd_fullctx_lightgbm,embedding_stack,lightgbm,PAIRED_CRCNS_HC1::paired_crcns::d11222_d11222.002::Tridesclous::0,PAIRED_CRCNS_HC1::paired_crcns::d11222_d11222.002,PAIRED_CRCNS_HC1,0.021164021164021163,0.10779725015163422,0.08663322898761305
main,fpos,embed_nommd_fullctx_lightgbm,embedding_stack,lightgbm,PAIRED_ENGLISH::paired_english::m139_200114_191955::KiloSort2::25,PAIRED_ENGLISH::paired_english::m139_200114_191955,PAIRED_ENGLISH,0.7302739726027397,0.40932345390319824,0.3209505186995415
main,fpos,embed_nommd_fullctx_lightgbm,embedding_stack,lightgbm,PAIRED_ENGLISH::paired_english::m139_200114_191955::MountainSort4::36,PAIRED_ENGLISH::paired_english::m139_200114_191955,PAIRED_ENGLISH,0.8735255086994986,0.6724094748497009,0.2011160338497977
main,fpos,embed_nommd_fullctx_lightgbm,embedding_stack,lightgbm,PAIRED_ENGLISH::paired_english::m139_200114_191955::SpykingCircus::42,PAIRED_ENGLISH::paired_english::m139_200114_191955,PAIRED_ENGLISH,0.5584045584045584,0.33685874938964844,0.22154580901490994
main,fpos,embed_nommd_fullctx_lightgbm,embedding_stack,lightgbm,PAIRED_ENGLISH::paired_english::m139_200114_222743::HerdingSpikes2::5,PAIRED_ENGLISH::paired_english::m139_200114_222743,PAIRED_ENGLISH,0.03257707969749855,0.16635103523731232,0.13377395553981378
main,fpos,embed_nommd_fullctx_lightgbm,embedding_stack,lightgbm,PAIRED_ENGLISH::paired_english::m139_200114_222743::IronClust::17,PAIRED_ENGLISH::paired_english::m139_200114_222743,PAIRED_ENGLISH,0.02675196277987787,0.15119583904743195,0.12444387626755407
main,fpos,embed_nommd_fullctx_lightgbm,embedding_stack,lightgbm,PAIRED_ENGLISH::paired_english::m139_200114_222743::KiloSort2::26,PAIRED_ENGLISH::paired_english::m139_200114_222743,PAIRED_ENGLISH,0.028645087367516472,0.13252659142017365,0.10388150405265717
main,fpos,embed_nommd_fullctx_lightgbm,embedding_stack,lightgbm,PAIRED_ENGLISH::paired_english::m139_200114_222743::KiloSort::88,PAIRED_ENGLISH::paired_english::m139_200114_222743,PAIRED_ENGLISH,0.015151515151515152,0.1577828973531723,0.14263138220165716
main,fpos,embed_nommd_fullctx_lightgbm,embedding_stack,lightgbm,PAIRED_ENGLISH::paired_english::m139_200114_222743::MountainSort4::46,PAIRED_ENGLISH::paired_english::m139_200114_222743,PAIRED_ENGLISH,0.039886039886039885,0.3348337709903717,0.2949477311043318
main,fpos,embed_nommd_fullctx_lightgbm,embedding_stack,lightgbm,PAIRED_ENGLISH::paired_english::m139_200114_222743::SpykingCircus::44,PAIRED_ENGLISH::paired_english::m139_200114_222743,PAIRED_ENGLISH,0.028064146620847653,0.09721390157938004,0.06914975495853239
main,fpos,embed_nommd_fullctx_lightgbm,embedding_stack,lightgbm,PAIRED_ENGLISH::paired_english::m139_200114_222743::Tridesclous::1,PAIRED_ENGLISH::paired_english::m139_200114_222743,PAIRED_ENGLISH,0.3089646722483153,0.28603920340538025,0.02292546884293506
main,fpos,embed_nommd_fullctx_lightgbm,embedding_stack,lightgbm,PAIRED_ENGLISH::paired_english::m14_190326_155432::IronClust::22,PAIRED_ENGLISH::paired_english::m14_190326_155432,PAIRED_ENGLISH,0.0481651376146789,0.034003373235464096,0.014161764379214806
main,fpos,embed_nommd_fullctx_lightgbm,embedding_stack,lightgbm,PAIRED_ENGLISH::paired_english::m14_190326_155432::MountainSort4::33,PAIRED_ENGLISH::paired_english::m14_190326_155432,PAIRED_ENGLISH,0.1981651376146789,0.15204112231731415,0.04612401529736476
main,fpos,embed_nommd_fullctx_lightgbm,embedding_stack,lightgbm,PAIRED_ENGLISH::paired_english::m14_190326_155432::SpykingCircus::38,PAIRED_ENGLISH::paired_english::m14_190326_155432,PAIRED_ENGLISH,0.013363028953229399,0.037527602165937424,0.024164573212708026
main,fpos,embed_nommd_fullctx_lightgbm,embedding_stack,lightgbm,PAIRED_ENGLISH::paired_english::m15_190315_142052_cell1::IronClust::40,PAIRED_ENGLISH::paired_english::m15_190315_142052_cell1,PAIRED_ENGLISH,0.2679960401640503,0.41206443309783936,0.14406839293378904
main,fpos,embed_nommd_fullctx_lightgbm,embedding_stack,lightgbm,PAIRED_ENGLISH::paired_english::m15_190315_142052_cell1::KiloSort2::48,PAIRED_ENGLISH::paired_english::m15_190315_142052_cell1,PAIRED_ENGLISH,0.8627861694595232,0.34273189306259155,0.5200542763969317
main,fpos,embed_nommd_fullctx_lightgbm,embedding_stack,lightgbm,PAIRED_ENGLISH::paired_english::m15_190315_142052_cell1::MountainSort4::62,PAIRED_ENGLISH::paired_english::m15_190315_142052_cell1,PAIRED_ENGLISH,0.8769885383524361,0.4204295575618744,0.4565589807905617
main,fpos,embed_nommd_fullctx_lightgbm,embedding_stack,lightgbm,PAIRED_ENGLISH::paired_english::m15_190315_142052_cell1::MountainSort4::64,PAIRED_ENGLISH::paired_english::m15_190315_142052_cell1,PAIRED_ENGLISH,0.14704761904761904,0.1481488049030304,0.0011011858554113574
main,fpos,embed_nommd_fullctx_lightgbm,embedding_stack,lightgbm,PAIRED_ENGLISH::paired_english::m15_190315_142052_cell1::SpykingCircus::22,PAIRED_ENGLISH::paired_english::m15_190315_142052_cell1,PAIRED_ENGLISH,0.23500526131182042,0.649803876876831,0.41479861556501063
main,fpos,embed_nommd_fullctx_lightgbm,embedding_stack,lightgbm,PAIRED_ENGLISH::paired_english::m15_190315_142052_cell1::SpykingCircus::57,PAIRED_ENGLISH::paired_english::m15_190315_142052_cell1,PAIRED_ENGLISH,0.6499202551834131,0.2112152874469757,0.4387049677364374
main,fpos,embed_nommd_fullctx_lightgbm,embedding_stack,lightgbm,PAIRED_ENGLISH::paired_english::m15_190315_152315_cell1::IronClust::35,PAIRED_ENGLISH::paired_english::m15_190315_152315_cell1,PAIRED_ENGLISH,0.002592440987856461,0.045168936252593994,0.042576495264737536
main,fpos,embed_nommd_fullctx_lightgbm,embedding_stack,lightgbm,PAIRED_ENGLISH::paired_english::m15_190315_152315_cell1::KiloSort2::37,PAIRED_ENGLISH::paired_english::m15_190315_152315_cell1,PAIRED_ENGLISH,0.00039059957034047265,0.05719092860817909,0.05680032903783862
main,fpos,embed_nommd_fullctx_lightgbm,embedding_stack,lightgbm,PAIRED_ENGLISH::paired_english::m15_190315_152315_cell1::KiloSort::1,PAIRED_ENGLISH::paired_english::m15_190315_152315_cell1,PAIRED_ENGLISH,6.528267397832615e-05,0.07972580939531326,0.07966052672133493
main,fpos,embed_nommd_fullctx_lightgbm,embedding_stack,lightgbm,PAIRED_ENGLISH::paired_english::m15_190315_152315_cell1::MountainSort4::72,PAIRED_ENGLISH::paired_english::m15_190315_152315_cell1,PAIRED_ENGLISH,0.052174468356855484,0.21484129130840302,0.16266682295154752
main,fpos,embed_nommd_fullctx_lightgbm,embedding_stack,lightgbm,PAIRED_ENGLISH::paired_english::m15_190315_152315_cell1::SpykingCircus::46,PAIRED_ENGLISH::paired_english::m15_190315_152315_cell1,PAIRED_ENGLISH,0.010891280531030483,0.04767923429608345,0.036787953765052964
main,fpos,embed_nommd_fullctx_lightgbm,embedding_stack,lightgbm,PAIRED_ENGLISH::paired_english::m15_190315_152315_cell1::Tridesclous::0,PAIRED_ENGLISH::paired_english::m15_190315_152315_cell1,PAIRED_ENGLISH,0.8482136225209834,0.46970751881599426,0.37850610370498916
main,fpos,embed_nommd_fullctx_lightgbm,embedding_stack,lightgbm,PAIRED_ENGLISH::paired_english::m26_190524_100859_cell1::KiloSort2::0,PAIRED_ENGLISH::paired_english::m26_190524_100859_cell1,PAIRED_ENGLISH,0.38315988647114474,0.26701873540878296,0.11614115106236178
main,fpos,embed_nommd_fullctx_lightgbm,embedding_stack,lightgbm,PAIRED_ENGLISH::paired_english::m26_190524_100859_cell1::KiloSort::19,PAIRED_ENGLISH::paired_english::m26_190524_100859_cell1,PAIRED_ENGLISH,0.2440677966101695,0.1316763460636139,0.11239145054655561
main,fpos,embed_nommd_fullctx_lightgbm,embedding_stack,lightgbm,PAIRED_ENGLISH::paired_english::m26_190524_100859_cell1::KiloSort::8,PAIRED_ENGLISH::paired_english::m26_190524_100859_cell1,PAIRED_ENGLISH,0.6505139500734214,0.16935637593269348,0.4811575741407279
main,fpos,embed_nommd_fullctx_lightgbm,embedding_stack,lightgbm,PAIRED_ENGLISH::paired_english::m57_191105_141906::IronClust::6,PAIRED_ENGLISH::paired_english::m57_191105_141906,PAIRED_ENGLISH,0.31826625386996904,0.26809173822402954,0.0501745156459395
main,fpos,embed_nommd_fullctx_lightgbm,embedding_stack,lightgbm,PAIRED_ENGLISH::paired_english::m57_191105_141906::KiloSort::47,PAIRED_ENGLISH::paired_english::m57_191105_141906,PAIRED_ENGLISH,0.35376344086021505,0.318742573261261,0.035020867598954064
main,fpos,embed_nommd_fullctx_lightgbm,embedding_stack,lightgbm,PAIRED_ENGLISH::paired_english::m57_191105_141906::MountainSort4::21,PAIRED_ENGLISH::paired_english::m57_191105_141906,PAIRED_ENGLISH,0.3323335332933413,0.4724145233631134,0.1400809900697721
main,fpos,embed_nommd_fullctx_lightgbm,embedding_stack,lightgbm,PAIRED_ENGLISH::paired_english::m57_191105_141906::MountainSort4::57,PAIRED_ENGLISH::paired_english::m57_191105_141906,PAIRED_ENGLISH,0.23853211009174313,0.30048954486846924,0.061957434776726106
main,fpos,embed_nommd_fullctx_lightgbm,embedding_stack,lightgbm,PAIRED_ENGLISH::paired_english::m57_191105_141906::SpykingCircus::12,PAIRED_ENGLISH::paired_english::m57_191105_141906,PAIRED_ENGLISH,0.3535228677379481,0.3309558928012848,0.02256697493666332
main,fpos,embed_nommd_fullctx_lightgbm,embedding_stack,lightgbm,PAIRED_ENGLISH::paired_english::m57_191105_141906::SpykingCircus::30,PAIRED_ENGLISH::paired_english::m57_191105_141906,PAIRED_ENGLISH,0.2040332147093713,0.12548336386680603,0.07854985084256527
main,fpos,embed_nommd_fullctx_lightgbm,embedding_stack,lightgbm,PAIRED_ENGLISH::paired_english::m57_191105_160026::HerdingSpikes2::1,PAIRED_ENGLISH::paired_english::m57_191105_160026,PAIRED_ENGLISH,0.13630229419703105,0.28087908029556274,0.1445767860985317
main,fpos,embed_nommd_fullctx_lightgbm,embedding_stack,lightgbm,PAIRED_ENGLISH::paired_english::m57_191105_160026::IronClust::2,PAIRED_ENGLISH::paired_english::m57_191105_160026,PAIRED_ENGLISH,0.5044008124576845,0.22342447936534882,0.2809763330923357
main,fpos,embed_nommd_fullctx_lightgbm,embedding_stack,lightgbm,PAIRED_ENGLISH::paired_english::m57_191105_160026::IronClust::3,PAIRED_ENGLISH::paired_english::m57_191105_160026,PAIRED_ENGLISH,0.05838815789473684,0.29453158378601074,0.2361434258912739
main,fpos,embed_nommd_fullctx_lightgbm,embedding_stack,lightgbm,PAIRED_ENGLISH::paired_english::m57_191105_160026::KiloSort::127,PAIRED_ENGLISH::paired_english::m57_191105_160026,PAIRED_ENGLISH,0.5003422313483915,0.20955325663089752,0.290788974717494
main,fpos,embed_nommd_fullctx_lightgbm,embedding_stack,lightgbm,PAIRED_ENGLISH::paired_english::m57_191105_160026::KiloSort::6,PAIRED_ENGLISH::paired_english::m57_191105_160026,PAIRED_ENGLISH,0.02531645569620253,0.18077445030212402,0.1554579946059215
main,fpos,embed_nommd_fullctx_lightgbm,embedding_stack,lightgbm,PAIRED_ENGLISH::paired_english::m57_191105_160026::MountainSort4::23,PAIRED_ENGLISH::paired_english::m57_191105_160026,PAIRED_ENGLISH,0.6737967914438503,0.13896968960762024,0.5348271018362301
main,fpos,embed_nommd_fullctx_lightgbm,embedding_stack,lightgbm,PAIRED_ENGLISH::paired_english::m57_191105_160026::MountainSort4::25,PAIRED_ENGLISH::paired_english::m57_191105_160026,PAIRED_ENGLISH,0.14568081991215226,0.30459973216056824,0.15891891224841598
main,fpos,embed_nommd_fullctx_lightgbm,embedding_stack,lightgbm,PAIRED_ENGLISH::paired_english::m57_191105_160026::SpykingCircus::2,PAIRED_ENGLISH::paired_english::m57_191105_160026,PAIRED_ENGLISH,0.6860282574568289,0.3770192563533783,0.30900900110345064
main,fpos,embed_nommd_fullctx_lightgbm,embedding_stack,lightgbm,PAIRED_ENGLISH::paired_english::m57_191105_160026::SpykingCircus::4,PAIRED_ENGLISH::paired_english::m57_191105_160026,PAIRED_ENGLISH,0.056790123456790124,0.24023504555225372,0.1834449220954636
main,fpos,embed_nommd_fullctx_lightgbm,embedding_stack,lightgbm,PAIRED_ENGLISH::paired_english::m57_191105_160026::Tridesclous::0,PAIRED_ENGLISH::paired_english::m57_191105_160026,PAIRED_ENGLISH,0.8589226823012093,0.46770796179771423,0.39121472050349504
main,fpos,embed_nommd_fullctx_lightgbm,embedding_stack,lightgbm,PAIRED_KAMPFF::paired_kampff::c14::HerdingSpikes2::6,PAIRED_KAMPFF::paired_kampff::c14,PAIRED_KAMPFF,0.25090444775484144,0.1014370545744896,0.14946739318035185
main,fpos,embed_nommd_fullctx_lightgbm,embedding_stack,lightgbm,PAIRED_KAMPFF::paired_kampff::c14::IronClust::22,PAIRED_KAMPFF::paired_kampff::c14,PAIRED_KAMPFF,0.2240655987795576,0.10435855388641357,0.11970704489314402
main,fpos,embed_nommd_fullctx_lightgbm,embedding_stack,lightgbm,PAIRED_KAMPFF::paired_kampff::c14::KiloSort2::37,PAIRED_KAMPFF::paired_kampff::c14,PAIRED_KAMPFF,0.23899885489939474,0.17276276648044586,0.06623608841894887
main,fpos,embed_nommd_fullctx_lightgbm,embedding_stack,lightgbm,PAIRED_KAMPFF::paired_kampff::c14::MountainSort4::42,PAIRED_KAMPFF::paired_kampff::c14,PAIRED_KAMPFF,0.031842105263157894,0.03394355997443199,0.0021014547112740978
main,fpos,embed_nommd_fullctx_lightgbm,embedding_stack,lightgbm,PAIRED_KAMPFF::paired_kampff::c14::SpykingCircus::14,PAIRED_KAMPFF::paired_kampff::c14,PAIRED_KAMPFF,0.0993841579953281,0.0676540806889534,0.0317300773063747
main,fpos,embed_nommd_fullctx_lightgbm,embedding_stack,lightgbm,PAIRED_KAMPFF::paired_kampff::c14::Tridesclous::8,PAIRED_KAMPFF::paired_kampff::c14,PAIRED_KAMPFF,0.7298130782302221,0.5776222348213196,0.15219084340890254
main,fpos,embed_nommd_fullctx_lightgbm,embedding_stack,lightgbm,PAIRED_MEA64C_YGER::paired_mea64c::20170622_patch1::HerdingSpikes2::19,PAIRED_MEA64C_YGER::paired_mea64c::20170622_patch1,PAIRED_MEA64C_YGER,0.3048016701461378,0.21329423785209656,0.09150743229404124
main,fpos,embed_nommd_fullctx_lightgbm,embedding_stack,lightgbm,PAIRED_MEA64C_YGER::paired_mea64c::20170622_patch1::HerdingSpikes2::7,PAIRED_MEA64C_YGER::paired_mea64c::20170622_patch1,PAIRED_MEA64C_YGER,0.006430868167202572,0.06251106411218643,0.05608019594498386
main,fpos,embed_nommd_fullctx_lightgbm,embedding_stack,lightgbm,PAIRED_MEA64C_YGER::paired_mea64c::20170622_patch1::IronClust::8,PAIRED_MEA64C_YGER::paired_mea64c::20170622_patch1,PAIRED_MEA64C_YGER,0.32512992968511156,0.1447293907403946,0.18040053894471697
main,fpos,embed_nommd_fullctx_lightgbm,embedding_stack,lightgbm,PAIRED_MEA64C_YGER::paired_mea64c::20170622_patch1::KiloSort2::23,PAIRED_MEA64C_YGER::paired_mea64c::20170622_patch1,PAIRED_MEA64C_YGER,0.0,0.021290604025125504,0.021290604025125504
main,fpos,embed_nommd_fullctx_lightgbm,embedding_stack,lightgbm,PAIRED_MEA64C_YGER::paired_mea64c::20170622_patch1::KiloSort::64,PAIRED_MEA64C_YGER::paired_mea64c::20170622_patch1,PAIRED_MEA64C_YGER,0.00022805017103762827,0.02068670094013214,0.020458650769094512
main,fpos,embed_nommd_fullctx_lightgbm,embedding_stack,lightgbm,PAIRED_MEA64C_YGER::paired_mea64c::20170622_patch1::Klusta::4,PAIRED_MEA64C_YGER::paired_mea64c::20170622_patch1,PAIRED_MEA64C_YGER,0.0050424628450106155,0.03068714588880539,0.025644683043794775
main,fpos,embed_nommd_fullctx_lightgbm,embedding_stack,lightgbm,PAIRED_MEA64C_YGER::paired_mea64c::20170622_patch1::MountainSort4::43,PAIRED_MEA64C_YGER::paired_mea64c::20170622_patch1,PAIRED_MEA64C_YGER,0.0040494938132733405,0.025018755346536636,0.020969261533263298
main,fpos,embed_nommd_fullctx_lightgbm,embedding_stack,lightgbm,PAIRED_MEA64C_YGER::paired_mea64c::20170622_patch1::SpykingCircus::18,PAIRED_MEA64C_YGER::paired_mea64c::20170622_patch1,PAIRED_MEA64C_YGER,0.00022079929344226098,0.0224154070019722,0.022194607708529938
main,fpos,embed_nommd_fullctx_lightgbm,embedding_stack,lightgbm,PAIRED_MEA64C_YGER::paired_mea64c::20170622_patch1::Tridesclous::12,PAIRED_MEA64C_YGER::paired_mea64c::20170622_patch1,PAIRED_MEA64C_YGER,0.013830024537140308,0.028618190437555313,0.014788165900415005
main,fpos,embed_nommd_fullctx_lightgbm,embedding_stack,lightgbm,PAIRED_MEA64C_YGER::paired_mea64c::20170622_patch2::HerdingSpikes2::16,PAIRED_MEA64C_YGER::paired_mea64c::20170622_patch2,PAIRED_MEA64C_YGER,0.18683274021352314,0.11769512295722961,0.06913761725629353
main,fpos,embed_nommd_fullctx_lightgbm,embedding_stack,lightgbm,PAIRED_MEA64C_YGER::paired_mea64c::20170622_patch2::HerdingSpikes2::44,PAIRED_MEA64C_YGER::paired_mea64c::20170622_patch2,PAIRED_MEA64C_YGER,0.4028520499108734,0.13233152031898499,0.27052052959188844
main,fpos,embed_nommd_fullctx_lightgbm,embedding_stack,lightgbm,PAIRED_MEA64C_YGER::paired_mea64c::20170622_patch2::HerdingSpikes2::5,PAIRED_MEA64C_YGER::paired_mea64c::20170622_patch2,PAIRED_MEA64C_YGER,0.06115992970123023,0.006644237320870161,0.05451569238036007
main,fpos,embed_nommd_fullctx_lightgbm,embedding_stack,lightgbm,PAIRED_MEA64C_YGER::paired_mea64c::20170622_patch2::IronClust::11,PAIRED_MEA64C_YGER::paired_mea64c::20170622_patch2,PAIRED_MEA64C_YGER,0.061366806136680614,0.005875676870346069,0.055491129266334545
main,fpos,embed_nommd_fullctx_lightgbm,embedding_stack,lightgbm,PAIRED_MEA64C_YGER::paired_mea64c::20170622_patch2::JRClust::31,PAIRED_MEA64C_YGER::paired_mea64c::20170622_patch2,PAIRED_MEA64C_YGER,0.06118881118881119,0.0033398880623281,0.05784892312648309
main,fpos,embed_nommd_fullctx_lightgbm,embedding_stack,lightgbm,PAIRED_MEA64C_YGER::paired_mea64c::20170622_patch2::KiloSort2::33,PAIRED_MEA64C_YGER::paired_mea64c::20170622_patch2,PAIRED_MEA64C_YGER,0.061409630146545706,0.004211446736007929,0.05719818341053778
main,fpos,embed_nommd_fullctx_lightgbm,embedding_stack,lightgbm,PAIRED_MEA64C_YGER::paired_mea64c::20170622_patch2::KiloSort::5,PAIRED_MEA64C_YGER::paired_mea64c::20170622_patch2,PAIRED_MEA64C_YGER,0.06143106457242583,0.006056715734302998,0.05537434883812283
main,fpos,embed_nommd_fullctx_lightgbm,embedding_stack,lightgbm,PAIRED_MEA64C_YGER::paired_mea64c::20170622_patch2::Klusta::14,PAIRED_MEA64C_YGER::paired_mea64c::20170622_patch2,PAIRED_MEA64C_YGER,0.05860349127182045,0.0034428793005645275,0.05516061197125592
main,fpos,embed_nommd_fullctx_lightgbm,embedding_stack,lightgbm,PAIRED_MEA64C_YGER::paired_mea64c::20170622_patch2::MountainSort4::31,PAIRED_MEA64C_YGER::paired_mea64c::20170622_patch2,PAIRED_MEA64C_YGER,0.07713404182379156,0.017923185601830482,0.05921085622196108
main,fpos,embed_nommd_fullctx_lightgbm,embedding_stack,lightgbm,PAIRED_MEA64C_YGER::paired_mea64c::20170622_patch2::SpykingCircus::17,PAIRED_MEA64C_YGER::paired_mea64c::20170622_patch2,PAIRED_MEA64C_YGER,0.061366806136680614,0.004789983853697777,0.05657682228298284
main,fpos,embed_nommd_fullctx_lightgbm,embedding_stack,lightgbm,PAIRED_MEA64C_YGER::paired_mea64c::20170622_patch2::Tridesclous::0,PAIRED_MEA64C_YGER::paired_mea64c::20170622_patch2,PAIRED_MEA64C_YGER,0.061366806136680614,0.006120138335973024,0.05524666780070759
main,fpos,embed_nommd_fullctx_lightgbm_filtered,embedding_stack_filtered,lightgbm,PAIRED_BOYDEN::paired_boyden32c::1103_1_1::IronClust::4,PAIRED_BOYDEN::paired_boyden32c::1103_1_1,PAIRED_BOYDEN,0.11363636363636363,0.2754966914653778,0.16186032782901416
main,fpos,embed_nommd_fullctx_lightgbm_filtered,embedding_stack_filtered,lightgbm,PAIRED_BOYDEN::paired_boyden32c::1103_1_1::JRClust::18,PAIRED_BOYDEN::paired_boyden32c::1103_1_1,PAIRED_BOYDEN,0.26138147566718994,0.2744523882865906,0.013070912619400632
main,fpos,embed_nommd_fullctx_lightgbm_filtered,embedding_stack_filtered,lightgbm,PAIRED_BOYDEN::paired_boyden32c::1103_1_1::KiloSort2::33,PAIRED_BOYDEN::paired_boyden32c::1103_1_1,PAIRED_BOYDEN,0.17066290550070523,0.3004859387874603,0.1298230332867551
main,fpos,embed_nommd_fullctx_lightgbm_filtered,embedding_stack_filtered,lightgbm,PAIRED_BOYDEN::paired_boyden32c::1103_1_1::KiloSort2::55,PAIRED_BOYDEN::paired_boyden32c::1103_1_1,PAIRED_BOYDEN,0.3333333333333333,0.16637688875198364,0.16695644458134967
main,fpos,embed_nommd_fullctx_lightgbm_filtered,embedding_stack_filtered,lightgbm,PAIRED_BOYDEN::paired_boyden32c::1103_1_1::KiloSort2::60,PAIRED_BOYDEN::paired_boyden32c::1103_1_1,PAIRED_BOYDEN,0.15878378378378377,0.11829109489917755,0.04049268888460622
main,fpos,embed_nommd_fullctx_lightgbm_filtered,embedding_stack_filtered,lightgbm,PAIRED_BOYDEN::paired_boyden32c::1103_1_1::KiloSort::111,PAIRED_BOYDEN::paired_boyden32c::1103_1_1,PAIRED_BOYDEN,0.11241007194244604,0.3047448992729187,0.19233482733047266
main,fpos,embed_nommd_fullctx_lightgbm_filtered,embedding_stack_filtered,lightgbm,PAIRED_BOYDEN::paired_boyden32c::1103_1_1::Klusta::12,PAIRED_BOYDEN::paired_boyden32c::1103_1_1,PAIRED_BOYDEN,0.156686626746507,0.23981796205043793,0.08313133530393094
main,fpos,embed_nommd_fullctx_lightgbm_filtered,embedding_stack_filtered,lightgbm,PAIRED_BOYDEN::paired_boyden32c::1103_1_1::MountainSort4::26,PAIRED_BOYDEN::paired_boyden32c::1103_1_1,PAIRED_BOYDEN,0.30532212885154064,0.27899909019470215,0.026323038656838493
main,fpos,embed_nommd_fullctx_lightgbm_filtered,embedding_stack_filtered,lightgbm,PAIRED_BOYDEN::paired_boyden32c::1103_1_1::SpykingCircus::27,PAIRED_BOYDEN::paired_boyden32c::1103_1_1,PAIRED_BOYDEN,0.12258064516129032,0.193764790892601,0.0711841457313107
main,fpos,embed_nommd_fullctx_lightgbm_filtered,embedding_stack_filtered,lightgbm,PAIRED_BOYDEN::paired_boyden32c::1103_1_1::Tridesclous::3,PAIRED_BOYDEN::paired_boyden32c::1103_1_1,PAIRED_BOYDEN,0.2613268608414239,0.4228823781013489,0.16155551725992495
main,fpos,embed_nommd_fullctx_lightgbm_filtered,embedding_stack_filtered,lightgbm,PAIRED_BOYDEN::paired_boyden32c::419_1_8::IronClust::14,PAIRED_BOYDEN::paired_boyden32c::419_1_8,PAIRED_BOYDEN,0.0663265306122449,0.013950947672128677,0.052375582940116225
main,fpos,embed_nommd_fullctx_lightgbm_filtered,embedding_stack_filtered,lightgbm,PAIRED_BOYDEN::paired_boyden32c::419_1_8::IronClust::4,PAIRED_BOYDEN::paired_boyden32c::419_1_8,PAIRED_BOYDEN,0.05829903978052126,0.08151054382324219,0.023211504042720925
main,fpos,embed_nommd_fullctx_lightgbm_filtered,embedding_stack_filtered,lightgbm,PAIRED_BOYDEN::paired_boyden32c::419_1_8::JRClust::24,PAIRED_BOYDEN::paired_boyden32c::419_1_8,PAIRED_BOYDEN,0.08062093139709564,0.016079025343060493,0.06454190605403515
main,fpos,embed_nommd_fullctx_lightgbm_filtered,embedding_stack_filtered,lightgbm,PAIRED_BOYDEN::paired_boyden32c::419_1_8::JRClust::8,PAIRED_BOYDEN::paired_boyden32c::419_1_8,PAIRED_BOYDEN,0.03907637655417407,0.026831129565835,0.012245246988339072
main,fpos,embed_nommd_fullctx_lightgbm_filtered,embedding_stack_filtered,lightgbm,PAIRED_BOYDEN::paired_boyden32c::419_1_8::KiloSort2::27,PAIRED_BOYDEN::paired_boyden32c::419_1_8,PAIRED_BOYDEN,0.1342059838895282,0.017615996301174164,0.11658998758835404
main,fpos,embed_nommd_fullctx_lightgbm_filtered,embedding_stack_filtered,lightgbm,PAIRED_BOYDEN::paired_boyden32c::419_1_8::KiloSort2::46,PAIRED_BOYDEN::paired_boyden32c::419_1_8,PAIRED_BOYDEN,0.02341480088873697,0.03179699555039406,0.00838219466165709
main,fpos,embed_nommd_fullctx_lightgbm_filtered,embedding_stack_filtered,lightgbm,PAIRED_BOYDEN::paired_boyden32c::419_1_8::KiloSort::17,PAIRED_BOYDEN::paired_boyden32c::419_1_8,PAIRED_BOYDEN,0.06424161521775405,0.017657527700066566,0.046584087517687486
main,fpos,embed_nommd_fullctx_lightgbm_filtered,embedding_stack_filtered,lightgbm,PAIRED_BOYDEN::paired_boyden32c::419_1_8::MountainSort4::42,PAIRED_BOYDEN::paired_boyden32c::419_1_8,PAIRED_BOYDEN,0.16482219271063892,0.06425014138221741,0.10057205132842151
main,fpos,embed_nommd_fullctx_lightgbm_filtered,embedding_stack_filtered,lightgbm,PAIRED_BOYDEN::paired_boyden32c::419_1_8::SpykingCircus::24,PAIRED_BOYDEN::paired_boyden32c::419_1_8,PAIRED_BOYDEN,0.24721080446271285,0.164620041847229,0.08259076261548384
main,fpos,embed_nommd_fullctx_lightgbm_filtered,embedding_stack_filtered,lightgbm,PAIRED_BOYDEN::paired_boyden32c::419_1_8::SpykingCircus::28,PAIRED_BOYDEN::paired_boyden32c::419_1_8,PAIRED_BOYDEN,0.029543112332531776,0.014471595175564289,0.015071517156967487
main,fpos,embed_nommd_fullctx_lightgbm_filtered,embedding_stack_filtered,lightgbm,PAIRED_BOYDEN::paired_boyden32c::419_1_8::Tridesclous::0,PAIRED_BOYDEN::paired_boyden32c::419_1_8,PAIRED_BOYDEN,0.15585806056898133,0.0928940623998642,0.06296399816911713
main,fpos,embed_nommd_fullctx_lightgbm_filtered,embedding_stack_filtered,lightgbm,PAIRED_CRCNS_HC1::paired_crcns::d11221_d11221.001::SpykingCircus::6,PAIRED_CRCNS_HC1::paired_crcns::d11221_d11221.001,PAIRED_CRCNS_HC1,0.8835978835978836,0.5475690364837646,0.33602884711411896
main,fpos,embed_nommd_fullctx_lightgbm_filtered,embedding_stack_filtered,lightgbm,PAIRED_CRCNS_HC1::paired_crcns::d11222_d11222.002::IronClust::2,PAIRED_CRCNS_HC1::paired_crcns::d11222_d11222.002,PAIRED_CRCNS_HC1,0.04466019417475728,0.18645043671131134,0.14179024253655406
main,fpos,embed_nommd_fullctx_lightgbm_filtered,embedding_stack_filtered,lightgbm,PAIRED_CRCNS_HC1::paired_crcns::d11222_d11222.002::JRClust::3,PAIRED_CRCNS_HC1::paired_crcns::d11222_d11222.002,PAIRED_CRCNS_HC1,0.039337474120082816,0.05580586567521095,0.016468391555128137
main,fpos,embed_nommd_fullctx_lightgbm_filtered,embedding_stack_filtered,lightgbm,PAIRED_CRCNS_HC1::paired_crcns::d11222_d11222.002::KiloSort2::10,PAIRED_CRCNS_HC1::paired_crcns::d11222_d11222.002,PAIRED_CRCNS_HC1,0.550417469492614,0.07417329400777817,0.4762441754848359
main,fpos,embed_nommd_fullctx_lightgbm_filtered,embedding_stack_filtered,lightgbm,PAIRED_CRCNS_HC1::paired_crcns::d11222_d11222.002::KiloSort::1,PAIRED_CRCNS_HC1::paired_crcns::d11222_d11222.002,PAIRED_CRCNS_HC1,0.03337783711615487,0.10201652348041534,0.06863868636426047
main,fpos,embed_nommd_fullctx_lightgbm_filtered,embedding_stack_filtered,lightgbm,PAIRED_CRCNS_HC1::paired_crcns::d11222_d11222.002::Klusta::2,PAIRED_CRCNS_HC1::paired_crcns::d11222_d11222.002,PAIRED_CRCNS_HC1,0.008777852802160702,0.09088551998138428,0.08210766717922358
main,fpos,embed_nommd_fullctx_lightgbm_filtered,embedding_stack_filtered,lightgbm,PAIRED_CRCNS_HC1::paired_crcns::d11222_d11222.002::MountainSort4::4,PAIRED_CRCNS_HC1::paired_crcns::d11222_d11222.002,PAIRED_CRCNS_HC1,0.360427807486631,0.256957471370697,0.10347033611593398
main,fpos,embed_nommd_fullctx_lightgbm_filtered,embedding_stack_filtered,lightgbm,PAIRED_CRCNS_HC1::paired_crcns::d11222_d11222.002::SpykingCircus::4,PAIRED_CRCNS_HC1::paired_crcns::d11222_d11222.002,PAIRED_CRCNS_HC1,0.11986754966887417,0.09240623563528061,0.02746131403359356
main,fpos,embed_nommd_fullctx_lightgbm_filtered,embedding_stack_filtered,lightgbm,PAIRED_CRCNS_HC1::paired_crcns::d11222_d11222.002::Tridesclous::0,PAIRED_CRCNS_HC1::paired_crcns::d11222_d11222.002,PAIRED_CRCNS_HC1,0.021164021164021163,0.12184193730354309,0.10067791613952193
main,fpos,embed_nommd_fullctx_lightgbm_filtered,embedding_stack_filtered,lightgbm,PAIRED_ENGLISH::paired_english::m139_200114_191955::KiloSort2::25,PAIRED_ENGLISH::paired_english::m139_200114_191955,PAIRED_ENGLISH,0.7302739726027397,0.4445832371711731,0.28569073543156664
main,fpos,embed_nommd_fullctx_lightgbm_filtered,embedding_stack_filtered,lightgbm,PAIRED_ENGLISH::paired_english::m139_200114_191955::MountainSort4::36,PAIRED_ENGLISH::paired_english::m139_200114_191955,PAIRED_ENGLISH,0.8735255086994986,0.7647866010665894,0.10873890763290928
main,fpos,embed_nommd_fullctx_lightgbm_filtered,embedding_stack_filtered,lightgbm,PAIRED_ENGLISH::paired_english::m139_200114_191955::SpykingCircus::42,PAIRED_ENGLISH::paired_english::m139_200114_191955,PAIRED_ENGLISH,0.5584045584045584,0.3655869662761688,0.19281759212838956
main,fpos,embed_nommd_fullctx_lightgbm_filtered,embedding_stack_filtered,lightgbm,PAIRED_ENGLISH::paired_english::m139_200114_222743::HerdingSpikes2::5,PAIRED_ENGLISH::paired_english::m139_200114_222743,PAIRED_ENGLISH,0.03257707969749855,0.13987378776073456,0.10729670806323602
main,fpos,embed_nommd_fullctx_lightgbm_filtered,embedding_stack_filtered,lightgbm,PAIRED_ENGLISH::paired_english::m139_200114_222743::IronClust::17,PAIRED_ENGLISH::paired_english::m139_200114_222743,PAIRED_ENGLISH,0.02675196277987787,0.1473996937274933,0.12064773094761541
main,fpos,embed_nommd_fullctx_lightgbm_filtered,embedding_stack_filtered,lightgbm,PAIRED_ENGLISH::paired_english::m139_200114_222743::KiloSort2::26,PAIRED_ENGLISH::paired_english::m139_200114_222743,PAIRED_ENGLISH,0.028645087367516472,0.11996551603078842,0.09132042866327195
main,fpos,embed_nommd_fullctx_lightgbm_filtered,embedding_stack_filtered,lightgbm,PAIRED_ENGLISH::paired_english::m139_200114_222743::KiloSort::88,PAIRED_ENGLISH::paired_english::m139_200114_222743,PAIRED_ENGLISH,0.015151515151515152,0.14397463202476501,0.12882311687324988
main,fpos,embed_nommd_fullctx_lightgbm_filtered,embedding_stack_filtered,lightgbm,PAIRED_ENGLISH::paired_english::m139_200114_222743::MountainSort4::46,PAIRED_ENGLISH::paired_english::m139_200114_222743,PAIRED_ENGLISH,0.039886039886039885,0.32065457105636597,0.2807685311703261
main,fpos,embed_nommd_fullctx_lightgbm_filtered,embedding_stack_filtered,lightgbm,PAIRED_ENGLISH::paired_english::m139_200114_222743::SpykingCircus::44,PAIRED_ENGLISH::paired_english::m139_200114_222743,PAIRED_ENGLISH,0.028064146620847653,0.09905106574296951,0.07098691912212186
main,fpos,embed_nommd_fullctx_lightgbm_filtered,embedding_stack_filtered,lightgbm,PAIRED_ENGLISH::paired_english::m139_200114_222743::Tridesclous::1,PAIRED_ENGLISH::paired_english::m139_200114_222743,PAIRED_ENGLISH,0.3089646722483153,0.33062946796417236,0.021664795715857055
main,fpos,embed_nommd_fullctx_lightgbm_filtered,embedding_stack_filtered,lightgbm,PAIRED_ENGLISH::paired_english::m14_190326_155432::IronClust::22,PAIRED_ENGLISH::paired_english::m14_190326_155432,PAIRED_ENGLISH,0.0481651376146789,0.034044817090034485,0.014120320524644417
main,fpos,embed_nommd_fullctx_lightgbm_filtered,embedding_stack_filtered,lightgbm,PAIRED_ENGLISH::paired_english::m14_190326_155432::MountainSort4::33,PAIRED_ENGLISH::paired_english::m14_190326_155432,PAIRED_ENGLISH,0.1981651376146789,0.18714626133441925,0.01101887628025966
main,fpos,embed_nommd_fullctx_lightgbm_filtered,embedding_stack_filtered,lightgbm,PAIRED_ENGLISH::paired_english::m14_190326_155432::SpykingCircus::38,PAIRED_ENGLISH::paired_english::m14_190326_155432,PAIRED_ENGLISH,0.013363028953229399,0.05449719727039337,0.041134168317163974
main,fpos,embed_nommd_fullctx_lightgbm_filtered,embedding_stack_filtered,lightgbm,PAIRED_ENGLISH::paired_english::m15_190315_142052_cell1::IronClust::40,PAIRED_ENGLISH::paired_english::m15_190315_142052_cell1,PAIRED_ENGLISH,0.2679960401640503,0.47557756304740906,0.20758152288335874
main,fpos,embed_nommd_fullctx_lightgbm_filtered,embedding_stack_filtered,lightgbm,PAIRED_ENGLISH::paired_english::m15_190315_142052_cell1::KiloSort2::48,PAIRED_ENGLISH::paired_english::m15_190315_142052_cell1,PAIRED_ENGLISH,0.8627861694595232,0.3582495450973511,0.5045366243621722
main,fpos,embed_nommd_fullctx_lightgbm_filtered,embedding_stack_filtered,lightgbm,PAIRED_ENGLISH::paired_english::m15_190315_142052_cell1::MountainSort4::62,PAIRED_ENGLISH::paired_english::m15_190315_142052_cell1,PAIRED_ENGLISH,0.8769885383524361,0.3838266432285309,0.4931618951239052
main,fpos,embed_nommd_fullctx_lightgbm_filtered,embedding_stack_filtered,lightgbm,PAIRED_ENGLISH::paired_english::m15_190315_142052_cell1::MountainSort4::64,PAIRED_ENGLISH::paired_english::m15_190315_142052_cell1,PAIRED_ENGLISH,0.14704761904761904,0.08175939321517944,0.0652882258324396
main,fpos,embed_nommd_fullctx_lightgbm_filtered,embedding_stack_filtered,lightgbm,PAIRED_ENGLISH::paired_english::m15_190315_142052_cell1::SpykingCircus::22,PAIRED_ENGLISH::paired_english::m15_190315_142052_cell1,PAIRED_ENGLISH,0.23500526131182042,0.5728363990783691,0.3378311377665487
main,fpos,embed_nommd_fullctx_lightgbm_filtered,embedding_stack_filtered,lightgbm,PAIRED_ENGLISH::paired_english::m15_190315_142052_cell1::SpykingCircus::57,PAIRED_ENGLISH::paired_english::m15_190315_142052_cell1,PAIRED_ENGLISH,0.6499202551834131,0.30330994725227356,0.34661030793113956
main,fpos,embed_nommd_fullctx_lightgbm_filtered,embedding_stack_filtered,lightgbm,PAIRED_ENGLISH::paired_english::m15_190315_152315_cell1::IronClust::35,PAIRED_ENGLISH::paired_english::m15_190315_152315_cell1,PAIRED_ENGLISH,0.002592440987856461,0.05614645779132843,0.05355401680347197
main,fpos,embed_nommd_fullctx_lightgbm_filtered,embedding_stack_filtered,lightgbm,PAIRED_ENGLISH::paired_english::m15_190315_152315_cell1::KiloSort2::37,PAIRED_ENGLISH::paired_english::m15_190315_152315_cell1,PAIRED_ENGLISH,0.00039059957034047265,0.06507881730794907,0.06468821773760859
main,fpos,embed_nommd_fullctx_lightgbm_filtered,embedding_stack_filtered,lightgbm,PAIRED_ENGLISH::paired_english::m15_190315_152315_cell1::KiloSort::1,PAIRED_ENGLISH::paired_english::m15_190315_152315_cell1,PAIRED_ENGLISH,6.528267397832615e-05,0.0854896530508995,0.08542437037692117
main,fpos,embed_nommd_fullctx_lightgbm_filtered,embedding_stack_filtered,lightgbm,PAIRED_ENGLISH::paired_english::m15_190315_152315_cell1::MountainSort4::72,PAIRED_ENGLISH::paired_english::m15_190315_152315_cell1,PAIRED_ENGLISH,0.052174468356855484,0.32378512620925903,0.27161065785240357
main,fpos,embed_nommd_fullctx_lightgbm_filtered,embedding_stack_filtered,lightgbm,PAIRED_ENGLISH::paired_english::m15_190315_152315_cell1::SpykingCircus::46,PAIRED_ENGLISH::paired_english::m15_190315_152315_cell1,PAIRED_ENGLISH,0.010891280531030483,0.054691243916749954,0.04379996338571947
main,fpos,embed_nommd_fullctx_lightgbm_filtered,embedding_stack_filtered,lightgbm,PAIRED_ENGLISH::paired_english::m15_190315_152315_cell1::Tridesclous::0,PAIRED_ENGLISH::paired_english::m15_190315_152315_cell1,PAIRED_ENGLISH,0.8482136225209834,0.423750102519989,0.4244635200009944
main,fpos,embed_nommd_fullctx_lightgbm_filtered,embedding_stack_filtered,lightgbm,PAIRED_ENGLISH::paired_english::m26_190524_100859_cell1::KiloSort2::0,PAIRED_ENGLISH::paired_english::m26_190524_100859_cell1,PAIRED_ENGLISH,0.38315988647114474,0.29156917333602905,0.09159071313511569
main,fpos,embed_nommd_fullctx_lightgbm_filtered,embedding_stack_filtered,lightgbm,PAIRED_ENGLISH::paired_english::m26_190524_100859_cell1::KiloSort::19,PAIRED_ENGLISH::paired_english::m26_190524_100859_cell1,PAIRED_ENGLISH,0.2440677966101695,0.16578462719917297,0.07828316941099653
main,fpos,embed_nommd_fullctx_lightgbm_filtered,embedding_stack_filtered,lightgbm,PAIRED_ENGLISH::paired_english::m26_190524_100859_cell1::KiloSort::8,PAIRED_ENGLISH::paired_english::m26_190524_100859_cell1,PAIRED_ENGLISH,0.6505139500734214,0.24902789294719696,0.4014860571262244
main,fpos,embed_nommd_fullctx_lightgbm_filtered,embedding_stack_filtered,lightgbm,PAIRED_ENGLISH::paired_english::m57_191105_141906::IronClust::6,PAIRED_ENGLISH::paired_english::m57_191105_141906,PAIRED_ENGLISH,0.31826625386996904,0.32321956753730774,0.004953313667338699
main,fpos,embed_nommd_fullctx_lightgbm_filtered,embedding_stack_filtered,lightgbm,PAIRED_ENGLISH::paired_english::m57_191105_141906::KiloSort::47,PAIRED_ENGLISH::paired_english::m57_191105_141906,PAIRED_ENGLISH,0.35376344086021505,0.38179513812065125,0.028031697260436195
main,fpos,embed_nommd_fullctx_lightgbm_filtered,embedding_stack_filtered,lightgbm,PAIRED_ENGLISH::paired_english::m57_191105_141906::MountainSort4::21,PAIRED_ENGLISH::paired_english::m57_191105_141906,PAIRED_ENGLISH,0.3323335332933413,0.5629607439041138,0.23062721061077246
main,fpos,embed_nommd_fullctx_lightgbm_filtered,embedding_stack_filtered,lightgbm,PAIRED_ENGLISH::paired_english::m57_191105_141906::MountainSort4::57,PAIRED_ENGLISH::paired_english::m57_191105_141906,PAIRED_ENGLISH,0.23853211009174313,0.26497918367385864,0.02644707358211551
main,fpos,embed_nommd_fullctx_lightgbm_filtered,embedding_stack_filtered,lightgbm,PAIRED_ENGLISH::paired_english::m57_191105_141906::SpykingCircus::12,PAIRED_ENGLISH::paired_english::m57_191105_141906,PAIRED_ENGLISH,0.3535228677379481,0.26314103603363037,0.09038183170431774
main,fpos,embed_nommd_fullctx_lightgbm_filtered,embedding_stack_filtered,lightgbm,PAIRED_ENGLISH::paired_english::m57_191105_141906::SpykingCircus::30,PAIRED_ENGLISH::paired_english::m57_191105_141906,PAIRED_ENGLISH,0.2040332147093713,0.12700609862804413,0.07702711608132717
main,fpos,embed_nommd_fullctx_lightgbm_filtered,embedding_stack_filtered,lightgbm,PAIRED_ENGLISH::paired_english::m57_191105_160026::HerdingSpikes2::1,PAIRED_ENGLISH::paired_english::m57_191105_160026,PAIRED_ENGLISH,0.13630229419703105,0.37827178835868835,0.2419694941616573
main,fpos,embed_nommd_fullctx_lightgbm_filtered,embedding_stack_filtered,lightgbm,PAIRED_ENGLISH::paired_english::m57_191105_160026::IronClust::2,PAIRED_ENGLISH::paired_english::m57_191105_160026,PAIRED_ENGLISH,0.5044008124576845,0.2375960499048233,0.26680476255286123
main,fpos,embed_nommd_fullctx_lightgbm_filtered,embedding_stack_filtered,lightgbm,PAIRED_ENGLISH::paired_english::m57_191105_160026::IronClust::3,PAIRED_ENGLISH::paired_english::m57_191105_160026,PAIRED_ENGLISH,0.05838815789473684,0.3662617802619934,0.30787362236725657
main,fpos,embed_nommd_fullctx_lightgbm_filtered,embedding_stack_filtered,lightgbm,PAIRED_ENGLISH::paired_english::m57_191105_160026::KiloSort::127,PAIRED_ENGLISH::paired_english::m57_191105_160026,PAIRED_ENGLISH,0.5003422313483915,0.23822428286075592,0.2621179484876356
main,fpos,embed_nommd_fullctx_lightgbm_filtered,embedding_stack_filtered,lightgbm,PAIRED_ENGLISH::paired_english::m57_191105_160026::KiloSort::6,PAIRED_ENGLISH::paired_english::m57_191105_160026,PAIRED_ENGLISH,0.02531645569620253,0.1862764209508896,0.16095996525468706
main,fpos,embed_nommd_fullctx_lightgbm_filtered,embedding_stack_filtered,lightgbm,PAIRED_ENGLISH::paired_english::m57_191105_160026::MountainSort4::23,PAIRED_ENGLISH::paired_english::m57_191105_160026,PAIRED_ENGLISH,0.6737967914438503,0.17127732932567596,0.5025194621181743
main,fpos,embed_nommd_fullctx_lightgbm_filtered,embedding_stack_filtered,lightgbm,PAIRED_ENGLISH::paired_english::m57_191105_160026::MountainSort4::25,PAIRED_ENGLISH::paired_english::m57_191105_160026,PAIRED_ENGLISH,0.14568081991215226,0.28477802872657776,0.1390972088144255
main,fpos,embed_nommd_fullctx_lightgbm_filtered,embedding_stack_filtered,lightgbm,PAIRED_ENGLISH::paired_english::m57_191105_160026::SpykingCircus::2,PAIRED_ENGLISH::paired_english::m57_191105_160026,PAIRED_ENGLISH,0.6860282574568289,0.4382268190383911,0.24780143841843782
main,fpos,embed_nommd_fullctx_lightgbm_filtered,embedding_stack_filtered,lightgbm,PAIRED_ENGLISH::paired_english::m57_191105_160026::SpykingCircus::4,PAIRED_ENGLISH::paired_english::m57_191105_160026,PAIRED_ENGLISH,0.056790123456790124,0.26171743869781494,0.2049273152410248
main,fpos,embed_nommd_fullctx_lightgbm_filtered,embedding_stack_filtered,lightgbm,PAIRED_ENGLISH::paired_english::m57_191105_160026::Tridesclous::0,PAIRED_ENGLISH::paired_english::m57_191105_160026,PAIRED_ENGLISH,0.8589226823012093,0.5783033967018127,0.28061928559939653
main,fpos,embed_nommd_fullctx_lightgbm_filtered,embedding_stack_filtered,lightgbm,PAIRED_KAMPFF::paired_kampff::c14::HerdingSpikes2::6,PAIRED_KAMPFF::paired_kampff::c14,PAIRED_KAMPFF,0.25090444775484144,0.15199175477027893,0.09891269298456251
main,fpos,embed_nommd_fullctx_lightgbm_filtered,embedding_stack_filtered,lightgbm,PAIRED_KAMPFF::paired_kampff::c14::IronClust::22,PAIRED_KAMPFF::paired_kampff::c14,PAIRED_KAMPFF,0.2240655987795576,0.1382635086774826,0.08580209010207498
main,fpos,embed_nommd_fullctx_lightgbm_filtered,embedding_stack_filtered,lightgbm,PAIRED_KAMPFF::paired_kampff::c14::KiloSort2::37,PAIRED_KAMPFF::paired_kampff::c14,PAIRED_KAMPFF,0.23899885489939474,0.20569229125976562,0.03330656363962911
main,fpos,embed_nommd_fullctx_lightgbm_filtered,embedding_stack_filtered,lightgbm,PAIRED_KAMPFF::paired_kampff::c14::MountainSort4::42,PAIRED_KAMPFF::paired_kampff::c14,PAIRED_KAMPFF,0.031842105263157894,0.05282137915492058,0.020979273891762684
main,fpos,embed_nommd_fullctx_lightgbm_filtered,embedding_stack_filtered,lightgbm,PAIRED_KAMPFF::paired_kampff::c14::SpykingCircus::14,PAIRED_KAMPFF::paired_kampff::c14,PAIRED_KAMPFF,0.0993841579953281,0.09476164728403091,0.004622510711297184
main,fpos,embed_nommd_fullctx_lightgbm_filtered,embedding_stack_filtered,lightgbm,PAIRED_KAMPFF::paired_kampff::c14::Tridesclous::8,PAIRED_KAMPFF::paired_kampff::c14,PAIRED_KAMPFF,0.7298130782302221,0.6013587117195129,0.12845436651070918
main,fpos,embed_nommd_fullctx_lightgbm_filtered,embedding_stack_filtered,lightgbm,PAIRED_MEA64C_YGER::paired_mea64c::20170622_patch1::HerdingSpikes2::19,PAIRED_MEA64C_YGER::paired_mea64c::20170622_patch1,PAIRED_MEA64C_YGER,0.3048016701461378,0.21733005344867706,0.08747161669746073
main,fpos,embed_nommd_fullctx_lightgbm_filtered,embedding_stack_filtered,lightgbm,PAIRED_MEA64C_YGER::paired_mea64c::20170622_patch1::HerdingSpikes2::7,PAIRED_MEA64C_YGER::paired_mea64c::20170622_patch1,PAIRED_MEA64C_YGER,0.006430868167202572,0.044435154646635056,0.038004286479432485
main,fpos,embed_nommd_fullctx_lightgbm_filtered,embedding_stack_filtered,lightgbm,PAIRED_MEA64C_YGER::paired_mea64c::20170622_patch1::IronClust::8,PAIRED_MEA64C_YGER::paired_mea64c::20170622_patch1,PAIRED_MEA64C_YGER,0.32512992968511156,0.16599062085151672,0.15913930883359484
main,fpos,embed_nommd_fullctx_lightgbm_filtered,embedding_stack_filtered,lightgbm,PAIRED_MEA64C_YGER::paired_mea64c::20170622_patch1::KiloSort2::23,PAIRED_MEA64C_YGER::paired_mea64c::20170622_patch1,PAIRED_MEA64C_YGER,0.0,0.019805602729320526,0.019805602729320526
main,fpos,embed_nommd_fullctx_lightgbm_filtered,embedding_stack_filtered,lightgbm,PAIRED_MEA64C_YGER::paired_mea64c::20170622_patch1::KiloSort::64,PAIRED_MEA64C_YGER::paired_mea64c::20170622_patch1,PAIRED_MEA64C_YGER,0.00022805017103762827,0.01824290305376053,0.0180148528827229
main,fpos,embed_nommd_fullctx_lightgbm_filtered,embedding_stack_filtered,lightgbm,PAIRED_MEA64C_YGER::paired_mea64c::20170622_patch1::Klusta::4,PAIRED_MEA64C_YGER::paired_mea64c::20170622_patch1,PAIRED_MEA64C_YGER,0.0050424628450106155,0.02236582338809967,0.017323360543089056
main,fpos,embed_nommd_fullctx_lightgbm_filtered,embedding_stack_filtered,lightgbm,PAIRED_MEA64C_YGER::paired_mea64c::20170622_patch1::MountainSort4::43,PAIRED_MEA64C_YGER::paired_mea64c::20170622_patch1,PAIRED_MEA64C_YGER,0.0040494938132733405,0.020230088382959366,0.016180594569686027
main,fpos,embed_nommd_fullctx_lightgbm_filtered,embedding_stack_filtered,lightgbm,PAIRED_MEA64C_YGER::paired_mea64c::20170622_patch1::SpykingCircus::18,PAIRED_MEA64C_YGER::paired_mea64c::20170622_patch1,PAIRED_MEA64C_YGER,0.00022079929344226098,0.018399933353066444,0.018179134059624184
main,fpos,embed_nommd_fullctx_lightgbm_filtered,embedding_stack_filtered,lightgbm,PAIRED_MEA64C_YGER::paired_mea64c::20170622_patch1::Tridesclous::12,PAIRED_MEA64C_YGER::paired_mea64c::20170622_patch1,PAIRED_MEA64C_YGER,0.013830024537140308,0.020698053762316704,0.006868029225176396
main,fpos,embed_nommd_fullctx_lightgbm_filtered,embedding_stack_filtered,lightgbm,PAIRED_MEA64C_YGER::paired_mea64c::20170622_patch2::HerdingSpikes2::16,PAIRED_MEA64C_YGER::paired_mea64c::20170622_patch2,PAIRED_MEA64C_YGER,0.18683274021352314,0.09584815055131912,0.09098458966220402
main,fpos,embed_nommd_fullctx_lightgbm_filtered,embedding_stack_filtered,lightgbm,PAIRED_MEA64C_YGER::paired_mea64c::20170622_patch2::HerdingSpikes2::44,PAIRED_MEA64C_YGER::paired_mea64c::20170622_patch2,PAIRED_MEA64C_YGER,0.4028520499108734,0.1156415045261383,0.2872105453847351
main,fpos,embed_nommd_fullctx_lightgbm_filtered,embedding_stack_filtered,lightgbm,PAIRED_MEA64C_YGER::paired_mea64c::20170622_patch2::HerdingSpikes2::5,PAIRED_MEA64C_YGER::paired_mea64c::20170622_patch2,PAIRED_MEA64C_YGER,0.06115992970123023,0.005419423338025808,0.05574050636320442
main,fpos,embed_nommd_fullctx_lightgbm_filtered,embedding_stack_filtered,lightgbm,PAIRED_MEA64C_YGER::paired_mea64c::20170622_patch2::IronClust::11,PAIRED_MEA64C_YGER::paired_mea64c::20170622_patch2,PAIRED_MEA64C_YGER,0.061366806136680614,0.004297269508242607,0.05706953662843801
main,fpos,embed_nommd_fullctx_lightgbm_filtered,embedding_stack_filtered,lightgbm,PAIRED_MEA64C_YGER::paired_mea64c::20170622_patch2::JRClust::31,PAIRED_MEA64C_YGER::paired_mea64c::20170622_patch2,PAIRED_MEA64C_YGER,0.06118881118881119,0.0031533106230199337,0.05803550056579126
main,fpos,embed_nommd_fullctx_lightgbm_filtered,embedding_stack_filtered,lightgbm,PAIRED_MEA64C_YGER::paired_mea64c::20170622_patch2::KiloSort2::33,PAIRED_MEA64C_YGER::paired_mea64c::20170622_patch2,PAIRED_MEA64C_YGER,0.061409630146545706,0.003314586356282234,0.05809504379026347
main,fpos,embed_nommd_fullctx_lightgbm_filtered,embedding_stack_filtered,lightgbm,PAIRED_MEA64C_YGER::paired_mea64c::20170622_patch2::KiloSort::5,PAIRED_MEA64C_YGER::paired_mea64c::20170622_patch2,PAIRED_MEA64C_YGER,0.06143106457242583,0.005218400154262781,0.05621266441816305
main,fpos,embed_nommd_fullctx_lightgbm_filtered,embedding_stack_filtered,lightgbm,PAIRED_MEA64C_YGER::paired_mea64c::20170622_patch2::Klusta::14,PAIRED_MEA64C_YGER::paired_mea64c::20170622_patch2,PAIRED_MEA64C_YGER,0.05860349127182045,0.002915514400228858,0.05568797687159159
main,fpos,embed_nommd_fullctx_lightgbm_filtered,embedding_stack_filtered,lightgbm,PAIRED_MEA64C_YGER::paired_mea64c::20170622_patch2::MountainSort4::31,PAIRED_MEA64C_YGER::paired_mea64c::20170622_patch2,PAIRED_MEA64C_YGER,0.07713404182379156,0.009942016564309597,0.06719202525948197
main,fpos,embed_nommd_fullctx_lightgbm_filtered,embedding_stack_filtered,lightgbm,PAIRED_MEA64C_YGER::paired_mea64c::20170622_patch2::SpykingCircus::17,PAIRED_MEA64C_YGER::paired_mea64c::20170622_patch2,PAIRED_MEA64C_YGER,0.061366806136680614,0.004003317095339298,0.057363489041341316
main,fpos,embed_nommd_fullctx_lightgbm_filtered,embedding_stack_filtered,lightgbm,PAIRED_MEA64C_YGER::paired_mea64c::20170622_patch2::Tridesclous::0,PAIRED_MEA64C_YGER::paired_mea64c::20170622_patch2,PAIRED_MEA64C_YGER,0.061366806136680614,0.004698095377534628,0.056668710759145986
main,fpos,embed_nommd_fullctx_lightgbm_filtered_study_bias,embedding_stack_filtered_study_bias,lightgbm,PAIRED_BOYDEN::paired_boyden32c::1103_1_1::IronClust::4,PAIRED_BOYDEN::paired_boyden32c::1103_1_1,PAIRED_BOYDEN,0.11363636363636363,0.33705514329383673,0.2234187796574731
main,fpos,embed_nommd_fullctx_lightgbm_filtered_study_bias,embedding_stack_filtered_study_bias,lightgbm,PAIRED_BOYDEN::paired_boyden32c::1103_1_1::JRClust::18,PAIRED_BOYDEN::paired_boyden32c::1103_1_1,PAIRED_BOYDEN,0.26138147566718994,0.3360108401150495,0.07462936444785956
main,fpos,embed_nommd_fullctx_lightgbm_filtered_study_bias,embedding_stack_filtered_study_bias,lightgbm,PAIRED_BOYDEN::paired_boyden32c::1103_1_1::KiloSort2::33,PAIRED_BOYDEN::paired_boyden32c::1103_1_1,PAIRED_BOYDEN,0.17066290550070523,0.36204439061591925,0.19138148511521402
main,fpos,embed_nommd_fullctx_lightgbm_filtered_study_bias,embedding_stack_filtered_study_bias,lightgbm,PAIRED_BOYDEN::paired_boyden32c::1103_1_1::KiloSort2::55,PAIRED_BOYDEN::paired_boyden32c::1103_1_1,PAIRED_BOYDEN,0.3333333333333333,0.22793534058044257,0.10539799275289075
main,fpos,embed_nommd_fullctx_lightgbm_filtered_study_bias,embedding_stack_filtered_study_bias,lightgbm,PAIRED_BOYDEN::paired_boyden32c::1103_1_1::KiloSort2::60,PAIRED_BOYDEN::paired_boyden32c::1103_1_1,PAIRED_BOYDEN,0.15878378378378377,0.17984954672763648,0.021065762943852706
main,fpos,embed_nommd_fullctx_lightgbm_filtered_study_bias,embedding_stack_filtered_study_bias,lightgbm,PAIRED_BOYDEN::paired_boyden32c::1103_1_1::KiloSort::111,PAIRED_BOYDEN::paired_boyden32c::1103_1_1,PAIRED_BOYDEN,0.11241007194244604,0.36630335110137763,0.25389327915893156
main,fpos,embed_nommd_fullctx_lightgbm_filtered_study_bias,embedding_stack_filtered_study_bias,lightgbm,PAIRED_BOYDEN::paired_boyden32c::1103_1_1::Klusta::12,PAIRED_BOYDEN::paired_boyden32c::1103_1_1,PAIRED_BOYDEN,0.156686626746507,0.30137641387889685,0.14468978713238986
main,fpos,embed_nommd_fullctx_lightgbm_filtered_study_bias,embedding_stack_filtered_study_bias,lightgbm,PAIRED_BOYDEN::paired_boyden32c::1103_1_1::MountainSort4::26,PAIRED_BOYDEN::paired_boyden32c::1103_1_1,PAIRED_BOYDEN,0.30532212885154064,0.3405575420231611,0.03523541317162043
main,fpos,embed_nommd_fullctx_lightgbm_filtered_study_bias,embedding_stack_filtered_study_bias,lightgbm,PAIRED_BOYDEN::paired_boyden32c::1103_1_1::SpykingCircus::27,PAIRED_BOYDEN::paired_boyden32c::1103_1_1,PAIRED_BOYDEN,0.12258064516129032,0.25532324272105994,0.13274259755976964
main,fpos,embed_nommd_fullctx_lightgbm_filtered_study_bias,embedding_stack_filtered_study_bias,lightgbm,PAIRED_BOYDEN::paired_boyden32c::1103_1_1::Tridesclous::3,PAIRED_BOYDEN::paired_boyden32c::1103_1_1,PAIRED_BOYDEN,0.2613268608414239,0.4844408299298078,0.22311396908838388
main,fpos,embed_nommd_fullctx_lightgbm_filtered_study_bias,embedding_stack_filtered_study_bias,lightgbm,PAIRED_BOYDEN::paired_boyden32c::419_1_8::IronClust::14,PAIRED_BOYDEN::paired_boyden32c::419_1_8,PAIRED_BOYDEN,0.0663265306122449,0.07550939950058759,0.009182868888342688
main,fpos,embed_nommd_fullctx_lightgbm_filtered_study_bias,embedding_stack_filtered_study_bias,lightgbm,PAIRED_BOYDEN::paired_boyden32c::419_1_8::IronClust::4,PAIRED_BOYDEN::paired_boyden32c::419_1_8,PAIRED_BOYDEN,0.05829903978052126,0.14306899565170111,0.08476995587117986
main,fpos,embed_nommd_fullctx_lightgbm_filtered_study_bias,embedding_stack_filtered_study_bias,lightgbm,PAIRED_BOYDEN::paired_boyden32c::419_1_8::JRClust::24,PAIRED_BOYDEN::paired_boyden32c::419_1_8,PAIRED_BOYDEN,0.08062093139709564,0.0776374771715194,0.0029834542255762347
main,fpos,embed_nommd_fullctx_lightgbm_filtered_study_bias,embedding_stack_filtered_study_bias,lightgbm,PAIRED_BOYDEN::paired_boyden32c::419_1_8::JRClust::8,PAIRED_BOYDEN::paired_boyden32c::419_1_8,PAIRED_BOYDEN,0.03907637655417407,0.08838958139429391,0.04931320484011984
main,fpos,embed_nommd_fullctx_lightgbm_filtered_study_bias,embedding_stack_filtered_study_bias,lightgbm,PAIRED_BOYDEN::paired_boyden32c::419_1_8::KiloSort2::27,PAIRED_BOYDEN::paired_boyden32c::419_1_8,PAIRED_BOYDEN,0.1342059838895282,0.07917444812963308,0.055031535759895125
main,fpos,embed_nommd_fullctx_lightgbm_filtered_study_bias,embedding_stack_filtered_study_bias,lightgbm,PAIRED_BOYDEN::paired_boyden32c::419_1_8::KiloSort2::46,PAIRED_BOYDEN::paired_boyden32c::419_1_8,PAIRED_BOYDEN,0.02341480088873697,0.09335544737885297,0.069940646490116
main,fpos,embed_nommd_fullctx_lightgbm_filtered_study_bias,embedding_stack_filtered_study_bias,lightgbm,PAIRED_BOYDEN::paired_boyden32c::419_1_8::KiloSort::17,PAIRED_BOYDEN::paired_boyden32c::419_1_8,PAIRED_BOYDEN,0.06424161521775405,0.07921597952852548,0.014974364310771426
main,fpos,embed_nommd_fullctx_lightgbm_filtered_study_bias,embedding_stack_filtered_study_bias,lightgbm,PAIRED_BOYDEN::paired_boyden32c::419_1_8::MountainSort4::42,PAIRED_BOYDEN::paired_boyden32c::419_1_8,PAIRED_BOYDEN,0.16482219271063892,0.12580859321067633,0.03901359949996258
main,fpos,embed_nommd_fullctx_lightgbm_filtered_study_bias,embedding_stack_filtered_study_bias,lightgbm,PAIRED_BOYDEN::paired_boyden32c::419_1_8::SpykingCircus::24,PAIRED_BOYDEN::paired_boyden32c::419_1_8,PAIRED_BOYDEN,0.24721080446271285,0.22617849367568793,0.021032310787024916
main,fpos,embed_nommd_fullctx_lightgbm_filtered_study_bias,embedding_stack_filtered_study_bias,lightgbm,PAIRED_BOYDEN::paired_boyden32c::419_1_8::SpykingCircus::28,PAIRED_BOYDEN::paired_boyden32c::419_1_8,PAIRED_BOYDEN,0.029543112332531776,0.0760300470040232,0.046486934671491426
main,fpos,embed_nommd_fullctx_lightgbm_filtered_study_bias,embedding_stack_filtered_study_bias,lightgbm,PAIRED_BOYDEN::paired_boyden32c::419_1_8::Tridesclous::0,PAIRED_BOYDEN::paired_boyden32c::419_1_8,PAIRED_BOYDEN,0.15585806056898133,0.15445251422832312,0.0014055463406582036
main,fpos,embed_nommd_fullctx_lightgbm_filtered_study_bias,embedding_stack_filtered_study_bias,lightgbm,PAIRED_CRCNS_HC1::paired_crcns::d11221_d11221.001::SpykingCircus::6,PAIRED_CRCNS_HC1::paired_crcns::d11221_d11221.001,PAIRED_CRCNS_HC1,0.8835978835978836,0.6910404997799775,0.1925573838179061
main,fpos,embed_nommd_fullctx_lightgbm_filtered_study_bias,embedding_stack_filtered_study_bias,lightgbm,PAIRED_CRCNS_HC1::paired_crcns::d11222_d11222.002::IronClust::2,PAIRED_CRCNS_HC1::paired_crcns::d11222_d11222.002,PAIRED_CRCNS_HC1,0.04466019417475728,0.3299219000075242,0.2852617058327669
main,fpos,embed_nommd_fullctx_lightgbm_filtered_study_bias,embedding_stack_filtered_study_bias,lightgbm,PAIRED_CRCNS_HC1::paired_crcns::d11222_d11222.002::JRClust::3,PAIRED_CRCNS_HC1::paired_crcns::d11222_d11222.002,PAIRED_CRCNS_HC1,0.039337474120082816,0.1992773289714238,0.159939854851341
main,fpos,embed_nommd_fullctx_lightgbm_filtered_study_bias,embedding_stack_filtered_study_bias,lightgbm,PAIRED_CRCNS_HC1::paired_crcns::d11222_d11222.002::KiloSort2::10,PAIRED_CRCNS_HC1::paired_crcns::d11222_d11222.002,PAIRED_CRCNS_HC1,0.550417469492614,0.21764475730399102,0.33277271218862303
main,fpos,embed_nommd_fullctx_lightgbm_filtered_study_bias,embedding_stack_filtered_study_bias,lightgbm,PAIRED_CRCNS_HC1::paired_crcns::d11222_d11222.002::KiloSort::1,PAIRED_CRCNS_HC1::paired_crcns::d11222_d11222.002,PAIRED_CRCNS_HC1,0.03337783711615487,0.2454879867766282,0.2121101496604733
main,fpos,embed_nommd_fullctx_lightgbm_filtered_study_bias,embedding_stack_filtered_study_bias,lightgbm,PAIRED_CRCNS_HC1::paired_crcns::d11222_d11222.002::Klusta::2,PAIRED_CRCNS_HC1::paired_crcns::d11222_d11222.002,PAIRED_CRCNS_HC1,0.008777852802160702,0.23435698327759713,0.22557913047543643
main,fpos,embed_nommd_fullctx_lightgbm_filtered_study_bias,embedding_stack_filtered_study_bias,lightgbm,PAIRED_CRCNS_HC1::paired_crcns::d11222_d11222.002::MountainSort4::4,PAIRED_CRCNS_HC1::paired_crcns::d11222_d11222.002,PAIRED_CRCNS_HC1,0.360427807486631,0.4004289346669099,0.04000112718027887
main,fpos,embed_nommd_fullctx_lightgbm_filtered_study_bias,embedding_stack_filtered_study_bias,lightgbm,PAIRED_CRCNS_HC1::paired_crcns::d11222_d11222.002::SpykingCircus::4,PAIRED_CRCNS_HC1::paired_crcns::d11222_d11222.002,PAIRED_CRCNS_HC1,0.11986754966887417,0.23587769893149346,0.1160101492626193
main,fpos,embed_nommd_fullctx_lightgbm_filtered_study_bias,embedding_stack_filtered_study_bias,lightgbm,PAIRED_CRCNS_HC1::paired_crcns::d11222_d11222.002::Tridesclous::0,PAIRED_CRCNS_HC1::paired_crcns::d11222_d11222.002,PAIRED_CRCNS_HC1,0.021164021164021163,0.26531340059975594,0.24414937943573478
main,fpos,embed_nommd_fullctx_lightgbm_filtered_study_bias,embedding_stack_filtered_study_bias,lightgbm,PAIRED_ENGLISH::paired_english::m139_200114_191955::KiloSort2::25,PAIRED_ENGLISH::paired_english::m139_200114_191955,PAIRED_ENGLISH,0.7302739726027397,0.44524903993632703,0.2850249326664127
main,fpos,embed_nommd_fullctx_lightgbm_filtered_study_bias,embedding_stack_filtered_study_bias,lightgbm,PAIRED_ENGLISH::paired_english::m139_200114_191955::MountainSort4::36,PAIRED_ENGLISH::paired_english::m139_200114_191955,PAIRED_ENGLISH,0.8735255086994986,0.7654524038317433,0.10807310486775534
main,fpos,embed_nommd_fullctx_lightgbm_filtered_study_bias,embedding_stack_filtered_study_bias,lightgbm,PAIRED_ENGLISH::paired_english::m139_200114_191955::SpykingCircus::42,PAIRED_ENGLISH::paired_english::m139_200114_191955,PAIRED_ENGLISH,0.5584045584045584,0.36625276904132276,0.19215178936323563
main,fpos,embed_nommd_fullctx_lightgbm_filtered_study_bias,embedding_stack_filtered_study_bias,lightgbm,PAIRED_ENGLISH::paired_english::m139_200114_222743::HerdingSpikes2::5,PAIRED_ENGLISH::paired_english::m139_200114_222743,PAIRED_ENGLISH,0.03257707969749855,0.14053959052588846,0.10796251082838992
main,fpos,embed_nommd_fullctx_lightgbm_filtered_study_bias,embedding_stack_filtered_study_bias,lightgbm,PAIRED_ENGLISH::paired_english::m139_200114_222743::IronClust::17,PAIRED_ENGLISH::paired_english::m139_200114_222743,PAIRED_ENGLISH,0.02675196277987787,0.1480654964926472,0.12131353371276932
main,fpos,embed_nommd_fullctx_lightgbm_filtered_study_bias,embedding_stack_filtered_study_bias,lightgbm,PAIRED_ENGLISH::paired_english::m139_200114_222743::KiloSort2::26,PAIRED_ENGLISH::paired_english::m139_200114_222743,PAIRED_ENGLISH,0.028645087367516472,0.12063131879594234,0.09198623142842587
main,fpos,embed_nommd_fullctx_lightgbm_filtered_study_bias,embedding_stack_filtered_study_bias,lightgbm,PAIRED_ENGLISH::paired_english::m139_200114_222743::KiloSort::88,PAIRED_ENGLISH::paired_english::m139_200114_222743,PAIRED_ENGLISH,0.015151515151515152,0.14464043478991892,0.12948891963840375
main,fpos,embed_nommd_fullctx_lightgbm_filtered_study_bias,embedding_stack_filtered_study_bias,lightgbm,PAIRED_ENGLISH::paired_english::m139_200114_222743::MountainSort4::46,PAIRED_ENGLISH::paired_english::m139_200114_222743,PAIRED_ENGLISH,0.039886039886039885,0.3213203738215199,0.28143433393548
main,fpos,embed_nommd_fullctx_lightgbm_filtered_study_bias,embedding_stack_filtered_study_bias,lightgbm,PAIRED_ENGLISH::paired_english::m139_200114_222743::SpykingCircus::44,PAIRED_ENGLISH::paired_english::m139_200114_222743,PAIRED_ENGLISH,0.028064146620847653,0.09971686850812343,0.07165272188727578
main,fpos,embed_nommd_fullctx_lightgbm_filtered_study_bias,embedding_stack_filtered_study_bias,lightgbm,PAIRED_ENGLISH::paired_english::m139_200114_222743::Tridesclous::1,PAIRED_ENGLISH::paired_english::m139_200114_222743,PAIRED_ENGLISH,0.3089646722483153,0.3312952707293263,0.022330598481010988
main,fpos,embed_nommd_fullctx_lightgbm_filtered_study_bias,embedding_stack_filtered_study_bias,lightgbm,PAIRED_ENGLISH::paired_english::m14_190326_155432::IronClust::22,PAIRED_ENGLISH::paired_english::m14_190326_155432,PAIRED_ENGLISH,0.0481651376146789,0.0347106198551884,0.013454517759490504
main,fpos,embed_nommd_fullctx_lightgbm_filtered_study_bias,embedding_stack_filtered_study_bias,lightgbm,PAIRED_ENGLISH::paired_english::m14_190326_155432::MountainSort4::33,PAIRED_ENGLISH::paired_english::m14_190326_155432,PAIRED_ENGLISH,0.1981651376146789,0.18781206409957316,0.010353073515105754
main,fpos,embed_nommd_fullctx_lightgbm_filtered_study_bias,embedding_stack_filtered_study_bias,lightgbm,PAIRED_ENGLISH::paired_english::m14_190326_155432::SpykingCircus::38,PAIRED_ENGLISH::paired_english::m14_190326_155432,PAIRED_ENGLISH,0.013363028953229399,0.055163000035547284,0.04179997108231789
main,fpos,embed_nommd_fullctx_lightgbm_filtered_study_bias,embedding_stack_filtered_study_bias,lightgbm,PAIRED_ENGLISH::paired_english::m15_190315_142052_cell1::IronClust::40,PAIRED_ENGLISH::paired_english::m15_190315_142052_cell1,PAIRED_ENGLISH,0.2679960401640503,0.476243365812563,0.20824732564851267
main,fpos,embed_nommd_fullctx_lightgbm_filtered_study_bias,embedding_stack_filtered_study_bias,lightgbm,PAIRED_ENGLISH::paired_english::m15_190315_142052_cell1::KiloSort2::48,PAIRED_ENGLISH::paired_english::m15_190315_142052_cell1,PAIRED_ENGLISH,0.8627861694595232,0.358915347862505,0.5038708215970182
main,fpos,embed_nommd_fullctx_lightgbm_filtered_study_bias,embedding_stack_filtered_study_bias,lightgbm,PAIRED_ENGLISH::paired_english::m15_190315_142052_cell1::MountainSort4::62,PAIRED_ENGLISH::paired_english::m15_190315_142052_cell1,PAIRED_ENGLISH,0.8769885383524361,0.3844924459936848,0.49249609235875125
main,fpos,embed_nommd_fullctx_lightgbm_filtered_study_bias,embedding_stack_filtered_study_bias,lightgbm,PAIRED_ENGLISH::paired_english::m15_190315_142052_cell1::MountainSort4::64,PAIRED_ENGLISH::paired_english::m15_190315_142052_cell1,PAIRED_ENGLISH,0.14704761904761904,0.08242519598033336,0.06462242306728568
main,fpos,embed_nommd_fullctx_lightgbm_filtered_study_bias,embedding_stack_filtered_study_bias,lightgbm,PAIRED_ENGLISH::paired_english::m15_190315_142052_cell1::SpykingCircus::22,PAIRED_ENGLISH::paired_english::m15_190315_142052_cell1,PAIRED_ENGLISH,0.23500526131182042,0.5735022018435231,0.33849694053170265
main,fpos,embed_nommd_fullctx_lightgbm_filtered_study_bias,embedding_stack_filtered_study_bias,lightgbm,PAIRED_ENGLISH::paired_english::m15_190315_142052_cell1::SpykingCircus::57,PAIRED_ENGLISH::paired_english::m15_190315_142052_cell1,PAIRED_ENGLISH,0.6499202551834131,0.3039757500174275,0.3459445051659856
main,fpos,embed_nommd_fullctx_lightgbm_filtered_study_bias,embedding_stack_filtered_study_bias,lightgbm,PAIRED_ENGLISH::paired_english::m15_190315_152315_cell1::IronClust::35,PAIRED_ENGLISH::paired_english::m15_190315_152315_cell1,PAIRED_ENGLISH,0.002592440987856461,0.05681226055648234,0.054219819568625885
main,fpos,embed_nommd_fullctx_lightgbm_filtered_study_bias,embedding_stack_filtered_study_bias,lightgbm,PAIRED_ENGLISH::paired_english::m15_190315_152315_cell1::KiloSort2::37,PAIRED_ENGLISH::paired_english::m15_190315_152315_cell1,PAIRED_ENGLISH,0.00039059957034047265,0.06574462007310299,0.06535402050276251
main,fpos,embed_nommd_fullctx_lightgbm_filtered_study_bias,embedding_stack_filtered_study_bias,lightgbm,PAIRED_ENGLISH::paired_english::m15_190315_152315_cell1::KiloSort::1,PAIRED_ENGLISH::paired_english::m15_190315_152315_cell1,PAIRED_ENGLISH,6.528267397832615e-05,0.08615545581605343,0.0860901731420751
main,fpos,embed_nommd_fullctx_lightgbm_filtered_study_bias,embedding_stack_filtered_study_bias,lightgbm,PAIRED_ENGLISH::paired_english::m15_190315_152315_cell1::MountainSort4::72,PAIRED_ENGLISH::paired_english::m15_190315_152315_cell1,PAIRED_ENGLISH,0.052174468356855484,0.32445092897441297,0.2722764606175575
main,fpos,embed_nommd_fullctx_lightgbm_filtered_study_bias,embedding_stack_filtered_study_bias,lightgbm,PAIRED_ENGLISH::paired_english::m15_190315_152315_cell1::SpykingCircus::46,PAIRED_ENGLISH::paired_english::m15_190315_152315_cell1,PAIRED_ENGLISH,0.010891280531030483,0.05535704668190387,0.04446576615087339
main,fpos,embed_nommd_fullctx_lightgbm_filtered_study_bias,embedding_stack_filtered_study_bias,lightgbm,PAIRED_ENGLISH::paired_english::m15_190315_152315_cell1::Tridesclous::0,PAIRED_ENGLISH::paired_english::m15_190315_152315_cell1,PAIRED_ENGLISH,0.8482136225209834,0.42441590528514295,0.4237977172358405
main,fpos,embed_nommd_fullctx_lightgbm_filtered_study_bias,embedding_stack_filtered_study_bias,lightgbm,PAIRED_ENGLISH::paired_english::m26_190524_100859_cell1::KiloSort2::0,PAIRED_ENGLISH::paired_english::m26_190524_100859_cell1,PAIRED_ENGLISH,0.38315988647114474,0.292234976101183,0.09092491036996175
main,fpos,embed_nommd_fullctx_lightgbm_filtered_study_bias,embedding_stack_filtered_study_bias,lightgbm,PAIRED_ENGLISH::paired_english::m26_190524_100859_cell1::KiloSort::19,PAIRED_ENGLISH::paired_english::m26_190524_100859_cell1,PAIRED_ENGLISH,0.2440677966101695,0.16645042996432688,0.07761736664584262
main,fpos,embed_nommd_fullctx_lightgbm_filtered_study_bias,embedding_stack_filtered_study_bias,lightgbm,PAIRED_ENGLISH::paired_english::m26_190524_100859_cell1::KiloSort::8,PAIRED_ENGLISH::paired_english::m26_190524_100859_cell1,PAIRED_ENGLISH,0.6505139500734214,0.24969369571235087,0.4008202543610705
main,fpos,embed_nommd_fullctx_lightgbm_filtered_study_bias,embedding_stack_filtered_study_bias,lightgbm,PAIRED_ENGLISH::paired_english::m57_191105_141906::IronClust::6,PAIRED_ENGLISH::paired_english::m57_191105_141906,PAIRED_ENGLISH,0.31826625386996904,0.3238853703024617,0.005619116432492632
main,fpos,embed_nommd_fullctx_lightgbm_filtered_study_bias,embedding_stack_filtered_study_bias,lightgbm,PAIRED_ENGLISH::paired_english::m57_191105_141906::KiloSort::47,PAIRED_ENGLISH::paired_english::m57_191105_141906,PAIRED_ENGLISH,0.35376344086021505,0.3824609408858052,0.028697500025590128
main,fpos,embed_nommd_fullctx_lightgbm_filtered_study_bias,embedding_stack_filtered_study_bias,lightgbm,PAIRED_ENGLISH::paired_english::m57_191105_141906::MountainSort4::21,PAIRED_ENGLISH::paired_english::m57_191105_141906,PAIRED_ENGLISH,0.3323335332933413,0.5636265466692677,0.2312930133759264
main,fpos,embed_nommd_fullctx_lightgbm_filtered_study_bias,embedding_stack_filtered_study_bias,lightgbm,PAIRED_ENGLISH::paired_english::m57_191105_141906::MountainSort4::57,PAIRED_ENGLISH::paired_english::m57_191105_141906,PAIRED_ENGLISH,0.23853211009174313,0.2656449864390126,0.027112876347269443
main,fpos,embed_nommd_fullctx_lightgbm_filtered_study_bias,embedding_stack_filtered_study_bias,lightgbm,PAIRED_ENGLISH::paired_english::m57_191105_141906::SpykingCircus::12,PAIRED_ENGLISH::paired_english::m57_191105_141906,PAIRED_ENGLISH,0.3535228677379481,0.2638068387987843,0.0897160289391638
main,fpos,embed_nommd_fullctx_lightgbm_filtered_study_bias,embedding_stack_filtered_study_bias,lightgbm,PAIRED_ENGLISH::paired_english::m57_191105_141906::SpykingCircus::30,PAIRED_ENGLISH::paired_english::m57_191105_141906,PAIRED_ENGLISH,0.2040332147093713,0.12767190139319803,0.07636131331617327
main,fpos,embed_nommd_fullctx_lightgbm_filtered_study_bias,embedding_stack_filtered_study_bias,lightgbm,PAIRED_ENGLISH::paired_english::m57_191105_160026::HerdingSpikes2::1,PAIRED_ENGLISH::paired_english::m57_191105_160026,PAIRED_ENGLISH,0.13630229419703105,0.3789375911238423,0.24263529692681124
main,fpos,embed_nommd_fullctx_lightgbm_filtered_study_bias,embedding_stack_filtered_study_bias,lightgbm,PAIRED_ENGLISH::paired_english::m57_191105_160026::IronClust::2,PAIRED_ENGLISH::paired_english::m57_191105_160026,PAIRED_ENGLISH,0.5044008124576845,0.2382618526699772,0.2661389597877073
main,fpos,embed_nommd_fullctx_lightgbm_filtered_study_bias,embedding_stack_filtered_study_bias,lightgbm,PAIRED_ENGLISH::paired_english::m57_191105_160026::IronClust::3,PAIRED_ENGLISH::paired_english::m57_191105_160026,PAIRED_ENGLISH,0.05838815789473684,0.36692758302714734,0.3085394251324105
main,fpos,embed_nommd_fullctx_lightgbm_filtered_study_bias,embedding_stack_filtered_study_bias,lightgbm,PAIRED_ENGLISH::paired_english::m57_191105_160026::KiloSort::127,PAIRED_ENGLISH::paired_english::m57_191105_160026,PAIRED_ENGLISH,0.5003422313483915,0.23889008562590983,0.26145214572248165
main,fpos,embed_nommd_fullctx_lightgbm_filtered_study_bias,embedding_stack_filtered_study_bias,lightgbm,PAIRED_ENGLISH::paired_english::m57_191105_160026::KiloSort::6,PAIRED_ENGLISH::paired_english::m57_191105_160026,PAIRED_ENGLISH,0.02531645569620253,0.1869422237160435,0.16162576801984097
main,fpos,embed_nommd_fullctx_lightgbm_filtered_study_bias,embedding_stack_filtered_study_bias,lightgbm,PAIRED_ENGLISH::paired_english::m57_191105_160026::MountainSort4::23,PAIRED_ENGLISH::paired_english::m57_191105_160026,PAIRED_ENGLISH,0.6737967914438503,0.17194313209082987,0.5018536593530204
main,fpos,embed_nommd_fullctx_lightgbm_filtered_study_bias,embedding_stack_filtered_study_bias,lightgbm,PAIRED_ENGLISH::paired_english::m57_191105_160026::MountainSort4::25,PAIRED_ENGLISH::paired_english::m57_191105_160026,PAIRED_ENGLISH,0.14568081991215226,0.2854438314917317,0.13976301157957943
main,fpos,embed_nommd_fullctx_lightgbm_filtered_study_bias,embedding_stack_filtered_study_bias,lightgbm,PAIRED_ENGLISH::paired_english::m57_191105_160026::SpykingCircus::2,PAIRED_ENGLISH::paired_english::m57_191105_160026,PAIRED_ENGLISH,0.6860282574568289,0.43889262180354505,0.2471356356532839
main,fpos,embed_nommd_fullctx_lightgbm_filtered_study_bias,embedding_stack_filtered_study_bias,lightgbm,PAIRED_ENGLISH::paired_english::m57_191105_160026::SpykingCircus::4,PAIRED_ENGLISH::paired_english::m57_191105_160026,PAIRED_ENGLISH,0.056790123456790124,0.2623832414629689,0.20559311800617874
main,fpos,embed_nommd_fullctx_lightgbm_filtered_study_bias,embedding_stack_filtered_study_bias,lightgbm,PAIRED_ENGLISH::paired_english::m57_191105_160026::Tridesclous::0,PAIRED_ENGLISH::paired_english::m57_191105_160026,PAIRED_ENGLISH,0.8589226823012093,0.5789691994669667,0.2799534828342426
main,fpos,embed_nommd_fullctx_lightgbm_filtered_study_bias,embedding_stack_filtered_study_bias,lightgbm,PAIRED_KAMPFF::paired_kampff::c14::HerdingSpikes2::6,PAIRED_KAMPFF::paired_kampff::c14,PAIRED_KAMPFF,0.25090444775484144,0.1511708623064787,0.09973358544836275
main,fpos,embed_nommd_fullctx_lightgbm_filtered_study_bias,embedding_stack_filtered_study_bias,lightgbm,PAIRED_KAMPFF::paired_kampff::c14::IronClust::22,PAIRED_KAMPFF::paired_kampff::c14,PAIRED_KAMPFF,0.2240655987795576,0.13744261621368237,0.08662298256587522
main,fpos,embed_nommd_fullctx_lightgbm_filtered_study_bias,embedding_stack_filtered_study_bias,lightgbm,PAIRED_KAMPFF::paired_kampff::c14::KiloSort2::37,PAIRED_KAMPFF::paired_kampff::c14,PAIRED_KAMPFF,0.23899885489939474,0.2048713987959654,0.03412745610342935
main,fpos,embed_nommd_fullctx_lightgbm_filtered_study_bias,embedding_stack_filtered_study_bias,lightgbm,PAIRED_KAMPFF::paired_kampff::c14::MountainSort4::42,PAIRED_KAMPFF::paired_kampff::c14,PAIRED_KAMPFF,0.031842105263157894,0.05200048669112035,0.020158381427962453
main,fpos,embed_nommd_fullctx_lightgbm_filtered_study_bias,embedding_stack_filtered_study_bias,lightgbm,PAIRED_KAMPFF::paired_kampff::c14::SpykingCircus::14,PAIRED_KAMPFF::paired_kampff::c14,PAIRED_KAMPFF,0.0993841579953281,0.09394075482023068,0.005443403175097422
main,fpos,embed_nommd_fullctx_lightgbm_filtered_study_bias,embedding_stack_filtered_study_bias,lightgbm,PAIRED_KAMPFF::paired_kampff::c14::Tridesclous::8,PAIRED_KAMPFF::paired_kampff::c14,PAIRED_KAMPFF,0.7298130782302221,0.6005378192557127,0.12927525897450942
main,fpos,embed_nommd_fullctx_lightgbm_filtered_study_bias,embedding_stack_filtered_study_bias,lightgbm,PAIRED_MEA64C_YGER::paired_mea64c::20170622_patch1::HerdingSpikes2::19,PAIRED_MEA64C_YGER::paired_mea64c::20170622_patch1,PAIRED_MEA64C_YGER,0.3048016701461378,0.207553387507557,0.09724828263858079
main,fpos,embed_nommd_fullctx_lightgbm_filtered_study_bias,embedding_stack_filtered_study_bias,lightgbm,PAIRED_MEA64C_YGER::paired_mea64c::20170622_patch1::HerdingSpikes2::7,PAIRED_MEA64C_YGER::paired_mea64c::20170622_patch1,PAIRED_MEA64C_YGER,0.006430868167202572,0.034658488705515,0.02822762053831243
main,fpos,embed_nommd_fullctx_lightgbm_filtered_study_bias,embedding_stack_filtered_study_bias,lightgbm,PAIRED_MEA64C_YGER::paired_mea64c::20170622_patch1::IronClust::8,PAIRED_MEA64C_YGER::paired_mea64c::20170622_patch1,PAIRED_MEA64C_YGER,0.32512992968511156,0.15621395491039666,0.1689159747747149
main,fpos,embed_nommd_fullctx_lightgbm_filtered_study_bias,embedding_stack_filtered_study_bias,lightgbm,PAIRED_MEA64C_YGER::paired_mea64c::20170622_patch1::KiloSort2::23,PAIRED_MEA64C_YGER::paired_mea64c::20170622_patch1,PAIRED_MEA64C_YGER,0.0,0.010028936788200474,0.010028936788200474
main,fpos,embed_nommd_fullctx_lightgbm_filtered_study_bias,embedding_stack_filtered_study_bias,lightgbm,PAIRED_MEA64C_YGER::paired_mea64c::20170622_patch1::KiloSort::64,PAIRED_MEA64C_YGER::paired_mea64c::20170622_patch1,PAIRED_MEA64C_YGER,0.00022805017103762827,0.008466237112640477,0.008238186941602848
main,fpos,embed_nommd_fullctx_lightgbm_filtered_study_bias,embedding_stack_filtered_study_bias,lightgbm,PAIRED_MEA64C_YGER::paired_mea64c::20170622_patch1::Klusta::4,PAIRED_MEA64C_YGER::paired_mea64c::20170622_patch1,PAIRED_MEA64C_YGER,0.0050424628450106155,0.012589157446979618,0.007546694601969003
main,fpos,embed_nommd_fullctx_lightgbm_filtered_study_bias,embedding_stack_filtered_study_bias,lightgbm,PAIRED_MEA64C_YGER::paired_mea64c::20170622_patch1::MountainSort4::43,PAIRED_MEA64C_YGER::paired_mea64c::20170622_patch1,PAIRED_MEA64C_YGER,0.0040494938132733405,0.010453422441839314,0.006403928628565973
main,fpos,embed_nommd_fullctx_lightgbm_filtered_study_bias,embedding_stack_filtered_study_bias,lightgbm,PAIRED_MEA64C_YGER::paired_mea64c::20170622_patch1::SpykingCircus::18,PAIRED_MEA64C_YGER::paired_mea64c::20170622_patch1,PAIRED_MEA64C_YGER,0.00022079929344226098,0.008623267411946392,0.008402468118504132
main,fpos,embed_nommd_fullctx_lightgbm_filtered_study_bias,embedding_stack_filtered_study_bias,lightgbm,PAIRED_MEA64C_YGER::paired_mea64c::20170622_patch1::Tridesclous::12,PAIRED_MEA64C_YGER::paired_mea64c::20170622_patch1,PAIRED_MEA64C_YGER,0.013830024537140308,0.010921387821196652,0.002908636715943656
main,fpos,embed_nommd_fullctx_lightgbm_filtered_study_bias,embedding_stack_filtered_study_bias,lightgbm,PAIRED_MEA64C_YGER::paired_mea64c::20170622_patch2::HerdingSpikes2::16,PAIRED_MEA64C_YGER::paired_mea64c::20170622_patch2,PAIRED_MEA64C_YGER,0.18683274021352314,0.08607148461019908,0.10076125560332407
main,fpos,embed_nommd_fullctx_lightgbm_filtered_study_bias,embedding_stack_filtered_study_bias,lightgbm,PAIRED_MEA64C_YGER::paired_mea64c::20170622_patch2::HerdingSpikes2::44,PAIRED_MEA64C_YGER::paired_mea64c::20170622_patch2,PAIRED_MEA64C_YGER,0.4028520499108734,0.10586483858501826,0.29698721132585515
main,fpos,embed_nommd_fullctx_lightgbm_filtered_study_bias,embedding_stack_filtered_study_bias,lightgbm,PAIRED_MEA64C_YGER::paired_mea64c::20170622_patch2::HerdingSpikes2::5,PAIRED_MEA64C_YGER::paired_mea64c::20170622_patch2,PAIRED_MEA64C_YGER,0.06115992970123023,0.0,0.06115992970123023
main,fpos,embed_nommd_fullctx_lightgbm_filtered_study_bias,embedding_stack_filtered_study_bias,lightgbm,PAIRED_MEA64C_YGER::paired_mea64c::20170622_patch2::IronClust::11,PAIRED_MEA64C_YGER::paired_mea64c::20170622_patch2,PAIRED_MEA64C_YGER,0.061366806136680614,0.0,0.061366806136680614
main,fpos,embed_nommd_fullctx_lightgbm_filtered_study_bias,embedding_stack_filtered_study_bias,lightgbm,PAIRED_MEA64C_YGER::paired_mea64c::20170622_patch2::JRClust::31,PAIRED_MEA64C_YGER::paired_mea64c::20170622_patch2,PAIRED_MEA64C_YGER,0.06118881118881119,0.0,0.06118881118881119
main,fpos,embed_nommd_fullctx_lightgbm_filtered_study_bias,embedding_stack_filtered_study_bias,lightgbm,PAIRED_MEA64C_YGER::paired_mea64c::20170622_patch2::KiloSort2::33,PAIRED_MEA64C_YGER::paired_mea64c::20170622_patch2,PAIRED_MEA64C_YGER,0.061409630146545706,0.0,0.061409630146545706
main,fpos,embed_nommd_fullctx_lightgbm_filtered_study_bias,embedding_stack_filtered_study_bias,lightgbm,PAIRED_MEA64C_YGER::paired_mea64c::20170622_patch2::KiloSort::5,PAIRED_MEA64C_YGER::paired_mea64c::20170622_patch2,PAIRED_MEA64C_YGER,0.06143106457242583,0.0,0.06143106457242583
main,fpos,embed_nommd_fullctx_lightgbm_filtered_study_bias,embedding_stack_filtered_study_bias,lightgbm,PAIRED_MEA64C_YGER::paired_mea64c::20170622_patch2::Klusta::14,PAIRED_MEA64C_YGER::paired_mea64c::20170622_patch2,PAIRED_MEA64C_YGER,0.05860349127182045,0.0,0.05860349127182045
main,fpos,embed_nommd_fullctx_lightgbm_filtered_study_bias,embedding_stack_filtered_study_bias,lightgbm,PAIRED_MEA64C_YGER::paired_mea64c::20170622_patch2::MountainSort4::31,PAIRED_MEA64C_YGER::paired_mea64c::20170622_patch2,PAIRED_MEA64C_YGER,0.07713404182379156,0.00016535062318954498,0.07696869120060201
main,fpos,embed_nommd_fullctx_lightgbm_filtered_study_bias,embedding_stack_filtered_study_bias,lightgbm,PAIRED_MEA64C_YGER::paired_mea64c::20170622_patch2::SpykingCircus::17,PAIRED_MEA64C_YGER::paired_mea64c::20170622_patch2,PAIRED_MEA64C_YGER,0.061366806136680614,0.0,0.061366806136680614
main,fpos,embed_nommd_fullctx_lightgbm_filtered_study_bias,embedding_stack_filtered_study_bias,lightgbm,PAIRED_MEA64C_YGER::paired_mea64c::20170622_patch2::Tridesclous::0,PAIRED_MEA64C_YGER::paired_mea64c::20170622_patch2,PAIRED_MEA64C_YGER,0.061366806136680614,0.0,0.061366806136680614
main,fpos,embed_nommd_fullctx_xgboost,embedding_stack,xgboost,PAIRED_BOYDEN::paired_boyden32c::1103_1_1::IronClust::4,PAIRED_BOYDEN::paired_boyden32c::1103_1_1,PAIRED_BOYDEN,0.11363636363636363,0.16549243032932281,0.05185606669295918
main,fpos,embed_nommd_fullctx_xgboost,embedding_stack,xgboost,PAIRED_BOYDEN::paired_boyden32c::1103_1_1::JRClust::18,PAIRED_BOYDEN::paired_boyden32c::1103_1_1,PAIRED_BOYDEN,0.26138147566718994,0.2883578836917877,0.026976408024597776
main,fpos,embed_nommd_fullctx_xgboost,embedding_stack,xgboost,PAIRED_BOYDEN::paired_boyden32c::1103_1_1::KiloSort2::33,PAIRED_BOYDEN::paired_boyden32c::1103_1_1,PAIRED_BOYDEN,0.17066290550070523,0.11493150889873505,0.055731396601970185
main,fpos,embed_nommd_fullctx_xgboost,embedding_stack,xgboost,PAIRED_BOYDEN::paired_boyden32c::1103_1_1::KiloSort2::55,PAIRED_BOYDEN::paired_boyden32c::1103_1_1,PAIRED_BOYDEN,0.3333333333333333,0.2027631253004074,0.1305702080329259
main,fpos,embed_nommd_fullctx_xgboost,embedding_stack,xgboost,PAIRED_BOYDEN::paired_boyden32c::1103_1_1::KiloSort2::60,PAIRED_BOYDEN::paired_boyden32c::1103_1_1,PAIRED_BOYDEN,0.15878378378378377,0.10656386613845825,0.05221991764532552
main,fpos,embed_nommd_fullctx_xgboost,embedding_stack,xgboost,PAIRED_BOYDEN::paired_boyden32c::1103_1_1::KiloSort::111,PAIRED_BOYDEN::paired_boyden32c::1103_1_1,PAIRED_BOYDEN,0.11241007194244604,0.2095336765050888,0.09712360456264277
main,fpos,embed_nommd_fullctx_xgboost,embedding_stack,xgboost,PAIRED_BOYDEN::paired_boyden32c::1103_1_1::Klusta::12,PAIRED_BOYDEN::paired_boyden32c::1103_1_1,PAIRED_BOYDEN,0.156686626746507,0.1979096382856369,0.04122301153912991
main,fpos,embed_nommd_fullctx_xgboost,embedding_stack,xgboost,PAIRED_BOYDEN::paired_boyden32c::1103_1_1::MountainSort4::26,PAIRED_BOYDEN::paired_boyden32c::1103_1_1,PAIRED_BOYDEN,0.30532212885154064,0.23444995284080505,0.07087217601073559
main,fpos,embed_nommd_fullctx_xgboost,embedding_stack,xgboost,PAIRED_BOYDEN::paired_boyden32c::1103_1_1::SpykingCircus::27,PAIRED_BOYDEN::paired_boyden32c::1103_1_1,PAIRED_BOYDEN,0.12258064516129032,0.19962625205516815,0.07704560689387784
main,fpos,embed_nommd_fullctx_xgboost,embedding_stack,xgboost,PAIRED_BOYDEN::paired_boyden32c::1103_1_1::Tridesclous::3,PAIRED_BOYDEN::paired_boyden32c::1103_1_1,PAIRED_BOYDEN,0.2613268608414239,0.2675657868385315,0.0062389259971075695
main,fpos,embed_nommd_fullctx_xgboost,embedding_stack,xgboost,PAIRED_BOYDEN::paired_boyden32c::419_1_8::IronClust::14,PAIRED_BOYDEN::paired_boyden32c::419_1_8,PAIRED_BOYDEN,0.0663265306122449,0.0474870391190052,0.0188394914932397
main,fpos,embed_nommd_fullctx_xgboost,embedding_stack,xgboost,PAIRED_BOYDEN::paired_boyden32c::419_1_8::IronClust::4,PAIRED_BOYDEN::paired_boyden32c::419_1_8,PAIRED_BOYDEN,0.05829903978052126,0.06367987394332886,0.005380834162807595
main,fpos,embed_nommd_fullctx_xgboost,embedding_stack,xgboost,PAIRED_BOYDEN::paired_boyden32c::419_1_8::JRClust::24,PAIRED_BOYDEN::paired_boyden32c::419_1_8,PAIRED_BOYDEN,0.08062093139709564,0.049935467541217804,0.030685463855877837
main,fpos,embed_nommd_fullctx_xgboost,embedding_stack,xgboost,PAIRED_BOYDEN::paired_boyden32c::419_1_8::JRClust::8,PAIRED_BOYDEN::paired_boyden32c::419_1_8,PAIRED_BOYDEN,0.03907637655417407,0.0366755910217762,0.0024007855323978713
main,fpos,embed_nommd_fullctx_xgboost,embedding_stack,xgboost,PAIRED_BOYDEN::paired_boyden32c::419_1_8::KiloSort2::27,PAIRED_BOYDEN::paired_boyden32c::419_1_8,PAIRED_BOYDEN,0.1342059838895282,0.06602470576763153,0.06818127812189667
main,fpos,embed_nommd_fullctx_xgboost,embedding_stack,xgboost,PAIRED_BOYDEN::paired_boyden32c::419_1_8::KiloSort2::46,PAIRED_BOYDEN::paired_boyden32c::419_1_8,PAIRED_BOYDEN,0.02341480088873697,0.022838082164525986,0.0005767187242109832
main,fpos,embed_nommd_fullctx_xgboost,embedding_stack,xgboost,PAIRED_BOYDEN::paired_boyden32c::419_1_8::KiloSort::17,PAIRED_BOYDEN::paired_boyden32c::419_1_8,PAIRED_BOYDEN,0.06424161521775405,0.024714890867471695,0.03952672435028236
main,fpos,embed_nommd_fullctx_xgboost,embedding_stack,xgboost,PAIRED_BOYDEN::paired_boyden32c::419_1_8::MountainSort4::42,PAIRED_BOYDEN::paired_boyden32c::419_1_8,PAIRED_BOYDEN,0.16482219271063892,0.11647803336381912,0.04834415934681979
main,fpos,embed_nommd_fullctx_xgboost,embedding_stack,xgboost,PAIRED_BOYDEN::paired_boyden32c::419_1_8::SpykingCircus::24,PAIRED_BOYDEN::paired_boyden32c::419_1_8,PAIRED_BOYDEN,0.24721080446271285,0.11131264269351959,0.13589816176919325
main,fpos,embed_nommd_fullctx_xgboost,embedding_stack,xgboost,PAIRED_BOYDEN::paired_boyden32c::419_1_8::SpykingCircus::28,PAIRED_BOYDEN::paired_boyden32c::419_1_8,PAIRED_BOYDEN,0.029543112332531776,0.04941411316394806,0.019871000831416283
main,fpos,embed_nommd_fullctx_xgboost,embedding_stack,xgboost,PAIRED_BOYDEN::paired_boyden32c::419_1_8::Tridesclous::0,PAIRED_BOYDEN::paired_boyden32c::419_1_8,PAIRED_BOYDEN,0.15585806056898133,0.12884093821048737,0.02701712235849396
main,fpos,embed_nommd_fullctx_xgboost,embedding_stack,xgboost,PAIRED_CRCNS_HC1::paired_crcns::d11221_d11221.001::SpykingCircus::6,PAIRED_CRCNS_HC1::paired_crcns::d11221_d11221.001,PAIRED_CRCNS_HC1,0.8835978835978836,0.42667561769485474,0.45692226590302887
main,fpos,embed_nommd_fullctx_xgboost,embedding_stack,xgboost,PAIRED_CRCNS_HC1::paired_crcns::d11222_d11222.002::IronClust::2,PAIRED_CRCNS_HC1::paired_crcns::d11222_d11222.002,PAIRED_CRCNS_HC1,0.04466019417475728,0.19748669862747192,0.15282650445271465
main,fpos,embed_nommd_fullctx_xgboost,embedding_stack,xgboost,PAIRED_CRCNS_HC1::paired_crcns::d11222_d11222.002::JRClust::3,PAIRED_CRCNS_HC1::paired_crcns::d11222_d11222.002,PAIRED_CRCNS_HC1,0.039337474120082816,0.0801948681473732,0.040857394027290383
main,fpos,embed_nommd_fullctx_xgboost,embedding_stack,xgboost,PAIRED_CRCNS_HC1::paired_crcns::d11222_d11222.002::KiloSort2::10,PAIRED_CRCNS_HC1::paired_crcns::d11222_d11222.002,PAIRED_CRCNS_HC1,0.550417469492614,0.07716189324855804,0.473255576244056
main,fpos,embed_nommd_fullctx_xgboost,embedding_stack,xgboost,PAIRED_CRCNS_HC1::paired_crcns::d11222_d11222.002::KiloSort::1,PAIRED_CRCNS_HC1::paired_crcns::d11222_d11222.002,PAIRED_CRCNS_HC1,0.03337783711615487,0.10327251255512238,0.0698946754389675
main,fpos,embed_nommd_fullctx_xgboost,embedding_stack,xgboost,PAIRED_CRCNS_HC1::paired_crcns::d11222_d11222.002::Klusta::2,PAIRED_CRCNS_HC1::paired_crcns::d11222_d11222.002,PAIRED_CRCNS_HC1,0.008777852802160702,0.0868212878704071,0.0780434350682464
main,fpos,embed_nommd_fullctx_xgboost,embedding_stack,xgboost,PAIRED_CRCNS_HC1::paired_crcns::d11222_d11222.002::MountainSort4::4,PAIRED_CRCNS_HC1::paired_crcns::d11222_d11222.002,PAIRED_CRCNS_HC1,0.360427807486631,0.2828432619571686,0.07758454552946242
main,fpos,embed_nommd_fullctx_xgboost,embedding_stack,xgboost,PAIRED_CRCNS_HC1::paired_crcns::d11222_d11222.002::SpykingCircus::4,PAIRED_CRCNS_HC1::paired_crcns::d11222_d11222.002,PAIRED_CRCNS_HC1,0.11986754966887417,0.08658020198345184,0.033287347685422325
main,fpos,embed_nommd_fullctx_xgboost,embedding_stack,xgboost,PAIRED_CRCNS_HC1::paired_crcns::d11222_d11222.002::Tridesclous::0,PAIRED_CRCNS_HC1::paired_crcns::d11222_d11222.002,PAIRED_CRCNS_HC1,0.021164021164021163,0.11017154902219772,0.08900752785817656
main,fpos,embed_nommd_fullctx_xgboost,embedding_stack,xgboost,PAIRED_ENGLISH::paired_english::m139_200114_191955::KiloSort2::25,PAIRED_ENGLISH::paired_english::m139_200114_191955,PAIRED_ENGLISH,0.7302739726027397,0.25422704219818115,0.4760469304045586
main,fpos,embed_nommd_fullctx_xgboost,embedding_stack,xgboost,PAIRED_ENGLISH::paired_english::m139_200114_191955::MountainSort4::36,PAIRED_ENGLISH::paired_english::m139_200114_191955,PAIRED_ENGLISH,0.8735255086994986,0.5113977193832397,0.3621277893162589
main,fpos,embed_nommd_fullctx_xgboost,embedding_stack,xgboost,PAIRED_ENGLISH::paired_english::m139_200114_191955::SpykingCircus::42,PAIRED_ENGLISH::paired_english::m139_200114_191955,PAIRED_ENGLISH,0.5584045584045584,0.27879735827445984,0.27960720013009854
main,fpos,embed_nommd_fullctx_xgboost,embedding_stack,xgboost,PAIRED_ENGLISH::paired_english::m139_200114_222743::HerdingSpikes2::5,PAIRED_ENGLISH::paired_english::m139_200114_222743,PAIRED_ENGLISH,0.03257707969749855,0.2696187496185303,0.23704166992103173
main,fpos,embed_nommd_fullctx_xgboost,embedding_stack,xgboost,PAIRED_ENGLISH::paired_english::m139_200114_222743::IronClust::17,PAIRED_ENGLISH::paired_english::m139_200114_222743,PAIRED_ENGLISH,0.02675196277987787,0.21867269277572632,0.19192072999584844
main,fpos,embed_nommd_fullctx_xgboost,embedding_stack,xgboost,PAIRED_ENGLISH::paired_english::m139_200114_222743::KiloSort2::26,PAIRED_ENGLISH::paired_english::m139_200114_222743,PAIRED_ENGLISH,0.028645087367516472,0.18913505971431732,0.16048997234680085
main,fpos,embed_nommd_fullctx_xgboost,embedding_stack,xgboost,PAIRED_ENGLISH::paired_english::m139_200114_222743::KiloSort::88,PAIRED_ENGLISH::paired_english::m139_200114_222743,PAIRED_ENGLISH,0.015151515151515152,0.24995791912078857,0.23480640396927344
main,fpos,embed_nommd_fullctx_xgboost,embedding_stack,xgboost,PAIRED_ENGLISH::paired_english::m139_200114_222743::MountainSort4::46,PAIRED_ENGLISH::paired_english::m139_200114_222743,PAIRED_ENGLISH,0.039886039886039885,0.33257925510406494,0.29269321521802505
main,fpos,embed_nommd_fullctx_xgboost,embedding_stack,xgboost,PAIRED_ENGLISH::paired_english::m139_200114_222743::SpykingCircus::44,PAIRED_ENGLISH::paired_english::m139_200114_222743,PAIRED_ENGLISH,0.028064146620847653,0.1894267499446869,0.16136260332383923
main,fpos,embed_nommd_fullctx_xgboost,embedding_stack,xgboost,PAIRED_ENGLISH::paired_english::m139_200114_222743::Tridesclous::1,PAIRED_ENGLISH::paired_english::m139_200114_222743,PAIRED_ENGLISH,0.3089646722483153,0.29629793763160706,0.012666734616708253
main,fpos,embed_nommd_fullctx_xgboost,embedding_stack,xgboost,PAIRED_ENGLISH::paired_english::m14_190326_155432::IronClust::22,PAIRED_ENGLISH::paired_english::m14_190326_155432,PAIRED_ENGLISH,0.0481651376146789,0.07899577915668488,0.030830641542005974
main,fpos,embed_nommd_fullctx_xgboost,embedding_stack,xgboost,PAIRED_ENGLISH::paired_english::m14_190326_155432::MountainSort4::33,PAIRED_ENGLISH::paired_english::m14_190326_155432,PAIRED_ENGLISH,0.1981651376146789,0.42004552483558655,0.22188038722090764
main,fpos,embed_nommd_fullctx_xgboost,embedding_stack,xgboost,PAIRED_ENGLISH::paired_english::m14_190326_155432::SpykingCircus::38,PAIRED_ENGLISH::paired_english::m14_190326_155432,PAIRED_ENGLISH,0.013363028953229399,0.07747720927000046,0.06411418031677106
main,fpos,embed_nommd_fullctx_xgboost,embedding_stack,xgboost,PAIRED_ENGLISH::paired_english::m15_190315_142052_cell1::IronClust::40,PAIRED_ENGLISH::paired_english::m15_190315_142052_cell1,PAIRED_ENGLISH,0.2679960401640503,0.3876025080680847,0.1196064679040344
main,fpos,embed_nommd_fullctx_xgboost,embedding_stack,xgboost,PAIRED_ENGLISH::paired_english::m15_190315_142052_cell1::KiloSort2::48,PAIRED_ENGLISH::paired_english::m15_190315_142052_cell1,PAIRED_ENGLISH,0.8627861694595232,0.4677007794380188,0.39508539002150445
main,fpos,embed_nommd_fullctx_xgboost,embedding_stack,xgboost,PAIRED_ENGLISH::paired_english::m15_190315_142052_cell1::MountainSort4::62,PAIRED_ENGLISH::paired_english::m15_190315_142052_cell1,PAIRED_ENGLISH,0.8769885383524361,0.47486671805381775,0.4021218202986183
main,fpos,embed_nommd_fullctx_xgboost,embedding_stack,xgboost,PAIRED_ENGLISH::paired_english::m15_190315_142052_cell1::MountainSort4::64,PAIRED_ENGLISH::paired_english::m15_190315_142052_cell1,PAIRED_ENGLISH,0.14704761904761904,0.2233058214187622,0.07625820237114317
main,fpos,embed_nommd_fullctx_xgboost,embedding_stack,xgboost,PAIRED_ENGLISH::paired_english::m15_190315_142052_cell1::SpykingCircus::22,PAIRED_ENGLISH::paired_english::m15_190315_142052_cell1,PAIRED_ENGLISH,0.23500526131182042,0.6233052611351013,0.3882999998232809
main,fpos,embed_nommd_fullctx_xgboost,embedding_stack,xgboost,PAIRED_ENGLISH::paired_english::m15_190315_142052_cell1::SpykingCircus::57,PAIRED_ENGLISH::paired_english::m15_190315_142052_cell1,PAIRED_ENGLISH,0.6499202551834131,0.34233617782592773,0.3075840773574854
main,fpos,embed_nommd_fullctx_xgboost,embedding_stack,xgboost,PAIRED_ENGLISH::paired_english::m15_190315_152315_cell1::IronClust::35,PAIRED_ENGLISH::paired_english::m15_190315_152315_cell1,PAIRED_ENGLISH,0.002592440987856461,0.033368971198797226,0.030776530210940765
main,fpos,embed_nommd_fullctx_xgboost,embedding_stack,xgboost,PAIRED_ENGLISH::paired_english::m15_190315_152315_cell1::KiloSort2::37,PAIRED_ENGLISH::paired_english::m15_190315_152315_cell1,PAIRED_ENGLISH,0.00039059957034047265,0.038774967193603516,0.03838436762326304
main,fpos,embed_nommd_fullctx_xgboost,embedding_stack,xgboost,PAIRED_ENGLISH::paired_english::m15_190315_152315_cell1::KiloSort::1,PAIRED_ENGLISH::paired_english::m15_190315_152315_cell1,PAIRED_ENGLISH,6.528267397832615e-05,0.02775290235877037,0.027687619684792043
main,fpos,embed_nommd_fullctx_xgboost,embedding_stack,xgboost,PAIRED_ENGLISH::paired_english::m15_190315_152315_cell1::MountainSort4::72,PAIRED_ENGLISH::paired_english::m15_190315_152315_cell1,PAIRED_ENGLISH,0.052174468356855484,0.07647555321455002,0.024301084857694534
main,fpos,embed_nommd_fullctx_xgboost,embedding_stack,xgboost,PAIRED_ENGLISH::paired_english::m15_190315_152315_cell1::SpykingCircus::46,PAIRED_ENGLISH::paired_english::m15_190315_152315_cell1,PAIRED_ENGLISH,0.010891280531030483,0.031047038733959198,0.020155758202928715
main,fpos,embed_nommd_fullctx_xgboost,embedding_stack,xgboost,PAIRED_ENGLISH::paired_english::m15_190315_152315_cell1::Tridesclous::0,PAIRED_ENGLISH::paired_english::m15_190315_152315_cell1,PAIRED_ENGLISH,0.8482136225209834,0.36494049429893494,0.4832731282220485
main,fpos,embed_nommd_fullctx_xgboost,embedding_stack,xgboost,PAIRED_ENGLISH::paired_english::m26_190524_100859_cell1::KiloSort2::0,PAIRED_ENGLISH::paired_english::m26_190524_100859_cell1,PAIRED_ENGLISH,0.38315988647114474,0.343889981508255,0.039269904962889735
main,fpos,embed_nommd_fullctx_xgboost,embedding_stack,xgboost,PAIRED_ENGLISH::paired_english::m26_190524_100859_cell1::KiloSort::19,PAIRED_ENGLISH::paired_english::m26_190524_100859_cell1,PAIRED_ENGLISH,0.2440677966101695,0.208205446600914,0.0358623500092555
main,fpos,embed_nommd_fullctx_xgboost,embedding_stack,xgboost,PAIRED_ENGLISH::paired_english::m26_190524_100859_cell1::KiloSort::8,PAIRED_ENGLISH::paired_english::m26_190524_100859_cell1,PAIRED_ENGLISH,0.6505139500734214,0.4490627944469452,0.2014511556264762
main,fpos,embed_nommd_fullctx_xgboost,embedding_stack,xgboost,PAIRED_ENGLISH::paired_english::m57_191105_141906::IronClust::6,PAIRED_ENGLISH::paired_english::m57_191105_141906,PAIRED_ENGLISH,0.31826625386996904,0.3059135675430298,0.012352686326939255
main,fpos,embed_nommd_fullctx_xgboost,embedding_stack,xgboost,PAIRED_ENGLISH::paired_english::m57_191105_141906::KiloSort::47,PAIRED_ENGLISH::paired_english::m57_191105_141906,PAIRED_ENGLISH,0.35376344086021505,0.31366288661956787,0.04010055424064718
main,fpos,embed_nommd_fullctx_xgboost,embedding_stack,xgboost,PAIRED_ENGLISH::paired_english::m57_191105_141906::MountainSort4::21,PAIRED_ENGLISH::paired_english::m57_191105_141906,PAIRED_ENGLISH,0.3323335332933413,0.45191651582717896,0.11958298253383765
main,fpos,embed_nommd_fullctx_xgboost,embedding_stack,xgboost,PAIRED_ENGLISH::paired_english::m57_191105_141906::MountainSort4::57,PAIRED_ENGLISH::paired_english::m57_191105_141906,PAIRED_ENGLISH,0.23853211009174313,0.307317852973938,0.06878574288219486
main,fpos,embed_nommd_fullctx_xgboost,embedding_stack,xgboost,PAIRED_ENGLISH::paired_english::m57_191105_141906::SpykingCircus::12,PAIRED_ENGLISH::paired_english::m57_191105_141906,PAIRED_ENGLISH,0.3535228677379481,0.2766707241535187,0.07685214358442943
main,fpos,embed_nommd_fullctx_xgboost,embedding_stack,xgboost,PAIRED_ENGLISH::paired_english::m57_191105_141906::SpykingCircus::30,PAIRED_ENGLISH::paired_english::m57_191105_141906,PAIRED_ENGLISH,0.2040332147093713,0.19753174483776093,0.006501469871610377
main,fpos,embed_nommd_fullctx_xgboost,embedding_stack,xgboost,PAIRED_ENGLISH::paired_english::m57_191105_160026::HerdingSpikes2::1,PAIRED_ENGLISH::paired_english::m57_191105_160026,PAIRED_ENGLISH,0.13630229419703105,0.27700668573379517,0.14070439153676412
main,fpos,embed_nommd_fullctx_xgboost,embedding_stack,xgboost,PAIRED_ENGLISH::paired_english::m57_191105_160026::IronClust::2,PAIRED_ENGLISH::paired_english::m57_191105_160026,PAIRED_ENGLISH,0.5044008124576845,0.22851185500621796,0.2758889574514666
main,fpos,embed_nommd_fullctx_xgboost,embedding_stack,xgboost,PAIRED_ENGLISH::paired_english::m57_191105_160026::IronClust::3,PAIRED_ENGLISH::paired_english::m57_191105_160026,PAIRED_ENGLISH,0.05838815789473684,0.32563918828964233,0.2672510303949055
main,fpos,embed_nommd_fullctx_xgboost,embedding_stack,xgboost,PAIRED_ENGLISH::paired_english::m57_191105_160026::KiloSort::127,PAIRED_ENGLISH::paired_english::m57_191105_160026,PAIRED_ENGLISH,0.5003422313483915,0.15891294181346893,0.3414292895349226
main,fpos,embed_nommd_fullctx_xgboost,embedding_stack,xgboost,PAIRED_ENGLISH::paired_english::m57_191105_160026::KiloSort::6,PAIRED_ENGLISH::paired_english::m57_191105_160026,PAIRED_ENGLISH,0.02531645569620253,0.2680571675300598,0.2427407118338573
main,fpos,embed_nommd_fullctx_xgboost,embedding_stack,xgboost,PAIRED_ENGLISH::paired_english::m57_191105_160026::MountainSort4::23,PAIRED_ENGLISH::paired_english::m57_191105_160026,PAIRED_ENGLISH,0.6737967914438503,0.18551500141620636,0.48828179002764394
main,fpos,embed_nommd_fullctx_xgboost,embedding_stack,xgboost,PAIRED_ENGLISH::paired_english::m57_191105_160026::MountainSort4::25,PAIRED_ENGLISH::paired_english::m57_191105_160026,PAIRED_ENGLISH,0.14568081991215226,0.26219040155410767,0.1165095816419554
main,fpos,embed_nommd_fullctx_xgboost,embedding_stack,xgboost,PAIRED_ENGLISH::paired_english::m57_191105_160026::SpykingCircus::2,PAIRED_ENGLISH::paired_english::m57_191105_160026,PAIRED_ENGLISH,0.6860282574568289,0.3803584575653076,0.3056697998915213
main,fpos,embed_nommd_fullctx_xgboost,embedding_stack,xgboost,PAIRED_ENGLISH::paired_english::m57_191105_160026::SpykingCircus::4,PAIRED_ENGLISH::paired_english::m57_191105_160026,PAIRED_ENGLISH,0.056790123456790124,0.3015846908092499,0.24479456735245975
main,fpos,embed_nommd_fullctx_xgboost,embedding_stack,xgboost,PAIRED_ENGLISH::paired_english::m57_191105_160026::Tridesclous::0,PAIRED_ENGLISH::paired_english::m57_191105_160026,PAIRED_ENGLISH,0.8589226823012093,0.5063920617103577,0.3525306205908516
main,fpos,embed_nommd_fullctx_xgboost,embedding_stack,xgboost,PAIRED_KAMPFF::paired_kampff::c14::HerdingSpikes2::6,PAIRED_KAMPFF::paired_kampff::c14,PAIRED_KAMPFF,0.25090444775484144,0.11947999149560928,0.13142445625923216
main,fpos,embed_nommd_fullctx_xgboost,embedding_stack,xgboost,PAIRED_KAMPFF::paired_kampff::c14::IronClust::22,PAIRED_KAMPFF::paired_kampff::c14,PAIRED_KAMPFF,0.2240655987795576,0.1490619033575058,0.07500369542205179
main,fpos,embed_nommd_fullctx_xgboost,embedding_stack,xgboost,PAIRED_KAMPFF::paired_kampff::c14::KiloSort2::37,PAIRED_KAMPFF::paired_kampff::c14,PAIRED_KAMPFF,0.23899885489939474,0.11223127692937851,0.12676757797001623
main,fpos,embed_nommd_fullctx_xgboost,embedding_stack,xgboost,PAIRED_KAMPFF::paired_kampff::c14::MountainSort4::42,PAIRED_KAMPFF::paired_kampff::c14,PAIRED_KAMPFF,0.031842105263157894,0.047112565487623215,0.015270460224465321
main,fpos,embed_nommd_fullctx_xgboost,embedding_stack,xgboost,PAIRED_KAMPFF::paired_kampff::c14::SpykingCircus::14,PAIRED_KAMPFF::paired_kampff::c14,PAIRED_KAMPFF,0.0993841579953281,0.08763821423053741,0.011745943764790684
main,fpos,embed_nommd_fullctx_xgboost,embedding_stack,xgboost,PAIRED_KAMPFF::paired_kampff::c14::Tridesclous::8,PAIRED_KAMPFF::paired_kampff::c14,PAIRED_KAMPFF,0.7298130782302221,0.4441196322441101,0.285693445986112
main,fpos,embed_nommd_fullctx_xgboost,embedding_stack,xgboost,PAIRED_MEA64C_YGER::paired_mea64c::20170622_patch1::HerdingSpikes2::19,PAIRED_MEA64C_YGER::paired_mea64c::20170622_patch1,PAIRED_MEA64C_YGER,0.3048016701461378,0.2901074290275574,0.01469424111858042
main,fpos,embed_nommd_fullctx_xgboost,embedding_stack,xgboost,PAIRED_MEA64C_YGER::paired_mea64c::20170622_patch1::HerdingSpikes2::7,PAIRED_MEA64C_YGER::paired_mea64c::20170622_patch1,PAIRED_MEA64C_YGER,0.006430868167202572,0.017060143873095512,0.01062927570589294
main,fpos,embed_nommd_fullctx_xgboost,embedding_stack,xgboost,PAIRED_MEA64C_YGER::paired_mea64c::20170622_patch1::IronClust::8,PAIRED_MEA64C_YGER::paired_mea64c::20170622_patch1,PAIRED_MEA64C_YGER,0.32512992968511156,0.14586737751960754,0.17926255216550402
main,fpos,embed_nommd_fullctx_xgboost,embedding_stack,xgboost,PAIRED_MEA64C_YGER::paired_mea64c::20170622_patch1::KiloSort2::23,PAIRED_MEA64C_YGER::paired_mea64c::20170622_patch1,PAIRED_MEA64C_YGER,0.0,0.013525932095944881,0.013525932095944881
main,fpos,embed_nommd_fullctx_xgboost,embedding_stack,xgboost,PAIRED_MEA64C_YGER::paired_mea64c::20170622_patch1::KiloSort::64,PAIRED_MEA64C_YGER::paired_mea64c::20170622_patch1,PAIRED_MEA64C_YGER,0.00022805017103762827,0.009977007284760475,0.009748957113722846
main,fpos,embed_nommd_fullctx_xgboost,embedding_stack,xgboost,PAIRED_MEA64C_YGER::paired_mea64c::20170622_patch1::Klusta::4,PAIRED_MEA64C_YGER::paired_mea64c::20170622_patch1,PAIRED_MEA64C_YGER,0.0050424628450106155,0.018144065514206886,0.013101602669196272
main,fpos,embed_nommd_fullctx_xgboost,embedding_stack,xgboost,PAIRED_MEA64C_YGER::paired_mea64c::20170622_patch1::MountainSort4::43,PAIRED_MEA64C_YGER::paired_mea64c::20170622_patch1,PAIRED_MEA64C_YGER,0.0040494938132733405,0.013950704596936703,0.009901210783663362
main,fpos,embed_nommd_fullctx_xgboost,embedding_stack,xgboost,PAIRED_MEA64C_YGER::paired_mea64c::20170622_patch1::SpykingCircus::18,PAIRED_MEA64C_YGER::paired_mea64c::20170622_patch1,PAIRED_MEA64C_YGER,0.00022079929344226098,0.007222645916044712,0.007001846622602451
main,fpos,embed_nommd_fullctx_xgboost,embedding_stack,xgboost,PAIRED_MEA64C_YGER::paired_mea64c::20170622_patch1::Tridesclous::12,PAIRED_MEA64C_YGER::paired_mea64c::20170622_patch1,PAIRED_MEA64C_YGER,0.013830024537140308,0.01451397780328989,0.0006839532661495826
main,fpos,embed_nommd_fullctx_xgboost,embedding_stack,xgboost,PAIRED_MEA64C_YGER::paired_mea64c::20170622_patch2::HerdingSpikes2::16,PAIRED_MEA64C_YGER::paired_mea64c::20170622_patch2,PAIRED_MEA64C_YGER,0.18683274021352314,0.15186536312103271,0.034967377092490426
main,fpos,embed_nommd_fullctx_xgboost,embedding_stack,xgboost,PAIRED_MEA64C_YGER::paired_mea64c::20170622_patch2::HerdingSpikes2::44,PAIRED_MEA64C_YGER::paired_mea64c::20170622_patch2,PAIRED_MEA64C_YGER,0.4028520499108734,0.09439913928508759,0.30845291062578584
main,fpos,embed_nommd_fullctx_xgboost,embedding_stack,xgboost,PAIRED_MEA64C_YGER::paired_mea64c::20170622_patch2::HerdingSpikes2::5,PAIRED_MEA64C_YGER::paired_mea64c::20170622_patch2,PAIRED_MEA64C_YGER,0.06115992970123023,0.0016690093325451016,0.05949092036868513
main,fpos,embed_nommd_fullctx_xgboost,embedding_stack,xgboost,PAIRED_MEA64C_YGER::paired_mea64c::20170622_patch2::IronClust::11,PAIRED_MEA64C_YGER::paired_mea64c::20170622_patch2,PAIRED_MEA64C_YGER,0.061366806136680614,0.0013662447454407811,0.06000056139123983
main,fpos,embed_nommd_fullctx_xgboost,embedding_stack,xgboost,PAIRED_MEA64C_YGER::paired_mea64c::20170622_patch2::JRClust::31,PAIRED_MEA64C_YGER::paired_mea64c::20170622_patch2,PAIRED_MEA64C_YGER,0.06118881118881119,0.0009279916994273663,0.060260819489383825
main,fpos,embed_nommd_fullctx_xgboost,embedding_stack,xgboost,PAIRED_MEA64C_YGER::paired_mea64c::20170622_patch2::KiloSort2::33,PAIRED_MEA64C_YGER::paired_mea64c::20170622_patch2,PAIRED_MEA64C_YGER,0.061409630146545706,0.0012179386103525758,0.06019169153619313
main,fpos,embed_nommd_fullctx_xgboost,embedding_stack,xgboost,PAIRED_MEA64C_YGER::paired_mea64c::20170622_patch2::KiloSort::5,PAIRED_MEA64C_YGER::paired_mea64c::20170622_patch2,PAIRED_MEA64C_YGER,0.06143106457242583,0.0032273507677018642,0.058203713804723965
main,fpos,embed_nommd_fullctx_xgboost,embedding_stack,xgboost,PAIRED_MEA64C_YGER::paired_mea64c::20170622_patch2::Klusta::14,PAIRED_MEA64C_YGER::paired_mea64c::20170622_patch2,PAIRED_MEA64C_YGER,0.05860349127182045,0.001164119690656662,0.05743937158116379
main,fpos,embed_nommd_fullctx_xgboost,embedding_stack,xgboost,PAIRED_MEA64C_YGER::paired_mea64c::20170622_patch2::MountainSort4::31,PAIRED_MEA64C_YGER::paired_mea64c::20170622_patch2,PAIRED_MEA64C_YGER,0.07713404182379156,0.00526026077568531,0.07187378104810625
main,fpos,embed_nommd_fullctx_xgboost,embedding_stack,xgboost,PAIRED_MEA64C_YGER::paired_mea64c::20170622_patch2::SpykingCircus::17,PAIRED_MEA64C_YGER::paired_mea64c::20170622_patch2,PAIRED_MEA64C_YGER,0.061366806136680614,0.0008953741053119302,0.060471432031368684
main,fpos,embed_nommd_fullctx_xgboost,embedding_stack,xgboost,PAIRED_MEA64C_YGER::paired_mea64c::20170622_patch2::Tridesclous::0,PAIRED_MEA64C_YGER::paired_mea64c::20170622_patch2,PAIRED_MEA64C_YGER,0.061366806136680614,0.0015858231345191598,0.059780983002161454
main,fpos,latent_summary_fullctx_lightgbm,latent_summary_stack,lightgbm,PAIRED_BOYDEN::paired_boyden32c::1103_1_1::IronClust::4,PAIRED_BOYDEN::paired_boyden32c::1103_1_1,PAIRED_BOYDEN,0.11363636363636363,0.2506207227706909,0.13698435913432727
main,fpos,latent_summary_fullctx_lightgbm,latent_summary_stack,lightgbm,PAIRED_BOYDEN::paired_boyden32c::1103_1_1::JRClust::18,PAIRED_BOYDEN::paired_boyden32c::1103_1_1,PAIRED_BOYDEN,0.26138147566718994,0.3313859701156616,0.07000449444847168
main,fpos,latent_summary_fullctx_lightgbm,latent_summary_stack,lightgbm,PAIRED_BOYDEN::paired_boyden32c::1103_1_1::KiloSort2::33,PAIRED_BOYDEN::paired_boyden32c::1103_1_1,PAIRED_BOYDEN,0.17066290550070523,0.32060474157333374,0.1499418360726285
main,fpos,latent_summary_fullctx_lightgbm,latent_summary_stack,lightgbm,PAIRED_BOYDEN::paired_boyden32c::1103_1_1::KiloSort2::55,PAIRED_BOYDEN::paired_boyden32c::1103_1_1,PAIRED_BOYDEN,0.3333333333333333,0.22880424559116364,0.10452908774216968
main,fpos,latent_summary_fullctx_lightgbm,latent_summary_stack,lightgbm,PAIRED_BOYDEN::paired_boyden32c::1103_1_1::KiloSort2::60,PAIRED_BOYDEN::paired_boyden32c::1103_1_1,PAIRED_BOYDEN,0.15878378378378377,0.14579971134662628,0.01298407243715749
main,fpos,latent_summary_fullctx_lightgbm,latent_summary_stack,lightgbm,PAIRED_BOYDEN::paired_boyden32c::1103_1_1::KiloSort::111,PAIRED_BOYDEN::paired_boyden32c::1103_1_1,PAIRED_BOYDEN,0.11241007194244604,0.2842426896095276,0.17183261766708155
main,fpos,latent_summary_fullctx_lightgbm,latent_summary_stack,lightgbm,PAIRED_BOYDEN::paired_boyden32c::1103_1_1::Klusta::12,PAIRED_BOYDEN::paired_boyden32c::1103_1_1,PAIRED_BOYDEN,0.156686626746507,0.2620098888874054,0.1053232621408984
main,fpos,latent_summary_fullctx_lightgbm,latent_summary_stack,lightgbm,PAIRED_BOYDEN::paired_boyden32c::1103_1_1::MountainSort4::26,PAIRED_BOYDEN::paired_boyden32c::1103_1_1,PAIRED_BOYDEN,0.30532212885154064,0.31196320056915283,0.00664107171761219
main,fpos,latent_summary_fullctx_lightgbm,latent_summary_stack,lightgbm,PAIRED_BOYDEN::paired_boyden32c::1103_1_1::SpykingCircus::27,PAIRED_BOYDEN::paired_boyden32c::1103_1_1,PAIRED_BOYDEN,0.12258064516129032,0.2527211010456085,0.13014045588431822
main,fpos,latent_summary_fullctx_lightgbm,latent_summary_stack,lightgbm,PAIRED_BOYDEN::paired_boyden32c::1103_1_1::Tridesclous::3,PAIRED_BOYDEN::paired_boyden32c::1103_1_1,PAIRED_BOYDEN,0.2613268608414239,0.4316467046737671,0.17031984383234317
main,fpos,latent_summary_fullctx_lightgbm,latent_summary_stack,lightgbm,PAIRED_BOYDEN::paired_boyden32c::419_1_8::IronClust::14,PAIRED_BOYDEN::paired_boyden32c::419_1_8,PAIRED_BOYDEN,0.0663265306122449,0.013899117708206177,0.052427412904038725
main,fpos,latent_summary_fullctx_lightgbm,latent_summary_stack,lightgbm,PAIRED_BOYDEN::paired_boyden32c::419_1_8::IronClust::4,PAIRED_BOYDEN::paired_boyden32c::419_1_8,PAIRED_BOYDEN,0.05829903978052126,0.04920211061835289,0.009096929162168373
main,fpos,latent_summary_fullctx_lightgbm,latent_summary_stack,lightgbm,PAIRED_BOYDEN::paired_boyden32c::419_1_8::JRClust::24,PAIRED_BOYDEN::paired_boyden32c::419_1_8,PAIRED_BOYDEN,0.08062093139709564,0.017944324761629105,0.06267660663546654
main,fpos,latent_summary_fullctx_lightgbm,latent_summary_stack,lightgbm,PAIRED_BOYDEN::paired_boyden32c::419_1_8::JRClust::8,PAIRED_BOYDEN::paired_boyden32c::419_1_8,PAIRED_BOYDEN,0.03907637655417407,0.01815767027437687,0.0209187062797972
main,fpos,latent_summary_fullctx_lightgbm,latent_summary_stack,lightgbm,PAIRED_BOYDEN::paired_boyden32c::419_1_8::KiloSort2::27,PAIRED_BOYDEN::paired_boyden32c::419_1_8,PAIRED_BOYDEN,0.1342059838895282,0.03837050497531891,0.0958354789142093
main,fpos,latent_summary_fullctx_lightgbm,latent_summary_stack,lightgbm,PAIRED_BOYDEN::paired_boyden32c::419_1_8::KiloSort2::46,PAIRED_BOYDEN::paired_boyden32c::419_1_8,PAIRED_BOYDEN,0.02341480088873697,0.023959169164299965,0.000544368275562996
main,fpos,latent_summary_fullctx_lightgbm,latent_summary_stack,lightgbm,PAIRED_BOYDEN::paired_boyden32c::419_1_8::KiloSort::17,PAIRED_BOYDEN::paired_boyden32c::419_1_8,PAIRED_BOYDEN,0.06424161521775405,0.01571650244295597,0.04852511277479808
main,fpos,latent_summary_fullctx_lightgbm,latent_summary_stack,lightgbm,PAIRED_BOYDEN::paired_boyden32c::419_1_8::MountainSort4::42,PAIRED_BOYDEN::paired_boyden32c::419_1_8,PAIRED_BOYDEN,0.16482219271063892,0.0809437707066536,0.08387842200398532
main,fpos,latent_summary_fullctx_lightgbm,latent_summary_stack,lightgbm,PAIRED_BOYDEN::paired_boyden32c::419_1_8::SpykingCircus::24,PAIRED_BOYDEN::paired_boyden32c::419_1_8,PAIRED_BOYDEN,0.24721080446271285,0.1543779969215393,0.09283280754117354
main,fpos,latent_summary_fullctx_lightgbm,latent_summary_stack,lightgbm,PAIRED_BOYDEN::paired_boyden32c::419_1_8::SpykingCircus::28,PAIRED_BOYDEN::paired_boyden32c::419_1_8,PAIRED_BOYDEN,0.029543112332531776,0.016659172251820564,0.012883940080711212
main,fpos,latent_summary_fullctx_lightgbm,latent_summary_stack,lightgbm,PAIRED_BOYDEN::paired_boyden32c::419_1_8::Tridesclous::0,PAIRED_BOYDEN::paired_boyden32c::419_1_8,PAIRED_BOYDEN,0.15585806056898133,0.096160888671875,0.05969717189710633
main,fpos,latent_summary_fullctx_lightgbm,latent_summary_stack,lightgbm,PAIRED_CRCNS_HC1::paired_crcns::d11221_d11221.001::SpykingCircus::6,PAIRED_CRCNS_HC1::paired_crcns::d11221_d11221.001,PAIRED_CRCNS_HC1,0.8835978835978836,0.5173290967941284,0.3662687868037552
main,fpos,latent_summary_fullctx_lightgbm,latent_summary_stack,lightgbm,PAIRED_CRCNS_HC1::paired_crcns::d11222_d11222.002::IronClust::2,PAIRED_CRCNS_HC1::paired_crcns::d11222_d11222.002,PAIRED_CRCNS_HC1,0.04466019417475728,0.2044173926115036,0.15975719843674632
main,fpos,latent_summary_fullctx_lightgbm,latent_summary_stack,lightgbm,PAIRED_CRCNS_HC1::paired_crcns::d11222_d11222.002::JRClust::3,PAIRED_CRCNS_HC1::paired_crcns::d11222_d11222.002,PAIRED_CRCNS_HC1,0.039337474120082816,0.05036666616797447,0.011029192047891656
main,fpos,latent_summary_fullctx_lightgbm,latent_summary_stack,lightgbm,PAIRED_CRCNS_HC1::paired_crcns::d11222_d11222.002::KiloSort2::10,PAIRED_CRCNS_HC1::paired_crcns::d11222_d11222.002,PAIRED_CRCNS_HC1,0.550417469492614,0.07060878723859787,0.4798086822540162
main,fpos,latent_summary_fullctx_lightgbm,latent_summary_stack,lightgbm,PAIRED_CRCNS_HC1::paired_crcns::d11222_d11222.002::KiloSort::1,PAIRED_CRCNS_HC1::paired_crcns::d11222_d11222.002,PAIRED_CRCNS_HC1,0.03337783711615487,0.09394662082195282,0.06056878370579795
main,fpos,latent_summary_fullctx_lightgbm,latent_summary_stack,lightgbm,PAIRED_CRCNS_HC1::paired_crcns::d11222_d11222.002::Klusta::2,PAIRED_CRCNS_HC1::paired_crcns::d11222_d11222.002,PAIRED_CRCNS_HC1,0.008777852802160702,0.10844750702381134,0.09966965422165064
main,fpos,latent_summary_fullctx_lightgbm,latent_summary_stack,lightgbm,PAIRED_CRCNS_HC1::paired_crcns::d11222_d11222.002::MountainSort4::4,PAIRED_CRCNS_HC1::paired_crcns::d11222_d11222.002,PAIRED_CRCNS_HC1,0.360427807486631,0.19762611389160156,0.16280169359502944
main,fpos,latent_summary_fullctx_lightgbm,latent_summary_stack,lightgbm,PAIRED_CRCNS_HC1::paired_crcns::d11222_d11222.002::SpykingCircus::4,PAIRED_CRCNS_HC1::paired_crcns::d11222_d11222.002,PAIRED_CRCNS_HC1,0.11986754966887417,0.08210012316703796,0.037767426501836204
main,fpos,latent_summary_fullctx_lightgbm,latent_summary_stack,lightgbm,PAIRED_CRCNS_HC1::paired_crcns::d11222_d11222.002::Tridesclous::0,PAIRED_CRCNS_HC1::paired_crcns::d11222_d11222.002,PAIRED_CRCNS_HC1,0.021164021164021163,0.15292467176914215,0.131760650605121
main,fpos,latent_summary_fullctx_lightgbm,latent_summary_stack,lightgbm,PAIRED_ENGLISH::paired_english::m139_200114_191955::KiloSort2::25,PAIRED_ENGLISH::paired_english::m139_200114_191955,PAIRED_ENGLISH,0.7302739726027397,0.39300015568733215,0.3372738169154076
main,fpos,latent_summary_fullctx_lightgbm,latent_summary_stack,lightgbm,PAIRED_ENGLISH::paired_english::m139_200114_191955::MountainSort4::36,PAIRED_ENGLISH::paired_english::m139_200114_191955,PAIRED_ENGLISH,0.8735255086994986,0.6774072051048279,0.19611830359467075
main,fpos,latent_summary_fullctx_lightgbm,latent_summary_stack,lightgbm,PAIRED_ENGLISH::paired_english::m139_200114_191955::SpykingCircus::42,PAIRED_ENGLISH::paired_english::m139_200114_191955,PAIRED_ENGLISH,0.5584045584045584,0.32086753845214844,0.23753701995240994
main,fpos,latent_summary_fullctx_lightgbm,latent_summary_stack,lightgbm,PAIRED_ENGLISH::paired_english::m139_200114_222743::HerdingSpikes2::5,PAIRED_ENGLISH::paired_english::m139_200114_222743,PAIRED_ENGLISH,0.03257707969749855,0.2060961127281189,0.17351903303062036
main,fpos,latent_summary_fullctx_lightgbm,latent_summary_stack,lightgbm,PAIRED_ENGLISH::paired_english::m139_200114_222743::IronClust::17,PAIRED_ENGLISH::paired_english::m139_200114_222743,PAIRED_ENGLISH,0.02675196277987787,0.14688707888126373,0.12013511610138586
main,fpos,latent_summary_fullctx_lightgbm,latent_summary_stack,lightgbm,PAIRED_ENGLISH::paired_english::m139_200114_222743::KiloSort2::26,PAIRED_ENGLISH::paired_english::m139_200114_222743,PAIRED_ENGLISH,0.028645087367516472,0.14066113531589508,0.1120160479483786
main,fpos,latent_summary_fullctx_lightgbm,latent_summary_stack,lightgbm,PAIRED_ENGLISH::paired_english::m139_200114_222743::KiloSort::88,PAIRED_ENGLISH::paired_english::m139_200114_222743,PAIRED_ENGLISH,0.015151515151515152,0.1614556610584259,0.14630414590691077
main,fpos,latent_summary_fullctx_lightgbm,latent_summary_stack,lightgbm,PAIRED_ENGLISH::paired_english::m139_200114_222743::MountainSort4::46,PAIRED_ENGLISH::paired_english::m139_200114_222743,PAIRED_ENGLISH,0.039886039886039885,0.3672031760215759,0.32731713613553604
main,fpos,latent_summary_fullctx_lightgbm,latent_summary_stack,lightgbm,PAIRED_ENGLISH::paired_english::m139_200114_222743::SpykingCircus::44,PAIRED_ENGLISH::paired_english::m139_200114_222743,PAIRED_ENGLISH,0.028064146620847653,0.09915066510438919,0.07108651848354154
main,fpos,latent_summary_fullctx_lightgbm,latent_summary_stack,lightgbm,PAIRED_ENGLISH::paired_english::m139_200114_222743::Tridesclous::1,PAIRED_ENGLISH::paired_english::m139_200114_222743,PAIRED_ENGLISH,0.3089646722483153,0.34697315096855164,0.03800847872023633
main,fpos,latent_summary_fullctx_lightgbm,latent_summary_stack,lightgbm,PAIRED_ENGLISH::paired_english::m14_190326_155432::IronClust::22,PAIRED_ENGLISH::paired_english::m14_190326_155432,PAIRED_ENGLISH,0.0481651376146789,0.03708936274051666,0.01107577487416224
main,fpos,latent_summary_fullctx_lightgbm,latent_summary_stack,lightgbm,PAIRED_ENGLISH::paired_english::m14_190326_155432::MountainSort4::33,PAIRED_ENGLISH::paired_english::m14_190326_155432,PAIRED_ENGLISH,0.1981651376146789,0.18644051253795624,0.011724625076722672
main,fpos,latent_summary_fullctx_lightgbm,latent_summary_stack,lightgbm,PAIRED_ENGLISH::paired_english::m14_190326_155432::SpykingCircus::38,PAIRED_ENGLISH::paired_english::m14_190326_155432,PAIRED_ENGLISH,0.013363028953229399,0.050216786563396454,0.03685375761016706
main,fpos,latent_summary_fullctx_lightgbm,latent_summary_stack,lightgbm,PAIRED_ENGLISH::paired_english::m15_190315_142052_cell1::IronClust::40,PAIRED_ENGLISH::paired_english::m15_190315_142052_cell1,PAIRED_ENGLISH,0.2679960401640503,0.4881089925765991,0.2201129524125488
main,fpos,latent_summary_fullctx_lightgbm,latent_summary_stack,lightgbm,PAIRED_ENGLISH::paired_english::m15_190315_142052_cell1::KiloSort2::48,PAIRED_ENGLISH::paired_english::m15_190315_142052_cell1,PAIRED_ENGLISH,0.8627861694595232,0.44016286730766296,0.4226233021518603
main,fpos,latent_summary_fullctx_lightgbm,latent_summary_stack,lightgbm,PAIRED_ENGLISH::paired_english::m15_190315_142052_cell1::MountainSort4::62,PAIRED_ENGLISH::paired_english::m15_190315_142052_cell1,PAIRED_ENGLISH,0.8769885383524361,0.475038081407547,0.40195045694488907
main,fpos,latent_summary_fullctx_lightgbm,latent_summary_stack,lightgbm,PAIRED_ENGLISH::paired_english::m15_190315_142052_cell1::MountainSort4::64,PAIRED_ENGLISH::paired_english::m15_190315_142052_cell1,PAIRED_ENGLISH,0.14704761904761904,0.1464896947145462,0.0005579243330728345
main,fpos,latent_summary_fullctx_lightgbm,latent_summary_stack,lightgbm,PAIRED_ENGLISH::paired_english::m15_190315_142052_cell1::SpykingCircus::22,PAIRED_ENGLISH::paired_english::m15_190315_142052_cell1,PAIRED_ENGLISH,0.23500526131182042,0.6590129733085632,0.4240077119967428
main,fpos,latent_summary_fullctx_lightgbm,latent_summary_stack,lightgbm,PAIRED_ENGLISH::paired_english::m15_190315_142052_cell1::SpykingCircus::57,PAIRED_ENGLISH::paired_english::m15_190315_142052_cell1,PAIRED_ENGLISH,0.6499202551834131,0.2986604571342468,0.3512597980491663
main,fpos,latent_summary_fullctx_lightgbm,latent_summary_stack,lightgbm,PAIRED_ENGLISH::paired_english::m15_190315_152315_cell1::IronClust::35,PAIRED_ENGLISH::paired_english::m15_190315_152315_cell1,PAIRED_ENGLISH,0.002592440987856461,0.03314366564154625,0.030551224653689788
main,fpos,latent_summary_fullctx_lightgbm,latent_summary_stack,lightgbm,PAIRED_ENGLISH::paired_english::m15_190315_152315_cell1::KiloSort2::37,PAIRED_ENGLISH::paired_english::m15_190315_152315_cell1,PAIRED_ENGLISH,0.00039059957034047265,0.05022893473505974,0.049838335164719264
main,fpos,latent_summary_fullctx_lightgbm,latent_summary_stack,lightgbm,PAIRED_ENGLISH::paired_english::m15_190315_152315_cell1::KiloSort::1,PAIRED_ENGLISH::paired_english::m15_190315_152315_cell1,PAIRED_ENGLISH,6.528267397832615e-05,0.06134039908647537,0.06127511641249705
main,fpos,latent_summary_fullctx_lightgbm,latent_summary_stack,lightgbm,PAIRED_ENGLISH::paired_english::m15_190315_152315_cell1::MountainSort4::72,PAIRED_ENGLISH::paired_english::m15_190315_152315_cell1,PAIRED_ENGLISH,0.052174468356855484,0.2216632068157196,0.1694887384588641
main,fpos,latent_summary_fullctx_lightgbm,latent_summary_stack,lightgbm,PAIRED_ENGLISH::paired_english::m15_190315_152315_cell1::SpykingCircus::46,PAIRED_ENGLISH::paired_english::m15_190315_152315_cell1,PAIRED_ENGLISH,0.010891280531030483,0.03565681353211403,0.024765533001083546
main,fpos,latent_summary_fullctx_lightgbm,latent_summary_stack,lightgbm,PAIRED_ENGLISH::paired_english::m15_190315_152315_cell1::Tridesclous::0,PAIRED_ENGLISH::paired_english::m15_190315_152315_cell1,PAIRED_ENGLISH,0.8482136225209834,0.4246133267879486,0.4236002957330348
main,fpos,latent_summary_fullctx_lightgbm,latent_summary_stack,lightgbm,PAIRED_ENGLISH::paired_english::m26_190524_100859_cell1::KiloSort2::0,PAIRED_ENGLISH::paired_english::m26_190524_100859_cell1,PAIRED_ENGLISH,0.38315988647114474,0.2686065137386322,0.11455337273251254
main,fpos,latent_summary_fullctx_lightgbm,latent_summary_stack,lightgbm,PAIRED_ENGLISH::paired_english::m26_190524_100859_cell1::KiloSort::19,PAIRED_ENGLISH::paired_english::m26_190524_100859_cell1,PAIRED_ENGLISH,0.2440677966101695,0.15088549256324768,0.09318230404692182
main,fpos,latent_summary_fullctx_lightgbm,latent_summary_stack,lightgbm,PAIRED_ENGLISH::paired_english::m26_190524_100859_cell1::KiloSort::8,PAIRED_ENGLISH::paired_english::m26_190524_100859_cell1,PAIRED_ENGLISH,0.6505139500734214,0.1823301762342453,0.4681837738391761
main,fpos,latent_summary_fullctx_lightgbm,latent_summary_stack,lightgbm,PAIRED_ENGLISH::paired_english::m57_191105_141906::IronClust::6,PAIRED_ENGLISH::paired_english::m57_191105_141906,PAIRED_ENGLISH,0.31826625386996904,0.32237181067466736,0.004105556804698318
main,fpos,latent_summary_fullctx_lightgbm,latent_summary_stack,lightgbm,PAIRED_ENGLISH::paired_english::m57_191105_141906::KiloSort::47,PAIRED_ENGLISH::paired_english::m57_191105_141906,PAIRED_ENGLISH,0.35376344086021505,0.35202115774154663,0.0017422831186684196
main,fpos,latent_summary_fullctx_lightgbm,latent_summary_stack,lightgbm,PAIRED_ENGLISH::paired_english::m57_191105_141906::MountainSort4::21,PAIRED_ENGLISH::paired_english::m57_191105_141906,PAIRED_ENGLISH,0.3323335332933413,0.5935560464859009,0.26122251319255957
main,fpos,latent_summary_fullctx_lightgbm,latent_summary_stack,lightgbm,PAIRED_ENGLISH::paired_english::m57_191105_141906::MountainSort4::57,PAIRED_ENGLISH::paired_english::m57_191105_141906,PAIRED_ENGLISH,0.23853211009174313,0.3348410129547119,0.09630890286296878
main,fpos,latent_summary_fullctx_lightgbm,latent_summary_stack,lightgbm,PAIRED_ENGLISH::paired_english::m57_191105_141906::SpykingCircus::12,PAIRED_ENGLISH::paired_english::m57_191105_141906,PAIRED_ENGLISH,0.3535228677379481,0.25543609261512756,0.09808677512282055
main,fpos,latent_summary_fullctx_lightgbm,latent_summary_stack,lightgbm,PAIRED_ENGLISH::paired_english::m57_191105_141906::SpykingCircus::30,PAIRED_ENGLISH::paired_english::m57_191105_141906,PAIRED_ENGLISH,0.2040332147093713,0.15791168808937073,0.046121526620000575
main,fpos,latent_summary_fullctx_lightgbm,latent_summary_stack,lightgbm,PAIRED_ENGLISH::paired_english::m57_191105_160026::HerdingSpikes2::1,PAIRED_ENGLISH::paired_english::m57_191105_160026,PAIRED_ENGLISH,0.13630229419703105,0.3328487277030945,0.19654643350606343
main,fpos,latent_summary_fullctx_lightgbm,latent_summary_stack,lightgbm,PAIRED_ENGLISH::paired_english::m57_191105_160026::IronClust::2,PAIRED_ENGLISH::paired_english::m57_191105_160026,PAIRED_ENGLISH,0.5044008124576845,0.265200138092041,0.23920067436564352
main,fpos,latent_summary_fullctx_lightgbm,latent_summary_stack,lightgbm,PAIRED_ENGLISH::paired_english::m57_191105_160026::IronClust::3,PAIRED_ENGLISH::paired_english::m57_191105_160026,PAIRED_ENGLISH,0.05838815789473684,0.32875677943229675,0.2703686215375599
main,fpos,latent_summary_fullctx_lightgbm,latent_summary_stack,lightgbm,PAIRED_ENGLISH::paired_english::m57_191105_160026::KiloSort::127,PAIRED_ENGLISH::paired_english::m57_191105_160026,PAIRED_ENGLISH,0.5003422313483915,0.26579809188842773,0.23454413945996377
main,fpos,latent_summary_fullctx_lightgbm,latent_summary_stack,lightgbm,PAIRED_ENGLISH::paired_english::m57_191105_160026::KiloSort::6,PAIRED_ENGLISH::paired_english::m57_191105_160026,PAIRED_ENGLISH,0.02531645569620253,0.15788359940052032,0.1325671437043178
main,fpos,latent_summary_fullctx_lightgbm,latent_summary_stack,lightgbm,PAIRED_ENGLISH::paired_english::m57_191105_160026::MountainSort4::23,PAIRED_ENGLISH::paired_english::m57_191105_160026,PAIRED_ENGLISH,0.6737967914438503,0.18161171674728394,0.49218507469656636
main,fpos,latent_summary_fullctx_lightgbm,latent_summary_stack,lightgbm,PAIRED_ENGLISH::paired_english::m57_191105_160026::MountainSort4::25,PAIRED_ENGLISH::paired_english::m57_191105_160026,PAIRED_ENGLISH,0.14568081991215226,0.3337573707103729,0.18807655079822067
main,fpos,latent_summary_fullctx_lightgbm,latent_summary_stack,lightgbm,PAIRED_ENGLISH::paired_english::m57_191105_160026::SpykingCircus::2,PAIRED_ENGLISH::paired_english::m57_191105_160026,PAIRED_ENGLISH,0.6860282574568289,0.43666285276412964,0.2493654046926993
main,fpos,latent_summary_fullctx_lightgbm,latent_summary_stack,lightgbm,PAIRED_ENGLISH::paired_english::m57_191105_160026::SpykingCircus::4,PAIRED_ENGLISH::paired_english::m57_191105_160026,PAIRED_ENGLISH,0.056790123456790124,0.2521214187145233,0.19533129525773318
main,fpos,latent_summary_fullctx_lightgbm,latent_summary_stack,lightgbm,PAIRED_ENGLISH::paired_english::m57_191105_160026::Tridesclous::0,PAIRED_ENGLISH::paired_english::m57_191105_160026,PAIRED_ENGLISH,0.8589226823012093,0.5246620774269104,0.3342606048742989
main,fpos,latent_summary_fullctx_lightgbm,latent_summary_stack,lightgbm,PAIRED_KAMPFF::paired_kampff::c14::HerdingSpikes2::6,PAIRED_KAMPFF::paired_kampff::c14,PAIRED_KAMPFF,0.25090444775484144,0.11738871783018112,0.13351572992466032
main,fpos,latent_summary_fullctx_lightgbm,latent_summary_stack,lightgbm,PAIRED_KAMPFF::paired_kampff::c14::IronClust::22,PAIRED_KAMPFF::paired_kampff::c14,PAIRED_KAMPFF,0.2240655987795576,0.10107015073299408,0.12299544804656351
main,fpos,latent_summary_fullctx_lightgbm,latent_summary_stack,lightgbm,PAIRED_KAMPFF::paired_kampff::c14::KiloSort2::37,PAIRED_KAMPFF::paired_kampff::c14,PAIRED_KAMPFF,0.23899885489939474,0.135788694024086,0.10321016087530874
main,fpos,latent_summary_fullctx_lightgbm,latent_summary_stack,lightgbm,PAIRED_KAMPFF::paired_kampff::c14::MountainSort4::42,PAIRED_KAMPFF::paired_kampff::c14,PAIRED_KAMPFF,0.031842105263157894,0.031346265226602554,0.0004958400365553395
main,fpos,latent_summary_fullctx_lightgbm,latent_summary_stack,lightgbm,PAIRED_KAMPFF::paired_kampff::c14::SpykingCircus::14,PAIRED_KAMPFF::paired_kampff::c14,PAIRED_KAMPFF,0.0993841579953281,0.08164120465517044,0.017742953340157658
main,fpos,latent_summary_fullctx_lightgbm,latent_summary_stack,lightgbm,PAIRED_KAMPFF::paired_kampff::c14::Tridesclous::8,PAIRED_KAMPFF::paired_kampff::c14,PAIRED_KAMPFF,0.7298130782302221,0.5386696457862854,0.19114343244393672
main,fpos,latent_summary_fullctx_lightgbm,latent_summary_stack,lightgbm,PAIRED_MEA64C_YGER::paired_mea64c::20170622_patch1::HerdingSpikes2::19,PAIRED_MEA64C_YGER::paired_mea64c::20170622_patch1,PAIRED_MEA64C_YGER,0.3048016701461378,0.20730584859848022,0.09749582154765757
main,fpos,latent_summary_fullctx_lightgbm,latent_summary_stack,lightgbm,PAIRED_MEA64C_YGER::paired_mea64c::20170622_patch1::HerdingSpikes2::7,PAIRED_MEA64C_YGER::paired_mea64c::20170622_patch1,PAIRED_MEA64C_YGER,0.006430868167202572,0.04635842889547348,0.03992756072827091
main,fpos,latent_summary_fullctx_lightgbm,latent_summary_stack,lightgbm,PAIRED_MEA64C_YGER::paired_mea64c::20170622_patch1::IronClust::8,PAIRED_MEA64C_YGER::paired_mea64c::20170622_patch1,PAIRED_MEA64C_YGER,0.32512992968511156,0.11981284618377686,0.2053170835013347
main,fpos,latent_summary_fullctx_lightgbm,latent_summary_stack,lightgbm,PAIRED_MEA64C_YGER::paired_mea64c::20170622_patch1::KiloSort2::23,PAIRED_MEA64C_YGER::paired_mea64c::20170622_patch1,PAIRED_MEA64C_YGER,0.0,0.014099301770329475,0.014099301770329475
main,fpos,latent_summary_fullctx_lightgbm,latent_summary_stack,lightgbm,PAIRED_MEA64C_YGER::paired_mea64c::20170622_patch1::KiloSort::64,PAIRED_MEA64C_YGER::paired_mea64c::20170622_patch1,PAIRED_MEA64C_YGER,0.00022805017103762827,0.013431097380816936,0.013203047209779308
main,fpos,latent_summary_fullctx_lightgbm,latent_summary_stack,lightgbm,PAIRED_MEA64C_YGER::paired_mea64c::20170622_patch1::Klusta::4,PAIRED_MEA64C_YGER::paired_mea64c::20170622_patch1,PAIRED_MEA64C_YGER,0.0050424628450106155,0.017201954498887062,0.012159491653876447
main,fpos,latent_summary_fullctx_lightgbm,latent_summary_stack,lightgbm,PAIRED_MEA64C_YGER::paired_mea64c::20170622_patch1::MountainSort4::43,PAIRED_MEA64C_YGER::paired_mea64c::20170622_patch1,PAIRED_MEA64C_YGER,0.0040494938132733405,0.016369430348277092,0.012319936535003751
main,fpos,latent_summary_fullctx_lightgbm,latent_summary_stack,lightgbm,PAIRED_MEA64C_YGER::paired_mea64c::20170622_patch1::SpykingCircus::18,PAIRED_MEA64C_YGER::paired_mea64c::20170622_patch1,PAIRED_MEA64C_YGER,0.00022079929344226098,0.018180064857006073,0.017959265563563812
main,fpos,latent_summary_fullctx_lightgbm,latent_summary_stack,lightgbm,PAIRED_MEA64C_YGER::paired_mea64c::20170622_patch1::Tridesclous::12,PAIRED_MEA64C_YGER::paired_mea64c::20170622_patch1,PAIRED_MEA64C_YGER,0.013830024537140308,0.018568966537714005,0.004738942000573697
main,fpos,latent_summary_fullctx_lightgbm,latent_summary_stack,lightgbm,PAIRED_MEA64C_YGER::paired_mea64c::20170622_patch2::HerdingSpikes2::16,PAIRED_MEA64C_YGER::paired_mea64c::20170622_patch2,PAIRED_MEA64C_YGER,0.18683274021352314,0.11633680760860443,0.07049593260491871
main,fpos,latent_summary_fullctx_lightgbm,latent_summary_stack,lightgbm,PAIRED_MEA64C_YGER::paired_mea64c::20170622_patch2::HerdingSpikes2::44,PAIRED_MEA64C_YGER::paired_mea64c::20170622_patch2,PAIRED_MEA64C_YGER,0.4028520499108734,0.15019886195659637,0.25265318795427705
main,fpos,latent_summary_fullctx_lightgbm,latent_summary_stack,lightgbm,PAIRED_MEA64C_YGER::paired_mea64c::20170622_patch2::HerdingSpikes2::5,PAIRED_MEA64C_YGER::paired_mea64c::20170622_patch2,PAIRED_MEA64C_YGER,0.06115992970123023,0.0076021491549909115,0.05355778054623932
main,fpos,latent_summary_fullctx_lightgbm,latent_summary_stack,lightgbm,PAIRED_MEA64C_YGER::paired_mea64c::20170622_patch2::IronClust::11,PAIRED_MEA64C_YGER::paired_mea64c::20170622_patch2,PAIRED_MEA64C_YGER,0.061366806136680614,0.004811421502381563,0.05655538463429905
main,fpos,latent_summary_fullctx_lightgbm,latent_summary_stack,lightgbm,PAIRED_MEA64C_YGER::paired_mea64c::20170622_patch2::JRClust::31,PAIRED_MEA64C_YGER::paired_mea64c::20170622_patch2,PAIRED_MEA64C_YGER,0.06118881118881119,0.003958205692470074,0.05723060549634112
main,fpos,latent_summary_fullctx_lightgbm,latent_summary_stack,lightgbm,PAIRED_MEA64C_YGER::paired_mea64c::20170622_patch2::KiloSort2::33,PAIRED_MEA64C_YGER::paired_mea64c::20170622_patch2,PAIRED_MEA64C_YGER,0.061409630146545706,0.0038854009471833706,0.057524229199362335
main,fpos,latent_summary_fullctx_lightgbm,latent_summary_stack,lightgbm,PAIRED_MEA64C_YGER::paired_mea64c::20170622_patch2::KiloSort::5,PAIRED_MEA64C_YGER::paired_mea64c::20170622_patch2,PAIRED_MEA64C_YGER,0.06143106457242583,0.007490187883377075,0.053940876689048754
main,fpos,latent_summary_fullctx_lightgbm,latent_summary_stack,lightgbm,PAIRED_MEA64C_YGER::paired_mea64c::20170622_patch2::Klusta::14,PAIRED_MEA64C_YGER::paired_mea64c::20170622_patch2,PAIRED_MEA64C_YGER,0.05860349127182045,0.003516616066917777,0.05508687520490267
main,fpos,latent_summary_fullctx_lightgbm,latent_summary_stack,lightgbm,PAIRED_MEA64C_YGER::paired_mea64c::20170622_patch2::MountainSort4::31,PAIRED_MEA64C_YGER::paired_mea64c::20170622_patch2,PAIRED_MEA64C_YGER,0.07713404182379156,0.021312052384018898,0.055821989439772665
main,fpos,latent_summary_fullctx_lightgbm,latent_summary_stack,lightgbm,PAIRED_MEA64C_YGER::paired_mea64c::20170622_patch2::SpykingCircus::17,PAIRED_MEA64C_YGER::paired_mea64c::20170622_patch2,PAIRED_MEA64C_YGER,0.061366806136680614,0.004317175596952438,0.057049630539728176
main,fpos,latent_summary_fullctx_lightgbm,latent_summary_stack,lightgbm,PAIRED_MEA64C_YGER::paired_mea64c::20170622_patch2::Tridesclous::0,PAIRED_MEA64C_YGER::paired_mea64c::20170622_patch2,PAIRED_MEA64C_YGER,0.061366806136680614,0.005427571479231119,0.055939234657449495
main,fpos,latent_summary_fullctx_lightgbm_target_filtered,latent_summary_stack_target_filtered,lightgbm,PAIRED_BOYDEN::paired_boyden32c::1103_1_1::IronClust::4,PAIRED_BOYDEN::paired_boyden32c::1103_1_1,PAIRED_BOYDEN,0.11363636363636363,0.25800633430480957,0.14436997066844592
main,fpos,latent_summary_fullctx_lightgbm_target_filtered,latent_summary_stack_target_filtered,lightgbm,PAIRED_BOYDEN::paired_boyden32c::1103_1_1::JRClust::18,PAIRED_BOYDEN::paired_boyden32c::1103_1_1,PAIRED_BOYDEN,0.26138147566718994,0.32695916295051575,0.0655776872833258
main,fpos,latent_summary_fullctx_lightgbm_target_filtered,latent_summary_stack_target_filtered,lightgbm,PAIRED_BOYDEN::paired_boyden32c::1103_1_1::KiloSort2::33,PAIRED_BOYDEN::paired_boyden32c::1103_1_1,PAIRED_BOYDEN,0.17066290550070523,0.29310452938079834,0.12244162388009311
main,fpos,latent_summary_fullctx_lightgbm_target_filtered,latent_summary_stack_target_filtered,lightgbm,PAIRED_BOYDEN::paired_boyden32c::1103_1_1::KiloSort2::55,PAIRED_BOYDEN::paired_boyden32c::1103_1_1,PAIRED_BOYDEN,0.3333333333333333,0.23295432329177856,0.10037901004155475
main,fpos,latent_summary_fullctx_lightgbm_target_filtered,latent_summary_stack_target_filtered,lightgbm,PAIRED_BOYDEN::paired_boyden32c::1103_1_1::KiloSort2::60,PAIRED_BOYDEN::paired_boyden32c::1103_1_1,PAIRED_BOYDEN,0.15878378378378377,0.12807965278625488,0.03070413099752889
main,fpos,latent_summary_fullctx_lightgbm_target_filtered,latent_summary_stack_target_filtered,lightgbm,PAIRED_BOYDEN::paired_boyden32c::1103_1_1::KiloSort::111,PAIRED_BOYDEN::paired_boyden32c::1103_1_1,PAIRED_BOYDEN,0.11241007194244604,0.2905263900756836,0.17811631813323756
main,fpos,latent_summary_fullctx_lightgbm_target_filtered,latent_summary_stack_target_filtered,lightgbm,PAIRED_BOYDEN::paired_boyden32c::1103_1_1::Klusta::12,PAIRED_BOYDEN::paired_boyden32c::1103_1_1,PAIRED_BOYDEN,0.156686626746507,0.24340830743312836,0.08672168068662137
main,fpos,latent_summary_fullctx_lightgbm_target_filtered,latent_summary_stack_target_filtered,lightgbm,PAIRED_BOYDEN::paired_boyden32c::1103_1_1::MountainSort4::26,PAIRED_BOYDEN::paired_boyden32c::1103_1_1,PAIRED_BOYDEN,0.30532212885154064,0.32533371448516846,0.020011585633627815
main,fpos,latent_summary_fullctx_lightgbm_target_filtered,latent_summary_stack_target_filtered,lightgbm,PAIRED_BOYDEN::paired_boyden32c::1103_1_1::SpykingCircus::27,PAIRED_BOYDEN::paired_boyden32c::1103_1_1,PAIRED_BOYDEN,0.12258064516129032,0.2553673982620239,0.13278675310073362
main,fpos,latent_summary_fullctx_lightgbm_target_filtered,latent_summary_stack_target_filtered,lightgbm,PAIRED_BOYDEN::paired_boyden32c::1103_1_1::Tridesclous::3,PAIRED_BOYDEN::paired_boyden32c::1103_1_1,PAIRED_BOYDEN,0.2613268608414239,0.4281214773654938,0.16679461652406985
main,fpos,latent_summary_fullctx_lightgbm_target_filtered,latent_summary_stack_target_filtered,lightgbm,PAIRED_BOYDEN::paired_boyden32c::419_1_8::IronClust::14,PAIRED_BOYDEN::paired_boyden32c::419_1_8,PAIRED_BOYDEN,0.0663265306122449,0.012934199534356594,0.05339233107788831
main,fpos,latent_summary_fullctx_lightgbm_target_filtered,latent_summary_stack_target_filtered,lightgbm,PAIRED_BOYDEN::paired_boyden32c::419_1_8::IronClust::4,PAIRED_BOYDEN::paired_boyden32c::419_1_8,PAIRED_BOYDEN,0.05829903978052126,0.05430702865123749,0.003992011129283775
main,fpos,latent_summary_fullctx_lightgbm_target_filtered,latent_summary_stack_target_filtered,lightgbm,PAIRED_BOYDEN::paired_boyden32c::419_1_8::JRClust::24,PAIRED_BOYDEN::paired_boyden32c::419_1_8,PAIRED_BOYDEN,0.08062093139709564,0.018275143578648567,0.062345787818447074
main,fpos,latent_summary_fullctx_lightgbm_target_filtered,latent_summary_stack_target_filtered,lightgbm,PAIRED_BOYDEN::paired_boyden32c::419_1_8::JRClust::8,PAIRED_BOYDEN::paired_boyden32c::419_1_8,PAIRED_BOYDEN,0.03907637655417407,0.020855983719229698,0.018220392834944373
main,fpos,latent_summary_fullctx_lightgbm_target_filtered,latent_summary_stack_target_filtered,lightgbm,PAIRED_BOYDEN::paired_boyden32c::419_1_8::KiloSort2::27,PAIRED_BOYDEN::paired_boyden32c::419_1_8,PAIRED_BOYDEN,0.1342059838895282,0.03327488526701927,0.10093109862250893
main,fpos,latent_summary_fullctx_lightgbm_target_filtered,latent_summary_stack_target_filtered,lightgbm,PAIRED_BOYDEN::paired_boyden32c::419_1_8::KiloSort2::46,PAIRED_BOYDEN::paired_boyden32c::419_1_8,PAIRED_BOYDEN,0.02341480088873697,0.02297740802168846,0.00043739286704850763
main,fpos,latent_summary_fullctx_lightgbm_target_filtered,latent_summary_stack_target_filtered,lightgbm,PAIRED_BOYDEN::paired_boyden32c::419_1_8::KiloSort::17,PAIRED_BOYDEN::paired_boyden32c::419_1_8,PAIRED_BOYDEN,0.06424161521775405,0.015185105614364147,0.049056509603389906
main,fpos,latent_summary_fullctx_lightgbm_target_filtered,latent_summary_stack_target_filtered,lightgbm,PAIRED_BOYDEN::paired_boyden32c::419_1_8::MountainSort4::42,PAIRED_BOYDEN::paired_boyden32c::419_1_8,PAIRED_BOYDEN,0.16482219271063892,0.0722992867231369,0.09252290598750201
main,fpos,latent_summary_fullctx_lightgbm_target_filtered,latent_summary_stack_target_filtered,lightgbm,PAIRED_BOYDEN::paired_boyden32c::419_1_8::SpykingCircus::24,PAIRED_BOYDEN::paired_boyden32c::419_1_8,PAIRED_BOYDEN,0.24721080446271285,0.1233794316649437,0.12383137279776915
main,fpos,latent_summary_fullctx_lightgbm_target_filtered,latent_summary_stack_target_filtered,lightgbm,PAIRED_BOYDEN::paired_boyden32c::419_1_8::SpykingCircus::28,PAIRED_BOYDEN::paired_boyden32c::419_1_8,PAIRED_BOYDEN,0.029543112332531776,0.015894655138254166,0.01364845719427761
main,fpos,latent_summary_fullctx_lightgbm_target_filtered,latent_summary_stack_target_filtered,lightgbm,PAIRED_BOYDEN::paired_boyden32c::419_1_8::Tridesclous::0,PAIRED_BOYDEN::paired_boyden32c::419_1_8,PAIRED_BOYDEN,0.15585806056898133,0.09962865710258484,0.05622940346639649
main,fpos,latent_summary_fullctx_lightgbm_target_filtered,latent_summary_stack_target_filtered,lightgbm,PAIRED_CRCNS_HC1::paired_crcns::d11221_d11221.001::SpykingCircus::6,PAIRED_CRCNS_HC1::paired_crcns::d11221_d11221.001,PAIRED_CRCNS_HC1,0.8835978835978836,0.5264533162117004,0.35714456738618316
main,fpos,latent_summary_fullctx_lightgbm_target_filtered,latent_summary_stack_target_filtered,lightgbm,PAIRED_CRCNS_HC1::paired_crcns::d11222_d11222.002::IronClust::2,PAIRED_CRCNS_HC1::paired_crcns::d11222_d11222.002,PAIRED_CRCNS_HC1,0.04466019417475728,0.18754629790782928,0.142886103733072
main,fpos,latent_summary_fullctx_lightgbm_target_filtered,latent_summary_stack_target_filtered,lightgbm,PAIRED_CRCNS_HC1::paired_crcns::d11222_d11222.002::JRClust::3,PAIRED_CRCNS_HC1::paired_crcns::d11222_d11222.002,PAIRED_CRCNS_HC1,0.039337474120082816,0.05498817563056946,0.015650701510486642
main,fpos,latent_summary_fullctx_lightgbm_target_filtered,latent_summary_stack_target_filtered,lightgbm,PAIRED_CRCNS_HC1::paired_crcns::d11222_d11222.002::KiloSort2::10,PAIRED_CRCNS_HC1::paired_crcns::d11222_d11222.002,PAIRED_CRCNS_HC1,0.550417469492614,0.07688988000154495,0.4735275894910691
main,fpos,latent_summary_fullctx_lightgbm_target_filtered,latent_summary_stack_target_filtered,lightgbm,PAIRED_CRCNS_HC1::paired_crcns::d11222_d11222.002::KiloSort::1,PAIRED_CRCNS_HC1::paired_crcns::d11222_d11222.002,PAIRED_CRCNS_HC1,0.03337783711615487,0.09788171947002411,0.06450388235386924
main,fpos,latent_summary_fullctx_lightgbm_target_filtered,latent_summary_stack_target_filtered,lightgbm,PAIRED_CRCNS_HC1::paired_crcns::d11222_d11222.002::Klusta::2,PAIRED_CRCNS_HC1::paired_crcns::d11222_d11222.002,PAIRED_CRCNS_HC1,0.008777852802160702,0.09712082892656326,0.08834297612440256
main,fpos,latent_summary_fullctx_lightgbm_target_filtered,latent_summary_stack_target_filtered,lightgbm,PAIRED_CRCNS_HC1::paired_crcns::d11222_d11222.002::MountainSort4::4,PAIRED_CRCNS_HC1::paired_crcns::d11222_d11222.002,PAIRED_CRCNS_HC1,0.360427807486631,0.18881818652153015,0.17160962096510085
main,fpos,latent_summary_fullctx_lightgbm_target_filtered,latent_summary_stack_target_filtered,lightgbm,PAIRED_CRCNS_HC1::paired_crcns::d11222_d11222.002::SpykingCircus::4,PAIRED_CRCNS_HC1::paired_crcns::d11222_d11222.002,PAIRED_CRCNS_HC1,0.11986754966887417,0.07217047363519669,0.04769707603367748
main,fpos,latent_summary_fullctx_lightgbm_target_filtered,latent_summary_stack_target_filtered,lightgbm,PAIRED_CRCNS_HC1::paired_crcns::d11222_d11222.002::Tridesclous::0,PAIRED_CRCNS_HC1::paired_crcns::d11222_d11222.002,PAIRED_CRCNS_HC1,0.021164021164021163,0.10736504942178726,0.0862010282577661
main,fpos,latent_summary_fullctx_lightgbm_target_filtered,latent_summary_stack_target_filtered,lightgbm,PAIRED_ENGLISH::paired_english::m139_200114_191955::KiloSort2::25,PAIRED_ENGLISH::paired_english::m139_200114_191955,PAIRED_ENGLISH,0.7302739726027397,0.4287669360637665,0.30150703653897326
main,fpos,latent_summary_fullctx_lightgbm_target_filtered,latent_summary_stack_target_filtered,lightgbm,PAIRED_ENGLISH::paired_english::m139_200114_191955::MountainSort4::36,PAIRED_ENGLISH::paired_english::m139_200114_191955,PAIRED_ENGLISH,0.8735255086994986,0.6564393043518066,0.217086204347692
main,fpos,latent_summary_fullctx_lightgbm_target_filtered,latent_summary_stack_target_filtered,lightgbm,PAIRED_ENGLISH::paired_english::m139_200114_191955::SpykingCircus::42,PAIRED_ENGLISH::paired_english::m139_200114_191955,PAIRED_ENGLISH,0.5584045584045584,0.3141443431377411,0.2442602152668173
main,fpos,latent_summary_fullctx_lightgbm_target_filtered,latent_summary_stack_target_filtered,lightgbm,PAIRED_ENGLISH::paired_english::m139_200114_222743::HerdingSpikes2::5,PAIRED_ENGLISH::paired_english::m139_200114_222743,PAIRED_ENGLISH,0.03257707969749855,0.1475020945072174,0.11492501480971887
main,fpos,latent_summary_fullctx_lightgbm_target_filtered,latent_summary_stack_target_filtered,lightgbm,PAIRED_ENGLISH::paired_english::m139_200114_222743::IronClust::17,PAIRED_ENGLISH::paired_english::m139_200114_222743,PAIRED_ENGLISH,0.02675196277987787,0.13769592344760895,0.11094396066773107
main,fpos,latent_summary_fullctx_lightgbm_target_filtered,latent_summary_stack_target_filtered,lightgbm,PAIRED_ENGLISH::paired_english::m139_200114_222743::KiloSort2::26,PAIRED_ENGLISH::paired_english::m139_200114_222743,PAIRED_ENGLISH,0.028645087367516472,0.11950895935297012,0.09086387198545365
main,fpos,latent_summary_fullctx_lightgbm_target_filtered,latent_summary_stack_target_filtered,lightgbm,PAIRED_ENGLISH::paired_english::m139_200114_222743::KiloSort::88,PAIRED_ENGLISH::paired_english::m139_200114_222743,PAIRED_ENGLISH,0.015151515151515152,0.14330649375915527,0.12815497860764014
main,fpos,latent_summary_fullctx_lightgbm_target_filtered,latent_summary_stack_target_filtered,lightgbm,PAIRED_ENGLISH::paired_english::m139_200114_222743::MountainSort4::46,PAIRED_ENGLISH::paired_english::m139_200114_222743,PAIRED_ENGLISH,0.039886039886039885,0.3476576507091522,0.30777161082311233
main,fpos,latent_summary_fullctx_lightgbm_target_filtered,latent_summary_stack_target_filtered,lightgbm,PAIRED_ENGLISH::paired_english::m139_200114_222743::SpykingCircus::44,PAIRED_ENGLISH::paired_english::m139_200114_222743,PAIRED_ENGLISH,0.028064146620847653,0.07603707909584045,0.047972932474992805
main,fpos,latent_summary_fullctx_lightgbm_target_filtered,latent_summary_stack_target_filtered,lightgbm,PAIRED_ENGLISH::paired_english::m139_200114_222743::Tridesclous::1,PAIRED_ENGLISH::paired_english::m139_200114_222743,PAIRED_ENGLISH,0.3089646722483153,0.3000878691673279,0.008876803080987428
main,fpos,latent_summary_fullctx_lightgbm_target_filtered,latent_summary_stack_target_filtered,lightgbm,PAIRED_ENGLISH::paired_english::m14_190326_155432::IronClust::22,PAIRED_ENGLISH::paired_english::m14_190326_155432,PAIRED_ENGLISH,0.0481651376146789,0.027066251263022423,0.02109888635165648
main,fpos,latent_summary_fullctx_lightgbm_target_filtered,latent_summary_stack_target_filtered,lightgbm,PAIRED_ENGLISH::paired_english::m14_190326_155432::MountainSort4::33,PAIRED_ENGLISH::paired_english::m14_190326_155432,PAIRED_ENGLISH,0.1981651376146789,0.1439915895462036,0.0541735480684753
main,fpos,latent_summary_fullctx_lightgbm_target_filtered,latent_summary_stack_target_filtered,lightgbm,PAIRED_ENGLISH::paired_english::m14_190326_155432::SpykingCircus::38,PAIRED_ENGLISH::paired_english::m14_190326_155432,PAIRED_ENGLISH,0.013363028953229399,0.03690558299422264,0.023542554040993244
main,fpos,latent_summary_fullctx_lightgbm_target_filtered,latent_summary_stack_target_filtered,lightgbm,PAIRED_ENGLISH::paired_english::m15_190315_142052_cell1::IronClust::40,PAIRED_ENGLISH::paired_english::m15_190315_142052_cell1,PAIRED_ENGLISH,0.2679960401640503,0.412849098443985,0.14485305827993467
main,fpos,latent_summary_fullctx_lightgbm_target_filtered,latent_summary_stack_target_filtered,lightgbm,PAIRED_ENGLISH::paired_english::m15_190315_142052_cell1::KiloSort2::48,PAIRED_ENGLISH::paired_english::m15_190315_142052_cell1,PAIRED_ENGLISH,0.8627861694595232,0.3590092360973358,0.5037769333621874
main,fpos,latent_summary_fullctx_lightgbm_target_filtered,latent_summary_stack_target_filtered,lightgbm,PAIRED_ENGLISH::paired_english::m15_190315_142052_cell1::MountainSort4::62,PAIRED_ENGLISH::paired_english::m15_190315_142052_cell1,PAIRED_ENGLISH,0.8769885383524361,0.4056786298751831,0.47130990847725296
main,fpos,latent_summary_fullctx_lightgbm_target_filtered,latent_summary_stack_target_filtered,lightgbm,PAIRED_ENGLISH::paired_english::m15_190315_142052_cell1::MountainSort4::64,PAIRED_ENGLISH::paired_english::m15_190315_142052_cell1,PAIRED_ENGLISH,0.14704761904761904,0.11716155707836151,0.029886061969257527
main,fpos,latent_summary_fullctx_lightgbm_target_filtered,latent_summary_stack_target_filtered,lightgbm,PAIRED_ENGLISH::paired_english::m15_190315_142052_cell1::SpykingCircus::22,PAIRED_ENGLISH::paired_english::m15_190315_142052_cell1,PAIRED_ENGLISH,0.23500526131182042,0.6414264440536499,0.4064211827418295
main,fpos,latent_summary_fullctx_lightgbm_target_filtered,latent_summary_stack_target_filtered,lightgbm,PAIRED_ENGLISH::paired_english::m15_190315_142052_cell1::SpykingCircus::57,PAIRED_ENGLISH::paired_english::m15_190315_142052_cell1,PAIRED_ENGLISH,0.6499202551834131,0.22130951285362244,0.4286107423297907
main,fpos,latent_summary_fullctx_lightgbm_target_filtered,latent_summary_stack_target_filtered,lightgbm,PAIRED_ENGLISH::paired_english::m15_190315_152315_cell1::IronClust::35,PAIRED_ENGLISH::paired_english::m15_190315_152315_cell1,PAIRED_ENGLISH,0.002592440987856461,0.0334169901907444,0.03082454920288794
main,fpos,latent_summary_fullctx_lightgbm_target_filtered,latent_summary_stack_target_filtered,lightgbm,PAIRED_ENGLISH::paired_english::m15_190315_152315_cell1::KiloSort2::37,PAIRED_ENGLISH::paired_english::m15_190315_152315_cell1,PAIRED_ENGLISH,0.00039059957034047265,0.04774540290236473,0.047354803332024256
main,fpos,latent_summary_fullctx_lightgbm_target_filtered,latent_summary_stack_target_filtered,lightgbm,PAIRED_ENGLISH::paired_english::m15_190315_152315_cell1::KiloSort::1,PAIRED_ENGLISH::paired_english::m15_190315_152315_cell1,PAIRED_ENGLISH,6.528267397832615e-05,0.06428265571594238,0.06421737304196405
main,fpos,latent_summary_fullctx_lightgbm_target_filtered,latent_summary_stack_target_filtered,lightgbm,PAIRED_ENGLISH::paired_english::m15_190315_152315_cell1::MountainSort4::72,PAIRED_ENGLISH::paired_english::m15_190315_152315_cell1,PAIRED_ENGLISH,0.052174468356855484,0.22000503540039062,0.16783056704353513
main,fpos,latent_summary_fullctx_lightgbm_target_filtered,latent_summary_stack_target_filtered,lightgbm,PAIRED_ENGLISH::paired_english::m15_190315_152315_cell1::SpykingCircus::46,PAIRED_ENGLISH::paired_english::m15_190315_152315_cell1,PAIRED_ENGLISH,0.010891280531030483,0.035238537937402725,0.024347257406372242
main,fpos,latent_summary_fullctx_lightgbm_target_filtered,latent_summary_stack_target_filtered,lightgbm,PAIRED_ENGLISH::paired_english::m15_190315_152315_cell1::Tridesclous::0,PAIRED_ENGLISH::paired_english::m15_190315_152315_cell1,PAIRED_ENGLISH,0.8482136225209834,0.37209779024124146,0.47611583227974197
main,fpos,latent_summary_fullctx_lightgbm_target_filtered,latent_summary_stack_target_filtered,lightgbm,PAIRED_ENGLISH::paired_english::m26_190524_100859_cell1::KiloSort2::0,PAIRED_ENGLISH::paired_english::m26_190524_100859_cell1,PAIRED_ENGLISH,0.38315988647114474,0.2161712348461151,0.16698865162502963
main,fpos,latent_summary_fullctx_lightgbm_target_filtered,latent_summary_stack_target_filtered,lightgbm,PAIRED_ENGLISH::paired_english::m26_190524_100859_cell1::KiloSort::19,PAIRED_ENGLISH::paired_english::m26_190524_100859_cell1,PAIRED_ENGLISH,0.2440677966101695,0.09517139196395874,0.14889640464621076
main,fpos,latent_summary_fullctx_lightgbm_target_filtered,latent_summary_stack_target_filtered,lightgbm,PAIRED_ENGLISH::paired_english::m26_190524_100859_cell1::KiloSort::8,PAIRED_ENGLISH::paired_english::m26_190524_100859_cell1,PAIRED_ENGLISH,0.6505139500734214,0.1363452672958374,0.514168682777584
main,fpos,latent_summary_fullctx_lightgbm_target_filtered,latent_summary_stack_target_filtered,lightgbm,PAIRED_ENGLISH::paired_english::m57_191105_141906::IronClust::6,PAIRED_ENGLISH::paired_english::m57_191105_141906,PAIRED_ENGLISH,0.31826625386996904,0.2517280578613281,0.06653819600864092
main,fpos,latent_summary_fullctx_lightgbm_target_filtered,latent_summary_stack_target_filtered,lightgbm,PAIRED_ENGLISH::paired_english::m57_191105_141906::KiloSort::47,PAIRED_ENGLISH::paired_english::m57_191105_141906,PAIRED_ENGLISH,0.35376344086021505,0.3029199540615082,0.05084348679870687
main,fpos,latent_summary_fullctx_lightgbm_target_filtered,latent_summary_stack_target_filtered,lightgbm,PAIRED_ENGLISH::paired_english::m57_191105_141906::MountainSort4::21,PAIRED_ENGLISH::paired_english::m57_191105_141906,PAIRED_ENGLISH,0.3323335332933413,0.516901969909668,0.18456843661632666
main,fpos,latent_summary_fullctx_lightgbm_target_filtered,latent_summary_stack_target_filtered,lightgbm,PAIRED_ENGLISH::paired_english::m57_191105_141906::MountainSort4::57,PAIRED_ENGLISH::paired_english::m57_191105_141906,PAIRED_ENGLISH,0.23853211009174313,0.277338445186615,0.03880633509487186
main,fpos,latent_summary_fullctx_lightgbm_target_filtered,latent_summary_stack_target_filtered,lightgbm,PAIRED_ENGLISH::paired_english::m57_191105_141906::SpykingCircus::12,PAIRED_ENGLISH::paired_english::m57_191105_141906,PAIRED_ENGLISH,0.3535228677379481,0.27915725111961365,0.07436561661833446
main,fpos,latent_summary_fullctx_lightgbm_target_filtered,latent_summary_stack_target_filtered,lightgbm,PAIRED_ENGLISH::paired_english::m57_191105_141906::SpykingCircus::30,PAIRED_ENGLISH::paired_english::m57_191105_141906,PAIRED_ENGLISH,0.2040332147093713,0.1293398141860962,0.07469340052327511
main,fpos,latent_summary_fullctx_lightgbm_target_filtered,latent_summary_stack_target_filtered,lightgbm,PAIRED_ENGLISH::paired_english::m57_191105_160026::HerdingSpikes2::1,PAIRED_ENGLISH::paired_english::m57_191105_160026,PAIRED_ENGLISH,0.13630229419703105,0.28265145421028137,0.14634916001325032
main,fpos,latent_summary_fullctx_lightgbm_target_filtered,latent_summary_stack_target_filtered,lightgbm,PAIRED_ENGLISH::paired_english::m57_191105_160026::IronClust::2,PAIRED_ENGLISH::paired_english::m57_191105_160026,PAIRED_ENGLISH,0.5044008124576845,0.2863685190677643,0.21803229338992025
main,fpos,latent_summary_fullctx_lightgbm_target_filtered,latent_summary_stack_target_filtered,lightgbm,PAIRED_ENGLISH::paired_english::m57_191105_160026::IronClust::3,PAIRED_ENGLISH::paired_english::m57_191105_160026,PAIRED_ENGLISH,0.05838815789473684,0.307788223028183,0.24940006513344615
main,fpos,latent_summary_fullctx_lightgbm_target_filtered,latent_summary_stack_target_filtered,lightgbm,PAIRED_ENGLISH::paired_english::m57_191105_160026::KiloSort::127,PAIRED_ENGLISH::paired_english::m57_191105_160026,PAIRED_ENGLISH,0.5003422313483915,0.2838035225868225,0.216538708761569
main,fpos,latent_summary_fullctx_lightgbm_target_filtered,latent_summary_stack_target_filtered,lightgbm,PAIRED_ENGLISH::paired_english::m57_191105_160026::KiloSort::6,PAIRED_ENGLISH::paired_english::m57_191105_160026,PAIRED_ENGLISH,0.02531645569620253,0.14062350988388062,0.11530705418767809
main,fpos,latent_summary_fullctx_lightgbm_target_filtered,latent_summary_stack_target_filtered,lightgbm,PAIRED_ENGLISH::paired_english::m57_191105_160026::MountainSort4::23,PAIRED_ENGLISH::paired_english::m57_191105_160026,PAIRED_ENGLISH,0.6737967914438503,0.18402841687202454,0.48976837457182576
main,fpos,latent_summary_fullctx_lightgbm_target_filtered,latent_summary_stack_target_filtered,lightgbm,PAIRED_ENGLISH::paired_english::m57_191105_160026::MountainSort4::25,PAIRED_ENGLISH::paired_english::m57_191105_160026,PAIRED_ENGLISH,0.14568081991215226,0.310163289308548,0.16448246939639571
main,fpos,latent_summary_fullctx_lightgbm_target_filtered,latent_summary_stack_target_filtered,lightgbm,PAIRED_ENGLISH::paired_english::m57_191105_160026::SpykingCircus::2,PAIRED_ENGLISH::paired_english::m57_191105_160026,PAIRED_ENGLISH,0.6860282574568289,0.48721253871917725,0.1988157187376517
main,fpos,latent_summary_fullctx_lightgbm_target_filtered,latent_summary_stack_target_filtered,lightgbm,PAIRED_ENGLISH::paired_english::m57_191105_160026::SpykingCircus::4,PAIRED_ENGLISH::paired_english::m57_191105_160026,PAIRED_ENGLISH,0.056790123456790124,0.23538987338542938,0.17859974992863925
main,fpos,latent_summary_fullctx_lightgbm_target_filtered,latent_summary_stack_target_filtered,lightgbm,PAIRED_ENGLISH::paired_english::m57_191105_160026::Tridesclous::0,PAIRED_ENGLISH::paired_english::m57_191105_160026,PAIRED_ENGLISH,0.8589226823012093,0.46627166867256165,0.3926510136286476
main,fpos,latent_summary_fullctx_lightgbm_target_filtered,latent_summary_stack_target_filtered,lightgbm,PAIRED_KAMPFF::paired_kampff::c14::HerdingSpikes2::6,PAIRED_KAMPFF::paired_kampff::c14,PAIRED_KAMPFF,0.25090444775484144,0.11330946534872055,0.1375949824061209
main,fpos,latent_summary_fullctx_lightgbm_target_filtered,latent_summary_stack_target_filtered,lightgbm,PAIRED_KAMPFF::paired_kampff::c14::IronClust::22,PAIRED_KAMPFF::paired_kampff::c14,PAIRED_KAMPFF,0.2240655987795576,0.1062881350517273,0.1177774637278303
main,fpos,latent_summary_fullctx_lightgbm_target_filtered,latent_summary_stack_target_filtered,lightgbm,PAIRED_KAMPFF::paired_kampff::c14::KiloSort2::37,PAIRED_KAMPFF::paired_kampff::c14,PAIRED_KAMPFF,0.23899885489939474,0.16485100984573364,0.0741478450536611
main,fpos,latent_summary_fullctx_lightgbm_target_filtered,latent_summary_stack_target_filtered,lightgbm,PAIRED_KAMPFF::paired_kampff::c14::MountainSort4::42,PAIRED_KAMPFF::paired_kampff::c14,PAIRED_KAMPFF,0.031842105263157894,0.02424979954957962,0.0075923057135782734
main,fpos,latent_summary_fullctx_lightgbm_target_filtered,latent_summary_stack_target_filtered,lightgbm,PAIRED_KAMPFF::paired_kampff::c14::SpykingCircus::14,PAIRED_KAMPFF::paired_kampff::c14,PAIRED_KAMPFF,0.0993841579953281,0.07422702759504318,0.025157130400284916
main,fpos,latent_summary_fullctx_lightgbm_target_filtered,latent_summary_stack_target_filtered,lightgbm,PAIRED_KAMPFF::paired_kampff::c14::Tridesclous::8,PAIRED_KAMPFF::paired_kampff::c14,PAIRED_KAMPFF,0.7298130782302221,0.5649673938751221,0.16484568435510005
main,fpos,latent_summary_fullctx_lightgbm_target_filtered,latent_summary_stack_target_filtered,lightgbm,PAIRED_MEA64C_YGER::paired_mea64c::20170622_patch1::HerdingSpikes2::19,PAIRED_MEA64C_YGER::paired_mea64c::20170622_patch1,PAIRED_MEA64C_YGER,0.3048016701461378,0.20386312901973724,0.10093854112640055
main,fpos,latent_summary_fullctx_lightgbm_target_filtered,latent_summary_stack_target_filtered,lightgbm,PAIRED_MEA64C_YGER::paired_mea64c::20170622_patch1::HerdingSpikes2::7,PAIRED_MEA64C_YGER::paired_mea64c::20170622_patch1,PAIRED_MEA64C_YGER,0.006430868167202572,0.04392153397202492,0.03749066580482235
main,fpos,latent_summary_fullctx_lightgbm_target_filtered,latent_summary_stack_target_filtered,lightgbm,PAIRED_MEA64C_YGER::paired_mea64c::20170622_patch1::IronClust::8,PAIRED_MEA64C_YGER::paired_mea64c::20170622_patch1,PAIRED_MEA64C_YGER,0.32512992968511156,0.14529545605182648,0.17983447363328509
main,fpos,latent_summary_fullctx_lightgbm_target_filtered,latent_summary_stack_target_filtered,lightgbm,PAIRED_MEA64C_YGER::paired_mea64c::20170622_patch1::KiloSort2::23,PAIRED_MEA64C_YGER::paired_mea64c::20170622_patch1,PAIRED_MEA64C_YGER,0.0,0.01224167924374342,0.01224167924374342
main,fpos,latent_summary_fullctx_lightgbm_target_filtered,latent_summary_stack_target_filtered,lightgbm,PAIRED_MEA64C_YGER::paired_mea64c::20170622_patch1::KiloSort::64,PAIRED_MEA64C_YGER::paired_mea64c::20170622_patch1,PAIRED_MEA64C_YGER,0.00022805017103762827,0.011227142997086048,0.01099909282604842
main,fpos,latent_summary_fullctx_lightgbm_target_filtered,latent_summary_stack_target_filtered,lightgbm,PAIRED_MEA64C_YGER::paired_mea64c::20170622_patch1::Klusta::4,PAIRED_MEA64C_YGER::paired_mea64c::20170622_patch1,PAIRED_MEA64C_YGER,0.0050424628450106155,0.016278699040412903,0.011236236195402288
main,fpos,latent_summary_fullctx_lightgbm_target_filtered,latent_summary_stack_target_filtered,lightgbm,PAIRED_MEA64C_YGER::paired_mea64c::20170622_patch1::MountainSort4::43,PAIRED_MEA64C_YGER::paired_mea64c::20170622_patch1,PAIRED_MEA64C_YGER,0.0040494938132733405,0.015264325775206089,0.011214831961932748
main,fpos,latent_summary_fullctx_lightgbm_target_filtered,latent_summary_stack_target_filtered,lightgbm,PAIRED_MEA64C_YGER::paired_mea64c::20170622_patch1::SpykingCircus::18,PAIRED_MEA64C_YGER::paired_mea64c::20170622_patch1,PAIRED_MEA64C_YGER,0.00022079929344226098,0.016850806772708893,0.016630007479266632
main,fpos,latent_summary_fullctx_lightgbm_target_filtered,latent_summary_stack_target_filtered,lightgbm,PAIRED_MEA64C_YGER::paired_mea64c::20170622_patch1::Tridesclous::12,PAIRED_MEA64C_YGER::paired_mea64c::20170622_patch1,PAIRED_MEA64C_YGER,0.013830024537140308,0.015970800071954727,0.0021407755348144195
main,fpos,latent_summary_fullctx_lightgbm_target_filtered,latent_summary_stack_target_filtered,lightgbm,PAIRED_MEA64C_YGER::paired_mea64c::20170622_patch2::HerdingSpikes2::16,PAIRED_MEA64C_YGER::paired_mea64c::20170622_patch2,PAIRED_MEA64C_YGER,0.18683274021352314,0.07946993410587311,0.10736280610765003
main,fpos,latent_summary_fullctx_lightgbm_target_filtered,latent_summary_stack_target_filtered,lightgbm,PAIRED_MEA64C_YGER::paired_mea64c::20170622_patch2::HerdingSpikes2::44,PAIRED_MEA64C_YGER::paired_mea64c::20170622_patch2,PAIRED_MEA64C_YGER,0.4028520499108734,0.11639383435249329,0.28645821555838014
main,fpos,latent_summary_fullctx_lightgbm_target_filtered,latent_summary_stack_target_filtered,lightgbm,PAIRED_MEA64C_YGER::paired_mea64c::20170622_patch2::HerdingSpikes2::5,PAIRED_MEA64C_YGER::paired_mea64c::20170622_patch2,PAIRED_MEA64C_YGER,0.06115992970123023,0.00721491314470768,0.05394501655652255
main,fpos,latent_summary_fullctx_lightgbm_target_filtered,latent_summary_stack_target_filtered,lightgbm,PAIRED_MEA64C_YGER::paired_mea64c::20170622_patch2::IronClust::11,PAIRED_MEA64C_YGER::paired_mea64c::20170622_patch2,PAIRED_MEA64C_YGER,0.061366806136680614,0.004793028347194195,0.05657377778948642
main,fpos,latent_summary_fullctx_lightgbm_target_filtered,latent_summary_stack_target_filtered,lightgbm,PAIRED_MEA64C_YGER::paired_mea64c::20170622_patch2::JRClust::31,PAIRED_MEA64C_YGER::paired_mea64c::20170622_patch2,PAIRED_MEA64C_YGER,0.06118881118881119,0.0032013922464102507,0.05798741894240094
main,fpos,latent_summary_fullctx_lightgbm_target_filtered,latent_summary_stack_target_filtered,lightgbm,PAIRED_MEA64C_YGER::paired_mea64c::20170622_patch2::KiloSort2::33,PAIRED_MEA64C_YGER::paired_mea64c::20170622_patch2,PAIRED_MEA64C_YGER,0.061409630146545706,0.0034775068052113056,0.0579321233413344
main,fpos,latent_summary_fullctx_lightgbm_target_filtered,latent_summary_stack_target_filtered,lightgbm,PAIRED_MEA64C_YGER::paired_mea64c::20170622_patch2::KiloSort::5,PAIRED_MEA64C_YGER::paired_mea64c::20170622_patch2,PAIRED_MEA64C_YGER,0.06143106457242583,0.006789098959416151,0.05464196561300968
main,fpos,latent_summary_fullctx_lightgbm_target_filtered,latent_summary_stack_target_filtered,lightgbm,PAIRED_MEA64C_YGER::paired_mea64c::20170622_patch2::Klusta::14,PAIRED_MEA64C_YGER::paired_mea64c::20170622_patch2,PAIRED_MEA64C_YGER,0.05860349127182045,0.002930431393906474,0.055673059877913975
main,fpos,latent_summary_fullctx_lightgbm_target_filtered,latent_summary_stack_target_filtered,lightgbm,PAIRED_MEA64C_YGER::paired_mea64c::20170622_patch2::MountainSort4::31,PAIRED_MEA64C_YGER::paired_mea64c::20170622_patch2,PAIRED_MEA64C_YGER,0.07713404182379156,0.02617752179503441,0.050956520028757155
main,fpos,latent_summary_fullctx_lightgbm_target_filtered,latent_summary_stack_target_filtered,lightgbm,PAIRED_MEA64C_YGER::paired_mea64c::20170622_patch2::SpykingCircus::17,PAIRED_MEA64C_YGER::paired_mea64c::20170622_patch2,PAIRED_MEA64C_YGER,0.061366806136680614,0.004237933550029993,0.05712887258665062
main,fpos,latent_summary_fullctx_lightgbm_target_filtered,latent_summary_stack_target_filtered,lightgbm,PAIRED_MEA64C_YGER::paired_mea64c::20170622_patch2::Tridesclous::0,PAIRED_MEA64C_YGER::paired_mea64c::20170622_patch2,PAIRED_MEA64C_YGER,0.061366806136680614,0.004890614654868841,0.05647619148181177
main,fpos,source_overlap_fullctx_xgboost,source_overlap_stack,xgboost,PAIRED_BOYDEN::paired_boyden32c::1103_1_1::IronClust::4,PAIRED_BOYDEN::paired_boyden32c::1103_1_1,PAIRED_BOYDEN,0.11363636363636363,0.13182199001312256,0.018185626376758926
main,fpos,source_overlap_fullctx_xgboost,source_overlap_stack,xgboost,PAIRED_BOYDEN::paired_boyden32c::1103_1_1::JRClust::18,PAIRED_BOYDEN::paired_boyden32c::1103_1_1,PAIRED_BOYDEN,0.26138147566718994,0.30659666657447815,0.045215190907288205
main,fpos,source_overlap_fullctx_xgboost,source_overlap_stack,xgboost,PAIRED_BOYDEN::paired_boyden32c::1103_1_1::KiloSort2::33,PAIRED_BOYDEN::paired_boyden32c::1103_1_1,PAIRED_BOYDEN,0.17066290550070523,0.1035219356417656,0.06714096985893964
main,fpos,source_overlap_fullctx_xgboost,source_overlap_stack,xgboost,PAIRED_BOYDEN::paired_boyden32c::1103_1_1::KiloSort2::55,PAIRED_BOYDEN::paired_boyden32c::1103_1_1,PAIRED_BOYDEN,0.3333333333333333,0.22436828911304474,0.10896504422028858
main,fpos,source_overlap_fullctx_xgboost,source_overlap_stack,xgboost,PAIRED_BOYDEN::paired_boyden32c::1103_1_1::KiloSort2::60,PAIRED_BOYDEN::paired_boyden32c::1103_1_1,PAIRED_BOYDEN,0.15878378378378377,0.07817317545413971,0.08061060832964406
main,fpos,source_overlap_fullctx_xgboost,source_overlap_stack,xgboost,PAIRED_BOYDEN::paired_boyden32c::1103_1_1::KiloSort::111,PAIRED_BOYDEN::paired_boyden32c::1103_1_1,PAIRED_BOYDEN,0.11241007194244604,0.20375068485736847,0.09134061291492243
main,fpos,source_overlap_fullctx_xgboost,source_overlap_stack,xgboost,PAIRED_BOYDEN::paired_boyden32c::1103_1_1::Klusta::12,PAIRED_BOYDEN::paired_boyden32c::1103_1_1,PAIRED_BOYDEN,0.156686626746507,0.1886812299489975,0.03199460320249051
main,fpos,source_overlap_fullctx_xgboost,source_overlap_stack,xgboost,PAIRED_BOYDEN::paired_boyden32c::1103_1_1::MountainSort4::26,PAIRED_BOYDEN::paired_boyden32c::1103_1_1,PAIRED_BOYDEN,0.30532212885154064,0.29336294531822205,0.011959183533318596
main,fpos,source_overlap_fullctx_xgboost,source_overlap_stack,xgboost,PAIRED_BOYDEN::paired_boyden32c::1103_1_1::SpykingCircus::27,PAIRED_BOYDEN::paired_boyden32c::1103_1_1,PAIRED_BOYDEN,0.12258064516129032,0.20741643011569977,0.08483578495440945
main,fpos,source_overlap_fullctx_xgboost,source_overlap_stack,xgboost,PAIRED_BOYDEN::paired_boyden32c::1103_1_1::Tridesclous::3,PAIRED_BOYDEN::paired_boyden32c::1103_1_1,PAIRED_BOYDEN,0.2613268608414239,0.2722550630569458,0.010928202215521876
main,fpos,source_overlap_fullctx_xgboost,source_overlap_stack,xgboost,PAIRED_BOYDEN::paired_boyden32c::419_1_8::IronClust::14,PAIRED_BOYDEN::paired_boyden32c::419_1_8,PAIRED_BOYDEN,0.0663265306122449,0.02939348854124546,0.03693304207099944
main,fpos,source_overlap_fullctx_xgboost,source_overlap_stack,xgboost,PAIRED_BOYDEN::paired_boyden32c::419_1_8::IronClust::4,PAIRED_BOYDEN::paired_boyden32c::419_1_8,PAIRED_BOYDEN,0.05829903978052126,0.040729135274887085,0.017569904505634178
main,fpos,source_overlap_fullctx_xgboost,source_overlap_stack,xgboost,PAIRED_BOYDEN::paired_boyden32c::419_1_8::JRClust::24,PAIRED_BOYDEN::paired_boyden32c::419_1_8,PAIRED_BOYDEN,0.08062093139709564,0.036064259707927704,0.04455667168916794
main,fpos,source_overlap_fullctx_xgboost,source_overlap_stack,xgboost,PAIRED_BOYDEN::paired_boyden32c::419_1_8::JRClust::8,PAIRED_BOYDEN::paired_boyden32c::419_1_8,PAIRED_BOYDEN,0.03907637655417407,0.060437340289354324,0.021360963735180254
main,fpos,source_overlap_fullctx_xgboost,source_overlap_stack,xgboost,PAIRED_BOYDEN::paired_boyden32c::419_1_8::KiloSort2::27,PAIRED_BOYDEN::paired_boyden32c::419_1_8,PAIRED_BOYDEN,0.1342059838895282,0.07257427275180817,0.061631711137720036
main,fpos,source_overlap_fullctx_xgboost,source_overlap_stack,xgboost,PAIRED_BOYDEN::paired_boyden32c::419_1_8::KiloSort2::46,PAIRED_BOYDEN::paired_boyden32c::419_1_8,PAIRED_BOYDEN,0.02341480088873697,0.02400522492825985,0.0005904240395228806
main,fpos,source_overlap_fullctx_xgboost,source_overlap_stack,xgboost,PAIRED_BOYDEN::paired_boyden32c::419_1_8::KiloSort::17,PAIRED_BOYDEN::paired_boyden32c::419_1_8,PAIRED_BOYDEN,0.06424161521775405,0.020001281052827835,0.04424033416492622
main,fpos,source_overlap_fullctx_xgboost,source_overlap_stack,xgboost,PAIRED_BOYDEN::paired_boyden32c::419_1_8::MountainSort4::42,PAIRED_BOYDEN::paired_boyden32c::419_1_8,PAIRED_BOYDEN,0.16482219271063892,0.14028307795524597,0.024539114755392943
main,fpos,source_overlap_fullctx_xgboost,source_overlap_stack,xgboost,PAIRED_BOYDEN::paired_boyden32c::419_1_8::SpykingCircus::24,PAIRED_BOYDEN::paired_boyden32c::419_1_8,PAIRED_BOYDEN,0.24721080446271285,0.09881854057312012,0.14839226388959273
main,fpos,source_overlap_fullctx_xgboost,source_overlap_stack,xgboost,PAIRED_BOYDEN::paired_boyden32c::419_1_8::SpykingCircus::28,PAIRED_BOYDEN::paired_boyden32c::419_1_8,PAIRED_BOYDEN,0.029543112332531776,0.0349041149020195,0.0053610025694877245
main,fpos,source_overlap_fullctx_xgboost,source_overlap_stack,xgboost,PAIRED_BOYDEN::paired_boyden32c::419_1_8::Tridesclous::0,PAIRED_BOYDEN::paired_boyden32c::419_1_8,PAIRED_BOYDEN,0.15585806056898133,0.1435471773147583,0.012310883254223026
main,fpos,source_overlap_fullctx_xgboost,source_overlap_stack,xgboost,PAIRED_CRCNS_HC1::paired_crcns::d11221_d11221.001::SpykingCircus::6,PAIRED_CRCNS_HC1::paired_crcns::d11221_d11221.001,PAIRED_CRCNS_HC1,0.8835978835978836,0.5302516222000122,0.3533462613978714
main,fpos,source_overlap_fullctx_xgboost,source_overlap_stack,xgboost,PAIRED_CRCNS_HC1::paired_crcns::d11222_d11222.002::IronClust::2,PAIRED_CRCNS_HC1::paired_crcns::d11222_d11222.002,PAIRED_CRCNS_HC1,0.04466019417475728,0.23157085478305817,0.1869106606083009
main,fpos,source_overlap_fullctx_xgboost,source_overlap_stack,xgboost,PAIRED_CRCNS_HC1::paired_crcns::d11222_d11222.002::JRClust::3,PAIRED_CRCNS_HC1::paired_crcns::d11222_d11222.002,PAIRED_CRCNS_HC1,0.039337474120082816,0.08903706818819046,0.049699594068107644
main,fpos,source_overlap_fullctx_xgboost,source_overlap_stack,xgboost,PAIRED_CRCNS_HC1::paired_crcns::d11222_d11222.002::KiloSort2::10,PAIRED_CRCNS_HC1::paired_crcns::d11222_d11222.002,PAIRED_CRCNS_HC1,0.550417469492614,0.08046892285346985,0.4699485466391442
main,fpos,source_overlap_fullctx_xgboost,source_overlap_stack,xgboost,PAIRED_CRCNS_HC1::paired_crcns::d11222_d11222.002::KiloSort::1,PAIRED_CRCNS_HC1::paired_crcns::d11222_d11222.002,PAIRED_CRCNS_HC1,0.03337783711615487,0.14644350111484528,0.1130656639986904
main,fpos,source_overlap_fullctx_xgboost,source_overlap_stack,xgboost,PAIRED_CRCNS_HC1::paired_crcns::d11222_d11222.002::Klusta::2,PAIRED_CRCNS_HC1::paired_crcns::d11222_d11222.002,PAIRED_CRCNS_HC1,0.008777852802160702,0.10911721736192703,0.10033936455976633
main,fpos,source_overlap_fullctx_xgboost,source_overlap_stack,xgboost,PAIRED_CRCNS_HC1::paired_crcns::d11222_d11222.002::MountainSort4::4,PAIRED_CRCNS_HC1::paired_crcns::d11222_d11222.002,PAIRED_CRCNS_HC1,0.360427807486631,0.2531171441078186,0.1073106633788124
main,fpos,source_overlap_fullctx_xgboost,source_overlap_stack,xgboost,PAIRED_CRCNS_HC1::paired_crcns::d11222_d11222.002::SpykingCircus::4,PAIRED_CRCNS_HC1::paired_crcns::d11222_d11222.002,PAIRED_CRCNS_HC1,0.11986754966887417,0.11555451899766922,0.004313030671204948
main,fpos,source_overlap_fullctx_xgboost,source_overlap_stack,xgboost,PAIRED_CRCNS_HC1::paired_crcns::d11222_d11222.002::Tridesclous::0,PAIRED_CRCNS_HC1::paired_crcns::d11222_d11222.002,PAIRED_CRCNS_HC1,0.021164021164021163,0.11547490209341049,0.09431088092938933
main,fpos,source_overlap_fullctx_xgboost,source_overlap_stack,xgboost,PAIRED_ENGLISH::paired_english::m139_200114_191955::KiloSort2::25,PAIRED_ENGLISH::paired_english::m139_200114_191955,PAIRED_ENGLISH,0.7302739726027397,0.18732787668704987,0.5429460959156899
main,fpos,source_overlap_fullctx_xgboost,source_overlap_stack,xgboost,PAIRED_ENGLISH::paired_english::m139_200114_191955::MountainSort4::36,PAIRED_ENGLISH::paired_english::m139_200114_191955,PAIRED_ENGLISH,0.8735255086994986,0.5450009703636169,0.3285245383358817
main,fpos,source_overlap_fullctx_xgboost,source_overlap_stack,xgboost,PAIRED_ENGLISH::paired_english::m139_200114_191955::SpykingCircus::42,PAIRED_ENGLISH::paired_english::m139_200114_191955,PAIRED_ENGLISH,0.5584045584045584,0.29773619771003723,0.26066836069452115
main,fpos,source_overlap_fullctx_xgboost,source_overlap_stack,xgboost,PAIRED_ENGLISH::paired_english::m139_200114_222743::HerdingSpikes2::5,PAIRED_ENGLISH::paired_english::m139_200114_222743,PAIRED_ENGLISH,0.03257707969749855,0.28374311327934265,0.2511660335818441
main,fpos,source_overlap_fullctx_xgboost,source_overlap_stack,xgboost,PAIRED_ENGLISH::paired_english::m139_200114_222743::IronClust::17,PAIRED_ENGLISH::paired_english::m139_200114_222743,PAIRED_ENGLISH,0.02675196277987787,0.2467547357082367,0.22000277292835882
main,fpos,source_overlap_fullctx_xgboost,source_overlap_stack,xgboost,PAIRED_ENGLISH::paired_english::m139_200114_222743::KiloSort2::26,PAIRED_ENGLISH::paired_english::m139_200114_222743,PAIRED_ENGLISH,0.028645087367516472,0.22817476093769073,0.19952967357017426
main,fpos,source_overlap_fullctx_xgboost,source_overlap_stack,xgboost,PAIRED_ENGLISH::paired_english::m139_200114_222743::KiloSort::88,PAIRED_ENGLISH::paired_english::m139_200114_222743,PAIRED_ENGLISH,0.015151515151515152,0.31922727823257446,0.3040757630810593
main,fpos,source_overlap_fullctx_xgboost,source_overlap_stack,xgboost,PAIRED_ENGLISH::paired_english::m139_200114_222743::MountainSort4::46,PAIRED_ENGLISH::paired_english::m139_200114_222743,PAIRED_ENGLISH,0.039886039886039885,0.34415146708488464,0.30426542719884475
main,fpos,source_overlap_fullctx_xgboost,source_overlap_stack,xgboost,PAIRED_ENGLISH::paired_english::m139_200114_222743::SpykingCircus::44,PAIRED_ENGLISH::paired_english::m139_200114_222743,PAIRED_ENGLISH,0.028064146620847653,0.22981321811676025,0.2017490714959126
main,fpos,source_overlap_fullctx_xgboost,source_overlap_stack,xgboost,PAIRED_ENGLISH::paired_english::m139_200114_222743::Tridesclous::1,PAIRED_ENGLISH::paired_english::m139_200114_222743,PAIRED_ENGLISH,0.3089646722483153,0.26782453060150146,0.041140141646813844
main,fpos,source_overlap_fullctx_xgboost,source_overlap_stack,xgboost,PAIRED_ENGLISH::paired_english::m14_190326_155432::IronClust::22,PAIRED_ENGLISH::paired_english::m14_190326_155432,PAIRED_ENGLISH,0.0481651376146789,0.06791486591100693,0.019749728296328026
main,fpos,source_overlap_fullctx_xgboost,source_overlap_stack,xgboost,PAIRED_ENGLISH::paired_english::m14_190326_155432::MountainSort4::33,PAIRED_ENGLISH::paired_english::m14_190326_155432,PAIRED_ENGLISH,0.1981651376146789,0.42738619446754456,0.22922105685286565
main,fpos,source_overlap_fullctx_xgboost,source_overlap_stack,xgboost,PAIRED_ENGLISH::paired_english::m14_190326_155432::SpykingCircus::38,PAIRED_ENGLISH::paired_english::m14_190326_155432,PAIRED_ENGLISH,0.013363028953229399,0.06322004646062851,0.04985701750739911
main,fpos,source_overlap_fullctx_xgboost,source_overlap_stack,xgboost,PAIRED_ENGLISH::paired_english::m15_190315_142052_cell1::IronClust::40,PAIRED_ENGLISH::paired_english::m15_190315_142052_cell1,PAIRED_ENGLISH,0.2679960401640503,0.4312247037887573,0.163228663624707
main,fpos,source_overlap_fullctx_xgboost,source_overlap_stack,xgboost,PAIRED_ENGLISH::paired_english::m15_190315_142052_cell1::KiloSort2::48,PAIRED_ENGLISH::paired_english::m15_190315_142052_cell1,PAIRED_ENGLISH,0.8627861694595232,0.44925597310066223,0.413530196358861
main,fpos,source_overlap_fullctx_xgboost,source_overlap_stack,xgboost,PAIRED_ENGLISH::paired_english::m15_190315_142052_cell1::MountainSort4::62,PAIRED_ENGLISH::paired_english::m15_190315_142052_cell1,PAIRED_ENGLISH,0.8769885383524361,0.49205148220062256,0.3849370561518135
main,fpos,source_overlap_fullctx_xgboost,source_overlap_stack,xgboost,PAIRED_ENGLISH::paired_english::m15_190315_142052_cell1::MountainSort4::64,PAIRED_ENGLISH::paired_english::m15_190315_142052_cell1,PAIRED_ENGLISH,0.14704761904761904,0.2965092658996582,0.14946164685203917
main,fpos,source_overlap_fullctx_xgboost,source_overlap_stack,xgboost,PAIRED_ENGLISH::paired_english::m15_190315_142052_cell1::SpykingCircus::22,PAIRED_ENGLISH::paired_english::m15_190315_142052_cell1,PAIRED_ENGLISH,0.23500526131182042,0.6520709991455078,0.4170657378336874
main,fpos,source_overlap_fullctx_xgboost,source_overlap_stack,xgboost,PAIRED_ENGLISH::paired_english::m15_190315_142052_cell1::SpykingCircus::57,PAIRED_ENGLISH::paired_english::m15_190315_142052_cell1,PAIRED_ENGLISH,0.6499202551834131,0.4088176190853119,0.24110263609810123
main,fpos,source_overlap_fullctx_xgboost,source_overlap_stack,xgboost,PAIRED_ENGLISH::paired_english::m15_190315_152315_cell1::IronClust::35,PAIRED_ENGLISH::paired_english::m15_190315_152315_cell1,PAIRED_ENGLISH,0.002592440987856461,0.032822005450725555,0.030229564462869094
main,fpos,source_overlap_fullctx_xgboost,source_overlap_stack,xgboost,PAIRED_ENGLISH::paired_english::m15_190315_152315_cell1::KiloSort2::37,PAIRED_ENGLISH::paired_english::m15_190315_152315_cell1,PAIRED_ENGLISH,0.00039059957034047265,0.04881764203310013,0.048427042462759654
main,fpos,source_overlap_fullctx_xgboost,source_overlap_stack,xgboost,PAIRED_ENGLISH::paired_english::m15_190315_152315_cell1::KiloSort::1,PAIRED_ENGLISH::paired_english::m15_190315_152315_cell1,PAIRED_ENGLISH,6.528267397832615e-05,0.026495499536395073,0.026430216862416745
main,fpos,source_overlap_fullctx_xgboost,source_overlap_stack,xgboost,PAIRED_ENGLISH::paired_english::m15_190315_152315_cell1::MountainSort4::72,PAIRED_ENGLISH::paired_english::m15_190315_152315_cell1,PAIRED_ENGLISH,0.052174468356855484,0.07800775021314621,0.025833281856290725
main,fpos,source_overlap_fullctx_xgboost,source_overlap_stack,xgboost,PAIRED_ENGLISH::paired_english::m15_190315_152315_cell1::SpykingCircus::46,PAIRED_ENGLISH::paired_english::m15_190315_152315_cell1,PAIRED_ENGLISH,0.010891280531030483,0.030486078932881355,0.019594798401850872
main,fpos,source_overlap_fullctx_xgboost,source_overlap_stack,xgboost,PAIRED_ENGLISH::paired_english::m15_190315_152315_cell1::Tridesclous::0,PAIRED_ENGLISH::paired_english::m15_190315_152315_cell1,PAIRED_ENGLISH,0.8482136225209834,0.33980119228363037,0.508412430237353
main,fpos,source_overlap_fullctx_xgboost,source_overlap_stack,xgboost,PAIRED_ENGLISH::paired_english::m26_190524_100859_cell1::KiloSort2::0,PAIRED_ENGLISH::paired_english::m26_190524_100859_cell1,PAIRED_ENGLISH,0.38315988647114474,0.396829217672348,0.013669331201203283
main,fpos,source_overlap_fullctx_xgboost,source_overlap_stack,xgboost,PAIRED_ENGLISH::paired_english::m26_190524_100859_cell1::KiloSort::19,PAIRED_ENGLISH::paired_english::m26_190524_100859_cell1,PAIRED_ENGLISH,0.2440677966101695,0.25785210728645325,0.013784310676283745
main,fpos,source_overlap_fullctx_xgboost,source_overlap_stack,xgboost,PAIRED_ENGLISH::paired_english::m26_190524_100859_cell1::KiloSort::8,PAIRED_ENGLISH::paired_english::m26_190524_100859_cell1,PAIRED_ENGLISH,0.6505139500734214,0.44939395785331726,0.20111999222010413
main,fpos,source_overlap_fullctx_xgboost,source_overlap_stack,xgboost,PAIRED_ENGLISH::paired_english::m57_191105_141906::IronClust::6,PAIRED_ENGLISH::paired_english::m57_191105_141906,PAIRED_ENGLISH,0.31826625386996904,0.28951311111450195,0.028753142755467087
main,fpos,source_overlap_fullctx_xgboost,source_overlap_stack,xgboost,PAIRED_ENGLISH::paired_english::m57_191105_141906::KiloSort::47,PAIRED_ENGLISH::paired_english::m57_191105_141906,PAIRED_ENGLISH,0.35376344086021505,0.2725200355052948,0.08124340535492025
main,fpos,source_overlap_fullctx_xgboost,source_overlap_stack,xgboost,PAIRED_ENGLISH::paired_english::m57_191105_141906::MountainSort4::21,PAIRED_ENGLISH::paired_english::m57_191105_141906,PAIRED_ENGLISH,0.3323335332933413,0.46548956632614136,0.13315603303280005
main,fpos,source_overlap_fullctx_xgboost,source_overlap_stack,xgboost,PAIRED_ENGLISH::paired_english::m57_191105_141906::MountainSort4::57,PAIRED_ENGLISH::paired_english::m57_191105_141906,PAIRED_ENGLISH,0.23853211009174313,0.2863328754901886,0.047800765398445466
main,fpos,source_overlap_fullctx_xgboost,source_overlap_stack,xgboost,PAIRED_ENGLISH::paired_english::m57_191105_141906::SpykingCircus::12,PAIRED_ENGLISH::paired_english::m57_191105_141906,PAIRED_ENGLISH,0.3535228677379481,0.286446750164032,0.06707611757391613
main,fpos,source_overlap_fullctx_xgboost,source_overlap_stack,xgboost,PAIRED_ENGLISH::paired_english::m57_191105_141906::SpykingCircus::30,PAIRED_ENGLISH::paired_english::m57_191105_141906,PAIRED_ENGLISH,0.2040332147093713,0.2517620921134949,0.04772887740412357
main,fpos,source_overlap_fullctx_xgboost,source_overlap_stack,xgboost,PAIRED_ENGLISH::paired_english::m57_191105_160026::HerdingSpikes2::1,PAIRED_ENGLISH::paired_english::m57_191105_160026,PAIRED_ENGLISH,0.13630229419703105,0.3903501629829407,0.2540478687859096
main,fpos,source_overlap_fullctx_xgboost,source_overlap_stack,xgboost,PAIRED_ENGLISH::paired_english::m57_191105_160026::IronClust::2,PAIRED_ENGLISH::paired_english::m57_191105_160026,PAIRED_ENGLISH,0.5044008124576845,0.29358771443367004,0.2108130980240145
main,fpos,source_overlap_fullctx_xgboost,source_overlap_stack,xgboost,PAIRED_ENGLISH::paired_english::m57_191105_160026::IronClust::3,PAIRED_ENGLISH::paired_english::m57_191105_160026,PAIRED_ENGLISH,0.05838815789473684,0.34416139125823975,0.2857732333635029
main,fpos,source_overlap_fullctx_xgboost,source_overlap_stack,xgboost,PAIRED_ENGLISH::paired_english::m57_191105_160026::KiloSort::127,PAIRED_ENGLISH::paired_english::m57_191105_160026,PAIRED_ENGLISH,0.5003422313483915,0.16536372900009155,0.33497850234829996
main,fpos,source_overlap_fullctx_xgboost,source_overlap_stack,xgboost,PAIRED_ENGLISH::paired_english::m57_191105_160026::KiloSort::6,PAIRED_ENGLISH::paired_english::m57_191105_160026,PAIRED_ENGLISH,0.02531645569620253,0.3193294405937195,0.2940129848975169
main,fpos,source_overlap_fullctx_xgboost,source_overlap_stack,xgboost,PAIRED_ENGLISH::paired_english::m57_191105_160026::MountainSort4::23,PAIRED_ENGLISH::paired_english::m57_191105_160026,PAIRED_ENGLISH,0.6737967914438503,0.2639567255973816,0.4098400658464687
main,fpos,source_overlap_fullctx_xgboost,source_overlap_stack,xgboost,PAIRED_ENGLISH::paired_english::m57_191105_160026::MountainSort4::25,PAIRED_ENGLISH::paired_english::m57_191105_160026,PAIRED_ENGLISH,0.14568081991215226,0.29619356989860535,0.1505127499864531
main,fpos,source_overlap_fullctx_xgboost,source_overlap_stack,xgboost,PAIRED_ENGLISH::paired_english::m57_191105_160026::SpykingCircus::2,PAIRED_ENGLISH::paired_english::m57_191105_160026,PAIRED_ENGLISH,0.6860282574568289,0.468070924282074,0.21795733317475496
main,fpos,source_overlap_fullctx_xgboost,source_overlap_stack,xgboost,PAIRED_ENGLISH::paired_english::m57_191105_160026::SpykingCircus::4,PAIRED_ENGLISH::paired_english::m57_191105_160026,PAIRED_ENGLISH,0.056790123456790124,0.330063134431839,0.27327301097504886
main,fpos,source_overlap_fullctx_xgboost,source_overlap_stack,xgboost,PAIRED_ENGLISH::paired_english::m57_191105_160026::Tridesclous::0,PAIRED_ENGLISH::paired_english::m57_191105_160026,PAIRED_ENGLISH,0.8589226823012093,0.5699353814125061,0.28898730088870317
main,fpos,source_overlap_fullctx_xgboost,source_overlap_stack,xgboost,PAIRED_KAMPFF::paired_kampff::c14::HerdingSpikes2::6,PAIRED_KAMPFF::paired_kampff::c14,PAIRED_KAMPFF,0.25090444775484144,0.13038776814937592,0.12051667960546553
main,fpos,source_overlap_fullctx_xgboost,source_overlap_stack,xgboost,PAIRED_KAMPFF::paired_kampff::c14::IronClust::22,PAIRED_KAMPFF::paired_kampff::c14,PAIRED_KAMPFF,0.2240655987795576,0.12577208876609802,0.09829351001345957
main,fpos,source_overlap_fullctx_xgboost,source_overlap_stack,xgboost,PAIRED_KAMPFF::paired_kampff::c14::KiloSort2::37,PAIRED_KAMPFF::paired_kampff::c14,PAIRED_KAMPFF,0.23899885489939474,0.07995156198740005,0.15904729291199468
main,fpos,source_overlap_fullctx_xgboost,source_overlap_stack,xgboost,PAIRED_KAMPFF::paired_kampff::c14::MountainSort4::42,PAIRED_KAMPFF::paired_kampff::c14,PAIRED_KAMPFF,0.031842105263157894,0.03254072368144989,0.0006986184182919963
main,fpos,source_overlap_fullctx_xgboost,source_overlap_stack,xgboost,PAIRED_KAMPFF::paired_kampff::c14::SpykingCircus::14,PAIRED_KAMPFF::paired_kampff::c14,PAIRED_KAMPFF,0.0993841579953281,0.06687489151954651,0.03250926647578159
main,fpos,source_overlap_fullctx_xgboost,source_overlap_stack,xgboost,PAIRED_KAMPFF::paired_kampff::c14::Tridesclous::8,PAIRED_KAMPFF::paired_kampff::c14,PAIRED_KAMPFF,0.7298130782302221,0.5135548114776611,0.216258266752561
main,fpos,source_overlap_fullctx_xgboost,source_overlap_stack,xgboost,PAIRED_MEA64C_YGER::paired_mea64c::20170622_patch1::HerdingSpikes2::19,PAIRED_MEA64C_YGER::paired_mea64c::20170622_patch1,PAIRED_MEA64C_YGER,0.3048016701461378,0.39331409335136414,0.08851242320522634
main,fpos,source_overlap_fullctx_xgboost,source_overlap_stack,xgboost,PAIRED_MEA64C_YGER::paired_mea64c::20170622_patch1::HerdingSpikes2::7,PAIRED_MEA64C_YGER::paired_mea64c::20170622_patch1,PAIRED_MEA64C_YGER,0.006430868167202572,0.013532123528420925,0.007101255361218353
main,fpos,source_overlap_fullctx_xgboost,source_overlap_stack,xgboost,PAIRED_MEA64C_YGER::paired_mea64c::20170622_patch1::IronClust::8,PAIRED_MEA64C_YGER::paired_mea64c::20170622_patch1,PAIRED_MEA64C_YGER,0.32512992968511156,0.1596064269542694,0.16552350273084215
main,fpos,source_overlap_fullctx_xgboost,source_overlap_stack,xgboost,PAIRED_MEA64C_YGER::paired_mea64c::20170622_patch1::KiloSort2::23,PAIRED_MEA64C_YGER::paired_mea64c::20170622_patch1,PAIRED_MEA64C_YGER,0.0,0.009154783561825752,0.009154783561825752
main,fpos,source_overlap_fullctx_xgboost,source_overlap_stack,xgboost,PAIRED_MEA64C_YGER::paired_mea64c::20170622_patch1::KiloSort::64,PAIRED_MEA64C_YGER::paired_mea64c::20170622_patch1,PAIRED_MEA64C_YGER,0.00022805017103762827,0.008969244547188282,0.008741194376150653
main,fpos,source_overlap_fullctx_xgboost,source_overlap_stack,xgboost,PAIRED_MEA64C_YGER::paired_mea64c::20170622_patch1::Klusta::4,PAIRED_MEA64C_YGER::paired_mea64c::20170622_patch1,PAIRED_MEA64C_YGER,0.0050424628450106155,0.016274025663733482,0.011231562818722868
main,fpos,source_overlap_fullctx_xgboost,source_overlap_stack,xgboost,PAIRED_MEA64C_YGER::paired_mea64c::20170622_patch1::MountainSort4::43,PAIRED_MEA64C_YGER::paired_mea64c::20170622_patch1,PAIRED_MEA64C_YGER,0.0040494938132733405,0.020353449508547783,0.016303955695274444
main,fpos,source_overlap_fullctx_xgboost,source_overlap_stack,xgboost,PAIRED_MEA64C_YGER::paired_mea64c::20170622_patch1::SpykingCircus::18,PAIRED_MEA64C_YGER::paired_mea64c::20170622_patch1,PAIRED_MEA64C_YGER,0.00022079929344226098,0.007939552888274193,0.007718753594831932
main,fpos,source_overlap_fullctx_xgboost,source_overlap_stack,xgboost,PAIRED_MEA64C_YGER::paired_mea64c::20170622_patch1::Tridesclous::12,PAIRED_MEA64C_YGER::paired_mea64c::20170622_patch1,PAIRED_MEA64C_YGER,0.013830024537140308,0.016702454537153244,0.0028724300000129363
main,fpos,source_overlap_fullctx_xgboost,source_overlap_stack,xgboost,PAIRED_MEA64C_YGER::paired_mea64c::20170622_patch2::HerdingSpikes2::16,PAIRED_MEA64C_YGER::paired_mea64c::20170622_patch2,PAIRED_MEA64C_YGER,0.18683274021352314,0.18021747469902039,0.006615265514502755
main,fpos,source_overlap_fullctx_xgboost,source_overlap_stack,xgboost,PAIRED_MEA64C_YGER::paired_mea64c::20170622_patch2::HerdingSpikes2::44,PAIRED_MEA64C_YGER::paired_mea64c::20170622_patch2,PAIRED_MEA64C_YGER,0.4028520499108734,0.07429664582014084,0.3285554040907326
main,fpos,source_overlap_fullctx_xgboost,source_overlap_stack,xgboost,PAIRED_MEA64C_YGER::paired_mea64c::20170622_patch2::HerdingSpikes2::5,PAIRED_MEA64C_YGER::paired_mea64c::20170622_patch2,PAIRED_MEA64C_YGER,0.06115992970123023,0.0013258669059723616,0.05983406279525787
main,fpos,source_overlap_fullctx_xgboost,source_overlap_stack,xgboost,PAIRED_MEA64C_YGER::paired_mea64c::20170622_patch2::IronClust::11,PAIRED_MEA64C_YGER::paired_mea64c::20170622_patch2,PAIRED_MEA64C_YGER,0.061366806136680614,0.0014307150850072503,0.059936091051673364
main,fpos,source_overlap_fullctx_xgboost,source_overlap_stack,xgboost,PAIRED_MEA64C_YGER::paired_mea64c::20170622_patch2::JRClust::31,PAIRED_MEA64C_YGER::paired_mea64c::20170622_patch2,PAIRED_MEA64C_YGER,0.06118881118881119,0.0012487509520724416,0.05994006023673875
main,fpos,source_overlap_fullctx_xgboost,source_overlap_stack,xgboost,PAIRED_MEA64C_YGER::paired_mea64c::20170622_patch2::KiloSort2::33,PAIRED_MEA64C_YGER::paired_mea64c::20170622_patch2,PAIRED_MEA64C_YGER,0.061409630146545706,0.0019124181708320975,0.05949721197571361
main,fpos,source_overlap_fullctx_xgboost,source_overlap_stack,xgboost,PAIRED_MEA64C_YGER::paired_mea64c::20170622_patch2::KiloSort::5,PAIRED_MEA64C_YGER::paired_mea64c::20170622_patch2,PAIRED_MEA64C_YGER,0.06143106457242583,0.002381764817982912,0.05904929975444292
main,fpos,source_overlap_fullctx_xgboost,source_overlap_stack,xgboost,PAIRED_MEA64C_YGER::paired_mea64c::20170622_patch2::Klusta::14,PAIRED_MEA64C_YGER::paired_mea64c::20170622_patch2,PAIRED_MEA64C_YGER,0.05860349127182045,0.0018728452268987894,0.05673064604492166
main,fpos,source_overlap_fullctx_xgboost,source_overlap_stack,xgboost,PAIRED_MEA64C_YGER::paired_mea64c::20170622_patch2::MountainSort4::31,PAIRED_MEA64C_YGER::paired_mea64c::20170622_patch2,PAIRED_MEA64C_YGER,0.07713404182379156,0.005798324942588806,0.07133571688120276
main,fpos,source_overlap_fullctx_xgboost,source_overlap_stack,xgboost,PAIRED_MEA64C_YGER::paired_mea64c::20170622_patch2::SpykingCircus::17,PAIRED_MEA64C_YGER::paired_mea64c::20170622_patch2,PAIRED_MEA64C_YGER,0.061366806136680614,0.0013708514161407948,0.05999595472053982
main,fpos,source_overlap_fullctx_xgboost,source_overlap_stack,xgboost,PAIRED_MEA64C_YGER::paired_mea64c::20170622_patch2::Tridesclous::0,PAIRED_MEA64C_YGER::paired_mea64c::20170622_patch2,PAIRED_MEA64C_YGER,0.061366806136680614,0.001418963773176074,0.05994784236350454
main,fpos,source_plus_reduced_latent_fullctx_lightgbm_filtered,reduced_latent_stack_filtered,lightgbm,PAIRED_BOYDEN::paired_boyden32c::1103_1_1::IronClust::4,PAIRED_BOYDEN::paired_boyden32c::1103_1_1,PAIRED_BOYDEN,0.11363636363636363,0.23726804554462433,0.1236316819082607
main,fpos,source_plus_reduced_latent_fullctx_lightgbm_filtered,reduced_latent_stack_filtered,lightgbm,PAIRED_BOYDEN::paired_boyden32c::1103_1_1::JRClust::18,PAIRED_BOYDEN::paired_boyden32c::1103_1_1,PAIRED_BOYDEN,0.26138147566718994,0.27402862906455994,0.012647153397369992
main,fpos,source_plus_reduced_latent_fullctx_lightgbm_filtered,reduced_latent_stack_filtered,lightgbm,PAIRED_BOYDEN::paired_boyden32c::1103_1_1::KiloSort2::33,PAIRED_BOYDEN::paired_boyden32c::1103_1_1,PAIRED_BOYDEN,0.17066290550070523,0.29380249977111816,0.12313959427041293
main,fpos,source_plus_reduced_latent_fullctx_lightgbm_filtered,reduced_latent_stack_filtered,lightgbm,PAIRED_BOYDEN::paired_boyden32c::1103_1_1::KiloSort2::55,PAIRED_BOYDEN::paired_boyden32c::1103_1_1,PAIRED_BOYDEN,0.3333333333333333,0.21017827093601227,0.12315506239732105
main,fpos,source_plus_reduced_latent_fullctx_lightgbm_filtered,reduced_latent_stack_filtered,lightgbm,PAIRED_BOYDEN::paired_boyden32c::1103_1_1::KiloSort2::60,PAIRED_BOYDEN::paired_boyden32c::1103_1_1,PAIRED_BOYDEN,0.15878378378378377,0.11905162781476974,0.03973215596901403
main,fpos,source_plus_reduced_latent_fullctx_lightgbm_filtered,reduced_latent_stack_filtered,lightgbm,PAIRED_BOYDEN::paired_boyden32c::1103_1_1::KiloSort::111,PAIRED_BOYDEN::paired_boyden32c::1103_1_1,PAIRED_BOYDEN,0.11241007194244604,0.28291380405426025,0.17050373211181422
main,fpos,source_plus_reduced_latent_fullctx_lightgbm_filtered,reduced_latent_stack_filtered,lightgbm,PAIRED_BOYDEN::paired_boyden32c::1103_1_1::Klusta::12,PAIRED_BOYDEN::paired_boyden32c::1103_1_1,PAIRED_BOYDEN,0.156686626746507,0.23231637477874756,0.07562974803224057
main,fpos,source_plus_reduced_latent_fullctx_lightgbm_filtered,reduced_latent_stack_filtered,lightgbm,PAIRED_BOYDEN::paired_boyden32c::1103_1_1::MountainSort4::26,PAIRED_BOYDEN::paired_boyden32c::1103_1_1,PAIRED_BOYDEN,0.30532212885154064,0.32528525590896606,0.019963127057425423
main,fpos,source_plus_reduced_latent_fullctx_lightgbm_filtered,reduced_latent_stack_filtered,lightgbm,PAIRED_BOYDEN::paired_boyden32c::1103_1_1::SpykingCircus::27,PAIRED_BOYDEN::paired_boyden32c::1103_1_1,PAIRED_BOYDEN,0.12258064516129032,0.19507619738578796,0.07249555222449765
main,fpos,source_plus_reduced_latent_fullctx_lightgbm_filtered,reduced_latent_stack_filtered,lightgbm,PAIRED_BOYDEN::paired_boyden32c::1103_1_1::Tridesclous::3,PAIRED_BOYDEN::paired_boyden32c::1103_1_1,PAIRED_BOYDEN,0.2613268608414239,0.4382675886154175,0.17694072777399356
main,fpos,source_plus_reduced_latent_fullctx_lightgbm_filtered,reduced_latent_stack_filtered,lightgbm,PAIRED_BOYDEN::paired_boyden32c::419_1_8::IronClust::14,PAIRED_BOYDEN::paired_boyden32c::419_1_8,PAIRED_BOYDEN,0.0663265306122449,0.009429432451725006,0.056897098160519896
main,fpos,source_plus_reduced_latent_fullctx_lightgbm_filtered,reduced_latent_stack_filtered,lightgbm,PAIRED_BOYDEN::paired_boyden32c::419_1_8::IronClust::4,PAIRED_BOYDEN::paired_boyden32c::419_1_8,PAIRED_BOYDEN,0.05829903978052126,0.059812307357788086,0.0015132675772668233
main,fpos,source_plus_reduced_latent_fullctx_lightgbm_filtered,reduced_latent_stack_filtered,lightgbm,PAIRED_BOYDEN::paired_boyden32c::419_1_8::JRClust::24,PAIRED_BOYDEN::paired_boyden32c::419_1_8,PAIRED_BOYDEN,0.08062093139709564,0.012113121338188648,0.06850781005890699
main,fpos,source_plus_reduced_latent_fullctx_lightgbm_filtered,reduced_latent_stack_filtered,lightgbm,PAIRED_BOYDEN::paired_boyden32c::419_1_8::JRClust::8,PAIRED_BOYDEN::paired_boyden32c::419_1_8,PAIRED_BOYDEN,0.03907637655417407,0.01852249726653099,0.02055387928764308
main,fpos,source_plus_reduced_latent_fullctx_lightgbm_filtered,reduced_latent_stack_filtered,lightgbm,PAIRED_BOYDEN::paired_boyden32c::419_1_8::KiloSort2::27,PAIRED_BOYDEN::paired_boyden32c::419_1_8,PAIRED_BOYDEN,0.1342059838895282,0.020594604313373566,0.11361137957615464
main,fpos,source_plus_reduced_latent_fullctx_lightgbm_filtered,reduced_latent_stack_filtered,lightgbm,PAIRED_BOYDEN::paired_boyden32c::419_1_8::KiloSort2::46,PAIRED_BOYDEN::paired_boyden32c::419_1_8,PAIRED_BOYDEN,0.02341480088873697,0.01885463111102581,0.004560169777711159
main,fpos,source_plus_reduced_latent_fullctx_lightgbm_filtered,reduced_latent_stack_filtered,lightgbm,PAIRED_BOYDEN::paired_boyden32c::419_1_8::KiloSort::17,PAIRED_BOYDEN::paired_boyden32c::419_1_8,PAIRED_BOYDEN,0.06424161521775405,0.009369897656142712,0.05487171756161134
main,fpos,source_plus_reduced_latent_fullctx_lightgbm_filtered,reduced_latent_stack_filtered,lightgbm,PAIRED_BOYDEN::paired_boyden32c::419_1_8::MountainSort4::42,PAIRED_BOYDEN::paired_boyden32c::419_1_8,PAIRED_BOYDEN,0.16482219271063892,0.061378467828035355,0.10344372488260356
main,fpos,source_plus_reduced_latent_fullctx_lightgbm_filtered,reduced_latent_stack_filtered,lightgbm,PAIRED_BOYDEN::paired_boyden32c::419_1_8::SpykingCircus::24,PAIRED_BOYDEN::paired_boyden32c::419_1_8,PAIRED_BOYDEN,0.24721080446271285,0.14013192057609558,0.10707888388661727
main,fpos,source_plus_reduced_latent_fullctx_lightgbm_filtered,reduced_latent_stack_filtered,lightgbm,PAIRED_BOYDEN::paired_boyden32c::419_1_8::SpykingCircus::28,PAIRED_BOYDEN::paired_boyden32c::419_1_8,PAIRED_BOYDEN,0.029543112332531776,0.012224255129694939,0.017318857202836838
main,fpos,source_plus_reduced_latent_fullctx_lightgbm_filtered,reduced_latent_stack_filtered,lightgbm,PAIRED_BOYDEN::paired_boyden32c::419_1_8::Tridesclous::0,PAIRED_BOYDEN::paired_boyden32c::419_1_8,PAIRED_BOYDEN,0.15585806056898133,0.07596896588802338,0.07988909468095795
main,fpos,source_plus_reduced_latent_fullctx_lightgbm_filtered,reduced_latent_stack_filtered,lightgbm,PAIRED_CRCNS_HC1::paired_crcns::d11221_d11221.001::SpykingCircus::6,PAIRED_CRCNS_HC1::paired_crcns::d11221_d11221.001,PAIRED_CRCNS_HC1,0.8835978835978836,0.4893518388271332,0.3942460447707504
main,fpos,source_plus_reduced_latent_fullctx_lightgbm_filtered,reduced_latent_stack_filtered,lightgbm,PAIRED_CRCNS_HC1::paired_crcns::d11222_d11222.002::IronClust::2,PAIRED_CRCNS_HC1::paired_crcns::d11222_d11222.002,PAIRED_CRCNS_HC1,0.04466019417475728,0.16860011219978333,0.12393991802502605
main,fpos,source_plus_reduced_latent_fullctx_lightgbm_filtered,reduced_latent_stack_filtered,lightgbm,PAIRED_CRCNS_HC1::paired_crcns::d11222_d11222.002::JRClust::3,PAIRED_CRCNS_HC1::paired_crcns::d11222_d11222.002,PAIRED_CRCNS_HC1,0.039337474120082816,0.05515680089592934,0.01581932677584652
main,fpos,source_plus_reduced_latent_fullctx_lightgbm_filtered,reduced_latent_stack_filtered,lightgbm,PAIRED_CRCNS_HC1::paired_crcns::d11222_d11222.002::KiloSort2::10,PAIRED_CRCNS_HC1::paired_crcns::d11222_d11222.002,PAIRED_CRCNS_HC1,0.550417469492614,0.07912067323923111,0.47129679625338294
main,fpos,source_plus_reduced_latent_fullctx_lightgbm_filtered,reduced_latent_stack_filtered,lightgbm,PAIRED_CRCNS_HC1::paired_crcns::d11222_d11222.002::KiloSort::1,PAIRED_CRCNS_HC1::paired_crcns::d11222_d11222.002,PAIRED_CRCNS_HC1,0.03337783711615487,0.1014290377497673,0.06805120063361243
main,fpos,source_plus_reduced_latent_fullctx_lightgbm_filtered,reduced_latent_stack_filtered,lightgbm,PAIRED_CRCNS_HC1::paired_crcns::d11222_d11222.002::Klusta::2,PAIRED_CRCNS_HC1::paired_crcns::d11222_d11222.002,PAIRED_CRCNS_HC1,0.008777852802160702,0.1042378768324852,0.0954600240303245
main,fpos,source_plus_reduced_latent_fullctx_lightgbm_filtered,reduced_latent_stack_filtered,lightgbm,PAIRED_CRCNS_HC1::paired_crcns::d11222_d11222.002::MountainSort4::4,PAIRED_CRCNS_HC1::paired_crcns::d11222_d11222.002,PAIRED_CRCNS_HC1,0.360427807486631,0.2003151774406433,0.1601126300459877
main,fpos,source_plus_reduced_latent_fullctx_lightgbm_filtered,reduced_latent_stack_filtered,lightgbm,PAIRED_CRCNS_HC1::paired_crcns::d11222_d11222.002::SpykingCircus::4,PAIRED_CRCNS_HC1::paired_crcns::d11222_d11222.002,PAIRED_CRCNS_HC1,0.11986754966887417,0.08922629803419113,0.030641251634683037
main,fpos,source_plus_reduced_latent_fullctx_lightgbm_filtered,reduced_latent_stack_filtered,lightgbm,PAIRED_CRCNS_HC1::paired_crcns::d11222_d11222.002::Tridesclous::0,PAIRED_CRCNS_HC1::paired_crcns::d11222_d11222.002,PAIRED_CRCNS_HC1,0.021164021164021163,0.09897144138813019,0.07780742022410903
main,fpos,source_plus_reduced_latent_fullctx_lightgbm_filtered,reduced_latent_stack_filtered,lightgbm,PAIRED_ENGLISH::paired_english::m139_200114_191955::KiloSort2::25,PAIRED_ENGLISH::paired_english::m139_200114_191955,PAIRED_ENGLISH,0.7302739726027397,0.3879491090774536,0.3423248635252861
main,fpos,source_plus_reduced_latent_fullctx_lightgbm_filtered,reduced_latent_stack_filtered,lightgbm,PAIRED_ENGLISH::paired_english::m139_200114_191955::MountainSort4::36,PAIRED_ENGLISH::paired_english::m139_200114_191955,PAIRED_ENGLISH,0.8735255086994986,0.6956885457038879,0.1778369629956107
main,fpos,source_plus_reduced_latent_fullctx_lightgbm_filtered,reduced_latent_stack_filtered,lightgbm,PAIRED_ENGLISH::paired_english::m139_200114_191955::SpykingCircus::42,PAIRED_ENGLISH::paired_english::m139_200114_191955,PAIRED_ENGLISH,0.5584045584045584,0.318351149559021,0.24005340884553739
main,fpos,source_plus_reduced_latent_fullctx_lightgbm_filtered,reduced_latent_stack_filtered,lightgbm,PAIRED_ENGLISH::paired_english::m139_200114_222743::HerdingSpikes2::5,PAIRED_ENGLISH::paired_english::m139_200114_222743,PAIRED_ENGLISH,0.03257707969749855,0.1752079427242279,0.14263086302672937
main,fpos,source_plus_reduced_latent_fullctx_lightgbm_filtered,reduced_latent_stack_filtered,lightgbm,PAIRED_ENGLISH::paired_english::m139_200114_222743::IronClust::17,PAIRED_ENGLISH::paired_english::m139_200114_222743,PAIRED_ENGLISH,0.02675196277987787,0.14816124737262726,0.12140928459274938
main,fpos,source_plus_reduced_latent_fullctx_lightgbm_filtered,reduced_latent_stack_filtered,lightgbm,PAIRED_ENGLISH::paired_english::m139_200114_222743::KiloSort2::26,PAIRED_ENGLISH::paired_english::m139_200114_222743,PAIRED_ENGLISH,0.028645087367516472,0.13182030618190765,0.10317521881439118
main,fpos,source_plus_reduced_latent_fullctx_lightgbm_filtered,reduced_latent_stack_filtered,lightgbm,PAIRED_ENGLISH::paired_english::m139_200114_222743::KiloSort::88,PAIRED_ENGLISH::paired_english::m139_200114_222743,PAIRED_ENGLISH,0.015151515151515152,0.16099783778190613,0.145846322630391
main,fpos,source_plus_reduced_latent_fullctx_lightgbm_filtered,reduced_latent_stack_filtered,lightgbm,PAIRED_ENGLISH::paired_english::m139_200114_222743::MountainSort4::46,PAIRED_ENGLISH::paired_english::m139_200114_222743,PAIRED_ENGLISH,0.039886039886039885,0.38092470169067383,0.34103866180463394
main,fpos,source_plus_reduced_latent_fullctx_lightgbm_filtered,reduced_latent_stack_filtered,lightgbm,PAIRED_ENGLISH::paired_english::m139_200114_222743::SpykingCircus::44,PAIRED_ENGLISH::paired_english::m139_200114_222743,PAIRED_ENGLISH,0.028064146620847653,0.1076507717370987,0.07958662511625104
main,fpos,source_plus_reduced_latent_fullctx_lightgbm_filtered,reduced_latent_stack_filtered,lightgbm,PAIRED_ENGLISH::paired_english::m139_200114_222743::Tridesclous::1,PAIRED_ENGLISH::paired_english::m139_200114_222743,PAIRED_ENGLISH,0.3089646722483153,0.3546173870563507,0.0456527148080354
main,fpos,source_plus_reduced_latent_fullctx_lightgbm_filtered,reduced_latent_stack_filtered,lightgbm,PAIRED_ENGLISH::paired_english::m14_190326_155432::IronClust::22,PAIRED_ENGLISH::paired_english::m14_190326_155432,PAIRED_ENGLISH,0.0481651376146789,0.025549164041876793,0.02261597357280211
main,fpos,source_plus_reduced_latent_fullctx_lightgbm_filtered,reduced_latent_stack_filtered,lightgbm,PAIRED_ENGLISH::paired_english::m14_190326_155432::MountainSort4::33,PAIRED_ENGLISH::paired_english::m14_190326_155432,PAIRED_ENGLISH,0.1981651376146789,0.15488488972187042,0.04328024789280849
main,fpos,source_plus_reduced_latent_fullctx_lightgbm_filtered,reduced_latent_stack_filtered,lightgbm,PAIRED_ENGLISH::paired_english::m14_190326_155432::SpykingCircus::38,PAIRED_ENGLISH::paired_english::m14_190326_155432,PAIRED_ENGLISH,0.013363028953229399,0.04684482887387276,0.03348179992064336
main,fpos,source_plus_reduced_latent_fullctx_lightgbm_filtered,reduced_latent_stack_filtered,lightgbm,PAIRED_ENGLISH::paired_english::m15_190315_142052_cell1::IronClust::40,PAIRED_ENGLISH::paired_english::m15_190315_142052_cell1,PAIRED_ENGLISH,0.2679960401640503,0.4986715018749237,0.2306754617108734
main,fpos,source_plus_reduced_latent_fullctx_lightgbm_filtered,reduced_latent_stack_filtered,lightgbm,PAIRED_ENGLISH::paired_english::m15_190315_142052_cell1::KiloSort2::48,PAIRED_ENGLISH::paired_english::m15_190315_142052_cell1,PAIRED_ENGLISH,0.8627861694595232,0.43253210186958313,0.4302540675899401
main,fpos,source_plus_reduced_latent_fullctx_lightgbm_filtered,reduced_latent_stack_filtered,lightgbm,PAIRED_ENGLISH::paired_english::m15_190315_142052_cell1::MountainSort4::62,PAIRED_ENGLISH::paired_english::m15_190315_142052_cell1,PAIRED_ENGLISH,0.8769885383524361,0.4113715589046478,0.46561697944778824
main,fpos,source_plus_reduced_latent_fullctx_lightgbm_filtered,reduced_latent_stack_filtered,lightgbm,PAIRED_ENGLISH::paired_english::m15_190315_142052_cell1::MountainSort4::64,PAIRED_ENGLISH::paired_english::m15_190315_142052_cell1,PAIRED_ENGLISH,0.14704761904761904,0.12840762734413147,0.01863999170348757
main,fpos,source_plus_reduced_latent_fullctx_lightgbm_filtered,reduced_latent_stack_filtered,lightgbm,PAIRED_ENGLISH::paired_english::m15_190315_142052_cell1::SpykingCircus::22,PAIRED_ENGLISH::paired_english::m15_190315_142052_cell1,PAIRED_ENGLISH,0.23500526131182042,0.6618456840515137,0.42684042273969325
main,fpos,source_plus_reduced_latent_fullctx_lightgbm_filtered,reduced_latent_stack_filtered,lightgbm,PAIRED_ENGLISH::paired_english::m15_190315_142052_cell1::SpykingCircus::57,PAIRED_ENGLISH::paired_english::m15_190315_142052_cell1,PAIRED_ENGLISH,0.6499202551834131,0.32165735960006714,0.328262895583346
main,fpos,source_plus_reduced_latent_fullctx_lightgbm_filtered,reduced_latent_stack_filtered,lightgbm,PAIRED_ENGLISH::paired_english::m15_190315_152315_cell1::IronClust::35,PAIRED_ENGLISH::paired_english::m15_190315_152315_cell1,PAIRED_ENGLISH,0.002592440987856461,0.03938911482691765,0.03679667383906119
main,fpos,source_plus_reduced_latent_fullctx_lightgbm_filtered,reduced_latent_stack_filtered,lightgbm,PAIRED_ENGLISH::paired_english::m15_190315_152315_cell1::KiloSort2::37,PAIRED_ENGLISH::paired_english::m15_190315_152315_cell1,PAIRED_ENGLISH,0.00039059957034047265,0.053131312131881714,0.05274071256154124
main,fpos,source_plus_reduced_latent_fullctx_lightgbm_filtered,reduced_latent_stack_filtered,lightgbm,PAIRED_ENGLISH::paired_english::m15_190315_152315_cell1::KiloSort::1,PAIRED_ENGLISH::paired_english::m15_190315_152315_cell1,PAIRED_ENGLISH,6.528267397832615e-05,0.0767064094543457,0.07664112678036737
main,fpos,source_plus_reduced_latent_fullctx_lightgbm_filtered,reduced_latent_stack_filtered,lightgbm,PAIRED_ENGLISH::paired_english::m15_190315_152315_cell1::MountainSort4::72,PAIRED_ENGLISH::paired_english::m15_190315_152315_cell1,PAIRED_ENGLISH,0.052174468356855484,0.2844896912574768,0.23231522290062132
main,fpos,source_plus_reduced_latent_fullctx_lightgbm_filtered,reduced_latent_stack_filtered,lightgbm,PAIRED_ENGLISH::paired_english::m15_190315_152315_cell1::SpykingCircus::46,PAIRED_ENGLISH::paired_english::m15_190315_152315_cell1,PAIRED_ENGLISH,0.010891280531030483,0.0419166199862957,0.031025339455265217
main,fpos,source_plus_reduced_latent_fullctx_lightgbm_filtered,reduced_latent_stack_filtered,lightgbm,PAIRED_ENGLISH::paired_english::m15_190315_152315_cell1::Tridesclous::0,PAIRED_ENGLISH::paired_english::m15_190315_152315_cell1,PAIRED_ENGLISH,0.8482136225209834,0.5076342821121216,0.34057934040886184
main,fpos,source_plus_reduced_latent_fullctx_lightgbm_filtered,reduced_latent_stack_filtered,lightgbm,PAIRED_ENGLISH::paired_english::m26_190524_100859_cell1::KiloSort2::0,PAIRED_ENGLISH::paired_english::m26_190524_100859_cell1,PAIRED_ENGLISH,0.38315988647114474,0.2750840485095978,0.10807583796154696
main,fpos,source_plus_reduced_latent_fullctx_lightgbm_filtered,reduced_latent_stack_filtered,lightgbm,PAIRED_ENGLISH::paired_english::m26_190524_100859_cell1::KiloSort::19,PAIRED_ENGLISH::paired_english::m26_190524_100859_cell1,PAIRED_ENGLISH,0.2440677966101695,0.14212322235107422,0.10194457425909528
main,fpos,source_plus_reduced_latent_fullctx_lightgbm_filtered,reduced_latent_stack_filtered,lightgbm,PAIRED_ENGLISH::paired_english::m26_190524_100859_cell1::KiloSort::8,PAIRED_ENGLISH::paired_english::m26_190524_100859_cell1,PAIRED_ENGLISH,0.6505139500734214,0.2118225395679474,0.438691410505474
main,fpos,source_plus_reduced_latent_fullctx_lightgbm_filtered,reduced_latent_stack_filtered,lightgbm,PAIRED_ENGLISH::paired_english::m57_191105_141906::IronClust::6,PAIRED_ENGLISH::paired_english::m57_191105_141906,PAIRED_ENGLISH,0.31826625386996904,0.267941951751709,0.050324302118260056
main,fpos,source_plus_reduced_latent_fullctx_lightgbm_filtered,reduced_latent_stack_filtered,lightgbm,PAIRED_ENGLISH::paired_english::m57_191105_141906::KiloSort::47,PAIRED_ENGLISH::paired_english::m57_191105_141906,PAIRED_ENGLISH,0.35376344086021505,0.33438795804977417,0.01937548281044088
main,fpos,source_plus_reduced_latent_fullctx_lightgbm_filtered,reduced_latent_stack_filtered,lightgbm,PAIRED_ENGLISH::paired_english::m57_191105_141906::MountainSort4::21,PAIRED_ENGLISH::paired_english::m57_191105_141906,PAIRED_ENGLISH,0.3323335332933413,0.4967222809791565,0.16438874768581518
main,fpos,source_plus_reduced_latent_fullctx_lightgbm_filtered,reduced_latent_stack_filtered,lightgbm,PAIRED_ENGLISH::paired_english::m57_191105_141906::MountainSort4::57,PAIRED_ENGLISH::paired_english::m57_191105_141906,PAIRED_ENGLISH,0.23853211009174313,0.3035432696342468,0.0650111595425037
main,fpos,source_plus_reduced_latent_fullctx_lightgbm_filtered,reduced_latent_stack_filtered,lightgbm,PAIRED_ENGLISH::paired_english::m57_191105_141906::SpykingCircus::12,PAIRED_ENGLISH::paired_english::m57_191105_141906,PAIRED_ENGLISH,0.3535228677379481,0.23957493901252747,0.11394792872542064
main,fpos,source_plus_reduced_latent_fullctx_lightgbm_filtered,reduced_latent_stack_filtered,lightgbm,PAIRED_ENGLISH::paired_english::m57_191105_141906::SpykingCircus::30,PAIRED_ENGLISH::paired_english::m57_191105_141906,PAIRED_ENGLISH,0.2040332147093713,0.11831894516944885,0.08571426953992245
main,fpos,source_plus_reduced_latent_fullctx_lightgbm_filtered,reduced_latent_stack_filtered,lightgbm,PAIRED_ENGLISH::paired_english::m57_191105_160026::HerdingSpikes2::1,PAIRED_ENGLISH::paired_english::m57_191105_160026,PAIRED_ENGLISH,0.13630229419703105,0.28861749172210693,0.15231519752507588
main,fpos,source_plus_reduced_latent_fullctx_lightgbm_filtered,reduced_latent_stack_filtered,lightgbm,PAIRED_ENGLISH::paired_english::m57_191105_160026::IronClust::2,PAIRED_ENGLISH::paired_english::m57_191105_160026,PAIRED_ENGLISH,0.5044008124576845,0.188712939620018,0.3156878728376665
main,fpos,source_plus_reduced_latent_fullctx_lightgbm_filtered,reduced_latent_stack_filtered,lightgbm,PAIRED_ENGLISH::paired_english::m57_191105_160026::IronClust::3,PAIRED_ENGLISH::paired_english::m57_191105_160026,PAIRED_ENGLISH,0.05838815789473684,0.29238080978393555,0.2339926518891987
main,fpos,source_plus_reduced_latent_fullctx_lightgbm_filtered,reduced_latent_stack_filtered,lightgbm,PAIRED_ENGLISH::paired_english::m57_191105_160026::KiloSort::127,PAIRED_ENGLISH::paired_english::m57_191105_160026,PAIRED_ENGLISH,0.5003422313483915,0.1878848373889923,0.3124573939593992
main,fpos,source_plus_reduced_latent_fullctx_lightgbm_filtered,reduced_latent_stack_filtered,lightgbm,PAIRED_ENGLISH::paired_english::m57_191105_160026::KiloSort::6,PAIRED_ENGLISH::paired_english::m57_191105_160026,PAIRED_ENGLISH,0.02531645569620253,0.15640290081501007,0.13108644511880754
main,fpos,source_plus_reduced_latent_fullctx_lightgbm_filtered,reduced_latent_stack_filtered,lightgbm,PAIRED_ENGLISH::paired_english::m57_191105_160026::MountainSort4::23,PAIRED_ENGLISH::paired_english::m57_191105_160026,PAIRED_ENGLISH,0.6737967914438503,0.11129608005285263,0.5625007113909977
main,fpos,source_plus_reduced_latent_fullctx_lightgbm_filtered,reduced_latent_stack_filtered,lightgbm,PAIRED_ENGLISH::paired_english::m57_191105_160026::MountainSort4::25,PAIRED_ENGLISH::paired_english::m57_191105_160026,PAIRED_ENGLISH,0.14568081991215226,0.310425728559494,0.16474490864734176
main,fpos,source_plus_reduced_latent_fullctx_lightgbm_filtered,reduced_latent_stack_filtered,lightgbm,PAIRED_ENGLISH::paired_english::m57_191105_160026::SpykingCircus::2,PAIRED_ENGLISH::paired_english::m57_191105_160026,PAIRED_ENGLISH,0.6860282574568289,0.3461935818195343,0.33983467563729464
main,fpos,source_plus_reduced_latent_fullctx_lightgbm_filtered,reduced_latent_stack_filtered,lightgbm,PAIRED_ENGLISH::paired_english::m57_191105_160026::SpykingCircus::4,PAIRED_ENGLISH::paired_english::m57_191105_160026,PAIRED_ENGLISH,0.056790123456790124,0.23554393649101257,0.17875381303422244
main,fpos,source_plus_reduced_latent_fullctx_lightgbm_filtered,reduced_latent_stack_filtered,lightgbm,PAIRED_ENGLISH::paired_english::m57_191105_160026::Tridesclous::0,PAIRED_ENGLISH::paired_english::m57_191105_160026,PAIRED_ENGLISH,0.8589226823012093,0.5165221095085144,0.34240057279269487
main,fpos,source_plus_reduced_latent_fullctx_lightgbm_filtered,reduced_latent_stack_filtered,lightgbm,PAIRED_KAMPFF::paired_kampff::c14::HerdingSpikes2::6,PAIRED_KAMPFF::paired_kampff::c14,PAIRED_KAMPFF,0.25090444775484144,0.07767323404550552,0.17323121370933592
main,fpos,source_plus_reduced_latent_fullctx_lightgbm_filtered,reduced_latent_stack_filtered,lightgbm,PAIRED_KAMPFF::paired_kampff::c14::IronClust::22,PAIRED_KAMPFF::paired_kampff::c14,PAIRED_KAMPFF,0.2240655987795576,0.06847827881574631,0.15558731996381128
main,fpos,source_plus_reduced_latent_fullctx_lightgbm_filtered,reduced_latent_stack_filtered,lightgbm,PAIRED_KAMPFF::paired_kampff::c14::KiloSort2::37,PAIRED_KAMPFF::paired_kampff::c14,PAIRED_KAMPFF,0.23899885489939474,0.1237872764468193,0.11521157845257543
main,fpos,source_plus_reduced_latent_fullctx_lightgbm_filtered,reduced_latent_stack_filtered,lightgbm,PAIRED_KAMPFF::paired_kampff::c14::MountainSort4::42,PAIRED_KAMPFF::paired_kampff::c14,PAIRED_KAMPFF,0.031842105263157894,0.03004695475101471,0.0017951505121431843
main,fpos,source_plus_reduced_latent_fullctx_lightgbm_filtered,reduced_latent_stack_filtered,lightgbm,PAIRED_KAMPFF::paired_kampff::c14::SpykingCircus::14,PAIRED_KAMPFF::paired_kampff::c14,PAIRED_KAMPFF,0.0993841579953281,0.052578605711460114,0.046805552283867985
main,fpos,source_plus_reduced_latent_fullctx_lightgbm_filtered,reduced_latent_stack_filtered,lightgbm,PAIRED_KAMPFF::paired_kampff::c14::Tridesclous::8,PAIRED_KAMPFF::paired_kampff::c14,PAIRED_KAMPFF,0.7298130782302221,0.5684805512428284,0.16133252698739375
main,fpos,source_plus_reduced_latent_fullctx_lightgbm_filtered,reduced_latent_stack_filtered,lightgbm,PAIRED_MEA64C_YGER::paired_mea64c::20170622_patch1::HerdingSpikes2::19,PAIRED_MEA64C_YGER::paired_mea64c::20170622_patch1,PAIRED_MEA64C_YGER,0.3048016701461378,0.19690506160259247,0.10789660854354532
main,fpos,source_plus_reduced_latent_fullctx_lightgbm_filtered,reduced_latent_stack_filtered,lightgbm,PAIRED_MEA64C_YGER::paired_mea64c::20170622_patch1::HerdingSpikes2::7,PAIRED_MEA64C_YGER::paired_mea64c::20170622_patch1,PAIRED_MEA64C_YGER,0.006430868167202572,0.043419625610113144,0.03698875744291057
main,fpos,source_plus_reduced_latent_fullctx_lightgbm_filtered,reduced_latent_stack_filtered,lightgbm,PAIRED_MEA64C_YGER::paired_mea64c::20170622_patch1::IronClust::8,PAIRED_MEA64C_YGER::paired_mea64c::20170622_patch1,PAIRED_MEA64C_YGER,0.32512992968511156,0.14700947701931,0.17812045266580157
main,fpos,source_plus_reduced_latent_fullctx_lightgbm_filtered,reduced_latent_stack_filtered,lightgbm,PAIRED_MEA64C_YGER::paired_mea64c::20170622_patch1::KiloSort2::23,PAIRED_MEA64C_YGER::paired_mea64c::20170622_patch1,PAIRED_MEA64C_YGER,0.0,0.015080912970006466,0.015080912970006466
main,fpos,source_plus_reduced_latent_fullctx_lightgbm_filtered,reduced_latent_stack_filtered,lightgbm,PAIRED_MEA64C_YGER::paired_mea64c::20170622_patch1::KiloSort::64,PAIRED_MEA64C_YGER::paired_mea64c::20170622_patch1,PAIRED_MEA64C_YGER,0.00022805017103762827,0.013567094691097736,0.013339044520060107
main,fpos,source_plus_reduced_latent_fullctx_lightgbm_filtered,reduced_latent_stack_filtered,lightgbm,PAIRED_MEA64C_YGER::paired_mea64c::20170622_patch1::Klusta::4,PAIRED_MEA64C_YGER::paired_mea64c::20170622_patch1,PAIRED_MEA64C_YGER,0.0050424628450106155,0.022167151793837547,0.017124688948826933
main,fpos,source_plus_reduced_latent_fullctx_lightgbm_filtered,reduced_latent_stack_filtered,lightgbm,PAIRED_MEA64C_YGER::paired_mea64c::20170622_patch1::MountainSort4::43,PAIRED_MEA64C_YGER::paired_mea64c::20170622_patch1,PAIRED_MEA64C_YGER,0.0040494938132733405,0.017841383814811707,0.013791890001538366
main,fpos,source_plus_reduced_latent_fullctx_lightgbm_filtered,reduced_latent_stack_filtered,lightgbm,PAIRED_MEA64C_YGER::paired_mea64c::20170622_patch1::SpykingCircus::18,PAIRED_MEA64C_YGER::paired_mea64c::20170622_patch1,PAIRED_MEA64C_YGER,0.00022079929344226098,0.01739867962896824,0.017177880335525978
main,fpos,source_plus_reduced_latent_fullctx_lightgbm_filtered,reduced_latent_stack_filtered,lightgbm,PAIRED_MEA64C_YGER::paired_mea64c::20170622_patch1::Tridesclous::12,PAIRED_MEA64C_YGER::paired_mea64c::20170622_patch1,PAIRED_MEA64C_YGER,0.013830024537140308,0.018831918016076088,0.00500189347893578
main,fpos,source_plus_reduced_latent_fullctx_lightgbm_filtered,reduced_latent_stack_filtered,lightgbm,PAIRED_MEA64C_YGER::paired_mea64c::20170622_patch2::HerdingSpikes2::16,PAIRED_MEA64C_YGER::paired_mea64c::20170622_patch2,PAIRED_MEA64C_YGER,0.18683274021352314,0.08694934099912643,0.0998833992143967
main,fpos,source_plus_reduced_latent_fullctx_lightgbm_filtered,reduced_latent_stack_filtered,lightgbm,PAIRED_MEA64C_YGER::paired_mea64c::20170622_patch2::HerdingSpikes2::44,PAIRED_MEA64C_YGER::paired_mea64c::20170622_patch2,PAIRED_MEA64C_YGER,0.4028520499108734,0.12384569644927979,0.27900635346159364
main,fpos,source_plus_reduced_latent_fullctx_lightgbm_filtered,reduced_latent_stack_filtered,lightgbm,PAIRED_MEA64C_YGER::paired_mea64c::20170622_patch2::HerdingSpikes2::5,PAIRED_MEA64C_YGER::paired_mea64c::20170622_patch2,PAIRED_MEA64C_YGER,0.06115992970123023,0.006544201169162989,0.05461572853206724
main,fpos,source_plus_reduced_latent_fullctx_lightgbm_filtered,reduced_latent_stack_filtered,lightgbm,PAIRED_MEA64C_YGER::paired_mea64c::20170622_patch2::IronClust::11,PAIRED_MEA64C_YGER::paired_mea64c::20170622_patch2,PAIRED_MEA64C_YGER,0.061366806136680614,0.004970344249159098,0.056396461887521517
main,fpos,source_plus_reduced_latent_fullctx_lightgbm_filtered,reduced_latent_stack_filtered,lightgbm,PAIRED_MEA64C_YGER::paired_mea64c::20170622_patch2::JRClust::31,PAIRED_MEA64C_YGER::paired_mea64c::20170622_patch2,PAIRED_MEA64C_YGER,0.06118881118881119,0.003907929640263319,0.05728088154854787
main,fpos,source_plus_reduced_latent_fullctx_lightgbm_filtered,reduced_latent_stack_filtered,lightgbm,PAIRED_MEA64C_YGER::paired_mea64c::20170622_patch2::KiloSort2::33,PAIRED_MEA64C_YGER::paired_mea64c::20170622_patch2,PAIRED_MEA64C_YGER,0.061409630146545706,0.004309217445552349,0.05710041270099336
main,fpos,source_plus_reduced_latent_fullctx_lightgbm_filtered,reduced_latent_stack_filtered,lightgbm,PAIRED_MEA64C_YGER::paired_mea64c::20170622_patch2::KiloSort::5,PAIRED_MEA64C_YGER::paired_mea64c::20170622_patch2,PAIRED_MEA64C_YGER,0.06143106457242583,0.006503801792860031,0.0549272627795658
main,fpos,source_plus_reduced_latent_fullctx_lightgbm_filtered,reduced_latent_stack_filtered,lightgbm,PAIRED_MEA64C_YGER::paired_mea64c::20170622_patch2::Klusta::14,PAIRED_MEA64C_YGER::paired_mea64c::20170622_patch2,PAIRED_MEA64C_YGER,0.05860349127182045,0.0033547028433531523,0.055248788428467296
main,fpos,source_plus_reduced_latent_fullctx_lightgbm_filtered,reduced_latent_stack_filtered,lightgbm,PAIRED_MEA64C_YGER::paired_mea64c::20170622_patch2::MountainSort4::31,PAIRED_MEA64C_YGER::paired_mea64c::20170622_patch2,PAIRED_MEA64C_YGER,0.07713404182379156,0.01907302998006344,0.058061011843728125
main,fpos,source_plus_reduced_latent_fullctx_lightgbm_filtered,reduced_latent_stack_filtered,lightgbm,PAIRED_MEA64C_YGER::paired_mea64c::20170622_patch2::SpykingCircus::17,PAIRED_MEA64C_YGER::paired_mea64c::20170622_patch2,PAIRED_MEA64C_YGER,0.061366806136680614,0.005484380293637514,0.0558824258430431
main,fpos,source_plus_reduced_latent_fullctx_lightgbm_filtered,reduced_latent_stack_filtered,lightgbm,PAIRED_MEA64C_YGER::paired_mea64c::20170622_patch2::Tridesclous::0,PAIRED_MEA64C_YGER::paired_mea64c::20170622_patch2,PAIRED_MEA64C_YGER,0.061366806136680614,0.005724215414375067,0.05564259072230555
main,fpos,source_reweighted_fullctx_lightgbm_filtered,source_reweighted_stack_filtered,lightgbm,PAIRED_BOYDEN::paired_boyden32c::1103_1_1::IronClust::4,PAIRED_BOYDEN::paired_boyden32c::1103_1_1,PAIRED_BOYDEN,0.11363636363636363,0.24166660010814667,0.12803023647178302
main,fpos,source_reweighted_fullctx_lightgbm_filtered,source_reweighted_stack_filtered,lightgbm,PAIRED_BOYDEN::paired_boyden32c::1103_1_1::JRClust::18,PAIRED_BOYDEN::paired_boyden32c::1103_1_1,PAIRED_BOYDEN,0.26138147566718994,0.2981566786766052,0.03677520300941528
main,fpos,source_reweighted_fullctx_lightgbm_filtered,source_reweighted_stack_filtered,lightgbm,PAIRED_BOYDEN::paired_boyden32c::1103_1_1::KiloSort2::33,PAIRED_BOYDEN::paired_boyden32c::1103_1_1,PAIRED_BOYDEN,0.17066290550070523,0.2730371356010437,0.10237423010033847
main,fpos,source_reweighted_fullctx_lightgbm_filtered,source_reweighted_stack_filtered,lightgbm,PAIRED_BOYDEN::paired_boyden32c::1103_1_1::KiloSort2::55,PAIRED_BOYDEN::paired_boyden32c::1103_1_1,PAIRED_BOYDEN,0.3333333333333333,0.1625944972038269,0.1707388361295064
main,fpos,source_reweighted_fullctx_lightgbm_filtered,source_reweighted_stack_filtered,lightgbm,PAIRED_BOYDEN::paired_boyden32c::1103_1_1::KiloSort2::60,PAIRED_BOYDEN::paired_boyden32c::1103_1_1,PAIRED_BOYDEN,0.15878378378378377,0.08788901567459106,0.07089476810919271
main,fpos,source_reweighted_fullctx_lightgbm_filtered,source_reweighted_stack_filtered,lightgbm,PAIRED_BOYDEN::paired_boyden32c::1103_1_1::KiloSort::111,PAIRED_BOYDEN::paired_boyden32c::1103_1_1,PAIRED_BOYDEN,0.11241007194244604,0.28140202164649963,0.1689919497040536
main,fpos,source_reweighted_fullctx_lightgbm_filtered,source_reweighted_stack_filtered,lightgbm,PAIRED_BOYDEN::paired_boyden32c::1103_1_1::Klusta::12,PAIRED_BOYDEN::paired_boyden32c::1103_1_1,PAIRED_BOYDEN,0.156686626746507,0.23873059451580048,0.08204396776929349
main,fpos,source_reweighted_fullctx_lightgbm_filtered,source_reweighted_stack_filtered,lightgbm,PAIRED_BOYDEN::paired_boyden32c::1103_1_1::MountainSort4::26,PAIRED_BOYDEN::paired_boyden32c::1103_1_1,PAIRED_BOYDEN,0.30532212885154064,0.2803906202316284,0.024931508619912224
main,fpos,source_reweighted_fullctx_lightgbm_filtered,source_reweighted_stack_filtered,lightgbm,PAIRED_BOYDEN::paired_boyden32c::1103_1_1::SpykingCircus::27,PAIRED_BOYDEN::paired_boyden32c::1103_1_1,PAIRED_BOYDEN,0.12258064516129032,0.22419434785842896,0.10161370269713864
main,fpos,source_reweighted_fullctx_lightgbm_filtered,source_reweighted_stack_filtered,lightgbm,PAIRED_BOYDEN::paired_boyden32c::1103_1_1::Tridesclous::3,PAIRED_BOYDEN::paired_boyden32c::1103_1_1,PAIRED_BOYDEN,0.2613268608414239,0.45932236313819885,0.19799550229677493
main,fpos,source_reweighted_fullctx_lightgbm_filtered,source_reweighted_stack_filtered,lightgbm,PAIRED_BOYDEN::paired_boyden32c::419_1_8::IronClust::14,PAIRED_BOYDEN::paired_boyden32c::419_1_8,PAIRED_BOYDEN,0.0663265306122449,0.01438809558749199,0.05193843502475291
main,fpos,source_reweighted_fullctx_lightgbm_filtered,source_reweighted_stack_filtered,lightgbm,PAIRED_BOYDEN::paired_boyden32c::419_1_8::IronClust::4,PAIRED_BOYDEN::paired_boyden32c::419_1_8,PAIRED_BOYDEN,0.05829903978052126,0.06316059827804565,0.004861558497524392
main,fpos,source_reweighted_fullctx_lightgbm_filtered,source_reweighted_stack_filtered,lightgbm,PAIRED_BOYDEN::paired_boyden32c::419_1_8::JRClust::24,PAIRED_BOYDEN::paired_boyden32c::419_1_8,PAIRED_BOYDEN,0.08062093139709564,0.015389933250844479,0.06523099814625116
main,fpos,source_reweighted_fullctx_lightgbm_filtered,source_reweighted_stack_filtered,lightgbm,PAIRED_BOYDEN::paired_boyden32c::419_1_8::JRClust::8,PAIRED_BOYDEN::paired_boyden32c::419_1_8,PAIRED_BOYDEN,0.03907637655417407,0.015095424838364124,0.023980951715809946
main,fpos,source_reweighted_fullctx_lightgbm_filtered,source_reweighted_stack_filtered,lightgbm,PAIRED_BOYDEN::paired_boyden32c::419_1_8::KiloSort2::27,PAIRED_BOYDEN::paired_boyden32c::419_1_8,PAIRED_BOYDEN,0.1342059838895282,0.018162131309509277,0.11604385258001892
main,fpos,source_reweighted_fullctx_lightgbm_filtered,source_reweighted_stack_filtered,lightgbm,PAIRED_BOYDEN::paired_boyden32c::419_1_8::KiloSort2::46,PAIRED_BOYDEN::paired_boyden32c::419_1_8,PAIRED_BOYDEN,0.02341480088873697,0.018220506608486176,0.005194294280250793
main,fpos,source_reweighted_fullctx_lightgbm_filtered,source_reweighted_stack_filtered,lightgbm,PAIRED_BOYDEN::paired_boyden32c::419_1_8::KiloSort::17,PAIRED_BOYDEN::paired_boyden32c::419_1_8,PAIRED_BOYDEN,0.06424161521775405,0.009807218797504902,0.05443439642024915
main,fpos,source_reweighted_fullctx_lightgbm_filtered,source_reweighted_stack_filtered,lightgbm,PAIRED_BOYDEN::paired_boyden32c::419_1_8::MountainSort4::42,PAIRED_BOYDEN::paired_boyden32c::419_1_8,PAIRED_BOYDEN,0.16482219271063892,0.06346118450164795,0.10136100820899097
main,fpos,source_reweighted_fullctx_lightgbm_filtered,source_reweighted_stack_filtered,lightgbm,PAIRED_BOYDEN::paired_boyden32c::419_1_8::SpykingCircus::24,PAIRED_BOYDEN::paired_boyden32c::419_1_8,PAIRED_BOYDEN,0.24721080446271285,0.12727133929729462,0.11993946516541823
main,fpos,source_reweighted_fullctx_lightgbm_filtered,source_reweighted_stack_filtered,lightgbm,PAIRED_BOYDEN::paired_boyden32c::419_1_8::SpykingCircus::28,PAIRED_BOYDEN::paired_boyden32c::419_1_8,PAIRED_BOYDEN,0.029543112332531776,0.015312997624278069,0.014230114708253708
main,fpos,source_reweighted_fullctx_lightgbm_filtered,source_reweighted_stack_filtered,lightgbm,PAIRED_BOYDEN::paired_boyden32c::419_1_8::Tridesclous::0,PAIRED_BOYDEN::paired_boyden32c::419_1_8,PAIRED_BOYDEN,0.15585806056898133,0.09477389603853226,0.06108416453044907
main,fpos,source_reweighted_fullctx_lightgbm_filtered,source_reweighted_stack_filtered,lightgbm,PAIRED_CRCNS_HC1::paired_crcns::d11221_d11221.001::SpykingCircus::6,PAIRED_CRCNS_HC1::paired_crcns::d11221_d11221.001,PAIRED_CRCNS_HC1,0.8835978835978836,0.5182410478591919,0.3653568357386917
main,fpos,source_reweighted_fullctx_lightgbm_filtered,source_reweighted_stack_filtered,lightgbm,PAIRED_CRCNS_HC1::paired_crcns::d11222_d11222.002::IronClust::2,PAIRED_CRCNS_HC1::paired_crcns::d11222_d11222.002,PAIRED_CRCNS_HC1,0.04466019417475728,0.2095826417207718,0.1649224475460145
main,fpos,source_reweighted_fullctx_lightgbm_filtered,source_reweighted_stack_filtered,lightgbm,PAIRED_CRCNS_HC1::paired_crcns::d11222_d11222.002::JRClust::3,PAIRED_CRCNS_HC1::paired_crcns::d11222_d11222.002,PAIRED_CRCNS_HC1,0.039337474120082816,0.05520358681678772,0.015866112696704904
main,fpos,source_reweighted_fullctx_lightgbm_filtered,source_reweighted_stack_filtered,lightgbm,PAIRED_CRCNS_HC1::paired_crcns::d11222_d11222.002::KiloSort2::10,PAIRED_CRCNS_HC1::paired_crcns::d11222_d11222.002,PAIRED_CRCNS_HC1,0.550417469492614,0.08326387405395508,0.467153595438659
main,fpos,source_reweighted_fullctx_lightgbm_filtered,source_reweighted_stack_filtered,lightgbm,PAIRED_CRCNS_HC1::paired_crcns::d11222_d11222.002::KiloSort::1,PAIRED_CRCNS_HC1::paired_crcns::d11222_d11222.002,PAIRED_CRCNS_HC1,0.03337783711615487,0.09254848212003708,0.05917064500388221
main,fpos,source_reweighted_fullctx_lightgbm_filtered,source_reweighted_stack_filtered,lightgbm,PAIRED_CRCNS_HC1::paired_crcns::d11222_d11222.002::Klusta::2,PAIRED_CRCNS_HC1::paired_crcns::d11222_d11222.002,PAIRED_CRCNS_HC1,0.008777852802160702,0.09230305254459381,0.08352519974243311
main,fpos,source_reweighted_fullctx_lightgbm_filtered,source_reweighted_stack_filtered,lightgbm,PAIRED_CRCNS_HC1::paired_crcns::d11222_d11222.002::MountainSort4::4,PAIRED_CRCNS_HC1::paired_crcns::d11222_d11222.002,PAIRED_CRCNS_HC1,0.360427807486631,0.23196443915367126,0.12846336833295974
main,fpos,source_reweighted_fullctx_lightgbm_filtered,source_reweighted_stack_filtered,lightgbm,PAIRED_CRCNS_HC1::paired_crcns::d11222_d11222.002::SpykingCircus::4,PAIRED_CRCNS_HC1::paired_crcns::d11222_d11222.002,PAIRED_CRCNS_HC1,0.11986754966887417,0.07440111041069031,0.04546643925818386
main,fpos,source_reweighted_fullctx_lightgbm_filtered,source_reweighted_stack_filtered,lightgbm,PAIRED_CRCNS_HC1::paired_crcns::d11222_d11222.002::Tridesclous::0,PAIRED_CRCNS_HC1::paired_crcns::d11222_d11222.002,PAIRED_CRCNS_HC1,0.021164021164021163,0.12206780910491943,0.10090378794089827
main,fpos,source_reweighted_fullctx_lightgbm_filtered,source_reweighted_stack_filtered,lightgbm,PAIRED_ENGLISH::paired_english::m139_200114_191955::KiloSort2::25,PAIRED_ENGLISH::paired_english::m139_200114_191955,PAIRED_ENGLISH,0.7302739726027397,0.46434861421585083,0.2659253583868889
main,fpos,source_reweighted_fullctx_lightgbm_filtered,source_reweighted_stack_filtered,lightgbm,PAIRED_ENGLISH::paired_english::m139_200114_191955::MountainSort4::36,PAIRED_ENGLISH::paired_english::m139_200114_191955,PAIRED_ENGLISH,0.8735255086994986,0.7212187647819519,0.15230674391754673
main,fpos,source_reweighted_fullctx_lightgbm_filtered,source_reweighted_stack_filtered,lightgbm,PAIRED_ENGLISH::paired_english::m139_200114_191955::SpykingCircus::42,PAIRED_ENGLISH::paired_english::m139_200114_191955,PAIRED_ENGLISH,0.5584045584045584,0.38471296429634094,0.17369159410821744
main,fpos,source_reweighted_fullctx_lightgbm_filtered,source_reweighted_stack_filtered,lightgbm,PAIRED_ENGLISH::paired_english::m139_200114_222743::HerdingSpikes2::5,PAIRED_ENGLISH::paired_english::m139_200114_222743,PAIRED_ENGLISH,0.03257707969749855,0.16929413378238678,0.13671705408488824
main,fpos,source_reweighted_fullctx_lightgbm_filtered,source_reweighted_stack_filtered,lightgbm,PAIRED_ENGLISH::paired_english::m139_200114_222743::IronClust::17,PAIRED_ENGLISH::paired_english::m139_200114_222743,PAIRED_ENGLISH,0.02675196277987787,0.1522931456565857,0.12554118287670782
main,fpos,source_reweighted_fullctx_lightgbm_filtered,source_reweighted_stack_filtered,lightgbm,PAIRED_ENGLISH::paired_english::m139_200114_222743::KiloSort2::26,PAIRED_ENGLISH::paired_english::m139_200114_222743,PAIRED_ENGLISH,0.028645087367516472,0.13669656217098236,0.10805147480346589
main,fpos,source_reweighted_fullctx_lightgbm_filtered,source_reweighted_stack_filtered,lightgbm,PAIRED_ENGLISH::paired_english::m139_200114_222743::KiloSort::88,PAIRED_ENGLISH::paired_english::m139_200114_222743,PAIRED_ENGLISH,0.015151515151515152,0.15514089167118073,0.1399893765196656
main,fpos,source_reweighted_fullctx_lightgbm_filtered,source_reweighted_stack_filtered,lightgbm,PAIRED_ENGLISH::paired_english::m139_200114_222743::MountainSort4::46,PAIRED_ENGLISH::paired_english::m139_200114_222743,PAIRED_ENGLISH,0.039886039886039885,0.3354506492614746,0.2955646093754347
main,fpos,source_reweighted_fullctx_lightgbm_filtered,source_reweighted_stack_filtered,lightgbm,PAIRED_ENGLISH::paired_english::m139_200114_222743::SpykingCircus::44,PAIRED_ENGLISH::paired_english::m139_200114_222743,PAIRED_ENGLISH,0.028064146620847653,0.10527124255895615,0.0772070959381085
main,fpos,source_reweighted_fullctx_lightgbm_filtered,source_reweighted_stack_filtered,lightgbm,PAIRED_ENGLISH::paired_english::m139_200114_222743::Tridesclous::1,PAIRED_ENGLISH::paired_english::m139_200114_222743,PAIRED_ENGLISH,0.3089646722483153,0.4072026312351227,0.09823795898680737
main,fpos,source_reweighted_fullctx_lightgbm_filtered,source_reweighted_stack_filtered,lightgbm,PAIRED_ENGLISH::paired_english::m14_190326_155432::IronClust::22,PAIRED_ENGLISH::paired_english::m14_190326_155432,PAIRED_ENGLISH,0.0481651376146789,0.030399760231375694,0.017765377383303207
main,fpos,source_reweighted_fullctx_lightgbm_filtered,source_reweighted_stack_filtered,lightgbm,PAIRED_ENGLISH::paired_english::m14_190326_155432::MountainSort4::33,PAIRED_ENGLISH::paired_english::m14_190326_155432,PAIRED_ENGLISH,0.1981651376146789,0.1955232471227646,0.0026418904919143227
main,fpos,source_reweighted_fullctx_lightgbm_filtered,source_reweighted_stack_filtered,lightgbm,PAIRED_ENGLISH::paired_english::m14_190326_155432::SpykingCircus::38,PAIRED_ENGLISH::paired_english::m14_190326_155432,PAIRED_ENGLISH,0.013363028953229399,0.03903655707836151,0.025673528125132114
main,fpos,source_reweighted_fullctx_lightgbm_filtered,source_reweighted_stack_filtered,lightgbm,PAIRED_ENGLISH::paired_english::m15_190315_142052_cell1::IronClust::40,PAIRED_ENGLISH::paired_english::m15_190315_142052_cell1,PAIRED_ENGLISH,0.2679960401640503,0.5631589889526367,0.2951629487885864
main,fpos,source_reweighted_fullctx_lightgbm_filtered,source_reweighted_stack_filtered,lightgbm,PAIRED_ENGLISH::paired_english::m15_190315_142052_cell1::KiloSort2::48,PAIRED_ENGLISH::paired_english::m15_190315_142052_cell1,PAIRED_ENGLISH,0.8627861694595232,0.4420677721500397,0.42071839730948357
main,fpos,source_reweighted_fullctx_lightgbm_filtered,source_reweighted_stack_filtered,lightgbm,PAIRED_ENGLISH::paired_english::m15_190315_142052_cell1::MountainSort4::62,PAIRED_ENGLISH::paired_english::m15_190315_142052_cell1,PAIRED_ENGLISH,0.8769885383524361,0.45458322763442993,0.42240531071800613
main,fpos,source_reweighted_fullctx_lightgbm_filtered,source_reweighted_stack_filtered,lightgbm,PAIRED_ENGLISH::paired_english::m15_190315_142052_cell1::MountainSort4::64,PAIRED_ENGLISH::paired_english::m15_190315_142052_cell1,PAIRED_ENGLISH,0.14704761904761904,0.11543787270784378,0.03160974633977526
main,fpos,source_reweighted_fullctx_lightgbm_filtered,source_reweighted_stack_filtered,lightgbm,PAIRED_ENGLISH::paired_english::m15_190315_142052_cell1::SpykingCircus::22,PAIRED_ENGLISH::paired_english::m15_190315_142052_cell1,PAIRED_ENGLISH,0.23500526131182042,0.6849923133850098,0.44998705207318934
main,fpos,source_reweighted_fullctx_lightgbm_filtered,source_reweighted_stack_filtered,lightgbm,PAIRED_ENGLISH::paired_english::m15_190315_142052_cell1::SpykingCircus::57,PAIRED_ENGLISH::paired_english::m15_190315_142052_cell1,PAIRED_ENGLISH,0.6499202551834131,0.2948611378669739,0.35505911731643924
main,fpos,source_reweighted_fullctx_lightgbm_filtered,source_reweighted_stack_filtered,lightgbm,PAIRED_ENGLISH::paired_english::m15_190315_152315_cell1::IronClust::35,PAIRED_ENGLISH::paired_english::m15_190315_152315_cell1,PAIRED_ENGLISH,0.002592440987856461,0.0588393472135067,0.05624690622565024
main,fpos,source_reweighted_fullctx_lightgbm_filtered,source_reweighted_stack_filtered,lightgbm,PAIRED_ENGLISH::paired_english::m15_190315_152315_cell1::KiloSort2::37,PAIRED_ENGLISH::paired_english::m15_190315_152315_cell1,PAIRED_ENGLISH,0.00039059957034047265,0.07736668735742569,0.07697608778708522
main,fpos,source_reweighted_fullctx_lightgbm_filtered,source_reweighted_stack_filtered,lightgbm,PAIRED_ENGLISH::paired_english::m15_190315_152315_cell1::KiloSort::1,PAIRED_ENGLISH::paired_english::m15_190315_152315_cell1,PAIRED_ENGLISH,6.528267397832615e-05,0.0904076099395752,0.09034232726559686
main,fpos,source_reweighted_fullctx_lightgbm_filtered,source_reweighted_stack_filtered,lightgbm,PAIRED_ENGLISH::paired_english::m15_190315_152315_cell1::MountainSort4::72,PAIRED_ENGLISH::paired_english::m15_190315_152315_cell1,PAIRED_ENGLISH,0.052174468356855484,0.3364519476890564,0.28427747933220093
main,fpos,source_reweighted_fullctx_lightgbm_filtered,source_reweighted_stack_filtered,lightgbm,PAIRED_ENGLISH::paired_english::m15_190315_152315_cell1::SpykingCircus::46,PAIRED_ENGLISH::paired_english::m15_190315_152315_cell1,PAIRED_ENGLISH,0.010891280531030483,0.06270621716976166,0.05181493663873117
main,fpos,source_reweighted_fullctx_lightgbm_filtered,source_reweighted_stack_filtered,lightgbm,PAIRED_ENGLISH::paired_english::m15_190315_152315_cell1::Tridesclous::0,PAIRED_ENGLISH::paired_english::m15_190315_152315_cell1,PAIRED_ENGLISH,0.8482136225209834,0.5460368394851685,0.30217678303581497
main,fpos,source_reweighted_fullctx_lightgbm_filtered,source_reweighted_stack_filtered,lightgbm,PAIRED_ENGLISH::paired_english::m26_190524_100859_cell1::KiloSort2::0,PAIRED_ENGLISH::paired_english::m26_190524_100859_cell1,PAIRED_ENGLISH,0.38315988647114474,0.2629013955593109,0.12025849091183383
main,fpos,source_reweighted_fullctx_lightgbm_filtered,source_reweighted_stack_filtered,lightgbm,PAIRED_ENGLISH::paired_english::m26_190524_100859_cell1::KiloSort::19,PAIRED_ENGLISH::paired_english::m26_190524_100859_cell1,PAIRED_ENGLISH,0.2440677966101695,0.15629567205905914,0.08777212455111036
main,fpos,source_reweighted_fullctx_lightgbm_filtered,source_reweighted_stack_filtered,lightgbm,PAIRED_ENGLISH::paired_english::m26_190524_100859_cell1::KiloSort::8,PAIRED_ENGLISH::paired_english::m26_190524_100859_cell1,PAIRED_ENGLISH,0.6505139500734214,0.23196731507778168,0.4185466349956397
main,fpos,source_reweighted_fullctx_lightgbm_filtered,source_reweighted_stack_filtered,lightgbm,PAIRED_ENGLISH::paired_english::m57_191105_141906::IronClust::6,PAIRED_ENGLISH::paired_english::m57_191105_141906,PAIRED_ENGLISH,0.31826625386996904,0.2935836911201477,0.024682562749821335
main,fpos,source_reweighted_fullctx_lightgbm_filtered,source_reweighted_stack_filtered,lightgbm,PAIRED_ENGLISH::paired_english::m57_191105_141906::KiloSort::47,PAIRED_ENGLISH::paired_english::m57_191105_141906,PAIRED_ENGLISH,0.35376344086021505,0.3504331409931183,0.0033302998670967643
main,fpos,source_reweighted_fullctx_lightgbm_filtered,source_reweighted_stack_filtered,lightgbm,PAIRED_ENGLISH::paired_english::m57_191105_141906::MountainSort4::21,PAIRED_ENGLISH::paired_english::m57_191105_141906,PAIRED_ENGLISH,0.3323335332933413,0.5780017971992493,0.24566826390590796
main,fpos,source_reweighted_fullctx_lightgbm_filtered,source_reweighted_stack_filtered,lightgbm,PAIRED_ENGLISH::paired_english::m57_191105_141906::MountainSort4::57,PAIRED_ENGLISH::paired_english::m57_191105_141906,PAIRED_ENGLISH,0.23853211009174313,0.282703697681427,0.04417158758968387
main,fpos,source_reweighted_fullctx_lightgbm_filtered,source_reweighted_stack_filtered,lightgbm,PAIRED_ENGLISH::paired_english::m57_191105_141906::SpykingCircus::12,PAIRED_ENGLISH::paired_english::m57_191105_141906,PAIRED_ENGLISH,0.3535228677379481,0.28232812881469727,0.07119473892325084
main,fpos,source_reweighted_fullctx_lightgbm_filtered,source_reweighted_stack_filtered,lightgbm,PAIRED_ENGLISH::paired_english::m57_191105_141906::SpykingCircus::30,PAIRED_ENGLISH::paired_english::m57_191105_141906,PAIRED_ENGLISH,0.2040332147093713,0.14479905366897583,0.05923416104039547
main,fpos,source_reweighted_fullctx_lightgbm_filtered,source_reweighted_stack_filtered,lightgbm,PAIRED_ENGLISH::paired_english::m57_191105_160026::HerdingSpikes2::1,PAIRED_ENGLISH::paired_english::m57_191105_160026,PAIRED_ENGLISH,0.13630229419703105,0.3591064214706421,0.22280412727361104
main,fpos,source_reweighted_fullctx_lightgbm_filtered,source_reweighted_stack_filtered,lightgbm,PAIRED_ENGLISH::paired_english::m57_191105_160026::IronClust::2,PAIRED_ENGLISH::paired_english::m57_191105_160026,PAIRED_ENGLISH,0.5044008124576845,0.2348046898841858,0.26959612257349874
main,fpos,source_reweighted_fullctx_lightgbm_filtered,source_reweighted_stack_filtered,lightgbm,PAIRED_ENGLISH::paired_english::m57_191105_160026::IronClust::3,PAIRED_ENGLISH::paired_english::m57_191105_160026,PAIRED_ENGLISH,0.05838815789473684,0.3711779713630676,0.3127898134683308
main,fpos,source_reweighted_fullctx_lightgbm_filtered,source_reweighted_stack_filtered,lightgbm,PAIRED_ENGLISH::paired_english::m57_191105_160026::KiloSort::127,PAIRED_ENGLISH::paired_english::m57_191105_160026,PAIRED_ENGLISH,0.5003422313483915,0.22693085670471191,0.2734113746436796
main,fpos,source_reweighted_fullctx_lightgbm_filtered,source_reweighted_stack_filtered,lightgbm,PAIRED_ENGLISH::paired_english::m57_191105_160026::KiloSort::6,PAIRED_ENGLISH::paired_english::m57_191105_160026,PAIRED_ENGLISH,0.02531645569620253,0.21892105042934418,0.19360459473314165
main,fpos,source_reweighted_fullctx_lightgbm_filtered,source_reweighted_stack_filtered,lightgbm,PAIRED_ENGLISH::paired_english::m57_191105_160026::MountainSort4::23,PAIRED_ENGLISH::paired_english::m57_191105_160026,PAIRED_ENGLISH,0.6737967914438503,0.1528031826019287,0.5209936088419216
main,fpos,source_reweighted_fullctx_lightgbm_filtered,source_reweighted_stack_filtered,lightgbm,PAIRED_ENGLISH::paired_english::m57_191105_160026::MountainSort4::25,PAIRED_ENGLISH::paired_english::m57_191105_160026,PAIRED_ENGLISH,0.14568081991215226,0.40148037672042847,0.2557995568082762
main,fpos,source_reweighted_fullctx_lightgbm_filtered,source_reweighted_stack_filtered,lightgbm,PAIRED_ENGLISH::paired_english::m57_191105_160026::SpykingCircus::2,PAIRED_ENGLISH::paired_english::m57_191105_160026,PAIRED_ENGLISH,0.6860282574568289,0.445610374212265,0.24041788324456392
main,fpos,source_reweighted_fullctx_lightgbm_filtered,source_reweighted_stack_filtered,lightgbm,PAIRED_ENGLISH::paired_english::m57_191105_160026::SpykingCircus::4,PAIRED_ENGLISH::paired_english::m57_191105_160026,PAIRED_ENGLISH,0.056790123456790124,0.3231157064437866,0.2663255829869965
main,fpos,source_reweighted_fullctx_lightgbm_filtered,source_reweighted_stack_filtered,lightgbm,PAIRED_ENGLISH::paired_english::m57_191105_160026::Tridesclous::0,PAIRED_ENGLISH::paired_english::m57_191105_160026,PAIRED_ENGLISH,0.8589226823012093,0.5813404321670532,0.27758225013415605
main,fpos,source_reweighted_fullctx_lightgbm_filtered,source_reweighted_stack_filtered,lightgbm,PAIRED_KAMPFF::paired_kampff::c14::HerdingSpikes2::6,PAIRED_KAMPFF::paired_kampff::c14,PAIRED_KAMPFF,0.25090444775484144,0.07938003540039062,0.17152441235445082
main,fpos,source_reweighted_fullctx_lightgbm_filtered,source_reweighted_stack_filtered,lightgbm,PAIRED_KAMPFF::paired_kampff::c14::IronClust::22,PAIRED_KAMPFF::paired_kampff::c14,PAIRED_KAMPFF,0.2240655987795576,0.07481882721185684,0.14924677156770075
main,fpos,source_reweighted_fullctx_lightgbm_filtered,source_reweighted_stack_filtered,lightgbm,PAIRED_KAMPFF::paired_kampff::c14::KiloSort2::37,PAIRED_KAMPFF::paired_kampff::c14,PAIRED_KAMPFF,0.23899885489939474,0.16396109759807587,0.07503775730131887
main,fpos,source_reweighted_fullctx_lightgbm_filtered,source_reweighted_stack_filtered,lightgbm,PAIRED_KAMPFF::paired_kampff::c14::MountainSort4::42,PAIRED_KAMPFF::paired_kampff::c14,PAIRED_KAMPFF,0.031842105263157894,0.030038075521588326,0.0018040297415695683
main,fpos,source_reweighted_fullctx_lightgbm_filtered,source_reweighted_stack_filtered,lightgbm,PAIRED_KAMPFF::paired_kampff::c14::SpykingCircus::14,PAIRED_KAMPFF::paired_kampff::c14,PAIRED_KAMPFF,0.0993841579953281,0.05425377935171127,0.045130378643616825
main,fpos,source_reweighted_fullctx_lightgbm_filtered,source_reweighted_stack_filtered,lightgbm,PAIRED_KAMPFF::paired_kampff::c14::Tridesclous::8,PAIRED_KAMPFF::paired_kampff::c14,PAIRED_KAMPFF,0.7298130782302221,0.5757653713226318,0.1540477069075903
main,fpos,source_reweighted_fullctx_lightgbm_filtered,source_reweighted_stack_filtered,lightgbm,PAIRED_MEA64C_YGER::paired_mea64c::20170622_patch1::HerdingSpikes2::19,PAIRED_MEA64C_YGER::paired_mea64c::20170622_patch1,PAIRED_MEA64C_YGER,0.3048016701461378,0.22146181762218475,0.08333985252395304
main,fpos,source_reweighted_fullctx_lightgbm_filtered,source_reweighted_stack_filtered,lightgbm,PAIRED_MEA64C_YGER::paired_mea64c::20170622_patch1::HerdingSpikes2::7,PAIRED_MEA64C_YGER::paired_mea64c::20170622_patch1,PAIRED_MEA64C_YGER,0.006430868167202572,0.05126901715993881,0.04483814899273624
main,fpos,source_reweighted_fullctx_lightgbm_filtered,source_reweighted_stack_filtered,lightgbm,PAIRED_MEA64C_YGER::paired_mea64c::20170622_patch1::IronClust::8,PAIRED_MEA64C_YGER::paired_mea64c::20170622_patch1,PAIRED_MEA64C_YGER,0.32512992968511156,0.16069872677326202,0.16443120291184954
main,fpos,source_reweighted_fullctx_lightgbm_filtered,source_reweighted_stack_filtered,lightgbm,PAIRED_MEA64C_YGER::paired_mea64c::20170622_patch1::KiloSort2::23,PAIRED_MEA64C_YGER::paired_mea64c::20170622_patch1,PAIRED_MEA64C_YGER,0.0,0.02395426295697689,0.02395426295697689
main,fpos,source_reweighted_fullctx_lightgbm_filtered,source_reweighted_stack_filtered,lightgbm,PAIRED_MEA64C_YGER::paired_mea64c::20170622_patch1::KiloSort::64,PAIRED_MEA64C_YGER::paired_mea64c::20170622_patch1,PAIRED_MEA64C_YGER,0.00022805017103762827,0.018651282414793968,0.01842323224375634
main,fpos,source_reweighted_fullctx_lightgbm_filtered,source_reweighted_stack_filtered,lightgbm,PAIRED_MEA64C_YGER::paired_mea64c::20170622_patch1::Klusta::4,PAIRED_MEA64C_YGER::paired_mea64c::20170622_patch1,PAIRED_MEA64C_YGER,0.0050424628450106155,0.028288230299949646,0.02324576745493903
main,fpos,source_reweighted_fullctx_lightgbm_filtered,source_reweighted_stack_filtered,lightgbm,PAIRED_MEA64C_YGER::paired_mea64c::20170622_patch1::MountainSort4::43,PAIRED_MEA64C_YGER::paired_mea64c::20170622_patch1,PAIRED_MEA64C_YGER,0.0040494938132733405,0.02083224058151245,0.016782746768239112
main,fpos,source_reweighted_fullctx_lightgbm_filtered,source_reweighted_stack_filtered,lightgbm,PAIRED_MEA64C_YGER::paired_mea64c::20170622_patch1::SpykingCircus::18,PAIRED_MEA64C_YGER::paired_mea64c::20170622_patch1,PAIRED_MEA64C_YGER,0.00022079929344226098,0.019802898168563843,0.019582098875121582
main,fpos,source_reweighted_fullctx_lightgbm_filtered,source_reweighted_stack_filtered,lightgbm,PAIRED_MEA64C_YGER::paired_mea64c::20170622_patch1::Tridesclous::12,PAIRED_MEA64C_YGER::paired_mea64c::20170622_patch1,PAIRED_MEA64C_YGER,0.013830024537140308,0.025451920926570892,0.011621896389430585
main,fpos,source_reweighted_fullctx_lightgbm_filtered,source_reweighted_stack_filtered,lightgbm,PAIRED_MEA64C_YGER::paired_mea64c::20170622_patch2::HerdingSpikes2::16,PAIRED_MEA64C_YGER::paired_mea64c::20170622_patch2,PAIRED_MEA64C_YGER,0.18683274021352314,0.10020270943641663,0.08663003077710651
main,fpos,source_reweighted_fullctx_lightgbm_filtered,source_reweighted_stack_filtered,lightgbm,PAIRED_MEA64C_YGER::paired_mea64c::20170622_patch2::HerdingSpikes2::44,PAIRED_MEA64C_YGER::paired_mea64c::20170622_patch2,PAIRED_MEA64C_YGER,0.4028520499108734,0.1577429324388504,0.24510911747202302
main,fpos,source_reweighted_fullctx_lightgbm_filtered,source_reweighted_stack_filtered,lightgbm,PAIRED_MEA64C_YGER::paired_mea64c::20170622_patch2::HerdingSpikes2::5,PAIRED_MEA64C_YGER::paired_mea64c::20170622_patch2,PAIRED_MEA64C_YGER,0.06115992970123023,0.005922197364270687,0.05523773233695954
main,fpos,source_reweighted_fullctx_lightgbm_filtered,source_reweighted_stack_filtered,lightgbm,PAIRED_MEA64C_YGER::paired_mea64c::20170622_patch2::IronClust::11,PAIRED_MEA64C_YGER::paired_mea64c::20170622_patch2,PAIRED_MEA64C_YGER,0.061366806136680614,0.004520247224718332,0.05684655891196228
main,fpos,source_reweighted_fullctx_lightgbm_filtered,source_reweighted_stack_filtered,lightgbm,PAIRED_MEA64C_YGER::paired_mea64c::20170622_patch2::JRClust::31,PAIRED_MEA64C_YGER::paired_mea64c::20170622_patch2,PAIRED_MEA64C_YGER,0.06118881118881119,0.0036610306706279516,0.05752778051818324
main,fpos,source_reweighted_fullctx_lightgbm_filtered,source_reweighted_stack_filtered,lightgbm,PAIRED_MEA64C_YGER::paired_mea64c::20170622_patch2::KiloSort2::33,PAIRED_MEA64C_YGER::paired_mea64c::20170622_patch2,PAIRED_MEA64C_YGER,0.061409630146545706,0.004424847662448883,0.05698478248409682
main,fpos,source_reweighted_fullctx_lightgbm_filtered,source_reweighted_stack_filtered,lightgbm,PAIRED_MEA64C_YGER::paired_mea64c::20170622_patch2::KiloSort::5,PAIRED_MEA64C_YGER::paired_mea64c::20170622_patch2,PAIRED_MEA64C_YGER,0.06143106457242583,0.0055021564476192,0.05592890812480663
main,fpos,source_reweighted_fullctx_lightgbm_filtered,source_reweighted_stack_filtered,lightgbm,PAIRED_MEA64C_YGER::paired_mea64c::20170622_patch2::Klusta::14,PAIRED_MEA64C_YGER::paired_mea64c::20170622_patch2,PAIRED_MEA64C_YGER,0.05860349127182045,0.0036697236355394125,0.054933767636281036
main,fpos,source_reweighted_fullctx_lightgbm_filtered,source_reweighted_stack_filtered,lightgbm,PAIRED_MEA64C_YGER::paired_mea64c::20170622_patch2::MountainSort4::31,PAIRED_MEA64C_YGER::paired_mea64c::20170622_patch2,PAIRED_MEA64C_YGER,0.07713404182379156,0.01952788233757019,0.05760615948622137
main,fpos,source_reweighted_fullctx_lightgbm_filtered,source_reweighted_stack_filtered,lightgbm,PAIRED_MEA64C_YGER::paired_mea64c::20170622_patch2::SpykingCircus::17,PAIRED_MEA64C_YGER::paired_mea64c::20170622_patch2,PAIRED_MEA64C_YGER,0.061366806136680614,0.005200766026973724,0.05616604010970689
main,fpos,source_reweighted_fullctx_lightgbm_filtered,source_reweighted_stack_filtered,lightgbm,PAIRED_MEA64C_YGER::paired_mea64c::20170622_patch2::Tridesclous::0,PAIRED_MEA64C_YGER::paired_mea64c::20170622_patch2,PAIRED_MEA64C_YGER,0.061366806136680614,0.005633693654090166,0.05573311248259045
main,fpos,study_embed_nommd_fullctx_lightgbm_filtered,study_embedding_stack_filtered,lightgbm,PAIRED_BOYDEN::paired_boyden32c::1103_1_1::IronClust::4,PAIRED_BOYDEN::paired_boyden32c::1103_1_1,PAIRED_BOYDEN,0.11363636363636363,0.28754040598869324,0.1739040423523296
main,fpos,study_embed_nommd_fullctx_lightgbm_filtered,study_embedding_stack_filtered,lightgbm,PAIRED_BOYDEN::paired_boyden32c::1103_1_1::JRClust::18,PAIRED_BOYDEN::paired_boyden32c::1103_1_1,PAIRED_BOYDEN,0.26138147566718994,0.3083847463130951,0.04700327064590515
main,fpos,study_embed_nommd_fullctx_lightgbm_filtered,study_embedding_stack_filtered,lightgbm,PAIRED_BOYDEN::paired_boyden32c::1103_1_1::KiloSort2::33,PAIRED_BOYDEN::paired_boyden32c::1103_1_1,PAIRED_BOYDEN,0.17066290550070523,0.27755627036094666,0.10689336486024142
main,fpos,study_embed_nommd_fullctx_lightgbm_filtered,study_embedding_stack_filtered,lightgbm,PAIRED_BOYDEN::paired_boyden32c::1103_1_1::KiloSort2::55,PAIRED_BOYDEN::paired_boyden32c::1103_1_1,PAIRED_BOYDEN,0.3333333333333333,0.1725742518901825,0.16075908144315082
main,fpos,study_embed_nommd_fullctx_lightgbm_filtered,study_embedding_stack_filtered,lightgbm,PAIRED_BOYDEN::paired_boyden32c::1103_1_1::KiloSort2::60,PAIRED_BOYDEN::paired_boyden32c::1103_1_1,PAIRED_BOYDEN,0.15878378378378377,0.15514793992042542,0.0036358438633583567
main,fpos,study_embed_nommd_fullctx_lightgbm_filtered,study_embedding_stack_filtered,lightgbm,PAIRED_BOYDEN::paired_boyden32c::1103_1_1::KiloSort::111,PAIRED_BOYDEN::paired_boyden32c::1103_1_1,PAIRED_BOYDEN,0.11241007194244604,0.2984423339366913,0.18603226199424525
main,fpos,study_embed_nommd_fullctx_lightgbm_filtered,study_embedding_stack_filtered,lightgbm,PAIRED_BOYDEN::paired_boyden32c::1103_1_1::Klusta::12,PAIRED_BOYDEN::paired_boyden32c::1103_1_1,PAIRED_BOYDEN,0.156686626746507,0.2662335932254791,0.10954696647897214
main,fpos,study_embed_nommd_fullctx_lightgbm_filtered,study_embedding_stack_filtered,lightgbm,PAIRED_BOYDEN::paired_boyden32c::1103_1_1::MountainSort4::26,PAIRED_BOYDEN::paired_boyden32c::1103_1_1,PAIRED_BOYDEN,0.30532212885154064,0.32074010372161865,0.01541797487007801
main,fpos,study_embed_nommd_fullctx_lightgbm_filtered,study_embedding_stack_filtered,lightgbm,PAIRED_BOYDEN::paired_boyden32c::1103_1_1::SpykingCircus::27,PAIRED_BOYDEN::paired_boyden32c::1103_1_1,PAIRED_BOYDEN,0.12258064516129032,0.215640127658844,0.09305948249755368
main,fpos,study_embed_nommd_fullctx_lightgbm_filtered,study_embedding_stack_filtered,lightgbm,PAIRED_BOYDEN::paired_boyden32c::1103_1_1::Tridesclous::3,PAIRED_BOYDEN::paired_boyden32c::1103_1_1,PAIRED_BOYDEN,0.2613268608414239,0.44908607006073,0.18775920921930606
main,fpos,study_embed_nommd_fullctx_lightgbm_filtered,study_embedding_stack_filtered,lightgbm,PAIRED_BOYDEN::paired_boyden32c::419_1_8::IronClust::14,PAIRED_BOYDEN::paired_boyden32c::419_1_8,PAIRED_BOYDEN,0.0663265306122449,0.013730504550039768,0.052596026062205134
main,fpos,study_embed_nommd_fullctx_lightgbm_filtered,study_embedding_stack_filtered,lightgbm,PAIRED_BOYDEN::paired_boyden32c::419_1_8::IronClust::4,PAIRED_BOYDEN::paired_boyden32c::419_1_8,PAIRED_BOYDEN,0.05829903978052126,0.07250544428825378,0.014206404507732522
main,fpos,study_embed_nommd_fullctx_lightgbm_filtered,study_embedding_stack_filtered,lightgbm,PAIRED_BOYDEN::paired_boyden32c::419_1_8::JRClust::24,PAIRED_BOYDEN::paired_boyden32c::419_1_8,PAIRED_BOYDEN,0.08062093139709564,0.017632218077778816,0.06298871331931682
main,fpos,study_embed_nommd_fullctx_lightgbm_filtered,study_embedding_stack_filtered,lightgbm,PAIRED_BOYDEN::paired_boyden32c::419_1_8::JRClust::8,PAIRED_BOYDEN::paired_boyden32c::419_1_8,PAIRED_BOYDEN,0.03907637655417407,0.024941198527812958,0.014135178026361113
main,fpos,study_embed_nommd_fullctx_lightgbm_filtered,study_embedding_stack_filtered,lightgbm,PAIRED_BOYDEN::paired_boyden32c::419_1_8::KiloSort2::27,PAIRED_BOYDEN::paired_boyden32c::419_1_8,PAIRED_BOYDEN,0.1342059838895282,0.02069021202623844,0.11351577186328976
main,fpos,study_embed_nommd_fullctx_lightgbm_filtered,study_embedding_stack_filtered,lightgbm,PAIRED_BOYDEN::paired_boyden32c::419_1_8::KiloSort2::46,PAIRED_BOYDEN::paired_boyden32c::419_1_8,PAIRED_BOYDEN,0.02341480088873697,0.02865263633430004,0.005237835445563072
main,fpos,study_embed_nommd_fullctx_lightgbm_filtered,study_embedding_stack_filtered,lightgbm,PAIRED_BOYDEN::paired_boyden32c::419_1_8::KiloSort::17,PAIRED_BOYDEN::paired_boyden32c::419_1_8,PAIRED_BOYDEN,0.06424161521775405,0.01607494428753853,0.048166670930215524
main,fpos,study_embed_nommd_fullctx_lightgbm_filtered,study_embedding_stack_filtered,lightgbm,PAIRED_BOYDEN::paired_boyden32c::419_1_8::MountainSort4::42,PAIRED_BOYDEN::paired_boyden32c::419_1_8,PAIRED_BOYDEN,0.16482219271063892,0.06314496695995331,0.10167722575068561
main,fpos,study_embed_nommd_fullctx_lightgbm_filtered,study_embedding_stack_filtered,lightgbm,PAIRED_BOYDEN::paired_boyden32c::419_1_8::SpykingCircus::24,PAIRED_BOYDEN::paired_boyden32c::419_1_8,PAIRED_BOYDEN,0.24721080446271285,0.14364521205425262,0.10356559240846022
main,fpos,study_embed_nommd_fullctx_lightgbm_filtered,study_embedding_stack_filtered,lightgbm,PAIRED_BOYDEN::paired_boyden32c::419_1_8::SpykingCircus::28,PAIRED_BOYDEN::paired_boyden32c::419_1_8,PAIRED_BOYDEN,0.029543112332531776,0.014134402386844158,0.015408709945687618
main,fpos,study_embed_nommd_fullctx_lightgbm_filtered,study_embedding_stack_filtered,lightgbm,PAIRED_BOYDEN::paired_boyden32c::419_1_8::Tridesclous::0,PAIRED_BOYDEN::paired_boyden32c::419_1_8,PAIRED_BOYDEN,0.15585806056898133,0.09309206157922745,0.06276599898975388
main,fpos,study_embed_nommd_fullctx_lightgbm_filtered,study_embedding_stack_filtered,lightgbm,PAIRED_CRCNS_HC1::paired_crcns::d11221_d11221.001::SpykingCircus::6,PAIRED_CRCNS_HC1::paired_crcns::d11221_d11221.001,PAIRED_CRCNS_HC1,0.8835978835978836,0.5588316917419434,0.32476619185594024
main,fpos,study_embed_nommd_fullctx_lightgbm_filtered,study_embedding_stack_filtered,lightgbm,PAIRED_CRCNS_HC1::paired_crcns::d11222_d11222.002::IronClust::2,PAIRED_CRCNS_HC1::paired_crcns::d11222_d11222.002,PAIRED_CRCNS_HC1,0.04466019417475728,0.19702228903770447,0.1523620948629472
main,fpos,study_embed_nommd_fullctx_lightgbm_filtered,study_embedding_stack_filtered,lightgbm,PAIRED_CRCNS_HC1::paired_crcns::d11222_d11222.002::JRClust::3,PAIRED_CRCNS_HC1::paired_crcns::d11222_d11222.002,PAIRED_CRCNS_HC1,0.039337474120082816,0.07486046105623245,0.035522986936149636
main,fpos,study_embed_nommd_fullctx_lightgbm_filtered,study_embedding_stack_filtered,lightgbm,PAIRED_CRCNS_HC1::paired_crcns::d11222_d11222.002::KiloSort2::10,PAIRED_CRCNS_HC1::paired_crcns::d11222_d11222.002,PAIRED_CRCNS_HC1,0.550417469492614,0.09778237342834473,0.4526350960642693
main,fpos,study_embed_nommd_fullctx_lightgbm_filtered,study_embedding_stack_filtered,lightgbm,PAIRED_CRCNS_HC1::paired_crcns::d11222_d11222.002::KiloSort::1,PAIRED_CRCNS_HC1::paired_crcns::d11222_d11222.002,PAIRED_CRCNS_HC1,0.03337783711615487,0.1313164383172989,0.09793860120114402
main,fpos,study_embed_nommd_fullctx_lightgbm_filtered,study_embedding_stack_filtered,lightgbm,PAIRED_CRCNS_HC1::paired_crcns::d11222_d11222.002::Klusta::2,PAIRED_CRCNS_HC1::paired_crcns::d11222_d11222.002,PAIRED_CRCNS_HC1,0.008777852802160702,0.09789920598268509,0.08912135318052439
main,fpos,study_embed_nommd_fullctx_lightgbm_filtered,study_embedding_stack_filtered,lightgbm,PAIRED_CRCNS_HC1::paired_crcns::d11222_d11222.002::MountainSort4::4,PAIRED_CRCNS_HC1::paired_crcns::d11222_d11222.002,PAIRED_CRCNS_HC1,0.360427807486631,0.249696746468544,0.110731061018087
main,fpos,study_embed_nommd_fullctx_lightgbm_filtered,study_embedding_stack_filtered,lightgbm,PAIRED_CRCNS_HC1::paired_crcns::d11222_d11222.002::SpykingCircus::4,PAIRED_CRCNS_HC1::paired_crcns::d11222_d11222.002,PAIRED_CRCNS_HC1,0.11986754966887417,0.11576715856790543,0.004100391100968742
main,fpos,study_embed_nommd_fullctx_lightgbm_filtered,study_embedding_stack_filtered,lightgbm,PAIRED_CRCNS_HC1::paired_crcns::d11222_d11222.002::Tridesclous::0,PAIRED_CRCNS_HC1::paired_crcns::d11222_d11222.002,PAIRED_CRCNS_HC1,0.021164021164021163,0.10761849582195282,0.08645447465793166
main,fpos,study_embed_nommd_fullctx_lightgbm_filtered,study_embedding_stack_filtered,lightgbm,PAIRED_ENGLISH::paired_english::m139_200114_191955::KiloSort2::25,PAIRED_ENGLISH::paired_english::m139_200114_191955,PAIRED_ENGLISH,0.7302739726027397,0.3943738341331482,0.33590013846959155
main,fpos,study_embed_nommd_fullctx_lightgbm_filtered,study_embedding_stack_filtered,lightgbm,PAIRED_ENGLISH::paired_english::m139_200114_191955::MountainSort4::36,PAIRED_ENGLISH::paired_english::m139_200114_191955,PAIRED_ENGLISH,0.8735255086994986,0.7037360072135925,0.1697895014859061
main,fpos,study_embed_nommd_fullctx_lightgbm_filtered,study_embedding_stack_filtered,lightgbm,PAIRED_ENGLISH::paired_english::m139_200114_191955::SpykingCircus::42,PAIRED_ENGLISH::paired_english::m139_200114_191955,PAIRED_ENGLISH,0.5584045584045584,0.31799042224884033,0.24041413615571805
main,fpos,study_embed_nommd_fullctx_lightgbm_filtered,study_embedding_stack_filtered,lightgbm,PAIRED_ENGLISH::paired_english::m139_200114_222743::HerdingSpikes2::5,PAIRED_ENGLISH::paired_english::m139_200114_222743,PAIRED_ENGLISH,0.03257707969749855,0.1817079335451126,0.14913085384761407
main,fpos,study_embed_nommd_fullctx_lightgbm_filtered,study_embedding_stack_filtered,lightgbm,PAIRED_ENGLISH::paired_english::m139_200114_222743::IronClust::17,PAIRED_ENGLISH::paired_english::m139_200114_222743,PAIRED_ENGLISH,0.02675196277987787,0.1554132103919983,0.12866124761212042
main,fpos,study_embed_nommd_fullctx_lightgbm_filtered,study_embedding_stack_filtered,lightgbm,PAIRED_ENGLISH::paired_english::m139_200114_222743::KiloSort2::26,PAIRED_ENGLISH::paired_english::m139_200114_222743,PAIRED_ENGLISH,0.028645087367516472,0.13601738214492798,0.1073722947774115
main,fpos,study_embed_nommd_fullctx_lightgbm_filtered,study_embedding_stack_filtered,lightgbm,PAIRED_ENGLISH::paired_english::m139_200114_222743::KiloSort::88,PAIRED_ENGLISH::paired_english::m139_200114_222743,PAIRED_ENGLISH,0.015151515151515152,0.15929846465587616,0.14414694950436102
main,fpos,study_embed_nommd_fullctx_lightgbm_filtered,study_embedding_stack_filtered,lightgbm,PAIRED_ENGLISH::paired_english::m139_200114_222743::MountainSort4::46,PAIRED_ENGLISH::paired_english::m139_200114_222743,PAIRED_ENGLISH,0.039886039886039885,0.3734394609928131,0.3335534211067732
main,fpos,study_embed_nommd_fullctx_lightgbm_filtered,study_embedding_stack_filtered,lightgbm,PAIRED_ENGLISH::paired_english::m139_200114_222743::SpykingCircus::44,PAIRED_ENGLISH::paired_english::m139_200114_222743,PAIRED_ENGLISH,0.028064146620847653,0.11580902338027954,0.08774487675943189
main,fpos,study_embed_nommd_fullctx_lightgbm_filtered,study_embedding_stack_filtered,lightgbm,PAIRED_ENGLISH::paired_english::m139_200114_222743::Tridesclous::1,PAIRED_ENGLISH::paired_english::m139_200114_222743,PAIRED_ENGLISH,0.3089646722483153,0.31357264518737793,0.004607972939062621
main,fpos,study_embed_nommd_fullctx_lightgbm_filtered,study_embedding_stack_filtered,lightgbm,PAIRED_ENGLISH::paired_english::m14_190326_155432::IronClust::22,PAIRED_ENGLISH::paired_english::m14_190326_155432,PAIRED_ENGLISH,0.0481651376146789,0.04310797527432442,0.005057162340354485
main,fpos,study_embed_nommd_fullctx_lightgbm_filtered,study_embedding_stack_filtered,lightgbm,PAIRED_ENGLISH::paired_english::m14_190326_155432::MountainSort4::33,PAIRED_ENGLISH::paired_english::m14_190326_155432,PAIRED_ENGLISH,0.1981651376146789,0.17882053554058075,0.01934460207409816
main,fpos,study_embed_nommd_fullctx_lightgbm_filtered,study_embedding_stack_filtered,lightgbm,PAIRED_ENGLISH::paired_english::m14_190326_155432::SpykingCircus::38,PAIRED_ENGLISH::paired_english::m14_190326_155432,PAIRED_ENGLISH,0.013363028953229399,0.049526460468769073,0.036163431515539676
main,fpos,study_embed_nommd_fullctx_lightgbm_filtered,study_embedding_stack_filtered,lightgbm,PAIRED_ENGLISH::paired_english::m15_190315_142052_cell1::IronClust::40,PAIRED_ENGLISH::paired_english::m15_190315_142052_cell1,PAIRED_ENGLISH,0.2679960401640503,0.46337637305259705,0.19538033288854673
main,fpos,study_embed_nommd_fullctx_lightgbm_filtered,study_embedding_stack_filtered,lightgbm,PAIRED_ENGLISH::paired_english::m15_190315_142052_cell1::KiloSort2::48,PAIRED_ENGLISH::paired_english::m15_190315_142052_cell1,PAIRED_ENGLISH,0.8627861694595232,0.38451477885246277,0.4782713906070605
main,fpos,study_embed_nommd_fullctx_lightgbm_filtered,study_embedding_stack_filtered,lightgbm,PAIRED_ENGLISH::paired_english::m15_190315_142052_cell1::MountainSort4::62,PAIRED_ENGLISH::paired_english::m15_190315_142052_cell1,PAIRED_ENGLISH,0.8769885383524361,0.3333923816680908,0.5435961566843452
main,fpos,study_embed_nommd_fullctx_lightgbm_filtered,study_embedding_stack_filtered,lightgbm,PAIRED_ENGLISH::paired_english::m15_190315_142052_cell1::MountainSort4::64,PAIRED_ENGLISH::paired_english::m15_190315_142052_cell1,PAIRED_ENGLISH,0.14704761904761904,0.10278366506099701,0.04426395398662203
main,fpos,study_embed_nommd_fullctx_lightgbm_filtered,study_embedding_stack_filtered,lightgbm,PAIRED_ENGLISH::paired_english::m15_190315_142052_cell1::SpykingCircus::22,PAIRED_ENGLISH::paired_english::m15_190315_142052_cell1,PAIRED_ENGLISH,0.23500526131182042,0.5533666014671326,0.31836134015531214
main,fpos,study_embed_nommd_fullctx_lightgbm_filtered,study_embedding_stack_filtered,lightgbm,PAIRED_ENGLISH::paired_english::m15_190315_142052_cell1::SpykingCircus::57,PAIRED_ENGLISH::paired_english::m15_190315_142052_cell1,PAIRED_ENGLISH,0.6499202551834131,0.27745482325553894,0.3724654319278742
main,fpos,study_embed_nommd_fullctx_lightgbm_filtered,study_embedding_stack_filtered,lightgbm,PAIRED_ENGLISH::paired_english::m15_190315_152315_cell1::IronClust::35,PAIRED_ENGLISH::paired_english::m15_190315_152315_cell1,PAIRED_ENGLISH,0.002592440987856461,0.05890987440943718,0.05631743342158072
main,fpos,study_embed_nommd_fullctx_lightgbm_filtered,study_embedding_stack_filtered,lightgbm,PAIRED_ENGLISH::paired_english::m15_190315_152315_cell1::KiloSort2::37,PAIRED_ENGLISH::paired_english::m15_190315_152315_cell1,PAIRED_ENGLISH,0.00039059957034047265,0.07178010046482086,0.07138950089448039
main,fpos,study_embed_nommd_fullctx_lightgbm_filtered,study_embedding_stack_filtered,lightgbm,PAIRED_ENGLISH::paired_english::m15_190315_152315_cell1::KiloSort::1,PAIRED_ENGLISH::paired_english::m15_190315_152315_cell1,PAIRED_ENGLISH,6.528267397832615e-05,0.09951302409172058,0.09944774141774225
main,fpos,study_embed_nommd_fullctx_lightgbm_filtered,study_embedding_stack_filtered,lightgbm,PAIRED_ENGLISH::paired_english::m15_190315_152315_cell1::MountainSort4::72,PAIRED_ENGLISH::paired_english::m15_190315_152315_cell1,PAIRED_ENGLISH,0.052174468356855484,0.27572429180145264,0.22354982344459715
main,fpos,study_embed_nommd_fullctx_lightgbm_filtered,study_embedding_stack_filtered,lightgbm,PAIRED_ENGLISH::paired_english::m15_190315_152315_cell1::SpykingCircus::46,PAIRED_ENGLISH::paired_english::m15_190315_152315_cell1,PAIRED_ENGLISH,0.010891280531030483,0.06308481097221375,0.05219353044118326
main,fpos,study_embed_nommd_fullctx_lightgbm_filtered,study_embedding_stack_filtered,lightgbm,PAIRED_ENGLISH::paired_english::m15_190315_152315_cell1::Tridesclous::0,PAIRED_ENGLISH::paired_english::m15_190315_152315_cell1,PAIRED_ENGLISH,0.8482136225209834,0.44045859575271606,0.40775502676826736
main,fpos,study_embed_nommd_fullctx_lightgbm_filtered,study_embedding_stack_filtered,lightgbm,PAIRED_ENGLISH::paired_english::m26_190524_100859_cell1::KiloSort2::0,PAIRED_ENGLISH::paired_english::m26_190524_100859_cell1,PAIRED_ENGLISH,0.38315988647114474,0.27613288164138794,0.1070270048297568
main,fpos,study_embed_nommd_fullctx_lightgbm_filtered,study_embedding_stack_filtered,lightgbm,PAIRED_ENGLISH::paired_english::m26_190524_100859_cell1::KiloSort::19,PAIRED_ENGLISH::paired_english::m26_190524_100859_cell1,PAIRED_ENGLISH,0.2440677966101695,0.1556224822998047,0.08844531431036481
main,fpos,study_embed_nommd_fullctx_lightgbm_filtered,study_embedding_stack_filtered,lightgbm,PAIRED_ENGLISH::paired_english::m26_190524_100859_cell1::KiloSort::8,PAIRED_ENGLISH::paired_english::m26_190524_100859_cell1,PAIRED_ENGLISH,0.6505139500734214,0.19123321771621704,0.45928073235720435
main,fpos,study_embed_nommd_fullctx_lightgbm_filtered,study_embedding_stack_filtered,lightgbm,PAIRED_ENGLISH::paired_english::m57_191105_141906::IronClust::6,PAIRED_ENGLISH::paired_english::m57_191105_141906,PAIRED_ENGLISH,0.31826625386996904,0.3184763193130493,0.0002100654430802762
main,fpos,study_embed_nommd_fullctx_lightgbm_filtered,study_embedding_stack_filtered,lightgbm,PAIRED_ENGLISH::paired_english::m57_191105_141906::KiloSort::47,PAIRED_ENGLISH::paired_english::m57_191105_141906,PAIRED_ENGLISH,0.35376344086021505,0.37104591727256775,0.0172824764123527
main,fpos,study_embed_nommd_fullctx_lightgbm_filtered,study_embedding_stack_filtered,lightgbm,PAIRED_ENGLISH::paired_english::m57_191105_141906::MountainSort4::21,PAIRED_ENGLISH::paired_english::m57_191105_141906,PAIRED_ENGLISH,0.3323335332933413,0.5314744114875793,0.19914087819423804
main,fpos,study_embed_nommd_fullctx_lightgbm_filtered,study_embedding_stack_filtered,lightgbm,PAIRED_ENGLISH::paired_english::m57_191105_141906::MountainSort4::57,PAIRED_ENGLISH::paired_english::m57_191105_141906,PAIRED_ENGLISH,0.23853211009174313,0.30229130387306213,0.063759193781319
main,fpos,study_embed_nommd_fullctx_lightgbm_filtered,study_embedding_stack_filtered,lightgbm,PAIRED_ENGLISH::paired_english::m57_191105_141906::SpykingCircus::12,PAIRED_ENGLISH::paired_english::m57_191105_141906,PAIRED_ENGLISH,0.3535228677379481,0.28070589900016785,0.07281696873778026
main,fpos,study_embed_nommd_fullctx_lightgbm_filtered,study_embedding_stack_filtered,lightgbm,PAIRED_ENGLISH::paired_english::m57_191105_141906::SpykingCircus::30,PAIRED_ENGLISH::paired_english::m57_191105_141906,PAIRED_ENGLISH,0.2040332147093713,0.13594529032707214,0.06808792438229916
main,fpos,study_embed_nommd_fullctx_lightgbm_filtered,study_embedding_stack_filtered,lightgbm,PAIRED_ENGLISH::paired_english::m57_191105_160026::HerdingSpikes2::1,PAIRED_ENGLISH::paired_english::m57_191105_160026,PAIRED_ENGLISH,0.13630229419703105,0.2952796220779419,0.15897732788091085
main,fpos,study_embed_nommd_fullctx_lightgbm_filtered,study_embedding_stack_filtered,lightgbm,PAIRED_ENGLISH::paired_english::m57_191105_160026::IronClust::2,PAIRED_ENGLISH::paired_english::m57_191105_160026,PAIRED_ENGLISH,0.5044008124576845,0.22344785928726196,0.28095295317042257
main,fpos,study_embed_nommd_fullctx_lightgbm_filtered,study_embedding_stack_filtered,lightgbm,PAIRED_ENGLISH::paired_english::m57_191105_160026::IronClust::3,PAIRED_ENGLISH::paired_english::m57_191105_160026,PAIRED_ENGLISH,0.05838815789473684,0.2839210331439972,0.22553287524926036
main,fpos,study_embed_nommd_fullctx_lightgbm_filtered,study_embedding_stack_filtered,lightgbm,PAIRED_ENGLISH::paired_english::m57_191105_160026::KiloSort::127,PAIRED_ENGLISH::paired_english::m57_191105_160026,PAIRED_ENGLISH,0.5003422313483915,0.2278134822845459,0.2725287490638456
main,fpos,study_embed_nommd_fullctx_lightgbm_filtered,study_embedding_stack_filtered,lightgbm,PAIRED_ENGLISH::paired_english::m57_191105_160026::KiloSort::6,PAIRED_ENGLISH::paired_english::m57_191105_160026,PAIRED_ENGLISH,0.02531645569620253,0.13950802385807037,0.11419156816186785
main,fpos,study_embed_nommd_fullctx_lightgbm_filtered,study_embedding_stack_filtered,lightgbm,PAIRED_ENGLISH::paired_english::m57_191105_160026::MountainSort4::23,PAIRED_ENGLISH::paired_english::m57_191105_160026,PAIRED_ENGLISH,0.6737967914438503,0.1309516727924347,0.5428451186514156
main,fpos,study_embed_nommd_fullctx_lightgbm_filtered,study_embedding_stack_filtered,lightgbm,PAIRED_ENGLISH::paired_english::m57_191105_160026::MountainSort4::25,PAIRED_ENGLISH::paired_english::m57_191105_160026,PAIRED_ENGLISH,0.14568081991215226,0.247065931558609,0.10138511164645675
main,fpos,study_embed_nommd_fullctx_lightgbm_filtered,study_embedding_stack_filtered,lightgbm,PAIRED_ENGLISH::paired_english::m57_191105_160026::SpykingCircus::2,PAIRED_ENGLISH::paired_english::m57_191105_160026,PAIRED_ENGLISH,0.6860282574568289,0.375240296125412,0.31078796133141695
main,fpos,study_embed_nommd_fullctx_lightgbm_filtered,study_embedding_stack_filtered,lightgbm,PAIRED_ENGLISH::paired_english::m57_191105_160026::SpykingCircus::4,PAIRED_ENGLISH::paired_english::m57_191105_160026,PAIRED_ENGLISH,0.056790123456790124,0.19186076521873474,0.1350706417619446
main,fpos,study_embed_nommd_fullctx_lightgbm_filtered,study_embedding_stack_filtered,lightgbm,PAIRED_ENGLISH::paired_english::m57_191105_160026::Tridesclous::0,PAIRED_ENGLISH::paired_english::m57_191105_160026,PAIRED_ENGLISH,0.8589226823012093,0.5404452085494995,0.31847747375170976
main,fpos,study_embed_nommd_fullctx_lightgbm_filtered,study_embedding_stack_filtered,lightgbm,PAIRED_KAMPFF::paired_kampff::c14::HerdingSpikes2::6,PAIRED_KAMPFF::paired_kampff::c14,PAIRED_KAMPFF,0.25090444775484144,0.14280691742897034,0.1080975303258711
main,fpos,study_embed_nommd_fullctx_lightgbm_filtered,study_embedding_stack_filtered,lightgbm,PAIRED_KAMPFF::paired_kampff::c14::IronClust::22,PAIRED_KAMPFF::paired_kampff::c14,PAIRED_KAMPFF,0.2240655987795576,0.13751550018787384,0.08655009859168375
main,fpos,study_embed_nommd_fullctx_lightgbm_filtered,study_embedding_stack_filtered,lightgbm,PAIRED_KAMPFF::paired_kampff::c14::KiloSort2::37,PAIRED_KAMPFF::paired_kampff::c14,PAIRED_KAMPFF,0.23899885489939474,0.18342116475105286,0.05557769014834188
main,fpos,study_embed_nommd_fullctx_lightgbm_filtered,study_embedding_stack_filtered,lightgbm,PAIRED_KAMPFF::paired_kampff::c14::MountainSort4::42,PAIRED_KAMPFF::paired_kampff::c14,PAIRED_KAMPFF,0.031842105263157894,0.050383444875478745,0.01854133961232085
main,fpos,study_embed_nommd_fullctx_lightgbm_filtered,study_embedding_stack_filtered,lightgbm,PAIRED_KAMPFF::paired_kampff::c14::SpykingCircus::14,PAIRED_KAMPFF::paired_kampff::c14,PAIRED_KAMPFF,0.0993841579953281,0.09365978837013245,0.005724369625195652
main,fpos,study_embed_nommd_fullctx_lightgbm_filtered,study_embedding_stack_filtered,lightgbm,PAIRED_KAMPFF::paired_kampff::c14::Tridesclous::8,PAIRED_KAMPFF::paired_kampff::c14,PAIRED_KAMPFF,0.7298130782302221,0.5662521123886108,0.16356096584161128
main,fpos,study_embed_nommd_fullctx_lightgbm_filtered,study_embedding_stack_filtered,lightgbm,PAIRED_MEA64C_YGER::paired_mea64c::20170622_patch1::HerdingSpikes2::19,PAIRED_MEA64C_YGER::paired_mea64c::20170622_patch1,PAIRED_MEA64C_YGER,0.3048016701461378,0.2568555772304535,0.0479460929156843
main,fpos,study_embed_nommd_fullctx_lightgbm_filtered,study_embedding_stack_filtered,lightgbm,PAIRED_MEA64C_YGER::paired_mea64c::20170622_patch1::HerdingSpikes2::7,PAIRED_MEA64C_YGER::paired_mea64c::20170622_patch1,PAIRED_MEA64C_YGER,0.006430868167202572,0.040957510471343994,0.034526642304141424
main,fpos,study_embed_nommd_fullctx_lightgbm_filtered,study_embedding_stack_filtered,lightgbm,PAIRED_MEA64C_YGER::paired_mea64c::20170622_patch1::IronClust::8,PAIRED_MEA64C_YGER::paired_mea64c::20170622_patch1,PAIRED_MEA64C_YGER,0.32512992968511156,0.17526528239250183,0.14986464729260973
main,fpos,study_embed_nommd_fullctx_lightgbm_filtered,study_embedding_stack_filtered,lightgbm,PAIRED_MEA64C_YGER::paired_mea64c::20170622_patch1::KiloSort2::23,PAIRED_MEA64C_YGER::paired_mea64c::20170622_patch1,PAIRED_MEA64C_YGER,0.0,0.021171199157834053,0.021171199157834053
main,fpos,study_embed_nommd_fullctx_lightgbm_filtered,study_embedding_stack_filtered,lightgbm,PAIRED_MEA64C_YGER::paired_mea64c::20170622_patch1::KiloSort::64,PAIRED_MEA64C_YGER::paired_mea64c::20170622_patch1,PAIRED_MEA64C_YGER,0.00022805017103762827,0.018535014241933823,0.018306964070896194
main,fpos,study_embed_nommd_fullctx_lightgbm_filtered,study_embedding_stack_filtered,lightgbm,PAIRED_MEA64C_YGER::paired_mea64c::20170622_patch1::Klusta::4,PAIRED_MEA64C_YGER::paired_mea64c::20170622_patch1,PAIRED_MEA64C_YGER,0.0050424628450106155,0.02740505151450634,0.022362588669495725
main,fpos,study_embed_nommd_fullctx_lightgbm_filtered,study_embedding_stack_filtered,lightgbm,PAIRED_MEA64C_YGER::paired_mea64c::20170622_patch1::MountainSort4::43,PAIRED_MEA64C_YGER::paired_mea64c::20170622_patch1,PAIRED_MEA64C_YGER,0.0040494938132733405,0.02063862793147564,0.0165891341182023
main,fpos,study_embed_nommd_fullctx_lightgbm_filtered,study_embedding_stack_filtered,lightgbm,PAIRED_MEA64C_YGER::paired_mea64c::20170622_patch1::SpykingCircus::18,PAIRED_MEA64C_YGER::paired_mea64c::20170622_patch1,PAIRED_MEA64C_YGER,0.00022079929344226098,0.017745431512594223,0.017524632219151962
main,fpos,study_embed_nommd_fullctx_lightgbm_filtered,study_embedding_stack_filtered,lightgbm,PAIRED_MEA64C_YGER::paired_mea64c::20170622_patch1::Tridesclous::12,PAIRED_MEA64C_YGER::paired_mea64c::20170622_patch1,PAIRED_MEA64C_YGER,0.013830024537140308,0.026004642248153687,0.012174617711013379
main,fpos,study_embed_nommd_fullctx_lightgbm_filtered,study_embedding_stack_filtered,lightgbm,PAIRED_MEA64C_YGER::paired_mea64c::20170622_patch2::HerdingSpikes2::16,PAIRED_MEA64C_YGER::paired_mea64c::20170622_patch2,PAIRED_MEA64C_YGER,0.18683274021352314,0.07111480832099915,0.115717931892524
main,fpos,study_embed_nommd_fullctx_lightgbm_filtered,study_embedding_stack_filtered,lightgbm,PAIRED_MEA64C_YGER::paired_mea64c::20170622_patch2::HerdingSpikes2::44,PAIRED_MEA64C_YGER::paired_mea64c::20170622_patch2,PAIRED_MEA64C_YGER,0.4028520499108734,0.1234302744269371,0.2794217754839363
main,fpos,study_embed_nommd_fullctx_lightgbm_filtered,study_embedding_stack_filtered,lightgbm,PAIRED_MEA64C_YGER::paired_mea64c::20170622_patch2::HerdingSpikes2::5,PAIRED_MEA64C_YGER::paired_mea64c::20170622_patch2,PAIRED_MEA64C_YGER,0.06115992970123023,0.004132082220166922,0.05702784748106331
main,fpos,study_embed_nommd_fullctx_lightgbm_filtered,study_embedding_stack_filtered,lightgbm,PAIRED_MEA64C_YGER::paired_mea64c::20170622_patch2::IronClust::11,PAIRED_MEA64C_YGER::paired_mea64c::20170622_patch2,PAIRED_MEA64C_YGER,0.061366806136680614,0.0037988312542438507,0.057567974882436763
main,fpos,study_embed_nommd_fullctx_lightgbm_filtered,study_embedding_stack_filtered,lightgbm,PAIRED_MEA64C_YGER::paired_mea64c::20170622_patch2::JRClust::31,PAIRED_MEA64C_YGER::paired_mea64c::20170622_patch2,PAIRED_MEA64C_YGER,0.06118881118881119,0.0022689311299473047,0.05891988005886389
main,fpos,study_embed_nommd_fullctx_lightgbm_filtered,study_embedding_stack_filtered,lightgbm,PAIRED_MEA64C_YGER::paired_mea64c::20170622_patch2::KiloSort2::33,PAIRED_MEA64C_YGER::paired_mea64c::20170622_patch2,PAIRED_MEA64C_YGER,0.061409630146545706,0.0025391755625605583,0.05887045458398515
main,fpos,study_embed_nommd_fullctx_lightgbm_filtered,study_embedding_stack_filtered,lightgbm,PAIRED_MEA64C_YGER::paired_mea64c::20170622_patch2::KiloSort::5,PAIRED_MEA64C_YGER::paired_mea64c::20170622_patch2,PAIRED_MEA64C_YGER,0.06143106457242583,0.004095661453902721,0.05733540311852311
main,fpos,study_embed_nommd_fullctx_lightgbm_filtered,study_embedding_stack_filtered,lightgbm,PAIRED_MEA64C_YGER::paired_mea64c::20170622_patch2::Klusta::14,PAIRED_MEA64C_YGER::paired_mea64c::20170622_patch2,PAIRED_MEA64C_YGER,0.05860349127182045,0.002316539641469717,0.05628695163035073
main,fpos,study_embed_nommd_fullctx_lightgbm_filtered,study_embedding_stack_filtered,lightgbm,PAIRED_MEA64C_YGER::paired_mea64c::20170622_patch2::MountainSort4::31,PAIRED_MEA64C_YGER::paired_mea64c::20170622_patch2,PAIRED_MEA64C_YGER,0.07713404182379156,0.01113675907254219,0.06599728275124937
main,fpos,study_embed_nommd_fullctx_lightgbm_filtered,study_embedding_stack_filtered,lightgbm,PAIRED_MEA64C_YGER::paired_mea64c::20170622_patch2::SpykingCircus::17,PAIRED_MEA64C_YGER::paired_mea64c::20170622_patch2,PAIRED_MEA64C_YGER,0.061366806136680614,0.003296573180705309,0.058070232955975305
main,fpos,study_embed_nommd_fullctx_lightgbm_filtered,study_embedding_stack_filtered,lightgbm,PAIRED_MEA64C_YGER::paired_mea64c::20170622_patch2::Tridesclous::0,PAIRED_MEA64C_YGER::paired_mea64c::20170622_patch2,PAIRED_MEA64C_YGER,0.061366806136680614,0.00386207178235054,0.057504734354330074
