protocol,target,variant_id,family,backend,row_uid,recording_key,study_set,true,pred,abs_error
main,fmiss,contextual_paired_only_lightgbm,baseline,lightgbm,PAIRED_BOYDEN::paired_boyden32c::1103_1_1::IronClust::4,PAIRED_BOYDEN::paired_boyden32c::1103_1_1,PAIRED_BOYDEN,0.1661807580174927,0.22747141,0.06129065321068722
main,fmiss,contextual_paired_only_lightgbm,baseline,lightgbm,PAIRED_BOYDEN::paired_boyden32c::1103_1_1::JRClust::18,PAIRED_BOYDEN::paired_boyden32c::1103_1_1,PAIRED_BOYDEN,0.08551992225461613,0.19933406,0.11381413293070186
main,fmiss,contextual_paired_only_lightgbm,baseline,lightgbm,PAIRED_BOYDEN::paired_boyden32c::1103_1_1::KiloSort2::33,PAIRED_BOYDEN::paired_boyden32c::1103_1_1,PAIRED_BOYDEN,0.42857142857142855,0.32650462,0.10206681064196993
main,fmiss,contextual_paired_only_lightgbm,baseline,lightgbm,PAIRED_BOYDEN::paired_boyden32c::1103_1_1::KiloSort2::55,PAIRED_BOYDEN::paired_boyden32c::1103_1_1,PAIRED_BOYDEN,0.8328474246841594,0.5756031,0.2572442972046062
main,fmiss,contextual_paired_only_lightgbm,baseline,lightgbm,PAIRED_BOYDEN::paired_boyden32c::1103_1_1::KiloSort2::60,PAIRED_BOYDEN::paired_boyden32c::1103_1_1,PAIRED_BOYDEN,0.7580174927113703,0.40358502,0.3544324759839228
main,fmiss,contextual_paired_only_lightgbm,baseline,lightgbm,PAIRED_BOYDEN::paired_boyden32c::1103_1_1::KiloSort::111,PAIRED_BOYDEN::paired_boyden32c::1103_1_1,PAIRED_BOYDEN,0.04081632653061224,0.1789212,0.13810486635383296
main,fmiss,contextual_paired_only_lightgbm,baseline,lightgbm,PAIRED_BOYDEN::paired_boyden32c::1103_1_1::Klusta::12,PAIRED_BOYDEN::paired_boyden32c::1103_1_1,PAIRED_BOYDEN,0.17881438289601556,0.19361964,0.014805255785396182
main,fmiss,contextual_paired_only_lightgbm,baseline,lightgbm,PAIRED_BOYDEN::paired_boyden32c::1103_1_1::MountainSort4::26,PAIRED_BOYDEN::paired_boyden32c::1103_1_1,PAIRED_BOYDEN,0.03595724003887269,0.13709025,0.10113301081085113
main,fmiss,contextual_paired_only_lightgbm,baseline,lightgbm,PAIRED_BOYDEN::paired_boyden32c::1103_1_1::SpykingCircus::27,PAIRED_BOYDEN::paired_boyden32c::1103_1_1,PAIRED_BOYDEN,0.07482993197278912,0.27403057,0.19920063424272602
main,fmiss,contextual_paired_only_lightgbm,baseline,lightgbm,PAIRED_BOYDEN::paired_boyden32c::1103_1_1::Tridesclous::3,PAIRED_BOYDEN::paired_boyden32c::1103_1_1,PAIRED_BOYDEN,0.11273080660835763,0.10243989,0.010290918786683284
main,fmiss,contextual_paired_only_lightgbm,baseline,lightgbm,PAIRED_BOYDEN::paired_boyden32c::419_1_8::IronClust::14,PAIRED_BOYDEN::paired_boyden32c::419_1_8,PAIRED_BOYDEN,0.1489691520694466,0.12937562,0.0195935303930016
main,fmiss,contextual_paired_only_lightgbm,baseline,lightgbm,PAIRED_BOYDEN::paired_boyden32c::419_1_8::IronClust::4,PAIRED_BOYDEN::paired_boyden32c::419_1_8,PAIRED_BOYDEN,0.3614943419624864,0.11726058,0.2442337592174112
main,fmiss,contextual_paired_only_lightgbm,baseline,lightgbm,PAIRED_BOYDEN::paired_boyden32c::419_1_8::JRClust::24,PAIRED_BOYDEN::paired_boyden32c::419_1_8,PAIRED_BOYDEN,0.14617888699426446,0.14803405,0.0018551640664121183
main,fmiss,contextual_paired_only_lightgbm,baseline,lightgbm,PAIRED_BOYDEN::paired_boyden32c::419_1_8::JRClust::8,PAIRED_BOYDEN::paired_boyden32c::419_1_8,PAIRED_BOYDEN,0.7484110990544102,0.51599556,0.23241553697784156
main,fmiss,contextual_paired_only_lightgbm,baseline,lightgbm,PAIRED_BOYDEN::paired_boyden32c::419_1_8::KiloSort2::27,PAIRED_BOYDEN::paired_boyden32c::419_1_8,PAIRED_BOYDEN,0.06696636180437142,0.12126113,0.054294765488738475
main,fmiss,contextual_paired_only_lightgbm,baseline,lightgbm,PAIRED_BOYDEN::paired_boyden32c::419_1_8::KiloSort2::46,PAIRED_BOYDEN::paired_boyden32c::419_1_8,PAIRED_BOYDEN,0.11424585335606882,0.12065629,0.006410435804182796
main,fmiss,contextual_paired_only_lightgbm,baseline,lightgbm,PAIRED_BOYDEN::paired_boyden32c::419_1_8::KiloSort::17,PAIRED_BOYDEN::paired_boyden32c::419_1_8,PAIRED_BOYDEN,0.13067741435436367,0.10530992,0.02536749583152889
main,fmiss,contextual_paired_only_lightgbm,baseline,lightgbm,PAIRED_BOYDEN::paired_boyden32c::419_1_8::MountainSort4::42,PAIRED_BOYDEN::paired_boyden32c::419_1_8,PAIRED_BOYDEN,0.12261664858161525,0.097672924,0.024943724182239335
main,fmiss,contextual_paired_only_lightgbm,baseline,lightgbm,PAIRED_BOYDEN::paired_boyden32c::419_1_8::SpykingCircus::24,PAIRED_BOYDEN::paired_boyden32c::419_1_8,PAIRED_BOYDEN,0.8012711207564719,0.59614104,0.2051300804313071
main,fmiss,contextual_paired_only_lightgbm,baseline,lightgbm,PAIRED_BOYDEN::paired_boyden32c::419_1_8::SpykingCircus::28,PAIRED_BOYDEN::paired_boyden32c::419_1_8,PAIRED_BOYDEN,0.12416679584560533,0.1342057,0.010038903121374648
main,fmiss,contextual_paired_only_lightgbm,baseline,lightgbm,PAIRED_BOYDEN::paired_boyden32c::419_1_8::Tridesclous::0,PAIRED_BOYDEN::paired_boyden32c::419_1_8,PAIRED_BOYDEN,0.14447372500387537,0.03517277,0.10930095334140169
main,fmiss,contextual_paired_only_lightgbm,baseline,lightgbm,PAIRED_CRCNS_HC1::paired_crcns::d11221_d11221.001::SpykingCircus::6,PAIRED_CRCNS_HC1::paired_crcns::d11221_d11221.001,PAIRED_CRCNS_HC1,0.2845528455284553,0.62999237,0.3454395203086419
main,fmiss,contextual_paired_only_lightgbm,baseline,lightgbm,PAIRED_CRCNS_HC1::paired_crcns::d11222_d11222.002::IronClust::2,PAIRED_CRCNS_HC1::paired_crcns::d11222_d11222.002,PAIRED_CRCNS_HC1,0.017310252996005325,0.10885377,0.09154351928659507
main,fmiss,contextual_paired_only_lightgbm,baseline,lightgbm,PAIRED_CRCNS_HC1::paired_crcns::d11222_d11222.002::JRClust::3,PAIRED_CRCNS_HC1::paired_crcns::d11222_d11222.002,PAIRED_CRCNS_HC1,0.07323568575233022,0.12581411,0.05257842428833445
main,fmiss,contextual_paired_only_lightgbm,baseline,lightgbm,PAIRED_CRCNS_HC1::paired_crcns::d11222_d11222.002::KiloSort2::10,PAIRED_CRCNS_HC1::paired_crcns::d11222_d11222.002,PAIRED_CRCNS_HC1,0.5339547270306259,0.058264878,0.47568984938346437
main,fmiss,contextual_paired_only_lightgbm,baseline,lightgbm,PAIRED_CRCNS_HC1::paired_crcns::d11222_d11222.002::KiloSort::1,PAIRED_CRCNS_HC1::paired_crcns::d11222_d11222.002,PAIRED_CRCNS_HC1,0.03595206391478029,0.08425439,0.048302327576632824
main,fmiss,contextual_paired_only_lightgbm,baseline,lightgbm,PAIRED_CRCNS_HC1::paired_crcns::d11222_d11222.002::Klusta::2,PAIRED_CRCNS_HC1::paired_crcns::d11222_d11222.002,PAIRED_CRCNS_HC1,0.022636484687083888,0.08933069,0.06669420343185074
main,fmiss,contextual_paired_only_lightgbm,baseline,lightgbm,PAIRED_CRCNS_HC1::paired_crcns::d11222_d11222.002::MountainSort4::4,PAIRED_CRCNS_HC1::paired_crcns::d11222_d11222.002,PAIRED_CRCNS_HC1,0.20372836218375498,0.0659916,0.13773675934571558
main,fmiss,contextual_paired_only_lightgbm,baseline,lightgbm,PAIRED_CRCNS_HC1::paired_crcns::d11222_d11222.002::SpykingCircus::4,PAIRED_CRCNS_HC1::paired_crcns::d11222_d11222.002,PAIRED_CRCNS_HC1,0.1151797603195739,0.16292626,0.04774649633707283
main,fmiss,contextual_paired_only_lightgbm,baseline,lightgbm,PAIRED_CRCNS_HC1::paired_crcns::d11222_d11222.002::Tridesclous::0,PAIRED_CRCNS_HC1::paired_crcns::d11222_d11222.002,PAIRED_CRCNS_HC1,0.014647137150466045,0.08716022,0.07251308508187572
main,fmiss,contextual_paired_only_lightgbm,baseline,lightgbm,PAIRED_ENGLISH::paired_english::m139_200114_191955::KiloSort2::25,PAIRED_ENGLISH::paired_english::m139_200114_191955,PAIRED_ENGLISH,0.8107276747092185,0.31432015,0.49640752767171237
main,fmiss,contextual_paired_only_lightgbm,baseline,lightgbm,PAIRED_ENGLISH::paired_english::m139_200114_191955::MountainSort4::36,PAIRED_ENGLISH::paired_english::m139_200114_191955,PAIRED_ENGLISH,0.6701912909737576,0.26010242,0.4100888699284543
main,fmiss,contextual_paired_only_lightgbm,baseline,lightgbm,PAIRED_ENGLISH::paired_english::m139_200114_191955::SpykingCircus::42,PAIRED_ENGLISH::paired_english::m139_200114_191955,PAIRED_ENGLISH,0.8063058733057772,0.48793876,0.3183671115946566
main,fmiss,contextual_paired_only_lightgbm,baseline,lightgbm,PAIRED_ENGLISH::paired_english::m139_200114_222743::HerdingSpikes2::5,PAIRED_ENGLISH::paired_english::m139_200114_222743,PAIRED_ENGLISH,0.022052337547780066,0.21783826,0.19578592000341316
main,fmiss,contextual_paired_only_lightgbm,baseline,lightgbm,PAIRED_ENGLISH::paired_english::m139_200114_222743::IronClust::17,PAIRED_ENGLISH::paired_english::m139_200114_222743,PAIRED_ENGLISH,0.01587768303440165,0.27051142,0.2546337355466073
main,fmiss,contextual_paired_only_lightgbm,baseline,lightgbm,PAIRED_ENGLISH::paired_english::m139_200114_222743::KiloSort2::26,PAIRED_ENGLISH::paired_english::m139_200114_222743,PAIRED_ENGLISH,0.002940311673037342,0.34856796,0.34562765097344705
main,fmiss,contextual_paired_only_lightgbm,baseline,lightgbm,PAIRED_ENGLISH::paired_english::m139_200114_222743::KiloSort::88,PAIRED_ENGLISH::paired_english::m139_200114_222743,PAIRED_ENGLISH,0.006174654513378418,0.22611013,0.21993547603509875
main,fmiss,contextual_paired_only_lightgbm,baseline,lightgbm,PAIRED_ENGLISH::paired_english::m139_200114_222743::MountainSort4::46,PAIRED_ENGLISH::paired_english::m139_200114_222743,PAIRED_ENGLISH,0.00911496618641576,0.2721977,0.2630827273999337
main,fmiss,contextual_paired_only_lightgbm,baseline,lightgbm,PAIRED_ENGLISH::paired_english::m139_200114_222743::SpykingCircus::44,PAIRED_ENGLISH::paired_english::m139_200114_222743,PAIRED_ENGLISH,0.0020582181711261394,0.23461519,0.2325569736461575
main,fmiss,contextual_paired_only_lightgbm,baseline,lightgbm,PAIRED_ENGLISH::paired_english::m139_200114_222743::Tridesclous::1,PAIRED_ENGLISH::paired_english::m139_200114_222743,PAIRED_ENGLISH,0.004998529844163481,0.2222048,0.2172062745763077
main,fmiss,contextual_paired_only_lightgbm,baseline,lightgbm,PAIRED_ENGLISH::paired_english::m14_190326_155432::IronClust::22,PAIRED_ENGLISH::paired_english::m14_190326_155432,PAIRED_ENGLISH,0.13721413721413722,0.2894144,0.15220026860861668
main,fmiss,contextual_paired_only_lightgbm,baseline,lightgbm,PAIRED_ENGLISH::paired_english::m14_190326_155432::MountainSort4::33,PAIRED_ENGLISH::paired_english::m14_190326_155432,PAIRED_ENGLISH,0.09147609147609148,0.24126665,0.14979056146561232
main,fmiss,contextual_paired_only_lightgbm,baseline,lightgbm,PAIRED_ENGLISH::paired_english::m14_190326_155432::SpykingCircus::38,PAIRED_ENGLISH::paired_english::m14_190326_155432,PAIRED_ENGLISH,0.079002079002079,0.42148882,0.34248674250442124
main,fmiss,contextual_paired_only_lightgbm,baseline,lightgbm,PAIRED_ENGLISH::paired_english::m15_190315_142052_cell1::IronClust::40,PAIRED_ENGLISH::paired_english::m15_190315_142052_cell1,PAIRED_ENGLISH,0.24027594305005137,0.20126277,0.0390131709667689
main,fmiss,contextual_paired_only_lightgbm,baseline,lightgbm,PAIRED_ENGLISH::paired_english::m15_190315_142052_cell1::KiloSort2::48,PAIRED_ENGLISH::paired_english::m15_190315_142052_cell1,PAIRED_ENGLISH,0.3173345075590782,0.21709394,0.10024056300951767
main,fmiss,contextual_paired_only_lightgbm,baseline,lightgbm,PAIRED_ENGLISH::paired_english::m15_190315_142052_cell1::MountainSort4::62,PAIRED_ENGLISH::paired_english::m15_190315_142052_cell1,PAIRED_ENGLISH,0.5289886980772054,0.31860834,0.21038035447597858
main,fmiss,contextual_paired_only_lightgbm,baseline,lightgbm,PAIRED_ENGLISH::paired_english::m15_190315_142052_cell1::MountainSort4::64,PAIRED_ENGLISH::paired_english::m15_190315_142052_cell1,PAIRED_ENGLISH,0.6713635696462645,0.37207732,0.2992862536005034
main,fmiss,contextual_paired_only_lightgbm,baseline,lightgbm,PAIRED_ENGLISH::paired_english::m15_190315_142052_cell1::SpykingCircus::22,PAIRED_ENGLISH::paired_english::m15_190315_142052_cell1,PAIRED_ENGLISH,0.35975341259357113,0.34218094,0.017572475064960902
main,fmiss,contextual_paired_only_lightgbm,baseline,lightgbm,PAIRED_ENGLISH::paired_english::m15_190315_142052_cell1::SpykingCircus::57,PAIRED_ENGLISH::paired_english::m15_190315_142052_cell1,PAIRED_ENGLISH,0.8711287244972846,0.47075948,0.4003692433056495
main,fmiss,contextual_paired_only_lightgbm,baseline,lightgbm,PAIRED_ENGLISH::paired_english::m15_190315_152315_cell1::IronClust::35,PAIRED_ENGLISH::paired_english::m15_190315_152315_cell1,PAIRED_ENGLISH,0.04922936853742602,0.15032068,0.10109131041193006
main,fmiss,contextual_paired_only_lightgbm,baseline,lightgbm,PAIRED_ENGLISH::paired_english::m15_190315_152315_cell1::KiloSort2::37,PAIRED_ENGLISH::paired_english::m15_190315_152315_cell1,PAIRED_ENGLISH,0.0014307082005592768,0.14748003,0.14604931768693005
main,fmiss,contextual_paired_only_lightgbm,baseline,lightgbm,PAIRED_ENGLISH::paired_english::m15_190315_152315_cell1::KiloSort::1,PAIRED_ENGLISH::paired_english::m15_190315_152315_cell1,PAIRED_ENGLISH,0.003901931456070755,0.17089856,0.1669966252532188
main,fmiss,contextual_paired_only_lightgbm,baseline,lightgbm,PAIRED_ENGLISH::paired_english::m15_190315_152315_cell1::MountainSort4::72,PAIRED_ENGLISH::paired_english::m15_190315_152315_cell1,PAIRED_ENGLISH,0.03479222214996423,0.22990383,0.1951116099280158
main,fmiss,contextual_paired_only_lightgbm,baseline,lightgbm,PAIRED_ENGLISH::paired_english::m15_190315_152315_cell1::SpykingCircus::46,PAIRED_ENGLISH::paired_english::m15_190315_152315_cell1,PAIRED_ENGLISH,0.0018859335371008649,0.16182865,0.15994271848716823
main,fmiss,contextual_paired_only_lightgbm,baseline,lightgbm,PAIRED_ENGLISH::paired_english::m15_190315_152315_cell1::Tridesclous::0,PAIRED_ENGLISH::paired_english::m15_190315_152315_cell1,PAIRED_ENGLISH,0.2026403069519412,0.063814595,0.13882571161025878
main,fmiss,contextual_paired_only_lightgbm,baseline,lightgbm,PAIRED_ENGLISH::paired_english::m26_190524_100859_cell1::KiloSort2::0,PAIRED_ENGLISH::paired_english::m26_190524_100859_cell1,PAIRED_ENGLISH,0.3453815261044177,0.15185772,0.19352380727907742
main,fmiss,contextual_paired_only_lightgbm,baseline,lightgbm,PAIRED_ENGLISH::paired_english::m26_190524_100859_cell1::KiloSort::19,PAIRED_ENGLISH::paired_english::m26_190524_100859_cell1,PAIRED_ENGLISH,0.5522088353413654,0.09750682,0.45470201418581735
main,fmiss,contextual_paired_only_lightgbm,baseline,lightgbm,PAIRED_ENGLISH::paired_english::m26_190524_100859_cell1::KiloSort::8,PAIRED_ENGLISH::paired_english::m26_190524_100859_cell1,PAIRED_ENGLISH,0.7610441767068273,0.08156524,0.6794789381714231
main,fmiss,contextual_paired_only_lightgbm,baseline,lightgbm,PAIRED_ENGLISH::paired_english::m57_191105_141906::IronClust::6,PAIRED_ENGLISH::paired_english::m57_191105_141906,PAIRED_ENGLISH,0.12826603325415678,0.26907757,0.14081153599213533
main,fmiss,contextual_paired_only_lightgbm,baseline,lightgbm,PAIRED_ENGLISH::paired_english::m57_191105_141906::KiloSort::47,PAIRED_ENGLISH::paired_english::m57_191105_141906,PAIRED_ENGLISH,0.04829770387965162,0.20372547,0.15542776821297685
main,fmiss,contextual_paired_only_lightgbm,baseline,lightgbm,PAIRED_ENGLISH::paired_english::m57_191105_141906::MountainSort4::21,PAIRED_ENGLISH::paired_english::m57_191105_141906,PAIRED_ENGLISH,0.1187648456057007,0.24676655,0.1280017067233627
main,fmiss,contextual_paired_only_lightgbm,baseline,lightgbm,PAIRED_ENGLISH::paired_english::m57_191105_141906::MountainSort4::57,PAIRED_ENGLISH::paired_english::m57_191105_141906,PAIRED_ENGLISH,0.5399841646872525,0.51689243,0.023091731520748615
main,fmiss,contextual_paired_only_lightgbm,baseline,lightgbm,PAIRED_ENGLISH::paired_english::m57_191105_141906::SpykingCircus::12,PAIRED_ENGLISH::paired_english::m57_191105_141906,PAIRED_ENGLISH,0.5859065716547902,0.62248296,0.03657638380098982
main,fmiss,contextual_paired_only_lightgbm,baseline,lightgbm,PAIRED_ENGLISH::paired_english::m57_191105_141906::SpykingCircus::30,PAIRED_ENGLISH::paired_english::m57_191105_141906,PAIRED_ENGLISH,0.46872525732383213,0.35752964,0.11119561712607823
main,fmiss,contextual_paired_only_lightgbm,baseline,lightgbm,PAIRED_ENGLISH::paired_english::m57_191105_160026::HerdingSpikes2::1,PAIRED_ENGLISH::paired_english::m57_191105_160026,PAIRED_ENGLISH,0.7557251908396947,0.3852121,0.37051309724800463
main,fmiss,contextual_paired_only_lightgbm,baseline,lightgbm,PAIRED_ENGLISH::paired_english::m57_191105_160026::IronClust::2,PAIRED_ENGLISH::paired_english::m57_191105_160026,PAIRED_ENGLISH,0.7206106870229008,0.62488395,0.09572673726627845
main,fmiss,contextual_paired_only_lightgbm,baseline,lightgbm,PAIRED_ENGLISH::paired_english::m57_191105_160026::IronClust::3,PAIRED_ENGLISH::paired_english::m57_191105_160026,PAIRED_ENGLISH,0.5629770992366412,0.50352305,0.059454047497902174
main,fmiss,contextual_paired_only_lightgbm,baseline,lightgbm,PAIRED_ENGLISH::paired_english::m57_191105_160026::KiloSort::127,PAIRED_ENGLISH::paired_english::m57_191105_160026,PAIRED_ENGLISH,0.7213740458015268,0.57175034,0.14962370295561
main,fmiss,contextual_paired_only_lightgbm,baseline,lightgbm,PAIRED_ENGLISH::paired_english::m57_191105_160026::KiloSort::6,PAIRED_ENGLISH::paired_english::m57_191105_160026,PAIRED_ENGLISH,0.5885496183206107,0.5804031,0.008146528797295272
main,fmiss,contextual_paired_only_lightgbm,baseline,lightgbm,PAIRED_ENGLISH::paired_english::m57_191105_160026::MountainSort4::23,PAIRED_ENGLISH::paired_english::m57_191105_160026,PAIRED_ENGLISH,0.8603053435114504,0.59987384,0.260431502702582
main,fmiss,contextual_paired_only_lightgbm,baseline,lightgbm,PAIRED_ENGLISH::paired_english::m57_191105_160026::MountainSort4::25,PAIRED_ENGLISH::paired_english::m57_191105_160026,PAIRED_ENGLISH,0.5545801526717558,0.3936464,0.16093376342576882
main,fmiss,contextual_paired_only_lightgbm,baseline,lightgbm,PAIRED_ENGLISH::paired_english::m57_191105_160026::SpykingCircus::2,PAIRED_ENGLISH::paired_english::m57_191105_160026,PAIRED_ENGLISH,0.7709923664122137,0.4420461,0.3289462605505499
main,fmiss,contextual_paired_only_lightgbm,baseline,lightgbm,PAIRED_ENGLISH::paired_english::m57_191105_160026::SpykingCircus::4,PAIRED_ENGLISH::paired_english::m57_191105_160026,PAIRED_ENGLISH,0.5625954198473282,0.6456409,0.08304548982445525
main,fmiss,contextual_paired_only_lightgbm,baseline,lightgbm,PAIRED_ENGLISH::paired_english::m57_191105_160026::Tridesclous::0,PAIRED_ENGLISH::paired_english::m57_191105_160026,PAIRED_ENGLISH,0.7061068702290076,0.094615474,0.6114913958857078
main,fmiss,contextual_paired_only_lightgbm,baseline,lightgbm,PAIRED_KAMPFF::paired_kampff::c14::HerdingSpikes2::6,PAIRED_KAMPFF::paired_kampff::c14,PAIRED_KAMPFF,0.35151068533529845,0.6910444,0.33953370486627016
main,fmiss,contextual_paired_only_lightgbm,baseline,lightgbm,PAIRED_KAMPFF::paired_kampff::c14::IronClust::22,PAIRED_KAMPFF::paired_kampff::c14,PAIRED_KAMPFF,0.25036845983787764,0.582619,0.3322505515642525
main,fmiss,contextual_paired_only_lightgbm,baseline,lightgbm,PAIRED_KAMPFF::paired_kampff::c14::KiloSort2::37,PAIRED_KAMPFF::paired_kampff::c14,PAIRED_KAMPFF,0.14296241709653648,0.61866087,0.4756984501176664
main,fmiss,contextual_paired_only_lightgbm,baseline,lightgbm,PAIRED_KAMPFF::paired_kampff::c14::MountainSort4::42,PAIRED_KAMPFF::paired_kampff::c14,PAIRED_KAMPFF,0.32221812822402357,0.6040479,0.28182976625382067
main,fmiss,contextual_paired_only_lightgbm,baseline,lightgbm,PAIRED_KAMPFF::paired_kampff::c14::SpykingCircus::14,PAIRED_KAMPFF::paired_kampff::c14,PAIRED_KAMPFF,0.21868091378039795,0.61905426,0.4003733440893225
main,fmiss,contextual_paired_only_lightgbm,baseline,lightgbm,PAIRED_KAMPFF::paired_kampff::c14::Tridesclous::8,PAIRED_KAMPFF::paired_kampff::c14,PAIRED_KAMPFF,0.20910095799557848,0.2127231,0.00362214815028028
main,fmiss,contextual_paired_only_lightgbm,baseline,lightgbm,PAIRED_MEA64C_YGER::paired_mea64c::20170622_patch1::HerdingSpikes2::19,PAIRED_MEA64C_YGER::paired_mea64c::20170622_patch1,PAIRED_MEA64C_YGER,0.8533362695441533,0.69303364,0.16030263392785082
main,fmiss,contextual_paired_only_lightgbm,baseline,lightgbm,PAIRED_MEA64C_YGER::paired_mea64c::20170622_patch1::HerdingSpikes2::7,PAIRED_MEA64C_YGER::paired_mea64c::20170622_patch1,PAIRED_MEA64C_YGER,0.18343977097555605,0.25033668,0.06689690586045774
main,fmiss,contextual_paired_only_lightgbm,baseline,lightgbm,PAIRED_MEA64C_YGER::paired_mea64c::20170622_patch1::IronClust::8,PAIRED_MEA64C_YGER::paired_mea64c::20170622_patch1,PAIRED_MEA64C_YGER,0.027747192248403437,0.047591396,0.01984420342773258
main,fmiss,contextual_paired_only_lightgbm,baseline,lightgbm,PAIRED_MEA64C_YGER::paired_mea64c::20170622_patch1::KiloSort2::23,PAIRED_MEA64C_YGER::paired_mea64c::20170622_patch1,PAIRED_MEA64C_YGER,0.0008808632459810614,0.14247897,0.1415981094274351
main,fmiss,contextual_paired_only_lightgbm,baseline,lightgbm,PAIRED_MEA64C_YGER::paired_mea64c::20170622_patch1::KiloSort::64,PAIRED_MEA64C_YGER::paired_mea64c::20170622_patch1,PAIRED_MEA64C_YGER,0.03457388240475666,0.11565367,0.08107978891949642
main,fmiss,contextual_paired_only_lightgbm,baseline,lightgbm,PAIRED_MEA64C_YGER::paired_mea64c::20170622_patch1::Klusta::4,PAIRED_MEA64C_YGER::paired_mea64c::20170622_patch1,PAIRED_MEA64C_YGER,0.17441092270425015,0.10968149,0.0647294356208151
main,fmiss,contextual_paired_only_lightgbm,baseline,lightgbm,PAIRED_MEA64C_YGER::paired_mea64c::20170622_patch1::MountainSort4::43,PAIRED_MEA64C_YGER::paired_mea64c::20170622_patch1,PAIRED_MEA64C_YGER,0.02510460251046025,0.09289404,0.06778943753766216
main,fmiss,contextual_paired_only_lightgbm,baseline,lightgbm,PAIRED_MEA64C_YGER::paired_mea64c::20170622_patch1::SpykingCircus::18,PAIRED_MEA64C_YGER::paired_mea64c::20170622_patch1,PAIRED_MEA64C_YGER,0.0028628055494384495,0.082329825,0.07946701901740268
main,fmiss,contextual_paired_only_lightgbm,baseline,lightgbm,PAIRED_MEA64C_YGER::paired_mea64c::20170622_patch1::Tridesclous::12,PAIRED_MEA64C_YGER::paired_mea64c::20170622_patch1,PAIRED_MEA64C_YGER,0.026425897379431844,0.10436352,0.07793762604423987
main,fmiss,contextual_paired_only_lightgbm,baseline,lightgbm,PAIRED_MEA64C_YGER::paired_mea64c::20170622_patch2::HerdingSpikes2::16,PAIRED_MEA64C_YGER::paired_mea64c::20170622_patch2,PAIRED_MEA64C_YGER,0.6606015595989603,0.5111203,0.1494812402325052
main,fmiss,contextual_paired_only_lightgbm,baseline,lightgbm,PAIRED_MEA64C_YGER::paired_mea64c::20170622_patch2::HerdingSpikes2::44,PAIRED_MEA64C_YGER::paired_mea64c::20170622_patch2,PAIRED_MEA64C_YGER,0.8756034162643892,0.5091745,0.36642889052662675
main,fmiss,contextual_paired_only_lightgbm,baseline,lightgbm,PAIRED_MEA64C_YGER::paired_mea64c::20170622_patch2::HerdingSpikes2::5,PAIRED_MEA64C_YGER::paired_mea64c::20170622_patch2,PAIRED_MEA64C_YGER,0.008169327887114742,0.020097222,0.011927894292059682
main,fmiss,contextual_paired_only_lightgbm,baseline,lightgbm,PAIRED_MEA64C_YGER::paired_mea64c::20170622_patch2::IronClust::11,PAIRED_MEA64C_YGER::paired_mea64c::20170622_patch2,PAIRED_MEA64C_YGER,0.0003713330857779428,0.012559382,0.012188049159166629
main,fmiss,contextual_paired_only_lightgbm,baseline,lightgbm,PAIRED_MEA64C_YGER::paired_mea64c::20170622_patch2::JRClust::31,PAIRED_MEA64C_YGER::paired_mea64c::20170622_patch2,PAIRED_MEA64C_YGER,0.0029706646862235424,0.015560732,0.012590067536869967
main,fmiss,contextual_paired_only_lightgbm,baseline,lightgbm,PAIRED_MEA64C_YGER::paired_mea64c::20170622_patch2::KiloSort2::33,PAIRED_MEA64C_YGER::paired_mea64c::20170622_patch2,PAIRED_MEA64C_YGER,0.0011139992573338284,0.012591059,0.01147706006234114
main,fmiss,contextual_paired_only_lightgbm,baseline,lightgbm,PAIRED_MEA64C_YGER::paired_mea64c::20170622_patch2::KiloSort::5,PAIRED_MEA64C_YGER::paired_mea64c::20170622_patch2,PAIRED_MEA64C_YGER,0.0014853323431117712,0.0101951,0.008709767405559284
main,fmiss,contextual_paired_only_lightgbm,baseline,lightgbm,PAIRED_MEA64C_YGER::paired_mea64c::20170622_patch2::Klusta::14,PAIRED_MEA64C_YGER::paired_mea64c::20170622_patch2,PAIRED_MEA64C_YGER,0.15893056071295952,0.022132842,0.1367977188427708
main,fmiss,contextual_paired_only_lightgbm,baseline,lightgbm,PAIRED_MEA64C_YGER::paired_mea64c::20170622_patch2::MountainSort4::31,PAIRED_MEA64C_YGER::paired_mea64c::20170622_patch2,PAIRED_MEA64C_YGER,0.0003713330857779428,0.0052549816,0.00488364848789316
main,fmiss,contextual_paired_only_lightgbm,baseline,lightgbm,PAIRED_MEA64C_YGER::paired_mea64c::20170622_patch2::SpykingCircus::17,PAIRED_MEA64C_YGER::paired_mea64c::20170622_patch2,PAIRED_MEA64C_YGER,0.0003713330857779428,0.014689671,0.014318337789890582
main,fmiss,contextual_paired_only_lightgbm,baseline,lightgbm,PAIRED_MEA64C_YGER::paired_mea64c::20170622_patch2::Tridesclous::0,PAIRED_MEA64C_YGER::paired_mea64c::20170622_patch2,PAIRED_MEA64C_YGER,0.0003713330857779428,0.015618394,0.015247061043200309
main,fmiss,embed_nommd_fullctx_lightgbm,embedding_stack,lightgbm,PAIRED_BOYDEN::paired_boyden32c::1103_1_1::IronClust::4,PAIRED_BOYDEN::paired_boyden32c::1103_1_1,PAIRED_BOYDEN,0.1661807580174927,0.1754681,0.009287344080018578
main,fmiss,embed_nommd_fullctx_lightgbm,embedding_stack,lightgbm,PAIRED_BOYDEN::paired_boyden32c::1103_1_1::JRClust::18,PAIRED_BOYDEN::paired_boyden32c::1103_1_1,PAIRED_BOYDEN,0.08551992225461613,0.27756077,0.19204084825701107
main,fmiss,embed_nommd_fullctx_lightgbm,embedding_stack,lightgbm,PAIRED_BOYDEN::paired_boyden32c::1103_1_1::KiloSort2::33,PAIRED_BOYDEN::paired_boyden32c::1103_1_1,PAIRED_BOYDEN,0.42857142857142855,0.30900452,0.11956691316195894
main,fmiss,embed_nommd_fullctx_lightgbm,embedding_stack,lightgbm,PAIRED_BOYDEN::paired_boyden32c::1103_1_1::KiloSort2::55,PAIRED_BOYDEN::paired_boyden32c::1103_1_1,PAIRED_BOYDEN,0.8328474246841594,0.5145071,0.31834030979692185
main,fmiss,embed_nommd_fullctx_lightgbm,embedding_stack,lightgbm,PAIRED_BOYDEN::paired_boyden32c::1103_1_1::KiloSort2::60,PAIRED_BOYDEN::paired_boyden32c::1103_1_1,PAIRED_BOYDEN,0.7580174927113703,0.46661776,0.29139972966892036
main,fmiss,embed_nommd_fullctx_lightgbm,embedding_stack,lightgbm,PAIRED_BOYDEN::paired_boyden32c::1103_1_1::KiloSort::111,PAIRED_BOYDEN::paired_boyden32c::1103_1_1,PAIRED_BOYDEN,0.04081632653061224,0.26808894,0.22727261027511286
main,fmiss,embed_nommd_fullctx_lightgbm,embedding_stack,lightgbm,PAIRED_BOYDEN::paired_boyden32c::1103_1_1::Klusta::12,PAIRED_BOYDEN::paired_boyden32c::1103_1_1,PAIRED_BOYDEN,0.17881438289601556,0.28316143,0.10434704865496405
main,fmiss,embed_nommd_fullctx_lightgbm,embedding_stack,lightgbm,PAIRED_BOYDEN::paired_boyden32c::1103_1_1::MountainSort4::26,PAIRED_BOYDEN::paired_boyden32c::1103_1_1,PAIRED_BOYDEN,0.03595724003887269,0.23046052,0.1945032845201483
main,fmiss,embed_nommd_fullctx_lightgbm,embedding_stack,lightgbm,PAIRED_BOYDEN::paired_boyden32c::1103_1_1::SpykingCircus::27,PAIRED_BOYDEN::paired_boyden32c::1103_1_1,PAIRED_BOYDEN,0.07482993197278912,0.33184558,0.25701564955873557
main,fmiss,embed_nommd_fullctx_lightgbm,embedding_stack,lightgbm,PAIRED_BOYDEN::paired_boyden32c::1103_1_1::Tridesclous::3,PAIRED_BOYDEN::paired_boyden32c::1103_1_1,PAIRED_BOYDEN,0.11273080660835763,0.13092446,0.018193656663737096
main,fmiss,embed_nommd_fullctx_lightgbm,embedding_stack,lightgbm,PAIRED_BOYDEN::paired_boyden32c::419_1_8::IronClust::14,PAIRED_BOYDEN::paired_boyden32c::419_1_8,PAIRED_BOYDEN,0.1489691520694466,0.13916872,0.009800427651760146
main,fmiss,embed_nommd_fullctx_lightgbm,embedding_stack,lightgbm,PAIRED_BOYDEN::paired_boyden32c::419_1_8::IronClust::4,PAIRED_BOYDEN::paired_boyden32c::419_1_8,PAIRED_BOYDEN,0.3614943419624864,0.2620873,0.09940705644384018
main,fmiss,embed_nommd_fullctx_lightgbm,embedding_stack,lightgbm,PAIRED_BOYDEN::paired_boyden32c::419_1_8::JRClust::24,PAIRED_BOYDEN::paired_boyden32c::419_1_8,PAIRED_BOYDEN,0.14617888699426446,0.13034868,0.015830204590700003
main,fmiss,embed_nommd_fullctx_lightgbm,embedding_stack,lightgbm,PAIRED_BOYDEN::paired_boyden32c::419_1_8::JRClust::8,PAIRED_BOYDEN::paired_boyden32c::419_1_8,PAIRED_BOYDEN,0.7484110990544102,0.71385384,0.034557262994839855
main,fmiss,embed_nommd_fullctx_lightgbm,embedding_stack,lightgbm,PAIRED_BOYDEN::paired_boyden32c::419_1_8::KiloSort2::27,PAIRED_BOYDEN::paired_boyden32c::419_1_8,PAIRED_BOYDEN,0.06696636180437142,0.10877905,0.041812688605422435
main,fmiss,embed_nommd_fullctx_lightgbm,embedding_stack,lightgbm,PAIRED_BOYDEN::paired_boyden32c::419_1_8::KiloSort2::46,PAIRED_BOYDEN::paired_boyden32c::419_1_8,PAIRED_BOYDEN,0.11424585335606882,0.22676855,0.1125226999009197
main,fmiss,embed_nommd_fullctx_lightgbm,embedding_stack,lightgbm,PAIRED_BOYDEN::paired_boyden32c::419_1_8::KiloSort::17,PAIRED_BOYDEN::paired_boyden32c::419_1_8,PAIRED_BOYDEN,0.13067741435436367,0.15776977,0.027092355075796853
main,fmiss,embed_nommd_fullctx_lightgbm,embedding_stack,lightgbm,PAIRED_BOYDEN::paired_boyden32c::419_1_8::MountainSort4::42,PAIRED_BOYDEN::paired_boyden32c::419_1_8,PAIRED_BOYDEN,0.12261664858161525,0.094429396,0.028187252488723558
main,fmiss,embed_nommd_fullctx_lightgbm,embedding_stack,lightgbm,PAIRED_BOYDEN::paired_boyden32c::419_1_8::SpykingCircus::24,PAIRED_BOYDEN::paired_boyden32c::419_1_8,PAIRED_BOYDEN,0.8012711207564719,0.7379783,0.0632928411658652
main,fmiss,embed_nommd_fullctx_lightgbm,embedding_stack,lightgbm,PAIRED_BOYDEN::paired_boyden32c::419_1_8::SpykingCircus::28,PAIRED_BOYDEN::paired_boyden32c::419_1_8,PAIRED_BOYDEN,0.12416679584560533,0.14138114,0.017214348678015273
main,fmiss,embed_nommd_fullctx_lightgbm,embedding_stack,lightgbm,PAIRED_BOYDEN::paired_boyden32c::419_1_8::Tridesclous::0,PAIRED_BOYDEN::paired_boyden32c::419_1_8,PAIRED_BOYDEN,0.14447372500387537,0.028447986,0.11602573935476648
main,fmiss,embed_nommd_fullctx_lightgbm,embedding_stack,lightgbm,PAIRED_CRCNS_HC1::paired_crcns::d11221_d11221.001::SpykingCircus::6,PAIRED_CRCNS_HC1::paired_crcns::d11221_d11221.001,PAIRED_CRCNS_HC1,0.2845528455284553,0.52362484,0.23907199187007377
main,fmiss,embed_nommd_fullctx_lightgbm,embedding_stack,lightgbm,PAIRED_CRCNS_HC1::paired_crcns::d11222_d11222.002::IronClust::2,PAIRED_CRCNS_HC1::paired_crcns::d11222_d11222.002,PAIRED_CRCNS_HC1,0.017310252996005325,0.114652514,0.0973422614616973
main,fmiss,embed_nommd_fullctx_lightgbm,embedding_stack,lightgbm,PAIRED_CRCNS_HC1::paired_crcns::d11222_d11222.002::JRClust::3,PAIRED_CRCNS_HC1::paired_crcns::d11222_d11222.002,PAIRED_CRCNS_HC1,0.07323568575233022,0.14972694,0.076491256429257
main,fmiss,embed_nommd_fullctx_lightgbm,embedding_stack,lightgbm,PAIRED_CRCNS_HC1::paired_crcns::d11222_d11222.002::KiloSort2::10,PAIRED_CRCNS_HC1::paired_crcns::d11222_d11222.002,PAIRED_CRCNS_HC1,0.5339547270306259,0.10939178,0.4245629483231216
main,fmiss,embed_nommd_fullctx_lightgbm,embedding_stack,lightgbm,PAIRED_CRCNS_HC1::paired_crcns::d11222_d11222.002::KiloSort::1,PAIRED_CRCNS_HC1::paired_crcns::d11222_d11222.002,PAIRED_CRCNS_HC1,0.03595206391478029,0.11747216,0.08152009296750579
main,fmiss,embed_nommd_fullctx_lightgbm,embedding_stack,lightgbm,PAIRED_CRCNS_HC1::paired_crcns::d11222_d11222.002::Klusta::2,PAIRED_CRCNS_HC1::paired_crcns::d11222_d11222.002,PAIRED_CRCNS_HC1,0.022636484687083888,0.07355504,0.05091855269218094
main,fmiss,embed_nommd_fullctx_lightgbm,embedding_stack,lightgbm,PAIRED_CRCNS_HC1::paired_crcns::d11222_d11222.002::MountainSort4::4,PAIRED_CRCNS_HC1::paired_crcns::d11222_d11222.002,PAIRED_CRCNS_HC1,0.20372836218375498,0.053619348,0.15010901467103296
main,fmiss,embed_nommd_fullctx_lightgbm,embedding_stack,lightgbm,PAIRED_CRCNS_HC1::paired_crcns::d11222_d11222.002::SpykingCircus::4,PAIRED_CRCNS_HC1::paired_crcns::d11222_d11222.002,PAIRED_CRCNS_HC1,0.1151797603195739,0.12898909,0.013809325235502698
main,fmiss,embed_nommd_fullctx_lightgbm,embedding_stack,lightgbm,PAIRED_CRCNS_HC1::paired_crcns::d11222_d11222.002::Tridesclous::0,PAIRED_CRCNS_HC1::paired_crcns::d11222_d11222.002,PAIRED_CRCNS_HC1,0.014647137150466045,0.11197196,0.09732482232123653
main,fmiss,embed_nommd_fullctx_lightgbm,embedding_stack,lightgbm,PAIRED_ENGLISH::paired_english::m139_200114_191955::KiloSort2::25,PAIRED_ENGLISH::paired_english::m139_200114_191955,PAIRED_ENGLISH,0.8107276747092185,0.2005826,0.6101450810297904
main,fmiss,embed_nommd_fullctx_lightgbm,embedding_stack,lightgbm,PAIRED_ENGLISH::paired_english::m139_200114_191955::MountainSort4::36,PAIRED_ENGLISH::paired_english::m139_200114_191955,PAIRED_ENGLISH,0.6701912909737576,0.22990663,0.44028465747747314
main,fmiss,embed_nommd_fullctx_lightgbm,embedding_stack,lightgbm,PAIRED_ENGLISH::paired_english::m139_200114_191955::SpykingCircus::42,PAIRED_ENGLISH::paired_english::m139_200114_191955,PAIRED_ENGLISH,0.8063058733057772,0.5324262,0.2738796948504244
main,fmiss,embed_nommd_fullctx_lightgbm,embedding_stack,lightgbm,PAIRED_ENGLISH::paired_english::m139_200114_222743::HerdingSpikes2::5,PAIRED_ENGLISH::paired_english::m139_200114_222743,PAIRED_ENGLISH,0.022052337547780066,0.21970071,0.1976483714375486
main,fmiss,embed_nommd_fullctx_lightgbm,embedding_stack,lightgbm,PAIRED_ENGLISH::paired_english::m139_200114_222743::IronClust::17,PAIRED_ENGLISH::paired_english::m139_200114_222743,PAIRED_ENGLISH,0.01587768303440165,0.3189021,0.3030244220586007
main,fmiss,embed_nommd_fullctx_lightgbm,embedding_stack,lightgbm,PAIRED_ENGLISH::paired_english::m139_200114_222743::KiloSort2::26,PAIRED_ENGLISH::paired_english::m139_200114_222743,PAIRED_ENGLISH,0.002940311673037342,0.37285778,0.36991746759141275
main,fmiss,embed_nommd_fullctx_lightgbm,embedding_stack,lightgbm,PAIRED_ENGLISH::paired_english::m139_200114_222743::KiloSort::88,PAIRED_ENGLISH::paired_english::m139_200114_222743,PAIRED_ENGLISH,0.006174654513378418,0.2608576,0.25468295738122915
main,fmiss,embed_nommd_fullctx_lightgbm,embedding_stack,lightgbm,PAIRED_ENGLISH::paired_english::m139_200114_222743::MountainSort4::46,PAIRED_ENGLISH::paired_english::m139_200114_222743,PAIRED_ENGLISH,0.00911496618641576,0.40294248,0.393827512470353
main,fmiss,embed_nommd_fullctx_lightgbm,embedding_stack,lightgbm,PAIRED_ENGLISH::paired_english::m139_200114_222743::SpykingCircus::44,PAIRED_ENGLISH::paired_english::m139_200114_222743,PAIRED_ENGLISH,0.0020582181711261394,0.21514446,0.2130862372617657
main,fmiss,embed_nommd_fullctx_lightgbm,embedding_stack,lightgbm,PAIRED_ENGLISH::paired_english::m139_200114_222743::Tridesclous::1,PAIRED_ENGLISH::paired_english::m139_200114_222743,PAIRED_ENGLISH,0.004998529844163481,0.1640783,0.159079765386702
main,fmiss,embed_nommd_fullctx_lightgbm,embedding_stack,lightgbm,PAIRED_ENGLISH::paired_english::m14_190326_155432::IronClust::22,PAIRED_ENGLISH::paired_english::m14_190326_155432,PAIRED_ENGLISH,0.13721413721413722,0.42894977,0.29173563609747777
main,fmiss,embed_nommd_fullctx_lightgbm,embedding_stack,lightgbm,PAIRED_ENGLISH::paired_english::m14_190326_155432::MountainSort4::33,PAIRED_ENGLISH::paired_english::m14_190326_155432,PAIRED_ENGLISH,0.09147609147609148,0.5446925,0.4532164248508128
main,fmiss,embed_nommd_fullctx_lightgbm,embedding_stack,lightgbm,PAIRED_ENGLISH::paired_english::m14_190326_155432::SpykingCircus::38,PAIRED_ENGLISH::paired_english::m14_190326_155432,PAIRED_ENGLISH,0.079002079002079,0.4944307,0.41542861200172043
main,fmiss,embed_nommd_fullctx_lightgbm,embedding_stack,lightgbm,PAIRED_ENGLISH::paired_english::m15_190315_142052_cell1::IronClust::40,PAIRED_ENGLISH::paired_english::m15_190315_142052_cell1,PAIRED_ENGLISH,0.24027594305005137,0.14443868,0.09583725906338755
main,fmiss,embed_nommd_fullctx_lightgbm,embedding_stack,lightgbm,PAIRED_ENGLISH::paired_english::m15_190315_142052_cell1::KiloSort2::48,PAIRED_ENGLISH::paired_english::m15_190315_142052_cell1,PAIRED_ENGLISH,0.3173345075590782,0.24473901,0.07259549662901688
main,fmiss,embed_nommd_fullctx_lightgbm,embedding_stack,lightgbm,PAIRED_ENGLISH::paired_english::m15_190315_142052_cell1::MountainSort4::62,PAIRED_ENGLISH::paired_english::m15_190315_142052_cell1,PAIRED_ENGLISH,0.5289886980772054,0.3356752,0.1933134883165395
main,fmiss,embed_nommd_fullctx_lightgbm,embedding_stack,lightgbm,PAIRED_ENGLISH::paired_english::m15_190315_142052_cell1::MountainSort4::64,PAIRED_ENGLISH::paired_english::m15_190315_142052_cell1,PAIRED_ENGLISH,0.6713635696462645,0.45990327,0.21146029964008473
main,fmiss,embed_nommd_fullctx_lightgbm,embedding_stack,lightgbm,PAIRED_ENGLISH::paired_english::m15_190315_142052_cell1::SpykingCircus::22,PAIRED_ENGLISH::paired_english::m15_190315_142052_cell1,PAIRED_ENGLISH,0.35975341259357113,0.41485685,0.0551034385073505
main,fmiss,embed_nommd_fullctx_lightgbm,embedding_stack,lightgbm,PAIRED_ENGLISH::paired_english::m15_190315_142052_cell1::SpykingCircus::57,PAIRED_ENGLISH::paired_english::m15_190315_142052_cell1,PAIRED_ENGLISH,0.8711287244972846,0.5943661,0.2767626508888862
main,fmiss,embed_nommd_fullctx_lightgbm,embedding_stack,lightgbm,PAIRED_ENGLISH::paired_english::m15_190315_152315_cell1::IronClust::35,PAIRED_ENGLISH::paired_english::m15_190315_152315_cell1,PAIRED_ENGLISH,0.04922936853742602,0.124105714,0.07487634572410581
main,fmiss,embed_nommd_fullctx_lightgbm,embedding_stack,lightgbm,PAIRED_ENGLISH::paired_english::m15_190315_152315_cell1::KiloSort2::37,PAIRED_ENGLISH::paired_english::m15_190315_152315_cell1,PAIRED_ENGLISH,0.0014307082005592768,0.03908017,0.037649460851326325
main,fmiss,embed_nommd_fullctx_lightgbm,embedding_stack,lightgbm,PAIRED_ENGLISH::paired_english::m15_190315_152315_cell1::KiloSort::1,PAIRED_ENGLISH::paired_english::m15_190315_152315_cell1,PAIRED_ENGLISH,0.003901931456070755,0.06788292,0.06398098636533656
main,fmiss,embed_nommd_fullctx_lightgbm,embedding_stack,lightgbm,PAIRED_ENGLISH::paired_english::m15_190315_152315_cell1::MountainSort4::72,PAIRED_ENGLISH::paired_english::m15_190315_152315_cell1,PAIRED_ENGLISH,0.03479222214996423,0.17439917,0.13960694514930638
main,fmiss,embed_nommd_fullctx_lightgbm,embedding_stack,lightgbm,PAIRED_ENGLISH::paired_english::m15_190315_152315_cell1::SpykingCircus::46,PAIRED_ENGLISH::paired_english::m15_190315_152315_cell1,PAIRED_ENGLISH,0.0018859335371008649,0.08468113,0.08279519740858166
main,fmiss,embed_nommd_fullctx_lightgbm,embedding_stack,lightgbm,PAIRED_ENGLISH::paired_english::m15_190315_152315_cell1::Tridesclous::0,PAIRED_ENGLISH::paired_english::m15_190315_152315_cell1,PAIRED_ENGLISH,0.2026403069519412,0.11529467,0.08734563440317031
main,fmiss,embed_nommd_fullctx_lightgbm,embedding_stack,lightgbm,PAIRED_ENGLISH::paired_english::m26_190524_100859_cell1::KiloSort2::0,PAIRED_ENGLISH::paired_english::m26_190524_100859_cell1,PAIRED_ENGLISH,0.3453815261044177,0.41441658,0.06903505528787052
main,fmiss,embed_nommd_fullctx_lightgbm,embedding_stack,lightgbm,PAIRED_ENGLISH::paired_english::m26_190524_100859_cell1::KiloSort::19,PAIRED_ENGLISH::paired_english::m26_190524_100859_cell1,PAIRED_ENGLISH,0.5522088353413654,0.3219864,0.23022242829981576
main,fmiss,embed_nommd_fullctx_lightgbm,embedding_stack,lightgbm,PAIRED_ENGLISH::paired_english::m26_190524_100859_cell1::KiloSort::8,PAIRED_ENGLISH::paired_english::m26_190524_100859_cell1,PAIRED_ENGLISH,0.7610441767068273,0.3061772,0.454866977819956
main,fmiss,embed_nommd_fullctx_lightgbm,embedding_stack,lightgbm,PAIRED_ENGLISH::paired_english::m57_191105_141906::IronClust::6,PAIRED_ENGLISH::paired_english::m57_191105_141906,PAIRED_ENGLISH,0.12826603325415678,0.38612303,0.2578569981236356
main,fmiss,embed_nommd_fullctx_lightgbm,embedding_stack,lightgbm,PAIRED_ENGLISH::paired_english::m57_191105_141906::KiloSort::47,PAIRED_ENGLISH::paired_english::m57_191105_141906,PAIRED_ENGLISH,0.04829770387965162,0.27764073,0.22934302626294176
main,fmiss,embed_nommd_fullctx_lightgbm,embedding_stack,lightgbm,PAIRED_ENGLISH::paired_english::m57_191105_141906::MountainSort4::21,PAIRED_ENGLISH::paired_english::m57_191105_141906,PAIRED_ENGLISH,0.1187648456057007,0.32112268,0.20235783052840878
main,fmiss,embed_nommd_fullctx_lightgbm,embedding_stack,lightgbm,PAIRED_ENGLISH::paired_english::m57_191105_141906::MountainSort4::57,PAIRED_ENGLISH::paired_english::m57_191105_141906,PAIRED_ENGLISH,0.5399841646872525,0.4138884,0.12609576985464144
main,fmiss,embed_nommd_fullctx_lightgbm,embedding_stack,lightgbm,PAIRED_ENGLISH::paired_english::m57_191105_141906::SpykingCircus::12,PAIRED_ENGLISH::paired_english::m57_191105_141906,PAIRED_ENGLISH,0.5859065716547902,0.6101216,0.024215036125666334
main,fmiss,embed_nommd_fullctx_lightgbm,embedding_stack,lightgbm,PAIRED_ENGLISH::paired_english::m57_191105_141906::SpykingCircus::30,PAIRED_ENGLISH::paired_english::m57_191105_141906,PAIRED_ENGLISH,0.46872525732383213,0.3376967,0.13102855603560887
main,fmiss,embed_nommd_fullctx_lightgbm,embedding_stack,lightgbm,PAIRED_ENGLISH::paired_english::m57_191105_160026::HerdingSpikes2::1,PAIRED_ENGLISH::paired_english::m57_191105_160026,PAIRED_ENGLISH,0.7557251908396947,0.20636141,0.5493637778376805
main,fmiss,embed_nommd_fullctx_lightgbm,embedding_stack,lightgbm,PAIRED_ENGLISH::paired_english::m57_191105_160026::IronClust::2,PAIRED_ENGLISH::paired_english::m57_191105_160026,PAIRED_ENGLISH,0.7206106870229008,0.40762052,0.3129901676232578
main,fmiss,embed_nommd_fullctx_lightgbm,embedding_stack,lightgbm,PAIRED_ENGLISH::paired_english::m57_191105_160026::IronClust::3,PAIRED_ENGLISH::paired_english::m57_191105_160026,PAIRED_ENGLISH,0.5629770992366412,0.3865601,0.1764169869987109
main,fmiss,embed_nommd_fullctx_lightgbm,embedding_stack,lightgbm,PAIRED_ENGLISH::paired_english::m57_191105_160026::KiloSort::127,PAIRED_ENGLISH::paired_english::m57_191105_160026,PAIRED_ENGLISH,0.7213740458015268,0.41053143,0.31084261436498806
main,fmiss,embed_nommd_fullctx_lightgbm,embedding_stack,lightgbm,PAIRED_ENGLISH::paired_english::m57_191105_160026::KiloSort::6,PAIRED_ENGLISH::paired_english::m57_191105_160026,PAIRED_ENGLISH,0.5885496183206107,0.38171786,0.20683175762191075
main,fmiss,embed_nommd_fullctx_lightgbm,embedding_stack,lightgbm,PAIRED_ENGLISH::paired_english::m57_191105_160026::MountainSort4::23,PAIRED_ENGLISH::paired_english::m57_191105_160026,PAIRED_ENGLISH,0.8603053435114504,0.71170914,0.14859620178018818
main,fmiss,embed_nommd_fullctx_lightgbm,embedding_stack,lightgbm,PAIRED_ENGLISH::paired_english::m57_191105_160026::MountainSort4::25,PAIRED_ENGLISH::paired_english::m57_191105_160026,PAIRED_ENGLISH,0.5545801526717558,0.31115752,0.24342262808603188
main,fmiss,embed_nommd_fullctx_lightgbm,embedding_stack,lightgbm,PAIRED_ENGLISH::paired_english::m57_191105_160026::SpykingCircus::2,PAIRED_ENGLISH::paired_english::m57_191105_160026,PAIRED_ENGLISH,0.7709923664122137,0.32204446,0.4489479044466528
main,fmiss,embed_nommd_fullctx_lightgbm,embedding_stack,lightgbm,PAIRED_ENGLISH::paired_english::m57_191105_160026::SpykingCircus::4,PAIRED_ENGLISH::paired_english::m57_191105_160026,PAIRED_ENGLISH,0.5625954198473282,0.42751706,0.13507836338217927
main,fmiss,embed_nommd_fullctx_lightgbm,embedding_stack,lightgbm,PAIRED_ENGLISH::paired_english::m57_191105_160026::Tridesclous::0,PAIRED_ENGLISH::paired_english::m57_191105_160026,PAIRED_ENGLISH,0.7061068702290076,0.06948936,0.6366175103733558
main,fmiss,embed_nommd_fullctx_lightgbm,embedding_stack,lightgbm,PAIRED_KAMPFF::paired_kampff::c14::HerdingSpikes2::6,PAIRED_KAMPFF::paired_kampff::c14,PAIRED_KAMPFF,0.35151068533529845,0.46526453,0.11375384365449343
main,fmiss,embed_nommd_fullctx_lightgbm,embedding_stack,lightgbm,PAIRED_KAMPFF::paired_kampff::c14::IronClust::22,PAIRED_KAMPFF::paired_kampff::c14,PAIRED_KAMPFF,0.25036845983787764,0.36639738,0.11602892099097978
main,fmiss,embed_nommd_fullctx_lightgbm,embedding_stack,lightgbm,PAIRED_KAMPFF::paired_kampff::c14::KiloSort2::37,PAIRED_KAMPFF::paired_kampff::c14,PAIRED_KAMPFF,0.14296241709653648,0.2650239,0.1220614700609037
main,fmiss,embed_nommd_fullctx_lightgbm,embedding_stack,lightgbm,PAIRED_KAMPFF::paired_kampff::c14::MountainSort4::42,PAIRED_KAMPFF::paired_kampff::c14,PAIRED_KAMPFF,0.32221812822402357,0.25344366,0.06877446987212538
main,fmiss,embed_nommd_fullctx_lightgbm,embedding_stack,lightgbm,PAIRED_KAMPFF::paired_kampff::c14::SpykingCircus::14,PAIRED_KAMPFF::paired_kampff::c14,PAIRED_KAMPFF,0.21868091378039795,0.29419115,0.07551023807697815
main,fmiss,embed_nommd_fullctx_lightgbm,embedding_stack,lightgbm,PAIRED_KAMPFF::paired_kampff::c14::Tridesclous::8,PAIRED_KAMPFF::paired_kampff::c14,PAIRED_KAMPFF,0.20910095799557848,0.14737879,0.06172217059724017
main,fmiss,embed_nommd_fullctx_lightgbm,embedding_stack,lightgbm,PAIRED_MEA64C_YGER::paired_mea64c::20170622_patch1::HerdingSpikes2::19,PAIRED_MEA64C_YGER::paired_mea64c::20170622_patch1,PAIRED_MEA64C_YGER,0.8533362695441533,0.7680388,0.08529746024468432
main,fmiss,embed_nommd_fullctx_lightgbm,embedding_stack,lightgbm,PAIRED_MEA64C_YGER::paired_mea64c::20170622_patch1::HerdingSpikes2::7,PAIRED_MEA64C_YGER::paired_mea64c::20170622_patch1,PAIRED_MEA64C_YGER,0.18343977097555605,0.2247917,0.041351934632811865
main,fmiss,embed_nommd_fullctx_lightgbm,embedding_stack,lightgbm,PAIRED_MEA64C_YGER::paired_mea64c::20170622_patch1::IronClust::8,PAIRED_MEA64C_YGER::paired_mea64c::20170622_patch1,PAIRED_MEA64C_YGER,0.027747192248403437,0.018913949,0.008833243339955218
main,fmiss,embed_nommd_fullctx_lightgbm,embedding_stack,lightgbm,PAIRED_MEA64C_YGER::paired_mea64c::20170622_patch1::KiloSort2::23,PAIRED_MEA64C_YGER::paired_mea64c::20170622_patch1,PAIRED_MEA64C_YGER,0.0008808632459810614,0.040005147,0.03912428421114174
main,fmiss,embed_nommd_fullctx_lightgbm,embedding_stack,lightgbm,PAIRED_MEA64C_YGER::paired_mea64c::20170622_patch1::KiloSort::64,PAIRED_MEA64C_YGER::paired_mea64c::20170622_patch1,PAIRED_MEA64C_YGER,0.03457388240475666,0.046393067,0.01181918423991192
main,fmiss,embed_nommd_fullctx_lightgbm,embedding_stack,lightgbm,PAIRED_MEA64C_YGER::paired_mea64c::20170622_patch1::Klusta::4,PAIRED_MEA64C_YGER::paired_mea64c::20170622_patch1,PAIRED_MEA64C_YGER,0.17441092270425015,0.04408479,0.13032613161018544
main,fmiss,embed_nommd_fullctx_lightgbm,embedding_stack,lightgbm,PAIRED_MEA64C_YGER::paired_mea64c::20170622_patch1::MountainSort4::43,PAIRED_MEA64C_YGER::paired_mea64c::20170622_patch1,PAIRED_MEA64C_YGER,0.02510460251046025,0.12422198,0.09911737806128658
main,fmiss,embed_nommd_fullctx_lightgbm,embedding_stack,lightgbm,PAIRED_MEA64C_YGER::paired_mea64c::20170622_patch1::SpykingCircus::18,PAIRED_MEA64C_YGER::paired_mea64c::20170622_patch1,PAIRED_MEA64C_YGER,0.0028628055494384495,0.042381603,0.03951879772133067
main,fmiss,embed_nommd_fullctx_lightgbm,embedding_stack,lightgbm,PAIRED_MEA64C_YGER::paired_mea64c::20170622_patch1::Tridesclous::12,PAIRED_MEA64C_YGER::paired_mea64c::20170622_patch1,PAIRED_MEA64C_YGER,0.026425897379431844,0.037355237,0.010929339329686046
main,fmiss,embed_nommd_fullctx_lightgbm,embedding_stack,lightgbm,PAIRED_MEA64C_YGER::paired_mea64c::20170622_patch2::HerdingSpikes2::16,PAIRED_MEA64C_YGER::paired_mea64c::20170622_patch2,PAIRED_MEA64C_YGER,0.6606015595989603,0.48468164,0.17591992350391328
main,fmiss,embed_nommd_fullctx_lightgbm,embedding_stack,lightgbm,PAIRED_MEA64C_YGER::paired_mea64c::20170622_patch2::HerdingSpikes2::44,PAIRED_MEA64C_YGER::paired_mea64c::20170622_patch2,PAIRED_MEA64C_YGER,0.8756034162643892,0.6811727,0.19443068772587602
main,fmiss,embed_nommd_fullctx_lightgbm,embedding_stack,lightgbm,PAIRED_MEA64C_YGER::paired_mea64c::20170622_patch2::HerdingSpikes2::5,PAIRED_MEA64C_YGER::paired_mea64c::20170622_patch2,PAIRED_MEA64C_YGER,0.008169327887114742,0.028115952,0.019946624500337386
main,fmiss,embed_nommd_fullctx_lightgbm,embedding_stack,lightgbm,PAIRED_MEA64C_YGER::paired_mea64c::20170622_patch2::IronClust::11,PAIRED_MEA64C_YGER::paired_mea64c::20170622_patch2,PAIRED_MEA64C_YGER,0.0003713330857779428,0.006367045,0.00599571190324169
main,fmiss,embed_nommd_fullctx_lightgbm,embedding_stack,lightgbm,PAIRED_MEA64C_YGER::paired_mea64c::20170622_patch2::JRClust::31,PAIRED_MEA64C_YGER::paired_mea64c::20170622_patch2,PAIRED_MEA64C_YGER,0.0029706646862235424,0.008764068,0.005793402978518927
main,fmiss,embed_nommd_fullctx_lightgbm,embedding_stack,lightgbm,PAIRED_MEA64C_YGER::paired_mea64c::20170622_patch2::KiloSort2::33,PAIRED_MEA64C_YGER::paired_mea64c::20170622_patch2,PAIRED_MEA64C_YGER,0.0011139992573338284,0.005730173,0.004616173827551053
main,fmiss,embed_nommd_fullctx_lightgbm,embedding_stack,lightgbm,PAIRED_MEA64C_YGER::paired_mea64c::20170622_patch2::KiloSort::5,PAIRED_MEA64C_YGER::paired_mea64c::20170622_patch2,PAIRED_MEA64C_YGER,0.0014853323431117712,0.0068016048,0.005316272415836316
main,fmiss,embed_nommd_fullctx_lightgbm,embedding_stack,lightgbm,PAIRED_MEA64C_YGER::paired_mea64c::20170622_patch2::Klusta::14,PAIRED_MEA64C_YGER::paired_mea64c::20170622_patch2,PAIRED_MEA64C_YGER,0.15893056071295952,0.015503007,0.14342755372568583
main,fmiss,embed_nommd_fullctx_lightgbm,embedding_stack,lightgbm,PAIRED_MEA64C_YGER::paired_mea64c::20170622_patch2::MountainSort4::31,PAIRED_MEA64C_YGER::paired_mea64c::20170622_patch2,PAIRED_MEA64C_YGER,0.0003713330857779428,0.0034400763,0.003068743166667636
main,fmiss,embed_nommd_fullctx_lightgbm,embedding_stack,lightgbm,PAIRED_MEA64C_YGER::paired_mea64c::20170622_patch2::SpykingCircus::17,PAIRED_MEA64C_YGER::paired_mea64c::20170622_patch2,PAIRED_MEA64C_YGER,0.0003713330857779428,0.0070412788,0.006669945675102289
main,fmiss,embed_nommd_fullctx_lightgbm,embedding_stack,lightgbm,PAIRED_MEA64C_YGER::paired_mea64c::20170622_patch2::Tridesclous::0,PAIRED_MEA64C_YGER::paired_mea64c::20170622_patch2,PAIRED_MEA64C_YGER,0.0003713330857779428,0.00829143,0.007920096754250342
main,fmiss,embed_nommd_fullctx_xgboost,embedding_stack,xgboost,PAIRED_BOYDEN::paired_boyden32c::1103_1_1::IronClust::4,PAIRED_BOYDEN::paired_boyden32c::1103_1_1,PAIRED_BOYDEN,0.1661807580174927,0.1483374,0.017843364018392982
main,fmiss,embed_nommd_fullctx_xgboost,embedding_stack,xgboost,PAIRED_BOYDEN::paired_boyden32c::1103_1_1::JRClust::18,PAIRED_BOYDEN::paired_boyden32c::1103_1_1,PAIRED_BOYDEN,0.08551992225461613,0.31123176,0.2257118399161755
main,fmiss,embed_nommd_fullctx_xgboost,embedding_stack,xgboost,PAIRED_BOYDEN::paired_boyden32c::1103_1_1::KiloSort2::33,PAIRED_BOYDEN::paired_boyden32c::1103_1_1,PAIRED_BOYDEN,0.42857142857142855,0.37114778,0.057423646960939656
main,fmiss,embed_nommd_fullctx_xgboost,embedding_stack,xgboost,PAIRED_BOYDEN::paired_boyden32c::1103_1_1::KiloSort2::55,PAIRED_BOYDEN::paired_boyden32c::1103_1_1,PAIRED_BOYDEN,0.8328474246841594,0.47729903,0.3555483900886699
main,fmiss,embed_nommd_fullctx_xgboost,embedding_stack,xgboost,PAIRED_BOYDEN::paired_boyden32c::1103_1_1::KiloSort2::60,PAIRED_BOYDEN::paired_boyden32c::1103_1_1,PAIRED_BOYDEN,0.7580174927113703,0.37097406,0.3870434288380793
main,fmiss,embed_nommd_fullctx_xgboost,embedding_stack,xgboost,PAIRED_BOYDEN::paired_boyden32c::1103_1_1::KiloSort::111,PAIRED_BOYDEN::paired_boyden32c::1103_1_1,PAIRED_BOYDEN,0.04081632653061224,0.31806576,0.2772494359892242
main,fmiss,embed_nommd_fullctx_xgboost,embedding_stack,xgboost,PAIRED_BOYDEN::paired_boyden32c::1103_1_1::Klusta::12,PAIRED_BOYDEN::paired_boyden32c::1103_1_1,PAIRED_BOYDEN,0.17881438289601556,0.26277307,0.08395868386309394
main,fmiss,embed_nommd_fullctx_xgboost,embedding_stack,xgboost,PAIRED_BOYDEN::paired_boyden32c::1103_1_1::MountainSort4::26,PAIRED_BOYDEN::paired_boyden32c::1103_1_1,PAIRED_BOYDEN,0.03595724003887269,0.40587428,0.36991704208278564
main,fmiss,embed_nommd_fullctx_xgboost,embedding_stack,xgboost,PAIRED_BOYDEN::paired_boyden32c::1103_1_1::SpykingCircus::27,PAIRED_BOYDEN::paired_boyden32c::1103_1_1,PAIRED_BOYDEN,0.07482993197278912,0.32630205,0.25147211957140037
main,fmiss,embed_nommd_fullctx_xgboost,embedding_stack,xgboost,PAIRED_BOYDEN::paired_boyden32c::1103_1_1::Tridesclous::3,PAIRED_BOYDEN::paired_boyden32c::1103_1_1,PAIRED_BOYDEN,0.11273080660835763,0.21775362,0.10502281234725455
main,fmiss,embed_nommd_fullctx_xgboost,embedding_stack,xgboost,PAIRED_BOYDEN::paired_boyden32c::419_1_8::IronClust::14,PAIRED_BOYDEN::paired_boyden32c::419_1_8,PAIRED_BOYDEN,0.1489691520694466,0.11944488,0.029524275160190627
main,fmiss,embed_nommd_fullctx_xgboost,embedding_stack,xgboost,PAIRED_BOYDEN::paired_boyden32c::419_1_8::IronClust::4,PAIRED_BOYDEN::paired_boyden32c::419_1_8,PAIRED_BOYDEN,0.3614943419624864,0.17342962,0.1880647187162935
main,fmiss,embed_nommd_fullctx_xgboost,embedding_stack,xgboost,PAIRED_BOYDEN::paired_boyden32c::419_1_8::JRClust::24,PAIRED_BOYDEN::paired_boyden32c::419_1_8,PAIRED_BOYDEN,0.14617888699426446,0.119405255,0.026773632272622916
main,fmiss,embed_nommd_fullctx_xgboost,embedding_stack,xgboost,PAIRED_BOYDEN::paired_boyden32c::419_1_8::JRClust::8,PAIRED_BOYDEN::paired_boyden32c::419_1_8,PAIRED_BOYDEN,0.7484110990544102,0.46409315,0.28431795034606666
main,fmiss,embed_nommd_fullctx_xgboost,embedding_stack,xgboost,PAIRED_BOYDEN::paired_boyden32c::419_1_8::KiloSort2::27,PAIRED_BOYDEN::paired_boyden32c::419_1_8,PAIRED_BOYDEN,0.06696636180437142,0.09293614,0.025969781474704204
main,fmiss,embed_nommd_fullctx_xgboost,embedding_stack,xgboost,PAIRED_BOYDEN::paired_boyden32c::419_1_8::KiloSort2::46,PAIRED_BOYDEN::paired_boyden32c::419_1_8,PAIRED_BOYDEN,0.11424585335606882,0.14329721,0.029051356979662685
main,fmiss,embed_nommd_fullctx_xgboost,embedding_stack,xgboost,PAIRED_BOYDEN::paired_boyden32c::419_1_8::KiloSort::17,PAIRED_BOYDEN::paired_boyden32c::419_1_8,PAIRED_BOYDEN,0.13067741435436367,0.10975533,0.0209220845666325
main,fmiss,embed_nommd_fullctx_xgboost,embedding_stack,xgboost,PAIRED_BOYDEN::paired_boyden32c::419_1_8::MountainSort4::42,PAIRED_BOYDEN::paired_boyden32c::419_1_8,PAIRED_BOYDEN,0.12261664858161525,0.13354711,0.010930463764080245
main,fmiss,embed_nommd_fullctx_xgboost,embedding_stack,xgboost,PAIRED_BOYDEN::paired_boyden32c::419_1_8::SpykingCircus::24,PAIRED_BOYDEN::paired_boyden32c::419_1_8,PAIRED_BOYDEN,0.8012711207564719,0.4128169,0.3884542088206656
main,fmiss,embed_nommd_fullctx_xgboost,embedding_stack,xgboost,PAIRED_BOYDEN::paired_boyden32c::419_1_8::SpykingCircus::28,PAIRED_BOYDEN::paired_boyden32c::419_1_8,PAIRED_BOYDEN,0.12416679584560533,0.11942402,0.004742773111440141
main,fmiss,embed_nommd_fullctx_xgboost,embedding_stack,xgboost,PAIRED_BOYDEN::paired_boyden32c::419_1_8::Tridesclous::0,PAIRED_BOYDEN::paired_boyden32c::419_1_8,PAIRED_BOYDEN,0.14447372500387537,0.043986585,0.10048714001265871
main,fmiss,embed_nommd_fullctx_xgboost,embedding_stack,xgboost,PAIRED_CRCNS_HC1::paired_crcns::d11221_d11221.001::SpykingCircus::6,PAIRED_CRCNS_HC1::paired_crcns::d11221_d11221.001,PAIRED_CRCNS_HC1,0.2845528455284553,0.24788322,0.03666962998184731
main,fmiss,embed_nommd_fullctx_xgboost,embedding_stack,xgboost,PAIRED_CRCNS_HC1::paired_crcns::d11222_d11222.002::IronClust::2,PAIRED_CRCNS_HC1::paired_crcns::d11222_d11222.002,PAIRED_CRCNS_HC1,0.017310252996005325,0.22568232,0.20837206521459647
main,fmiss,embed_nommd_fullctx_xgboost,embedding_stack,xgboost,PAIRED_CRCNS_HC1::paired_crcns::d11222_d11222.002::JRClust::3,PAIRED_CRCNS_HC1::paired_crcns::d11222_d11222.002,PAIRED_CRCNS_HC1,0.07323568575233022,0.24852225,0.1752865660920759
main,fmiss,embed_nommd_fullctx_xgboost,embedding_stack,xgboost,PAIRED_CRCNS_HC1::paired_crcns::d11222_d11222.002::KiloSort2::10,PAIRED_CRCNS_HC1::paired_crcns::d11222_d11222.002,PAIRED_CRCNS_HC1,0.5339547270306259,0.3057488,0.22820593652807764
main,fmiss,embed_nommd_fullctx_xgboost,embedding_stack,xgboost,PAIRED_CRCNS_HC1::paired_crcns::d11222_d11222.002::KiloSort::1,PAIRED_CRCNS_HC1::paired_crcns::d11222_d11222.002,PAIRED_CRCNS_HC1,0.03595206391478029,0.15223984,0.11628778028821501
main,fmiss,embed_nommd_fullctx_xgboost,embedding_stack,xgboost,PAIRED_CRCNS_HC1::paired_crcns::d11222_d11222.002::Klusta::2,PAIRED_CRCNS_HC1::paired_crcns::d11222_d11222.002,PAIRED_CRCNS_HC1,0.022636484687083888,0.16573282,0.14309633117461806
main,fmiss,embed_nommd_fullctx_xgboost,embedding_stack,xgboost,PAIRED_CRCNS_HC1::paired_crcns::d11222_d11222.002::MountainSort4::4,PAIRED_CRCNS_HC1::paired_crcns::d11222_d11222.002,PAIRED_CRCNS_HC1,0.20372836218375498,0.20614015,0.0024117834756917367
main,fmiss,embed_nommd_fullctx_xgboost,embedding_stack,xgboost,PAIRED_CRCNS_HC1::paired_crcns::d11222_d11222.002::SpykingCircus::4,PAIRED_CRCNS_HC1::paired_crcns::d11222_d11222.002,PAIRED_CRCNS_HC1,0.1151797603195739,0.23556863,0.12038886739553688
main,fmiss,embed_nommd_fullctx_xgboost,embedding_stack,xgboost,PAIRED_CRCNS_HC1::paired_crcns::d11222_d11222.002::Tridesclous::0,PAIRED_CRCNS_HC1::paired_crcns::d11222_d11222.002,PAIRED_CRCNS_HC1,0.014647137150466045,0.11964454,0.1049974004176263
main,fmiss,embed_nommd_fullctx_xgboost,embedding_stack,xgboost,PAIRED_ENGLISH::paired_english::m139_200114_191955::KiloSort2::25,PAIRED_ENGLISH::paired_english::m139_200114_191955,PAIRED_ENGLISH,0.8107276747092185,0.275733,0.5349946806296286
main,fmiss,embed_nommd_fullctx_xgboost,embedding_stack,xgboost,PAIRED_ENGLISH::paired_english::m139_200114_191955::MountainSort4::36,PAIRED_ENGLISH::paired_english::m139_200114_191955,PAIRED_ENGLISH,0.6701912909737576,0.29336298,0.3768283158532132
main,fmiss,embed_nommd_fullctx_xgboost,embedding_stack,xgboost,PAIRED_ENGLISH::paired_english::m139_200114_191955::SpykingCircus::42,PAIRED_ENGLISH::paired_english::m139_200114_191955,PAIRED_ENGLISH,0.8063058733057772,0.5023833,0.3039225815844332
main,fmiss,embed_nommd_fullctx_xgboost,embedding_stack,xgboost,PAIRED_ENGLISH::paired_english::m139_200114_222743::HerdingSpikes2::5,PAIRED_ENGLISH::paired_english::m139_200114_222743,PAIRED_ENGLISH,0.022052337547780066,0.18860482,0.16655247924661537
main,fmiss,embed_nommd_fullctx_xgboost,embedding_stack,xgboost,PAIRED_ENGLISH::paired_english::m139_200114_222743::IronClust::17,PAIRED_ENGLISH::paired_english::m139_200114_222743,PAIRED_ENGLISH,0.01587768303440165,0.18714362,0.1712659407944863
main,fmiss,embed_nommd_fullctx_xgboost,embedding_stack,xgboost,PAIRED_ENGLISH::paired_english::m139_200114_222743::KiloSort2::26,PAIRED_ENGLISH::paired_english::m139_200114_222743,PAIRED_ENGLISH,0.002940311673037342,0.24383453,0.24089421367371863
main,fmiss,embed_nommd_fullctx_xgboost,embedding_stack,xgboost,PAIRED_ENGLISH::paired_english::m139_200114_222743::KiloSort::88,PAIRED_ENGLISH::paired_english::m139_200114_222743,PAIRED_ENGLISH,0.006174654513378418,0.24039738,0.23422272428892107
main,fmiss,embed_nommd_fullctx_xgboost,embedding_stack,xgboost,PAIRED_ENGLISH::paired_english::m139_200114_222743::MountainSort4::46,PAIRED_ENGLISH::paired_english::m139_200114_222743,PAIRED_ENGLISH,0.00911496618641576,0.21212775,0.203012778965104
main,fmiss,embed_nommd_fullctx_xgboost,embedding_stack,xgboost,PAIRED_ENGLISH::paired_english::m139_200114_222743::SpykingCircus::44,PAIRED_ENGLISH::paired_english::m139_200114_222743,PAIRED_ENGLISH,0.0020582181711261394,0.19860162,0.19654340023803066
main,fmiss,embed_nommd_fullctx_xgboost,embedding_stack,xgboost,PAIRED_ENGLISH::paired_english::m139_200114_222743::Tridesclous::1,PAIRED_ENGLISH::paired_english::m139_200114_222743,PAIRED_ENGLISH,0.004998529844163481,0.071062826,0.06606429577601093
main,fmiss,embed_nommd_fullctx_xgboost,embedding_stack,xgboost,PAIRED_ENGLISH::paired_english::m14_190326_155432::IronClust::22,PAIRED_ENGLISH::paired_english::m14_190326_155432,PAIRED_ENGLISH,0.13721413721413722,0.39269042,0.2554762829366196
main,fmiss,embed_nommd_fullctx_xgboost,embedding_stack,xgboost,PAIRED_ENGLISH::paired_english::m14_190326_155432::MountainSort4::33,PAIRED_ENGLISH::paired_english::m14_190326_155432,PAIRED_ENGLISH,0.09147609147609148,0.35244563,0.2609695407432231
main,fmiss,embed_nommd_fullctx_xgboost,embedding_stack,xgboost,PAIRED_ENGLISH::paired_english::m14_190326_155432::SpykingCircus::38,PAIRED_ENGLISH::paired_english::m14_190326_155432,PAIRED_ENGLISH,0.079002079002079,0.57333773,0.49433565474349594
main,fmiss,embed_nommd_fullctx_xgboost,embedding_stack,xgboost,PAIRED_ENGLISH::paired_english::m15_190315_142052_cell1::IronClust::40,PAIRED_ENGLISH::paired_english::m15_190315_142052_cell1,PAIRED_ENGLISH,0.24027594305005137,0.20559824,0.03467770791974131
main,fmiss,embed_nommd_fullctx_xgboost,embedding_stack,xgboost,PAIRED_ENGLISH::paired_english::m15_190315_142052_cell1::KiloSort2::48,PAIRED_ENGLISH::paired_english::m15_190315_142052_cell1,PAIRED_ENGLISH,0.3173345075590782,0.08579167,0.2315428377731018
main,fmiss,embed_nommd_fullctx_xgboost,embedding_stack,xgboost,PAIRED_ENGLISH::paired_english::m15_190315_142052_cell1::MountainSort4::62,PAIRED_ENGLISH::paired_english::m15_190315_142052_cell1,PAIRED_ENGLISH,0.5289886980772054,0.108627915,0.42036078269482013
main,fmiss,embed_nommd_fullctx_xgboost,embedding_stack,xgboost,PAIRED_ENGLISH::paired_english::m15_190315_142052_cell1::MountainSort4::64,PAIRED_ENGLISH::paired_english::m15_190315_142052_cell1,PAIRED_ENGLISH,0.6713635696462645,0.34886116,0.32250241175213
main,fmiss,embed_nommd_fullctx_xgboost,embedding_stack,xgboost,PAIRED_ENGLISH::paired_english::m15_190315_142052_cell1::SpykingCircus::22,PAIRED_ENGLISH::paired_english::m15_190315_142052_cell1,PAIRED_ENGLISH,0.35975341259357113,0.2665377,0.09321571647044796
main,fmiss,embed_nommd_fullctx_xgboost,embedding_stack,xgboost,PAIRED_ENGLISH::paired_english::m15_190315_142052_cell1::SpykingCircus::57,PAIRED_ENGLISH::paired_english::m15_190315_142052_cell1,PAIRED_ENGLISH,0.8711287244972846,0.38116655,0.48996217696043465
main,fmiss,embed_nommd_fullctx_xgboost,embedding_stack,xgboost,PAIRED_ENGLISH::paired_english::m15_190315_152315_cell1::IronClust::35,PAIRED_ENGLISH::paired_english::m15_190315_152315_cell1,PAIRED_ENGLISH,0.04922936853742602,0.07452681,0.025297440618514987
main,fmiss,embed_nommd_fullctx_xgboost,embedding_stack,xgboost,PAIRED_ENGLISH::paired_english::m15_190315_152315_cell1::KiloSort2::37,PAIRED_ENGLISH::paired_english::m15_190315_152315_cell1,PAIRED_ENGLISH,0.0014307082005592768,0.052031204,0.05060049590386424
main,fmiss,embed_nommd_fullctx_xgboost,embedding_stack,xgboost,PAIRED_ENGLISH::paired_english::m15_190315_152315_cell1::KiloSort::1,PAIRED_ENGLISH::paired_english::m15_190315_152315_cell1,PAIRED_ENGLISH,0.003901931456070755,0.057405733,0.05350380111600795
main,fmiss,embed_nommd_fullctx_xgboost,embedding_stack,xgboost,PAIRED_ENGLISH::paired_english::m15_190315_152315_cell1::MountainSort4::72,PAIRED_ENGLISH::paired_english::m15_190315_152315_cell1,PAIRED_ENGLISH,0.03479222214996423,0.1605752,0.12578297399700078
main,fmiss,embed_nommd_fullctx_xgboost,embedding_stack,xgboost,PAIRED_ENGLISH::paired_english::m15_190315_152315_cell1::SpykingCircus::46,PAIRED_ENGLISH::paired_english::m15_190315_152315_cell1,PAIRED_ENGLISH,0.0018859335371008649,0.07578955,0.07390361491956798
main,fmiss,embed_nommd_fullctx_xgboost,embedding_stack,xgboost,PAIRED_ENGLISH::paired_english::m15_190315_152315_cell1::Tridesclous::0,PAIRED_ENGLISH::paired_english::m15_190315_152315_cell1,PAIRED_ENGLISH,0.2026403069519412,0.07244397,0.13019633740419265
main,fmiss,embed_nommd_fullctx_xgboost,embedding_stack,xgboost,PAIRED_ENGLISH::paired_english::m26_190524_100859_cell1::KiloSort2::0,PAIRED_ENGLISH::paired_english::m26_190524_100859_cell1,PAIRED_ENGLISH,0.3453815261044177,0.16334257,0.18203896080633725
main,fmiss,embed_nommd_fullctx_xgboost,embedding_stack,xgboost,PAIRED_ENGLISH::paired_english::m26_190524_100859_cell1::KiloSort::19,PAIRED_ENGLISH::paired_english::m26_190524_100859_cell1,PAIRED_ENGLISH,0.5522088353413654,0.23313937,0.3190694694298817
main,fmiss,embed_nommd_fullctx_xgboost,embedding_stack,xgboost,PAIRED_ENGLISH::paired_english::m26_190524_100859_cell1::KiloSort::8,PAIRED_ENGLISH::paired_english::m26_190524_100859_cell1,PAIRED_ENGLISH,0.7610441767068273,0.1634132,0.597630979904688
main,fmiss,embed_nommd_fullctx_xgboost,embedding_stack,xgboost,PAIRED_ENGLISH::paired_english::m57_191105_141906::IronClust::6,PAIRED_ENGLISH::paired_english::m57_191105_141906,PAIRED_ENGLISH,0.12826603325415678,0.24002552,0.11175948707055025
main,fmiss,embed_nommd_fullctx_xgboost,embedding_stack,xgboost,PAIRED_ENGLISH::paired_english::m57_191105_141906::KiloSort::47,PAIRED_ENGLISH::paired_english::m57_191105_141906,PAIRED_ENGLISH,0.04829770387965162,0.18306077,0.13476306138676683
main,fmiss,embed_nommd_fullctx_xgboost,embedding_stack,xgboost,PAIRED_ENGLISH::paired_english::m57_191105_141906::MountainSort4::21,PAIRED_ENGLISH::paired_english::m57_191105_141906,PAIRED_ENGLISH,0.1187648456057007,0.2830483,0.1642834563294952
main,fmiss,embed_nommd_fullctx_xgboost,embedding_stack,xgboost,PAIRED_ENGLISH::paired_english::m57_191105_141906::MountainSort4::57,PAIRED_ENGLISH::paired_english::m57_191105_141906,PAIRED_ENGLISH,0.5399841646872525,0.3695418,0.17044237062559175
main,fmiss,embed_nommd_fullctx_xgboost,embedding_stack,xgboost,PAIRED_ENGLISH::paired_english::m57_191105_141906::SpykingCircus::12,PAIRED_ENGLISH::paired_english::m57_191105_141906,PAIRED_ENGLISH,0.5859065716547902,0.5045318,0.08137477090787248
main,fmiss,embed_nommd_fullctx_xgboost,embedding_stack,xgboost,PAIRED_ENGLISH::paired_english::m57_191105_141906::SpykingCircus::30,PAIRED_ENGLISH::paired_english::m57_191105_141906,PAIRED_ENGLISH,0.46872525732383213,0.31807914,0.15064611356124363
main,fmiss,embed_nommd_fullctx_xgboost,embedding_stack,xgboost,PAIRED_ENGLISH::paired_english::m57_191105_160026::HerdingSpikes2::1,PAIRED_ENGLISH::paired_english::m57_191105_160026,PAIRED_ENGLISH,0.7557251908396947,0.14068517,0.6150400199507939
main,fmiss,embed_nommd_fullctx_xgboost,embedding_stack,xgboost,PAIRED_ENGLISH::paired_english::m57_191105_160026::IronClust::2,PAIRED_ENGLISH::paired_english::m57_191105_160026,PAIRED_ENGLISH,0.7206106870229008,0.3058585,0.41475219417164344
main,fmiss,embed_nommd_fullctx_xgboost,embedding_stack,xgboost,PAIRED_ENGLISH::paired_english::m57_191105_160026::IronClust::3,PAIRED_ENGLISH::paired_english::m57_191105_160026,PAIRED_ENGLISH,0.5629770992366412,0.31273365,0.25024344902912166
main,fmiss,embed_nommd_fullctx_xgboost,embedding_stack,xgboost,PAIRED_ENGLISH::paired_english::m57_191105_160026::KiloSort::127,PAIRED_ENGLISH::paired_english::m57_191105_160026,PAIRED_ENGLISH,0.7213740458015268,0.31816626,0.403207789850599
main,fmiss,embed_nommd_fullctx_xgboost,embedding_stack,xgboost,PAIRED_ENGLISH::paired_english::m57_191105_160026::KiloSort::6,PAIRED_ENGLISH::paired_english::m57_191105_160026,PAIRED_ENGLISH,0.5885496183206107,0.30219927,0.28635034401908177
main,fmiss,embed_nommd_fullctx_xgboost,embedding_stack,xgboost,PAIRED_ENGLISH::paired_english::m57_191105_160026::MountainSort4::23,PAIRED_ENGLISH::paired_english::m57_191105_160026,PAIRED_ENGLISH,0.8603053435114504,0.3775934,0.48271194541727314
main,fmiss,embed_nommd_fullctx_xgboost,embedding_stack,xgboost,PAIRED_ENGLISH::paired_english::m57_191105_160026::MountainSort4::25,PAIRED_ENGLISH::paired_english::m57_191105_160026,PAIRED_ENGLISH,0.5545801526717558,0.30071166,0.253868491094531
main,fmiss,embed_nommd_fullctx_xgboost,embedding_stack,xgboost,PAIRED_ENGLISH::paired_english::m57_191105_160026::SpykingCircus::2,PAIRED_ENGLISH::paired_english::m57_191105_160026,PAIRED_ENGLISH,0.7709923664122137,0.28251642,0.48847594652467097
main,fmiss,embed_nommd_fullctx_xgboost,embedding_stack,xgboost,PAIRED_ENGLISH::paired_english::m57_191105_160026::SpykingCircus::4,PAIRED_ENGLISH::paired_english::m57_191105_160026,PAIRED_ENGLISH,0.5625954198473282,0.3166488,0.24594660874541474
main,fmiss,embed_nommd_fullctx_xgboost,embedding_stack,xgboost,PAIRED_ENGLISH::paired_english::m57_191105_160026::Tridesclous::0,PAIRED_ENGLISH::paired_english::m57_191105_160026,PAIRED_ENGLISH,0.7061068702290076,0.06524286,0.6408640134880561
main,fmiss,embed_nommd_fullctx_xgboost,embedding_stack,xgboost,PAIRED_KAMPFF::paired_kampff::c14::HerdingSpikes2::6,PAIRED_KAMPFF::paired_kampff::c14,PAIRED_KAMPFF,0.35151068533529845,0.21807455,0.13343614007105437
main,fmiss,embed_nommd_fullctx_xgboost,embedding_stack,xgboost,PAIRED_KAMPFF::paired_kampff::c14::IronClust::22,PAIRED_KAMPFF::paired_kampff::c14,PAIRED_KAMPFF,0.25036845983787764,0.16859907,0.08176939071937789
main,fmiss,embed_nommd_fullctx_xgboost,embedding_stack,xgboost,PAIRED_KAMPFF::paired_kampff::c14::KiloSort2::37,PAIRED_KAMPFF::paired_kampff::c14,PAIRED_KAMPFF,0.14296241709653648,0.16888563,0.02592321625288216
main,fmiss,embed_nommd_fullctx_xgboost,embedding_stack,xgboost,PAIRED_KAMPFF::paired_kampff::c14::MountainSort4::42,PAIRED_KAMPFF::paired_kampff::c14,PAIRED_KAMPFF,0.32221812822402357,0.2420835,0.08013462342799543
main,fmiss,embed_nommd_fullctx_xgboost,embedding_stack,xgboost,PAIRED_KAMPFF::paired_kampff::c14::SpykingCircus::14,PAIRED_KAMPFF::paired_kampff::c14,PAIRED_KAMPFF,0.21868091378039795,0.17823178,0.04044913801974731
main,fmiss,embed_nommd_fullctx_xgboost,embedding_stack,xgboost,PAIRED_KAMPFF::paired_kampff::c14::Tridesclous::8,PAIRED_KAMPFF::paired_kampff::c14,PAIRED_KAMPFF,0.20910095799557848,0.08750477,0.12159619111411257
main,fmiss,embed_nommd_fullctx_xgboost,embedding_stack,xgboost,PAIRED_MEA64C_YGER::paired_mea64c::20170622_patch1::HerdingSpikes2::19,PAIRED_MEA64C_YGER::paired_mea64c::20170622_patch1,PAIRED_MEA64C_YGER,0.8533362695441533,0.6362035,0.2171327420935918
main,fmiss,embed_nommd_fullctx_xgboost,embedding_stack,xgboost,PAIRED_MEA64C_YGER::paired_mea64c::20170622_patch1::HerdingSpikes2::7,PAIRED_MEA64C_YGER::paired_mea64c::20170622_patch1,PAIRED_MEA64C_YGER,0.18343977097555605,0.07544801,0.10799176458403079
main,fmiss,embed_nommd_fullctx_xgboost,embedding_stack,xgboost,PAIRED_MEA64C_YGER::paired_mea64c::20170622_patch1::IronClust::8,PAIRED_MEA64C_YGER::paired_mea64c::20170622_patch1,PAIRED_MEA64C_YGER,0.027747192248403437,0.02660509,0.0011421021220082116
main,fmiss,embed_nommd_fullctx_xgboost,embedding_stack,xgboost,PAIRED_MEA64C_YGER::paired_mea64c::20170622_patch1::KiloSort2::23,PAIRED_MEA64C_YGER::paired_mea64c::20170622_patch1,PAIRED_MEA64C_YGER,0.0008808632459810614,0.05163151,0.05075064701173988
main,fmiss,embed_nommd_fullctx_xgboost,embedding_stack,xgboost,PAIRED_MEA64C_YGER::paired_mea64c::20170622_patch1::KiloSort::64,PAIRED_MEA64C_YGER::paired_mea64c::20170622_patch1,PAIRED_MEA64C_YGER,0.03457388240475666,0.045105826,0.010531943704891092
main,fmiss,embed_nommd_fullctx_xgboost,embedding_stack,xgboost,PAIRED_MEA64C_YGER::paired_mea64c::20170622_patch1::Klusta::4,PAIRED_MEA64C_YGER::paired_mea64c::20170622_patch1,PAIRED_MEA64C_YGER,0.17441092270425015,0.053102963,0.12130796003153974
main,fmiss,embed_nommd_fullctx_xgboost,embedding_stack,xgboost,PAIRED_MEA64C_YGER::paired_mea64c::20170622_patch1::MountainSort4::43,PAIRED_MEA64C_YGER::paired_mea64c::20170622_patch1,PAIRED_MEA64C_YGER,0.02510460251046025,0.06637328,0.041268678670398365
main,fmiss,embed_nommd_fullctx_xgboost,embedding_stack,xgboost,PAIRED_MEA64C_YGER::paired_mea64c::20170622_patch1::SpykingCircus::18,PAIRED_MEA64C_YGER::paired_mea64c::20170622_patch1,PAIRED_MEA64C_YGER,0.0028628055494384495,0.049664207,0.04680140125340655
main,fmiss,embed_nommd_fullctx_xgboost,embedding_stack,xgboost,PAIRED_MEA64C_YGER::paired_mea64c::20170622_patch1::Tridesclous::12,PAIRED_MEA64C_YGER::paired_mea64c::20170622_patch1,PAIRED_MEA64C_YGER,0.026425897379431844,0.04715624,0.02073034341165054
main,fmiss,embed_nommd_fullctx_xgboost,embedding_stack,xgboost,PAIRED_MEA64C_YGER::paired_mea64c::20170622_patch2::HerdingSpikes2::16,PAIRED_MEA64C_YGER::paired_mea64c::20170622_patch2,PAIRED_MEA64C_YGER,0.6606015595989603,0.09511685,0.565484705884971
main,fmiss,embed_nommd_fullctx_xgboost,embedding_stack,xgboost,PAIRED_MEA64C_YGER::paired_mea64c::20170622_patch2::HerdingSpikes2::44,PAIRED_MEA64C_YGER::paired_mea64c::20170622_patch2,PAIRED_MEA64C_YGER,0.8756034162643892,0.20119672,0.6744067010286791
main,fmiss,embed_nommd_fullctx_xgboost,embedding_stack,xgboost,PAIRED_MEA64C_YGER::paired_mea64c::20170622_patch2::HerdingSpikes2::5,PAIRED_MEA64C_YGER::paired_mea64c::20170622_patch2,PAIRED_MEA64C_YGER,0.008169327887114742,0.020688508,0.012519179818812154
main,fmiss,embed_nommd_fullctx_xgboost,embedding_stack,xgboost,PAIRED_MEA64C_YGER::paired_mea64c::20170622_patch2::IronClust::11,PAIRED_MEA64C_YGER::paired_mea64c::20170622_patch2,PAIRED_MEA64C_YGER,0.0003713330857779428,0.008215057,0.007843723646519
main,fmiss,embed_nommd_fullctx_xgboost,embedding_stack,xgboost,PAIRED_MEA64C_YGER::paired_mea64c::20170622_patch2::JRClust::31,PAIRED_MEA64C_YGER::paired_mea64c::20170622_patch2,PAIRED_MEA64C_YGER,0.0029706646862235424,0.0064975712,0.003526906558612311
main,fmiss,embed_nommd_fullctx_xgboost,embedding_stack,xgboost,PAIRED_MEA64C_YGER::paired_mea64c::20170622_patch2::KiloSort2::33,PAIRED_MEA64C_YGER::paired_mea64c::20170622_patch2,PAIRED_MEA64C_YGER,0.0011139992573338284,0.0071878787,0.006073879455677913
main,fmiss,embed_nommd_fullctx_xgboost,embedding_stack,xgboost,PAIRED_MEA64C_YGER::paired_mea64c::20170622_patch2::KiloSort::5,PAIRED_MEA64C_YGER::paired_mea64c::20170622_patch2,PAIRED_MEA64C_YGER,0.0014853323431117712,0.0067989645,0.005313632116337281
main,fmiss,embed_nommd_fullctx_xgboost,embedding_stack,xgboost,PAIRED_MEA64C_YGER::paired_mea64c::20170622_patch2::Klusta::14,PAIRED_MEA64C_YGER::paired_mea64c::20170622_patch2,PAIRED_MEA64C_YGER,0.15893056071295952,0.008979686,0.14995087510838723
main,fmiss,embed_nommd_fullctx_xgboost,embedding_stack,xgboost,PAIRED_MEA64C_YGER::paired_mea64c::20170622_patch2::MountainSort4::31,PAIRED_MEA64C_YGER::paired_mea64c::20170622_patch2,PAIRED_MEA64C_YGER,0.0003713330857779428,0.005557749,0.005186415868965204
main,fmiss,embed_nommd_fullctx_xgboost,embedding_stack,xgboost,PAIRED_MEA64C_YGER::paired_mea64c::20170622_patch2::SpykingCircus::17,PAIRED_MEA64C_YGER::paired_mea64c::20170622_patch2,PAIRED_MEA64C_YGER,0.0003713330857779428,0.008439567,0.008068233854291255
main,fmiss,embed_nommd_fullctx_xgboost,embedding_stack,xgboost,PAIRED_MEA64C_YGER::paired_mea64c::20170622_patch2::Tridesclous::0,PAIRED_MEA64C_YGER::paired_mea64c::20170622_patch2,PAIRED_MEA64C_YGER,0.0003713330857779428,0.008257129,0.007885796143827254
main,fmiss,latent_summary_fullctx_lightgbm,latent_summary_stack,lightgbm,PAIRED_BOYDEN::paired_boyden32c::1103_1_1::IronClust::4,PAIRED_BOYDEN::paired_boyden32c::1103_1_1,PAIRED_BOYDEN,0.1661807580174927,0.18612681,0.019946055275010643
main,fmiss,latent_summary_fullctx_lightgbm,latent_summary_stack,lightgbm,PAIRED_BOYDEN::paired_boyden32c::1103_1_1::JRClust::18,PAIRED_BOYDEN::paired_boyden32c::1103_1_1,PAIRED_BOYDEN,0.08551992225461613,0.13455622,0.04903629672712673
main,fmiss,latent_summary_fullctx_lightgbm,latent_summary_stack,lightgbm,PAIRED_BOYDEN::paired_boyden32c::1103_1_1::KiloSort2::33,PAIRED_BOYDEN::paired_boyden32c::1103_1_1,PAIRED_BOYDEN,0.42857142857142855,0.18966565,0.2389057832104819
main,fmiss,latent_summary_fullctx_lightgbm,latent_summary_stack,lightgbm,PAIRED_BOYDEN::paired_boyden32c::1103_1_1::KiloSort2::55,PAIRED_BOYDEN::paired_boyden32c::1103_1_1,PAIRED_BOYDEN,0.8328474246841594,0.40775174,0.42509568565904343
main,fmiss,latent_summary_fullctx_lightgbm,latent_summary_stack,lightgbm,PAIRED_BOYDEN::paired_boyden32c::1103_1_1::KiloSort2::60,PAIRED_BOYDEN::paired_boyden32c::1103_1_1,PAIRED_BOYDEN,0.7580174927113703,0.3416631,0.4163544003365687
main,fmiss,latent_summary_fullctx_lightgbm,latent_summary_stack,lightgbm,PAIRED_BOYDEN::paired_boyden32c::1103_1_1::KiloSort::111,PAIRED_BOYDEN::paired_boyden32c::1103_1_1,PAIRED_BOYDEN,0.04081632653061224,0.12904017,0.08822384020503687
main,fmiss,latent_summary_fullctx_lightgbm,latent_summary_stack,lightgbm,PAIRED_BOYDEN::paired_boyden32c::1103_1_1::Klusta::12,PAIRED_BOYDEN::paired_boyden32c::1103_1_1,PAIRED_BOYDEN,0.17881438289601556,0.12742232,0.05139206503350488
main,fmiss,latent_summary_fullctx_lightgbm,latent_summary_stack,lightgbm,PAIRED_BOYDEN::paired_boyden32c::1103_1_1::MountainSort4::26,PAIRED_BOYDEN::paired_boyden32c::1103_1_1,PAIRED_BOYDEN,0.03595724003887269,0.10540997,0.06945273233079818
main,fmiss,latent_summary_fullctx_lightgbm,latent_summary_stack,lightgbm,PAIRED_BOYDEN::paired_boyden32c::1103_1_1::SpykingCircus::27,PAIRED_BOYDEN::paired_boyden32c::1103_1_1,PAIRED_BOYDEN,0.07482993197278912,0.18331438,0.10848445105714863
main,fmiss,latent_summary_fullctx_lightgbm,latent_summary_stack,lightgbm,PAIRED_BOYDEN::paired_boyden32c::1103_1_1::Tridesclous::3,PAIRED_BOYDEN::paired_boyden32c::1103_1_1,PAIRED_BOYDEN,0.11273080660835763,0.08343867,0.029292134483018123
main,fmiss,latent_summary_fullctx_lightgbm,latent_summary_stack,lightgbm,PAIRED_BOYDEN::paired_boyden32c::419_1_8::IronClust::14,PAIRED_BOYDEN::paired_boyden32c::419_1_8,PAIRED_BOYDEN,0.1489691520694466,0.10786643,0.041102723276969955
main,fmiss,latent_summary_fullctx_lightgbm,latent_summary_stack,lightgbm,PAIRED_BOYDEN::paired_boyden32c::419_1_8::IronClust::4,PAIRED_BOYDEN::paired_boyden32c::419_1_8,PAIRED_BOYDEN,0.3614943419624864,0.12994294,0.23155140327706925
main,fmiss,latent_summary_fullctx_lightgbm,latent_summary_stack,lightgbm,PAIRED_BOYDEN::paired_boyden32c::419_1_8::JRClust::24,PAIRED_BOYDEN::paired_boyden32c::419_1_8,PAIRED_BOYDEN,0.14617888699426446,0.13942713,0.006751761540315482
main,fmiss,latent_summary_fullctx_lightgbm,latent_summary_stack,lightgbm,PAIRED_BOYDEN::paired_boyden32c::419_1_8::JRClust::8,PAIRED_BOYDEN::paired_boyden32c::419_1_8,PAIRED_BOYDEN,0.7484110990544102,0.5138432,0.2345679203053257
main,fmiss,latent_summary_fullctx_lightgbm,latent_summary_stack,lightgbm,PAIRED_BOYDEN::paired_boyden32c::419_1_8::KiloSort2::27,PAIRED_BOYDEN::paired_boyden32c::419_1_8,PAIRED_BOYDEN,0.06696636180437142,0.1318032,0.0648368378444857
main,fmiss,latent_summary_fullctx_lightgbm,latent_summary_stack,lightgbm,PAIRED_BOYDEN::paired_boyden32c::419_1_8::KiloSort2::46,PAIRED_BOYDEN::paired_boyden32c::419_1_8,PAIRED_BOYDEN,0.11424585335606882,0.1407161,0.026470252343470363
main,fmiss,latent_summary_fullctx_lightgbm,latent_summary_stack,lightgbm,PAIRED_BOYDEN::paired_boyden32c::419_1_8::KiloSort::17,PAIRED_BOYDEN::paired_boyden32c::419_1_8,PAIRED_BOYDEN,0.13067741435436367,0.10003444,0.030642976280728568
main,fmiss,latent_summary_fullctx_lightgbm,latent_summary_stack,lightgbm,PAIRED_BOYDEN::paired_boyden32c::419_1_8::MountainSort4::42,PAIRED_BOYDEN::paired_boyden32c::419_1_8,PAIRED_BOYDEN,0.12261664858161525,0.08051836,0.04209829112588481
main,fmiss,latent_summary_fullctx_lightgbm,latent_summary_stack,lightgbm,PAIRED_BOYDEN::paired_boyden32c::419_1_8::SpykingCircus::24,PAIRED_BOYDEN::paired_boyden32c::419_1_8,PAIRED_BOYDEN,0.8012711207564719,0.6251396,0.17613152667840792
main,fmiss,latent_summary_fullctx_lightgbm,latent_summary_stack,lightgbm,PAIRED_BOYDEN::paired_boyden32c::419_1_8::SpykingCircus::28,PAIRED_BOYDEN::paired_boyden32c::419_1_8,PAIRED_BOYDEN,0.12416679584560533,0.11847026,0.005696536834813554
main,fmiss,latent_summary_fullctx_lightgbm,latent_summary_stack,lightgbm,PAIRED_BOYDEN::paired_boyden32c::419_1_8::Tridesclous::0,PAIRED_BOYDEN::paired_boyden32c::419_1_8,PAIRED_BOYDEN,0.14447372500387537,0.031236043,0.11323768180397856
main,fmiss,latent_summary_fullctx_lightgbm,latent_summary_stack,lightgbm,PAIRED_CRCNS_HC1::paired_crcns::d11221_d11221.001::SpykingCircus::6,PAIRED_CRCNS_HC1::paired_crcns::d11221_d11221.001,PAIRED_CRCNS_HC1,0.2845528455284553,0.64423436,0.3596815137359185
main,fmiss,latent_summary_fullctx_lightgbm,latent_summary_stack,lightgbm,PAIRED_CRCNS_HC1::paired_crcns::d11222_d11222.002::IronClust::2,PAIRED_CRCNS_HC1::paired_crcns::d11222_d11222.002,PAIRED_CRCNS_HC1,0.017310252996005325,0.110088624,0.09277837106414863
main,fmiss,latent_summary_fullctx_lightgbm,latent_summary_stack,lightgbm,PAIRED_CRCNS_HC1::paired_crcns::d11222_d11222.002::JRClust::3,PAIRED_CRCNS_HC1::paired_crcns::d11222_d11222.002,PAIRED_CRCNS_HC1,0.07323568575233022,0.12272995,0.04949426390081843
main,fmiss,latent_summary_fullctx_lightgbm,latent_summary_stack,lightgbm,PAIRED_CRCNS_HC1::paired_crcns::d11222_d11222.002::KiloSort2::10,PAIRED_CRCNS_HC1::paired_crcns::d11222_d11222.002,PAIRED_CRCNS_HC1,0.5339547270306259,0.066056676,0.4678980508216529
main,fmiss,latent_summary_fullctx_lightgbm,latent_summary_stack,lightgbm,PAIRED_CRCNS_HC1::paired_crcns::d11222_d11222.002::KiloSort::1,PAIRED_CRCNS_HC1::paired_crcns::d11222_d11222.002,PAIRED_CRCNS_HC1,0.03595206391478029,0.08600994,0.0500578780803636
main,fmiss,latent_summary_fullctx_lightgbm,latent_summary_stack,lightgbm,PAIRED_CRCNS_HC1::paired_crcns::d11222_d11222.002::Klusta::2,PAIRED_CRCNS_HC1::paired_crcns::d11222_d11222.002,PAIRED_CRCNS_HC1,0.022636484687083888,0.06545837,0.04282188754821427
main,fmiss,latent_summary_fullctx_lightgbm,latent_summary_stack,lightgbm,PAIRED_CRCNS_HC1::paired_crcns::d11222_d11222.002::MountainSort4::4,PAIRED_CRCNS_HC1::paired_crcns::d11222_d11222.002,PAIRED_CRCNS_HC1,0.20372836218375498,0.060023975,0.1437043875564986
main,fmiss,latent_summary_fullctx_lightgbm,latent_summary_stack,lightgbm,PAIRED_CRCNS_HC1::paired_crcns::d11222_d11222.002::SpykingCircus::4,PAIRED_CRCNS_HC1::paired_crcns::d11222_d11222.002,PAIRED_CRCNS_HC1,0.1151797603195739,0.12777118,0.012591423528807141
main,fmiss,latent_summary_fullctx_lightgbm,latent_summary_stack,lightgbm,PAIRED_CRCNS_HC1::paired_crcns::d11222_d11222.002::Tridesclous::0,PAIRED_CRCNS_HC1::paired_crcns::d11222_d11222.002,PAIRED_CRCNS_HC1,0.014647137150466045,0.08729878,0.07265164352923671
main,fmiss,latent_summary_fullctx_lightgbm,latent_summary_stack,lightgbm,PAIRED_ENGLISH::paired_english::m139_200114_191955::KiloSort2::25,PAIRED_ENGLISH::paired_english::m139_200114_191955,PAIRED_ENGLISH,0.8107276747092185,0.37061083,0.4401168415411887
main,fmiss,latent_summary_fullctx_lightgbm,latent_summary_stack,lightgbm,PAIRED_ENGLISH::paired_english::m139_200114_191955::MountainSort4::36,PAIRED_ENGLISH::paired_english::m139_200114_191955,PAIRED_ENGLISH,0.6701912909737576,0.29960293,0.3705883651963223
main,fmiss,latent_summary_fullctx_lightgbm,latent_summary_stack,lightgbm,PAIRED_ENGLISH::paired_english::m139_200114_191955::SpykingCircus::42,PAIRED_ENGLISH::paired_english::m139_200114_191955,PAIRED_ENGLISH,0.8063058733057772,0.54374975,0.26255612364528524
main,fmiss,latent_summary_fullctx_lightgbm,latent_summary_stack,lightgbm,PAIRED_ENGLISH::paired_english::m139_200114_222743::HerdingSpikes2::5,PAIRED_ENGLISH::paired_english::m139_200114_222743,PAIRED_ENGLISH,0.022052337547780066,0.18709281,0.16504047332143684
main,fmiss,latent_summary_fullctx_lightgbm,latent_summary_stack,lightgbm,PAIRED_ENGLISH::paired_english::m139_200114_222743::IronClust::17,PAIRED_ENGLISH::paired_english::m139_200114_222743,PAIRED_ENGLISH,0.01587768303440165,0.21764131,0.2017636258692925
main,fmiss,latent_summary_fullctx_lightgbm,latent_summary_stack,lightgbm,PAIRED_ENGLISH::paired_english::m139_200114_222743::KiloSort2::26,PAIRED_ENGLISH::paired_english::m139_200114_222743,PAIRED_ENGLISH,0.002940311673037342,0.24255551,0.2396152023049671
main,fmiss,latent_summary_fullctx_lightgbm,latent_summary_stack,lightgbm,PAIRED_ENGLISH::paired_english::m139_200114_222743::KiloSort::88,PAIRED_ENGLISH::paired_english::m139_200114_222743,PAIRED_ENGLISH,0.006174654513378418,0.17044434,0.16426968500040026
main,fmiss,latent_summary_fullctx_lightgbm,latent_summary_stack,lightgbm,PAIRED_ENGLISH::paired_english::m139_200114_222743::MountainSort4::46,PAIRED_ENGLISH::paired_english::m139_200114_222743,PAIRED_ENGLISH,0.00911496618641576,0.2418373,0.23272232672320642
main,fmiss,latent_summary_fullctx_lightgbm,latent_summary_stack,lightgbm,PAIRED_ENGLISH::paired_english::m139_200114_222743::SpykingCircus::44,PAIRED_ENGLISH::paired_english::m139_200114_222743,PAIRED_ENGLISH,0.0020582181711261394,0.1772852,0.17522697622584651
main,fmiss,latent_summary_fullctx_lightgbm,latent_summary_stack,lightgbm,PAIRED_ENGLISH::paired_english::m139_200114_222743::Tridesclous::1,PAIRED_ENGLISH::paired_english::m139_200114_222743,PAIRED_ENGLISH,0.004998529844163481,0.21032324,0.20532471448910372
main,fmiss,latent_summary_fullctx_lightgbm,latent_summary_stack,lightgbm,PAIRED_ENGLISH::paired_english::m14_190326_155432::IronClust::22,PAIRED_ENGLISH::paired_english::m14_190326_155432,PAIRED_ENGLISH,0.13721413721413722,0.23480648,0.09759234080939183
main,fmiss,latent_summary_fullctx_lightgbm,latent_summary_stack,lightgbm,PAIRED_ENGLISH::paired_english::m14_190326_155432::MountainSort4::33,PAIRED_ENGLISH::paired_english::m14_190326_155432,PAIRED_ENGLISH,0.09147609147609148,0.19527948,0.10380338755070295
main,fmiss,latent_summary_fullctx_lightgbm,latent_summary_stack,lightgbm,PAIRED_ENGLISH::paired_english::m14_190326_155432::SpykingCircus::38,PAIRED_ENGLISH::paired_english::m14_190326_155432,PAIRED_ENGLISH,0.079002079002079,0.32662,0.24761793351966477
main,fmiss,latent_summary_fullctx_lightgbm,latent_summary_stack,lightgbm,PAIRED_ENGLISH::paired_english::m15_190315_142052_cell1::IronClust::40,PAIRED_ENGLISH::paired_english::m15_190315_142052_cell1,PAIRED_ENGLISH,0.24027594305005137,0.15647164,0.08380430317845408
main,fmiss,latent_summary_fullctx_lightgbm,latent_summary_stack,lightgbm,PAIRED_ENGLISH::paired_english::m15_190315_142052_cell1::KiloSort2::48,PAIRED_ENGLISH::paired_english::m15_190315_142052_cell1,PAIRED_ENGLISH,0.3173345075590782,0.1667551,0.15057941243483353
main,fmiss,latent_summary_fullctx_lightgbm,latent_summary_stack,lightgbm,PAIRED_ENGLISH::paired_english::m15_190315_142052_cell1::MountainSort4::62,PAIRED_ENGLISH::paired_english::m15_190315_142052_cell1,PAIRED_ENGLISH,0.5289886980772054,0.19610408,0.3328846185922658
main,fmiss,latent_summary_fullctx_lightgbm,latent_summary_stack,lightgbm,PAIRED_ENGLISH::paired_english::m15_190315_142052_cell1::MountainSort4::64,PAIRED_ENGLISH::paired_english::m15_190315_142052_cell1,PAIRED_ENGLISH,0.6713635696462645,0.33155346,0.33981011047878407
main,fmiss,latent_summary_fullctx_lightgbm,latent_summary_stack,lightgbm,PAIRED_ENGLISH::paired_english::m15_190315_142052_cell1::SpykingCircus::22,PAIRED_ENGLISH::paired_english::m15_190315_142052_cell1,PAIRED_ENGLISH,0.35975341259357113,0.3124136,0.04733980952617306
main,fmiss,latent_summary_fullctx_lightgbm,latent_summary_stack,lightgbm,PAIRED_ENGLISH::paired_english::m15_190315_142052_cell1::SpykingCircus::57,PAIRED_ENGLISH::paired_english::m15_190315_142052_cell1,PAIRED_ENGLISH,0.8711287244972846,0.5241599,0.3469688162026069
main,fmiss,latent_summary_fullctx_lightgbm,latent_summary_stack,lightgbm,PAIRED_ENGLISH::paired_english::m15_190315_152315_cell1::IronClust::35,PAIRED_ENGLISH::paired_english::m15_190315_152315_cell1,PAIRED_ENGLISH,0.04922936853742602,0.14398709,0.09475772085809706
main,fmiss,latent_summary_fullctx_lightgbm,latent_summary_stack,lightgbm,PAIRED_ENGLISH::paired_english::m15_190315_152315_cell1::KiloSort2::37,PAIRED_ENGLISH::paired_english::m15_190315_152315_cell1,PAIRED_ENGLISH,0.0014307082005592768,0.14118356,0.13975284692563092
main,fmiss,latent_summary_fullctx_lightgbm,latent_summary_stack,lightgbm,PAIRED_ENGLISH::paired_english::m15_190315_152315_cell1::KiloSort::1,PAIRED_ENGLISH::paired_english::m15_190315_152315_cell1,PAIRED_ENGLISH,0.003901931456070755,0.16362855,0.159726616927642
main,fmiss,latent_summary_fullctx_lightgbm,latent_summary_stack,lightgbm,PAIRED_ENGLISH::paired_english::m15_190315_152315_cell1::MountainSort4::72,PAIRED_ENGLISH::paired_english::m15_190315_152315_cell1,PAIRED_ENGLISH,0.03479222214996423,0.20328422,0.16849199675739202
main,fmiss,latent_summary_fullctx_lightgbm,latent_summary_stack,lightgbm,PAIRED_ENGLISH::paired_english::m15_190315_152315_cell1::SpykingCircus::46,PAIRED_ENGLISH::paired_english::m15_190315_152315_cell1,PAIRED_ENGLISH,0.0018859335371008649,0.15160893,0.14972299550094692
main,fmiss,latent_summary_fullctx_lightgbm,latent_summary_stack,lightgbm,PAIRED_ENGLISH::paired_english::m15_190315_152315_cell1::Tridesclous::0,PAIRED_ENGLISH::paired_english::m15_190315_152315_cell1,PAIRED_ENGLISH,0.2026403069519412,0.05641711,0.14622319564455863
main,fmiss,latent_summary_fullctx_lightgbm,latent_summary_stack,lightgbm,PAIRED_ENGLISH::paired_english::m26_190524_100859_cell1::KiloSort2::0,PAIRED_ENGLISH::paired_english::m26_190524_100859_cell1,PAIRED_ENGLISH,0.3453815261044177,0.18096022,0.16442130302568997
main,fmiss,latent_summary_fullctx_lightgbm,latent_summary_stack,lightgbm,PAIRED_ENGLISH::paired_english::m26_190524_100859_cell1::KiloSort::19,PAIRED_ENGLISH::paired_english::m26_190524_100859_cell1,PAIRED_ENGLISH,0.5522088353413654,0.06867852,0.4835303147214962
main,fmiss,latent_summary_fullctx_lightgbm,latent_summary_stack,lightgbm,PAIRED_ENGLISH::paired_english::m26_190524_100859_cell1::KiloSort::8,PAIRED_ENGLISH::paired_english::m26_190524_100859_cell1,PAIRED_ENGLISH,0.7610441767068273,0.04868376,0.7123604178817636
main,fmiss,latent_summary_fullctx_lightgbm,latent_summary_stack,lightgbm,PAIRED_ENGLISH::paired_english::m57_191105_141906::IronClust::6,PAIRED_ENGLISH::paired_english::m57_191105_141906,PAIRED_ENGLISH,0.12826603325415678,0.31934017,0.19107413617562227
main,fmiss,latent_summary_fullctx_lightgbm,latent_summary_stack,lightgbm,PAIRED_ENGLISH::paired_english::m57_191105_141906::KiloSort::47,PAIRED_ENGLISH::paired_english::m57_191105_141906,PAIRED_ENGLISH,0.04829770387965162,0.17295907,0.12466137049836198
main,fmiss,latent_summary_fullctx_lightgbm,latent_summary_stack,lightgbm,PAIRED_ENGLISH::paired_english::m57_191105_141906::MountainSort4::21,PAIRED_ENGLISH::paired_english::m57_191105_141906,PAIRED_ENGLISH,0.1187648456057007,0.18901406,0.07024921667972257
main,fmiss,latent_summary_fullctx_lightgbm,latent_summary_stack,lightgbm,PAIRED_ENGLISH::paired_english::m57_191105_141906::MountainSort4::57,PAIRED_ENGLISH::paired_english::m57_191105_141906,PAIRED_ENGLISH,0.5399841646872525,0.41779023,0.12219393059835482
main,fmiss,latent_summary_fullctx_lightgbm,latent_summary_stack,lightgbm,PAIRED_ENGLISH::paired_english::m57_191105_141906::SpykingCircus::12,PAIRED_ENGLISH::paired_english::m57_191105_141906,PAIRED_ENGLISH,0.5859065716547902,0.6768514,0.09094482013750715
main,fmiss,latent_summary_fullctx_lightgbm,latent_summary_stack,lightgbm,PAIRED_ENGLISH::paired_english::m57_191105_141906::SpykingCircus::30,PAIRED_ENGLISH::paired_english::m57_191105_141906,PAIRED_ENGLISH,0.46872525732383213,0.2588715,0.20985376160010777
main,fmiss,latent_summary_fullctx_lightgbm,latent_summary_stack,lightgbm,PAIRED_ENGLISH::paired_english::m57_191105_160026::HerdingSpikes2::1,PAIRED_ENGLISH::paired_english::m57_191105_160026,PAIRED_ENGLISH,0.7557251908396947,0.3054087,0.45031650444023485
main,fmiss,latent_summary_fullctx_lightgbm,latent_summary_stack,lightgbm,PAIRED_ENGLISH::paired_english::m57_191105_160026::IronClust::2,PAIRED_ENGLISH::paired_english::m57_191105_160026,PAIRED_ENGLISH,0.7206106870229008,0.6256505,0.09496016192982215
main,fmiss,latent_summary_fullctx_lightgbm,latent_summary_stack,lightgbm,PAIRED_ENGLISH::paired_english::m57_191105_160026::IronClust::3,PAIRED_ENGLISH::paired_english::m57_191105_160026,PAIRED_ENGLISH,0.5629770992366412,0.5023238,0.06065329295078303
main,fmiss,latent_summary_fullctx_lightgbm,latent_summary_stack,lightgbm,PAIRED_ENGLISH::paired_english::m57_191105_160026::KiloSort::127,PAIRED_ENGLISH::paired_english::m57_191105_160026,PAIRED_ENGLISH,0.7213740458015268,0.64970154,0.07167251009977504
main,fmiss,latent_summary_fullctx_lightgbm,latent_summary_stack,lightgbm,PAIRED_ENGLISH::paired_english::m57_191105_160026::KiloSort::6,PAIRED_ENGLISH::paired_english::m57_191105_160026,PAIRED_ENGLISH,0.5885496183206107,0.55196035,0.036589269237663924
main,fmiss,latent_summary_fullctx_lightgbm,latent_summary_stack,lightgbm,PAIRED_ENGLISH::paired_english::m57_191105_160026::MountainSort4::23,PAIRED_ENGLISH::paired_english::m57_191105_160026,PAIRED_ENGLISH,0.8603053435114504,0.6839809,0.17632446134363422
main,fmiss,latent_summary_fullctx_lightgbm,latent_summary_stack,lightgbm,PAIRED_ENGLISH::paired_english::m57_191105_160026::MountainSort4::25,PAIRED_ENGLISH::paired_english::m57_191105_160026,PAIRED_ENGLISH,0.5545801526717558,0.43511787,0.11946228210252663
main,fmiss,latent_summary_fullctx_lightgbm,latent_summary_stack,lightgbm,PAIRED_ENGLISH::paired_english::m57_191105_160026::SpykingCircus::2,PAIRED_ENGLISH::paired_english::m57_191105_160026,PAIRED_ENGLISH,0.7709923664122137,0.48370782,0.287284551003507
main,fmiss,latent_summary_fullctx_lightgbm,latent_summary_stack,lightgbm,PAIRED_ENGLISH::paired_english::m57_191105_160026::SpykingCircus::4,PAIRED_ENGLISH::paired_english::m57_191105_160026,PAIRED_ENGLISH,0.5625954198473282,0.60215956,0.039564139879386895
main,fmiss,latent_summary_fullctx_lightgbm,latent_summary_stack,lightgbm,PAIRED_ENGLISH::paired_english::m57_191105_160026::Tridesclous::0,PAIRED_ENGLISH::paired_english::m57_191105_160026,PAIRED_ENGLISH,0.7061068702290076,0.12896039,0.5771464843103904
main,fmiss,latent_summary_fullctx_lightgbm,latent_summary_stack,lightgbm,PAIRED_KAMPFF::paired_kampff::c14::HerdingSpikes2::6,PAIRED_KAMPFF::paired_kampff::c14,PAIRED_KAMPFF,0.35151068533529845,0.7418803,0.3903696123255292
main,fmiss,latent_summary_fullctx_lightgbm,latent_summary_stack,lightgbm,PAIRED_KAMPFF::paired_kampff::c14::IronClust::22,PAIRED_KAMPFF::paired_kampff::c14,PAIRED_KAMPFF,0.25036845983787764,0.63249356,0.38212509570792924
main,fmiss,latent_summary_fullctx_lightgbm,latent_summary_stack,lightgbm,PAIRED_KAMPFF::paired_kampff::c14::KiloSort2::37,PAIRED_KAMPFF::paired_kampff::c14,PAIRED_KAMPFF,0.14296241709653648,0.60432094,0.46135852625902385
main,fmiss,latent_summary_fullctx_lightgbm,latent_summary_stack,lightgbm,PAIRED_KAMPFF::paired_kampff::c14::MountainSort4::42,PAIRED_KAMPFF::paired_kampff::c14,PAIRED_KAMPFF,0.32221812822402357,0.57524806,0.25302993438660265
main,fmiss,latent_summary_fullctx_lightgbm,latent_summary_stack,lightgbm,PAIRED_KAMPFF::paired_kampff::c14::SpykingCircus::14,PAIRED_KAMPFF::paired_kampff::c14,PAIRED_KAMPFF,0.21868091378039795,0.70354867,0.48486775603466553
main,fmiss,latent_summary_fullctx_lightgbm,latent_summary_stack,lightgbm,PAIRED_KAMPFF::paired_kampff::c14::Tridesclous::8,PAIRED_KAMPFF::paired_kampff::c14,PAIRED_KAMPFF,0.20910095799557848,0.2418698,0.03276884924776868
main,fmiss,latent_summary_fullctx_lightgbm,latent_summary_stack,lightgbm,PAIRED_MEA64C_YGER::paired_mea64c::20170622_patch1::HerdingSpikes2::19,PAIRED_MEA64C_YGER::paired_mea64c::20170622_patch1,PAIRED_MEA64C_YGER,0.8533362695441533,0.7605579,0.09277837960579882
main,fmiss,latent_summary_fullctx_lightgbm,latent_summary_stack,lightgbm,PAIRED_MEA64C_YGER::paired_mea64c::20170622_patch1::HerdingSpikes2::7,PAIRED_MEA64C_YGER::paired_mea64c::20170622_patch1,PAIRED_MEA64C_YGER,0.18343977097555605,0.35702464,0.17358486886933835
main,fmiss,latent_summary_fullctx_lightgbm,latent_summary_stack,lightgbm,PAIRED_MEA64C_YGER::paired_mea64c::20170622_patch1::IronClust::8,PAIRED_MEA64C_YGER::paired_mea64c::20170622_patch1,PAIRED_MEA64C_YGER,0.027747192248403437,0.03805285,0.010305657223165624
main,fmiss,latent_summary_fullctx_lightgbm,latent_summary_stack,lightgbm,PAIRED_MEA64C_YGER::paired_mea64c::20170622_patch1::KiloSort2::23,PAIRED_MEA64C_YGER::paired_mea64c::20170622_patch1,PAIRED_MEA64C_YGER,0.0008808632459810614,0.23899059,0.23810972673032968
main,fmiss,latent_summary_fullctx_lightgbm,latent_summary_stack,lightgbm,PAIRED_MEA64C_YGER::paired_mea64c::20170622_patch1::KiloSort::64,PAIRED_MEA64C_YGER::paired_mea64c::20170622_patch1,PAIRED_MEA64C_YGER,0.03457388240475666,0.22122258,0.18664869707446086
main,fmiss,latent_summary_fullctx_lightgbm,latent_summary_stack,lightgbm,PAIRED_MEA64C_YGER::paired_mea64c::20170622_patch1::Klusta::4,PAIRED_MEA64C_YGER::paired_mea64c::20170622_patch1,PAIRED_MEA64C_YGER,0.17441092270425015,0.20198853,0.027577610434978667
main,fmiss,latent_summary_fullctx_lightgbm,latent_summary_stack,lightgbm,PAIRED_MEA64C_YGER::paired_mea64c::20170622_patch1::MountainSort4::43,PAIRED_MEA64C_YGER::paired_mea64c::20170622_patch1,PAIRED_MEA64C_YGER,0.02510460251046025,0.14738704,0.12228244013117946
main,fmiss,latent_summary_fullctx_lightgbm,latent_summary_stack,lightgbm,PAIRED_MEA64C_YGER::paired_mea64c::20170622_patch1::SpykingCircus::18,PAIRED_MEA64C_YGER::paired_mea64c::20170622_patch1,PAIRED_MEA64C_YGER,0.0028628055494384495,0.15894778,0.15608497517890169
main,fmiss,latent_summary_fullctx_lightgbm,latent_summary_stack,lightgbm,PAIRED_MEA64C_YGER::paired_mea64c::20170622_patch1::Tridesclous::12,PAIRED_MEA64C_YGER::paired_mea64c::20170622_patch1,PAIRED_MEA64C_YGER,0.026425897379431844,0.14934614,0.12292024562784659
main,fmiss,latent_summary_fullctx_lightgbm,latent_summary_stack,lightgbm,PAIRED_MEA64C_YGER::paired_mea64c::20170622_patch2::HerdingSpikes2::16,PAIRED_MEA64C_YGER::paired_mea64c::20170622_patch2,PAIRED_MEA64C_YGER,0.6606015595989603,0.5405263,0.12007528873256623
main,fmiss,latent_summary_fullctx_lightgbm,latent_summary_stack,lightgbm,PAIRED_MEA64C_YGER::paired_mea64c::20170622_patch2::HerdingSpikes2::44,PAIRED_MEA64C_YGER::paired_mea64c::20170622_patch2,PAIRED_MEA64C_YGER,0.8756034162643892,0.48850012,0.38710329800877397
main,fmiss,latent_summary_fullctx_lightgbm,latent_summary_stack,lightgbm,PAIRED_MEA64C_YGER::paired_mea64c::20170622_patch2::HerdingSpikes2::5,PAIRED_MEA64C_YGER::paired_mea64c::20170622_patch2,PAIRED_MEA64C_YGER,0.008169327887114742,0.025973553,0.017804224950853133
main,fmiss,latent_summary_fullctx_lightgbm,latent_summary_stack,lightgbm,PAIRED_MEA64C_YGER::paired_mea64c::20170622_patch2::IronClust::11,PAIRED_MEA64C_YGER::paired_mea64c::20170622_patch2,PAIRED_MEA64C_YGER,0.0003713330857779428,0.009298515,0.008927181488988216
main,fmiss,latent_summary_fullctx_lightgbm,latent_summary_stack,lightgbm,PAIRED_MEA64C_YGER::paired_mea64c::20170622_patch2::JRClust::31,PAIRED_MEA64C_YGER::paired_mea64c::20170622_patch2,PAIRED_MEA64C_YGER,0.0029706646862235424,0.015174962,0.012204296962657893
main,fmiss,latent_summary_fullctx_lightgbm,latent_summary_stack,lightgbm,PAIRED_MEA64C_YGER::paired_mea64c::20170622_patch2::KiloSort2::33,PAIRED_MEA64C_YGER::paired_mea64c::20170622_patch2,PAIRED_MEA64C_YGER,0.0011139992573338284,0.009856964,0.008742965204171584
main,fmiss,latent_summary_fullctx_lightgbm,latent_summary_stack,lightgbm,PAIRED_MEA64C_YGER::paired_mea64c::20170622_patch2::KiloSort::5,PAIRED_MEA64C_YGER::paired_mea64c::20170622_patch2,PAIRED_MEA64C_YGER,0.0014853323431117712,0.007891712,0.006406379435826999
main,fmiss,latent_summary_fullctx_lightgbm,latent_summary_stack,lightgbm,PAIRED_MEA64C_YGER::paired_mea64c::20170622_patch2::Klusta::14,PAIRED_MEA64C_YGER::paired_mea64c::20170622_patch2,PAIRED_MEA64C_YGER,0.15893056071295952,0.016894657,0.14203590354814744
main,fmiss,latent_summary_fullctx_lightgbm,latent_summary_stack,lightgbm,PAIRED_MEA64C_YGER::paired_mea64c::20170622_patch2::MountainSort4::31,PAIRED_MEA64C_YGER::paired_mea64c::20170622_patch2,PAIRED_MEA64C_YGER,0.0003713330857779428,0.0047619613,0.004390628202972229
main,fmiss,latent_summary_fullctx_lightgbm,latent_summary_stack,lightgbm,PAIRED_MEA64C_YGER::paired_mea64c::20170622_patch2::SpykingCircus::17,PAIRED_MEA64C_YGER::paired_mea64c::20170622_patch2,PAIRED_MEA64C_YGER,0.0003713330857779428,0.013592106,0.013220773204383666
main,fmiss,latent_summary_fullctx_lightgbm,latent_summary_stack,lightgbm,PAIRED_MEA64C_YGER::paired_mea64c::20170622_patch2::Tridesclous::0,PAIRED_MEA64C_YGER::paired_mea64c::20170622_patch2,PAIRED_MEA64C_YGER,0.0003713330857779428,0.0150259435,0.014654610431906993
main,fmiss,latent_summary_fullctx_xgboost,latent_summary_stack,xgboost,PAIRED_BOYDEN::paired_boyden32c::1103_1_1::IronClust::4,PAIRED_BOYDEN::paired_boyden32c::1103_1_1,PAIRED_BOYDEN,0.1661807580174927,0.15029062,0.015890134710264625
main,fmiss,latent_summary_fullctx_xgboost,latent_summary_stack,xgboost,PAIRED_BOYDEN::paired_boyden32c::1103_1_1::JRClust::18,PAIRED_BOYDEN::paired_boyden32c::1103_1_1,PAIRED_BOYDEN,0.08551992225461613,0.27955982,0.1940398986358105
main,fmiss,latent_summary_fullctx_xgboost,latent_summary_stack,xgboost,PAIRED_BOYDEN::paired_boyden32c::1103_1_1::KiloSort2::33,PAIRED_BOYDEN::paired_boyden32c::1103_1_1,PAIRED_BOYDEN,0.42857142857142855,0.30994636,0.11862507036754061
main,fmiss,latent_summary_fullctx_xgboost,latent_summary_stack,xgboost,PAIRED_BOYDEN::paired_boyden32c::1103_1_1::KiloSort2::55,PAIRED_BOYDEN::paired_boyden32c::1103_1_1,PAIRED_BOYDEN,0.8328474246841594,0.3900548,0.4427926325184032
main,fmiss,latent_summary_fullctx_xgboost,latent_summary_stack,xgboost,PAIRED_BOYDEN::paired_boyden32c::1103_1_1::KiloSort2::60,PAIRED_BOYDEN::paired_boyden32c::1103_1_1,PAIRED_BOYDEN,0.7580174927113703,0.26322046,0.49479703348857673
main,fmiss,latent_summary_fullctx_xgboost,latent_summary_stack,xgboost,PAIRED_BOYDEN::paired_boyden32c::1103_1_1::KiloSort::111,PAIRED_BOYDEN::paired_boyden32c::1103_1_1,PAIRED_BOYDEN,0.04081632653061224,0.22388873,0.1830723985117309
main,fmiss,latent_summary_fullctx_xgboost,latent_summary_stack,xgboost,PAIRED_BOYDEN::paired_boyden32c::1103_1_1::Klusta::12,PAIRED_BOYDEN::paired_boyden32c::1103_1_1,PAIRED_BOYDEN,0.17881438289601556,0.21780713,0.03899274612944373
main,fmiss,latent_summary_fullctx_xgboost,latent_summary_stack,xgboost,PAIRED_BOYDEN::paired_boyden32c::1103_1_1::MountainSort4::26,PAIRED_BOYDEN::paired_boyden32c::1103_1_1,PAIRED_BOYDEN,0.03595724003887269,0.22201167,0.18605443043136505
main,fmiss,latent_summary_fullctx_xgboost,latent_summary_stack,xgboost,PAIRED_BOYDEN::paired_boyden32c::1103_1_1::SpykingCircus::27,PAIRED_BOYDEN::paired_boyden32c::1103_1_1,PAIRED_BOYDEN,0.07482993197278912,0.25570488,0.18087494778795307
main,fmiss,latent_summary_fullctx_xgboost,latent_summary_stack,xgboost,PAIRED_BOYDEN::paired_boyden32c::1103_1_1::Tridesclous::3,PAIRED_BOYDEN::paired_boyden32c::1103_1_1,PAIRED_BOYDEN,0.11273080660835763,0.21814656,0.10541575596793631
main,fmiss,latent_summary_fullctx_xgboost,latent_summary_stack,xgboost,PAIRED_BOYDEN::paired_boyden32c::419_1_8::IronClust::14,PAIRED_BOYDEN::paired_boyden32c::419_1_8,PAIRED_BOYDEN,0.1489691520694466,0.055680875,0.09328827733432965
main,fmiss,latent_summary_fullctx_xgboost,latent_summary_stack,xgboost,PAIRED_BOYDEN::paired_boyden32c::419_1_8::IronClust::4,PAIRED_BOYDEN::paired_boyden32c::419_1_8,PAIRED_BOYDEN,0.3614943419624864,0.1022602,0.2592341397930681
main,fmiss,latent_summary_fullctx_xgboost,latent_summary_stack,xgboost,PAIRED_BOYDEN::paired_boyden32c::419_1_8::JRClust::24,PAIRED_BOYDEN::paired_boyden32c::419_1_8,PAIRED_BOYDEN,0.14617888699426446,0.055968147,0.0902107402230719
main,fmiss,latent_summary_fullctx_xgboost,latent_summary_stack,xgboost,PAIRED_BOYDEN::paired_boyden32c::419_1_8::JRClust::8,PAIRED_BOYDEN::paired_boyden32c::419_1_8,PAIRED_BOYDEN,0.7484110990544102,0.31086478,0.4375463226815006
main,fmiss,latent_summary_fullctx_xgboost,latent_summary_stack,xgboost,PAIRED_BOYDEN::paired_boyden32c::419_1_8::KiloSort2::27,PAIRED_BOYDEN::paired_boyden32c::419_1_8,PAIRED_BOYDEN,0.06696636180437142,0.060053278,0.006913084043627324
main,fmiss,latent_summary_fullctx_xgboost,latent_summary_stack,xgboost,PAIRED_BOYDEN::paired_boyden32c::419_1_8::KiloSort2::46,PAIRED_BOYDEN::paired_boyden32c::419_1_8,PAIRED_BOYDEN,0.11424585335606882,0.08254141,0.031704439750855656
main,fmiss,latent_summary_fullctx_xgboost,latent_summary_stack,xgboost,PAIRED_BOYDEN::paired_boyden32c::419_1_8::KiloSort::17,PAIRED_BOYDEN::paired_boyden32c::419_1_8,PAIRED_BOYDEN,0.13067741435436367,0.061227504,0.06944991019038319
main,fmiss,latent_summary_fullctx_xgboost,latent_summary_stack,xgboost,PAIRED_BOYDEN::paired_boyden32c::419_1_8::MountainSort4::42,PAIRED_BOYDEN::paired_boyden32c::419_1_8,PAIRED_BOYDEN,0.12261664858161525,0.061815742,0.06080090617834644
main,fmiss,latent_summary_fullctx_xgboost,latent_summary_stack,xgboost,PAIRED_BOYDEN::paired_boyden32c::419_1_8::SpykingCircus::24,PAIRED_BOYDEN::paired_boyden32c::419_1_8,PAIRED_BOYDEN,0.8012711207564719,0.32405105,0.47722006842454745
main,fmiss,latent_summary_fullctx_xgboost,latent_summary_stack,xgboost,PAIRED_BOYDEN::paired_boyden32c::419_1_8::SpykingCircus::28,PAIRED_BOYDEN::paired_boyden32c::419_1_8,PAIRED_BOYDEN,0.12416679584560533,0.05743914,0.06672765487013002
main,fmiss,latent_summary_fullctx_xgboost,latent_summary_stack,xgboost,PAIRED_BOYDEN::paired_boyden32c::419_1_8::Tridesclous::0,PAIRED_BOYDEN::paired_boyden32c::419_1_8,PAIRED_BOYDEN,0.14447372500387537,0.04562917,0.0988445552119385
main,fmiss,latent_summary_fullctx_xgboost,latent_summary_stack,xgboost,PAIRED_CRCNS_HC1::paired_crcns::d11221_d11221.001::SpykingCircus::6,PAIRED_CRCNS_HC1::paired_crcns::d11221_d11221.001,PAIRED_CRCNS_HC1,0.2845528455284553,0.359962,0.07540914101329277
main,fmiss,latent_summary_fullctx_xgboost,latent_summary_stack,xgboost,PAIRED_CRCNS_HC1::paired_crcns::d11222_d11222.002::IronClust::2,PAIRED_CRCNS_HC1::paired_crcns::d11222_d11222.002,PAIRED_CRCNS_HC1,0.017310252996005325,0.12385795,0.10654769965835639
main,fmiss,latent_summary_fullctx_xgboost,latent_summary_stack,xgboost,PAIRED_CRCNS_HC1::paired_crcns::d11222_d11222.002::JRClust::3,PAIRED_CRCNS_HC1::paired_crcns::d11222_d11222.002,PAIRED_CRCNS_HC1,0.07323568575233022,0.21756144,0.1443257529273649
main,fmiss,latent_summary_fullctx_xgboost,latent_summary_stack,xgboost,PAIRED_CRCNS_HC1::paired_crcns::d11222_d11222.002::KiloSort2::10,PAIRED_CRCNS_HC1::paired_crcns::d11222_d11222.002,PAIRED_CRCNS_HC1,0.5339547270306259,0.28096795,0.252986776209703
main,fmiss,latent_summary_fullctx_xgboost,latent_summary_stack,xgboost,PAIRED_CRCNS_HC1::paired_crcns::d11222_d11222.002::KiloSort::1,PAIRED_CRCNS_HC1::paired_crcns::d11222_d11222.002,PAIRED_CRCNS_HC1,0.03595206391478029,0.15699634,0.12104427564477477
main,fmiss,latent_summary_fullctx_xgboost,latent_summary_stack,xgboost,PAIRED_CRCNS_HC1::paired_crcns::d11222_d11222.002::Klusta::2,PAIRED_CRCNS_HC1::paired_crcns::d11222_d11222.002,PAIRED_CRCNS_HC1,0.022636484687083888,0.18181422,0.15917773884082442
main,fmiss,latent_summary_fullctx_xgboost,latent_summary_stack,xgboost,PAIRED_CRCNS_HC1::paired_crcns::d11222_d11222.002::MountainSort4::4,PAIRED_CRCNS_HC1::paired_crcns::d11222_d11222.002,PAIRED_CRCNS_HC1,0.20372836218375498,0.15942824,0.0443001233150416
main,fmiss,latent_summary_fullctx_xgboost,latent_summary_stack,xgboost,PAIRED_CRCNS_HC1::paired_crcns::d11222_d11222.002::SpykingCircus::4,PAIRED_CRCNS_HC1::paired_crcns::d11222_d11222.002,PAIRED_CRCNS_HC1,0.1151797603195739,0.2398513,0.12467153562845466
main,fmiss,latent_summary_fullctx_xgboost,latent_summary_stack,xgboost,PAIRED_CRCNS_HC1::paired_crcns::d11222_d11222.002::Tridesclous::0,PAIRED_CRCNS_HC1::paired_crcns::d11222_d11222.002,PAIRED_CRCNS_HC1,0.014647137150466045,0.0645189,0.0498717615750436
main,fmiss,latent_summary_fullctx_xgboost,latent_summary_stack,xgboost,PAIRED_ENGLISH::paired_english::m139_200114_191955::KiloSort2::25,PAIRED_ENGLISH::paired_english::m139_200114_191955,PAIRED_ENGLISH,0.8107276747092185,0.26618475,0.5445429274901328
main,fmiss,latent_summary_fullctx_xgboost,latent_summary_stack,xgboost,PAIRED_ENGLISH::paired_english::m139_200114_191955::MountainSort4::36,PAIRED_ENGLISH::paired_english::m139_200114_191955,PAIRED_ENGLISH,0.6701912909737576,0.24746546,0.4227258294812192
main,fmiss,latent_summary_fullctx_xgboost,latent_summary_stack,xgboost,PAIRED_ENGLISH::paired_english::m139_200114_191955::SpykingCircus::42,PAIRED_ENGLISH::paired_english::m139_200114_191955,PAIRED_ENGLISH,0.8063058733057772,0.42641482,0.3798910557341372
main,fmiss,latent_summary_fullctx_xgboost,latent_summary_stack,xgboost,PAIRED_ENGLISH::paired_english::m139_200114_222743::HerdingSpikes2::5,PAIRED_ENGLISH::paired_english::m139_200114_222743,PAIRED_ENGLISH,0.022052337547780066,0.29509795,0.2730456095728864
main,fmiss,latent_summary_fullctx_xgboost,latent_summary_stack,xgboost,PAIRED_ENGLISH::paired_english::m139_200114_222743::IronClust::17,PAIRED_ENGLISH::paired_english::m139_200114_222743,PAIRED_ENGLISH,0.01587768303440165,0.2740585,0.2581808079571908
main,fmiss,latent_summary_fullctx_xgboost,latent_summary_stack,xgboost,PAIRED_ENGLISH::paired_english::m139_200114_222743::KiloSort2::26,PAIRED_ENGLISH::paired_english::m139_200114_222743,PAIRED_ENGLISH,0.002940311673037342,0.32977465,0.3268343362780888
main,fmiss,latent_summary_fullctx_xgboost,latent_summary_stack,xgboost,PAIRED_ENGLISH::paired_english::m139_200114_222743::KiloSort::88,PAIRED_ENGLISH::paired_english::m139_200114_222743,PAIRED_ENGLISH,0.006174654513378418,0.29954907,0.29337441846750234
main,fmiss,latent_summary_fullctx_xgboost,latent_summary_stack,xgboost,PAIRED_ENGLISH::paired_english::m139_200114_222743::MountainSort4::46,PAIRED_ENGLISH::paired_english::m139_200114_222743,PAIRED_ENGLISH,0.00911496618641576,0.31897548,0.30986051222430505
main,fmiss,latent_summary_fullctx_xgboost,latent_summary_stack,xgboost,PAIRED_ENGLISH::paired_english::m139_200114_222743::SpykingCircus::44,PAIRED_ENGLISH::paired_english::m139_200114_222743,PAIRED_ENGLISH,0.0020582181711261394,0.31548226,0.3134240406255658
main,fmiss,latent_summary_fullctx_xgboost,latent_summary_stack,xgboost,PAIRED_ENGLISH::paired_english::m139_200114_222743::Tridesclous::1,PAIRED_ENGLISH::paired_english::m139_200114_222743,PAIRED_ENGLISH,0.004998529844163481,0.096318886,0.09132035583984989
main,fmiss,latent_summary_fullctx_xgboost,latent_summary_stack,xgboost,PAIRED_ENGLISH::paired_english::m14_190326_155432::IronClust::22,PAIRED_ENGLISH::paired_english::m14_190326_155432,PAIRED_ENGLISH,0.13721413721413722,0.3419119,0.20469777475027928
main,fmiss,latent_summary_fullctx_xgboost,latent_summary_stack,xgboost,PAIRED_ENGLISH::paired_english::m14_190326_155432::MountainSort4::33,PAIRED_ENGLISH::paired_english::m14_190326_155432,PAIRED_ENGLISH,0.09147609147609148,0.28651744,0.19504134979664411
main,fmiss,latent_summary_fullctx_xgboost,latent_summary_stack,xgboost,PAIRED_ENGLISH::paired_english::m14_190326_155432::SpykingCircus::38,PAIRED_ENGLISH::paired_english::m14_190326_155432,PAIRED_ENGLISH,0.079002079002079,0.57693917,0.4979370865901146
main,fmiss,latent_summary_fullctx_xgboost,latent_summary_stack,xgboost,PAIRED_ENGLISH::paired_english::m15_190315_142052_cell1::IronClust::40,PAIRED_ENGLISH::paired_english::m15_190315_142052_cell1,PAIRED_ENGLISH,0.24027594305005137,0.21817662,0.022099324831629436
main,fmiss,latent_summary_fullctx_xgboost,latent_summary_stack,xgboost,PAIRED_ENGLISH::paired_english::m15_190315_142052_cell1::KiloSort2::48,PAIRED_ENGLISH::paired_english::m15_190315_142052_cell1,PAIRED_ENGLISH,0.3173345075590782,0.08188709,0.2354474188430481
main,fmiss,latent_summary_fullctx_xgboost,latent_summary_stack,xgboost,PAIRED_ENGLISH::paired_english::m15_190315_142052_cell1::MountainSort4::62,PAIRED_ENGLISH::paired_english::m15_190315_142052_cell1,PAIRED_ENGLISH,0.5289886980772054,0.1173928,0.41159589732885715
main,fmiss,latent_summary_fullctx_xgboost,latent_summary_stack,xgboost,PAIRED_ENGLISH::paired_english::m15_190315_142052_cell1::MountainSort4::64,PAIRED_ENGLISH::paired_english::m15_190315_142052_cell1,PAIRED_ENGLISH,0.6713635696462645,0.39607355,0.2752900196603789
main,fmiss,latent_summary_fullctx_xgboost,latent_summary_stack,xgboost,PAIRED_ENGLISH::paired_english::m15_190315_142052_cell1::SpykingCircus::22,PAIRED_ENGLISH::paired_english::m15_190315_142052_cell1,PAIRED_ENGLISH,0.35975341259357113,0.23082091,0.12893250345107693
main,fmiss,latent_summary_fullctx_xgboost,latent_summary_stack,xgboost,PAIRED_ENGLISH::paired_english::m15_190315_142052_cell1::SpykingCircus::57,PAIRED_ENGLISH::paired_english::m15_190315_142052_cell1,PAIRED_ENGLISH,0.8711287244972846,0.38338295,0.48774577824446175
main,fmiss,latent_summary_fullctx_xgboost,latent_summary_stack,xgboost,PAIRED_ENGLISH::paired_english::m15_190315_152315_cell1::IronClust::35,PAIRED_ENGLISH::paired_english::m15_190315_152315_cell1,PAIRED_ENGLISH,0.04922936853742602,0.07405238,0.024823009997844668
main,fmiss,latent_summary_fullctx_xgboost,latent_summary_stack,xgboost,PAIRED_ENGLISH::paired_english::m15_190315_152315_cell1::KiloSort2::37,PAIRED_ENGLISH::paired_english::m15_190315_152315_cell1,PAIRED_ENGLISH,0.0014307082005592768,0.06906312,0.06763241138972316
main,fmiss,latent_summary_fullctx_xgboost,latent_summary_stack,xgboost,PAIRED_ENGLISH::paired_english::m15_190315_152315_cell1::KiloSort::1,PAIRED_ENGLISH::paired_english::m15_190315_152315_cell1,PAIRED_ENGLISH,0.003901931456070755,0.07470678,0.07080484647418894
main,fmiss,latent_summary_fullctx_xgboost,latent_summary_stack,xgboost,PAIRED_ENGLISH::paired_english::m15_190315_152315_cell1::MountainSort4::72,PAIRED_ENGLISH::paired_english::m15_190315_152315_cell1,PAIRED_ENGLISH,0.03479222214996423,0.11055552,0.07576329999387656
main,fmiss,latent_summary_fullctx_xgboost,latent_summary_stack,xgboost,PAIRED_ENGLISH::paired_english::m15_190315_152315_cell1::SpykingCircus::46,PAIRED_ENGLISH::paired_english::m15_190315_152315_cell1,PAIRED_ENGLISH,0.0018859335371008649,0.079384096,0.07749816242971508
main,fmiss,latent_summary_fullctx_xgboost,latent_summary_stack,xgboost,PAIRED_ENGLISH::paired_english::m15_190315_152315_cell1::Tridesclous::0,PAIRED_ENGLISH::paired_english::m15_190315_152315_cell1,PAIRED_ENGLISH,0.2026403069519412,0.04289876,0.15974154770606872
main,fmiss,latent_summary_fullctx_xgboost,latent_summary_stack,xgboost,PAIRED_ENGLISH::paired_english::m26_190524_100859_cell1::KiloSort2::0,PAIRED_ENGLISH::paired_english::m26_190524_100859_cell1,PAIRED_ENGLISH,0.3453815261044177,0.12551847,0.21986305510183896
main,fmiss,latent_summary_fullctx_xgboost,latent_summary_stack,xgboost,PAIRED_ENGLISH::paired_english::m26_190524_100859_cell1::KiloSort::19,PAIRED_ENGLISH::paired_english::m26_190524_100859_cell1,PAIRED_ENGLISH,0.5522088353413654,0.21096003,0.34124880478564035
main,fmiss,latent_summary_fullctx_xgboost,latent_summary_stack,xgboost,PAIRED_ENGLISH::paired_english::m26_190524_100859_cell1::KiloSort::8,PAIRED_ENGLISH::paired_english::m26_190524_100859_cell1,PAIRED_ENGLISH,0.7610441767068273,0.13336946,0.6276747160048849
main,fmiss,latent_summary_fullctx_xgboost,latent_summary_stack,xgboost,PAIRED_ENGLISH::paired_english::m57_191105_141906::IronClust::6,PAIRED_ENGLISH::paired_english::m57_191105_141906,PAIRED_ENGLISH,0.12826603325415678,0.27788085,0.14961481419991426
main,fmiss,latent_summary_fullctx_xgboost,latent_summary_stack,xgboost,PAIRED_ENGLISH::paired_english::m57_191105_141906::KiloSort::47,PAIRED_ENGLISH::paired_english::m57_191105_141906,PAIRED_ENGLISH,0.04829770387965162,0.24677928,0.19848157404107133
main,fmiss,latent_summary_fullctx_xgboost,latent_summary_stack,xgboost,PAIRED_ENGLISH::paired_english::m57_191105_141906::MountainSort4::21,PAIRED_ENGLISH::paired_english::m57_191105_141906,PAIRED_ENGLISH,0.1187648456057007,0.3549536,0.23618874144950558
main,fmiss,latent_summary_fullctx_xgboost,latent_summary_stack,xgboost,PAIRED_ENGLISH::paired_english::m57_191105_141906::MountainSort4::57,PAIRED_ENGLISH::paired_english::m57_191105_141906,PAIRED_ENGLISH,0.5399841646872525,0.46103123,0.07895293638334322
main,fmiss,latent_summary_fullctx_xgboost,latent_summary_stack,xgboost,PAIRED_ENGLISH::paired_english::m57_191105_141906::SpykingCircus::12,PAIRED_ENGLISH::paired_english::m57_191105_141906,PAIRED_ENGLISH,0.5859065716547902,0.5644421,0.021464473514073656
main,fmiss,latent_summary_fullctx_xgboost,latent_summary_stack,xgboost,PAIRED_ENGLISH::paired_english::m57_191105_141906::SpykingCircus::30,PAIRED_ENGLISH::paired_english::m57_191105_141906,PAIRED_ENGLISH,0.46872525732383213,0.44435167,0.02437358419761143
main,fmiss,latent_summary_fullctx_xgboost,latent_summary_stack,xgboost,PAIRED_ENGLISH::paired_english::m57_191105_160026::HerdingSpikes2::1,PAIRED_ENGLISH::paired_english::m57_191105_160026,PAIRED_ENGLISH,0.7557251908396947,0.23927581,0.5164493777369725
main,fmiss,latent_summary_fullctx_xgboost,latent_summary_stack,xgboost,PAIRED_ENGLISH::paired_english::m57_191105_160026::IronClust::2,PAIRED_ENGLISH::paired_english::m57_191105_160026,PAIRED_ENGLISH,0.7206106870229008,0.2547089,0.46590180087635535
main,fmiss,latent_summary_fullctx_xgboost,latent_summary_stack,xgboost,PAIRED_ENGLISH::paired_english::m57_191105_160026::IronClust::3,PAIRED_ENGLISH::paired_english::m57_191105_160026,PAIRED_ENGLISH,0.5629770992366412,0.2670239,0.29595320802608516
main,fmiss,latent_summary_fullctx_xgboost,latent_summary_stack,xgboost,PAIRED_ENGLISH::paired_english::m57_191105_160026::KiloSort::127,PAIRED_ENGLISH::paired_english::m57_191105_160026,PAIRED_ENGLISH,0.7213740458015268,0.2700484,0.4513256361011331
main,fmiss,latent_summary_fullctx_xgboost,latent_summary_stack,xgboost,PAIRED_ENGLISH::paired_english::m57_191105_160026::KiloSort::6,PAIRED_ENGLISH::paired_english::m57_191105_160026,PAIRED_ENGLISH,0.5885496183206107,0.2727781,0.31577152450576085
main,fmiss,latent_summary_fullctx_xgboost,latent_summary_stack,xgboost,PAIRED_ENGLISH::paired_english::m57_191105_160026::MountainSort4::23,PAIRED_ENGLISH::paired_english::m57_191105_160026,PAIRED_ENGLISH,0.8603053435114504,0.3142922,0.5460131510523439
main,fmiss,latent_summary_fullctx_xgboost,latent_summary_stack,xgboost,PAIRED_ENGLISH::paired_english::m57_191105_160026::MountainSort4::25,PAIRED_ENGLISH::paired_english::m57_191105_160026,PAIRED_ENGLISH,0.5545801526717558,0.22988862,0.32469153467935463
main,fmiss,latent_summary_fullctx_xgboost,latent_summary_stack,xgboost,PAIRED_ENGLISH::paired_english::m57_191105_160026::SpykingCircus::2,PAIRED_ENGLISH::paired_english::m57_191105_160026,PAIRED_ENGLISH,0.7709923664122137,0.2413961,0.5295962670832189
main,fmiss,latent_summary_fullctx_xgboost,latent_summary_stack,xgboost,PAIRED_ENGLISH::paired_english::m57_191105_160026::SpykingCircus::4,PAIRED_ENGLISH::paired_english::m57_191105_160026,PAIRED_ENGLISH,0.5625954198473282,0.2564048,0.306190632545311
main,fmiss,latent_summary_fullctx_xgboost,latent_summary_stack,xgboost,PAIRED_ENGLISH::paired_english::m57_191105_160026::Tridesclous::0,PAIRED_ENGLISH::paired_english::m57_191105_160026,PAIRED_ENGLISH,0.7061068702290076,0.09161986,0.61448701357341
main,fmiss,latent_summary_fullctx_xgboost,latent_summary_stack,xgboost,PAIRED_KAMPFF::paired_kampff::c14::HerdingSpikes2::6,PAIRED_KAMPFF::paired_kampff::c14,PAIRED_KAMPFF,0.35151068533529845,0.26546705,0.08604363764395323
main,fmiss,latent_summary_fullctx_xgboost,latent_summary_stack,xgboost,PAIRED_KAMPFF::paired_kampff::c14::IronClust::22,PAIRED_KAMPFF::paired_kampff::c14,PAIRED_KAMPFF,0.25036845983787764,0.20494695,0.045421509759867085
main,fmiss,latent_summary_fullctx_xgboost,latent_summary_stack,xgboost,PAIRED_KAMPFF::paired_kampff::c14::KiloSort2::37,PAIRED_KAMPFF::paired_kampff::c14,PAIRED_KAMPFF,0.14296241709653648,0.18677449,0.043812075167257464
main,fmiss,latent_summary_fullctx_xgboost,latent_summary_stack,xgboost,PAIRED_KAMPFF::paired_kampff::c14::MountainSort4::42,PAIRED_KAMPFF::paired_kampff::c14,PAIRED_KAMPFF,0.32221812822402357,0.33817932,0.015961191872946034
main,fmiss,latent_summary_fullctx_xgboost,latent_summary_stack,xgboost,PAIRED_KAMPFF::paired_kampff::c14::SpykingCircus::14,PAIRED_KAMPFF::paired_kampff::c14,PAIRED_KAMPFF,0.21868091378039795,0.24951415,0.030833233858876652
main,fmiss,latent_summary_fullctx_xgboost,latent_summary_stack,xgboost,PAIRED_KAMPFF::paired_kampff::c14::Tridesclous::8,PAIRED_KAMPFF::paired_kampff::c14,PAIRED_KAMPFF,0.20910095799557848,0.08207093,0.12703002620331927
main,fmiss,latent_summary_fullctx_xgboost,latent_summary_stack,xgboost,PAIRED_MEA64C_YGER::paired_mea64c::20170622_patch1::HerdingSpikes2::19,PAIRED_MEA64C_YGER::paired_mea64c::20170622_patch1,PAIRED_MEA64C_YGER,0.8533362695441533,0.6217547,0.231581563638239
main,fmiss,latent_summary_fullctx_xgboost,latent_summary_stack,xgboost,PAIRED_MEA64C_YGER::paired_mea64c::20170622_patch1::HerdingSpikes2::7,PAIRED_MEA64C_YGER::paired_mea64c::20170622_patch1,PAIRED_MEA64C_YGER,0.18343977097555605,0.10315017,0.08028960440441577
main,fmiss,latent_summary_fullctx_xgboost,latent_summary_stack,xgboost,PAIRED_MEA64C_YGER::paired_mea64c::20170622_patch1::IronClust::8,PAIRED_MEA64C_YGER::paired_mea64c::20170622_patch1,PAIRED_MEA64C_YGER,0.027747192248403437,0.036829967,0.009082774803341024
main,fmiss,latent_summary_fullctx_xgboost,latent_summary_stack,xgboost,PAIRED_MEA64C_YGER::paired_mea64c::20170622_patch1::KiloSort2::23,PAIRED_MEA64C_YGER::paired_mea64c::20170622_patch1,PAIRED_MEA64C_YGER,0.0008808632459810614,0.09708753,0.09620666903589455
main,fmiss,latent_summary_fullctx_xgboost,latent_summary_stack,xgboost,PAIRED_MEA64C_YGER::paired_mea64c::20170622_patch1::KiloSort::64,PAIRED_MEA64C_YGER::paired_mea64c::20170622_patch1,PAIRED_MEA64C_YGER,0.03457388240475666,0.083936684,0.04936280142884243
main,fmiss,latent_summary_fullctx_xgboost,latent_summary_stack,xgboost,PAIRED_MEA64C_YGER::paired_mea64c::20170622_patch1::Klusta::4,PAIRED_MEA64C_YGER::paired_mea64c::20170622_patch1,PAIRED_MEA64C_YGER,0.17441092270425015,0.10906745,0.06534347522071057
main,fmiss,latent_summary_fullctx_xgboost,latent_summary_stack,xgboost,PAIRED_MEA64C_YGER::paired_mea64c::20170622_patch1::MountainSort4::43,PAIRED_MEA64C_YGER::paired_mea64c::20170622_patch1,PAIRED_MEA64C_YGER,0.02510460251046025,0.08469418,0.05958957440184749
main,fmiss,latent_summary_fullctx_xgboost,latent_summary_stack,xgboost,PAIRED_MEA64C_YGER::paired_mea64c::20170622_patch1::SpykingCircus::18,PAIRED_MEA64C_YGER::paired_mea64c::20170622_patch1,PAIRED_MEA64C_YGER,0.0028628055494384495,0.077600196,0.07473739045447543
main,fmiss,latent_summary_fullctx_xgboost,latent_summary_stack,xgboost,PAIRED_MEA64C_YGER::paired_mea64c::20170622_patch1::Tridesclous::12,PAIRED_MEA64C_YGER::paired_mea64c::20170622_patch1,PAIRED_MEA64C_YGER,0.026425897379431844,0.07302351,0.04659761558004844
main,fmiss,latent_summary_fullctx_xgboost,latent_summary_stack,xgboost,PAIRED_MEA64C_YGER::paired_mea64c::20170622_patch2::HerdingSpikes2::16,PAIRED_MEA64C_YGER::paired_mea64c::20170622_patch2,PAIRED_MEA64C_YGER,0.6606015595989603,0.17173335,0.488868210037269
main,fmiss,latent_summary_fullctx_xgboost,latent_summary_stack,xgboost,PAIRED_MEA64C_YGER::paired_mea64c::20170622_patch2::HerdingSpikes2::44,PAIRED_MEA64C_YGER::paired_mea64c::20170622_patch2,PAIRED_MEA64C_YGER,0.8756034162643892,0.24103403,0.6345693853500826
main,fmiss,latent_summary_fullctx_xgboost,latent_summary_stack,xgboost,PAIRED_MEA64C_YGER::paired_mea64c::20170622_patch2::HerdingSpikes2::5,PAIRED_MEA64C_YGER::paired_mea64c::20170622_patch2,PAIRED_MEA64C_YGER,0.008169327887114742,0.043427758,0.035258430031719946
main,fmiss,latent_summary_fullctx_xgboost,latent_summary_stack,xgboost,PAIRED_MEA64C_YGER::paired_mea64c::20170622_patch2::IronClust::11,PAIRED_MEA64C_YGER::paired_mea64c::20170622_patch2,PAIRED_MEA64C_YGER,0.0003713330857779428,0.024251156,0.02387982246947032
main,fmiss,latent_summary_fullctx_xgboost,latent_summary_stack,xgboost,PAIRED_MEA64C_YGER::paired_mea64c::20170622_patch2::JRClust::31,PAIRED_MEA64C_YGER::paired_mea64c::20170622_patch2,PAIRED_MEA64C_YGER,0.0029706646862235424,0.018503956,0.015533291810492003
main,fmiss,latent_summary_fullctx_xgboost,latent_summary_stack,xgboost,PAIRED_MEA64C_YGER::paired_mea64c::20170622_patch2::KiloSort2::33,PAIRED_MEA64C_YGER::paired_mea64c::20170622_patch2,PAIRED_MEA64C_YGER,0.0011139992573338284,0.03729731,0.03618330918764298
main,fmiss,latent_summary_fullctx_xgboost,latent_summary_stack,xgboost,PAIRED_MEA64C_YGER::paired_mea64c::20170622_patch2::KiloSort::5,PAIRED_MEA64C_YGER::paired_mea64c::20170622_patch2,PAIRED_MEA64C_YGER,0.0014853323431117712,0.014779324,0.01329399136887954
main,fmiss,latent_summary_fullctx_xgboost,latent_summary_stack,xgboost,PAIRED_MEA64C_YGER::paired_mea64c::20170622_patch2::Klusta::14,PAIRED_MEA64C_YGER::paired_mea64c::20170622_patch2,PAIRED_MEA64C_YGER,0.15893056071295952,0.03883122,0.12009934163584923
main,fmiss,latent_summary_fullctx_xgboost,latent_summary_stack,xgboost,PAIRED_MEA64C_YGER::paired_mea64c::20170622_patch2::MountainSort4::31,PAIRED_MEA64C_YGER::paired_mea64c::20170622_patch2,PAIRED_MEA64C_YGER,0.0003713330857779428,0.028441401,0.028070068112728414
main,fmiss,latent_summary_fullctx_xgboost,latent_summary_stack,xgboost,PAIRED_MEA64C_YGER::paired_mea64c::20170622_patch2::SpykingCircus::17,PAIRED_MEA64C_YGER::paired_mea64c::20170622_patch2,PAIRED_MEA64C_YGER,0.0003713330857779428,0.0461105,0.045739166564462
main,fmiss,latent_summary_fullctx_xgboost,latent_summary_stack,xgboost,PAIRED_MEA64C_YGER::paired_mea64c::20170622_patch2::Tridesclous::0,PAIRED_MEA64C_YGER::paired_mea64c::20170622_patch2,PAIRED_MEA64C_YGER,0.0003713330857779428,0.033142537,0.032771203792807874
main,fmiss,source_plus_reduced_latent_fullctx_lightgbm,reduced_latent_stack,lightgbm,PAIRED_BOYDEN::paired_boyden32c::1103_1_1::IronClust::4,PAIRED_BOYDEN::paired_boyden32c::1103_1_1,PAIRED_BOYDEN,0.1661807580174927,0.18459326,0.018412502270745812
main,fmiss,source_plus_reduced_latent_fullctx_lightgbm,reduced_latent_stack,lightgbm,PAIRED_BOYDEN::paired_boyden32c::1103_1_1::JRClust::18,PAIRED_BOYDEN::paired_boyden32c::1103_1_1,PAIRED_BOYDEN,0.08551992225461613,0.23582424,0.1503043199796139
main,fmiss,source_plus_reduced_latent_fullctx_lightgbm,reduced_latent_stack,lightgbm,PAIRED_BOYDEN::paired_boyden32c::1103_1_1::KiloSort2::33,PAIRED_BOYDEN::paired_boyden32c::1103_1_1,PAIRED_BOYDEN,0.42857142857142855,0.3379261,0.09064533880778719
main,fmiss,source_plus_reduced_latent_fullctx_lightgbm,reduced_latent_stack,lightgbm,PAIRED_BOYDEN::paired_boyden32c::1103_1_1::KiloSort2::55,PAIRED_BOYDEN::paired_boyden32c::1103_1_1,PAIRED_BOYDEN,0.8328474246841594,0.48328847,0.34955895775377
main,fmiss,source_plus_reduced_latent_fullctx_lightgbm,reduced_latent_stack,lightgbm,PAIRED_BOYDEN::paired_boyden32c::1103_1_1::KiloSort2::60,PAIRED_BOYDEN::paired_boyden32c::1103_1_1,PAIRED_BOYDEN,0.7580174927113703,0.35521707,0.4028004233239344
main,fmiss,source_plus_reduced_latent_fullctx_lightgbm,reduced_latent_stack,lightgbm,PAIRED_BOYDEN::paired_boyden32c::1103_1_1::KiloSort::111,PAIRED_BOYDEN::paired_boyden32c::1103_1_1,PAIRED_BOYDEN,0.04081632653061224,0.20111524,0.16029890915568995
main,fmiss,source_plus_reduced_latent_fullctx_lightgbm,reduced_latent_stack,lightgbm,PAIRED_BOYDEN::paired_boyden32c::1103_1_1::Klusta::12,PAIRED_BOYDEN::paired_boyden32c::1103_1_1,PAIRED_BOYDEN,0.17881438289601556,0.23891509,0.06010070289652594
main,fmiss,source_plus_reduced_latent_fullctx_lightgbm,reduced_latent_stack,lightgbm,PAIRED_BOYDEN::paired_boyden32c::1103_1_1::MountainSort4::26,PAIRED_BOYDEN::paired_boyden32c::1103_1_1,PAIRED_BOYDEN,0.03595724003887269,0.18671249,0.15075524849319366
main,fmiss,source_plus_reduced_latent_fullctx_lightgbm,reduced_latent_stack,lightgbm,PAIRED_BOYDEN::paired_boyden32c::1103_1_1::SpykingCircus::27,PAIRED_BOYDEN::paired_boyden32c::1103_1_1,PAIRED_BOYDEN,0.07482993197278912,0.31076783,0.23593789744539326
main,fmiss,source_plus_reduced_latent_fullctx_lightgbm,reduced_latent_stack,lightgbm,PAIRED_BOYDEN::paired_boyden32c::1103_1_1::Tridesclous::3,PAIRED_BOYDEN::paired_boyden32c::1103_1_1,PAIRED_BOYDEN,0.11273080660835763,0.14635856,0.03362775788768271
main,fmiss,source_plus_reduced_latent_fullctx_lightgbm,reduced_latent_stack,lightgbm,PAIRED_BOYDEN::paired_boyden32c::419_1_8::IronClust::14,PAIRED_BOYDEN::paired_boyden32c::419_1_8,PAIRED_BOYDEN,0.1489691520694466,0.120344214,0.028624937928077743
main,fmiss,source_plus_reduced_latent_fullctx_lightgbm,reduced_latent_stack,lightgbm,PAIRED_BOYDEN::paired_boyden32c::419_1_8::IronClust::4,PAIRED_BOYDEN::paired_boyden32c::419_1_8,PAIRED_BOYDEN,0.3614943419624864,0.2480817,0.1134126429487764
main,fmiss,source_plus_reduced_latent_fullctx_lightgbm,reduced_latent_stack,lightgbm,PAIRED_BOYDEN::paired_boyden32c::419_1_8::JRClust::24,PAIRED_BOYDEN::paired_boyden32c::419_1_8,PAIRED_BOYDEN,0.14617888699426446,0.11685027,0.029328615173242423
main,fmiss,source_plus_reduced_latent_fullctx_lightgbm,reduced_latent_stack,lightgbm,PAIRED_BOYDEN::paired_boyden32c::419_1_8::JRClust::8,PAIRED_BOYDEN::paired_boyden32c::419_1_8,PAIRED_BOYDEN,0.7484110990544102,0.67044246,0.0779686370869419
main,fmiss,source_plus_reduced_latent_fullctx_lightgbm,reduced_latent_stack,lightgbm,PAIRED_BOYDEN::paired_boyden32c::419_1_8::KiloSort2::27,PAIRED_BOYDEN::paired_boyden32c::419_1_8,PAIRED_BOYDEN,0.06696636180437142,0.11141834,0.044451974825496135
main,fmiss,source_plus_reduced_latent_fullctx_lightgbm,reduced_latent_stack,lightgbm,PAIRED_BOYDEN::paired_boyden32c::419_1_8::KiloSort2::46,PAIRED_BOYDEN::paired_boyden32c::419_1_8,PAIRED_BOYDEN,0.11424585335606882,0.2216301,0.10738424307947805
main,fmiss,source_plus_reduced_latent_fullctx_lightgbm,reduced_latent_stack,lightgbm,PAIRED_BOYDEN::paired_boyden32c::419_1_8::KiloSort::17,PAIRED_BOYDEN::paired_boyden32c::419_1_8,PAIRED_BOYDEN,0.13067741435436367,0.16498743,0.03431001562209965
main,fmiss,source_plus_reduced_latent_fullctx_lightgbm,reduced_latent_stack,lightgbm,PAIRED_BOYDEN::paired_boyden32c::419_1_8::MountainSort4::42,PAIRED_BOYDEN::paired_boyden32c::419_1_8,PAIRED_BOYDEN,0.12261664858161525,0.08130991,0.041306741443267625
main,fmiss,source_plus_reduced_latent_fullctx_lightgbm,reduced_latent_stack,lightgbm,PAIRED_BOYDEN::paired_boyden32c::419_1_8::SpykingCircus::24,PAIRED_BOYDEN::paired_boyden32c::419_1_8,PAIRED_BOYDEN,0.8012711207564719,0.6384586,0.16281251117547824
main,fmiss,source_plus_reduced_latent_fullctx_lightgbm,reduced_latent_stack,lightgbm,PAIRED_BOYDEN::paired_boyden32c::419_1_8::SpykingCircus::28,PAIRED_BOYDEN::paired_boyden32c::419_1_8,PAIRED_BOYDEN,0.12416679584560533,0.13327137,0.009104570512198012
main,fmiss,source_plus_reduced_latent_fullctx_lightgbm,reduced_latent_stack,lightgbm,PAIRED_BOYDEN::paired_boyden32c::419_1_8::Tridesclous::0,PAIRED_BOYDEN::paired_boyden32c::419_1_8,PAIRED_BOYDEN,0.14447372500387537,0.030861791,0.11361193378058779
main,fmiss,source_plus_reduced_latent_fullctx_lightgbm,reduced_latent_stack,lightgbm,PAIRED_CRCNS_HC1::paired_crcns::d11221_d11221.001::SpykingCircus::6,PAIRED_CRCNS_HC1::paired_crcns::d11221_d11221.001,PAIRED_CRCNS_HC1,0.2845528455284553,0.43419242,0.14963957352366875
main,fmiss,source_plus_reduced_latent_fullctx_lightgbm,reduced_latent_stack,lightgbm,PAIRED_CRCNS_HC1::paired_crcns::d11222_d11222.002::IronClust::2,PAIRED_CRCNS_HC1::paired_crcns::d11222_d11222.002,PAIRED_CRCNS_HC1,0.017310252996005325,0.103726394,0.08641614147850105
main,fmiss,source_plus_reduced_latent_fullctx_lightgbm,reduced_latent_stack,lightgbm,PAIRED_CRCNS_HC1::paired_crcns::d11222_d11222.002::JRClust::3,PAIRED_CRCNS_HC1::paired_crcns::d11222_d11222.002,PAIRED_CRCNS_HC1,0.07323568575233022,0.14685689,0.07362120337635478
main,fmiss,source_plus_reduced_latent_fullctx_lightgbm,reduced_latent_stack,lightgbm,PAIRED_CRCNS_HC1::paired_crcns::d11222_d11222.002::KiloSort2::10,PAIRED_CRCNS_HC1::paired_crcns::d11222_d11222.002,PAIRED_CRCNS_HC1,0.5339547270306259,0.07847787,0.45547686008297494
main,fmiss,source_plus_reduced_latent_fullctx_lightgbm,reduced_latent_stack,lightgbm,PAIRED_CRCNS_HC1::paired_crcns::d11222_d11222.002::KiloSort::1,PAIRED_CRCNS_HC1::paired_crcns::d11222_d11222.002,PAIRED_CRCNS_HC1,0.03595206391478029,0.12522635,0.08927428472375426
main,fmiss,source_plus_reduced_latent_fullctx_lightgbm,reduced_latent_stack,lightgbm,PAIRED_CRCNS_HC1::paired_crcns::d11222_d11222.002::Klusta::2,PAIRED_CRCNS_HC1::paired_crcns::d11222_d11222.002,PAIRED_CRCNS_HC1,0.022636484687083888,0.08418234,0.06154585223937638
main,fmiss,source_plus_reduced_latent_fullctx_lightgbm,reduced_latent_stack,lightgbm,PAIRED_CRCNS_HC1::paired_crcns::d11222_d11222.002::MountainSort4::4,PAIRED_CRCNS_HC1::paired_crcns::d11222_d11222.002,PAIRED_CRCNS_HC1,0.20372836218375498,0.0540173,0.14971106053489977
main,fmiss,source_plus_reduced_latent_fullctx_lightgbm,reduced_latent_stack,lightgbm,PAIRED_CRCNS_HC1::paired_crcns::d11222_d11222.002::SpykingCircus::4,PAIRED_CRCNS_HC1::paired_crcns::d11222_d11222.002,PAIRED_CRCNS_HC1,0.1151797603195739,0.11391509,0.0012646670764518003
main,fmiss,source_plus_reduced_latent_fullctx_lightgbm,reduced_latent_stack,lightgbm,PAIRED_CRCNS_HC1::paired_crcns::d11222_d11222.002::Tridesclous::0,PAIRED_CRCNS_HC1::paired_crcns::d11222_d11222.002,PAIRED_CRCNS_HC1,0.014647137150466045,0.099887505,0.08524036802321712
main,fmiss,source_plus_reduced_latent_fullctx_lightgbm,reduced_latent_stack,lightgbm,PAIRED_ENGLISH::paired_english::m139_200114_191955::KiloSort2::25,PAIRED_ENGLISH::paired_english::m139_200114_191955,PAIRED_ENGLISH,0.8107276747092185,0.28067902,0.5300486574038443
main,fmiss,source_plus_reduced_latent_fullctx_lightgbm,reduced_latent_stack,lightgbm,PAIRED_ENGLISH::paired_english::m139_200114_191955::MountainSort4::36,PAIRED_ENGLISH::paired_english::m139_200114_191955,PAIRED_ENGLISH,0.6701912909737576,0.3321509,0.33804038464937103
main,fmiss,source_plus_reduced_latent_fullctx_lightgbm,reduced_latent_stack,lightgbm,PAIRED_ENGLISH::paired_english::m139_200114_191955::SpykingCircus::42,PAIRED_ENGLISH::paired_english::m139_200114_191955,PAIRED_ENGLISH,0.8063058733057772,0.62266433,0.18364154091594564
main,fmiss,source_plus_reduced_latent_fullctx_lightgbm,reduced_latent_stack,lightgbm,PAIRED_ENGLISH::paired_english::m139_200114_222743::HerdingSpikes2::5,PAIRED_ENGLISH::paired_english::m139_200114_222743,PAIRED_ENGLISH,0.022052337547780066,0.18954954,0.16749719796514412
main,fmiss,source_plus_reduced_latent_fullctx_lightgbm,reduced_latent_stack,lightgbm,PAIRED_ENGLISH::paired_english::m139_200114_222743::IronClust::17,PAIRED_ENGLISH::paired_english::m139_200114_222743,PAIRED_ENGLISH,0.01587768303440165,0.2987214,0.28284371984912804
main,fmiss,source_plus_reduced_latent_fullctx_lightgbm,reduced_latent_stack,lightgbm,PAIRED_ENGLISH::paired_english::m139_200114_222743::KiloSort2::26,PAIRED_ENGLISH::paired_english::m139_200114_222743,PAIRED_ENGLISH,0.002940311673037342,0.35517558,0.3522352728816349
main,fmiss,source_plus_reduced_latent_fullctx_lightgbm,reduced_latent_stack,lightgbm,PAIRED_ENGLISH::paired_english::m139_200114_222743::KiloSort::88,PAIRED_ENGLISH::paired_english::m139_200114_222743,PAIRED_ENGLISH,0.006174654513378418,0.3128117,0.3066370479764745
main,fmiss,source_plus_reduced_latent_fullctx_lightgbm,reduced_latent_stack,lightgbm,PAIRED_ENGLISH::paired_english::m139_200114_222743::MountainSort4::46,PAIRED_ENGLISH::paired_english::m139_200114_222743,PAIRED_ENGLISH,0.00911496618641576,0.35400605,0.34489108583079614
main,fmiss,source_plus_reduced_latent_fullctx_lightgbm,reduced_latent_stack,lightgbm,PAIRED_ENGLISH::paired_english::m139_200114_222743::SpykingCircus::44,PAIRED_ENGLISH::paired_english::m139_200114_222743,PAIRED_ENGLISH,0.0020582181711261394,0.17757381,0.17551559681701015
main,fmiss,source_plus_reduced_latent_fullctx_lightgbm,reduced_latent_stack,lightgbm,PAIRED_ENGLISH::paired_english::m139_200114_222743::Tridesclous::1,PAIRED_ENGLISH::paired_english::m139_200114_222743,PAIRED_ENGLISH,0.004998529844163481,0.1548977,0.14989917487633364
main,fmiss,source_plus_reduced_latent_fullctx_lightgbm,reduced_latent_stack,lightgbm,PAIRED_ENGLISH::paired_english::m14_190326_155432::IronClust::22,PAIRED_ENGLISH::paired_english::m14_190326_155432,PAIRED_ENGLISH,0.13721413721413722,0.4069724,0.2697582710805405
main,fmiss,source_plus_reduced_latent_fullctx_lightgbm,reduced_latent_stack,lightgbm,PAIRED_ENGLISH::paired_english::m14_190326_155432::MountainSort4::33,PAIRED_ENGLISH::paired_english::m14_190326_155432,PAIRED_ENGLISH,0.09147609147609148,0.4838204,0.3923443171065959
main,fmiss,source_plus_reduced_latent_fullctx_lightgbm,reduced_latent_stack,lightgbm,PAIRED_ENGLISH::paired_english::m14_190326_155432::SpykingCircus::38,PAIRED_ENGLISH::paired_english::m14_190326_155432,PAIRED_ENGLISH,0.079002079002079,0.42759833,0.34859624839622116
main,fmiss,source_plus_reduced_latent_fullctx_lightgbm,reduced_latent_stack,lightgbm,PAIRED_ENGLISH::paired_english::m15_190315_142052_cell1::IronClust::40,PAIRED_ENGLISH::paired_english::m15_190315_142052_cell1,PAIRED_ENGLISH,0.24027594305005137,0.1560226,0.08425334967103068
main,fmiss,source_plus_reduced_latent_fullctx_lightgbm,reduced_latent_stack,lightgbm,PAIRED_ENGLISH::paired_english::m15_190315_142052_cell1::KiloSort2::48,PAIRED_ENGLISH::paired_english::m15_190315_142052_cell1,PAIRED_ENGLISH,0.3173345075590782,0.24165186,0.07568264469935226
main,fmiss,source_plus_reduced_latent_fullctx_lightgbm,reduced_latent_stack,lightgbm,PAIRED_ENGLISH::paired_english::m15_190315_142052_cell1::MountainSort4::62,PAIRED_ENGLISH::paired_english::m15_190315_142052_cell1,PAIRED_ENGLISH,0.5289886980772054,0.32338798,0.20560071761608478
main,fmiss,source_plus_reduced_latent_fullctx_lightgbm,reduced_latent_stack,lightgbm,PAIRED_ENGLISH::paired_english::m15_190315_142052_cell1::MountainSort4::64,PAIRED_ENGLISH::paired_english::m15_190315_142052_cell1,PAIRED_ENGLISH,0.6713635696462645,0.48171416,0.18964941039600514
main,fmiss,source_plus_reduced_latent_fullctx_lightgbm,reduced_latent_stack,lightgbm,PAIRED_ENGLISH::paired_english::m15_190315_142052_cell1::SpykingCircus::22,PAIRED_ENGLISH::paired_english::m15_190315_142052_cell1,PAIRED_ENGLISH,0.35975341259357113,0.43978196,0.0800285512316547
main,fmiss,source_plus_reduced_latent_fullctx_lightgbm,reduced_latent_stack,lightgbm,PAIRED_ENGLISH::paired_english::m15_190315_142052_cell1::SpykingCircus::57,PAIRED_ENGLISH::paired_english::m15_190315_142052_cell1,PAIRED_ENGLISH,0.8711287244972846,0.5994236,0.2717051371750495
main,fmiss,source_plus_reduced_latent_fullctx_lightgbm,reduced_latent_stack,lightgbm,PAIRED_ENGLISH::paired_english::m15_190315_152315_cell1::IronClust::35,PAIRED_ENGLISH::paired_english::m15_190315_152315_cell1,PAIRED_ENGLISH,0.04922936853742602,0.09681576,0.0475863889160156
main,fmiss,source_plus_reduced_latent_fullctx_lightgbm,reduced_latent_stack,lightgbm,PAIRED_ENGLISH::paired_english::m15_190315_152315_cell1::KiloSort2::37,PAIRED_ENGLISH::paired_english::m15_190315_152315_cell1,PAIRED_ENGLISH,0.0014307082005592768,0.0389182,0.0374874926797298
main,fmiss,source_plus_reduced_latent_fullctx_lightgbm,reduced_latent_stack,lightgbm,PAIRED_ENGLISH::paired_english::m15_190315_152315_cell1::KiloSort::1,PAIRED_ENGLISH::paired_english::m15_190315_152315_cell1,PAIRED_ENGLISH,0.003901931456070755,0.07101174,0.06710980553295054
main,fmiss,source_plus_reduced_latent_fullctx_lightgbm,reduced_latent_stack,lightgbm,PAIRED_ENGLISH::paired_english::m15_190315_152315_cell1::MountainSort4::72,PAIRED_ENGLISH::paired_english::m15_190315_152315_cell1,PAIRED_ENGLISH,0.03479222214996423,0.1970497,0.1622574850243369
main,fmiss,source_plus_reduced_latent_fullctx_lightgbm,reduced_latent_stack,lightgbm,PAIRED_ENGLISH::paired_english::m15_190315_152315_cell1::SpykingCircus::46,PAIRED_ENGLISH::paired_english::m15_190315_152315_cell1,PAIRED_ENGLISH,0.0018859335371008649,0.07317306,0.07128712747612087
main,fmiss,source_plus_reduced_latent_fullctx_lightgbm,reduced_latent_stack,lightgbm,PAIRED_ENGLISH::paired_english::m15_190315_152315_cell1::Tridesclous::0,PAIRED_ENGLISH::paired_english::m15_190315_152315_cell1,PAIRED_ENGLISH,0.2026403069519412,0.14989305,0.052747261526526174
main,fmiss,source_plus_reduced_latent_fullctx_lightgbm,reduced_latent_stack,lightgbm,PAIRED_ENGLISH::paired_english::m26_190524_100859_cell1::KiloSort2::0,PAIRED_ENGLISH::paired_english::m26_190524_100859_cell1,PAIRED_ENGLISH,0.3453815261044177,0.38155136,0.036169829019102206
main,fmiss,source_plus_reduced_latent_fullctx_lightgbm,reduced_latent_stack,lightgbm,PAIRED_ENGLISH::paired_english::m26_190524_100859_cell1::KiloSort::19,PAIRED_ENGLISH::paired_english::m26_190524_100859_cell1,PAIRED_ENGLISH,0.5522088353413654,0.2844741,0.2677347306984974
main,fmiss,source_plus_reduced_latent_fullctx_lightgbm,reduced_latent_stack,lightgbm,PAIRED_ENGLISH::paired_english::m26_190524_100859_cell1::KiloSort::8,PAIRED_ENGLISH::paired_english::m26_190524_100859_cell1,PAIRED_ENGLISH,0.7610441767068273,0.29901817,0.462026002296961
main,fmiss,source_plus_reduced_latent_fullctx_lightgbm,reduced_latent_stack,lightgbm,PAIRED_ENGLISH::paired_english::m57_191105_141906::IronClust::6,PAIRED_ENGLISH::paired_english::m57_191105_141906,PAIRED_ENGLISH,0.12826603325415678,0.420292,0.29202595678757604
main,fmiss,source_plus_reduced_latent_fullctx_lightgbm,reduced_latent_stack,lightgbm,PAIRED_ENGLISH::paired_english::m57_191105_141906::KiloSort::47,PAIRED_ENGLISH::paired_english::m57_191105_141906,PAIRED_ENGLISH,0.04829770387965162,0.2959349,0.24763718186062852
main,fmiss,source_plus_reduced_latent_fullctx_lightgbm,reduced_latent_stack,lightgbm,PAIRED_ENGLISH::paired_english::m57_191105_141906::MountainSort4::21,PAIRED_ENGLISH::paired_english::m57_191105_141906,PAIRED_ENGLISH,0.1187648456057007,0.30424622,0.18548137140670468
main,fmiss,source_plus_reduced_latent_fullctx_lightgbm,reduced_latent_stack,lightgbm,PAIRED_ENGLISH::paired_english::m57_191105_141906::MountainSort4::57,PAIRED_ENGLISH::paired_english::m57_191105_141906,PAIRED_ENGLISH,0.5399841646872525,0.38337106,0.15661310956106234
main,fmiss,source_plus_reduced_latent_fullctx_lightgbm,reduced_latent_stack,lightgbm,PAIRED_ENGLISH::paired_english::m57_191105_141906::SpykingCircus::12,PAIRED_ENGLISH::paired_english::m57_191105_141906,PAIRED_ENGLISH,0.5859065716547902,0.654859,0.0689524347500865
main,fmiss,source_plus_reduced_latent_fullctx_lightgbm,reduced_latent_stack,lightgbm,PAIRED_ENGLISH::paired_english::m57_191105_141906::SpykingCircus::30,PAIRED_ENGLISH::paired_english::m57_191105_141906,PAIRED_ENGLISH,0.46872525732383213,0.33153743,0.13718783180579625
main,fmiss,source_plus_reduced_latent_fullctx_lightgbm,reduced_latent_stack,lightgbm,PAIRED_ENGLISH::paired_english::m57_191105_160026::HerdingSpikes2::1,PAIRED_ENGLISH::paired_english::m57_191105_160026,PAIRED_ENGLISH,0.7557251908396947,0.2109442,0.5447809853171575
main,fmiss,source_plus_reduced_latent_fullctx_lightgbm,reduced_latent_stack,lightgbm,PAIRED_ENGLISH::paired_english::m57_191105_160026::IronClust::2,PAIRED_ENGLISH::paired_english::m57_191105_160026,PAIRED_ENGLISH,0.7206106870229008,0.4204408,0.3001698939854862
main,fmiss,source_plus_reduced_latent_fullctx_lightgbm,reduced_latent_stack,lightgbm,PAIRED_ENGLISH::paired_english::m57_191105_160026::IronClust::3,PAIRED_ENGLISH::paired_english::m57_191105_160026,PAIRED_ENGLISH,0.5629770992366412,0.39193338,0.1710437176791766
main,fmiss,source_plus_reduced_latent_fullctx_lightgbm,reduced_latent_stack,lightgbm,PAIRED_ENGLISH::paired_english::m57_191105_160026::KiloSort::127,PAIRED_ENGLISH::paired_english::m57_191105_160026,PAIRED_ENGLISH,0.7213740458015268,0.41460088,0.30677316684759304
main,fmiss,source_plus_reduced_latent_fullctx_lightgbm,reduced_latent_stack,lightgbm,PAIRED_ENGLISH::paired_english::m57_191105_160026::KiloSort::6,PAIRED_ENGLISH::paired_english::m57_191105_160026,PAIRED_ENGLISH,0.5885496183206107,0.42446464,0.1640849753190543
main,fmiss,source_plus_reduced_latent_fullctx_lightgbm,reduced_latent_stack,lightgbm,PAIRED_ENGLISH::paired_english::m57_191105_160026::MountainSort4::23,PAIRED_ENGLISH::paired_english::m57_191105_160026,PAIRED_ENGLISH,0.8603053435114504,0.6772045,0.1831008538035036
main,fmiss,source_plus_reduced_latent_fullctx_lightgbm,reduced_latent_stack,lightgbm,PAIRED_ENGLISH::paired_english::m57_191105_160026::MountainSort4::25,PAIRED_ENGLISH::paired_english::m57_191105_160026,PAIRED_ENGLISH,0.5545801526717558,0.30892974,0.24565041128915688
main,fmiss,source_plus_reduced_latent_fullctx_lightgbm,reduced_latent_stack,lightgbm,PAIRED_ENGLISH::paired_english::m57_191105_160026::SpykingCircus::2,PAIRED_ENGLISH::paired_english::m57_191105_160026,PAIRED_ENGLISH,0.7709923664122137,0.3273085,0.4436838606386694
main,fmiss,source_plus_reduced_latent_fullctx_lightgbm,reduced_latent_stack,lightgbm,PAIRED_ENGLISH::paired_english::m57_191105_160026::SpykingCircus::4,PAIRED_ENGLISH::paired_english::m57_191105_160026,PAIRED_ENGLISH,0.5625954198473282,0.4553014,0.10729401584799958
main,fmiss,source_plus_reduced_latent_fullctx_lightgbm,reduced_latent_stack,lightgbm,PAIRED_ENGLISH::paired_english::m57_191105_160026::Tridesclous::0,PAIRED_ENGLISH::paired_english::m57_191105_160026,PAIRED_ENGLISH,0.7061068702290076,0.076570846,0.629536024088623
main,fmiss,source_plus_reduced_latent_fullctx_lightgbm,reduced_latent_stack,lightgbm,PAIRED_KAMPFF::paired_kampff::c14::HerdingSpikes2::6,PAIRED_KAMPFF::paired_kampff::c14,PAIRED_KAMPFF,0.35151068533529845,0.4663564,0.11484571133981142
main,fmiss,source_plus_reduced_latent_fullctx_lightgbm,reduced_latent_stack,lightgbm,PAIRED_KAMPFF::paired_kampff::c14::IronClust::22,PAIRED_KAMPFF::paired_kampff::c14,PAIRED_KAMPFF,0.25036845983787764,0.40830085,0.1579323869772316
main,fmiss,source_plus_reduced_latent_fullctx_lightgbm,reduced_latent_stack,lightgbm,PAIRED_KAMPFF::paired_kampff::c14::KiloSort2::37,PAIRED_KAMPFF::paired_kampff::c14,PAIRED_KAMPFF,0.14296241709653648,0.28740904,0.1444466202550718
main,fmiss,source_plus_reduced_latent_fullctx_lightgbm,reduced_latent_stack,lightgbm,PAIRED_KAMPFF::paired_kampff::c14::MountainSort4::42,PAIRED_KAMPFF::paired_kampff::c14,PAIRED_KAMPFF,0.32221812822402357,0.26663384,0.055584289808877696
main,fmiss,source_plus_reduced_latent_fullctx_lightgbm,reduced_latent_stack,lightgbm,PAIRED_KAMPFF::paired_kampff::c14::SpykingCircus::14,PAIRED_KAMPFF::paired_kampff::c14,PAIRED_KAMPFF,0.21868091378039795,0.3057852,0.08710429516010804
main,fmiss,source_plus_reduced_latent_fullctx_lightgbm,reduced_latent_stack,lightgbm,PAIRED_KAMPFF::paired_kampff::c14::Tridesclous::8,PAIRED_KAMPFF::paired_kampff::c14,PAIRED_KAMPFF,0.20910095799557848,0.14889553,0.060205426102801995
main,fmiss,source_plus_reduced_latent_fullctx_lightgbm,reduced_latent_stack,lightgbm,PAIRED_MEA64C_YGER::paired_mea64c::20170622_patch1::HerdingSpikes2::19,PAIRED_MEA64C_YGER::paired_mea64c::20170622_patch1,PAIRED_MEA64C_YGER,0.8533362695441533,0.78237396,0.07096230475762377
main,fmiss,source_plus_reduced_latent_fullctx_lightgbm,reduced_latent_stack,lightgbm,PAIRED_MEA64C_YGER::paired_mea64c::20170622_patch1::HerdingSpikes2::7,PAIRED_MEA64C_YGER::paired_mea64c::20170622_patch1,PAIRED_MEA64C_YGER,0.18343977097555605,0.28077006,0.0973302924247125
main,fmiss,source_plus_reduced_latent_fullctx_lightgbm,reduced_latent_stack,lightgbm,PAIRED_MEA64C_YGER::paired_mea64c::20170622_patch1::IronClust::8,PAIRED_MEA64C_YGER::paired_mea64c::20170622_patch1,PAIRED_MEA64C_YGER,0.027747192248403437,0.026475942,0.0012712504860752892
main,fmiss,source_plus_reduced_latent_fullctx_lightgbm,reduced_latent_stack,lightgbm,PAIRED_MEA64C_YGER::paired_mea64c::20170622_patch1::KiloSort2::23,PAIRED_MEA64C_YGER::paired_mea64c::20170622_patch1,PAIRED_MEA64C_YGER,0.0008808632459810614,0.0518095,0.050928637656910095
main,fmiss,source_plus_reduced_latent_fullctx_lightgbm,reduced_latent_stack,lightgbm,PAIRED_MEA64C_YGER::paired_mea64c::20170622_patch1::KiloSort::64,PAIRED_MEA64C_YGER::paired_mea64c::20170622_patch1,PAIRED_MEA64C_YGER,0.03457388240475666,0.062217623,0.027643740590619928
main,fmiss,source_plus_reduced_latent_fullctx_lightgbm,reduced_latent_stack,lightgbm,PAIRED_MEA64C_YGER::paired_mea64c::20170622_patch1::Klusta::4,PAIRED_MEA64C_YGER::paired_mea64c::20170622_patch1,PAIRED_MEA64C_YGER,0.17441092270425015,0.05416492,0.12024600270202809
main,fmiss,source_plus_reduced_latent_fullctx_lightgbm,reduced_latent_stack,lightgbm,PAIRED_MEA64C_YGER::paired_mea64c::20170622_patch1::MountainSort4::43,PAIRED_MEA64C_YGER::paired_mea64c::20170622_patch1,PAIRED_MEA64C_YGER,0.02510460251046025,0.17350401,0.14839940733241236
main,fmiss,source_plus_reduced_latent_fullctx_lightgbm,reduced_latent_stack,lightgbm,PAIRED_MEA64C_YGER::paired_mea64c::20170622_patch1::SpykingCircus::18,PAIRED_MEA64C_YGER::paired_mea64c::20170622_patch1,PAIRED_MEA64C_YGER,0.0028628055494384495,0.04477079,0.04190798285192683
main,fmiss,source_plus_reduced_latent_fullctx_lightgbm,reduced_latent_stack,lightgbm,PAIRED_MEA64C_YGER::paired_mea64c::20170622_patch1::Tridesclous::12,PAIRED_MEA64C_YGER::paired_mea64c::20170622_patch1,PAIRED_MEA64C_YGER,0.026425897379431844,0.043193325,0.016767428020920634
main,fmiss,source_plus_reduced_latent_fullctx_lightgbm,reduced_latent_stack,lightgbm,PAIRED_MEA64C_YGER::paired_mea64c::20170622_patch2::HerdingSpikes2::16,PAIRED_MEA64C_YGER::paired_mea64c::20170622_patch2,PAIRED_MEA64C_YGER,0.6606015595989603,0.40888757,0.25171399446300446
main,fmiss,source_plus_reduced_latent_fullctx_lightgbm,reduced_latent_stack,lightgbm,PAIRED_MEA64C_YGER::paired_mea64c::20170622_patch2::HerdingSpikes2::44,PAIRED_MEA64C_YGER::paired_mea64c::20170622_patch2,PAIRED_MEA64C_YGER,0.8756034162643892,0.5926583,0.28294513493809526
main,fmiss,source_plus_reduced_latent_fullctx_lightgbm,reduced_latent_stack,lightgbm,PAIRED_MEA64C_YGER::paired_mea64c::20170622_patch2::HerdingSpikes2::5,PAIRED_MEA64C_YGER::paired_mea64c::20170622_patch2,PAIRED_MEA64C_YGER,0.008169327887114742,0.020106345,0.011937017528000615
main,fmiss,source_plus_reduced_latent_fullctx_lightgbm,reduced_latent_stack,lightgbm,PAIRED_MEA64C_YGER::paired_mea64c::20170622_patch2::IronClust::11,PAIRED_MEA64C_YGER::paired_mea64c::20170622_patch2,PAIRED_MEA64C_YGER,0.0003713330857779428,0.005024484,0.004653150807288702
main,fmiss,source_plus_reduced_latent_fullctx_lightgbm,reduced_latent_stack,lightgbm,PAIRED_MEA64C_YGER::paired_mea64c::20170622_patch2::JRClust::31,PAIRED_MEA64C_YGER::paired_mea64c::20170622_patch2,PAIRED_MEA64C_YGER,0.0029706646862235424,0.0052621574,0.0022914927278849724
main,fmiss,source_plus_reduced_latent_fullctx_lightgbm,reduced_latent_stack,lightgbm,PAIRED_MEA64C_YGER::paired_mea64c::20170622_patch2::KiloSort2::33,PAIRED_MEA64C_YGER::paired_mea64c::20170622_patch2,PAIRED_MEA64C_YGER,0.0011139992573338284,0.005014137,0.0039001376419288383
main,fmiss,source_plus_reduced_latent_fullctx_lightgbm,reduced_latent_stack,lightgbm,PAIRED_MEA64C_YGER::paired_mea64c::20170622_patch2::KiloSort::5,PAIRED_MEA64C_YGER::paired_mea64c::20170622_patch2,PAIRED_MEA64C_YGER,0.0014853323431117712,0.005222003,0.0037366706325309097
main,fmiss,source_plus_reduced_latent_fullctx_lightgbm,reduced_latent_stack,lightgbm,PAIRED_MEA64C_YGER::paired_mea64c::20170622_patch2::Klusta::14,PAIRED_MEA64C_YGER::paired_mea64c::20170622_patch2,PAIRED_MEA64C_YGER,0.15893056071295952,0.010006256,0.14892430431142067
main,fmiss,source_plus_reduced_latent_fullctx_lightgbm,reduced_latent_stack,lightgbm,PAIRED_MEA64C_YGER::paired_mea64c::20170622_patch2::MountainSort4::31,PAIRED_MEA64C_YGER::paired_mea64c::20170622_patch2,PAIRED_MEA64C_YGER,0.0003713330857779428,0.0028931967,0.0025218635659341173
main,fmiss,source_plus_reduced_latent_fullctx_lightgbm,reduced_latent_stack,lightgbm,PAIRED_MEA64C_YGER::paired_mea64c::20170622_patch2::SpykingCircus::17,PAIRED_MEA64C_YGER::paired_mea64c::20170622_patch2,PAIRED_MEA64C_YGER,0.0003713330857779428,0.005159065,0.004787732041594799
main,fmiss,source_plus_reduced_latent_fullctx_lightgbm,reduced_latent_stack,lightgbm,PAIRED_MEA64C_YGER::paired_mea64c::20170622_patch2::Tridesclous::0,PAIRED_MEA64C_YGER::paired_mea64c::20170622_patch2,PAIRED_MEA64C_YGER,0.0003713330857779428,0.0056634624,0.005292129363087233
main,fmiss,source_plus_reduced_latent_fullctx_xgboost,reduced_latent_stack,xgboost,PAIRED_BOYDEN::paired_boyden32c::1103_1_1::IronClust::4,PAIRED_BOYDEN::paired_boyden32c::1103_1_1,PAIRED_BOYDEN,0.1661807580174927,0.094187506,0.07199325247426075
main,fmiss,source_plus_reduced_latent_fullctx_xgboost,reduced_latent_stack,xgboost,PAIRED_BOYDEN::paired_boyden32c::1103_1_1::JRClust::18,PAIRED_BOYDEN::paired_boyden32c::1103_1_1,PAIRED_BOYDEN,0.08551992225461613,0.2439648,0.15844488394445766
main,fmiss,source_plus_reduced_latent_fullctx_xgboost,reduced_latent_stack,xgboost,PAIRED_BOYDEN::paired_boyden32c::1103_1_1::KiloSort2::33,PAIRED_BOYDEN::paired_boyden32c::1103_1_1,PAIRED_BOYDEN,0.42857142857142855,0.44640532,0.017833892788205852
main,fmiss,source_plus_reduced_latent_fullctx_xgboost,reduced_latent_stack,xgboost,PAIRED_BOYDEN::paired_boyden32c::1103_1_1::KiloSort2::55,PAIRED_BOYDEN::paired_boyden32c::1103_1_1,PAIRED_BOYDEN,0.8328474246841594,0.43820438,0.3946430467945262
main,fmiss,source_plus_reduced_latent_fullctx_xgboost,reduced_latent_stack,xgboost,PAIRED_BOYDEN::paired_boyden32c::1103_1_1::KiloSort2::60,PAIRED_BOYDEN::paired_boyden32c::1103_1_1,PAIRED_BOYDEN,0.7580174927113703,0.29074207,0.46727542322856697
main,fmiss,source_plus_reduced_latent_fullctx_xgboost,reduced_latent_stack,xgboost,PAIRED_BOYDEN::paired_boyden32c::1103_1_1::KiloSort::111,PAIRED_BOYDEN::paired_boyden32c::1103_1_1,PAIRED_BOYDEN,0.04081632653061224,0.24101101,0.2001946820896499
main,fmiss,source_plus_reduced_latent_fullctx_xgboost,reduced_latent_stack,xgboost,PAIRED_BOYDEN::paired_boyden32c::1103_1_1::Klusta::12,PAIRED_BOYDEN::paired_boyden32c::1103_1_1,PAIRED_BOYDEN,0.17881438289601556,0.1902145,0.011400116935184085
main,fmiss,source_plus_reduced_latent_fullctx_xgboost,reduced_latent_stack,xgboost,PAIRED_BOYDEN::paired_boyden32c::1103_1_1::MountainSort4::26,PAIRED_BOYDEN::paired_boyden32c::1103_1_1,PAIRED_BOYDEN,0.03595724003887269,0.24782176,0.21186452311897186
main,fmiss,source_plus_reduced_latent_fullctx_xgboost,reduced_latent_stack,xgboost,PAIRED_BOYDEN::paired_boyden32c::1103_1_1::SpykingCircus::27,PAIRED_BOYDEN::paired_boyden32c::1103_1_1,PAIRED_BOYDEN,0.07482993197278912,0.28936952,0.21453959155244892
main,fmiss,source_plus_reduced_latent_fullctx_xgboost,reduced_latent_stack,xgboost,PAIRED_BOYDEN::paired_boyden32c::1103_1_1::Tridesclous::3,PAIRED_BOYDEN::paired_boyden32c::1103_1_1,PAIRED_BOYDEN,0.11273080660835763,0.2101363,0.09740548775657157
main,fmiss,source_plus_reduced_latent_fullctx_xgboost,reduced_latent_stack,xgboost,PAIRED_BOYDEN::paired_boyden32c::419_1_8::IronClust::14,PAIRED_BOYDEN::paired_boyden32c::419_1_8,PAIRED_BOYDEN,0.1489691520694466,0.077634625,0.07133452693259434
main,fmiss,source_plus_reduced_latent_fullctx_xgboost,reduced_latent_stack,xgboost,PAIRED_BOYDEN::paired_boyden32c::419_1_8::IronClust::4,PAIRED_BOYDEN::paired_boyden32c::419_1_8,PAIRED_BOYDEN,0.3614943419624864,0.090243734,0.27125060754314056
main,fmiss,source_plus_reduced_latent_fullctx_xgboost,reduced_latent_stack,xgboost,PAIRED_BOYDEN::paired_boyden32c::419_1_8::JRClust::24,PAIRED_BOYDEN::paired_boyden32c::419_1_8,PAIRED_BOYDEN,0.14617888699426446,0.07387269,0.07230619411124978
main,fmiss,source_plus_reduced_latent_fullctx_xgboost,reduced_latent_stack,xgboost,PAIRED_BOYDEN::paired_boyden32c::419_1_8::JRClust::8,PAIRED_BOYDEN::paired_boyden32c::419_1_8,PAIRED_BOYDEN,0.7484110990544102,0.2955436,0.45286748800475807
main,fmiss,source_plus_reduced_latent_fullctx_xgboost,reduced_latent_stack,xgboost,PAIRED_BOYDEN::paired_boyden32c::419_1_8::KiloSort2::27,PAIRED_BOYDEN::paired_boyden32c::419_1_8,PAIRED_BOYDEN,0.06696636180437142,0.04570506,0.021261300398474278
main,fmiss,source_plus_reduced_latent_fullctx_xgboost,reduced_latent_stack,xgboost,PAIRED_BOYDEN::paired_boyden32c::419_1_8::KiloSort2::46,PAIRED_BOYDEN::paired_boyden32c::419_1_8,PAIRED_BOYDEN,0.11424585335606882,0.08380092,0.030444934002106877
main,fmiss,source_plus_reduced_latent_fullctx_xgboost,reduced_latent_stack,xgboost,PAIRED_BOYDEN::paired_boyden32c::419_1_8::KiloSort::17,PAIRED_BOYDEN::paired_boyden32c::419_1_8,PAIRED_BOYDEN,0.13067741435436367,0.077939026,0.052738388296643485
main,fmiss,source_plus_reduced_latent_fullctx_xgboost,reduced_latent_stack,xgboost,PAIRED_BOYDEN::paired_boyden32c::419_1_8::MountainSort4::42,PAIRED_BOYDEN::paired_boyden32c::419_1_8,PAIRED_BOYDEN,0.12261664858161525,0.08572537,0.036891281512370866
main,fmiss,source_plus_reduced_latent_fullctx_xgboost,reduced_latent_stack,xgboost,PAIRED_BOYDEN::paired_boyden32c::419_1_8::SpykingCircus::24,PAIRED_BOYDEN::paired_boyden32c::419_1_8,PAIRED_BOYDEN,0.8012711207564719,0.408249,0.3930221299823172
main,fmiss,source_plus_reduced_latent_fullctx_xgboost,reduced_latent_stack,xgboost,PAIRED_BOYDEN::paired_boyden32c::419_1_8::SpykingCircus::28,PAIRED_BOYDEN::paired_boyden32c::419_1_8,PAIRED_BOYDEN,0.12416679584560533,0.066615544,0.057551251586057145
main,fmiss,source_plus_reduced_latent_fullctx_xgboost,reduced_latent_stack,xgboost,PAIRED_BOYDEN::paired_boyden32c::419_1_8::Tridesclous::0,PAIRED_BOYDEN::paired_boyden32c::419_1_8,PAIRED_BOYDEN,0.14447372500387537,0.024267163,0.12020656187621462
main,fmiss,source_plus_reduced_latent_fullctx_xgboost,reduced_latent_stack,xgboost,PAIRED_CRCNS_HC1::paired_crcns::d11221_d11221.001::SpykingCircus::6,PAIRED_CRCNS_HC1::paired_crcns::d11221_d11221.001,PAIRED_CRCNS_HC1,0.2845528455284553,0.27200878,0.012544068863721392
main,fmiss,source_plus_reduced_latent_fullctx_xgboost,reduced_latent_stack,xgboost,PAIRED_CRCNS_HC1::paired_crcns::d11222_d11222.002::IronClust::2,PAIRED_CRCNS_HC1::paired_crcns::d11222_d11222.002,PAIRED_CRCNS_HC1,0.017310252996005325,0.25776958,0.2404593316597564
main,fmiss,source_plus_reduced_latent_fullctx_xgboost,reduced_latent_stack,xgboost,PAIRED_CRCNS_HC1::paired_crcns::d11222_d11222.002::JRClust::3,PAIRED_CRCNS_HC1::paired_crcns::d11222_d11222.002,PAIRED_CRCNS_HC1,0.07323568575233022,0.21474056,0.14150487370640238
main,fmiss,source_plus_reduced_latent_fullctx_xgboost,reduced_latent_stack,xgboost,PAIRED_CRCNS_HC1::paired_crcns::d11222_d11222.002::KiloSort2::10,PAIRED_CRCNS_HC1::paired_crcns::d11222_d11222.002,PAIRED_CRCNS_HC1,0.5339547270306259,0.13703178,0.3969229483374267
main,fmiss,source_plus_reduced_latent_fullctx_xgboost,reduced_latent_stack,xgboost,PAIRED_CRCNS_HC1::paired_crcns::d11222_d11222.002::KiloSort::1,PAIRED_CRCNS_HC1::paired_crcns::d11222_d11222.002,PAIRED_CRCNS_HC1,0.03595206391478029,0.1431806,0.10722852993344817
main,fmiss,source_plus_reduced_latent_fullctx_xgboost,reduced_latent_stack,xgboost,PAIRED_CRCNS_HC1::paired_crcns::d11222_d11222.002::Klusta::2,PAIRED_CRCNS_HC1::paired_crcns::d11222_d11222.002,PAIRED_CRCNS_HC1,0.022636484687083888,0.17092514,0.14828865569377547
main,fmiss,source_plus_reduced_latent_fullctx_xgboost,reduced_latent_stack,xgboost,PAIRED_CRCNS_HC1::paired_crcns::d11222_d11222.002::MountainSort4::4,PAIRED_CRCNS_HC1::paired_crcns::d11222_d11222.002,PAIRED_CRCNS_HC1,0.20372836218375498,0.17045449,0.03327387497920328
main,fmiss,source_plus_reduced_latent_fullctx_xgboost,reduced_latent_stack,xgboost,PAIRED_CRCNS_HC1::paired_crcns::d11222_d11222.002::SpykingCircus::4,PAIRED_CRCNS_HC1::paired_crcns::d11222_d11222.002,PAIRED_CRCNS_HC1,0.1151797603195739,0.2933412,0.17816142930330514
main,fmiss,source_plus_reduced_latent_fullctx_xgboost,reduced_latent_stack,xgboost,PAIRED_CRCNS_HC1::paired_crcns::d11222_d11222.002::Tridesclous::0,PAIRED_CRCNS_HC1::paired_crcns::d11222_d11222.002,PAIRED_CRCNS_HC1,0.014647137150466045,0.07913565,0.06448851175576488
main,fmiss,source_plus_reduced_latent_fullctx_xgboost,reduced_latent_stack,xgboost,PAIRED_ENGLISH::paired_english::m139_200114_191955::KiloSort2::25,PAIRED_ENGLISH::paired_english::m139_200114_191955,PAIRED_ENGLISH,0.8107276747092185,0.23061988,0.5801077971323905
main,fmiss,source_plus_reduced_latent_fullctx_xgboost,reduced_latent_stack,xgboost,PAIRED_ENGLISH::paired_english::m139_200114_191955::MountainSort4::36,PAIRED_ENGLISH::paired_english::m139_200114_191955,PAIRED_ENGLISH,0.6701912909737576,0.3571056,0.31308567821893585
main,fmiss,source_plus_reduced_latent_fullctx_xgboost,reduced_latent_stack,xgboost,PAIRED_ENGLISH::paired_english::m139_200114_191955::SpykingCircus::42,PAIRED_ENGLISH::paired_english::m139_200114_191955,PAIRED_ENGLISH,0.8063058733057772,0.5604807,0.24582515946147787
main,fmiss,source_plus_reduced_latent_fullctx_xgboost,reduced_latent_stack,xgboost,PAIRED_ENGLISH::paired_english::m139_200114_222743::HerdingSpikes2::5,PAIRED_ENGLISH::paired_english::m139_200114_222743,PAIRED_ENGLISH,0.022052337547780066,0.22417392,0.2021215808186521
main,fmiss,source_plus_reduced_latent_fullctx_xgboost,reduced_latent_stack,xgboost,PAIRED_ENGLISH::paired_english::m139_200114_222743::IronClust::17,PAIRED_ENGLISH::paired_english::m139_200114_222743,PAIRED_ENGLISH,0.01587768303440165,0.19997418,0.18409649623348165
main,fmiss,source_plus_reduced_latent_fullctx_xgboost,reduced_latent_stack,xgboost,PAIRED_ENGLISH::paired_english::m139_200114_222743::KiloSort2::26,PAIRED_ENGLISH::paired_english::m139_200114_222743,PAIRED_ENGLISH,0.002940311673037342,0.22749096,0.2245506498786289
main,fmiss,source_plus_reduced_latent_fullctx_xgboost,reduced_latent_stack,xgboost,PAIRED_ENGLISH::paired_english::m139_200114_222743::KiloSort::88,PAIRED_ENGLISH::paired_english::m139_200114_222743,PAIRED_ENGLISH,0.006174654513378418,0.22529183,0.2191171787681386
main,fmiss,source_plus_reduced_latent_fullctx_xgboost,reduced_latent_stack,xgboost,PAIRED_ENGLISH::paired_english::m139_200114_222743::MountainSort4::46,PAIRED_ENGLISH::paired_english::m139_200114_222743,PAIRED_ENGLISH,0.00911496618641576,0.24142624,0.23231127819167413
main,fmiss,source_plus_reduced_latent_fullctx_xgboost,reduced_latent_stack,xgboost,PAIRED_ENGLISH::paired_english::m139_200114_222743::SpykingCircus::44,PAIRED_ENGLISH::paired_english::m139_200114_222743,PAIRED_ENGLISH,0.0020582181711261394,0.19050656,0.18844834441947292
main,fmiss,source_plus_reduced_latent_fullctx_xgboost,reduced_latent_stack,xgboost,PAIRED_ENGLISH::paired_english::m139_200114_222743::Tridesclous::1,PAIRED_ENGLISH::paired_english::m139_200114_222743,PAIRED_ENGLISH,0.004998529844163481,0.08549992,0.08050139010679859
main,fmiss,source_plus_reduced_latent_fullctx_xgboost,reduced_latent_stack,xgboost,PAIRED_ENGLISH::paired_english::m14_190326_155432::IronClust::22,PAIRED_ENGLISH::paired_english::m14_190326_155432,PAIRED_ENGLISH,0.13721413721413722,0.32790342,0.19068928251891026
main,fmiss,source_plus_reduced_latent_fullctx_xgboost,reduced_latent_stack,xgboost,PAIRED_ENGLISH::paired_english::m14_190326_155432::MountainSort4::33,PAIRED_ENGLISH::paired_english::m14_190326_155432,PAIRED_ENGLISH,0.09147609147609148,0.53577435,0.4442982586902293
main,fmiss,source_plus_reduced_latent_fullctx_xgboost,reduced_latent_stack,xgboost,PAIRED_ENGLISH::paired_english::m14_190326_155432::SpykingCircus::38,PAIRED_ENGLISH::paired_english::m14_190326_155432,PAIRED_ENGLISH,0.079002079002079,0.5873796,0.5083774957736168
main,fmiss,source_plus_reduced_latent_fullctx_xgboost,reduced_latent_stack,xgboost,PAIRED_ENGLISH::paired_english::m15_190315_142052_cell1::IronClust::40,PAIRED_ENGLISH::paired_english::m15_190315_142052_cell1,PAIRED_ENGLISH,0.24027594305005137,0.18564841,0.054627531537676494
main,fmiss,source_plus_reduced_latent_fullctx_xgboost,reduced_latent_stack,xgboost,PAIRED_ENGLISH::paired_english::m15_190315_142052_cell1::KiloSort2::48,PAIRED_ENGLISH::paired_english::m15_190315_142052_cell1,PAIRED_ENGLISH,0.3173345075590782,0.20084223,0.11649227604700851
main,fmiss,source_plus_reduced_latent_fullctx_xgboost,reduced_latent_stack,xgboost,PAIRED_ENGLISH::paired_english::m15_190315_142052_cell1::MountainSort4::62,PAIRED_ENGLISH::paired_english::m15_190315_142052_cell1,PAIRED_ENGLISH,0.5289886980772054,0.2104658,0.31852289433479664
main,fmiss,source_plus_reduced_latent_fullctx_xgboost,reduced_latent_stack,xgboost,PAIRED_ENGLISH::paired_english::m15_190315_142052_cell1::MountainSort4::64,PAIRED_ENGLISH::paired_english::m15_190315_142052_cell1,PAIRED_ENGLISH,0.6713635696462645,0.22517376,0.44618981316604756
main,fmiss,source_plus_reduced_latent_fullctx_xgboost,reduced_latent_stack,xgboost,PAIRED_ENGLISH::paired_english::m15_190315_142052_cell1::SpykingCircus::22,PAIRED_ENGLISH::paired_english::m15_190315_142052_cell1,PAIRED_ENGLISH,0.35975341259357113,0.19210441,0.1676489984881558
main,fmiss,source_plus_reduced_latent_fullctx_xgboost,reduced_latent_stack,xgboost,PAIRED_ENGLISH::paired_english::m15_190315_142052_cell1::SpykingCircus::57,PAIRED_ENGLISH::paired_english::m15_190315_142052_cell1,PAIRED_ENGLISH,0.8711287244972846,0.33150584,0.5396228894409797
main,fmiss,source_plus_reduced_latent_fullctx_xgboost,reduced_latent_stack,xgboost,PAIRED_ENGLISH::paired_english::m15_190315_152315_cell1::IronClust::35,PAIRED_ENGLISH::paired_english::m15_190315_152315_cell1,PAIRED_ENGLISH,0.04922936853742602,0.065278694,0.01604932549619672
main,fmiss,source_plus_reduced_latent_fullctx_xgboost,reduced_latent_stack,xgboost,PAIRED_ENGLISH::paired_english::m15_190315_152315_cell1::KiloSort2::37,PAIRED_ENGLISH::paired_english::m15_190315_152315_cell1,PAIRED_ENGLISH,0.0014307082005592768,0.04385872,0.04242801365174327
main,fmiss,source_plus_reduced_latent_fullctx_xgboost,reduced_latent_stack,xgboost,PAIRED_ENGLISH::paired_english::m15_190315_152315_cell1::KiloSort::1,PAIRED_ENGLISH::paired_english::m15_190315_152315_cell1,PAIRED_ENGLISH,0.003901931456070755,0.0537294,0.04982746858264842
main,fmiss,source_plus_reduced_latent_fullctx_xgboost,reduced_latent_stack,xgboost,PAIRED_ENGLISH::paired_english::m15_190315_152315_cell1::MountainSort4::72,PAIRED_ENGLISH::paired_english::m15_190315_152315_cell1,PAIRED_ENGLISH,0.03479222214996423,0.20516184,0.1703696175736228
main,fmiss,source_plus_reduced_latent_fullctx_xgboost,reduced_latent_stack,xgboost,PAIRED_ENGLISH::paired_english::m15_190315_152315_cell1::SpykingCircus::46,PAIRED_ENGLISH::paired_english::m15_190315_152315_cell1,PAIRED_ENGLISH,0.0018859335371008649,0.05829463,0.056408698003674436
main,fmiss,source_plus_reduced_latent_fullctx_xgboost,reduced_latent_stack,xgboost,PAIRED_ENGLISH::paired_english::m15_190315_152315_cell1::Tridesclous::0,PAIRED_ENGLISH::paired_english::m15_190315_152315_cell1,PAIRED_ENGLISH,0.2026403069519412,0.072838224,0.12980208248132583
main,fmiss,source_plus_reduced_latent_fullctx_xgboost,reduced_latent_stack,xgboost,PAIRED_ENGLISH::paired_english::m26_190524_100859_cell1::KiloSort2::0,PAIRED_ENGLISH::paired_english::m26_190524_100859_cell1,PAIRED_ENGLISH,0.3453815261044177,0.20731327,0.13806825672766293
main,fmiss,source_plus_reduced_latent_fullctx_xgboost,reduced_latent_stack,xgboost,PAIRED_ENGLISH::paired_english::m26_190524_100859_cell1::KiloSort::19,PAIRED_ENGLISH::paired_english::m26_190524_100859_cell1,PAIRED_ENGLISH,0.5522088353413654,0.18447135,0.3677374814528538
main,fmiss,source_plus_reduced_latent_fullctx_xgboost,reduced_latent_stack,xgboost,PAIRED_ENGLISH::paired_english::m26_190524_100859_cell1::KiloSort::8,PAIRED_ENGLISH::paired_english::m26_190524_100859_cell1,PAIRED_ENGLISH,0.7610441767068273,0.13509502,0.6259491615386373
main,fmiss,source_plus_reduced_latent_fullctx_xgboost,reduced_latent_stack,xgboost,PAIRED_ENGLISH::paired_english::m57_191105_141906::IronClust::6,PAIRED_ENGLISH::paired_english::m57_191105_141906,PAIRED_ENGLISH,0.12826603325415678,0.34830865,0.22004261938523226
main,fmiss,source_plus_reduced_latent_fullctx_xgboost,reduced_latent_stack,xgboost,PAIRED_ENGLISH::paired_english::m57_191105_141906::KiloSort::47,PAIRED_ENGLISH::paired_english::m57_191105_141906,PAIRED_ENGLISH,0.04829770387965162,0.23106536,0.18276765881222765
main,fmiss,source_plus_reduced_latent_fullctx_xgboost,reduced_latent_stack,xgboost,PAIRED_ENGLISH::paired_english::m57_191105_141906::MountainSort4::21,PAIRED_ENGLISH::paired_english::m57_191105_141906,PAIRED_ENGLISH,0.1187648456057007,0.3730525,0.25428766203323055
main,fmiss,source_plus_reduced_latent_fullctx_xgboost,reduced_latent_stack,xgboost,PAIRED_ENGLISH::paired_english::m57_191105_141906::MountainSort4::57,PAIRED_ENGLISH::paired_english::m57_191105_141906,PAIRED_ENGLISH,0.5399841646872525,0.39250457,0.14747959181890535
main,fmiss,source_plus_reduced_latent_fullctx_xgboost,reduced_latent_stack,xgboost,PAIRED_ENGLISH::paired_english::m57_191105_141906::SpykingCircus::12,PAIRED_ENGLISH::paired_english::m57_191105_141906,PAIRED_ENGLISH,0.5859065716547902,0.53671736,0.04918921640347795
main,fmiss,source_plus_reduced_latent_fullctx_xgboost,reduced_latent_stack,xgboost,PAIRED_ENGLISH::paired_english::m57_191105_141906::SpykingCircus::30,PAIRED_ENGLISH::paired_english::m57_191105_141906,PAIRED_ENGLISH,0.46872525732383213,0.3142199,0.15450536529883824
main,fmiss,source_plus_reduced_latent_fullctx_xgboost,reduced_latent_stack,xgboost,PAIRED_ENGLISH::paired_english::m57_191105_160026::HerdingSpikes2::1,PAIRED_ENGLISH::paired_english::m57_191105_160026,PAIRED_ENGLISH,0.7557251908396947,0.15258117,0.6031440206383931
main,fmiss,source_plus_reduced_latent_fullctx_xgboost,reduced_latent_stack,xgboost,PAIRED_ENGLISH::paired_english::m57_191105_160026::IronClust::2,PAIRED_ENGLISH::paired_english::m57_191105_160026,PAIRED_ENGLISH,0.7206106870229008,0.30182093,0.4187897532040836
main,fmiss,source_plus_reduced_latent_fullctx_xgboost,reduced_latent_stack,xgboost,PAIRED_ENGLISH::paired_english::m57_191105_160026::IronClust::3,PAIRED_ENGLISH::paired_english::m57_191105_160026,PAIRED_ENGLISH,0.5629770992366412,0.26512554,0.2978515563575366
main,fmiss,source_plus_reduced_latent_fullctx_xgboost,reduced_latent_stack,xgboost,PAIRED_ENGLISH::paired_english::m57_191105_160026::KiloSort::127,PAIRED_ENGLISH::paired_english::m57_191105_160026,PAIRED_ENGLISH,0.7213740458015268,0.25574252,0.4656315257076089
main,fmiss,source_plus_reduced_latent_fullctx_xgboost,reduced_latent_stack,xgboost,PAIRED_ENGLISH::paired_english::m57_191105_160026::KiloSort::6,PAIRED_ENGLISH::paired_english::m57_191105_160026,PAIRED_ENGLISH,0.5885496183206107,0.32818156,0.26036805351271886
main,fmiss,source_plus_reduced_latent_fullctx_xgboost,reduced_latent_stack,xgboost,PAIRED_ENGLISH::paired_english::m57_191105_160026::MountainSort4::23,PAIRED_ENGLISH::paired_english::m57_191105_160026,PAIRED_ENGLISH,0.8603053435114504,0.3055073,0.5547980412272097
main,fmiss,source_plus_reduced_latent_fullctx_xgboost,reduced_latent_stack,xgboost,PAIRED_ENGLISH::paired_english::m57_191105_160026::MountainSort4::25,PAIRED_ENGLISH::paired_english::m57_191105_160026,PAIRED_ENGLISH,0.5545801526717558,0.275801,0.2787791496924772
main,fmiss,source_plus_reduced_latent_fullctx_xgboost,reduced_latent_stack,xgboost,PAIRED_ENGLISH::paired_english::m57_191105_160026::SpykingCircus::2,PAIRED_ENGLISH::paired_english::m57_191105_160026,PAIRED_ENGLISH,0.7709923664122137,0.2615295,0.5094628611593756
main,fmiss,source_plus_reduced_latent_fullctx_xgboost,reduced_latent_stack,xgboost,PAIRED_ENGLISH::paired_english::m57_191105_160026::SpykingCircus::4,PAIRED_ENGLISH::paired_english::m57_191105_160026,PAIRED_ENGLISH,0.5625954198473282,0.2851716,0.27742382165129853
main,fmiss,source_plus_reduced_latent_fullctx_xgboost,reduced_latent_stack,xgboost,PAIRED_ENGLISH::paired_english::m57_191105_160026::Tridesclous::0,PAIRED_ENGLISH::paired_english::m57_191105_160026,PAIRED_ENGLISH,0.7061068702290076,0.057082806,0.6490240644464511
main,fmiss,source_plus_reduced_latent_fullctx_xgboost,reduced_latent_stack,xgboost,PAIRED_KAMPFF::paired_kampff::c14::HerdingSpikes2::6,PAIRED_KAMPFF::paired_kampff::c14,PAIRED_KAMPFF,0.35151068533529845,0.18872522,0.1627854671584567
main,fmiss,source_plus_reduced_latent_fullctx_xgboost,reduced_latent_stack,xgboost,PAIRED_KAMPFF::paired_kampff::c14::IronClust::22,PAIRED_KAMPFF::paired_kampff::c14,PAIRED_KAMPFF,0.25036845983787764,0.18793306,0.06243540229126204
main,fmiss,source_plus_reduced_latent_fullctx_xgboost,reduced_latent_stack,xgboost,PAIRED_KAMPFF::paired_kampff::c14::KiloSort2::37,PAIRED_KAMPFF::paired_kampff::c14,PAIRED_KAMPFF,0.14296241709653648,0.1822516,0.03928918531473366
main,fmiss,source_plus_reduced_latent_fullctx_xgboost,reduced_latent_stack,xgboost,PAIRED_KAMPFF::paired_kampff::c14::MountainSort4::42,PAIRED_KAMPFF::paired_kampff::c14,PAIRED_KAMPFF,0.32221812822402357,0.21062422,0.11159391023696302
main,fmiss,source_plus_reduced_latent_fullctx_xgboost,reduced_latent_stack,xgboost,PAIRED_KAMPFF::paired_kampff::c14::SpykingCircus::14,PAIRED_KAMPFF::paired_kampff::c14,PAIRED_KAMPFF,0.21868091378039795,0.15400824,0.06467267427272277
main,fmiss,source_plus_reduced_latent_fullctx_xgboost,reduced_latent_stack,xgboost,PAIRED_KAMPFF::paired_kampff::c14::Tridesclous::8,PAIRED_KAMPFF::paired_kampff::c14,PAIRED_KAMPFF,0.20910095799557848,0.06039205,0.14870890978567286
main,fmiss,source_plus_reduced_latent_fullctx_xgboost,reduced_latent_stack,xgboost,PAIRED_MEA64C_YGER::paired_mea64c::20170622_patch1::HerdingSpikes2::19,PAIRED_MEA64C_YGER::paired_mea64c::20170622_patch1,PAIRED_MEA64C_YGER,0.8533362695441533,0.5284483,0.32488798587182055
main,fmiss,source_plus_reduced_latent_fullctx_xgboost,reduced_latent_stack,xgboost,PAIRED_MEA64C_YGER::paired_mea64c::20170622_patch1::HerdingSpikes2::7,PAIRED_MEA64C_YGER::paired_mea64c::20170622_patch1,PAIRED_MEA64C_YGER,0.18343977097555605,0.06359936,0.11984040800615756
main,fmiss,source_plus_reduced_latent_fullctx_xgboost,reduced_latent_stack,xgboost,PAIRED_MEA64C_YGER::paired_mea64c::20170622_patch1::IronClust::8,PAIRED_MEA64C_YGER::paired_mea64c::20170622_patch1,PAIRED_MEA64C_YGER,0.027747192248403437,0.015459736,0.012287456370591528
main,fmiss,source_plus_reduced_latent_fullctx_xgboost,reduced_latent_stack,xgboost,PAIRED_MEA64C_YGER::paired_mea64c::20170622_patch1::KiloSort2::23,PAIRED_MEA64C_YGER::paired_mea64c::20170622_patch1,PAIRED_MEA64C_YGER,0.0008808632459810614,0.023363551,0.02248268787894932
main,fmiss,source_plus_reduced_latent_fullctx_xgboost,reduced_latent_stack,xgboost,PAIRED_MEA64C_YGER::paired_mea64c::20170622_patch1::KiloSort::64,PAIRED_MEA64C_YGER::paired_mea64c::20170622_patch1,PAIRED_MEA64C_YGER,0.03457388240475666,0.015962305,0.018611577857327574
main,fmiss,source_plus_reduced_latent_fullctx_xgboost,reduced_latent_stack,xgboost,PAIRED_MEA64C_YGER::paired_mea64c::20170622_patch1::Klusta::4,PAIRED_MEA64C_YGER::paired_mea64c::20170622_patch1,PAIRED_MEA64C_YGER,0.17441092270425015,0.024683084,0.14972783836534673
main,fmiss,source_plus_reduced_latent_fullctx_xgboost,reduced_latent_stack,xgboost,PAIRED_MEA64C_YGER::paired_mea64c::20170622_patch1::MountainSort4::43,PAIRED_MEA64C_YGER::paired_mea64c::20170622_patch1,PAIRED_MEA64C_YGER,0.02510460251046025,0.037226524,0.012121921693555481
main,fmiss,source_plus_reduced_latent_fullctx_xgboost,reduced_latent_stack,xgboost,PAIRED_MEA64C_YGER::paired_mea64c::20170622_patch1::SpykingCircus::18,PAIRED_MEA64C_YGER::paired_mea64c::20170622_patch1,PAIRED_MEA64C_YGER,0.0028628055494384495,0.01709513,0.014232324387495068
main,fmiss,source_plus_reduced_latent_fullctx_xgboost,reduced_latent_stack,xgboost,PAIRED_MEA64C_YGER::paired_mea64c::20170622_patch1::Tridesclous::12,PAIRED_MEA64C_YGER::paired_mea64c::20170622_patch1,PAIRED_MEA64C_YGER,0.026425897379431844,0.020904208,0.005521689777288556
main,fmiss,source_plus_reduced_latent_fullctx_xgboost,reduced_latent_stack,xgboost,PAIRED_MEA64C_YGER::paired_mea64c::20170622_patch2::HerdingSpikes2::16,PAIRED_MEA64C_YGER::paired_mea64c::20170622_patch2,PAIRED_MEA64C_YGER,0.6606015595989603,0.12580247,0.534799087365188
main,fmiss,source_plus_reduced_latent_fullctx_xgboost,reduced_latent_stack,xgboost,PAIRED_MEA64C_YGER::paired_mea64c::20170622_patch2::HerdingSpikes2::44,PAIRED_MEA64C_YGER::paired_mea64c::20170622_patch2,PAIRED_MEA64C_YGER,0.8756034162643892,0.27196032,0.6036430981758577
main,fmiss,source_plus_reduced_latent_fullctx_xgboost,reduced_latent_stack,xgboost,PAIRED_MEA64C_YGER::paired_mea64c::20170622_patch2::HerdingSpikes2::5,PAIRED_MEA64C_YGER::paired_mea64c::20170622_patch2,PAIRED_MEA64C_YGER,0.008169327887114742,0.017213713,0.009044385490599416
main,fmiss,source_plus_reduced_latent_fullctx_xgboost,reduced_latent_stack,xgboost,PAIRED_MEA64C_YGER::paired_mea64c::20170622_patch2::IronClust::11,PAIRED_MEA64C_YGER::paired_mea64c::20170622_patch2,PAIRED_MEA64C_YGER,0.0003713330857779428,0.007945233,0.00757389993887883
main,fmiss,source_plus_reduced_latent_fullctx_xgboost,reduced_latent_stack,xgboost,PAIRED_MEA64C_YGER::paired_mea64c::20170622_patch2::JRClust::31,PAIRED_MEA64C_YGER::paired_mea64c::20170622_patch2,PAIRED_MEA64C_YGER,0.0029706646862235424,0.0077731,0.004802435246596062
main,fmiss,source_plus_reduced_latent_fullctx_xgboost,reduced_latent_stack,xgboost,PAIRED_MEA64C_YGER::paired_mea64c::20170622_patch2::KiloSort2::33,PAIRED_MEA64C_YGER::paired_mea64c::20170622_patch2,PAIRED_MEA64C_YGER,0.0011139992573338284,0.0070279725,0.005913973232261584
main,fmiss,source_plus_reduced_latent_fullctx_xgboost,reduced_latent_stack,xgboost,PAIRED_MEA64C_YGER::paired_mea64c::20170622_patch2::KiloSort::5,PAIRED_MEA64C_YGER::paired_mea64c::20170622_patch2,PAIRED_MEA64C_YGER,0.0014853323431117712,0.008032036,0.006546703670789462
main,fmiss,source_plus_reduced_latent_fullctx_xgboost,reduced_latent_stack,xgboost,PAIRED_MEA64C_YGER::paired_mea64c::20170622_patch2::Klusta::14,PAIRED_MEA64C_YGER::paired_mea64c::20170622_patch2,PAIRED_MEA64C_YGER,0.15893056071295952,0.011879091,0.14705146956190085
main,fmiss,source_plus_reduced_latent_fullctx_xgboost,reduced_latent_stack,xgboost,PAIRED_MEA64C_YGER::paired_mea64c::20170622_patch2::MountainSort4::31,PAIRED_MEA64C_YGER::paired_mea64c::20170622_patch2,PAIRED_MEA64C_YGER,0.0003713330857779428,0.005381134,0.0050098007872376995
main,fmiss,source_plus_reduced_latent_fullctx_xgboost,reduced_latent_stack,xgboost,PAIRED_MEA64C_YGER::paired_mea64c::20170622_patch2::SpykingCircus::17,PAIRED_MEA64C_YGER::paired_mea64c::20170622_patch2,PAIRED_MEA64C_YGER,0.0003713330857779428,0.006579962,0.006208629007605131
main,fmiss,source_plus_reduced_latent_fullctx_xgboost,reduced_latent_stack,xgboost,PAIRED_MEA64C_YGER::paired_mea64c::20170622_patch2::Tridesclous::0,PAIRED_MEA64C_YGER::paired_mea64c::20170622_patch2,PAIRED_MEA64C_YGER,0.0003713330857779428,0.008153942,0.007782609327850159
main,fmiss,source_reweighted_fullctx_lightgbm,source_reweighted_stack,lightgbm,PAIRED_BOYDEN::paired_boyden32c::1103_1_1::IronClust::4,PAIRED_BOYDEN::paired_boyden32c::1103_1_1,PAIRED_BOYDEN,0.1661807580174927,0.21094751,0.04476675556282955
main,fmiss,source_reweighted_fullctx_lightgbm,source_reweighted_stack,lightgbm,PAIRED_BOYDEN::paired_boyden32c::1103_1_1::JRClust::18,PAIRED_BOYDEN::paired_boyden32c::1103_1_1,PAIRED_BOYDEN,0.08551992225461613,0.15898664,0.07346672070211757
main,fmiss,source_reweighted_fullctx_lightgbm,source_reweighted_stack,lightgbm,PAIRED_BOYDEN::paired_boyden32c::1103_1_1::KiloSort2::33,PAIRED_BOYDEN::paired_boyden32c::1103_1_1,PAIRED_BOYDEN,0.42857142857142855,0.23425448,0.1943169491631644
main,fmiss,source_reweighted_fullctx_lightgbm,source_reweighted_stack,lightgbm,PAIRED_BOYDEN::paired_boyden32c::1103_1_1::KiloSort2::55,PAIRED_BOYDEN::paired_boyden32c::1103_1_1,PAIRED_BOYDEN,0.8328474246841594,0.49858868,0.3342587434631511
main,fmiss,source_reweighted_fullctx_lightgbm,source_reweighted_stack,lightgbm,PAIRED_BOYDEN::paired_boyden32c::1103_1_1::KiloSort2::60,PAIRED_BOYDEN::paired_boyden32c::1103_1_1,PAIRED_BOYDEN,0.7580174927113703,0.400402,0.3576154832242182
main,fmiss,source_reweighted_fullctx_lightgbm,source_reweighted_stack,lightgbm,PAIRED_BOYDEN::paired_boyden32c::1103_1_1::KiloSort::111,PAIRED_BOYDEN::paired_boyden32c::1103_1_1,PAIRED_BOYDEN,0.04081632653061224,0.13800716,0.09719083747085261
main,fmiss,source_reweighted_fullctx_lightgbm,source_reweighted_stack,lightgbm,PAIRED_BOYDEN::paired_boyden32c::1103_1_1::Klusta::12,PAIRED_BOYDEN::paired_boyden32c::1103_1_1,PAIRED_BOYDEN,0.17881438289601556,0.15373148,0.025082902655193723
main,fmiss,source_reweighted_fullctx_lightgbm,source_reweighted_stack,lightgbm,PAIRED_BOYDEN::paired_boyden32c::1103_1_1::MountainSort4::26,PAIRED_BOYDEN::paired_boyden32c::1103_1_1,PAIRED_BOYDEN,0.03595724003887269,0.11935829,0.08340105367326645
main,fmiss,source_reweighted_fullctx_lightgbm,source_reweighted_stack,lightgbm,PAIRED_BOYDEN::paired_boyden32c::1103_1_1::SpykingCircus::27,PAIRED_BOYDEN::paired_boyden32c::1103_1_1,PAIRED_BOYDEN,0.07482993197278912,0.22878143,0.15395149994058674
main,fmiss,source_reweighted_fullctx_lightgbm,source_reweighted_stack,lightgbm,PAIRED_BOYDEN::paired_boyden32c::1103_1_1::Tridesclous::3,PAIRED_BOYDEN::paired_boyden32c::1103_1_1,PAIRED_BOYDEN,0.11273080660835763,0.0979097,0.014821110208192073
main,fmiss,source_reweighted_fullctx_lightgbm,source_reweighted_stack,lightgbm,PAIRED_BOYDEN::paired_boyden32c::419_1_8::IronClust::14,PAIRED_BOYDEN::paired_boyden32c::419_1_8,PAIRED_BOYDEN,0.1489691520694466,0.15110214,0.002132988476398423
main,fmiss,source_reweighted_fullctx_lightgbm,source_reweighted_stack,lightgbm,PAIRED_BOYDEN::paired_boyden32c::419_1_8::IronClust::4,PAIRED_BOYDEN::paired_boyden32c::419_1_8,PAIRED_BOYDEN,0.3614943419624864,0.15268232,0.208812022679001
main,fmiss,source_reweighted_fullctx_lightgbm,source_reweighted_stack,lightgbm,PAIRED_BOYDEN::paired_boyden32c::419_1_8::JRClust::24,PAIRED_BOYDEN::paired_boyden32c::419_1_8,PAIRED_BOYDEN,0.14617888699426446,0.1700229,0.02384401787862983
main,fmiss,source_reweighted_fullctx_lightgbm,source_reweighted_stack,lightgbm,PAIRED_BOYDEN::paired_boyden32c::419_1_8::JRClust::8,PAIRED_BOYDEN::paired_boyden32c::419_1_8,PAIRED_BOYDEN,0.7484110990544102,0.5821818,0.16622928772170753
main,fmiss,source_reweighted_fullctx_lightgbm,source_reweighted_stack,lightgbm,PAIRED_BOYDEN::paired_boyden32c::419_1_8::KiloSort2::27,PAIRED_BOYDEN::paired_boyden32c::419_1_8,PAIRED_BOYDEN,0.06696636180437142,0.15515088,0.08818451364480918
main,fmiss,source_reweighted_fullctx_lightgbm,source_reweighted_stack,lightgbm,PAIRED_BOYDEN::paired_boyden32c::419_1_8::KiloSort2::46,PAIRED_BOYDEN::paired_boyden32c::419_1_8,PAIRED_BOYDEN,0.11424585335606882,0.16931991,0.055074059435183315
main,fmiss,source_reweighted_fullctx_lightgbm,source_reweighted_stack,lightgbm,PAIRED_BOYDEN::paired_boyden32c::419_1_8::KiloSort::17,PAIRED_BOYDEN::paired_boyden32c::419_1_8,PAIRED_BOYDEN,0.13067741435436367,0.1348105,0.0041330929431522
main,fmiss,source_reweighted_fullctx_lightgbm,source_reweighted_stack,lightgbm,PAIRED_BOYDEN::paired_boyden32c::419_1_8::MountainSort4::42,PAIRED_BOYDEN::paired_boyden32c::419_1_8,PAIRED_BOYDEN,0.12261664858161525,0.08343698,0.039179667738071244
main,fmiss,source_reweighted_fullctx_lightgbm,source_reweighted_stack,lightgbm,PAIRED_BOYDEN::paired_boyden32c::419_1_8::SpykingCircus::24,PAIRED_BOYDEN::paired_boyden32c::419_1_8,PAIRED_BOYDEN,0.8012711207564719,0.5941324,0.20713869735559298
main,fmiss,source_reweighted_fullctx_lightgbm,source_reweighted_stack,lightgbm,PAIRED_BOYDEN::paired_boyden32c::419_1_8::SpykingCircus::28,PAIRED_BOYDEN::paired_boyden32c::419_1_8,PAIRED_BOYDEN,0.12416679584560533,0.1601792,0.03601240194263319
main,fmiss,source_reweighted_fullctx_lightgbm,source_reweighted_stack,lightgbm,PAIRED_BOYDEN::paired_boyden32c::419_1_8::Tridesclous::0,PAIRED_BOYDEN::paired_boyden32c::419_1_8,PAIRED_BOYDEN,0.14447372500387537,0.03859108,0.10588264558998453
main,fmiss,source_reweighted_fullctx_lightgbm,source_reweighted_stack,lightgbm,PAIRED_CRCNS_HC1::paired_crcns::d11221_d11221.001::SpykingCircus::6,PAIRED_CRCNS_HC1::paired_crcns::d11221_d11221.001,PAIRED_CRCNS_HC1,0.2845528455284553,0.7091309,0.42457803768840263
main,fmiss,source_reweighted_fullctx_lightgbm,source_reweighted_stack,lightgbm,PAIRED_CRCNS_HC1::paired_crcns::d11222_d11222.002::IronClust::2,PAIRED_CRCNS_HC1::paired_crcns::d11222_d11222.002,PAIRED_CRCNS_HC1,0.017310252996005325,0.10497864,0.08766839036174842
main,fmiss,source_reweighted_fullctx_lightgbm,source_reweighted_stack,lightgbm,PAIRED_CRCNS_HC1::paired_crcns::d11222_d11222.002::JRClust::3,PAIRED_CRCNS_HC1::paired_crcns::d11222_d11222.002,PAIRED_CRCNS_HC1,0.07323568575233022,0.12999484,0.056759153677525126
main,fmiss,source_reweighted_fullctx_lightgbm,source_reweighted_stack,lightgbm,PAIRED_CRCNS_HC1::paired_crcns::d11222_d11222.002::KiloSort2::10,PAIRED_CRCNS_HC1::paired_crcns::d11222_d11222.002,PAIRED_CRCNS_HC1,0.5339547270306259,0.07672804,0.4572266885408073
main,fmiss,source_reweighted_fullctx_lightgbm,source_reweighted_stack,lightgbm,PAIRED_CRCNS_HC1::paired_crcns::d11222_d11222.002::KiloSort::1,PAIRED_CRCNS_HC1::paired_crcns::d11222_d11222.002,PAIRED_CRCNS_HC1,0.03595206391478029,0.087124646,0.05117258179521116
main,fmiss,source_reweighted_fullctx_lightgbm,source_reweighted_stack,lightgbm,PAIRED_CRCNS_HC1::paired_crcns::d11222_d11222.002::Klusta::2,PAIRED_CRCNS_HC1::paired_crcns::d11222_d11222.002,PAIRED_CRCNS_HC1,0.022636484687083888,0.08701429,0.06437780302310593
main,fmiss,source_reweighted_fullctx_lightgbm,source_reweighted_stack,lightgbm,PAIRED_CRCNS_HC1::paired_crcns::d11222_d11222.002::MountainSort4::4,PAIRED_CRCNS_HC1::paired_crcns::d11222_d11222.002,PAIRED_CRCNS_HC1,0.20372836218375498,0.06059544,0.14313292057413393
main,fmiss,source_reweighted_fullctx_lightgbm,source_reweighted_stack,lightgbm,PAIRED_CRCNS_HC1::paired_crcns::d11222_d11222.002::SpykingCircus::4,PAIRED_CRCNS_HC1::paired_crcns::d11222_d11222.002,PAIRED_CRCNS_HC1,0.1151797603195739,0.1362979,0.02111813618482826
main,fmiss,source_reweighted_fullctx_lightgbm,source_reweighted_stack,lightgbm,PAIRED_CRCNS_HC1::paired_crcns::d11222_d11222.002::Tridesclous::0,PAIRED_CRCNS_HC1::paired_crcns::d11222_d11222.002,PAIRED_CRCNS_HC1,0.014647137150466045,0.09314239,0.07849525310069362
main,fmiss,source_reweighted_fullctx_lightgbm,source_reweighted_stack,lightgbm,PAIRED_ENGLISH::paired_english::m139_200114_191955::KiloSort2::25,PAIRED_ENGLISH::paired_english::m139_200114_191955,PAIRED_ENGLISH,0.8107276747092185,0.38170442,0.42902325485791537
main,fmiss,source_reweighted_fullctx_lightgbm,source_reweighted_stack,lightgbm,PAIRED_ENGLISH::paired_english::m139_200114_191955::MountainSort4::36,PAIRED_ENGLISH::paired_english::m139_200114_191955,PAIRED_ENGLISH,0.6701912909737576,0.2888292,0.3813620835534085
main,fmiss,source_reweighted_fullctx_lightgbm,source_reweighted_stack,lightgbm,PAIRED_ENGLISH::paired_english::m139_200114_191955::SpykingCircus::42,PAIRED_ENGLISH::paired_english::m139_200114_191955,PAIRED_ENGLISH,0.8063058733057772,0.5559793,0.25032656183956015
main,fmiss,source_reweighted_fullctx_lightgbm,source_reweighted_stack,lightgbm,PAIRED_ENGLISH::paired_english::m139_200114_222743::HerdingSpikes2::5,PAIRED_ENGLISH::paired_english::m139_200114_222743,PAIRED_ENGLISH,0.022052337547780066,0.16599381,0.14394147215223213
main,fmiss,source_reweighted_fullctx_lightgbm,source_reweighted_stack,lightgbm,PAIRED_ENGLISH::paired_english::m139_200114_222743::IronClust::17,PAIRED_ENGLISH::paired_english::m139_200114_222743,PAIRED_ENGLISH,0.01587768303440165,0.21247856,0.19660088015510488
main,fmiss,source_reweighted_fullctx_lightgbm,source_reweighted_stack,lightgbm,PAIRED_ENGLISH::paired_english::m139_200114_222743::KiloSort2::26,PAIRED_ENGLISH::paired_english::m139_200114_222743,PAIRED_ENGLISH,0.002940311673037342,0.23870203,0.23576171731675452
main,fmiss,source_reweighted_fullctx_lightgbm,source_reweighted_stack,lightgbm,PAIRED_ENGLISH::paired_english::m139_200114_222743::KiloSort::88,PAIRED_ENGLISH::paired_english::m139_200114_222743,PAIRED_ENGLISH,0.006174654513378418,0.15162814,0.14545348212144824
main,fmiss,source_reweighted_fullctx_lightgbm,source_reweighted_stack,lightgbm,PAIRED_ENGLISH::paired_english::m139_200114_222743::MountainSort4::46,PAIRED_ENGLISH::paired_english::m139_200114_222743,PAIRED_ENGLISH,0.00911496618641576,0.20765854,0.19854357799636163
main,fmiss,source_reweighted_fullctx_lightgbm,source_reweighted_stack,lightgbm,PAIRED_ENGLISH::paired_english::m139_200114_222743::SpykingCircus::44,PAIRED_ENGLISH::paired_english::m139_200114_222743,PAIRED_ENGLISH,0.0020582181711261394,0.16006184,0.15800361807154964
main,fmiss,source_reweighted_fullctx_lightgbm,source_reweighted_stack,lightgbm,PAIRED_ENGLISH::paired_english::m139_200114_222743::Tridesclous::1,PAIRED_ENGLISH::paired_english::m139_200114_222743,PAIRED_ENGLISH,0.004998529844163481,0.173817,0.1688184639884247
main,fmiss,source_reweighted_fullctx_lightgbm,source_reweighted_stack,lightgbm,PAIRED_ENGLISH::paired_english::m14_190326_155432::IronClust::22,PAIRED_ENGLISH::paired_english::m14_190326_155432,PAIRED_ENGLISH,0.13721413721413722,0.25367674,0.11646260510115514
main,fmiss,source_reweighted_fullctx_lightgbm,source_reweighted_stack,lightgbm,PAIRED_ENGLISH::paired_english::m14_190326_155432::MountainSort4::33,PAIRED_ENGLISH::paired_english::m14_190326_155432,PAIRED_ENGLISH,0.09147609147609148,0.17706862,0.0855925294440898
main,fmiss,source_reweighted_fullctx_lightgbm,source_reweighted_stack,lightgbm,PAIRED_ENGLISH::paired_english::m14_190326_155432::SpykingCircus::38,PAIRED_ENGLISH::paired_english::m14_190326_155432,PAIRED_ENGLISH,0.079002079002079,0.33967316,0.2606710825045738
main,fmiss,source_reweighted_fullctx_lightgbm,source_reweighted_stack,lightgbm,PAIRED_ENGLISH::paired_english::m15_190315_142052_cell1::IronClust::40,PAIRED_ENGLISH::paired_english::m15_190315_142052_cell1,PAIRED_ENGLISH,0.24027594305005137,0.21034735,0.029928588637972514
main,fmiss,source_reweighted_fullctx_lightgbm,source_reweighted_stack,lightgbm,PAIRED_ENGLISH::paired_english::m15_190315_142052_cell1::KiloSort2::48,PAIRED_ENGLISH::paired_english::m15_190315_142052_cell1,PAIRED_ENGLISH,0.3173345075590782,0.20023637,0.11709814235998917
main,fmiss,source_reweighted_fullctx_lightgbm,source_reweighted_stack,lightgbm,PAIRED_ENGLISH::paired_english::m15_190315_142052_cell1::MountainSort4::62,PAIRED_ENGLISH::paired_english::m15_190315_142052_cell1,PAIRED_ENGLISH,0.5289886980772054,0.29360566,0.23538304264545795
main,fmiss,source_reweighted_fullctx_lightgbm,source_reweighted_stack,lightgbm,PAIRED_ENGLISH::paired_english::m15_190315_142052_cell1::MountainSort4::64,PAIRED_ENGLISH::paired_english::m15_190315_142052_cell1,PAIRED_ENGLISH,0.6713635696462645,0.31613588,0.3552276863149657
main,fmiss,source_reweighted_fullctx_lightgbm,source_reweighted_stack,lightgbm,PAIRED_ENGLISH::paired_english::m15_190315_142052_cell1::SpykingCircus::22,PAIRED_ENGLISH::paired_english::m15_190315_142052_cell1,PAIRED_ENGLISH,0.35975341259357113,0.30792582,0.05182759224292416
main,fmiss,source_reweighted_fullctx_lightgbm,source_reweighted_stack,lightgbm,PAIRED_ENGLISH::paired_english::m15_190315_142052_cell1::SpykingCircus::57,PAIRED_ENGLISH::paired_english::m15_190315_142052_cell1,PAIRED_ENGLISH,0.8711287244972846,0.41274387,0.4583848580536506
main,fmiss,source_reweighted_fullctx_lightgbm,source_reweighted_stack,lightgbm,PAIRED_ENGLISH::paired_english::m15_190315_152315_cell1::IronClust::35,PAIRED_ENGLISH::paired_english::m15_190315_152315_cell1,PAIRED_ENGLISH,0.04922936853742602,0.16695382,0.11772444847249983
main,fmiss,source_reweighted_fullctx_lightgbm,source_reweighted_stack,lightgbm,PAIRED_ENGLISH::paired_english::m15_190315_152315_cell1::KiloSort2::37,PAIRED_ENGLISH::paired_english::m15_190315_152315_cell1,PAIRED_ENGLISH,0.0014307082005592768,0.12535441,0.12392370101727519
main,fmiss,source_reweighted_fullctx_lightgbm,source_reweighted_stack,lightgbm,PAIRED_ENGLISH::paired_english::m15_190315_152315_cell1::KiloSort::1,PAIRED_ENGLISH::paired_english::m15_190315_152315_cell1,PAIRED_ENGLISH,0.003901931456070755,0.17096424,0.16706230957176127
main,fmiss,source_reweighted_fullctx_lightgbm,source_reweighted_stack,lightgbm,PAIRED_ENGLISH::paired_english::m15_190315_152315_cell1::MountainSort4::72,PAIRED_ENGLISH::paired_english::m15_190315_152315_cell1,PAIRED_ENGLISH,0.03479222214996423,0.20866212,0.1738699003380576
main,fmiss,source_reweighted_fullctx_lightgbm,source_reweighted_stack,lightgbm,PAIRED_ENGLISH::paired_english::m15_190315_152315_cell1::SpykingCircus::46,PAIRED_ENGLISH::paired_english::m15_190315_152315_cell1,PAIRED_ENGLISH,0.0018859335371008649,0.18431234,0.18242641006031124
main,fmiss,source_reweighted_fullctx_lightgbm,source_reweighted_stack,lightgbm,PAIRED_ENGLISH::paired_english::m15_190315_152315_cell1::Tridesclous::0,PAIRED_ENGLISH::paired_english::m15_190315_152315_cell1,PAIRED_ENGLISH,0.2026403069519412,0.048648626,0.1539916813396823
main,fmiss,source_reweighted_fullctx_lightgbm,source_reweighted_stack,lightgbm,PAIRED_ENGLISH::paired_english::m26_190524_100859_cell1::KiloSort2::0,PAIRED_ENGLISH::paired_english::m26_190524_100859_cell1,PAIRED_ENGLISH,0.3453815261044177,0.14721304,0.19816848432203854
main,fmiss,source_reweighted_fullctx_lightgbm,source_reweighted_stack,lightgbm,PAIRED_ENGLISH::paired_english::m26_190524_100859_cell1::KiloSort::19,PAIRED_ENGLISH::paired_english::m26_190524_100859_cell1,PAIRED_ENGLISH,0.5522088353413654,0.112052925,0.4401559104103161
main,fmiss,source_reweighted_fullctx_lightgbm,source_reweighted_stack,lightgbm,PAIRED_ENGLISH::paired_english::m26_190524_100859_cell1::KiloSort::8,PAIRED_ENGLISH::paired_english::m26_190524_100859_cell1,PAIRED_ENGLISH,0.7610441767068273,0.09016055,0.6708836280198461
main,fmiss,source_reweighted_fullctx_lightgbm,source_reweighted_stack,lightgbm,PAIRED_ENGLISH::paired_english::m57_191105_141906::IronClust::6,PAIRED_ENGLISH::paired_english::m57_191105_141906,PAIRED_ENGLISH,0.12826603325415678,0.3130381,0.18477207747887545
main,fmiss,source_reweighted_fullctx_lightgbm,source_reweighted_stack,lightgbm,PAIRED_ENGLISH::paired_english::m57_191105_141906::KiloSort::47,PAIRED_ENGLISH::paired_english::m57_191105_141906,PAIRED_ENGLISH,0.04829770387965162,0.12481259,0.07651488421601335
main,fmiss,source_reweighted_fullctx_lightgbm,source_reweighted_stack,lightgbm,PAIRED_ENGLISH::paired_english::m57_191105_141906::MountainSort4::21,PAIRED_ENGLISH::paired_english::m57_191105_141906,PAIRED_ENGLISH,0.1187648456057007,0.13455871,0.015793861869961526
main,fmiss,source_reweighted_fullctx_lightgbm,source_reweighted_stack,lightgbm,PAIRED_ENGLISH::paired_english::m57_191105_141906::MountainSort4::57,PAIRED_ENGLISH::paired_english::m57_191105_141906,PAIRED_ENGLISH,0.5399841646872525,0.5646952,0.02471101477518034
main,fmiss,source_reweighted_fullctx_lightgbm,source_reweighted_stack,lightgbm,PAIRED_ENGLISH::paired_english::m57_191105_141906::SpykingCircus::12,PAIRED_ENGLISH::paired_english::m57_191105_141906,PAIRED_ENGLISH,0.5859065716547902,0.64860064,0.06269406625796003
main,fmiss,source_reweighted_fullctx_lightgbm,source_reweighted_stack,lightgbm,PAIRED_ENGLISH::paired_english::m57_191105_141906::SpykingCircus::30,PAIRED_ENGLISH::paired_english::m57_191105_141906,PAIRED_ENGLISH,0.46872525732383213,0.24661508,0.22211017529830418
main,fmiss,source_reweighted_fullctx_lightgbm,source_reweighted_stack,lightgbm,PAIRED_ENGLISH::paired_english::m57_191105_160026::HerdingSpikes2::1,PAIRED_ENGLISH::paired_english::m57_191105_160026,PAIRED_ENGLISH,0.7557251908396947,0.29715866,0.4585665323352086
main,fmiss,source_reweighted_fullctx_lightgbm,source_reweighted_stack,lightgbm,PAIRED_ENGLISH::paired_english::m57_191105_160026::IronClust::2,PAIRED_ENGLISH::paired_english::m57_191105_160026,PAIRED_ENGLISH,0.7206106870229008,0.6210953,0.0995153873021366
main,fmiss,source_reweighted_fullctx_lightgbm,source_reweighted_stack,lightgbm,PAIRED_ENGLISH::paired_english::m57_191105_160026::IronClust::3,PAIRED_ENGLISH::paired_english::m57_191105_160026,PAIRED_ENGLISH,0.5629770992366412,0.5334339,0.029543185052070875
main,fmiss,source_reweighted_fullctx_lightgbm,source_reweighted_stack,lightgbm,PAIRED_ENGLISH::paired_english::m57_191105_160026::KiloSort::127,PAIRED_ENGLISH::paired_english::m57_191105_160026,PAIRED_ENGLISH,0.7213740458015268,0.62674814,0.09462590117490932
main,fmiss,source_reweighted_fullctx_lightgbm,source_reweighted_stack,lightgbm,PAIRED_ENGLISH::paired_english::m57_191105_160026::KiloSort::6,PAIRED_ENGLISH::paired_english::m57_191105_160026,PAIRED_ENGLISH,0.5885496183206107,0.58756983,0.0009797855187918536
main,fmiss,source_reweighted_fullctx_lightgbm,source_reweighted_stack,lightgbm,PAIRED_ENGLISH::paired_english::m57_191105_160026::MountainSort4::23,PAIRED_ENGLISH::paired_english::m57_191105_160026,PAIRED_ENGLISH,0.8603053435114504,0.62653637,0.2337689741877199
main,fmiss,source_reweighted_fullctx_lightgbm,source_reweighted_stack,lightgbm,PAIRED_ENGLISH::paired_english::m57_191105_160026::MountainSort4::25,PAIRED_ENGLISH::paired_english::m57_191105_160026,PAIRED_ENGLISH,0.5545801526717558,0.36510122,0.18947893444818398
main,fmiss,source_reweighted_fullctx_lightgbm,source_reweighted_stack,lightgbm,PAIRED_ENGLISH::paired_english::m57_191105_160026::SpykingCircus::2,PAIRED_ENGLISH::paired_english::m57_191105_160026,PAIRED_ENGLISH,0.7709923664122137,0.42567107,0.345321295598081
main,fmiss,source_reweighted_fullctx_lightgbm,source_reweighted_stack,lightgbm,PAIRED_ENGLISH::paired_english::m57_191105_160026::SpykingCircus::4,PAIRED_ENGLISH::paired_english::m57_191105_160026,PAIRED_ENGLISH,0.5625954198473282,0.58475804,0.022162623441856377
main,fmiss,source_reweighted_fullctx_lightgbm,source_reweighted_stack,lightgbm,PAIRED_ENGLISH::paired_english::m57_191105_160026::Tridesclous::0,PAIRED_ENGLISH::paired_english::m57_191105_160026,PAIRED_ENGLISH,0.7061068702290076,0.09767702,0.6084298480103034
main,fmiss,source_reweighted_fullctx_lightgbm,source_reweighted_stack,lightgbm,PAIRED_KAMPFF::paired_kampff::c14::HerdingSpikes2::6,PAIRED_KAMPFF::paired_kampff::c14,PAIRED_KAMPFF,0.35151068533529845,0.6831531,0.3316424075258771
main,fmiss,source_reweighted_fullctx_lightgbm,source_reweighted_stack,lightgbm,PAIRED_KAMPFF::paired_kampff::c14::IronClust::22,PAIRED_KAMPFF::paired_kampff::c14,PAIRED_KAMPFF,0.25036845983787764,0.6232252,0.3728567522592903
main,fmiss,source_reweighted_fullctx_lightgbm,source_reweighted_stack,lightgbm,PAIRED_KAMPFF::paired_kampff::c14::KiloSort2::37,PAIRED_KAMPFF::paired_kampff::c14,PAIRED_KAMPFF,0.14296241709653648,0.623878,0.4809155850702116
main,fmiss,source_reweighted_fullctx_lightgbm,source_reweighted_stack,lightgbm,PAIRED_KAMPFF::paired_kampff::c14::MountainSort4::42,PAIRED_KAMPFF::paired_kampff::c14,PAIRED_KAMPFF,0.32221812822402357,0.60486686,0.28264873407303454
main,fmiss,source_reweighted_fullctx_lightgbm,source_reweighted_stack,lightgbm,PAIRED_KAMPFF::paired_kampff::c14::SpykingCircus::14,PAIRED_KAMPFF::paired_kampff::c14,PAIRED_KAMPFF,0.21868091378039795,0.68350995,0.46482903208904786
main,fmiss,source_reweighted_fullctx_lightgbm,source_reweighted_stack,lightgbm,PAIRED_KAMPFF::paired_kampff::c14::Tridesclous::8,PAIRED_KAMPFF::paired_kampff::c14,PAIRED_KAMPFF,0.20910095799557848,0.2026119,0.006489064580127435
main,fmiss,source_reweighted_fullctx_lightgbm,source_reweighted_stack,lightgbm,PAIRED_MEA64C_YGER::paired_mea64c::20170622_patch1::HerdingSpikes2::19,PAIRED_MEA64C_YGER::paired_mea64c::20170622_patch1,PAIRED_MEA64C_YGER,0.8533362695441533,0.70366126,0.14967500655510912
main,fmiss,source_reweighted_fullctx_lightgbm,source_reweighted_stack,lightgbm,PAIRED_MEA64C_YGER::paired_mea64c::20170622_patch1::HerdingSpikes2::7,PAIRED_MEA64C_YGER::paired_mea64c::20170622_patch1,PAIRED_MEA64C_YGER,0.18343977097555605,0.26934588,0.08590610857919248
main,fmiss,source_reweighted_fullctx_lightgbm,source_reweighted_stack,lightgbm,PAIRED_MEA64C_YGER::paired_mea64c::20170622_patch1::IronClust::8,PAIRED_MEA64C_YGER::paired_mea64c::20170622_patch1,PAIRED_MEA64C_YGER,0.027747192248403437,0.04912765,0.021380457267463796
main,fmiss,source_reweighted_fullctx_lightgbm,source_reweighted_stack,lightgbm,PAIRED_MEA64C_YGER::paired_mea64c::20170622_patch1::KiloSort2::23,PAIRED_MEA64C_YGER::paired_mea64c::20170622_patch1,PAIRED_MEA64C_YGER,0.0008808632459810614,0.19631611,0.19543524486158578
main,fmiss,source_reweighted_fullctx_lightgbm,source_reweighted_stack,lightgbm,PAIRED_MEA64C_YGER::paired_mea64c::20170622_patch1::KiloSort::64,PAIRED_MEA64C_YGER::paired_mea64c::20170622_patch1,PAIRED_MEA64C_YGER,0.03457388240475666,0.17377171,0.13919782679896342
main,fmiss,source_reweighted_fullctx_lightgbm,source_reweighted_stack,lightgbm,PAIRED_MEA64C_YGER::paired_mea64c::20170622_patch1::Klusta::4,PAIRED_MEA64C_YGER::paired_mea64c::20170622_patch1,PAIRED_MEA64C_YGER,0.17441092270425015,0.16854098,0.0058699383120840165
main,fmiss,source_reweighted_fullctx_lightgbm,source_reweighted_stack,lightgbm,PAIRED_MEA64C_YGER::paired_mea64c::20170622_patch1::MountainSort4::43,PAIRED_MEA64C_YGER::paired_mea64c::20170622_patch1,PAIRED_MEA64C_YGER,0.02510460251046025,0.11891185,0.09380724496173061
main,fmiss,source_reweighted_fullctx_lightgbm,source_reweighted_stack,lightgbm,PAIRED_MEA64C_YGER::paired_mea64c::20170622_patch1::SpykingCircus::18,PAIRED_MEA64C_YGER::paired_mea64c::20170622_patch1,PAIRED_MEA64C_YGER,0.0028628055494384495,0.14142732,0.13856451767272188
main,fmiss,source_reweighted_fullctx_lightgbm,source_reweighted_stack,lightgbm,PAIRED_MEA64C_YGER::paired_mea64c::20170622_patch1::Tridesclous::12,PAIRED_MEA64C_YGER::paired_mea64c::20170622_patch1,PAIRED_MEA64C_YGER,0.026425897379431844,0.12987754,0.10345164010950553
main,fmiss,source_reweighted_fullctx_lightgbm,source_reweighted_stack,lightgbm,PAIRED_MEA64C_YGER::paired_mea64c::20170622_patch2::HerdingSpikes2::16,PAIRED_MEA64C_YGER::paired_mea64c::20170622_patch2,PAIRED_MEA64C_YGER,0.6606015595989603,0.54181457,0.11878699394039094
main,fmiss,source_reweighted_fullctx_lightgbm,source_reweighted_stack,lightgbm,PAIRED_MEA64C_YGER::paired_mea64c::20170622_patch2::HerdingSpikes2::44,PAIRED_MEA64C_YGER::paired_mea64c::20170622_patch2,PAIRED_MEA64C_YGER,0.8756034162643892,0.47929808,0.39630533129010026
main,fmiss,source_reweighted_fullctx_lightgbm,source_reweighted_stack,lightgbm,PAIRED_MEA64C_YGER::paired_mea64c::20170622_patch2::HerdingSpikes2::5,PAIRED_MEA64C_YGER::paired_mea64c::20170622_patch2,PAIRED_MEA64C_YGER,0.008169327887114742,0.020033758,0.011864430246535084
main,fmiss,source_reweighted_fullctx_lightgbm,source_reweighted_stack,lightgbm,PAIRED_MEA64C_YGER::paired_mea64c::20170622_patch2::IronClust::11,PAIRED_MEA64C_YGER::paired_mea64c::20170622_patch2,PAIRED_MEA64C_YGER,0.0003713330857779428,0.011871565,0.011500232047555263
main,fmiss,source_reweighted_fullctx_lightgbm,source_reweighted_stack,lightgbm,PAIRED_MEA64C_YGER::paired_mea64c::20170622_patch2::JRClust::31,PAIRED_MEA64C_YGER::paired_mea64c::20170622_patch2,PAIRED_MEA64C_YGER,0.0029706646862235424,0.014246681,0.011276016087571108
main,fmiss,source_reweighted_fullctx_lightgbm,source_reweighted_stack,lightgbm,PAIRED_MEA64C_YGER::paired_mea64c::20170622_patch2::KiloSort2::33,PAIRED_MEA64C_YGER::paired_mea64c::20170622_patch2,PAIRED_MEA64C_YGER,0.0011139992573338284,0.013336569,0.012222569813482211
main,fmiss,source_reweighted_fullctx_lightgbm,source_reweighted_stack,lightgbm,PAIRED_MEA64C_YGER::paired_mea64c::20170622_patch2::KiloSort::5,PAIRED_MEA64C_YGER::paired_mea64c::20170622_patch2,PAIRED_MEA64C_YGER,0.0014853323431117712,0.011083877,0.009598544370998604
main,fmiss,source_reweighted_fullctx_lightgbm,source_reweighted_stack,lightgbm,PAIRED_MEA64C_YGER::paired_mea64c::20170622_patch2::Klusta::14,PAIRED_MEA64C_YGER::paired_mea64c::20170622_patch2,PAIRED_MEA64C_YGER,0.15893056071295952,0.023356566,0.13557399450733876
main,fmiss,source_reweighted_fullctx_lightgbm,source_reweighted_stack,lightgbm,PAIRED_MEA64C_YGER::paired_mea64c::20170622_patch2::MountainSort4::31,PAIRED_MEA64C_YGER::paired_mea64c::20170622_patch2,PAIRED_MEA64C_YGER,0.0003713330857779428,0.0047651962,0.004393863151935156
main,fmiss,source_reweighted_fullctx_lightgbm,source_reweighted_stack,lightgbm,PAIRED_MEA64C_YGER::paired_mea64c::20170622_patch2::SpykingCircus::17,PAIRED_MEA64C_YGER::paired_mea64c::20170622_patch2,PAIRED_MEA64C_YGER,0.0003713330857779428,0.015382463,0.015011130026695544
main,fmiss,source_reweighted_fullctx_lightgbm,source_reweighted_stack,lightgbm,PAIRED_MEA64C_YGER::paired_mea64c::20170622_patch2::Tridesclous::0,PAIRED_MEA64C_YGER::paired_mea64c::20170622_patch2,PAIRED_MEA64C_YGER,0.0003713330857779428,0.016192097,0.015820764131066617
main,fmiss,source_reweighted_fullctx_xgboost,source_reweighted_stack,xgboost,PAIRED_BOYDEN::paired_boyden32c::1103_1_1::IronClust::4,PAIRED_BOYDEN::paired_boyden32c::1103_1_1,PAIRED_BOYDEN,0.1661807580174927,0.10487288,0.061307875651312294
main,fmiss,source_reweighted_fullctx_xgboost,source_reweighted_stack,xgboost,PAIRED_BOYDEN::paired_boyden32c::1103_1_1::JRClust::18,PAIRED_BOYDEN::paired_boyden32c::1103_1_1,PAIRED_BOYDEN,0.08551992225461613,0.20609911,0.12057918560690273
main,fmiss,source_reweighted_fullctx_xgboost,source_reweighted_stack,xgboost,PAIRED_BOYDEN::paired_boyden32c::1103_1_1::KiloSort2::33,PAIRED_BOYDEN::paired_boyden32c::1103_1_1,PAIRED_BOYDEN,0.42857142857142855,0.30865204,0.11991938522883822
main,fmiss,source_reweighted_fullctx_xgboost,source_reweighted_stack,xgboost,PAIRED_BOYDEN::paired_boyden32c::1103_1_1::KiloSort2::55,PAIRED_BOYDEN::paired_boyden32c::1103_1_1,PAIRED_BOYDEN,0.8328474246841594,0.3838105,0.44903693431436265
main,fmiss,source_reweighted_fullctx_xgboost,source_reweighted_stack,xgboost,PAIRED_BOYDEN::paired_boyden32c::1103_1_1::KiloSort2::60,PAIRED_BOYDEN::paired_boyden32c::1103_1_1,PAIRED_BOYDEN,0.7580174927113703,0.23155674,0.5264607493279627
main,fmiss,source_reweighted_fullctx_xgboost,source_reweighted_stack,xgboost,PAIRED_BOYDEN::paired_boyden32c::1103_1_1::KiloSort::111,PAIRED_BOYDEN::paired_boyden32c::1103_1_1,PAIRED_BOYDEN,0.04081632653061224,0.24128503,0.20046869954284358
main,fmiss,source_reweighted_fullctx_xgboost,source_reweighted_stack,xgboost,PAIRED_BOYDEN::paired_boyden32c::1103_1_1::Klusta::12,PAIRED_BOYDEN::paired_boyden32c::1103_1_1,PAIRED_BOYDEN,0.17881438289601556,0.16382271,0.014991672381946958
main,fmiss,source_reweighted_fullctx_xgboost,source_reweighted_stack,xgboost,PAIRED_BOYDEN::paired_boyden32c::1103_1_1::MountainSort4::26,PAIRED_BOYDEN::paired_boyden32c::1103_1_1,PAIRED_BOYDEN,0.03595724003887269,0.2691909,0.23323366743945984
main,fmiss,source_reweighted_fullctx_xgboost,source_reweighted_stack,xgboost,PAIRED_BOYDEN::paired_boyden32c::1103_1_1::SpykingCircus::27,PAIRED_BOYDEN::paired_boyden32c::1103_1_1,PAIRED_BOYDEN,0.07482993197278912,0.25618196,0.1813520233647353
main,fmiss,source_reweighted_fullctx_xgboost,source_reweighted_stack,xgboost,PAIRED_BOYDEN::paired_boyden32c::1103_1_1::Tridesclous::3,PAIRED_BOYDEN::paired_boyden32c::1103_1_1,PAIRED_BOYDEN,0.11273080660835763,0.2103804,0.09764959857924918
main,fmiss,source_reweighted_fullctx_xgboost,source_reweighted_stack,xgboost,PAIRED_BOYDEN::paired_boyden32c::419_1_8::IronClust::14,PAIRED_BOYDEN::paired_boyden32c::419_1_8,PAIRED_BOYDEN,0.1489691520694466,0.08317034,0.06579881260430531
main,fmiss,source_reweighted_fullctx_xgboost,source_reweighted_stack,xgboost,PAIRED_BOYDEN::paired_boyden32c::419_1_8::IronClust::4,PAIRED_BOYDEN::paired_boyden32c::419_1_8,PAIRED_BOYDEN,0.3614943419624864,0.121435516,0.24005882637992493
main,fmiss,source_reweighted_fullctx_xgboost,source_reweighted_stack,xgboost,PAIRED_BOYDEN::paired_boyden32c::419_1_8::JRClust::24,PAIRED_BOYDEN::paired_boyden32c::419_1_8,PAIRED_BOYDEN,0.14617888699426446,0.08412926,0.062049628003976676
main,fmiss,source_reweighted_fullctx_xgboost,source_reweighted_stack,xgboost,PAIRED_BOYDEN::paired_boyden32c::419_1_8::JRClust::8,PAIRED_BOYDEN::paired_boyden32c::419_1_8,PAIRED_BOYDEN,0.7484110990544102,0.38662332,0.36178777609069557
main,fmiss,source_reweighted_fullctx_xgboost,source_reweighted_stack,xgboost,PAIRED_BOYDEN::paired_boyden32c::419_1_8::KiloSort2::27,PAIRED_BOYDEN::paired_boyden32c::419_1_8,PAIRED_BOYDEN,0.06696636180437142,0.05796413,0.009002230568295064
main,fmiss,source_reweighted_fullctx_xgboost,source_reweighted_stack,xgboost,PAIRED_BOYDEN::paired_boyden32c::419_1_8::KiloSort2::46,PAIRED_BOYDEN::paired_boyden32c::419_1_8,PAIRED_BOYDEN,0.11424585335606882,0.11058739,0.0036584650790149886
main,fmiss,source_reweighted_fullctx_xgboost,source_reweighted_stack,xgboost,PAIRED_BOYDEN::paired_boyden32c::419_1_8::KiloSort::17,PAIRED_BOYDEN::paired_boyden32c::419_1_8,PAIRED_BOYDEN,0.13067741435436367,0.08447028,0.04620713483957409
main,fmiss,source_reweighted_fullctx_xgboost,source_reweighted_stack,xgboost,PAIRED_BOYDEN::paired_boyden32c::419_1_8::MountainSort4::42,PAIRED_BOYDEN::paired_boyden32c::419_1_8,PAIRED_BOYDEN,0.12261664858161525,0.0819428,0.04067385187446193
main,fmiss,source_reweighted_fullctx_xgboost,source_reweighted_stack,xgboost,PAIRED_BOYDEN::paired_boyden32c::419_1_8::SpykingCircus::24,PAIRED_BOYDEN::paired_boyden32c::419_1_8,PAIRED_BOYDEN,0.8012711207564719,0.3012203,0.5000508229430564
main,fmiss,source_reweighted_fullctx_xgboost,source_reweighted_stack,xgboost,PAIRED_BOYDEN::paired_boyden32c::419_1_8::SpykingCircus::28,PAIRED_BOYDEN::paired_boyden32c::419_1_8,PAIRED_BOYDEN,0.12416679584560533,0.07395714,0.05020965808210512
main,fmiss,source_reweighted_fullctx_xgboost,source_reweighted_stack,xgboost,PAIRED_BOYDEN::paired_boyden32c::419_1_8::Tridesclous::0,PAIRED_BOYDEN::paired_boyden32c::419_1_8,PAIRED_BOYDEN,0.14447372500387537,0.042420395,0.10205333028522837
main,fmiss,source_reweighted_fullctx_xgboost,source_reweighted_stack,xgboost,PAIRED_CRCNS_HC1::paired_crcns::d11221_d11221.001::SpykingCircus::6,PAIRED_CRCNS_HC1::paired_crcns::d11221_d11221.001,PAIRED_CRCNS_HC1,0.2845528455284553,0.46710303,0.18255018872943352
main,fmiss,source_reweighted_fullctx_xgboost,source_reweighted_stack,xgboost,PAIRED_CRCNS_HC1::paired_crcns::d11222_d11222.002::IronClust::2,PAIRED_CRCNS_HC1::paired_crcns::d11222_d11222.002,PAIRED_CRCNS_HC1,0.017310252996005325,0.2310676,0.21375734487005302
main,fmiss,source_reweighted_fullctx_xgboost,source_reweighted_stack,xgboost,PAIRED_CRCNS_HC1::paired_crcns::d11222_d11222.002::JRClust::3,PAIRED_CRCNS_HC1::paired_crcns::d11222_d11222.002,PAIRED_CRCNS_HC1,0.07323568575233022,0.26100767,0.18777198083549937
main,fmiss,source_reweighted_fullctx_xgboost,source_reweighted_stack,xgboost,PAIRED_CRCNS_HC1::paired_crcns::d11222_d11222.002::KiloSort2::10,PAIRED_CRCNS_HC1::paired_crcns::d11222_d11222.002,PAIRED_CRCNS_HC1,0.5339547270306259,0.31257334,0.22138138351522973
main,fmiss,source_reweighted_fullctx_xgboost,source_reweighted_stack,xgboost,PAIRED_CRCNS_HC1::paired_crcns::d11222_d11222.002::KiloSort::1,PAIRED_CRCNS_HC1::paired_crcns::d11222_d11222.002,PAIRED_CRCNS_HC1,0.03595206391478029,0.12771262,0.09176055837010894
main,fmiss,source_reweighted_fullctx_xgboost,source_reweighted_stack,xgboost,PAIRED_CRCNS_HC1::paired_crcns::d11222_d11222.002::Klusta::2,PAIRED_CRCNS_HC1::paired_crcns::d11222_d11222.002,PAIRED_CRCNS_HC1,0.022636484687083888,0.18139113,0.1587546501710475
main,fmiss,source_reweighted_fullctx_xgboost,source_reweighted_stack,xgboost,PAIRED_CRCNS_HC1::paired_crcns::d11222_d11222.002::MountainSort4::4,PAIRED_CRCNS_HC1::paired_crcns::d11222_d11222.002,PAIRED_CRCNS_HC1,0.20372836218375498,0.16740686,0.03632150517005259
main,fmiss,source_reweighted_fullctx_xgboost,source_reweighted_stack,xgboost,PAIRED_CRCNS_HC1::paired_crcns::d11222_d11222.002::SpykingCircus::4,PAIRED_CRCNS_HC1::paired_crcns::d11222_d11222.002,PAIRED_CRCNS_HC1,0.1151797603195739,0.25877044,0.1435906757289338
main,fmiss,source_reweighted_fullctx_xgboost,source_reweighted_stack,xgboost,PAIRED_CRCNS_HC1::paired_crcns::d11222_d11222.002::Tridesclous::0,PAIRED_CRCNS_HC1::paired_crcns::d11222_d11222.002,PAIRED_CRCNS_HC1,0.014647137150466045,0.082606524,0.06795938707858364
main,fmiss,source_reweighted_fullctx_xgboost,source_reweighted_stack,xgboost,PAIRED_ENGLISH::paired_english::m139_200114_191955::KiloSort2::25,PAIRED_ENGLISH::paired_english::m139_200114_191955,PAIRED_ENGLISH,0.8107276747092185,0.25604376,0.5546839127406058
main,fmiss,source_reweighted_fullctx_xgboost,source_reweighted_stack,xgboost,PAIRED_ENGLISH::paired_english::m139_200114_191955::MountainSort4::36,PAIRED_ENGLISH::paired_english::m139_200114_191955,PAIRED_ENGLISH,0.6701912909737576,0.27288258,0.3973087102166165
main,fmiss,source_reweighted_fullctx_xgboost,source_reweighted_stack,xgboost,PAIRED_ENGLISH::paired_english::m139_200114_191955::SpykingCircus::42,PAIRED_ENGLISH::paired_english::m139_200114_191955,PAIRED_ENGLISH,0.8063058733057772,0.4184463,0.38785957089183676
main,fmiss,source_reweighted_fullctx_xgboost,source_reweighted_stack,xgboost,PAIRED_ENGLISH::paired_english::m139_200114_222743::HerdingSpikes2::5,PAIRED_ENGLISH::paired_english::m139_200114_222743,PAIRED_ENGLISH,0.022052337547780066,0.27782694,0.2557745975050916
main,fmiss,source_reweighted_fullctx_xgboost,source_reweighted_stack,xgboost,PAIRED_ENGLISH::paired_english::m139_200114_222743::IronClust::17,PAIRED_ENGLISH::paired_english::m139_200114_222743,PAIRED_ENGLISH,0.01587768303440165,0.2353615,0.21948381854011464
main,fmiss,source_reweighted_fullctx_xgboost,source_reweighted_stack,xgboost,PAIRED_ENGLISH::paired_english::m139_200114_222743::KiloSort2::26,PAIRED_ENGLISH::paired_english::m139_200114_222743,PAIRED_ENGLISH,0.002940311673037342,0.31377828,0.3108379695388157
main,fmiss,source_reweighted_fullctx_xgboost,source_reweighted_stack,xgboost,PAIRED_ENGLISH::paired_english::m139_200114_222743::KiloSort::88,PAIRED_ENGLISH::paired_english::m139_200114_222743,PAIRED_ENGLISH,0.006174654513378418,0.27572453,0.26954987570665334
main,fmiss,source_reweighted_fullctx_xgboost,source_reweighted_stack,xgboost,PAIRED_ENGLISH::paired_english::m139_200114_222743::MountainSort4::46,PAIRED_ENGLISH::paired_english::m139_200114_222743,PAIRED_ENGLISH,0.00911496618641576,0.3007915,0.2916765358124856
main,fmiss,source_reweighted_fullctx_xgboost,source_reweighted_stack,xgboost,PAIRED_ENGLISH::paired_english::m139_200114_222743::SpykingCircus::44,PAIRED_ENGLISH::paired_english::m139_200114_222743,PAIRED_ENGLISH,0.0020582181711261394,0.3078041,0.3057458894948895
main,fmiss,source_reweighted_fullctx_xgboost,source_reweighted_stack,xgboost,PAIRED_ENGLISH::paired_english::m139_200114_222743::Tridesclous::1,PAIRED_ENGLISH::paired_english::m139_200114_222743,PAIRED_ENGLISH,0.004998529844163481,0.11368691,0.10868838191759723
main,fmiss,source_reweighted_fullctx_xgboost,source_reweighted_stack,xgboost,PAIRED_ENGLISH::paired_english::m14_190326_155432::IronClust::22,PAIRED_ENGLISH::paired_english::m14_190326_155432,PAIRED_ENGLISH,0.13721413721413722,0.30760956,0.17039542089133153
main,fmiss,source_reweighted_fullctx_xgboost,source_reweighted_stack,xgboost,PAIRED_ENGLISH::paired_english::m14_190326_155432::MountainSort4::33,PAIRED_ENGLISH::paired_english::m14_190326_155432,PAIRED_ENGLISH,0.09147609147609148,0.3589324,0.26745631423412886
main,fmiss,source_reweighted_fullctx_xgboost,source_reweighted_stack,xgboost,PAIRED_ENGLISH::paired_english::m14_190326_155432::SpykingCircus::38,PAIRED_ENGLISH::paired_english::m14_190326_155432,PAIRED_ENGLISH,0.079002079002079,0.5228911,0.443889025219265
main,fmiss,source_reweighted_fullctx_xgboost,source_reweighted_stack,xgboost,PAIRED_ENGLISH::paired_english::m15_190315_142052_cell1::IronClust::40,PAIRED_ENGLISH::paired_english::m15_190315_142052_cell1,PAIRED_ENGLISH,0.24027594305005137,0.19972803,0.04054791606392924
main,fmiss,source_reweighted_fullctx_xgboost,source_reweighted_stack,xgboost,PAIRED_ENGLISH::paired_english::m15_190315_142052_cell1::KiloSort2::48,PAIRED_ENGLISH::paired_english::m15_190315_142052_cell1,PAIRED_ENGLISH,0.3173345075590782,0.082548186,0.23478632137610245
main,fmiss,source_reweighted_fullctx_xgboost,source_reweighted_stack,xgboost,PAIRED_ENGLISH::paired_english::m15_190315_142052_cell1::MountainSort4::62,PAIRED_ENGLISH::paired_english::m15_190315_142052_cell1,PAIRED_ENGLISH,0.5289886980772054,0.12837364,0.4006150602817571
main,fmiss,source_reweighted_fullctx_xgboost,source_reweighted_stack,xgboost,PAIRED_ENGLISH::paired_english::m15_190315_142052_cell1::MountainSort4::64,PAIRED_ENGLISH::paired_english::m15_190315_142052_cell1,PAIRED_ENGLISH,0.6713635696462645,0.2534482,0.4179153813413634
main,fmiss,source_reweighted_fullctx_xgboost,source_reweighted_stack,xgboost,PAIRED_ENGLISH::paired_english::m15_190315_142052_cell1::SpykingCircus::22,PAIRED_ENGLISH::paired_english::m15_190315_142052_cell1,PAIRED_ENGLISH,0.35975341259357113,0.23984583,0.11990758537170071
main,fmiss,source_reweighted_fullctx_xgboost,source_reweighted_stack,xgboost,PAIRED_ENGLISH::paired_english::m15_190315_142052_cell1::SpykingCircus::57,PAIRED_ENGLISH::paired_english::m15_190315_142052_cell1,PAIRED_ENGLISH,0.8711287244972846,0.33601376,0.5351149603542945
main,fmiss,source_reweighted_fullctx_xgboost,source_reweighted_stack,xgboost,PAIRED_ENGLISH::paired_english::m15_190315_152315_cell1::IronClust::35,PAIRED_ENGLISH::paired_english::m15_190315_152315_cell1,PAIRED_ENGLISH,0.04922936853742602,0.10330719,0.054077819019794436
main,fmiss,source_reweighted_fullctx_xgboost,source_reweighted_stack,xgboost,PAIRED_ENGLISH::paired_english::m15_190315_152315_cell1::KiloSort2::37,PAIRED_ENGLISH::paired_english::m15_190315_152315_cell1,PAIRED_ENGLISH,0.0014307082005592768,0.10586372,0.10443301197804485
main,fmiss,source_reweighted_fullctx_xgboost,source_reweighted_stack,xgboost,PAIRED_ENGLISH::paired_english::m15_190315_152315_cell1::KiloSort::1,PAIRED_ENGLISH::paired_english::m15_190315_152315_cell1,PAIRED_ENGLISH,0.003901931456070755,0.09461571,0.0907137813058082
main,fmiss,source_reweighted_fullctx_xgboost,source_reweighted_stack,xgboost,PAIRED_ENGLISH::paired_english::m15_190315_152315_cell1::MountainSort4::72,PAIRED_ENGLISH::paired_english::m15_190315_152315_cell1,PAIRED_ENGLISH,0.03479222214996423,0.15710214,0.12230991565406714
main,fmiss,source_reweighted_fullctx_xgboost,source_reweighted_stack,xgboost,PAIRED_ENGLISH::paired_english::m15_190315_152315_cell1::SpykingCircus::46,PAIRED_ENGLISH::paired_english::m15_190315_152315_cell1,PAIRED_ENGLISH,0.0018859335371008649,0.119736366,0.11785043243684856
main,fmiss,source_reweighted_fullctx_xgboost,source_reweighted_stack,xgboost,PAIRED_ENGLISH::paired_english::m15_190315_152315_cell1::Tridesclous::0,PAIRED_ENGLISH::paired_english::m15_190315_152315_cell1,PAIRED_ENGLISH,0.2026403069519412,0.07398328,0.1286570251011264
main,fmiss,source_reweighted_fullctx_xgboost,source_reweighted_stack,xgboost,PAIRED_ENGLISH::paired_english::m26_190524_100859_cell1::KiloSort2::0,PAIRED_ENGLISH::paired_english::m26_190524_100859_cell1,PAIRED_ENGLISH,0.3453815261044177,0.18113631,0.16424521600386227
main,fmiss,source_reweighted_fullctx_xgboost,source_reweighted_stack,xgboost,PAIRED_ENGLISH::paired_english::m26_190524_100859_cell1::KiloSort::19,PAIRED_ENGLISH::paired_english::m26_190524_100859_cell1,PAIRED_ENGLISH,0.5522088353413654,0.22650164,0.3257071916836811
main,fmiss,source_reweighted_fullctx_xgboost,source_reweighted_stack,xgboost,PAIRED_ENGLISH::paired_english::m26_190524_100859_cell1::KiloSort::8,PAIRED_ENGLISH::paired_english::m26_190524_100859_cell1,PAIRED_ENGLISH,0.7610441767068273,0.159068,0.6019761734099752
main,fmiss,source_reweighted_fullctx_xgboost,source_reweighted_stack,xgboost,PAIRED_ENGLISH::paired_english::m57_191105_141906::IronClust::6,PAIRED_ENGLISH::paired_english::m57_191105_141906,PAIRED_ENGLISH,0.12826603325415678,0.21533382,0.08706778613518648
main,fmiss,source_reweighted_fullctx_xgboost,source_reweighted_stack,xgboost,PAIRED_ENGLISH::paired_english::m57_191105_141906::KiloSort::47,PAIRED_ENGLISH::paired_english::m57_191105_141906,PAIRED_ENGLISH,0.04829770387965162,0.23814586,0.18984815416974107
main,fmiss,source_reweighted_fullctx_xgboost,source_reweighted_stack,xgboost,PAIRED_ENGLISH::paired_english::m57_191105_141906::MountainSort4::21,PAIRED_ENGLISH::paired_english::m57_191105_141906,PAIRED_ENGLISH,0.1187648456057007,0.24648196,0.1277171094457214
main,fmiss,source_reweighted_fullctx_xgboost,source_reweighted_stack,xgboost,PAIRED_ENGLISH::paired_english::m57_191105_141906::MountainSort4::57,PAIRED_ENGLISH::paired_english::m57_191105_141906,PAIRED_ENGLISH,0.5399841646872525,0.45219472,0.08778944418058443
main,fmiss,source_reweighted_fullctx_xgboost,source_reweighted_stack,xgboost,PAIRED_ENGLISH::paired_english::m57_191105_141906::SpykingCircus::12,PAIRED_ENGLISH::paired_english::m57_191105_141906,PAIRED_ENGLISH,0.5859065716547902,0.57730204,0.008604532985204028
main,fmiss,source_reweighted_fullctx_xgboost,source_reweighted_stack,xgboost,PAIRED_ENGLISH::paired_english::m57_191105_141906::SpykingCircus::30,PAIRED_ENGLISH::paired_english::m57_191105_141906,PAIRED_ENGLISH,0.46872525732383213,0.4154978,0.05322744767531834
main,fmiss,source_reweighted_fullctx_xgboost,source_reweighted_stack,xgboost,PAIRED_ENGLISH::paired_english::m57_191105_160026::HerdingSpikes2::1,PAIRED_ENGLISH::paired_english::m57_191105_160026,PAIRED_ENGLISH,0.7557251908396947,0.27426887,0.48145632525436755
main,fmiss,source_reweighted_fullctx_xgboost,source_reweighted_stack,xgboost,PAIRED_ENGLISH::paired_english::m57_191105_160026::IronClust::2,PAIRED_ENGLISH::paired_english::m57_191105_160026,PAIRED_ENGLISH,0.7206106870229008,0.31503093,0.4055797545964481
main,fmiss,source_reweighted_fullctx_xgboost,source_reweighted_stack,xgboost,PAIRED_ENGLISH::paired_english::m57_191105_160026::IronClust::3,PAIRED_ENGLISH::paired_english::m57_191105_160026,PAIRED_ENGLISH,0.5629770992366412,0.28689912,0.2760779796210864
main,fmiss,source_reweighted_fullctx_xgboost,source_reweighted_stack,xgboost,PAIRED_ENGLISH::paired_english::m57_191105_160026::KiloSort::127,PAIRED_ENGLISH::paired_english::m57_191105_160026,PAIRED_ENGLISH,0.7213740458015268,0.35624883,0.36512522001302883
main,fmiss,source_reweighted_fullctx_xgboost,source_reweighted_stack,xgboost,PAIRED_ENGLISH::paired_english::m57_191105_160026::KiloSort::6,PAIRED_ENGLISH::paired_english::m57_191105_160026,PAIRED_ENGLISH,0.5885496183206107,0.32866582,0.2598837955762412
main,fmiss,source_reweighted_fullctx_xgboost,source_reweighted_stack,xgboost,PAIRED_ENGLISH::paired_english::m57_191105_160026::MountainSort4::23,PAIRED_ENGLISH::paired_english::m57_191105_160026,PAIRED_ENGLISH,0.8603053435114504,0.37690744,0.4833979054716707
main,fmiss,source_reweighted_fullctx_xgboost,source_reweighted_stack,xgboost,PAIRED_ENGLISH::paired_english::m57_191105_160026::MountainSort4::25,PAIRED_ENGLISH::paired_english::m57_191105_160026,PAIRED_ENGLISH,0.5545801526717558,0.27082568,0.2837544686011686
main,fmiss,source_reweighted_fullctx_xgboost,source_reweighted_stack,xgboost,PAIRED_ENGLISH::paired_english::m57_191105_160026::SpykingCircus::2,PAIRED_ENGLISH::paired_english::m57_191105_160026,PAIRED_ENGLISH,0.7709923664122137,0.35067722,0.4203151443987402
main,fmiss,source_reweighted_fullctx_xgboost,source_reweighted_stack,xgboost,PAIRED_ENGLISH::paired_english::m57_191105_160026::SpykingCircus::4,PAIRED_ENGLISH::paired_english::m57_191105_160026,PAIRED_ENGLISH,0.5625954198473282,0.32531336,0.23728206034835053
main,fmiss,source_reweighted_fullctx_xgboost,source_reweighted_stack,xgboost,PAIRED_ENGLISH::paired_english::m57_191105_160026::Tridesclous::0,PAIRED_ENGLISH::paired_english::m57_191105_160026,PAIRED_ENGLISH,0.7061068702290076,0.09024926,0.6158576074788589
main,fmiss,source_reweighted_fullctx_xgboost,source_reweighted_stack,xgboost,PAIRED_KAMPFF::paired_kampff::c14::HerdingSpikes2::6,PAIRED_KAMPFF::paired_kampff::c14,PAIRED_KAMPFF,0.35151068533529845,0.19019665,0.16131403709520903
main,fmiss,source_reweighted_fullctx_xgboost,source_reweighted_stack,xgboost,PAIRED_KAMPFF::paired_kampff::c14::IronClust::22,PAIRED_KAMPFF::paired_kampff::c14,PAIRED_KAMPFF,0.25036845983787764,0.1630591,0.08730935932918776
main,fmiss,source_reweighted_fullctx_xgboost,source_reweighted_stack,xgboost,PAIRED_KAMPFF::paired_kampff::c14::KiloSort2::37,PAIRED_KAMPFF::paired_kampff::c14,PAIRED_KAMPFF,0.14296241709653648,0.15699619,0.014033773451406634
main,fmiss,source_reweighted_fullctx_xgboost,source_reweighted_stack,xgboost,PAIRED_KAMPFF::paired_kampff::c14::MountainSort4::42,PAIRED_KAMPFF::paired_kampff::c14,PAIRED_KAMPFF,0.32221812822402357,0.2677086,0.05450952865661024
main,fmiss,source_reweighted_fullctx_xgboost,source_reweighted_stack,xgboost,PAIRED_KAMPFF::paired_kampff::c14::SpykingCircus::14,PAIRED_KAMPFF::paired_kampff::c14,PAIRED_KAMPFF,0.21868091378039795,0.14531144,0.07336946878261047
main,fmiss,source_reweighted_fullctx_xgboost,source_reweighted_stack,xgboost,PAIRED_KAMPFF::paired_kampff::c14::Tridesclous::8,PAIRED_KAMPFF::paired_kampff::c14,PAIRED_KAMPFF,0.20910095799557848,0.10211435,0.10698660839192553
main,fmiss,source_reweighted_fullctx_xgboost,source_reweighted_stack,xgboost,PAIRED_MEA64C_YGER::paired_mea64c::20170622_patch1::HerdingSpikes2::19,PAIRED_MEA64C_YGER::paired_mea64c::20170622_patch1,PAIRED_MEA64C_YGER,0.8533362695441533,0.5924966,0.260839695619135
main,fmiss,source_reweighted_fullctx_xgboost,source_reweighted_stack,xgboost,PAIRED_MEA64C_YGER::paired_mea64c::20170622_patch1::HerdingSpikes2::7,PAIRED_MEA64C_YGER::paired_mea64c::20170622_patch1,PAIRED_MEA64C_YGER,0.18343977097555605,0.0598531,0.12358667168899981
main,fmiss,source_reweighted_fullctx_xgboost,source_reweighted_stack,xgboost,PAIRED_MEA64C_YGER::paired_mea64c::20170622_patch1::IronClust::8,PAIRED_MEA64C_YGER::paired_mea64c::20170622_patch1,PAIRED_MEA64C_YGER,0.027747192248403437,0.01989041,0.007856781422793276
main,fmiss,source_reweighted_fullctx_xgboost,source_reweighted_stack,xgboost,PAIRED_MEA64C_YGER::paired_mea64c::20170622_patch1::KiloSort2::23,PAIRED_MEA64C_YGER::paired_mea64c::20170622_patch1,PAIRED_MEA64C_YGER,0.0008808632459810614,0.0546418,0.053760934892637405
main,fmiss,source_reweighted_fullctx_xgboost,source_reweighted_stack,xgboost,PAIRED_MEA64C_YGER::paired_mea64c::20170622_patch1::KiloSort::64,PAIRED_MEA64C_YGER::paired_mea64c::20170622_patch1,PAIRED_MEA64C_YGER,0.03457388240475666,0.040385496,0.005811613466548807
main,fmiss,source_reweighted_fullctx_xgboost,source_reweighted_stack,xgboost,PAIRED_MEA64C_YGER::paired_mea64c::20170622_patch1::Klusta::4,PAIRED_MEA64C_YGER::paired_mea64c::20170622_patch1,PAIRED_MEA64C_YGER,0.17441092270425015,0.06237842,0.11203250127843076
main,fmiss,source_reweighted_fullctx_xgboost,source_reweighted_stack,xgboost,PAIRED_MEA64C_YGER::paired_mea64c::20170622_patch1::MountainSort4::43,PAIRED_MEA64C_YGER::paired_mea64c::20170622_patch1,PAIRED_MEA64C_YGER,0.02510460251046025,0.0330645,0.007959896986953385
main,fmiss,source_reweighted_fullctx_xgboost,source_reweighted_stack,xgboost,PAIRED_MEA64C_YGER::paired_mea64c::20170622_patch1::SpykingCircus::18,PAIRED_MEA64C_YGER::paired_mea64c::20170622_patch1,PAIRED_MEA64C_YGER,0.0028628055494384495,0.03037076,0.02750795515960887
main,fmiss,source_reweighted_fullctx_xgboost,source_reweighted_stack,xgboost,PAIRED_MEA64C_YGER::paired_mea64c::20170622_patch1::Tridesclous::12,PAIRED_MEA64C_YGER::paired_mea64c::20170622_patch1,PAIRED_MEA64C_YGER,0.026425897379431844,0.038042195,0.011616297761883616
main,fmiss,source_reweighted_fullctx_xgboost,source_reweighted_stack,xgboost,PAIRED_MEA64C_YGER::paired_mea64c::20170622_patch2::HerdingSpikes2::16,PAIRED_MEA64C_YGER::paired_mea64c::20170622_patch2,PAIRED_MEA64C_YGER,0.6606015595989603,0.20383029,0.45677127273849427
main,fmiss,source_reweighted_fullctx_xgboost,source_reweighted_stack,xgboost,PAIRED_MEA64C_YGER::paired_mea64c::20170622_patch2::HerdingSpikes2::44,PAIRED_MEA64C_YGER::paired_mea64c::20170622_patch2,PAIRED_MEA64C_YGER,0.8756034162643892,0.2850525,0.5905509081486208
main,fmiss,source_reweighted_fullctx_xgboost,source_reweighted_stack,xgboost,PAIRED_MEA64C_YGER::paired_mea64c::20170622_patch2::HerdingSpikes2::5,PAIRED_MEA64C_YGER::paired_mea64c::20170622_patch2,PAIRED_MEA64C_YGER,0.008169327887114742,0.02863055,0.02046122120100572
main,fmiss,source_reweighted_fullctx_xgboost,source_reweighted_stack,xgboost,PAIRED_MEA64C_YGER::paired_mea64c::20170622_patch2::IronClust::11,PAIRED_MEA64C_YGER::paired_mea64c::20170622_patch2,PAIRED_MEA64C_YGER,0.0003713330857779428,0.023272304,0.022900970778581914
main,fmiss,source_reweighted_fullctx_xgboost,source_reweighted_stack,xgboost,PAIRED_MEA64C_YGER::paired_mea64c::20170622_patch2::JRClust::31,PAIRED_MEA64C_YGER::paired_mea64c::20170622_patch2,PAIRED_MEA64C_YGER,0.0029706646862235424,0.0144306775,0.011460012832025015
main,fmiss,source_reweighted_fullctx_xgboost,source_reweighted_stack,xgboost,PAIRED_MEA64C_YGER::paired_mea64c::20170622_patch2::KiloSort2::33,PAIRED_MEA64C_YGER::paired_mea64c::20170622_patch2,PAIRED_MEA64C_YGER,0.0011139992573338284,0.020977467,0.01986346804117386
main,fmiss,source_reweighted_fullctx_xgboost,source_reweighted_stack,xgboost,PAIRED_MEA64C_YGER::paired_mea64c::20170622_patch2::KiloSort::5,PAIRED_MEA64C_YGER::paired_mea64c::20170622_patch2,PAIRED_MEA64C_YGER,0.0014853323431117712,0.013154613,0.011669280511011345
main,fmiss,source_reweighted_fullctx_xgboost,source_reweighted_stack,xgboost,PAIRED_MEA64C_YGER::paired_mea64c::20170622_patch2::Klusta::14,PAIRED_MEA64C_YGER::paired_mea64c::20170622_patch2,PAIRED_MEA64C_YGER,0.15893056071295952,0.035764486,0.12316607511534905
main,fmiss,source_reweighted_fullctx_xgboost,source_reweighted_stack,xgboost,PAIRED_MEA64C_YGER::paired_mea64c::20170622_patch2::MountainSort4::31,PAIRED_MEA64C_YGER::paired_mea64c::20170622_patch2,PAIRED_MEA64C_YGER,0.0003713330857779428,0.016987937,0.016616603485462483
main,fmiss,source_reweighted_fullctx_xgboost,source_reweighted_stack,xgboost,PAIRED_MEA64C_YGER::paired_mea64c::20170622_patch2::SpykingCircus::17,PAIRED_MEA64C_YGER::paired_mea64c::20170622_patch2,PAIRED_MEA64C_YGER,0.0003713330857779428,0.02602561,0.025654276958820638
main,fmiss,source_reweighted_fullctx_xgboost,source_reweighted_stack,xgboost,PAIRED_MEA64C_YGER::paired_mea64c::20170622_patch2::Tridesclous::0,PAIRED_MEA64C_YGER::paired_mea64c::20170622_patch2,PAIRED_MEA64C_YGER,0.0003713330857779428,0.02334636,0.022975027687070187
main,fpos,contextual_paired_only_lightgbm,baseline,lightgbm,PAIRED_BOYDEN::paired_boyden32c::1103_1_1::IronClust::4,PAIRED_BOYDEN::paired_boyden32c::1103_1_1,PAIRED_BOYDEN,0.11363636363636363,0.25448874,0.14085237275470386
main,fpos,contextual_paired_only_lightgbm,baseline,lightgbm,PAIRED_BOYDEN::paired_boyden32c::1103_1_1::JRClust::18,PAIRED_BOYDEN::paired_boyden32c::1103_1_1,PAIRED_BOYDEN,0.26138147566718994,0.3143802,0.052998723049927365
main,fpos,contextual_paired_only_lightgbm,baseline,lightgbm,PAIRED_BOYDEN::paired_boyden32c::1103_1_1::KiloSort2::33,PAIRED_BOYDEN::paired_boyden32c::1103_1_1,PAIRED_BOYDEN,0.17066290550070523,0.29742846,0.12676555342835666
main,fpos,contextual_paired_only_lightgbm,baseline,lightgbm,PAIRED_BOYDEN::paired_boyden32c::1103_1_1::KiloSort2::55,PAIRED_BOYDEN::paired_boyden32c::1103_1_1,PAIRED_BOYDEN,0.3333333333333333,0.20885718,0.124476154645284
main,fpos,contextual_paired_only_lightgbm,baseline,lightgbm,PAIRED_BOYDEN::paired_boyden32c::1103_1_1::KiloSort2::60,PAIRED_BOYDEN::paired_boyden32c::1103_1_1,PAIRED_BOYDEN,0.15878378378378377,0.118866466,0.03991731779800878
main,fpos,contextual_paired_only_lightgbm,baseline,lightgbm,PAIRED_BOYDEN::paired_boyden32c::1103_1_1::KiloSort::111,PAIRED_BOYDEN::paired_boyden32c::1103_1_1,PAIRED_BOYDEN,0.11241007194244604,0.29359326,0.18118318572318812
main,fpos,contextual_paired_only_lightgbm,baseline,lightgbm,PAIRED_BOYDEN::paired_boyden32c::1103_1_1::Klusta::12,PAIRED_BOYDEN::paired_boyden32c::1103_1_1,PAIRED_BOYDEN,0.156686626746507,0.23739864,0.08071201257482022
main,fpos,contextual_paired_only_lightgbm,baseline,lightgbm,PAIRED_BOYDEN::paired_boyden32c::1103_1_1::MountainSort4::26,PAIRED_BOYDEN::paired_boyden32c::1103_1_1,PAIRED_BOYDEN,0.30532212885154064,0.28986025,0.015461880285866814
main,fpos,contextual_paired_only_lightgbm,baseline,lightgbm,PAIRED_BOYDEN::paired_boyden32c::1103_1_1::SpykingCircus::27,PAIRED_BOYDEN::paired_boyden32c::1103_1_1,PAIRED_BOYDEN,0.12258064516129032,0.24413481,0.12155416838584408
main,fpos,contextual_paired_only_lightgbm,baseline,lightgbm,PAIRED_BOYDEN::paired_boyden32c::1103_1_1::Tridesclous::3,PAIRED_BOYDEN::paired_boyden32c::1103_1_1,PAIRED_BOYDEN,0.2613268608414239,0.44147405,0.18014718944200808
main,fpos,contextual_paired_only_lightgbm,baseline,lightgbm,PAIRED_BOYDEN::paired_boyden32c::419_1_8::IronClust::14,PAIRED_BOYDEN::paired_boyden32c::419_1_8,PAIRED_BOYDEN,0.0663265306122449,0.010330195,0.05599633600486785
main,fpos,contextual_paired_only_lightgbm,baseline,lightgbm,PAIRED_BOYDEN::paired_boyden32c::419_1_8::IronClust::4,PAIRED_BOYDEN::paired_boyden32c::419_1_8,PAIRED_BOYDEN,0.05829903978052126,0.04256977,0.015729268371486534
main,fpos,contextual_paired_only_lightgbm,baseline,lightgbm,PAIRED_BOYDEN::paired_boyden32c::419_1_8::JRClust::24,PAIRED_BOYDEN::paired_boyden32c::419_1_8,PAIRED_BOYDEN,0.08062093139709564,0.012939065,0.06768186663360926
main,fpos,contextual_paired_only_lightgbm,baseline,lightgbm,PAIRED_BOYDEN::paired_boyden32c::419_1_8::JRClust::8,PAIRED_BOYDEN::paired_boyden32c::419_1_8,PAIRED_BOYDEN,0.03907637655417407,0.014909151,0.024167225543958788
main,fpos,contextual_paired_only_lightgbm,baseline,lightgbm,PAIRED_BOYDEN::paired_boyden32c::419_1_8::KiloSort2::27,PAIRED_BOYDEN::paired_boyden32c::419_1_8,PAIRED_BOYDEN,0.1342059838895282,0.018422196,0.11578378820163815
main,fpos,contextual_paired_only_lightgbm,baseline,lightgbm,PAIRED_BOYDEN::paired_boyden32c::419_1_8::KiloSort2::46,PAIRED_BOYDEN::paired_boyden32c::419_1_8,PAIRED_BOYDEN,0.02341480088873697,0.015803188,0.007611612803180939
main,fpos,contextual_paired_only_lightgbm,baseline,lightgbm,PAIRED_BOYDEN::paired_boyden32c::419_1_8::KiloSort::17,PAIRED_BOYDEN::paired_boyden32c::419_1_8,PAIRED_BOYDEN,0.06424161521775405,0.009271438,0.05497017698419969
main,fpos,contextual_paired_only_lightgbm,baseline,lightgbm,PAIRED_BOYDEN::paired_boyden32c::419_1_8::MountainSort4::42,PAIRED_BOYDEN::paired_boyden32c::419_1_8,PAIRED_BOYDEN,0.16482219271063892,0.058722634,0.10609955884218303
main,fpos,contextual_paired_only_lightgbm,baseline,lightgbm,PAIRED_BOYDEN::paired_boyden32c::419_1_8::SpykingCircus::24,PAIRED_BOYDEN::paired_boyden32c::419_1_8,PAIRED_BOYDEN,0.24721080446271285,0.1505696,0.09664120161561354
main,fpos,contextual_paired_only_lightgbm,baseline,lightgbm,PAIRED_BOYDEN::paired_boyden32c::419_1_8::SpykingCircus::28,PAIRED_BOYDEN::paired_boyden32c::419_1_8,PAIRED_BOYDEN,0.029543112332531776,0.016080821,0.013462291399547424
main,fpos,contextual_paired_only_lightgbm,baseline,lightgbm,PAIRED_BOYDEN::paired_boyden32c::419_1_8::Tridesclous::0,PAIRED_BOYDEN::paired_boyden32c::419_1_8,PAIRED_BOYDEN,0.15585806056898133,0.09022906,0.06562900379341141
main,fpos,contextual_paired_only_lightgbm,baseline,lightgbm,PAIRED_CRCNS_HC1::paired_crcns::d11221_d11221.001::SpykingCircus::6,PAIRED_CRCNS_HC1::paired_crcns::d11221_d11221.001,PAIRED_CRCNS_HC1,0.8835978835978836,0.50690335,0.37669453324464264
main,fpos,contextual_paired_only_lightgbm,baseline,lightgbm,PAIRED_CRCNS_HC1::paired_crcns::d11222_d11222.002::IronClust::2,PAIRED_CRCNS_HC1::paired_crcns::d11222_d11222.002,PAIRED_CRCNS_HC1,0.04466019417475728,0.1924468,0.1477866039114091
main,fpos,contextual_paired_only_lightgbm,baseline,lightgbm,PAIRED_CRCNS_HC1::paired_crcns::d11222_d11222.002::JRClust::3,PAIRED_CRCNS_HC1::paired_crcns::d11222_d11222.002,PAIRED_CRCNS_HC1,0.039337474120082816,0.043932285,0.004594811039743463
main,fpos,contextual_paired_only_lightgbm,baseline,lightgbm,PAIRED_CRCNS_HC1::paired_crcns::d11222_d11222.002::KiloSort2::10,PAIRED_CRCNS_HC1::paired_crcns::d11222_d11222.002,PAIRED_CRCNS_HC1,0.550417469492614,0.05993536,0.4904821083456872
main,fpos,contextual_paired_only_lightgbm,baseline,lightgbm,PAIRED_CRCNS_HC1::paired_crcns::d11222_d11222.002::KiloSort::1,PAIRED_CRCNS_HC1::paired_crcns::d11222_d11222.002,PAIRED_CRCNS_HC1,0.03337783711615487,0.07704261,0.04366477233704642
main,fpos,contextual_paired_only_lightgbm,baseline,lightgbm,PAIRED_CRCNS_HC1::paired_crcns::d11222_d11222.002::Klusta::2,PAIRED_CRCNS_HC1::paired_crcns::d11222_d11222.002,PAIRED_CRCNS_HC1,0.008777852802160702,0.07974253,0.07096467569601206
main,fpos,contextual_paired_only_lightgbm,baseline,lightgbm,PAIRED_CRCNS_HC1::paired_crcns::d11222_d11222.002::MountainSort4::4,PAIRED_CRCNS_HC1::paired_crcns::d11222_d11222.002,PAIRED_CRCNS_HC1,0.360427807486631,0.18010189,0.1803259210949913
main,fpos,contextual_paired_only_lightgbm,baseline,lightgbm,PAIRED_CRCNS_HC1::paired_crcns::d11222_d11222.002::SpykingCircus::4,PAIRED_CRCNS_HC1::paired_crcns::d11222_d11222.002,PAIRED_CRCNS_HC1,0.11986754966887417,0.0604232,0.059444350581492805
main,fpos,contextual_paired_only_lightgbm,baseline,lightgbm,PAIRED_CRCNS_HC1::paired_crcns::d11222_d11222.002::Tridesclous::0,PAIRED_CRCNS_HC1::paired_crcns::d11222_d11222.002,PAIRED_CRCNS_HC1,0.021164021164021163,0.1112872,0.09012317779675993
main,fpos,contextual_paired_only_lightgbm,baseline,lightgbm,PAIRED_ENGLISH::paired_english::m139_200114_191955::KiloSort2::25,PAIRED_ENGLISH::paired_english::m139_200114_191955,PAIRED_ENGLISH,0.7302739726027397,0.44841194,0.28186203107441943
main,fpos,contextual_paired_only_lightgbm,baseline,lightgbm,PAIRED_ENGLISH::paired_english::m139_200114_191955::MountainSort4::36,PAIRED_ENGLISH::paired_english::m139_200114_191955,PAIRED_ENGLISH,0.8735255086994986,0.6935135,0.18001199608810947
main,fpos,contextual_paired_only_lightgbm,baseline,lightgbm,PAIRED_ENGLISH::paired_english::m139_200114_191955::SpykingCircus::42,PAIRED_ENGLISH::paired_english::m139_200114_191955,PAIRED_ENGLISH,0.5584045584045584,0.34888247,0.20952209184991666
main,fpos,contextual_paired_only_lightgbm,baseline,lightgbm,PAIRED_ENGLISH::paired_english::m139_200114_222743::HerdingSpikes2::5,PAIRED_ENGLISH::paired_english::m139_200114_222743,PAIRED_ENGLISH,0.03257707969749855,0.14366874,0.11109166129027917
main,fpos,contextual_paired_only_lightgbm,baseline,lightgbm,PAIRED_ENGLISH::paired_english::m139_200114_222743::IronClust::17,PAIRED_ENGLISH::paired_english::m139_200114_222743,PAIRED_ENGLISH,0.02675196277987787,0.13839346,0.11164149892437628
main,fpos,contextual_paired_only_lightgbm,baseline,lightgbm,PAIRED_ENGLISH::paired_english::m139_200114_222743::KiloSort2::26,PAIRED_ENGLISH::paired_english::m139_200114_222743,PAIRED_ENGLISH,0.028645087367516472,0.107485615,0.07884052734949021
main,fpos,contextual_paired_only_lightgbm,baseline,lightgbm,PAIRED_ENGLISH::paired_english::m139_200114_222743::KiloSort::88,PAIRED_ENGLISH::paired_english::m139_200114_222743,PAIRED_ENGLISH,0.015151515151515152,0.14640315,0.1312516336188172
main,fpos,contextual_paired_only_lightgbm,baseline,lightgbm,PAIRED_ENGLISH::paired_english::m139_200114_222743::MountainSort4::46,PAIRED_ENGLISH::paired_english::m139_200114_222743,PAIRED_ENGLISH,0.039886039886039885,0.30162555,0.2617395099072035
main,fpos,contextual_paired_only_lightgbm,baseline,lightgbm,PAIRED_ENGLISH::paired_english::m139_200114_222743::SpykingCircus::44,PAIRED_ENGLISH::paired_english::m139_200114_222743,PAIRED_ENGLISH,0.028064146620847653,0.09124951,0.06318536402501874
main,fpos,contextual_paired_only_lightgbm,baseline,lightgbm,PAIRED_ENGLISH::paired_english::m139_200114_222743::Tridesclous::1,PAIRED_ENGLISH::paired_english::m139_200114_222743,PAIRED_ENGLISH,0.3089646722483153,0.37435758,0.06539290889029553
main,fpos,contextual_paired_only_lightgbm,baseline,lightgbm,PAIRED_ENGLISH::paired_english::m14_190326_155432::IronClust::22,PAIRED_ENGLISH::paired_english::m14_190326_155432,PAIRED_ENGLISH,0.0481651376146789,0.02900789,0.019157248284291786
main,fpos,contextual_paired_only_lightgbm,baseline,lightgbm,PAIRED_ENGLISH::paired_english::m14_190326_155432::MountainSort4::33,PAIRED_ENGLISH::paired_english::m14_190326_155432,PAIRED_ENGLISH,0.1981651376146789,0.18882376,0.00934137805886226
main,fpos,contextual_paired_only_lightgbm,baseline,lightgbm,PAIRED_ENGLISH::paired_english::m14_190326_155432::SpykingCircus::38,PAIRED_ENGLISH::paired_english::m14_190326_155432,PAIRED_ENGLISH,0.013363028953229399,0.048692174,0.035329145302618534
main,fpos,contextual_paired_only_lightgbm,baseline,lightgbm,PAIRED_ENGLISH::paired_english::m15_190315_142052_cell1::IronClust::40,PAIRED_ENGLISH::paired_english::m15_190315_142052_cell1,PAIRED_ENGLISH,0.2679960401640503,0.52310073,0.2551046935929687
main,fpos,contextual_paired_only_lightgbm,baseline,lightgbm,PAIRED_ENGLISH::paired_english::m15_190315_142052_cell1::KiloSort2::48,PAIRED_ENGLISH::paired_english::m15_190315_142052_cell1,PAIRED_ENGLISH,0.8627861694595232,0.36824927,0.4945369021198168
main,fpos,contextual_paired_only_lightgbm,baseline,lightgbm,PAIRED_ENGLISH::paired_english::m15_190315_142052_cell1::MountainSort4::62,PAIRED_ENGLISH::paired_english::m15_190315_142052_cell1,PAIRED_ENGLISH,0.8769885383524361,0.41940433,0.4575842104830208
main,fpos,contextual_paired_only_lightgbm,baseline,lightgbm,PAIRED_ENGLISH::paired_english::m15_190315_142052_cell1::MountainSort4::64,PAIRED_ENGLISH::paired_english::m15_190315_142052_cell1,PAIRED_ENGLISH,0.14704761904761904,0.09678473,0.05026288581178301
main,fpos,contextual_paired_only_lightgbm,baseline,lightgbm,PAIRED_ENGLISH::paired_english::m15_190315_142052_cell1::SpykingCircus::22,PAIRED_ENGLISH::paired_english::m15_190315_142052_cell1,PAIRED_ENGLISH,0.23500526131182042,0.6184928,0.38348752080411586
main,fpos,contextual_paired_only_lightgbm,baseline,lightgbm,PAIRED_ENGLISH::paired_english::m15_190315_142052_cell1::SpykingCircus::57,PAIRED_ENGLISH::paired_english::m15_190315_142052_cell1,PAIRED_ENGLISH,0.6499202551834131,0.26585466,0.38406559848709354
main,fpos,contextual_paired_only_lightgbm,baseline,lightgbm,PAIRED_ENGLISH::paired_english::m15_190315_152315_cell1::IronClust::35,PAIRED_ENGLISH::paired_english::m15_190315_152315_cell1,PAIRED_ENGLISH,0.002592440987856461,0.03998418,0.0373917405354666
main,fpos,contextual_paired_only_lightgbm,baseline,lightgbm,PAIRED_ENGLISH::paired_english::m15_190315_152315_cell1::KiloSort2::37,PAIRED_ENGLISH::paired_english::m15_190315_152315_cell1,PAIRED_ENGLISH,0.00039059957034047265,0.052231967,0.05184136787884776
main,fpos,contextual_paired_only_lightgbm,baseline,lightgbm,PAIRED_ENGLISH::paired_english::m15_190315_152315_cell1::KiloSort::1,PAIRED_ENGLISH::paired_english::m15_190315_152315_cell1,PAIRED_ENGLISH,6.528267397832615e-05,0.0711142,0.07104891469941187
main,fpos,contextual_paired_only_lightgbm,baseline,lightgbm,PAIRED_ENGLISH::paired_english::m15_190315_152315_cell1::MountainSort4::72,PAIRED_ENGLISH::paired_english::m15_190315_152315_cell1,PAIRED_ENGLISH,0.052174468356855484,0.24578354,0.193609069269411
main,fpos,contextual_paired_only_lightgbm,baseline,lightgbm,PAIRED_ENGLISH::paired_english::m15_190315_152315_cell1::SpykingCircus::46,PAIRED_ENGLISH::paired_english::m15_190315_152315_cell1,PAIRED_ENGLISH,0.010891280531030483,0.04247479,0.03158351087655466
main,fpos,contextual_paired_only_lightgbm,baseline,lightgbm,PAIRED_ENGLISH::paired_english::m15_190315_152315_cell1::Tridesclous::0,PAIRED_ENGLISH::paired_english::m15_190315_152315_cell1,PAIRED_ENGLISH,0.8482136225209834,0.43897203,0.409241596411288
main,fpos,contextual_paired_only_lightgbm,baseline,lightgbm,PAIRED_ENGLISH::paired_english::m26_190524_100859_cell1::KiloSort2::0,PAIRED_ENGLISH::paired_english::m26_190524_100859_cell1,PAIRED_ENGLISH,0.38315988647114474,0.24817753,0.13498235808979708
main,fpos,contextual_paired_only_lightgbm,baseline,lightgbm,PAIRED_ENGLISH::paired_english::m26_190524_100859_cell1::KiloSort::19,PAIRED_ENGLISH::paired_english::m26_190524_100859_cell1,PAIRED_ENGLISH,0.2440677966101695,0.14588173,0.09818606927233228
main,fpos,contextual_paired_only_lightgbm,baseline,lightgbm,PAIRED_ENGLISH::paired_english::m26_190524_100859_cell1::KiloSort::8,PAIRED_ENGLISH::paired_english::m26_190524_100859_cell1,PAIRED_ENGLISH,0.6505139500734214,0.20012963,0.45038432189196387
main,fpos,contextual_paired_only_lightgbm,baseline,lightgbm,PAIRED_ENGLISH::paired_english::m57_191105_141906::IronClust::6,PAIRED_ENGLISH::paired_english::m57_191105_141906,PAIRED_ENGLISH,0.31826625386996904,0.2838926,0.03437365214152971
main,fpos,contextual_paired_only_lightgbm,baseline,lightgbm,PAIRED_ENGLISH::paired_english::m57_191105_141906::KiloSort::47,PAIRED_ENGLISH::paired_english::m57_191105_141906,PAIRED_ENGLISH,0.35376344086021505,0.28638685,0.06737659336418234
main,fpos,contextual_paired_only_lightgbm,baseline,lightgbm,PAIRED_ENGLISH::paired_english::m57_191105_141906::MountainSort4::21,PAIRED_ENGLISH::paired_english::m57_191105_141906,PAIRED_ENGLISH,0.3323335332933413,0.5643167,0.23198315667476782
main,fpos,contextual_paired_only_lightgbm,baseline,lightgbm,PAIRED_ENGLISH::paired_english::m57_191105_141906::MountainSort4::57,PAIRED_ENGLISH::paired_english::m57_191105_141906,PAIRED_ENGLISH,0.23853211009174313,0.27835298,0.03982086575359378
main,fpos,contextual_paired_only_lightgbm,baseline,lightgbm,PAIRED_ENGLISH::paired_english::m57_191105_141906::SpykingCircus::12,PAIRED_ENGLISH::paired_english::m57_191105_141906,PAIRED_ENGLISH,0.3535228677379481,0.2644304,0.08909246402853649
main,fpos,contextual_paired_only_lightgbm,baseline,lightgbm,PAIRED_ENGLISH::paired_english::m57_191105_141906::SpykingCircus::30,PAIRED_ENGLISH::paired_english::m57_191105_141906,PAIRED_ENGLISH,0.2040332147093713,0.1402103,0.06382291402539608
main,fpos,contextual_paired_only_lightgbm,baseline,lightgbm,PAIRED_ENGLISH::paired_english::m57_191105_160026::HerdingSpikes2::1,PAIRED_ENGLISH::paired_english::m57_191105_160026,PAIRED_ENGLISH,0.13630229419703105,0.32634893,0.19004663640027425
main,fpos,contextual_paired_only_lightgbm,baseline,lightgbm,PAIRED_ENGLISH::paired_english::m57_191105_160026::IronClust::2,PAIRED_ENGLISH::paired_english::m57_191105_160026,PAIRED_ENGLISH,0.5044008124576845,0.2346666,0.26973421163428213
main,fpos,contextual_paired_only_lightgbm,baseline,lightgbm,PAIRED_ENGLISH::paired_english::m57_191105_160026::IronClust::3,PAIRED_ENGLISH::paired_english::m57_191105_160026,PAIRED_ENGLISH,0.05838815789473684,0.30852515,0.2501369871591267
main,fpos,contextual_paired_only_lightgbm,baseline,lightgbm,PAIRED_ENGLISH::paired_english::m57_191105_160026::KiloSort::127,PAIRED_ENGLISH::paired_english::m57_191105_160026,PAIRED_ENGLISH,0.5003422313483915,0.2581058,0.2422364168914518
main,fpos,contextual_paired_only_lightgbm,baseline,lightgbm,PAIRED_ENGLISH::paired_english::m57_191105_160026::KiloSort::6,PAIRED_ENGLISH::paired_english::m57_191105_160026,PAIRED_ENGLISH,0.02531645569620253,0.19378106,0.16846460726442217
main,fpos,contextual_paired_only_lightgbm,baseline,lightgbm,PAIRED_ENGLISH::paired_english::m57_191105_160026::MountainSort4::23,PAIRED_ENGLISH::paired_english::m57_191105_160026,PAIRED_ENGLISH,0.6737967914438503,0.1765947,0.49720208705427815
main,fpos,contextual_paired_only_lightgbm,baseline,lightgbm,PAIRED_ENGLISH::paired_english::m57_191105_160026::MountainSort4::25,PAIRED_ENGLISH::paired_english::m57_191105_160026,PAIRED_ENGLISH,0.14568081991215226,0.36705905,0.22137823207835677
main,fpos,contextual_paired_only_lightgbm,baseline,lightgbm,PAIRED_ENGLISH::paired_english::m57_191105_160026::SpykingCircus::2,PAIRED_ENGLISH::paired_english::m57_191105_160026,PAIRED_ENGLISH,0.6860282574568289,0.4587454,0.22728286728005587
main,fpos,contextual_paired_only_lightgbm,baseline,lightgbm,PAIRED_ENGLISH::paired_english::m57_191105_160026::SpykingCircus::4,PAIRED_ENGLISH::paired_english::m57_191105_160026,PAIRED_ENGLISH,0.056790123456790124,0.29039377,0.23360364628426822
main,fpos,contextual_paired_only_lightgbm,baseline,lightgbm,PAIRED_ENGLISH::paired_english::m57_191105_160026::Tridesclous::0,PAIRED_ENGLISH::paired_english::m57_191105_160026,PAIRED_ENGLISH,0.8589226823012093,0.58125806,0.27766462375323564
main,fpos,contextual_paired_only_lightgbm,baseline,lightgbm,PAIRED_KAMPFF::paired_kampff::c14::HerdingSpikes2::6,PAIRED_KAMPFF::paired_kampff::c14,PAIRED_KAMPFF,0.25090444775484144,0.110443585,0.14046086313388884
main,fpos,contextual_paired_only_lightgbm,baseline,lightgbm,PAIRED_KAMPFF::paired_kampff::c14::IronClust::22,PAIRED_KAMPFF::paired_kampff::c14,PAIRED_KAMPFF,0.2240655987795576,0.10159489,0.12247071110570276
main,fpos,contextual_paired_only_lightgbm,baseline,lightgbm,PAIRED_KAMPFF::paired_kampff::c14::KiloSort2::37,PAIRED_KAMPFF::paired_kampff::c14,PAIRED_KAMPFF,0.23899885489939474,0.16850393,0.0704949296951177
main,fpos,contextual_paired_only_lightgbm,baseline,lightgbm,PAIRED_KAMPFF::paired_kampff::c14::MountainSort4::42,PAIRED_KAMPFF::paired_kampff::c14,PAIRED_KAMPFF,0.031842105263157894,0.02949325,0.0023488553103647725
main,fpos,contextual_paired_only_lightgbm,baseline,lightgbm,PAIRED_KAMPFF::paired_kampff::c14::SpykingCircus::14,PAIRED_KAMPFF::paired_kampff::c14,PAIRED_KAMPFF,0.0993841579953281,0.06757692,0.03180723551903644
main,fpos,contextual_paired_only_lightgbm,baseline,lightgbm,PAIRED_KAMPFF::paired_kampff::c14::Tridesclous::8,PAIRED_KAMPFF::paired_kampff::c14,PAIRED_KAMPFF,0.7298130782302221,0.5686839,0.16112915593942012
main,fpos,contextual_paired_only_lightgbm,baseline,lightgbm,PAIRED_MEA64C_YGER::paired_mea64c::20170622_patch1::HerdingSpikes2::19,PAIRED_MEA64C_YGER::paired_mea64c::20170622_patch1,PAIRED_MEA64C_YGER,0.3048016701461378,0.19684044,0.10796123487964304
main,fpos,contextual_paired_only_lightgbm,baseline,lightgbm,PAIRED_MEA64C_YGER::paired_mea64c::20170622_patch1::HerdingSpikes2::7,PAIRED_MEA64C_YGER::paired_mea64c::20170622_patch1,PAIRED_MEA64C_YGER,0.006430868167202572,0.044547044,0.03811617557354679
main,fpos,contextual_paired_only_lightgbm,baseline,lightgbm,PAIRED_MEA64C_YGER::paired_mea64c::20170622_patch1::IronClust::8,PAIRED_MEA64C_YGER::paired_mea64c::20170622_patch1,PAIRED_MEA64C_YGER,0.32512992968511156,0.14090523,0.18422469844770006
main,fpos,contextual_paired_only_lightgbm,baseline,lightgbm,PAIRED_MEA64C_YGER::paired_mea64c::20170622_patch1::KiloSort2::23,PAIRED_MEA64C_YGER::paired_mea64c::20170622_patch1,PAIRED_MEA64C_YGER,0.0,0.019125592,0.019125591963529587
main,fpos,contextual_paired_only_lightgbm,baseline,lightgbm,PAIRED_MEA64C_YGER::paired_mea64c::20170622_patch1::KiloSort::64,PAIRED_MEA64C_YGER::paired_mea64c::20170622_patch1,PAIRED_MEA64C_YGER,0.00022805017103762827,0.016644174,0.016416124062041328
main,fpos,contextual_paired_only_lightgbm,baseline,lightgbm,PAIRED_MEA64C_YGER::paired_mea64c::20170622_patch1::Klusta::4,PAIRED_MEA64C_YGER::paired_mea64c::20170622_patch1,PAIRED_MEA64C_YGER,0.0050424628450106155,0.025439093,0.020396630044417524
main,fpos,contextual_paired_only_lightgbm,baseline,lightgbm,PAIRED_MEA64C_YGER::paired_mea64c::20170622_patch1::MountainSort4::43,PAIRED_MEA64C_YGER::paired_mea64c::20170622_patch1,PAIRED_MEA64C_YGER,0.0040494938132733405,0.018006552,0.013957058197501272
main,fpos,contextual_paired_only_lightgbm,baseline,lightgbm,PAIRED_MEA64C_YGER::paired_mea64c::20170622_patch1::SpykingCircus::18,PAIRED_MEA64C_YGER::paired_mea64c::20170622_patch1,PAIRED_MEA64C_YGER,0.00022079929344226098,0.020707024,0.02048622496791314
main,fpos,contextual_paired_only_lightgbm,baseline,lightgbm,PAIRED_MEA64C_YGER::paired_mea64c::20170622_patch1::Tridesclous::12,PAIRED_MEA64C_YGER::paired_mea64c::20170622_patch1,PAIRED_MEA64C_YGER,0.013830024537140308,0.021582413,0.0077523889276443145
main,fpos,contextual_paired_only_lightgbm,baseline,lightgbm,PAIRED_MEA64C_YGER::paired_mea64c::20170622_patch2::HerdingSpikes2::16,PAIRED_MEA64C_YGER::paired_mea64c::20170622_patch2,PAIRED_MEA64C_YGER,0.18683274021352314,0.09353505,0.0932976894637444
main,fpos,contextual_paired_only_lightgbm,baseline,lightgbm,PAIRED_MEA64C_YGER::paired_mea64c::20170622_patch2::HerdingSpikes2::44,PAIRED_MEA64C_YGER::paired_mea64c::20170622_patch2,PAIRED_MEA64C_YGER,0.4028520499108734,0.1472509,0.2556011442779007
main,fpos,contextual_paired_only_lightgbm,baseline,lightgbm,PAIRED_MEA64C_YGER::paired_mea64c::20170622_patch2::HerdingSpikes2::5,PAIRED_MEA64C_YGER::paired_mea64c::20170622_patch2,PAIRED_MEA64C_YGER,0.06115992970123023,0.007061789,0.05409814088895053
main,fpos,contextual_paired_only_lightgbm,baseline,lightgbm,PAIRED_MEA64C_YGER::paired_mea64c::20170622_patch2::IronClust::11,PAIRED_MEA64C_YGER::paired_mea64c::20170622_patch2,PAIRED_MEA64C_YGER,0.061366806136680614,0.005278654,0.056088152205807935
main,fpos,contextual_paired_only_lightgbm,baseline,lightgbm,PAIRED_MEA64C_YGER::paired_mea64c::20170622_patch2::JRClust::31,PAIRED_MEA64C_YGER::paired_mea64c::20170622_patch2,PAIRED_MEA64C_YGER,0.06118881118881119,0.0038816177,0.05730719350675655
main,fpos,contextual_paired_only_lightgbm,baseline,lightgbm,PAIRED_MEA64C_YGER::paired_mea64c::20170622_patch2::KiloSort2::33,PAIRED_MEA64C_YGER::paired_mea64c::20170622_patch2,PAIRED_MEA64C_YGER,0.061409630146545706,0.004529935,0.05687969530440622
main,fpos,contextual_paired_only_lightgbm,baseline,lightgbm,PAIRED_MEA64C_YGER::paired_mea64c::20170622_patch2::KiloSort::5,PAIRED_MEA64C_YGER::paired_mea64c::20170622_patch2,PAIRED_MEA64C_YGER,0.06143106457242583,0.0057595256,0.05567153899395679
main,fpos,contextual_paired_only_lightgbm,baseline,lightgbm,PAIRED_MEA64C_YGER::paired_mea64c::20170622_patch2::Klusta::14,PAIRED_MEA64C_YGER::paired_mea64c::20170622_patch2,PAIRED_MEA64C_YGER,0.05860349127182045,0.0037106322,0.05489285905936041
main,fpos,contextual_paired_only_lightgbm,baseline,lightgbm,PAIRED_MEA64C_YGER::paired_mea64c::20170622_patch2::MountainSort4::31,PAIRED_MEA64C_YGER::paired_mea64c::20170622_patch2,PAIRED_MEA64C_YGER,0.07713404182379156,0.020286737,0.056847304813908636
main,fpos,contextual_paired_only_lightgbm,baseline,lightgbm,PAIRED_MEA64C_YGER::paired_mea64c::20170622_patch2::SpykingCircus::17,PAIRED_MEA64C_YGER::paired_mea64c::20170622_patch2,PAIRED_MEA64C_YGER,0.061366806136680614,0.004799447,0.05656735911430217
main,fpos,contextual_paired_only_lightgbm,baseline,lightgbm,PAIRED_MEA64C_YGER::paired_mea64c::20170622_patch2::Tridesclous::0,PAIRED_MEA64C_YGER::paired_mea64c::20170622_patch2,PAIRED_MEA64C_YGER,0.061366806136680614,0.005622278,0.0557445281690488
main,fpos,embed_nommd_fullctx_lightgbm,embedding_stack,lightgbm,PAIRED_BOYDEN::paired_boyden32c::1103_1_1::IronClust::4,PAIRED_BOYDEN::paired_boyden32c::1103_1_1,PAIRED_BOYDEN,0.11363636363636363,0.21232426,0.0986878980289806
main,fpos,embed_nommd_fullctx_lightgbm,embedding_stack,lightgbm,PAIRED_BOYDEN::paired_boyden32c::1103_1_1::JRClust::18,PAIRED_BOYDEN::paired_boyden32c::1103_1_1,PAIRED_BOYDEN,0.26138147566718994,0.29042897,0.029047490616608274
main,fpos,embed_nommd_fullctx_lightgbm,embedding_stack,lightgbm,PAIRED_BOYDEN::paired_boyden32c::1103_1_1::KiloSort2::33,PAIRED_BOYDEN::paired_boyden32c::1103_1_1,PAIRED_BOYDEN,0.17066290550070523,0.26088083,0.09021792240304233
main,fpos,embed_nommd_fullctx_lightgbm,embedding_stack,lightgbm,PAIRED_BOYDEN::paired_boyden32c::1103_1_1::KiloSort2::55,PAIRED_BOYDEN::paired_boyden32c::1103_1_1,PAIRED_BOYDEN,0.3333333333333333,0.19652818,0.13680515189965564
main,fpos,embed_nommd_fullctx_lightgbm,embedding_stack,lightgbm,PAIRED_BOYDEN::paired_boyden32c::1103_1_1::KiloSort2::60,PAIRED_BOYDEN::paired_boyden32c::1103_1_1,PAIRED_BOYDEN,0.15878378378378377,0.13750152,0.02128226088510976
main,fpos,embed_nommd_fullctx_lightgbm,embedding_stack,lightgbm,PAIRED_BOYDEN::paired_boyden32c::1103_1_1::KiloSort::111,PAIRED_BOYDEN::paired_boyden32c::1103_1_1,PAIRED_BOYDEN,0.11241007194244604,0.27146384,0.15905376925742884
main,fpos,embed_nommd_fullctx_lightgbm,embedding_stack,lightgbm,PAIRED_BOYDEN::paired_boyden32c::1103_1_1::Klusta::12,PAIRED_BOYDEN::paired_boyden32c::1103_1_1,PAIRED_BOYDEN,0.156686626746507,0.24554905,0.0888624262072131
main,fpos,embed_nommd_fullctx_lightgbm,embedding_stack,lightgbm,PAIRED_BOYDEN::paired_boyden32c::1103_1_1::MountainSort4::26,PAIRED_BOYDEN::paired_boyden32c::1103_1_1,PAIRED_BOYDEN,0.30532212885154064,0.26786858,0.03745355041755016
main,fpos,embed_nommd_fullctx_lightgbm,embedding_stack,lightgbm,PAIRED_BOYDEN::paired_boyden32c::1103_1_1::SpykingCircus::27,PAIRED_BOYDEN::paired_boyden32c::1103_1_1,PAIRED_BOYDEN,0.12258064516129032,0.21596281,0.09338216714320645
main,fpos,embed_nommd_fullctx_lightgbm,embedding_stack,lightgbm,PAIRED_BOYDEN::paired_boyden32c::1103_1_1::Tridesclous::3,PAIRED_BOYDEN::paired_boyden32c::1103_1_1,PAIRED_BOYDEN,0.2613268608414239,0.44946095,0.18813409263262088
main,fpos,embed_nommd_fullctx_lightgbm,embedding_stack,lightgbm,PAIRED_BOYDEN::paired_boyden32c::419_1_8::IronClust::14,PAIRED_BOYDEN::paired_boyden32c::419_1_8,PAIRED_BOYDEN,0.0663265306122449,0.011438891,0.054887639320626555
main,fpos,embed_nommd_fullctx_lightgbm,embedding_stack,lightgbm,PAIRED_BOYDEN::paired_boyden32c::419_1_8::IronClust::4,PAIRED_BOYDEN::paired_boyden32c::419_1_8,PAIRED_BOYDEN,0.05829903978052126,0.05394384,0.004355200856351722
main,fpos,embed_nommd_fullctx_lightgbm,embedding_stack,lightgbm,PAIRED_BOYDEN::paired_boyden32c::419_1_8::JRClust::24,PAIRED_BOYDEN::paired_boyden32c::419_1_8,PAIRED_BOYDEN,0.08062093139709564,0.013892871,0.06672806006939741
main,fpos,embed_nommd_fullctx_lightgbm,embedding_stack,lightgbm,PAIRED_BOYDEN::paired_boyden32c::419_1_8::JRClust::8,PAIRED_BOYDEN::paired_boyden32c::419_1_8,PAIRED_BOYDEN,0.03907637655417407,0.019340813,0.019735563394231444
main,fpos,embed_nommd_fullctx_lightgbm,embedding_stack,lightgbm,PAIRED_BOYDEN::paired_boyden32c::419_1_8::KiloSort2::27,PAIRED_BOYDEN::paired_boyden32c::419_1_8,PAIRED_BOYDEN,0.1342059838895282,0.017474744,0.11673123942060082
main,fpos,embed_nommd_fullctx_lightgbm,embedding_stack,lightgbm,PAIRED_BOYDEN::paired_boyden32c::419_1_8::KiloSort2::46,PAIRED_BOYDEN::paired_boyden32c::419_1_8,PAIRED_BOYDEN,0.02341480088873697,0.014794454,0.008620346910198456
main,fpos,embed_nommd_fullctx_lightgbm,embedding_stack,lightgbm,PAIRED_BOYDEN::paired_boyden32c::419_1_8::KiloSort::17,PAIRED_BOYDEN::paired_boyden32c::419_1_8,PAIRED_BOYDEN,0.06424161521775405,0.011179533,0.05306208236200492
main,fpos,embed_nommd_fullctx_lightgbm,embedding_stack,lightgbm,PAIRED_BOYDEN::paired_boyden32c::419_1_8::MountainSort4::42,PAIRED_BOYDEN::paired_boyden32c::419_1_8,PAIRED_BOYDEN,0.16482219271063892,0.07230922,0.09251297436356631
main,fpos,embed_nommd_fullctx_lightgbm,embedding_stack,lightgbm,PAIRED_BOYDEN::paired_boyden32c::419_1_8::SpykingCircus::24,PAIRED_BOYDEN::paired_boyden32c::419_1_8,PAIRED_BOYDEN,0.24721080446271285,0.1472732,0.09993760669259413
main,fpos,embed_nommd_fullctx_lightgbm,embedding_stack,lightgbm,PAIRED_BOYDEN::paired_boyden32c::419_1_8::SpykingCircus::28,PAIRED_BOYDEN::paired_boyden32c::419_1_8,PAIRED_BOYDEN,0.029543112332531776,0.014438262,0.01510485012323555
main,fpos,embed_nommd_fullctx_lightgbm,embedding_stack,lightgbm,PAIRED_BOYDEN::paired_boyden32c::419_1_8::Tridesclous::0,PAIRED_BOYDEN::paired_boyden32c::419_1_8,PAIRED_BOYDEN,0.15585806056898133,0.08352388,0.0723341836039354
main,fpos,embed_nommd_fullctx_lightgbm,embedding_stack,lightgbm,PAIRED_CRCNS_HC1::paired_crcns::d11221_d11221.001::SpykingCircus::6,PAIRED_CRCNS_HC1::paired_crcns::d11221_d11221.001,PAIRED_CRCNS_HC1,0.8835978835978836,0.5113952,0.3722026676097244
main,fpos,embed_nommd_fullctx_lightgbm,embedding_stack,lightgbm,PAIRED_CRCNS_HC1::paired_crcns::d11222_d11222.002::IronClust::2,PAIRED_CRCNS_HC1::paired_crcns::d11222_d11222.002,PAIRED_CRCNS_HC1,0.04466019417475728,0.19186547,0.14720527981091472
main,fpos,embed_nommd_fullctx_lightgbm,embedding_stack,lightgbm,PAIRED_CRCNS_HC1::paired_crcns::d11222_d11222.002::JRClust::3,PAIRED_CRCNS_HC1::paired_crcns::d11222_d11222.002,PAIRED_CRCNS_HC1,0.039337474120082816,0.052764773,0.013427299248752633
main,fpos,embed_nommd_fullctx_lightgbm,embedding_stack,lightgbm,PAIRED_CRCNS_HC1::paired_crcns::d11222_d11222.002::KiloSort2::10,PAIRED_CRCNS_HC1::paired_crcns::d11222_d11222.002,PAIRED_CRCNS_HC1,0.550417469492614,0.076603845,0.4738136247307656
main,fpos,embed_nommd_fullctx_lightgbm,embedding_stack,lightgbm,PAIRED_CRCNS_HC1::paired_crcns::d11222_d11222.002::KiloSort::1,PAIRED_CRCNS_HC1::paired_crcns::d11222_d11222.002,PAIRED_CRCNS_HC1,0.03337783711615487,0.08905147,0.05567363304432944
main,fpos,embed_nommd_fullctx_lightgbm,embedding_stack,lightgbm,PAIRED_CRCNS_HC1::paired_crcns::d11222_d11222.002::Klusta::2,PAIRED_CRCNS_HC1::paired_crcns::d11222_d11222.002,PAIRED_CRCNS_HC1,0.008777852802160702,0.099824116,0.09104626283180384
main,fpos,embed_nommd_fullctx_lightgbm,embedding_stack,lightgbm,PAIRED_CRCNS_HC1::paired_crcns::d11222_d11222.002::MountainSort4::4,PAIRED_CRCNS_HC1::paired_crcns::d11222_d11222.002,PAIRED_CRCNS_HC1,0.360427807486631,0.19581501,0.16461279562769088
main,fpos,embed_nommd_fullctx_lightgbm,embedding_stack,lightgbm,PAIRED_CRCNS_HC1::paired_crcns::d11222_d11222.002::SpykingCircus::4,PAIRED_CRCNS_HC1::paired_crcns::d11222_d11222.002,PAIRED_CRCNS_HC1,0.11986754966887417,0.08243589,0.037431658636655235
main,fpos,embed_nommd_fullctx_lightgbm,embedding_stack,lightgbm,PAIRED_CRCNS_HC1::paired_crcns::d11222_d11222.002::Tridesclous::0,PAIRED_CRCNS_HC1::paired_crcns::d11222_d11222.002,PAIRED_CRCNS_HC1,0.021164021164021163,0.13058707,0.10942305001632247
main,fpos,embed_nommd_fullctx_lightgbm,embedding_stack,lightgbm,PAIRED_ENGLISH::paired_english::m139_200114_191955::KiloSort2::25,PAIRED_ENGLISH::paired_english::m139_200114_191955,PAIRED_ENGLISH,0.7302739726027397,0.38308373,0.3471902416666893
main,fpos,embed_nommd_fullctx_lightgbm,embedding_stack,lightgbm,PAIRED_ENGLISH::paired_english::m139_200114_191955::MountainSort4::36,PAIRED_ENGLISH::paired_english::m139_200114_191955,PAIRED_ENGLISH,0.8735255086994986,0.6927577,0.18076778298386142
main,fpos,embed_nommd_fullctx_lightgbm,embedding_stack,lightgbm,PAIRED_ENGLISH::paired_english::m139_200114_191955::SpykingCircus::42,PAIRED_ENGLISH::paired_english::m139_200114_191955,PAIRED_ENGLISH,0.5584045584045584,0.32113725,0.2372673089348013
main,fpos,embed_nommd_fullctx_lightgbm,embedding_stack,lightgbm,PAIRED_ENGLISH::paired_english::m139_200114_222743::HerdingSpikes2::5,PAIRED_ENGLISH::paired_english::m139_200114_222743,PAIRED_ENGLISH,0.03257707969749855,0.15286906,0.12029198093806817
main,fpos,embed_nommd_fullctx_lightgbm,embedding_stack,lightgbm,PAIRED_ENGLISH::paired_english::m139_200114_222743::IronClust::17,PAIRED_ENGLISH::paired_english::m139_200114_222743,PAIRED_ENGLISH,0.02675196277987787,0.13285862,0.10610665631401708
main,fpos,embed_nommd_fullctx_lightgbm,embedding_stack,lightgbm,PAIRED_ENGLISH::paired_english::m139_200114_222743::KiloSort2::26,PAIRED_ENGLISH::paired_english::m139_200114_222743,PAIRED_ENGLISH,0.028645087367516472,0.11178477,0.08313968371726899
main,fpos,embed_nommd_fullctx_lightgbm,embedding_stack,lightgbm,PAIRED_ENGLISH::paired_english::m139_200114_222743::KiloSort::88,PAIRED_ENGLISH::paired_english::m139_200114_222743,PAIRED_ENGLISH,0.015151515151515152,0.12392511,0.10877359703634724
main,fpos,embed_nommd_fullctx_lightgbm,embedding_stack,lightgbm,PAIRED_ENGLISH::paired_english::m139_200114_222743::MountainSort4::46,PAIRED_ENGLISH::paired_english::m139_200114_222743,PAIRED_ENGLISH,0.039886039886039885,0.27569783,0.23581178745313247
main,fpos,embed_nommd_fullctx_lightgbm,embedding_stack,lightgbm,PAIRED_ENGLISH::paired_english::m139_200114_222743::SpykingCircus::44,PAIRED_ENGLISH::paired_english::m139_200114_222743,PAIRED_ENGLISH,0.028064146620847653,0.09442949,0.0663653463295918
main,fpos,embed_nommd_fullctx_lightgbm,embedding_stack,lightgbm,PAIRED_ENGLISH::paired_english::m139_200114_222743::Tridesclous::1,PAIRED_ENGLISH::paired_english::m139_200114_222743,PAIRED_ENGLISH,0.3089646722483153,0.33104542,0.022080746729422118
main,fpos,embed_nommd_fullctx_lightgbm,embedding_stack,lightgbm,PAIRED_ENGLISH::paired_english::m14_190326_155432::IronClust::22,PAIRED_ENGLISH::paired_english::m14_190326_155432,PAIRED_ENGLISH,0.0481651376146789,0.033840638,0.014324499960612816
main,fpos,embed_nommd_fullctx_lightgbm,embedding_stack,lightgbm,PAIRED_ENGLISH::paired_english::m14_190326_155432::MountainSort4::33,PAIRED_ENGLISH::paired_english::m14_190326_155432,PAIRED_ENGLISH,0.1981651376146789,0.16761169,0.030553449239205888
main,fpos,embed_nommd_fullctx_lightgbm,embedding_stack,lightgbm,PAIRED_ENGLISH::paired_english::m14_190326_155432::SpykingCircus::38,PAIRED_ENGLISH::paired_english::m14_190326_155432,PAIRED_ENGLISH,0.013363028953229399,0.046757877,0.03339484791978696
main,fpos,embed_nommd_fullctx_lightgbm,embedding_stack,lightgbm,PAIRED_ENGLISH::paired_english::m15_190315_142052_cell1::IronClust::40,PAIRED_ENGLISH::paired_english::m15_190315_142052_cell1,PAIRED_ENGLISH,0.2679960401640503,0.51190346,0.24390742463010862
main,fpos,embed_nommd_fullctx_lightgbm,embedding_stack,lightgbm,PAIRED_ENGLISH::paired_english::m15_190315_142052_cell1::KiloSort2::48,PAIRED_ENGLISH::paired_english::m15_190315_142052_cell1,PAIRED_ENGLISH,0.8627861694595232,0.44675958,0.4160265878936663
main,fpos,embed_nommd_fullctx_lightgbm,embedding_stack,lightgbm,PAIRED_ENGLISH::paired_english::m15_190315_142052_cell1::MountainSort4::62,PAIRED_ENGLISH::paired_english::m15_190315_142052_cell1,PAIRED_ENGLISH,0.8769885383524361,0.45753562,0.4194529138483467
main,fpos,embed_nommd_fullctx_lightgbm,embedding_stack,lightgbm,PAIRED_ENGLISH::paired_english::m15_190315_142052_cell1::MountainSort4::64,PAIRED_ENGLISH::paired_english::m15_190315_142052_cell1,PAIRED_ENGLISH,0.14704761904761904,0.11874123,0.028306389871097737
main,fpos,embed_nommd_fullctx_lightgbm,embedding_stack,lightgbm,PAIRED_ENGLISH::paired_english::m15_190315_142052_cell1::SpykingCircus::22,PAIRED_ENGLISH::paired_english::m15_190315_142052_cell1,PAIRED_ENGLISH,0.23500526131182042,0.67543447,0.44042920886487635
main,fpos,embed_nommd_fullctx_lightgbm,embedding_stack,lightgbm,PAIRED_ENGLISH::paired_english::m15_190315_142052_cell1::SpykingCircus::57,PAIRED_ENGLISH::paired_english::m15_190315_142052_cell1,PAIRED_ENGLISH,0.6499202551834131,0.33012062,0.31979963207168827
main,fpos,embed_nommd_fullctx_lightgbm,embedding_stack,lightgbm,PAIRED_ENGLISH::paired_english::m15_190315_152315_cell1::IronClust::35,PAIRED_ENGLISH::paired_english::m15_190315_152315_cell1,PAIRED_ENGLISH,0.002592440987856461,0.0447778,0.04218535840985053
main,fpos,embed_nommd_fullctx_lightgbm,embedding_stack,lightgbm,PAIRED_ENGLISH::paired_english::m15_190315_152315_cell1::KiloSort2::37,PAIRED_ENGLISH::paired_english::m15_190315_152315_cell1,PAIRED_ENGLISH,0.00039059957034047265,0.059149615,0.05875901589625422
main,fpos,embed_nommd_fullctx_lightgbm,embedding_stack,lightgbm,PAIRED_ENGLISH::paired_english::m15_190315_152315_cell1::KiloSort::1,PAIRED_ENGLISH::paired_english::m15_190315_152315_cell1,PAIRED_ENGLISH,6.528267397832615e-05,0.07625695,0.07619167050585794
main,fpos,embed_nommd_fullctx_lightgbm,embedding_stack,lightgbm,PAIRED_ENGLISH::paired_english::m15_190315_152315_cell1::MountainSort4::72,PAIRED_ENGLISH::paired_english::m15_190315_152315_cell1,PAIRED_ENGLISH,0.052174468356855484,0.3055839,0.25340942589592164
main,fpos,embed_nommd_fullctx_lightgbm,embedding_stack,lightgbm,PAIRED_ENGLISH::paired_english::m15_190315_152315_cell1::SpykingCircus::46,PAIRED_ENGLISH::paired_english::m15_190315_152315_cell1,PAIRED_ENGLISH,0.010891280531030483,0.05303064,0.04213935935582559
main,fpos,embed_nommd_fullctx_lightgbm,embedding_stack,lightgbm,PAIRED_ENGLISH::paired_english::m15_190315_152315_cell1::Tridesclous::0,PAIRED_ENGLISH::paired_english::m15_190315_152315_cell1,PAIRED_ENGLISH,0.8482136225209834,0.52454054,0.32367307896477004
main,fpos,embed_nommd_fullctx_lightgbm,embedding_stack,lightgbm,PAIRED_ENGLISH::paired_english::m26_190524_100859_cell1::KiloSort2::0,PAIRED_ENGLISH::paired_english::m26_190524_100859_cell1,PAIRED_ENGLISH,0.38315988647114474,0.26391298,0.11924691068302828
main,fpos,embed_nommd_fullctx_lightgbm,embedding_stack,lightgbm,PAIRED_ENGLISH::paired_english::m26_190524_100859_cell1::KiloSort::19,PAIRED_ENGLISH::paired_english::m26_190524_100859_cell1,PAIRED_ENGLISH,0.2440677966101695,0.16085665,0.08321114733057508
main,fpos,embed_nommd_fullctx_lightgbm,embedding_stack,lightgbm,PAIRED_ENGLISH::paired_english::m26_190524_100859_cell1::KiloSort::8,PAIRED_ENGLISH::paired_english::m26_190524_100859_cell1,PAIRED_ENGLISH,0.6505139500734214,0.23453034,0.4159836054679755
main,fpos,embed_nommd_fullctx_lightgbm,embedding_stack,lightgbm,PAIRED_ENGLISH::paired_english::m57_191105_141906::IronClust::6,PAIRED_ENGLISH::paired_english::m57_191105_141906,PAIRED_ENGLISH,0.31826625386996904,0.3151491,0.0031171552352491916
main,fpos,embed_nommd_fullctx_lightgbm,embedding_stack,lightgbm,PAIRED_ENGLISH::paired_english::m57_191105_141906::KiloSort::47,PAIRED_ENGLISH::paired_english::m57_191105_141906,PAIRED_ENGLISH,0.35376344086021505,0.35971972,0.005956282602843421
main,fpos,embed_nommd_fullctx_lightgbm,embedding_stack,lightgbm,PAIRED_ENGLISH::paired_english::m57_191105_141906::MountainSort4::21,PAIRED_ENGLISH::paired_english::m57_191105_141906,PAIRED_ENGLISH,0.3323335332933413,0.5682453,0.2359117584165586
main,fpos,embed_nommd_fullctx_lightgbm,embedding_stack,lightgbm,PAIRED_ENGLISH::paired_english::m57_191105_141906::MountainSort4::57,PAIRED_ENGLISH::paired_english::m57_191105_141906,PAIRED_ENGLISH,0.23853211009174313,0.31930348,0.08077137267917667
main,fpos,embed_nommd_fullctx_lightgbm,embedding_stack,lightgbm,PAIRED_ENGLISH::paired_english::m57_191105_141906::SpykingCircus::12,PAIRED_ENGLISH::paired_english::m57_191105_141906,PAIRED_ENGLISH,0.3535228677379481,0.26964635,0.08387652116888683
main,fpos,embed_nommd_fullctx_lightgbm,embedding_stack,lightgbm,PAIRED_ENGLISH::paired_english::m57_191105_141906::SpykingCircus::30,PAIRED_ENGLISH::paired_english::m57_191105_141906,PAIRED_ENGLISH,0.2040332147093713,0.13249245,0.07154076184949276
main,fpos,embed_nommd_fullctx_lightgbm,embedding_stack,lightgbm,PAIRED_ENGLISH::paired_english::m57_191105_160026::HerdingSpikes2::1,PAIRED_ENGLISH::paired_english::m57_191105_160026,PAIRED_ENGLISH,0.13630229419703105,0.35446972,0.21816742235188863
main,fpos,embed_nommd_fullctx_lightgbm,embedding_stack,lightgbm,PAIRED_ENGLISH::paired_english::m57_191105_160026::IronClust::2,PAIRED_ENGLISH::paired_english::m57_191105_160026,PAIRED_ENGLISH,0.5044008124576845,0.2616931,0.24270772225726034
main,fpos,embed_nommd_fullctx_lightgbm,embedding_stack,lightgbm,PAIRED_ENGLISH::paired_english::m57_191105_160026::IronClust::3,PAIRED_ENGLISH::paired_english::m57_191105_160026,PAIRED_ENGLISH,0.05838815789473684,0.32686082,0.2684726573918995
main,fpos,embed_nommd_fullctx_lightgbm,embedding_stack,lightgbm,PAIRED_ENGLISH::paired_english::m57_191105_160026::KiloSort::127,PAIRED_ENGLISH::paired_english::m57_191105_160026,PAIRED_ENGLISH,0.5003422313483915,0.27337235,0.226969879225131
main,fpos,embed_nommd_fullctx_lightgbm,embedding_stack,lightgbm,PAIRED_ENGLISH::paired_english::m57_191105_160026::KiloSort::6,PAIRED_ENGLISH::paired_english::m57_191105_160026,PAIRED_ENGLISH,0.02531645569620253,0.1824715,0.15715504315080522
main,fpos,embed_nommd_fullctx_lightgbm,embedding_stack,lightgbm,PAIRED_ENGLISH::paired_english::m57_191105_160026::MountainSort4::23,PAIRED_ENGLISH::paired_english::m57_191105_160026,PAIRED_ENGLISH,0.6737967914438503,0.16403396,0.5097628271675365
main,fpos,embed_nommd_fullctx_lightgbm,embedding_stack,lightgbm,PAIRED_ENGLISH::paired_english::m57_191105_160026::MountainSort4::25,PAIRED_ENGLISH::paired_english::m57_191105_160026,PAIRED_ENGLISH,0.14568081991215226,0.29014185,0.1444610307977629
main,fpos,embed_nommd_fullctx_lightgbm,embedding_stack,lightgbm,PAIRED_ENGLISH::paired_english::m57_191105_160026::SpykingCircus::2,PAIRED_ENGLISH::paired_english::m57_191105_160026,PAIRED_ENGLISH,0.6860282574568289,0.4507267,0.23530156954865633
main,fpos,embed_nommd_fullctx_lightgbm,embedding_stack,lightgbm,PAIRED_ENGLISH::paired_english::m57_191105_160026::SpykingCircus::4,PAIRED_ENGLISH::paired_english::m57_191105_160026,PAIRED_ENGLISH,0.056790123456790124,0.27063248,0.2138423521577576
main,fpos,embed_nommd_fullctx_lightgbm,embedding_stack,lightgbm,PAIRED_ENGLISH::paired_english::m57_191105_160026::Tridesclous::0,PAIRED_ENGLISH::paired_english::m57_191105_160026,PAIRED_ENGLISH,0.8589226823012093,0.5642354,0.2946872930685738
main,fpos,embed_nommd_fullctx_lightgbm,embedding_stack,lightgbm,PAIRED_KAMPFF::paired_kampff::c14::HerdingSpikes2::6,PAIRED_KAMPFF::paired_kampff::c14,PAIRED_KAMPFF,0.25090444775484144,0.097938344,0.1529661038722807
main,fpos,embed_nommd_fullctx_lightgbm,embedding_stack,lightgbm,PAIRED_KAMPFF::paired_kampff::c14::IronClust::22,PAIRED_KAMPFF::paired_kampff::c14,PAIRED_KAMPFF,0.2240655987795576,0.09548349,0.1285821094449743
main,fpos,embed_nommd_fullctx_lightgbm,embedding_stack,lightgbm,PAIRED_KAMPFF::paired_kampff::c14::KiloSort2::37,PAIRED_KAMPFF::paired_kampff::c14,PAIRED_KAMPFF,0.23899885489939474,0.1372698,0.10172905995844625
main,fpos,embed_nommd_fullctx_lightgbm,embedding_stack,lightgbm,PAIRED_KAMPFF::paired_kampff::c14::MountainSort4::42,PAIRED_KAMPFF::paired_kampff::c14,PAIRED_KAMPFF,0.031842105263157894,0.03184937,7.2641435422404754e-06
main,fpos,embed_nommd_fullctx_lightgbm,embedding_stack,lightgbm,PAIRED_KAMPFF::paired_kampff::c14::SpykingCircus::14,PAIRED_KAMPFF::paired_kampff::c14,PAIRED_KAMPFF,0.0993841579953281,0.06293252,0.036451636890515476
main,fpos,embed_nommd_fullctx_lightgbm,embedding_stack,lightgbm,PAIRED_KAMPFF::paired_kampff::c14::Tridesclous::8,PAIRED_KAMPFF::paired_kampff::c14,PAIRED_KAMPFF,0.7298130782302221,0.54934484,0.18046824056466426
main,fpos,embed_nommd_fullctx_lightgbm,embedding_stack,lightgbm,PAIRED_MEA64C_YGER::paired_mea64c::20170622_patch1::HerdingSpikes2::19,PAIRED_MEA64C_YGER::paired_mea64c::20170622_patch1,PAIRED_MEA64C_YGER,0.3048016701461378,0.2391843,0.06561736507430704
main,fpos,embed_nommd_fullctx_lightgbm,embedding_stack,lightgbm,PAIRED_MEA64C_YGER::paired_mea64c::20170622_patch1::HerdingSpikes2::7,PAIRED_MEA64C_YGER::paired_mea64c::20170622_patch1,PAIRED_MEA64C_YGER,0.006430868167202572,0.05756915,0.05113828171439876
main,fpos,embed_nommd_fullctx_lightgbm,embedding_stack,lightgbm,PAIRED_MEA64C_YGER::paired_mea64c::20170622_patch1::IronClust::8,PAIRED_MEA64C_YGER::paired_mea64c::20170622_patch1,PAIRED_MEA64C_YGER,0.32512992968511156,0.1662343,0.15889563014459185
main,fpos,embed_nommd_fullctx_lightgbm,embedding_stack,lightgbm,PAIRED_MEA64C_YGER::paired_mea64c::20170622_patch1::KiloSort2::23,PAIRED_MEA64C_YGER::paired_mea64c::20170622_patch1,PAIRED_MEA64C_YGER,0.0,0.025125744,0.025125743821263313
main,fpos,embed_nommd_fullctx_lightgbm,embedding_stack,lightgbm,PAIRED_MEA64C_YGER::paired_mea64c::20170622_patch1::KiloSort::64,PAIRED_MEA64C_YGER::paired_mea64c::20170622_patch1,PAIRED_MEA64C_YGER,0.00022805017103762827,0.022134384,0.021906333969334647
main,fpos,embed_nommd_fullctx_lightgbm,embedding_stack,lightgbm,PAIRED_MEA64C_YGER::paired_mea64c::20170622_patch1::Klusta::4,PAIRED_MEA64C_YGER::paired_mea64c::20170622_patch1,PAIRED_MEA64C_YGER,0.0050424628450106155,0.029277552,0.024235089074211263
main,fpos,embed_nommd_fullctx_lightgbm,embedding_stack,lightgbm,PAIRED_MEA64C_YGER::paired_mea64c::20170622_patch1::MountainSort4::43,PAIRED_MEA64C_YGER::paired_mea64c::20170622_patch1,PAIRED_MEA64C_YGER,0.0040494938132733405,0.027319063,0.023269568687918754
main,fpos,embed_nommd_fullctx_lightgbm,embedding_stack,lightgbm,PAIRED_MEA64C_YGER::paired_mea64c::20170622_patch1::SpykingCircus::18,PAIRED_MEA64C_YGER::paired_mea64c::20170622_patch1,PAIRED_MEA64C_YGER,0.00022079929344226098,0.024149299,0.023928499374465454
main,fpos,embed_nommd_fullctx_lightgbm,embedding_stack,lightgbm,PAIRED_MEA64C_YGER::paired_mea64c::20170622_patch1::Tridesclous::12,PAIRED_MEA64C_YGER::paired_mea64c::20170622_patch1,PAIRED_MEA64C_YGER,0.013830024537140308,0.027487798,0.013657773125475468
main,fpos,embed_nommd_fullctx_lightgbm,embedding_stack,lightgbm,PAIRED_MEA64C_YGER::paired_mea64c::20170622_patch2::HerdingSpikes2::16,PAIRED_MEA64C_YGER::paired_mea64c::20170622_patch2,PAIRED_MEA64C_YGER,0.18683274021352314,0.10882696,0.07800578257049107
main,fpos,embed_nommd_fullctx_lightgbm,embedding_stack,lightgbm,PAIRED_MEA64C_YGER::paired_mea64c::20170622_patch2::HerdingSpikes2::44,PAIRED_MEA64C_YGER::paired_mea64c::20170622_patch2,PAIRED_MEA64C_YGER,0.4028520499108734,0.11860273,0.28424931957706834
main,fpos,embed_nommd_fullctx_lightgbm,embedding_stack,lightgbm,PAIRED_MEA64C_YGER::paired_mea64c::20170622_patch2::HerdingSpikes2::5,PAIRED_MEA64C_YGER::paired_mea64c::20170622_patch2,PAIRED_MEA64C_YGER,0.06115992970123023,0.0060346806,0.05512524905904263
main,fpos,embed_nommd_fullctx_lightgbm,embedding_stack,lightgbm,PAIRED_MEA64C_YGER::paired_mea64c::20170622_patch2::IronClust::11,PAIRED_MEA64C_YGER::paired_mea64c::20170622_patch2,PAIRED_MEA64C_YGER,0.061366806136680614,0.0049809413,0.056385864833606254
main,fpos,embed_nommd_fullctx_lightgbm,embedding_stack,lightgbm,PAIRED_MEA64C_YGER::paired_mea64c::20170622_patch2::JRClust::31,PAIRED_MEA64C_YGER::paired_mea64c::20170622_patch2,PAIRED_MEA64C_YGER,0.06118881118881119,0.0037137629,0.05747504833551658
main,fpos,embed_nommd_fullctx_lightgbm,embedding_stack,lightgbm,PAIRED_MEA64C_YGER::paired_mea64c::20170622_patch2::KiloSort2::33,PAIRED_MEA64C_YGER::paired_mea64c::20170622_patch2,PAIRED_MEA64C_YGER,0.061409630146545706,0.0039778054,0.05743182477049285
main,fpos,embed_nommd_fullctx_lightgbm,embedding_stack,lightgbm,PAIRED_MEA64C_YGER::paired_mea64c::20170622_patch2::KiloSort::5,PAIRED_MEA64C_YGER::paired_mea64c::20170622_patch2,PAIRED_MEA64C_YGER,0.06143106457242583,0.005612125,0.05581893941784118
main,fpos,embed_nommd_fullctx_lightgbm,embedding_stack,lightgbm,PAIRED_MEA64C_YGER::paired_mea64c::20170622_patch2::Klusta::14,PAIRED_MEA64C_YGER::paired_mea64c::20170622_patch2,PAIRED_MEA64C_YGER,0.05860349127182045,0.0033535154,0.05524997586474993
main,fpos,embed_nommd_fullctx_lightgbm,embedding_stack,lightgbm,PAIRED_MEA64C_YGER::paired_mea64c::20170622_patch2::MountainSort4::31,PAIRED_MEA64C_YGER::paired_mea64c::20170622_patch2,PAIRED_MEA64C_YGER,0.07713404182379156,0.014577242,0.06255680020933062
main,fpos,embed_nommd_fullctx_lightgbm,embedding_stack,lightgbm,PAIRED_MEA64C_YGER::paired_mea64c::20170622_patch2::SpykingCircus::17,PAIRED_MEA64C_YGER::paired_mea64c::20170622_patch2,PAIRED_MEA64C_YGER,0.061366806136680614,0.004422863,0.05694394312263824
main,fpos,embed_nommd_fullctx_lightgbm,embedding_stack,lightgbm,PAIRED_MEA64C_YGER::paired_mea64c::20170622_patch2::Tridesclous::0,PAIRED_MEA64C_YGER::paired_mea64c::20170622_patch2,PAIRED_MEA64C_YGER,0.061366806136680614,0.005197402,0.0561694040468464
main,fpos,embed_nommd_fullctx_xgboost,embedding_stack,xgboost,PAIRED_BOYDEN::paired_boyden32c::1103_1_1::IronClust::4,PAIRED_BOYDEN::paired_boyden32c::1103_1_1,PAIRED_BOYDEN,0.11363636363636363,0.1570334,0.04339703511108052
main,fpos,embed_nommd_fullctx_xgboost,embedding_stack,xgboost,PAIRED_BOYDEN::paired_boyden32c::1103_1_1::JRClust::18,PAIRED_BOYDEN::paired_boyden32c::1103_1_1,PAIRED_BOYDEN,0.26138147566718994,0.28785285,0.02647137786941589
main,fpos,embed_nommd_fullctx_xgboost,embedding_stack,xgboost,PAIRED_BOYDEN::paired_boyden32c::1103_1_1::KiloSort2::33,PAIRED_BOYDEN::paired_boyden32c::1103_1_1,PAIRED_BOYDEN,0.17066290550070523,0.12344266,0.04722024820881604
main,fpos,embed_nommd_fullctx_xgboost,embedding_stack,xgboost,PAIRED_BOYDEN::paired_boyden32c::1103_1_1::KiloSort2::55,PAIRED_BOYDEN::paired_boyden32c::1103_1_1,PAIRED_BOYDEN,0.3333333333333333,0.23721866,0.0961146702369054
main,fpos,embed_nommd_fullctx_xgboost,embedding_stack,xgboost,PAIRED_BOYDEN::paired_boyden32c::1103_1_1::KiloSort2::60,PAIRED_BOYDEN::paired_boyden32c::1103_1_1,PAIRED_BOYDEN,0.15878378378378377,0.10656155,0.05222223477589116
main,fpos,embed_nommd_fullctx_xgboost,embedding_stack,xgboost,PAIRED_BOYDEN::paired_boyden32c::1103_1_1::KiloSort::111,PAIRED_BOYDEN::paired_boyden32c::1103_1_1,PAIRED_BOYDEN,0.11241007194244604,0.19471723,0.08230715647018214
main,fpos,embed_nommd_fullctx_xgboost,embedding_stack,xgboost,PAIRED_BOYDEN::paired_boyden32c::1103_1_1::Klusta::12,PAIRED_BOYDEN::paired_boyden32c::1103_1_1,PAIRED_BOYDEN,0.156686626746507,0.20714912,0.050462491438536344
main,fpos,embed_nommd_fullctx_xgboost,embedding_stack,xgboost,PAIRED_BOYDEN::paired_boyden32c::1103_1_1::MountainSort4::26,PAIRED_BOYDEN::paired_boyden32c::1103_1_1,PAIRED_BOYDEN,0.30532212885154064,0.31543547,0.010113340299002571
main,fpos,embed_nommd_fullctx_xgboost,embedding_stack,xgboost,PAIRED_BOYDEN::paired_boyden32c::1103_1_1::SpykingCircus::27,PAIRED_BOYDEN::paired_boyden32c::1103_1_1,PAIRED_BOYDEN,0.12258064516129032,0.21028799,0.08770734302459225
main,fpos,embed_nommd_fullctx_xgboost,embedding_stack,xgboost,PAIRED_BOYDEN::paired_boyden32c::1103_1_1::Tridesclous::3,PAIRED_BOYDEN::paired_boyden32c::1103_1_1,PAIRED_BOYDEN,0.2613268608414239,0.25841975,0.002907108720452245
main,fpos,embed_nommd_fullctx_xgboost,embedding_stack,xgboost,PAIRED_BOYDEN::paired_boyden32c::419_1_8::IronClust::14,PAIRED_BOYDEN::paired_boyden32c::419_1_8,PAIRED_BOYDEN,0.0663265306122449,0.03409058,0.03223595205618411
main,fpos,embed_nommd_fullctx_xgboost,embedding_stack,xgboost,PAIRED_BOYDEN::paired_boyden32c::419_1_8::IronClust::4,PAIRED_BOYDEN::paired_boyden32c::419_1_8,PAIRED_BOYDEN,0.05829903978052126,0.07570494,0.017405899882888924
main,fpos,embed_nommd_fullctx_xgboost,embedding_stack,xgboost,PAIRED_BOYDEN::paired_boyden32c::419_1_8::JRClust::24,PAIRED_BOYDEN::paired_boyden32c::419_1_8,PAIRED_BOYDEN,0.08062093139709564,0.029566633,0.05105429881335827
main,fpos,embed_nommd_fullctx_xgboost,embedding_stack,xgboost,PAIRED_BOYDEN::paired_boyden32c::419_1_8::JRClust::8,PAIRED_BOYDEN::paired_boyden32c::419_1_8,PAIRED_BOYDEN,0.03907637655417407,0.05802909,0.018952712568836565
main,fpos,embed_nommd_fullctx_xgboost,embedding_stack,xgboost,PAIRED_BOYDEN::paired_boyden32c::419_1_8::KiloSort2::27,PAIRED_BOYDEN::paired_boyden32c::419_1_8,PAIRED_BOYDEN,0.1342059838895282,0.08352416,0.05068182380241959
main,fpos,embed_nommd_fullctx_xgboost,embedding_stack,xgboost,PAIRED_BOYDEN::paired_boyden32c::419_1_8::KiloSort2::46,PAIRED_BOYDEN::paired_boyden32c::419_1_8,PAIRED_BOYDEN,0.02341480088873697,0.026727606,0.003312804722348923
main,fpos,embed_nommd_fullctx_xgboost,embedding_stack,xgboost,PAIRED_BOYDEN::paired_boyden32c::419_1_8::KiloSort::17,PAIRED_BOYDEN::paired_boyden32c::419_1_8,PAIRED_BOYDEN,0.06424161521775405,0.037723966,0.026517649274894403
main,fpos,embed_nommd_fullctx_xgboost,embedding_stack,xgboost,PAIRED_BOYDEN::paired_boyden32c::419_1_8::MountainSort4::42,PAIRED_BOYDEN::paired_boyden32c::419_1_8,PAIRED_BOYDEN,0.16482219271063892,0.13422886,0.030593337339163695
main,fpos,embed_nommd_fullctx_xgboost,embedding_stack,xgboost,PAIRED_BOYDEN::paired_boyden32c::419_1_8::SpykingCircus::24,PAIRED_BOYDEN::paired_boyden32c::419_1_8,PAIRED_BOYDEN,0.24721080446271285,0.1431949,0.1040159054997383
main,fpos,embed_nommd_fullctx_xgboost,embedding_stack,xgboost,PAIRED_BOYDEN::paired_boyden32c::419_1_8::SpykingCircus::28,PAIRED_BOYDEN::paired_boyden32c::419_1_8,PAIRED_BOYDEN,0.029543112332531776,0.03356904,0.004025929307034645
main,fpos,embed_nommd_fullctx_xgboost,embedding_stack,xgboost,PAIRED_BOYDEN::paired_boyden32c::419_1_8::Tridesclous::0,PAIRED_BOYDEN::paired_boyden32c::419_1_8,PAIRED_BOYDEN,0.15585806056898133,0.12711078,0.02874728128355042
main,fpos,embed_nommd_fullctx_xgboost,embedding_stack,xgboost,PAIRED_CRCNS_HC1::paired_crcns::d11221_d11221.001::SpykingCircus::6,PAIRED_CRCNS_HC1::paired_crcns::d11221_d11221.001,PAIRED_CRCNS_HC1,0.8835978835978836,0.47594562,0.4076522618689865
main,fpos,embed_nommd_fullctx_xgboost,embedding_stack,xgboost,PAIRED_CRCNS_HC1::paired_crcns::d11222_d11222.002::IronClust::2,PAIRED_CRCNS_HC1::paired_crcns::d11222_d11222.002,PAIRED_CRCNS_HC1,0.04466019417475728,0.27561605,0.23095585559178325
main,fpos,embed_nommd_fullctx_xgboost,embedding_stack,xgboost,PAIRED_CRCNS_HC1::paired_crcns::d11222_d11222.002::JRClust::3,PAIRED_CRCNS_HC1::paired_crcns::d11222_d11222.002,PAIRED_CRCNS_HC1,0.039337474120082816,0.07336578,0.034028303610858956
main,fpos,embed_nommd_fullctx_xgboost,embedding_stack,xgboost,PAIRED_CRCNS_HC1::paired_crcns::d11222_d11222.002::KiloSort2::10,PAIRED_CRCNS_HC1::paired_crcns::d11222_d11222.002,PAIRED_CRCNS_HC1,0.550417469492614,0.09834023,0.45207724129265525
main,fpos,embed_nommd_fullctx_xgboost,embedding_stack,xgboost,PAIRED_CRCNS_HC1::paired_crcns::d11222_d11222.002::KiloSort::1,PAIRED_CRCNS_HC1::paired_crcns::d11222_d11222.002,PAIRED_CRCNS_HC1,0.03337783711615487,0.11606933,0.08269149464902
main,fpos,embed_nommd_fullctx_xgboost,embedding_stack,xgboost,PAIRED_CRCNS_HC1::paired_crcns::d11222_d11222.002::Klusta::2,PAIRED_CRCNS_HC1::paired_crcns::d11222_d11222.002,PAIRED_CRCNS_HC1,0.008777852802160702,0.10284916,0.09407131031286387
main,fpos,embed_nommd_fullctx_xgboost,embedding_stack,xgboost,PAIRED_CRCNS_HC1::paired_crcns::d11222_d11222.002::MountainSort4::4,PAIRED_CRCNS_HC1::paired_crcns::d11222_d11222.002,PAIRED_CRCNS_HC1,0.360427807486631,0.29424465,0.06618316046056899
main,fpos,embed_nommd_fullctx_xgboost,embedding_stack,xgboost,PAIRED_CRCNS_HC1::paired_crcns::d11222_d11222.002::SpykingCircus::4,PAIRED_CRCNS_HC1::paired_crcns::d11222_d11222.002,PAIRED_CRCNS_HC1,0.11986754966887417,0.105321765,0.014545784722890281
main,fpos,embed_nommd_fullctx_xgboost,embedding_stack,xgboost,PAIRED_CRCNS_HC1::paired_crcns::d11222_d11222.002::Tridesclous::0,PAIRED_CRCNS_HC1::paired_crcns::d11222_d11222.002,PAIRED_CRCNS_HC1,0.021164021164021163,0.1507253,0.12956128391639266
main,fpos,embed_nommd_fullctx_xgboost,embedding_stack,xgboost,PAIRED_ENGLISH::paired_english::m139_200114_191955::KiloSort2::25,PAIRED_ENGLISH::paired_english::m139_200114_191955,PAIRED_ENGLISH,0.7302739726027397,0.21608736,0.5141866163929848
main,fpos,embed_nommd_fullctx_xgboost,embedding_stack,xgboost,PAIRED_ENGLISH::paired_english::m139_200114_191955::MountainSort4::36,PAIRED_ENGLISH::paired_english::m139_200114_191955,PAIRED_ENGLISH,0.8735255086994986,0.43858686,0.43493864780434177
main,fpos,embed_nommd_fullctx_xgboost,embedding_stack,xgboost,PAIRED_ENGLISH::paired_english::m139_200114_191955::SpykingCircus::42,PAIRED_ENGLISH::paired_english::m139_200114_191955,PAIRED_ENGLISH,0.5584045584045584,0.25863042,0.2997741336666281
main,fpos,embed_nommd_fullctx_xgboost,embedding_stack,xgboost,PAIRED_ENGLISH::paired_english::m139_200114_222743::HerdingSpikes2::5,PAIRED_ENGLISH::paired_english::m139_200114_222743,PAIRED_ENGLISH,0.03257707969749855,0.25986084,0.22728376372253015
main,fpos,embed_nommd_fullctx_xgboost,embedding_stack,xgboost,PAIRED_ENGLISH::paired_english::m139_200114_222743::IronClust::17,PAIRED_ENGLISH::paired_english::m139_200114_222743,PAIRED_ENGLISH,0.02675196277987787,0.17414178,0.14738981676209142
main,fpos,embed_nommd_fullctx_xgboost,embedding_stack,xgboost,PAIRED_ENGLISH::paired_english::m139_200114_222743::KiloSort2::26,PAIRED_ENGLISH::paired_english::m139_200114_222743,PAIRED_ENGLISH,0.028645087367516472,0.17909506,0.15044997226573853
main,fpos,embed_nommd_fullctx_xgboost,embedding_stack,xgboost,PAIRED_ENGLISH::paired_english::m139_200114_222743::KiloSort::88,PAIRED_ENGLISH::paired_english::m139_200114_222743,PAIRED_ENGLISH,0.015151515151515152,0.22853501,0.21338349625919806
main,fpos,embed_nommd_fullctx_xgboost,embedding_stack,xgboost,PAIRED_ENGLISH::paired_english::m139_200114_222743::MountainSort4::46,PAIRED_ENGLISH::paired_english::m139_200114_222743,PAIRED_ENGLISH,0.039886039886039885,0.3652083,0.3253222580818709
main,fpos,embed_nommd_fullctx_xgboost,embedding_stack,xgboost,PAIRED_ENGLISH::paired_english::m139_200114_222743::SpykingCircus::44,PAIRED_ENGLISH::paired_english::m139_200114_222743,PAIRED_ENGLISH,0.028064146620847653,0.17980541,0.15174126626767925
main,fpos,embed_nommd_fullctx_xgboost,embedding_stack,xgboost,PAIRED_ENGLISH::paired_english::m139_200114_222743::Tridesclous::1,PAIRED_ENGLISH::paired_english::m139_200114_222743,PAIRED_ENGLISH,0.3089646722483153,0.3097143,0.0007496152711396475
main,fpos,embed_nommd_fullctx_xgboost,embedding_stack,xgboost,PAIRED_ENGLISH::paired_english::m14_190326_155432::IronClust::22,PAIRED_ENGLISH::paired_english::m14_190326_155432,PAIRED_ENGLISH,0.0481651376146789,0.04115096,0.007014176543426079
main,fpos,embed_nommd_fullctx_xgboost,embedding_stack,xgboost,PAIRED_ENGLISH::paired_english::m14_190326_155432::MountainSort4::33,PAIRED_ENGLISH::paired_english::m14_190326_155432,PAIRED_ENGLISH,0.1981651376146789,0.3812416,0.18307645216994328
main,fpos,embed_nommd_fullctx_xgboost,embedding_stack,xgboost,PAIRED_ENGLISH::paired_english::m14_190326_155432::SpykingCircus::38,PAIRED_ENGLISH::paired_english::m14_190326_155432,PAIRED_ENGLISH,0.013363028953229399,0.049335625,0.03597259606942037
main,fpos,embed_nommd_fullctx_xgboost,embedding_stack,xgboost,PAIRED_ENGLISH::paired_english::m15_190315_142052_cell1::IronClust::40,PAIRED_ENGLISH::paired_english::m15_190315_142052_cell1,PAIRED_ENGLISH,0.2679960401640503,0.35855114,0.09055510443586423
main,fpos,embed_nommd_fullctx_xgboost,embedding_stack,xgboost,PAIRED_ENGLISH::paired_english::m15_190315_142052_cell1::KiloSort2::48,PAIRED_ENGLISH::paired_english::m15_190315_142052_cell1,PAIRED_ENGLISH,0.8627861694595232,0.4536226,0.4091635600826159
main,fpos,embed_nommd_fullctx_xgboost,embedding_stack,xgboost,PAIRED_ENGLISH::paired_english::m15_190315_142052_cell1::MountainSort4::62,PAIRED_ENGLISH::paired_english::m15_190315_142052_cell1,PAIRED_ENGLISH,0.8769885383524361,0.45117143,0.4258171103872719
main,fpos,embed_nommd_fullctx_xgboost,embedding_stack,xgboost,PAIRED_ENGLISH::paired_english::m15_190315_142052_cell1::MountainSort4::64,PAIRED_ENGLISH::paired_english::m15_190315_142052_cell1,PAIRED_ENGLISH,0.14704761904761904,0.17228311,0.02523549395515806
main,fpos,embed_nommd_fullctx_xgboost,embedding_stack,xgboost,PAIRED_ENGLISH::paired_english::m15_190315_142052_cell1::SpykingCircus::22,PAIRED_ENGLISH::paired_english::m15_190315_142052_cell1,PAIRED_ENGLISH,0.23500526131182042,0.56193274,0.3269274812838522
main,fpos,embed_nommd_fullctx_xgboost,embedding_stack,xgboost,PAIRED_ENGLISH::paired_english::m15_190315_142052_cell1::SpykingCircus::57,PAIRED_ENGLISH::paired_english::m15_190315_142052_cell1,PAIRED_ENGLISH,0.6499202551834131,0.39170262,0.25821763300819645
main,fpos,embed_nommd_fullctx_xgboost,embedding_stack,xgboost,PAIRED_ENGLISH::paired_english::m15_190315_152315_cell1::IronClust::35,PAIRED_ENGLISH::paired_english::m15_190315_152315_cell1,PAIRED_ENGLISH,0.002592440987856461,0.031325284,0.028732843403785156
main,fpos,embed_nommd_fullctx_xgboost,embedding_stack,xgboost,PAIRED_ENGLISH::paired_english::m15_190315_152315_cell1::KiloSort2::37,PAIRED_ENGLISH::paired_english::m15_190315_152315_cell1,PAIRED_ENGLISH,0.00039059957034047265,0.03561412,0.03522352213495318
main,fpos,embed_nommd_fullctx_xgboost,embedding_stack,xgboost,PAIRED_ENGLISH::paired_english::m15_190315_152315_cell1::KiloSort::1,PAIRED_ENGLISH::paired_english::m15_190315_152315_cell1,PAIRED_ENGLISH,6.528267397832615e-05,0.02967522,0.029609936534023763
main,fpos,embed_nommd_fullctx_xgboost,embedding_stack,xgboost,PAIRED_ENGLISH::paired_english::m15_190315_152315_cell1::MountainSort4::72,PAIRED_ENGLISH::paired_english::m15_190315_152315_cell1,PAIRED_ENGLISH,0.052174468356855484,0.089191854,0.03701738564323607
main,fpos,embed_nommd_fullctx_xgboost,embedding_stack,xgboost,PAIRED_ENGLISH::paired_english::m15_190315_152315_cell1::SpykingCircus::46,PAIRED_ENGLISH::paired_english::m15_190315_152315_cell1,PAIRED_ENGLISH,0.010891280531030483,0.029557824,0.018666543603796177
main,fpos,embed_nommd_fullctx_xgboost,embedding_stack,xgboost,PAIRED_ENGLISH::paired_english::m15_190315_152315_cell1::Tridesclous::0,PAIRED_ENGLISH::paired_english::m15_190315_152315_cell1,PAIRED_ENGLISH,0.8482136225209834,0.27782503,0.5703885948167445
main,fpos,embed_nommd_fullctx_xgboost,embedding_stack,xgboost,PAIRED_ENGLISH::paired_english::m26_190524_100859_cell1::KiloSort2::0,PAIRED_ENGLISH::paired_english::m26_190524_100859_cell1,PAIRED_ENGLISH,0.38315988647114474,0.31662038,0.06653950678478915
main,fpos,embed_nommd_fullctx_xgboost,embedding_stack,xgboost,PAIRED_ENGLISH::paired_english::m26_190524_100859_cell1::KiloSort::19,PAIRED_ENGLISH::paired_english::m26_190524_100859_cell1,PAIRED_ENGLISH,0.2440677966101695,0.19425994,0.049807855032258125
main,fpos,embed_nommd_fullctx_xgboost,embedding_stack,xgboost,PAIRED_ENGLISH::paired_english::m26_190524_100859_cell1::KiloSort::8,PAIRED_ENGLISH::paired_english::m26_190524_100859_cell1,PAIRED_ENGLISH,0.6505139500734214,0.35343987,0.2970740825769309
main,fpos,embed_nommd_fullctx_xgboost,embedding_stack,xgboost,PAIRED_ENGLISH::paired_english::m57_191105_141906::IronClust::6,PAIRED_ENGLISH::paired_english::m57_191105_141906,PAIRED_ENGLISH,0.31826625386996904,0.3202224,0.001956153709452957
main,fpos,embed_nommd_fullctx_xgboost,embedding_stack,xgboost,PAIRED_ENGLISH::paired_english::m57_191105_141906::KiloSort::47,PAIRED_ENGLISH::paired_english::m57_191105_141906,PAIRED_ENGLISH,0.35376344086021505,0.34130466,0.012458781016770226
main,fpos,embed_nommd_fullctx_xgboost,embedding_stack,xgboost,PAIRED_ENGLISH::paired_english::m57_191105_141906::MountainSort4::21,PAIRED_ENGLISH::paired_english::m57_191105_141906,PAIRED_ENGLISH,0.3323335332933413,0.49720693,0.16487339305248389
main,fpos,embed_nommd_fullctx_xgboost,embedding_stack,xgboost,PAIRED_ENGLISH::paired_english::m57_191105_141906::MountainSort4::57,PAIRED_ENGLISH::paired_english::m57_191105_141906,PAIRED_ENGLISH,0.23853211009174313,0.3162423,0.07771019733280216
main,fpos,embed_nommd_fullctx_xgboost,embedding_stack,xgboost,PAIRED_ENGLISH::paired_english::m57_191105_141906::SpykingCircus::12,PAIRED_ENGLISH::paired_english::m57_191105_141906,PAIRED_ENGLISH,0.3535228677379481,0.24256568,0.11095719116800945
main,fpos,embed_nommd_fullctx_xgboost,embedding_stack,xgboost,PAIRED_ENGLISH::paired_english::m57_191105_141906::SpykingCircus::30,PAIRED_ENGLISH::paired_english::m57_191105_141906,PAIRED_ENGLISH,0.2040332147093713,0.20700872,0.0029755047349036
main,fpos,embed_nommd_fullctx_xgboost,embedding_stack,xgboost,PAIRED_ENGLISH::paired_english::m57_191105_160026::HerdingSpikes2::1,PAIRED_ENGLISH::paired_english::m57_191105_160026,PAIRED_ENGLISH,0.13630229419703105,0.3651854,0.22888311558728597
main,fpos,embed_nommd_fullctx_xgboost,embedding_stack,xgboost,PAIRED_ENGLISH::paired_english::m57_191105_160026::IronClust::2,PAIRED_ENGLISH::paired_english::m57_191105_160026,PAIRED_ENGLISH,0.5044008124576845,0.26953486,0.23486595637667562
main,fpos,embed_nommd_fullctx_xgboost,embedding_stack,xgboost,PAIRED_ENGLISH::paired_english::m57_191105_160026::IronClust::3,PAIRED_ENGLISH::paired_english::m57_191105_160026,PAIRED_ENGLISH,0.05838815789473684,0.34713307,0.2887449123357472
main,fpos,embed_nommd_fullctx_xgboost,embedding_stack,xgboost,PAIRED_ENGLISH::paired_english::m57_191105_160026::KiloSort::127,PAIRED_ENGLISH::paired_english::m57_191105_160026,PAIRED_ENGLISH,0.5003422313483915,0.19508913,0.3052530997546873
main,fpos,embed_nommd_fullctx_xgboost,embedding_stack,xgboost,PAIRED_ENGLISH::paired_english::m57_191105_160026::KiloSort::6,PAIRED_ENGLISH::paired_english::m57_191105_160026,PAIRED_ENGLISH,0.02531645569620253,0.26695704,0.2416405889052379
main,fpos,embed_nommd_fullctx_xgboost,embedding_stack,xgboost,PAIRED_ENGLISH::paired_english::m57_191105_160026::MountainSort4::23,PAIRED_ENGLISH::paired_english::m57_191105_160026,PAIRED_ENGLISH,0.6737967914438503,0.21803248,0.45576431215765645
main,fpos,embed_nommd_fullctx_xgboost,embedding_stack,xgboost,PAIRED_ENGLISH::paired_english::m57_191105_160026::MountainSort4::25,PAIRED_ENGLISH::paired_english::m57_191105_160026,PAIRED_ENGLISH,0.14568081991215226,0.25804672,0.11236589653949264
main,fpos,embed_nommd_fullctx_xgboost,embedding_stack,xgboost,PAIRED_ENGLISH::paired_english::m57_191105_160026::SpykingCircus::2,PAIRED_ENGLISH::paired_english::m57_191105_160026,PAIRED_ENGLISH,0.6860282574568289,0.45625928,0.2297689770136374
main,fpos,embed_nommd_fullctx_xgboost,embedding_stack,xgboost,PAIRED_ENGLISH::paired_english::m57_191105_160026::SpykingCircus::4,PAIRED_ENGLISH::paired_english::m57_191105_160026,PAIRED_ENGLISH,0.056790123456790124,0.31155324,0.25476311636559756
main,fpos,embed_nommd_fullctx_xgboost,embedding_stack,xgboost,PAIRED_ENGLISH::paired_english::m57_191105_160026::Tridesclous::0,PAIRED_ENGLISH::paired_english::m57_191105_160026,PAIRED_ENGLISH,0.8589226823012093,0.5153983,0.3435243587652901
main,fpos,embed_nommd_fullctx_xgboost,embedding_stack,xgboost,PAIRED_KAMPFF::paired_kampff::c14::HerdingSpikes2::6,PAIRED_KAMPFF::paired_kampff::c14,PAIRED_KAMPFF,0.25090444775484144,0.11917203,0.1317324185576254
main,fpos,embed_nommd_fullctx_xgboost,embedding_stack,xgboost,PAIRED_KAMPFF::paired_kampff::c14::IronClust::22,PAIRED_KAMPFF::paired_kampff::c14,PAIRED_KAMPFF,0.2240655987795576,0.15396306,0.07010253959262217
main,fpos,embed_nommd_fullctx_xgboost,embedding_stack,xgboost,PAIRED_KAMPFF::paired_kampff::c14::KiloSort2::37,PAIRED_KAMPFF::paired_kampff::c14,PAIRED_KAMPFF,0.23899885489939474,0.088655725,0.15034312977789663
main,fpos,embed_nommd_fullctx_xgboost,embedding_stack,xgboost,PAIRED_KAMPFF::paired_kampff::c14::MountainSort4::42,PAIRED_KAMPFF::paired_kampff::c14,PAIRED_KAMPFF,0.031842105263157894,0.03839157,0.006549466228798817
main,fpos,embed_nommd_fullctx_xgboost,embedding_stack,xgboost,PAIRED_KAMPFF::paired_kampff::c14::SpykingCircus::14,PAIRED_KAMPFF::paired_kampff::c14,PAIRED_KAMPFF,0.0993841579953281,0.09322963,0.006154528895959049
main,fpos,embed_nommd_fullctx_xgboost,embedding_stack,xgboost,PAIRED_KAMPFF::paired_kampff::c14::Tridesclous::8,PAIRED_KAMPFF::paired_kampff::c14,PAIRED_KAMPFF,0.7298130782302221,0.42236355,0.30744952875932063
main,fpos,embed_nommd_fullctx_xgboost,embedding_stack,xgboost,PAIRED_MEA64C_YGER::paired_mea64c::20170622_patch1::HerdingSpikes2::19,PAIRED_MEA64C_YGER::paired_mea64c::20170622_patch1,PAIRED_MEA64C_YGER,0.3048016701461378,0.32933363,0.02453196303829519
main,fpos,embed_nommd_fullctx_xgboost,embedding_stack,xgboost,PAIRED_MEA64C_YGER::paired_mea64c::20170622_patch1::HerdingSpikes2::7,PAIRED_MEA64C_YGER::paired_mea64c::20170622_patch1,PAIRED_MEA64C_YGER,0.006430868167202572,0.020548487,0.014117618914921184
main,fpos,embed_nommd_fullctx_xgboost,embedding_stack,xgboost,PAIRED_MEA64C_YGER::paired_mea64c::20170622_patch1::IronClust::8,PAIRED_MEA64C_YGER::paired_mea64c::20170622_patch1,PAIRED_MEA64C_YGER,0.32512992968511156,0.15754978,0.1675801460976558
main,fpos,embed_nommd_fullctx_xgboost,embedding_stack,xgboost,PAIRED_MEA64C_YGER::paired_mea64c::20170622_patch1::KiloSort2::23,PAIRED_MEA64C_YGER::paired_mea64c::20170622_patch1,PAIRED_MEA64C_YGER,0.0,0.013055238,0.01305523794144392
main,fpos,embed_nommd_fullctx_xgboost,embedding_stack,xgboost,PAIRED_MEA64C_YGER::paired_mea64c::20170622_patch1::KiloSort::64,PAIRED_MEA64C_YGER::paired_mea64c::20170622_patch1,PAIRED_MEA64C_YGER,0.00022805017103762827,0.012902534,0.012674483464459464
main,fpos,embed_nommd_fullctx_xgboost,embedding_stack,xgboost,PAIRED_MEA64C_YGER::paired_mea64c::20170622_patch1::Klusta::4,PAIRED_MEA64C_YGER::paired_mea64c::20170622_patch1,PAIRED_MEA64C_YGER,0.0050424628450106155,0.018751387,0.013708923708038473
main,fpos,embed_nommd_fullctx_xgboost,embedding_stack,xgboost,PAIRED_MEA64C_YGER::paired_mea64c::20170622_patch1::MountainSort4::43,PAIRED_MEA64C_YGER::paired_mea64c::20170622_patch1,PAIRED_MEA64C_YGER,0.0040494938132733405,0.019599281,0.015549787438157171
main,fpos,embed_nommd_fullctx_xgboost,embedding_stack,xgboost,PAIRED_MEA64C_YGER::paired_mea64c::20170622_patch1::SpykingCircus::18,PAIRED_MEA64C_YGER::paired_mea64c::20170622_patch1,PAIRED_MEA64C_YGER,0.00022079929344226098,0.007980264,0.0077594644985360985
main,fpos,embed_nommd_fullctx_xgboost,embedding_stack,xgboost,PAIRED_MEA64C_YGER::paired_mea64c::20170622_patch1::Tridesclous::12,PAIRED_MEA64C_YGER::paired_mea64c::20170622_patch1,PAIRED_MEA64C_YGER,0.013830024537140308,0.017106583,0.003276558804815831
main,fpos,embed_nommd_fullctx_xgboost,embedding_stack,xgboost,PAIRED_MEA64C_YGER::paired_mea64c::20170622_patch2::HerdingSpikes2::16,PAIRED_MEA64C_YGER::paired_mea64c::20170622_patch2,PAIRED_MEA64C_YGER,0.18683274021352314,0.20603672,0.01920397648607708
main,fpos,embed_nommd_fullctx_xgboost,embedding_stack,xgboost,PAIRED_MEA64C_YGER::paired_mea64c::20170622_patch2::HerdingSpikes2::44,PAIRED_MEA64C_YGER::paired_mea64c::20170622_patch2,PAIRED_MEA64C_YGER,0.4028520499108734,0.11439526,0.28845678910002137
main,fpos,embed_nommd_fullctx_xgboost,embedding_stack,xgboost,PAIRED_MEA64C_YGER::paired_mea64c::20170622_patch2::HerdingSpikes2::5,PAIRED_MEA64C_YGER::paired_mea64c::20170622_patch2,PAIRED_MEA64C_YGER,0.06115992970123023,0.0015693174,0.05959061228028566
main,fpos,embed_nommd_fullctx_xgboost,embedding_stack,xgboost,PAIRED_MEA64C_YGER::paired_mea64c::20170622_patch2::IronClust::11,PAIRED_MEA64C_YGER::paired_mea64c::20170622_patch2,PAIRED_MEA64C_YGER,0.061366806136680614,0.00095733907,0.06040946706594325
main,fpos,embed_nommd_fullctx_xgboost,embedding_stack,xgboost,PAIRED_MEA64C_YGER::paired_mea64c::20170622_patch2::JRClust::31,PAIRED_MEA64C_YGER::paired_mea64c::20170622_patch2,PAIRED_MEA64C_YGER,0.06118881118881119,0.00067608093,0.060512730255039164
main,fpos,embed_nommd_fullctx_xgboost,embedding_stack,xgboost,PAIRED_MEA64C_YGER::paired_mea64c::20170622_patch2::KiloSort2::33,PAIRED_MEA64C_YGER::paired_mea64c::20170622_patch2,PAIRED_MEA64C_YGER,0.061409630146545706,0.0009950214,0.060414608716701505
main,fpos,embed_nommd_fullctx_xgboost,embedding_stack,xgboost,PAIRED_MEA64C_YGER::paired_mea64c::20170622_patch2::KiloSort::5,PAIRED_MEA64C_YGER::paired_mea64c::20170622_patch2,PAIRED_MEA64C_YGER,0.06143106457242583,0.002831482,0.05859958247678195
main,fpos,embed_nommd_fullctx_xgboost,embedding_stack,xgboost,PAIRED_MEA64C_YGER::paired_mea64c::20170622_patch2::Klusta::14,PAIRED_MEA64C_YGER::paired_mea64c::20170622_patch2,PAIRED_MEA64C_YGER,0.05860349127182045,0.0009678819,0.057635609396707796
main,fpos,embed_nommd_fullctx_xgboost,embedding_stack,xgboost,PAIRED_MEA64C_YGER::paired_mea64c::20170622_patch2::MountainSort4::31,PAIRED_MEA64C_YGER::paired_mea64c::20170622_patch2,PAIRED_MEA64C_YGER,0.07713404182379156,0.0071354513,0.06999859051813394
main,fpos,embed_nommd_fullctx_xgboost,embedding_stack,xgboost,PAIRED_MEA64C_YGER::paired_mea64c::20170622_patch2::SpykingCircus::17,PAIRED_MEA64C_YGER::paired_mea64c::20170622_patch2,PAIRED_MEA64C_YGER,0.061366806136680614,0.000843021,0.060523785165747475
main,fpos,embed_nommd_fullctx_xgboost,embedding_stack,xgboost,PAIRED_MEA64C_YGER::paired_mea64c::20170622_patch2::Tridesclous::0,PAIRED_MEA64C_YGER::paired_mea64c::20170622_patch2,PAIRED_MEA64C_YGER,0.061366806136680614,0.0015480673,0.059818738819336366
main,fpos,latent_summary_fullctx_lightgbm,latent_summary_stack,lightgbm,PAIRED_BOYDEN::paired_boyden32c::1103_1_1::IronClust::4,PAIRED_BOYDEN::paired_boyden32c::1103_1_1,PAIRED_BOYDEN,0.11363636363636363,0.22414447,0.11050811003554951
main,fpos,latent_summary_fullctx_lightgbm,latent_summary_stack,lightgbm,PAIRED_BOYDEN::paired_boyden32c::1103_1_1::JRClust::18,PAIRED_BOYDEN::paired_boyden32c::1103_1_1,PAIRED_BOYDEN,0.26138147566718994,0.35647273,0.09509125496940674
main,fpos,latent_summary_fullctx_lightgbm,latent_summary_stack,lightgbm,PAIRED_BOYDEN::paired_boyden32c::1103_1_1::KiloSort2::33,PAIRED_BOYDEN::paired_boyden32c::1103_1_1,PAIRED_BOYDEN,0.17066290550070523,0.31013224,0.13946932978791476
main,fpos,latent_summary_fullctx_lightgbm,latent_summary_stack,lightgbm,PAIRED_BOYDEN::paired_boyden32c::1103_1_1::KiloSort2::55,PAIRED_BOYDEN::paired_boyden32c::1103_1_1,PAIRED_BOYDEN,0.3333333333333333,0.25157157,0.08176176746686298
main,fpos,latent_summary_fullctx_lightgbm,latent_summary_stack,lightgbm,PAIRED_BOYDEN::paired_boyden32c::1103_1_1::KiloSort2::60,PAIRED_BOYDEN::paired_boyden32c::1103_1_1,PAIRED_BOYDEN,0.15878378378378377,0.16672291,0.007939124832282207
main,fpos,latent_summary_fullctx_lightgbm,latent_summary_stack,lightgbm,PAIRED_BOYDEN::paired_boyden32c::1103_1_1::KiloSort::111,PAIRED_BOYDEN::paired_boyden32c::1103_1_1,PAIRED_BOYDEN,0.11241007194244604,0.2871094,0.17469933285987635
main,fpos,latent_summary_fullctx_lightgbm,latent_summary_stack,lightgbm,PAIRED_BOYDEN::paired_boyden32c::1103_1_1::Klusta::12,PAIRED_BOYDEN::paired_boyden32c::1103_1_1,PAIRED_BOYDEN,0.156686626746507,0.22975613,0.07306950502171963
main,fpos,latent_summary_fullctx_lightgbm,latent_summary_stack,lightgbm,PAIRED_BOYDEN::paired_boyden32c::1103_1_1::MountainSort4::26,PAIRED_BOYDEN::paired_boyden32c::1103_1_1,PAIRED_BOYDEN,0.30532212885154064,0.3066382,0.001316082160345955
main,fpos,latent_summary_fullctx_lightgbm,latent_summary_stack,lightgbm,PAIRED_BOYDEN::paired_boyden32c::1103_1_1::SpykingCircus::27,PAIRED_BOYDEN::paired_boyden32c::1103_1_1,PAIRED_BOYDEN,0.12258064516129032,0.2535579,0.13097724549231993
main,fpos,latent_summary_fullctx_lightgbm,latent_summary_stack,lightgbm,PAIRED_BOYDEN::paired_boyden32c::1103_1_1::Tridesclous::3,PAIRED_BOYDEN::paired_boyden32c::1103_1_1,PAIRED_BOYDEN,0.2613268608414239,0.44377056,0.1824436968005591
main,fpos,latent_summary_fullctx_lightgbm,latent_summary_stack,lightgbm,PAIRED_BOYDEN::paired_boyden32c::419_1_8::IronClust::14,PAIRED_BOYDEN::paired_boyden32c::419_1_8,PAIRED_BOYDEN,0.0663265306122449,0.011854473,0.054472058042123614
main,fpos,latent_summary_fullctx_lightgbm,latent_summary_stack,lightgbm,PAIRED_BOYDEN::paired_boyden32c::419_1_8::IronClust::4,PAIRED_BOYDEN::paired_boyden32c::419_1_8,PAIRED_BOYDEN,0.05829903978052126,0.044673398,0.013625641643428672
main,fpos,latent_summary_fullctx_lightgbm,latent_summary_stack,lightgbm,PAIRED_BOYDEN::paired_boyden32c::419_1_8::JRClust::24,PAIRED_BOYDEN::paired_boyden32c::419_1_8,PAIRED_BOYDEN,0.08062093139709564,0.014705008,0.06591592350126835
main,fpos,latent_summary_fullctx_lightgbm,latent_summary_stack,lightgbm,PAIRED_BOYDEN::paired_boyden32c::419_1_8::JRClust::8,PAIRED_BOYDEN::paired_boyden32c::419_1_8,PAIRED_BOYDEN,0.03907637655417407,0.018530726,0.020545650121373778
main,fpos,latent_summary_fullctx_lightgbm,latent_summary_stack,lightgbm,PAIRED_BOYDEN::paired_boyden32c::419_1_8::KiloSort2::27,PAIRED_BOYDEN::paired_boyden32c::419_1_8,PAIRED_BOYDEN,0.1342059838895282,0.030499294,0.10370668948931305
main,fpos,latent_summary_fullctx_lightgbm,latent_summary_stack,lightgbm,PAIRED_BOYDEN::paired_boyden32c::419_1_8::KiloSort2::46,PAIRED_BOYDEN::paired_boyden32c::419_1_8,PAIRED_BOYDEN,0.02341480088873697,0.02034011,0.003074691644747978
main,fpos,latent_summary_fullctx_lightgbm,latent_summary_stack,lightgbm,PAIRED_BOYDEN::paired_boyden32c::419_1_8::KiloSort::17,PAIRED_BOYDEN::paired_boyden32c::419_1_8,PAIRED_BOYDEN,0.06424161521775405,0.01328289,0.050958724786171125
main,fpos,latent_summary_fullctx_lightgbm,latent_summary_stack,lightgbm,PAIRED_BOYDEN::paired_boyden32c::419_1_8::MountainSort4::42,PAIRED_BOYDEN::paired_boyden32c::419_1_8,PAIRED_BOYDEN,0.16482219271063892,0.07428311,0.09053908459544269
main,fpos,latent_summary_fullctx_lightgbm,latent_summary_stack,lightgbm,PAIRED_BOYDEN::paired_boyden32c::419_1_8::SpykingCircus::24,PAIRED_BOYDEN::paired_boyden32c::419_1_8,PAIRED_BOYDEN,0.24721080446271285,0.12837574,0.11883506560353621
main,fpos,latent_summary_fullctx_lightgbm,latent_summary_stack,lightgbm,PAIRED_BOYDEN::paired_boyden32c::419_1_8::SpykingCircus::28,PAIRED_BOYDEN::paired_boyden32c::419_1_8,PAIRED_BOYDEN,0.029543112332531776,0.016738283,0.012804829815933075
main,fpos,latent_summary_fullctx_lightgbm,latent_summary_stack,lightgbm,PAIRED_BOYDEN::paired_boyden32c::419_1_8::Tridesclous::0,PAIRED_BOYDEN::paired_boyden32c::419_1_8,PAIRED_BOYDEN,0.15585806056898133,0.08111813,0.07473993137519852
main,fpos,latent_summary_fullctx_lightgbm,latent_summary_stack,lightgbm,PAIRED_CRCNS_HC1::paired_crcns::d11221_d11221.001::SpykingCircus::6,PAIRED_CRCNS_HC1::paired_crcns::d11221_d11221.001,PAIRED_CRCNS_HC1,0.8835978835978836,0.55179775,0.3318001359858841
main,fpos,latent_summary_fullctx_lightgbm,latent_summary_stack,lightgbm,PAIRED_CRCNS_HC1::paired_crcns::d11222_d11222.002::IronClust::2,PAIRED_CRCNS_HC1::paired_crcns::d11222_d11222.002,PAIRED_CRCNS_HC1,0.04466019417475728,0.15336767,0.10870747421551677
main,fpos,latent_summary_fullctx_lightgbm,latent_summary_stack,lightgbm,PAIRED_CRCNS_HC1::paired_crcns::d11222_d11222.002::JRClust::3,PAIRED_CRCNS_HC1::paired_crcns::d11222_d11222.002,PAIRED_CRCNS_HC1,0.039337474120082816,0.03760887,0.0017286047462844456
main,fpos,latent_summary_fullctx_lightgbm,latent_summary_stack,lightgbm,PAIRED_CRCNS_HC1::paired_crcns::d11222_d11222.002::KiloSort2::10,PAIRED_CRCNS_HC1::paired_crcns::d11222_d11222.002,PAIRED_CRCNS_HC1,0.550417469492614,0.058917064,0.49150040527290084
main,fpos,latent_summary_fullctx_lightgbm,latent_summary_stack,lightgbm,PAIRED_CRCNS_HC1::paired_crcns::d11222_d11222.002::KiloSort::1,PAIRED_CRCNS_HC1::paired_crcns::d11222_d11222.002,PAIRED_CRCNS_HC1,0.03337783711615487,0.07419831,0.04082047594126777
main,fpos,latent_summary_fullctx_lightgbm,latent_summary_stack,lightgbm,PAIRED_CRCNS_HC1::paired_crcns::d11222_d11222.002::Klusta::2,PAIRED_CRCNS_HC1::paired_crcns::d11222_d11222.002,PAIRED_CRCNS_HC1,0.008777852802160702,0.073715694,0.0649378414465156
main,fpos,latent_summary_fullctx_lightgbm,latent_summary_stack,lightgbm,PAIRED_CRCNS_HC1::paired_crcns::d11222_d11222.002::MountainSort4::4,PAIRED_CRCNS_HC1::paired_crcns::d11222_d11222.002,PAIRED_CRCNS_HC1,0.360427807486631,0.16928421,0.19114359787759932
main,fpos,latent_summary_fullctx_lightgbm,latent_summary_stack,lightgbm,PAIRED_CRCNS_HC1::paired_crcns::d11222_d11222.002::SpykingCircus::4,PAIRED_CRCNS_HC1::paired_crcns::d11222_d11222.002,PAIRED_CRCNS_HC1,0.11986754966887417,0.056702316,0.06316523386153164
main,fpos,latent_summary_fullctx_lightgbm,latent_summary_stack,lightgbm,PAIRED_CRCNS_HC1::paired_crcns::d11222_d11222.002::Tridesclous::0,PAIRED_CRCNS_HC1::paired_crcns::d11222_d11222.002,PAIRED_CRCNS_HC1,0.021164021164021163,0.095577225,0.07441320392505202
main,fpos,latent_summary_fullctx_lightgbm,latent_summary_stack,lightgbm,PAIRED_ENGLISH::paired_english::m139_200114_191955::KiloSort2::25,PAIRED_ENGLISH::paired_english::m139_200114_191955,PAIRED_ENGLISH,0.7302739726027397,0.41518638,0.31508759722317736
main,fpos,latent_summary_fullctx_lightgbm,latent_summary_stack,lightgbm,PAIRED_ENGLISH::paired_english::m139_200114_191955::MountainSort4::36,PAIRED_ENGLISH::paired_english::m139_200114_191955,PAIRED_ENGLISH,0.8735255086994986,0.6878959,0.1856296146489005
main,fpos,latent_summary_fullctx_lightgbm,latent_summary_stack,lightgbm,PAIRED_ENGLISH::paired_english::m139_200114_191955::SpykingCircus::42,PAIRED_ENGLISH::paired_english::m139_200114_191955,PAIRED_ENGLISH,0.5584045584045584,0.3414177,0.21698685835229703
main,fpos,latent_summary_fullctx_lightgbm,latent_summary_stack,lightgbm,PAIRED_ENGLISH::paired_english::m139_200114_222743::HerdingSpikes2::5,PAIRED_ENGLISH::paired_english::m139_200114_222743,PAIRED_ENGLISH,0.03257707969749855,0.1324325,0.09985542579089715
main,fpos,latent_summary_fullctx_lightgbm,latent_summary_stack,lightgbm,PAIRED_ENGLISH::paired_english::m139_200114_222743::IronClust::17,PAIRED_ENGLISH::paired_english::m139_200114_222743,PAIRED_ENGLISH,0.02675196277987787,0.12070003,0.09394806873905828
main,fpos,latent_summary_fullctx_lightgbm,latent_summary_stack,lightgbm,PAIRED_ENGLISH::paired_english::m139_200114_222743::KiloSort2::26,PAIRED_ENGLISH::paired_english::m139_200114_222743,PAIRED_ENGLISH,0.028645087367516472,0.12204328,0.09339819442607789
main,fpos,latent_summary_fullctx_lightgbm,latent_summary_stack,lightgbm,PAIRED_ENGLISH::paired_english::m139_200114_222743::KiloSort::88,PAIRED_ENGLISH::paired_english::m139_200114_222743,PAIRED_ENGLISH,0.015151515151515152,0.14990658,0.13475506052826391
main,fpos,latent_summary_fullctx_lightgbm,latent_summary_stack,lightgbm,PAIRED_ENGLISH::paired_english::m139_200114_222743::MountainSort4::46,PAIRED_ENGLISH::paired_english::m139_200114_222743,PAIRED_ENGLISH,0.039886039886039885,0.28159872,0.24171267708821853
main,fpos,latent_summary_fullctx_lightgbm,latent_summary_stack,lightgbm,PAIRED_ENGLISH::paired_english::m139_200114_222743::SpykingCircus::44,PAIRED_ENGLISH::paired_english::m139_200114_222743,PAIRED_ENGLISH,0.028064146620847653,0.077781186,0.049717038886926704
main,fpos,latent_summary_fullctx_lightgbm,latent_summary_stack,lightgbm,PAIRED_ENGLISH::paired_english::m139_200114_222743::Tridesclous::1,PAIRED_ENGLISH::paired_english::m139_200114_222743,PAIRED_ENGLISH,0.3089646722483153,0.2935798,0.015384885232400392
main,fpos,latent_summary_fullctx_lightgbm,latent_summary_stack,lightgbm,PAIRED_ENGLISH::paired_english::m14_190326_155432::IronClust::22,PAIRED_ENGLISH::paired_english::m14_190326_155432,PAIRED_ENGLISH,0.0481651376146789,0.026986202,0.02117893538958983
main,fpos,latent_summary_fullctx_lightgbm,latent_summary_stack,lightgbm,PAIRED_ENGLISH::paired_english::m14_190326_155432::MountainSort4::33,PAIRED_ENGLISH::paired_english::m14_190326_155432,PAIRED_ENGLISH,0.1981651376146789,0.14992215,0.04824299022145229
main,fpos,latent_summary_fullctx_lightgbm,latent_summary_stack,lightgbm,PAIRED_ENGLISH::paired_english::m14_190326_155432::SpykingCircus::38,PAIRED_ENGLISH::paired_english::m14_190326_155432,PAIRED_ENGLISH,0.013363028953229399,0.035388026,0.022024997433270008
main,fpos,latent_summary_fullctx_lightgbm,latent_summary_stack,lightgbm,PAIRED_ENGLISH::paired_english::m15_190315_142052_cell1::IronClust::40,PAIRED_ENGLISH::paired_english::m15_190315_142052_cell1,PAIRED_ENGLISH,0.2679960401640503,0.44213492,0.17413887661832883
main,fpos,latent_summary_fullctx_lightgbm,latent_summary_stack,lightgbm,PAIRED_ENGLISH::paired_english::m15_190315_142052_cell1::KiloSort2::48,PAIRED_ENGLISH::paired_english::m15_190315_142052_cell1,PAIRED_ENGLISH,0.8627861694595232,0.41323584,0.44955032627791314
main,fpos,latent_summary_fullctx_lightgbm,latent_summary_stack,lightgbm,PAIRED_ENGLISH::paired_english::m15_190315_142052_cell1::MountainSort4::62,PAIRED_ENGLISH::paired_english::m15_190315_142052_cell1,PAIRED_ENGLISH,0.8769885383524361,0.4466765,0.430312045661396
main,fpos,latent_summary_fullctx_lightgbm,latent_summary_stack,lightgbm,PAIRED_ENGLISH::paired_english::m15_190315_142052_cell1::MountainSort4::64,PAIRED_ENGLISH::paired_english::m15_190315_142052_cell1,PAIRED_ENGLISH,0.14704761904761904,0.08250047,0.06454714638278597
main,fpos,latent_summary_fullctx_lightgbm,latent_summary_stack,lightgbm,PAIRED_ENGLISH::paired_english::m15_190315_142052_cell1::SpykingCircus::22,PAIRED_ENGLISH::paired_english::m15_190315_142052_cell1,PAIRED_ENGLISH,0.23500526131182042,0.5924986,0.35749333917112025
main,fpos,latent_summary_fullctx_lightgbm,latent_summary_stack,lightgbm,PAIRED_ENGLISH::paired_english::m15_190315_142052_cell1::SpykingCircus::57,PAIRED_ENGLISH::paired_english::m15_190315_142052_cell1,PAIRED_ENGLISH,0.6499202551834131,0.236657,0.4132632615558649
main,fpos,latent_summary_fullctx_lightgbm,latent_summary_stack,lightgbm,PAIRED_ENGLISH::paired_english::m15_190315_152315_cell1::IronClust::35,PAIRED_ENGLISH::paired_english::m15_190315_152315_cell1,PAIRED_ENGLISH,0.002592440987856461,0.03334109,0.030748650138347076
main,fpos,latent_summary_fullctx_lightgbm,latent_summary_stack,lightgbm,PAIRED_ENGLISH::paired_english::m15_190315_152315_cell1::KiloSort2::37,PAIRED_ENGLISH::paired_english::m15_190315_152315_cell1,PAIRED_ENGLISH,0.00039059957034047265,0.043396994,0.04300639490120951
main,fpos,latent_summary_fullctx_lightgbm,latent_summary_stack,lightgbm,PAIRED_ENGLISH::paired_english::m15_190315_152315_cell1::KiloSort::1,PAIRED_ENGLISH::paired_english::m15_190315_152315_cell1,PAIRED_ENGLISH,6.528267397832615e-05,0.06696867,0.06690338930354166
main,fpos,latent_summary_fullctx_lightgbm,latent_summary_stack,lightgbm,PAIRED_ENGLISH::paired_english::m15_190315_152315_cell1::MountainSort4::72,PAIRED_ENGLISH::paired_english::m15_190315_152315_cell1,PAIRED_ENGLISH,0.052174468356855484,0.24422292,0.19204845575641813
main,fpos,latent_summary_fullctx_lightgbm,latent_summary_stack,lightgbm,PAIRED_ENGLISH::paired_english::m15_190315_152315_cell1::SpykingCircus::46,PAIRED_ENGLISH::paired_english::m15_190315_152315_cell1,PAIRED_ENGLISH,0.010891280531030483,0.034029145,0.023137864262718372
main,fpos,latent_summary_fullctx_lightgbm,latent_summary_stack,lightgbm,PAIRED_ENGLISH::paired_english::m15_190315_152315_cell1::Tridesclous::0,PAIRED_ENGLISH::paired_english::m15_190315_152315_cell1,PAIRED_ENGLISH,0.8482136225209834,0.43729523,0.4109183942781093
main,fpos,latent_summary_fullctx_lightgbm,latent_summary_stack,lightgbm,PAIRED_ENGLISH::paired_english::m26_190524_100859_cell1::KiloSort2::0,PAIRED_ENGLISH::paired_english::m26_190524_100859_cell1,PAIRED_ENGLISH,0.38315988647114474,0.24096343,0.14219645725857455
main,fpos,latent_summary_fullctx_lightgbm,latent_summary_stack,lightgbm,PAIRED_ENGLISH::paired_english::m26_190524_100859_cell1::KiloSort::19,PAIRED_ENGLISH::paired_english::m26_190524_100859_cell1,PAIRED_ENGLISH,0.2440677966101695,0.1116312,0.13243659689264783
main,fpos,latent_summary_fullctx_lightgbm,latent_summary_stack,lightgbm,PAIRED_ENGLISH::paired_english::m26_190524_100859_cell1::KiloSort::8,PAIRED_ENGLISH::paired_english::m26_190524_100859_cell1,PAIRED_ENGLISH,0.6505139500734214,0.17598857,0.4745253802177314
main,fpos,latent_summary_fullctx_lightgbm,latent_summary_stack,lightgbm,PAIRED_ENGLISH::paired_english::m57_191105_141906::IronClust::6,PAIRED_ENGLISH::paired_english::m57_191105_141906,PAIRED_ENGLISH,0.31826625386996904,0.26671305,0.05155320088191667
main,fpos,latent_summary_fullctx_lightgbm,latent_summary_stack,lightgbm,PAIRED_ENGLISH::paired_english::m57_191105_141906::KiloSort::47,PAIRED_ENGLISH::paired_english::m57_191105_141906,PAIRED_ENGLISH,0.35376344086021505,0.28416827,0.06959516764968954
main,fpos,latent_summary_fullctx_lightgbm,latent_summary_stack,lightgbm,PAIRED_ENGLISH::paired_english::m57_191105_141906::MountainSort4::21,PAIRED_ENGLISH::paired_english::m57_191105_141906,PAIRED_ENGLISH,0.3323335332933413,0.53037953,0.19804600047435889
main,fpos,latent_summary_fullctx_lightgbm,latent_summary_stack,lightgbm,PAIRED_ENGLISH::paired_english::m57_191105_141906::MountainSort4::57,PAIRED_ENGLISH::paired_english::m57_191105_141906,PAIRED_ENGLISH,0.23853211009174313,0.24307078,0.004538671139183381
main,fpos,latent_summary_fullctx_lightgbm,latent_summary_stack,lightgbm,PAIRED_ENGLISH::paired_english::m57_191105_141906::SpykingCircus::12,PAIRED_ENGLISH::paired_english::m57_191105_141906,PAIRED_ENGLISH,0.3535228677379481,0.25566128,0.09786158877485912
main,fpos,latent_summary_fullctx_lightgbm,latent_summary_stack,lightgbm,PAIRED_ENGLISH::paired_english::m57_191105_141906::SpykingCircus::30,PAIRED_ENGLISH::paired_english::m57_191105_141906,PAIRED_ENGLISH,0.2040332147093713,0.13003342,0.07399979617318508
main,fpos,latent_summary_fullctx_lightgbm,latent_summary_stack,lightgbm,PAIRED_ENGLISH::paired_english::m57_191105_160026::HerdingSpikes2::1,PAIRED_ENGLISH::paired_english::m57_191105_160026,PAIRED_ENGLISH,0.13630229419703105,0.34695473,0.210652438936285
main,fpos,latent_summary_fullctx_lightgbm,latent_summary_stack,lightgbm,PAIRED_ENGLISH::paired_english::m57_191105_160026::IronClust::2,PAIRED_ENGLISH::paired_english::m57_191105_160026,PAIRED_ENGLISH,0.5044008124576845,0.29805455,0.20634626633990194
main,fpos,latent_summary_fullctx_lightgbm,latent_summary_stack,lightgbm,PAIRED_ENGLISH::paired_english::m57_191105_160026::IronClust::3,PAIRED_ENGLISH::paired_english::m57_191105_160026,PAIRED_ENGLISH,0.05838815789473684,0.3216894,0.2633012392018971
main,fpos,latent_summary_fullctx_lightgbm,latent_summary_stack,lightgbm,PAIRED_ENGLISH::paired_english::m57_191105_160026::KiloSort::127,PAIRED_ENGLISH::paired_english::m57_191105_160026,PAIRED_ENGLISH,0.5003422313483915,0.31209853,0.18824369843327615
main,fpos,latent_summary_fullctx_lightgbm,latent_summary_stack,lightgbm,PAIRED_ENGLISH::paired_english::m57_191105_160026::KiloSort::6,PAIRED_ENGLISH::paired_english::m57_191105_160026,PAIRED_ENGLISH,0.02531645569620253,0.16805999,0.1427435341137874
main,fpos,latent_summary_fullctx_lightgbm,latent_summary_stack,lightgbm,PAIRED_ENGLISH::paired_english::m57_191105_160026::MountainSort4::23,PAIRED_ENGLISH::paired_english::m57_191105_160026,PAIRED_ENGLISH,0.6737967914438503,0.18282582,0.49097097278597523
main,fpos,latent_summary_fullctx_lightgbm,latent_summary_stack,lightgbm,PAIRED_ENGLISH::paired_english::m57_191105_160026::MountainSort4::25,PAIRED_ENGLISH::paired_english::m57_191105_160026,PAIRED_ENGLISH,0.14568081991215226,0.2911843,0.1455034862325621
main,fpos,latent_summary_fullctx_lightgbm,latent_summary_stack,lightgbm,PAIRED_ENGLISH::paired_english::m57_191105_160026::SpykingCircus::2,PAIRED_ENGLISH::paired_english::m57_191105_160026,PAIRED_ENGLISH,0.6860282574568289,0.4737544,0.21227385148148714
main,fpos,latent_summary_fullctx_lightgbm,latent_summary_stack,lightgbm,PAIRED_ENGLISH::paired_english::m57_191105_160026::SpykingCircus::4,PAIRED_ENGLISH::paired_english::m57_191105_160026,PAIRED_ENGLISH,0.056790123456790124,0.23739372,0.1806035984813431
main,fpos,latent_summary_fullctx_lightgbm,latent_summary_stack,lightgbm,PAIRED_ENGLISH::paired_english::m57_191105_160026::Tridesclous::0,PAIRED_ENGLISH::paired_english::m57_191105_160026,PAIRED_ENGLISH,0.8589226823012093,0.52728087,0.3316418152014473
main,fpos,latent_summary_fullctx_lightgbm,latent_summary_stack,lightgbm,PAIRED_KAMPFF::paired_kampff::c14::HerdingSpikes2::6,PAIRED_KAMPFF::paired_kampff::c14,PAIRED_KAMPFF,0.25090444775484144,0.08761107,0.16329337598941862
main,fpos,latent_summary_fullctx_lightgbm,latent_summary_stack,lightgbm,PAIRED_KAMPFF::paired_kampff::c14::IronClust::22,PAIRED_KAMPFF::paired_kampff::c14,PAIRED_KAMPFF,0.2240655987795576,0.082544036,0.1415215625699743
main,fpos,latent_summary_fullctx_lightgbm,latent_summary_stack,lightgbm,PAIRED_KAMPFF::paired_kampff::c14::KiloSort2::37,PAIRED_KAMPFF::paired_kampff::c14,PAIRED_KAMPFF,0.23899885489939474,0.13825811,0.1007407404422643
main,fpos,latent_summary_fullctx_lightgbm,latent_summary_stack,lightgbm,PAIRED_KAMPFF::paired_kampff::c14::MountainSort4::42,PAIRED_KAMPFF::paired_kampff::c14,PAIRED_KAMPFF,0.031842105263157894,0.024969064,0.006873041563912441
main,fpos,latent_summary_fullctx_lightgbm,latent_summary_stack,lightgbm,PAIRED_KAMPFF::paired_kampff::c14::SpykingCircus::14,PAIRED_KAMPFF::paired_kampff::c14,PAIRED_KAMPFF,0.0993841579953281,0.056027923,0.04335623521600643
main,fpos,latent_summary_fullctx_lightgbm,latent_summary_stack,lightgbm,PAIRED_KAMPFF::paired_kampff::c14::Tridesclous::8,PAIRED_KAMPFF::paired_kampff::c14,PAIRED_KAMPFF,0.7298130782302221,0.55111074,0.17870233375390376
main,fpos,latent_summary_fullctx_lightgbm,latent_summary_stack,lightgbm,PAIRED_MEA64C_YGER::paired_mea64c::20170622_patch1::HerdingSpikes2::19,PAIRED_MEA64C_YGER::paired_mea64c::20170622_patch1,PAIRED_MEA64C_YGER,0.3048016701461378,0.18064712,0.1241545502664152
main,fpos,latent_summary_fullctx_lightgbm,latent_summary_stack,lightgbm,PAIRED_MEA64C_YGER::paired_mea64c::20170622_patch1::HerdingSpikes2::7,PAIRED_MEA64C_YGER::paired_mea64c::20170622_patch1,PAIRED_MEA64C_YGER,0.006430868167202572,0.046695985,0.04026511673279514
main,fpos,latent_summary_fullctx_lightgbm,latent_summary_stack,lightgbm,PAIRED_MEA64C_YGER::paired_mea64c::20170622_patch1::IronClust::8,PAIRED_MEA64C_YGER::paired_mea64c::20170622_patch1,PAIRED_MEA64C_YGER,0.32512992968511156,0.1252125,0.1999174242253261
main,fpos,latent_summary_fullctx_lightgbm,latent_summary_stack,lightgbm,PAIRED_MEA64C_YGER::paired_mea64c::20170622_patch1::KiloSort2::23,PAIRED_MEA64C_YGER::paired_mea64c::20170622_patch1,PAIRED_MEA64C_YGER,0.0,0.014858952,0.014858951792120934
main,fpos,latent_summary_fullctx_lightgbm,latent_summary_stack,lightgbm,PAIRED_MEA64C_YGER::paired_mea64c::20170622_patch1::KiloSort::64,PAIRED_MEA64C_YGER::paired_mea64c::20170622_patch1,PAIRED_MEA64C_YGER,0.00022805017103762827,0.01277921,0.012551159591774032
main,fpos,latent_summary_fullctx_lightgbm,latent_summary_stack,lightgbm,PAIRED_MEA64C_YGER::paired_mea64c::20170622_patch1::Klusta::4,PAIRED_MEA64C_YGER::paired_mea64c::20170622_patch1,PAIRED_MEA64C_YGER,0.0050424628450106155,0.017823303,0.012780840273337507
main,fpos,latent_summary_fullctx_lightgbm,latent_summary_stack,lightgbm,PAIRED_MEA64C_YGER::paired_mea64c::20170622_patch1::MountainSort4::43,PAIRED_MEA64C_YGER::paired_mea64c::20170622_patch1,PAIRED_MEA64C_YGER,0.0040494938132733405,0.015726116,0.011676621741297811
main,fpos,latent_summary_fullctx_lightgbm,latent_summary_stack,lightgbm,PAIRED_MEA64C_YGER::paired_mea64c::20170622_patch1::SpykingCircus::18,PAIRED_MEA64C_YGER::paired_mea64c::20170622_patch1,PAIRED_MEA64C_YGER,0.00022079929344226098,0.01662957,0.016408769939021576
main,fpos,latent_summary_fullctx_lightgbm,latent_summary_stack,lightgbm,PAIRED_MEA64C_YGER::paired_mea64c::20170622_patch1::Tridesclous::12,PAIRED_MEA64C_YGER::paired_mea64c::20170622_patch1,PAIRED_MEA64C_YGER,0.013830024537140308,0.0155882565,0.0017582319933233878
main,fpos,latent_summary_fullctx_lightgbm,latent_summary_stack,lightgbm,PAIRED_MEA64C_YGER::paired_mea64c::20170622_patch2::HerdingSpikes2::16,PAIRED_MEA64C_YGER::paired_mea64c::20170622_patch2,PAIRED_MEA64C_YGER,0.18683274021352314,0.10825444,0.07857830008471989
main,fpos,latent_summary_fullctx_lightgbm,latent_summary_stack,lightgbm,PAIRED_MEA64C_YGER::paired_mea64c::20170622_patch2::HerdingSpikes2::44,PAIRED_MEA64C_YGER::paired_mea64c::20170622_patch2,PAIRED_MEA64C_YGER,0.4028520499108734,0.14479893,0.25805311545118714
main,fpos,latent_summary_fullctx_lightgbm,latent_summary_stack,lightgbm,PAIRED_MEA64C_YGER::paired_mea64c::20170622_patch2::HerdingSpikes2::5,PAIRED_MEA64C_YGER::paired_mea64c::20170622_patch2,PAIRED_MEA64C_YGER,0.06115992970123023,0.007455818,0.05370411181180805
main,fpos,latent_summary_fullctx_lightgbm,latent_summary_stack,lightgbm,PAIRED_MEA64C_YGER::paired_mea64c::20170622_patch2::IronClust::11,PAIRED_MEA64C_YGER::paired_mea64c::20170622_patch2,PAIRED_MEA64C_YGER,0.061366806136680614,0.004208734,0.05715807234333254
main,fpos,latent_summary_fullctx_lightgbm,latent_summary_stack,lightgbm,PAIRED_MEA64C_YGER::paired_mea64c::20170622_patch2::JRClust::31,PAIRED_MEA64C_YGER::paired_mea64c::20170622_patch2,PAIRED_MEA64C_YGER,0.06118881118881119,0.0037025763,0.057486234916621574
main,fpos,latent_summary_fullctx_lightgbm,latent_summary_stack,lightgbm,PAIRED_MEA64C_YGER::paired_mea64c::20170622_patch2::KiloSort2::33,PAIRED_MEA64C_YGER::paired_mea64c::20170622_patch2,PAIRED_MEA64C_YGER,0.061409630146545706,0.0037162194,0.0576934106971299
main,fpos,latent_summary_fullctx_lightgbm,latent_summary_stack,lightgbm,PAIRED_MEA64C_YGER::paired_mea64c::20170622_patch2::KiloSort::5,PAIRED_MEA64C_YGER::paired_mea64c::20170622_patch2,PAIRED_MEA64C_YGER,0.06143106457242583,0.0061600413,0.05527102325508212
main,fpos,latent_summary_fullctx_lightgbm,latent_summary_stack,lightgbm,PAIRED_MEA64C_YGER::paired_mea64c::20170622_patch2::Klusta::14,PAIRED_MEA64C_YGER::paired_mea64c::20170622_patch2,PAIRED_MEA64C_YGER,0.05860349127182045,0.0033229126,0.05528057865889051
main,fpos,latent_summary_fullctx_lightgbm,latent_summary_stack,lightgbm,PAIRED_MEA64C_YGER::paired_mea64c::20170622_patch2::MountainSort4::31,PAIRED_MEA64C_YGER::paired_mea64c::20170622_patch2,PAIRED_MEA64C_YGER,0.07713404182379156,0.015674703,0.061459339000629484
main,fpos,latent_summary_fullctx_lightgbm,latent_summary_stack,lightgbm,PAIRED_MEA64C_YGER::paired_mea64c::20170622_patch2::SpykingCircus::17,PAIRED_MEA64C_YGER::paired_mea64c::20170622_patch2,PAIRED_MEA64C_YGER,0.061366806136680614,0.00423292,0.057133886361731064
main,fpos,latent_summary_fullctx_lightgbm,latent_summary_stack,lightgbm,PAIRED_MEA64C_YGER::paired_mea64c::20170622_patch2::Tridesclous::0,PAIRED_MEA64C_YGER::paired_mea64c::20170622_patch2,PAIRED_MEA64C_YGER,0.061366806136680614,0.004722787,0.05664401906938649
main,fpos,latent_summary_fullctx_xgboost,latent_summary_stack,xgboost,PAIRED_BOYDEN::paired_boyden32c::1103_1_1::IronClust::4,PAIRED_BOYDEN::paired_boyden32c::1103_1_1,PAIRED_BOYDEN,0.11363636363636363,0.121413216,0.007776852358471267
main,fpos,latent_summary_fullctx_xgboost,latent_summary_stack,xgboost,PAIRED_BOYDEN::paired_boyden32c::1103_1_1::JRClust::18,PAIRED_BOYDEN::paired_boyden32c::1103_1_1,PAIRED_BOYDEN,0.26138147566718994,0.2528078,0.008573679665755618
main,fpos,latent_summary_fullctx_xgboost,latent_summary_stack,xgboost,PAIRED_BOYDEN::paired_boyden32c::1103_1_1::KiloSort2::33,PAIRED_BOYDEN::paired_boyden32c::1103_1_1,PAIRED_BOYDEN,0.17066290550070523,0.08223881,0.08842409722643613
main,fpos,latent_summary_fullctx_xgboost,latent_summary_stack,xgboost,PAIRED_BOYDEN::paired_boyden32c::1103_1_1::KiloSort2::55,PAIRED_BOYDEN::paired_boyden32c::1103_1_1,PAIRED_BOYDEN,0.3333333333333333,0.21411684,0.11921649177869159
main,fpos,latent_summary_fullctx_xgboost,latent_summary_stack,xgboost,PAIRED_BOYDEN::paired_boyden32c::1103_1_1::KiloSort2::60,PAIRED_BOYDEN::paired_boyden32c::1103_1_1,PAIRED_BOYDEN,0.15878378378378377,0.10231421,0.056469572355618336
main,fpos,latent_summary_fullctx_xgboost,latent_summary_stack,xgboost,PAIRED_BOYDEN::paired_boyden32c::1103_1_1::KiloSort::111,PAIRED_BOYDEN::paired_boyden32c::1103_1_1,PAIRED_BOYDEN,0.11241007194244604,0.16761895,0.05520887329852839
main,fpos,latent_summary_fullctx_xgboost,latent_summary_stack,xgboost,PAIRED_BOYDEN::paired_boyden32c::1103_1_1::Klusta::12,PAIRED_BOYDEN::paired_boyden32c::1103_1_1,PAIRED_BOYDEN,0.156686626746507,0.15500137,0.0016852546475842611
main,fpos,latent_summary_fullctx_xgboost,latent_summary_stack,xgboost,PAIRED_BOYDEN::paired_boyden32c::1103_1_1::MountainSort4::26,PAIRED_BOYDEN::paired_boyden32c::1103_1_1,PAIRED_BOYDEN,0.30532212885154064,0.21804146,0.0872806641651469
main,fpos,latent_summary_fullctx_xgboost,latent_summary_stack,xgboost,PAIRED_BOYDEN::paired_boyden32c::1103_1_1::SpykingCircus::27,PAIRED_BOYDEN::paired_boyden32c::1103_1_1,PAIRED_BOYDEN,0.12258064516129032,0.14926729,0.026686640900950284
main,fpos,latent_summary_fullctx_xgboost,latent_summary_stack,xgboost,PAIRED_BOYDEN::paired_boyden32c::1103_1_1::Tridesclous::3,PAIRED_BOYDEN::paired_boyden32c::1103_1_1,PAIRED_BOYDEN,0.2613268608414239,0.22698368,0.03434317952027982
main,fpos,latent_summary_fullctx_xgboost,latent_summary_stack,xgboost,PAIRED_BOYDEN::paired_boyden32c::419_1_8::IronClust::14,PAIRED_BOYDEN::paired_boyden32c::419_1_8,PAIRED_BOYDEN,0.0663265306122449,0.020596772,0.04572975817991763
main,fpos,latent_summary_fullctx_xgboost,latent_summary_stack,xgboost,PAIRED_BOYDEN::paired_boyden32c::419_1_8::IronClust::4,PAIRED_BOYDEN::paired_boyden32c::419_1_8,PAIRED_BOYDEN,0.05829903978052126,0.057034794,0.001264245539331306
main,fpos,latent_summary_fullctx_xgboost,latent_summary_stack,xgboost,PAIRED_BOYDEN::paired_boyden32c::419_1_8::JRClust::24,PAIRED_BOYDEN::paired_boyden32c::419_1_8,PAIRED_BOYDEN,0.08062093139709564,0.025465965,0.05515496612609955
main,fpos,latent_summary_fullctx_xgboost,latent_summary_stack,xgboost,PAIRED_BOYDEN::paired_boyden32c::419_1_8::JRClust::8,PAIRED_BOYDEN::paired_boyden32c::419_1_8,PAIRED_BOYDEN,0.03907637655417407,0.039827697,0.0007513204248717972
main,fpos,latent_summary_fullctx_xgboost,latent_summary_stack,xgboost,PAIRED_BOYDEN::paired_boyden32c::419_1_8::KiloSort2::27,PAIRED_BOYDEN::paired_boyden32c::419_1_8,PAIRED_BOYDEN,0.1342059838895282,0.071967155,0.06223882914824097
main,fpos,latent_summary_fullctx_xgboost,latent_summary_stack,xgboost,PAIRED_BOYDEN::paired_boyden32c::419_1_8::KiloSort2::46,PAIRED_BOYDEN::paired_boyden32c::419_1_8,PAIRED_BOYDEN,0.02341480088873697,0.025332224,0.0019174227352540436
main,fpos,latent_summary_fullctx_xgboost,latent_summary_stack,xgboost,PAIRED_BOYDEN::paired_boyden32c::419_1_8::KiloSort::17,PAIRED_BOYDEN::paired_boyden32c::419_1_8,PAIRED_BOYDEN,0.06424161521775405,0.023433018,0.0408085967419831
main,fpos,latent_summary_fullctx_xgboost,latent_summary_stack,xgboost,PAIRED_BOYDEN::paired_boyden32c::419_1_8::MountainSort4::42,PAIRED_BOYDEN::paired_boyden32c::419_1_8,PAIRED_BOYDEN,0.16482219271063892,0.104494676,0.06032751671671954
main,fpos,latent_summary_fullctx_xgboost,latent_summary_stack,xgboost,PAIRED_BOYDEN::paired_boyden32c::419_1_8::SpykingCircus::24,PAIRED_BOYDEN::paired_boyden32c::419_1_8,PAIRED_BOYDEN,0.24721080446271285,0.13115253,0.11605827891854628
main,fpos,latent_summary_fullctx_xgboost,latent_summary_stack,xgboost,PAIRED_BOYDEN::paired_boyden32c::419_1_8::SpykingCircus::28,PAIRED_BOYDEN::paired_boyden32c::419_1_8,PAIRED_BOYDEN,0.029543112332531776,0.024109636,0.005433476830431785
main,fpos,latent_summary_fullctx_xgboost,latent_summary_stack,xgboost,PAIRED_BOYDEN::paired_boyden32c::419_1_8::Tridesclous::0,PAIRED_BOYDEN::paired_boyden32c::419_1_8,PAIRED_BOYDEN,0.15585806056898133,0.13478091,0.02107714697759644
main,fpos,latent_summary_fullctx_xgboost,latent_summary_stack,xgboost,PAIRED_CRCNS_HC1::paired_crcns::d11221_d11221.001::SpykingCircus::6,PAIRED_CRCNS_HC1::paired_crcns::d11221_d11221.001,PAIRED_CRCNS_HC1,0.8835978835978836,0.44817543,0.43542245330003204
main,fpos,latent_summary_fullctx_xgboost,latent_summary_stack,xgboost,PAIRED_CRCNS_HC1::paired_crcns::d11222_d11222.002::IronClust::2,PAIRED_CRCNS_HC1::paired_crcns::d11222_d11222.002,PAIRED_CRCNS_HC1,0.04466019417475728,0.24352668,0.198866488082895
main,fpos,latent_summary_fullctx_xgboost,latent_summary_stack,xgboost,PAIRED_CRCNS_HC1::paired_crcns::d11222_d11222.002::JRClust::3,PAIRED_CRCNS_HC1::paired_crcns::d11222_d11222.002,PAIRED_CRCNS_HC1,0.039337474120082816,0.08918527,0.049847793566761056
main,fpos,latent_summary_fullctx_xgboost,latent_summary_stack,xgboost,PAIRED_CRCNS_HC1::paired_crcns::d11222_d11222.002::KiloSort2::10,PAIRED_CRCNS_HC1::paired_crcns::d11222_d11222.002,PAIRED_CRCNS_HC1,0.550417469492614,0.08881385,0.46160362069910743
main,fpos,latent_summary_fullctx_xgboost,latent_summary_stack,xgboost,PAIRED_CRCNS_HC1::paired_crcns::d11222_d11222.002::KiloSort::1,PAIRED_CRCNS_HC1::paired_crcns::d11222_d11222.002,PAIRED_CRCNS_HC1,0.03337783711615487,0.08197758,0.04859974635180549
main,fpos,latent_summary_fullctx_xgboost,latent_summary_stack,xgboost,PAIRED_CRCNS_HC1::paired_crcns::d11222_d11222.002::Klusta::2,PAIRED_CRCNS_HC1::paired_crcns::d11222_d11222.002,PAIRED_CRCNS_HC1,0.008777852802160702,0.07581782,0.06703997060787348
main,fpos,latent_summary_fullctx_xgboost,latent_summary_stack,xgboost,PAIRED_CRCNS_HC1::paired_crcns::d11222_d11222.002::MountainSort4::4,PAIRED_CRCNS_HC1::paired_crcns::d11222_d11222.002,PAIRED_CRCNS_HC1,0.360427807486631,0.28051174,0.07991607061681899
main,fpos,latent_summary_fullctx_xgboost,latent_summary_stack,xgboost,PAIRED_CRCNS_HC1::paired_crcns::d11222_d11222.002::SpykingCircus::4,PAIRED_CRCNS_HC1::paired_crcns::d11222_d11222.002,PAIRED_CRCNS_HC1,0.11986754966887417,0.07322853,0.04663901908310833
main,fpos,latent_summary_fullctx_xgboost,latent_summary_stack,xgboost,PAIRED_CRCNS_HC1::paired_crcns::d11222_d11222.002::Tridesclous::0,PAIRED_CRCNS_HC1::paired_crcns::d11222_d11222.002,PAIRED_CRCNS_HC1,0.021164021164021163,0.09057112,0.06940709921733412
main,fpos,latent_summary_fullctx_xgboost,latent_summary_stack,xgboost,PAIRED_ENGLISH::paired_english::m139_200114_191955::KiloSort2::25,PAIRED_ENGLISH::paired_english::m139_200114_191955,PAIRED_ENGLISH,0.7302739726027397,0.22892131,0.5013526634892372
main,fpos,latent_summary_fullctx_xgboost,latent_summary_stack,xgboost,PAIRED_ENGLISH::paired_english::m139_200114_191955::MountainSort4::36,PAIRED_ENGLISH::paired_english::m139_200114_191955,PAIRED_ENGLISH,0.8735255086994986,0.5100406,0.36348492747314975
main,fpos,latent_summary_fullctx_xgboost,latent_summary_stack,xgboost,PAIRED_ENGLISH::paired_english::m139_200114_191955::SpykingCircus::42,PAIRED_ENGLISH::paired_english::m139_200114_191955,PAIRED_ENGLISH,0.5584045584045584,0.28367865,0.2747259075485403
main,fpos,latent_summary_fullctx_xgboost,latent_summary_stack,xgboost,PAIRED_ENGLISH::paired_english::m139_200114_222743::HerdingSpikes2::5,PAIRED_ENGLISH::paired_english::m139_200114_222743,PAIRED_ENGLISH,0.03257707969749855,0.26596075,0.23338367326652124
main,fpos,latent_summary_fullctx_xgboost,latent_summary_stack,xgboost,PAIRED_ENGLISH::paired_english::m139_200114_222743::IronClust::17,PAIRED_ENGLISH::paired_english::m139_200114_222743,PAIRED_ENGLISH,0.02675196277987787,0.19649538,0.16974342119801214
main,fpos,latent_summary_fullctx_xgboost,latent_summary_stack,xgboost,PAIRED_ENGLISH::paired_english::m139_200114_222743::KiloSort2::26,PAIRED_ENGLISH::paired_english::m139_200114_222743,PAIRED_ENGLISH,0.028645087367516472,0.16825753,0.1396124471364203
main,fpos,latent_summary_fullctx_xgboost,latent_summary_stack,xgboost,PAIRED_ENGLISH::paired_english::m139_200114_222743::KiloSort::88,PAIRED_ENGLISH::paired_english::m139_200114_222743,PAIRED_ENGLISH,0.015151515151515152,0.26437035,0.24921883687828528
main,fpos,latent_summary_fullctx_xgboost,latent_summary_stack,xgboost,PAIRED_ENGLISH::paired_english::m139_200114_222743::MountainSort4::46,PAIRED_ENGLISH::paired_english::m139_200114_222743,PAIRED_ENGLISH,0.039886039886039885,0.30586308,0.26597704252286514
main,fpos,latent_summary_fullctx_xgboost,latent_summary_stack,xgboost,PAIRED_ENGLISH::paired_english::m139_200114_222743::SpykingCircus::44,PAIRED_ENGLISH::paired_english::m139_200114_222743,PAIRED_ENGLISH,0.028064146620847653,0.18088341,0.15281926097192577
main,fpos,latent_summary_fullctx_xgboost,latent_summary_stack,xgboost,PAIRED_ENGLISH::paired_english::m139_200114_222743::Tridesclous::1,PAIRED_ENGLISH::paired_english::m139_200114_222743,PAIRED_ENGLISH,0.3089646722483153,0.2901821,0.01878255860085437
main,fpos,latent_summary_fullctx_xgboost,latent_summary_stack,xgboost,PAIRED_ENGLISH::paired_english::m14_190326_155432::IronClust::22,PAIRED_ENGLISH::paired_english::m14_190326_155432,PAIRED_ENGLISH,0.0481651376146789,0.05706144,0.008896303628015953
main,fpos,latent_summary_fullctx_xgboost,latent_summary_stack,xgboost,PAIRED_ENGLISH::paired_english::m14_190326_155432::MountainSort4::33,PAIRED_ENGLISH::paired_english::m14_190326_155432,PAIRED_ENGLISH,0.1981651376146789,0.40968505,0.21151990786604924
main,fpos,latent_summary_fullctx_xgboost,latent_summary_stack,xgboost,PAIRED_ENGLISH::paired_english::m14_190326_155432::SpykingCircus::38,PAIRED_ENGLISH::paired_english::m14_190326_155432,PAIRED_ENGLISH,0.013363028953229399,0.060839158,0.047476128598297626
main,fpos,latent_summary_fullctx_xgboost,latent_summary_stack,xgboost,PAIRED_ENGLISH::paired_english::m15_190315_142052_cell1::IronClust::40,PAIRED_ENGLISH::paired_english::m15_190315_142052_cell1,PAIRED_ENGLISH,0.2679960401640503,0.35496956,0.08697352093595578
main,fpos,latent_summary_fullctx_xgboost,latent_summary_stack,xgboost,PAIRED_ENGLISH::paired_english::m15_190315_142052_cell1::KiloSort2::48,PAIRED_ENGLISH::paired_english::m15_190315_142052_cell1,PAIRED_ENGLISH,0.8627861694595232,0.5100574,0.3527287797233477
main,fpos,latent_summary_fullctx_xgboost,latent_summary_stack,xgboost,PAIRED_ENGLISH::paired_english::m15_190315_142052_cell1::MountainSort4::62,PAIRED_ENGLISH::paired_english::m15_190315_142052_cell1,PAIRED_ENGLISH,0.8769885383524361,0.49603882,0.3809497140325966
main,fpos,latent_summary_fullctx_xgboost,latent_summary_stack,xgboost,PAIRED_ENGLISH::paired_english::m15_190315_142052_cell1::MountainSort4::64,PAIRED_ENGLISH::paired_english::m15_190315_142052_cell1,PAIRED_ENGLISH,0.14704761904761904,0.26130775,0.11426012712433226
main,fpos,latent_summary_fullctx_xgboost,latent_summary_stack,xgboost,PAIRED_ENGLISH::paired_english::m15_190315_142052_cell1::SpykingCircus::22,PAIRED_ENGLISH::paired_english::m15_190315_142052_cell1,PAIRED_ENGLISH,0.23500526131182042,0.6205284,0.385523138632485
main,fpos,latent_summary_fullctx_xgboost,latent_summary_stack,xgboost,PAIRED_ENGLISH::paired_english::m15_190315_142052_cell1::SpykingCircus::57,PAIRED_ENGLISH::paired_english::m15_190315_142052_cell1,PAIRED_ENGLISH,0.6499202551834131,0.3561851,0.2937351467601801
main,fpos,latent_summary_fullctx_xgboost,latent_summary_stack,xgboost,PAIRED_ENGLISH::paired_english::m15_190315_152315_cell1::IronClust::35,PAIRED_ENGLISH::paired_english::m15_190315_152315_cell1,PAIRED_ENGLISH,0.002592440987856461,0.034314632,0.03172219142791503
main,fpos,latent_summary_fullctx_xgboost,latent_summary_stack,xgboost,PAIRED_ENGLISH::paired_english::m15_190315_152315_cell1::KiloSort2::37,PAIRED_ENGLISH::paired_english::m15_190315_152315_cell1,PAIRED_ENGLISH,0.00039059957034047265,0.0328462,0.03245560164087359
main,fpos,latent_summary_fullctx_xgboost,latent_summary_stack,xgboost,PAIRED_ENGLISH::paired_english::m15_190315_152315_cell1::KiloSort::1,PAIRED_ENGLISH::paired_english::m15_190315_152315_cell1,PAIRED_ENGLISH,6.528267397832615e-05,0.02857037,0.02850508807466078
main,fpos,latent_summary_fullctx_xgboost,latent_summary_stack,xgboost,PAIRED_ENGLISH::paired_english::m15_190315_152315_cell1::MountainSort4::72,PAIRED_ENGLISH::paired_english::m15_190315_152315_cell1,PAIRED_ENGLISH,0.052174468356855484,0.092048675,0.03987420646499815
main,fpos,latent_summary_fullctx_xgboost,latent_summary_stack,xgboost,PAIRED_ENGLISH::paired_english::m15_190315_152315_cell1::SpykingCircus::46,PAIRED_ENGLISH::paired_english::m15_190315_152315_cell1,PAIRED_ENGLISH,0.010891280531030483,0.034478698,0.023587417394775562
main,fpos,latent_summary_fullctx_xgboost,latent_summary_stack,xgboost,PAIRED_ENGLISH::paired_english::m15_190315_152315_cell1::Tridesclous::0,PAIRED_ENGLISH::paired_english::m15_190315_152315_cell1,PAIRED_ENGLISH,0.8482136225209834,0.3625778,0.4856358265386226
main,fpos,latent_summary_fullctx_xgboost,latent_summary_stack,xgboost,PAIRED_ENGLISH::paired_english::m26_190524_100859_cell1::KiloSort2::0,PAIRED_ENGLISH::paired_english::m26_190524_100859_cell1,PAIRED_ENGLISH,0.38315988647114474,0.31472373,0.06843615638386447
main,fpos,latent_summary_fullctx_xgboost,latent_summary_stack,xgboost,PAIRED_ENGLISH::paired_english::m26_190524_100859_cell1::KiloSort::19,PAIRED_ENGLISH::paired_english::m26_190524_100859_cell1,PAIRED_ENGLISH,0.2440677966101695,0.1756579,0.06840989842253217
main,fpos,latent_summary_fullctx_xgboost,latent_summary_stack,xgboost,PAIRED_ENGLISH::paired_english::m26_190524_100859_cell1::KiloSort::8,PAIRED_ENGLISH::paired_english::m26_190524_100859_cell1,PAIRED_ENGLISH,0.6505139500734214,0.44936302,0.20115092703074255
main,fpos,latent_summary_fullctx_xgboost,latent_summary_stack,xgboost,PAIRED_ENGLISH::paired_english::m57_191105_141906::IronClust::6,PAIRED_ENGLISH::paired_english::m57_191105_141906,PAIRED_ENGLISH,0.31826625386996904,0.3212172,0.0029509552307542264
main,fpos,latent_summary_fullctx_xgboost,latent_summary_stack,xgboost,PAIRED_ENGLISH::paired_english::m57_191105_141906::KiloSort::47,PAIRED_ENGLISH::paired_english::m57_191105_141906,PAIRED_ENGLISH,0.35376344086021505,0.29024956,0.06351388455719076
main,fpos,latent_summary_fullctx_xgboost,latent_summary_stack,xgboost,PAIRED_ENGLISH::paired_english::m57_191105_141906::MountainSort4::21,PAIRED_ENGLISH::paired_english::m57_191105_141906,PAIRED_ENGLISH,0.3323335332933413,0.46928802,0.13695448803272375
main,fpos,latent_summary_fullctx_xgboost,latent_summary_stack,xgboost,PAIRED_ENGLISH::paired_english::m57_191105_141906::MountainSort4::57,PAIRED_ENGLISH::paired_english::m57_191105_141906,PAIRED_ENGLISH,0.23853211009174313,0.29809853,0.0595664242538837
main,fpos,latent_summary_fullctx_xgboost,latent_summary_stack,xgboost,PAIRED_ENGLISH::paired_english::m57_191105_141906::SpykingCircus::12,PAIRED_ENGLISH::paired_english::m57_191105_141906,PAIRED_ENGLISH,0.3535228677379481,0.26315987,0.09036299663656872
main,fpos,latent_summary_fullctx_xgboost,latent_summary_stack,xgboost,PAIRED_ENGLISH::paired_english::m57_191105_141906::SpykingCircus::30,PAIRED_ENGLISH::paired_english::m57_191105_141906,PAIRED_ENGLISH,0.2040332147093713,0.1521724,0.051860813161939356
main,fpos,latent_summary_fullctx_xgboost,latent_summary_stack,xgboost,PAIRED_ENGLISH::paired_english::m57_191105_160026::HerdingSpikes2::1,PAIRED_ENGLISH::paired_english::m57_191105_160026,PAIRED_ENGLISH,0.13630229419703105,0.32974324,0.19344094210629842
main,fpos,latent_summary_fullctx_xgboost,latent_summary_stack,xgboost,PAIRED_ENGLISH::paired_english::m57_191105_160026::IronClust::2,PAIRED_ENGLISH::paired_english::m57_191105_160026,PAIRED_ENGLISH,0.5044008124576845,0.26042545,0.24397536404002096
main,fpos,latent_summary_fullctx_xgboost,latent_summary_stack,xgboost,PAIRED_ENGLISH::paired_english::m57_191105_160026::IronClust::3,PAIRED_ENGLISH::paired_english::m57_191105_160026,PAIRED_ENGLISH,0.05838815789473684,0.32863203,0.270243869016045
main,fpos,latent_summary_fullctx_xgboost,latent_summary_stack,xgboost,PAIRED_ENGLISH::paired_english::m57_191105_160026::KiloSort::127,PAIRED_ENGLISH::paired_english::m57_191105_160026,PAIRED_ENGLISH,0.5003422313483915,0.13632116,0.36402107413136575
main,fpos,latent_summary_fullctx_xgboost,latent_summary_stack,xgboost,PAIRED_ENGLISH::paired_english::m57_191105_160026::KiloSort::6,PAIRED_ENGLISH::paired_english::m57_191105_160026,PAIRED_ENGLISH,0.02531645569620253,0.23980628,0.21448982384385942
main,fpos,latent_summary_fullctx_xgboost,latent_summary_stack,xgboost,PAIRED_ENGLISH::paired_english::m57_191105_160026::MountainSort4::23,PAIRED_ENGLISH::paired_english::m57_191105_160026,PAIRED_ENGLISH,0.6737967914438503,0.19730769,0.47648910046580006
main,fpos,latent_summary_fullctx_xgboost,latent_summary_stack,xgboost,PAIRED_ENGLISH::paired_english::m57_191105_160026::MountainSort4::25,PAIRED_ENGLISH::paired_english::m57_191105_160026,PAIRED_ENGLISH,0.14568081991215226,0.3020015,0.15632068617801193
main,fpos,latent_summary_fullctx_xgboost,latent_summary_stack,xgboost,PAIRED_ENGLISH::paired_english::m57_191105_160026::SpykingCircus::2,PAIRED_ENGLISH::paired_english::m57_191105_160026,PAIRED_ENGLISH,0.6860282574568289,0.5034732,0.18255503520112215
main,fpos,latent_summary_fullctx_xgboost,latent_summary_stack,xgboost,PAIRED_ENGLISH::paired_english::m57_191105_160026::SpykingCircus::4,PAIRED_ENGLISH::paired_english::m57_191105_160026,PAIRED_ENGLISH,0.056790123456790124,0.32905376,0.2722636361181
main,fpos,latent_summary_fullctx_xgboost,latent_summary_stack,xgboost,PAIRED_ENGLISH::paired_english::m57_191105_160026::Tridesclous::0,PAIRED_ENGLISH::paired_english::m57_191105_160026,PAIRED_ENGLISH,0.8589226823012093,0.4664899,0.39243277122180253
main,fpos,latent_summary_fullctx_xgboost,latent_summary_stack,xgboost,PAIRED_KAMPFF::paired_kampff::c14::HerdingSpikes2::6,PAIRED_KAMPFF::paired_kampff::c14,PAIRED_KAMPFF,0.25090444775484144,0.12822899,0.12267545553110182
main,fpos,latent_summary_fullctx_xgboost,latent_summary_stack,xgboost,PAIRED_KAMPFF::paired_kampff::c14::IronClust::22,PAIRED_KAMPFF::paired_kampff::c14,PAIRED_KAMPFF,0.2240655987795576,0.12291004,0.10115556114280069
main,fpos,latent_summary_fullctx_xgboost,latent_summary_stack,xgboost,PAIRED_KAMPFF::paired_kampff::c14::KiloSort2::37,PAIRED_KAMPFF::paired_kampff::c14,PAIRED_KAMPFF,0.23899885489939474,0.07661651,0.16238234415053152
main,fpos,latent_summary_fullctx_xgboost,latent_summary_stack,xgboost,PAIRED_KAMPFF::paired_kampff::c14::MountainSort4::42,PAIRED_KAMPFF::paired_kampff::c14,PAIRED_KAMPFF,0.031842105263157894,0.035061233,0.0032191274824895366
main,fpos,latent_summary_fullctx_xgboost,latent_summary_stack,xgboost,PAIRED_KAMPFF::paired_kampff::c14::SpykingCircus::14,PAIRED_KAMPFF::paired_kampff::c14,PAIRED_KAMPFF,0.0993841579953281,0.07538986,0.023994295934781223
main,fpos,latent_summary_fullctx_xgboost,latent_summary_stack,xgboost,PAIRED_KAMPFF::paired_kampff::c14::Tridesclous::8,PAIRED_KAMPFF::paired_kampff::c14,PAIRED_KAMPFF,0.7298130782302221,0.47564617,0.2541669102366766
main,fpos,latent_summary_fullctx_xgboost,latent_summary_stack,xgboost,PAIRED_MEA64C_YGER::paired_mea64c::20170622_patch1::HerdingSpikes2::19,PAIRED_MEA64C_YGER::paired_mea64c::20170622_patch1,PAIRED_MEA64C_YGER,0.3048016701461378,0.30544448,0.0006428088425096679
main,fpos,latent_summary_fullctx_xgboost,latent_summary_stack,xgboost,PAIRED_MEA64C_YGER::paired_mea64c::20170622_patch1::HerdingSpikes2::7,PAIRED_MEA64C_YGER::paired_mea64c::20170622_patch1,PAIRED_MEA64C_YGER,0.006430868167202572,0.02363102,0.01720015135057678
main,fpos,latent_summary_fullctx_xgboost,latent_summary_stack,xgboost,PAIRED_MEA64C_YGER::paired_mea64c::20170622_patch1::IronClust::8,PAIRED_MEA64C_YGER::paired_mea64c::20170622_patch1,PAIRED_MEA64C_YGER,0.32512992968511156,0.17685753,0.14827239861440233
main,fpos,latent_summary_fullctx_xgboost,latent_summary_stack,xgboost,PAIRED_MEA64C_YGER::paired_mea64c::20170622_patch1::KiloSort2::23,PAIRED_MEA64C_YGER::paired_mea64c::20170622_patch1,PAIRED_MEA64C_YGER,0.0,0.016008344,0.016008343547582626
main,fpos,latent_summary_fullctx_xgboost,latent_summary_stack,xgboost,PAIRED_MEA64C_YGER::paired_mea64c::20170622_patch1::KiloSort::64,PAIRED_MEA64C_YGER::paired_mea64c::20170622_patch1,PAIRED_MEA64C_YGER,0.00022805017103762827,0.01308999,0.012861940072278068
main,fpos,latent_summary_fullctx_xgboost,latent_summary_stack,xgboost,PAIRED_MEA64C_YGER::paired_mea64c::20170622_patch1::Klusta::4,PAIRED_MEA64C_YGER::paired_mea64c::20170622_patch1,PAIRED_MEA64C_YGER,0.0050424628450106155,0.022926796,0.017884333382682943
main,fpos,latent_summary_fullctx_xgboost,latent_summary_stack,xgboost,PAIRED_MEA64C_YGER::paired_mea64c::20170622_patch1::MountainSort4::43,PAIRED_MEA64C_YGER::paired_mea64c::20170622_patch1,PAIRED_MEA64C_YGER,0.0040494938132733405,0.0186189,0.014569406515601247
main,fpos,latent_summary_fullctx_xgboost,latent_summary_stack,xgboost,PAIRED_MEA64C_YGER::paired_mea64c::20170622_patch1::SpykingCircus::18,PAIRED_MEA64C_YGER::paired_mea64c::20170622_patch1,PAIRED_MEA64C_YGER,0.00022079929344226098,0.0076622376,0.007441438328401554
main,fpos,latent_summary_fullctx_xgboost,latent_summary_stack,xgboost,PAIRED_MEA64C_YGER::paired_mea64c::20170622_patch1::Tridesclous::12,PAIRED_MEA64C_YGER::paired_mea64c::20170622_patch1,PAIRED_MEA64C_YGER,0.013830024537140308,0.014828729,0.000998704906111779
main,fpos,latent_summary_fullctx_xgboost,latent_summary_stack,xgboost,PAIRED_MEA64C_YGER::paired_mea64c::20170622_patch2::HerdingSpikes2::16,PAIRED_MEA64C_YGER::paired_mea64c::20170622_patch2,PAIRED_MEA64C_YGER,0.18683274021352314,0.17273438,0.014098360445151559
main,fpos,latent_summary_fullctx_xgboost,latent_summary_stack,xgboost,PAIRED_MEA64C_YGER::paired_mea64c::20170622_patch2::HerdingSpikes2::44,PAIRED_MEA64C_YGER::paired_mea64c::20170622_patch2,PAIRED_MEA64C_YGER,0.4028520499108734,0.065569036,0.33728301420196916
main,fpos,latent_summary_fullctx_xgboost,latent_summary_stack,xgboost,PAIRED_MEA64C_YGER::paired_mea64c::20170622_patch2::HerdingSpikes2::5,PAIRED_MEA64C_YGER::paired_mea64c::20170622_patch2,PAIRED_MEA64C_YGER,0.06115992970123023,0.0011243632,0.060035566541469396
main,fpos,latent_summary_fullctx_xgboost,latent_summary_stack,xgboost,PAIRED_MEA64C_YGER::paired_mea64c::20170622_patch2::IronClust::11,PAIRED_MEA64C_YGER::paired_mea64c::20170622_patch2,PAIRED_MEA64C_YGER,0.061366806136680614,0.0011452689,0.06022153722984142
main,fpos,latent_summary_fullctx_xgboost,latent_summary_stack,xgboost,PAIRED_MEA64C_YGER::paired_mea64c::20170622_patch2::JRClust::31,PAIRED_MEA64C_YGER::paired_mea64c::20170622_patch2,PAIRED_MEA64C_YGER,0.06118881118881119,0.0011776345,0.06001117672702832
main,fpos,latent_summary_fullctx_xgboost,latent_summary_stack,xgboost,PAIRED_MEA64C_YGER::paired_mea64c::20170622_patch2::KiloSort2::33,PAIRED_MEA64C_YGER::paired_mea64c::20170622_patch2,PAIRED_MEA64C_YGER,0.061409630146545706,0.0019302324,0.059479397753921685
main,fpos,latent_summary_fullctx_xgboost,latent_summary_stack,xgboost,PAIRED_MEA64C_YGER::paired_mea64c::20170622_patch2::KiloSort::5,PAIRED_MEA64C_YGER::paired_mea64c::20170622_patch2,PAIRED_MEA64C_YGER,0.06143106457242583,0.0025712617,0.058859802851693975
main,fpos,latent_summary_fullctx_xgboost,latent_summary_stack,xgboost,PAIRED_MEA64C_YGER::paired_mea64c::20170622_patch2::Klusta::14,PAIRED_MEA64C_YGER::paired_mea64c::20170622_patch2,PAIRED_MEA64C_YGER,0.05860349127182045,0.0020352383,0.056568252957400464
main,fpos,latent_summary_fullctx_xgboost,latent_summary_stack,xgboost,PAIRED_MEA64C_YGER::paired_mea64c::20170622_patch2::MountainSort4::31,PAIRED_MEA64C_YGER::paired_mea64c::20170622_patch2,PAIRED_MEA64C_YGER,0.07713404182379156,0.004526736,0.0726073056090346
main,fpos,latent_summary_fullctx_xgboost,latent_summary_stack,xgboost,PAIRED_MEA64C_YGER::paired_mea64c::20170622_patch2::SpykingCircus::17,PAIRED_MEA64C_YGER::paired_mea64c::20170622_patch2,PAIRED_MEA64C_YGER,0.061366806136680614,0.0013328735,0.06003393265814878
main,fpos,latent_summary_fullctx_xgboost,latent_summary_stack,xgboost,PAIRED_MEA64C_YGER::paired_mea64c::20170622_patch2::Tridesclous::0,PAIRED_MEA64C_YGER::paired_mea64c::20170622_patch2,PAIRED_MEA64C_YGER,0.061366806136680614,0.0012972672,0.060069538982821476
main,fpos,source_reweighted_fullctx_xgboost,source_reweighted_stack,xgboost,PAIRED_BOYDEN::paired_boyden32c::1103_1_1::IronClust::4,PAIRED_BOYDEN::paired_boyden32c::1103_1_1,PAIRED_BOYDEN,0.11363636363636363,0.12274248,0.009106117893349044
main,fpos,source_reweighted_fullctx_xgboost,source_reweighted_stack,xgboost,PAIRED_BOYDEN::paired_boyden32c::1103_1_1::JRClust::18,PAIRED_BOYDEN::paired_boyden32c::1103_1_1,PAIRED_BOYDEN,0.26138147566718994,0.26676318,0.0053817048271185275
main,fpos,source_reweighted_fullctx_xgboost,source_reweighted_stack,xgboost,PAIRED_BOYDEN::paired_boyden32c::1103_1_1::KiloSort2::33,PAIRED_BOYDEN::paired_boyden32c::1103_1_1,PAIRED_BOYDEN,0.17066290550070523,0.10712028,0.06354262255268811
main,fpos,source_reweighted_fullctx_xgboost,source_reweighted_stack,xgboost,PAIRED_BOYDEN::paired_boyden32c::1103_1_1::KiloSort2::55,PAIRED_BOYDEN::paired_boyden32c::1103_1_1,PAIRED_BOYDEN,0.3333333333333333,0.2102569,0.12307642896970111
main,fpos,source_reweighted_fullctx_xgboost,source_reweighted_stack,xgboost,PAIRED_BOYDEN::paired_boyden32c::1103_1_1::KiloSort2::60,PAIRED_BOYDEN::paired_boyden32c::1103_1_1,PAIRED_BOYDEN,0.15878378378378377,0.11821574,0.04056804405676351
main,fpos,source_reweighted_fullctx_xgboost,source_reweighted_stack,xgboost,PAIRED_BOYDEN::paired_boyden32c::1103_1_1::KiloSort::111,PAIRED_BOYDEN::paired_boyden32c::1103_1_1,PAIRED_BOYDEN,0.11241007194244604,0.20123048,0.08882040932452936
main,fpos,source_reweighted_fullctx_xgboost,source_reweighted_stack,xgboost,PAIRED_BOYDEN::paired_boyden32c::1103_1_1::Klusta::12,PAIRED_BOYDEN::paired_boyden32c::1103_1_1,PAIRED_BOYDEN,0.156686626746507,0.14912222,0.007564403488488497
main,fpos,source_reweighted_fullctx_xgboost,source_reweighted_stack,xgboost,PAIRED_BOYDEN::paired_boyden32c::1103_1_1::MountainSort4::26,PAIRED_BOYDEN::paired_boyden32c::1103_1_1,PAIRED_BOYDEN,0.30532212885154064,0.21325536,0.09206676812899883
main,fpos,source_reweighted_fullctx_xgboost,source_reweighted_stack,xgboost,PAIRED_BOYDEN::paired_boyden32c::1103_1_1::SpykingCircus::27,PAIRED_BOYDEN::paired_boyden32c::1103_1_1,PAIRED_BOYDEN,0.12258064516129032,0.1729882,0.05040756098685727
main,fpos,source_reweighted_fullctx_xgboost,source_reweighted_stack,xgboost,PAIRED_BOYDEN::paired_boyden32c::1103_1_1::Tridesclous::3,PAIRED_BOYDEN::paired_boyden32c::1103_1_1,PAIRED_BOYDEN,0.2613268608414239,0.26595584,0.004628974739401881
main,fpos,source_reweighted_fullctx_xgboost,source_reweighted_stack,xgboost,PAIRED_BOYDEN::paired_boyden32c::419_1_8::IronClust::14,PAIRED_BOYDEN::paired_boyden32c::419_1_8,PAIRED_BOYDEN,0.0663265306122449,0.015643686,0.05068284455610782
main,fpos,source_reweighted_fullctx_xgboost,source_reweighted_stack,xgboost,PAIRED_BOYDEN::paired_boyden32c::419_1_8::IronClust::4,PAIRED_BOYDEN::paired_boyden32c::419_1_8,PAIRED_BOYDEN,0.05829903978052126,0.050531384,0.007767656176709999
main,fpos,source_reweighted_fullctx_xgboost,source_reweighted_stack,xgboost,PAIRED_BOYDEN::paired_boyden32c::419_1_8::JRClust::24,PAIRED_BOYDEN::paired_boyden32c::419_1_8,PAIRED_BOYDEN,0.08062093139709564,0.020460568,0.060160363028660735
main,fpos,source_reweighted_fullctx_xgboost,source_reweighted_stack,xgboost,PAIRED_BOYDEN::paired_boyden32c::419_1_8::JRClust::8,PAIRED_BOYDEN::paired_boyden32c::419_1_8,PAIRED_BOYDEN,0.03907637655417407,0.039064962,1.1414137286787363e-05
main,fpos,source_reweighted_fullctx_xgboost,source_reweighted_stack,xgboost,PAIRED_BOYDEN::paired_boyden32c::419_1_8::KiloSort2::27,PAIRED_BOYDEN::paired_boyden32c::419_1_8,PAIRED_BOYDEN,0.1342059838895282,0.054225773,0.07998021127028077
main,fpos,source_reweighted_fullctx_xgboost,source_reweighted_stack,xgboost,PAIRED_BOYDEN::paired_boyden32c::419_1_8::KiloSort2::46,PAIRED_BOYDEN::paired_boyden32c::419_1_8,PAIRED_BOYDEN,0.02341480088873697,0.019775609,0.003639192334254509
main,fpos,source_reweighted_fullctx_xgboost,source_reweighted_stack,xgboost,PAIRED_BOYDEN::paired_boyden32c::419_1_8::KiloSort::17,PAIRED_BOYDEN::paired_boyden32c::419_1_8,PAIRED_BOYDEN,0.06424161521775405,0.017656436,0.046585179027744936
main,fpos,source_reweighted_fullctx_xgboost,source_reweighted_stack,xgboost,PAIRED_BOYDEN::paired_boyden32c::419_1_8::MountainSort4::42,PAIRED_BOYDEN::paired_boyden32c::419_1_8,PAIRED_BOYDEN,0.16482219271063892,0.10273882,0.06208337269425479
main,fpos,source_reweighted_fullctx_xgboost,source_reweighted_stack,xgboost,PAIRED_BOYDEN::paired_boyden32c::419_1_8::SpykingCircus::24,PAIRED_BOYDEN::paired_boyden32c::419_1_8,PAIRED_BOYDEN,0.24721080446271285,0.12257684,0.12463396424083098
main,fpos,source_reweighted_fullctx_xgboost,source_reweighted_stack,xgboost,PAIRED_BOYDEN::paired_boyden32c::419_1_8::SpykingCircus::28,PAIRED_BOYDEN::paired_boyden32c::419_1_8,PAIRED_BOYDEN,0.029543112332531776,0.01768775,0.011855363214918938
main,fpos,source_reweighted_fullctx_xgboost,source_reweighted_stack,xgboost,PAIRED_BOYDEN::paired_boyden32c::419_1_8::Tridesclous::0,PAIRED_BOYDEN::paired_boyden32c::419_1_8,PAIRED_BOYDEN,0.15585806056898133,0.16391163,0.008053565173930965
main,fpos,source_reweighted_fullctx_xgboost,source_reweighted_stack,xgboost,PAIRED_CRCNS_HC1::paired_crcns::d11221_d11221.001::SpykingCircus::6,PAIRED_CRCNS_HC1::paired_crcns::d11221_d11221.001,PAIRED_CRCNS_HC1,0.8835978835978836,0.45580408,0.42779380382684173
main,fpos,source_reweighted_fullctx_xgboost,source_reweighted_stack,xgboost,PAIRED_CRCNS_HC1::paired_crcns::d11222_d11222.002::IronClust::2,PAIRED_CRCNS_HC1::paired_crcns::d11222_d11222.002,PAIRED_CRCNS_HC1,0.04466019417475728,0.24445184,0.19979164157677623
main,fpos,source_reweighted_fullctx_xgboost,source_reweighted_stack,xgboost,PAIRED_CRCNS_HC1::paired_crcns::d11222_d11222.002::JRClust::3,PAIRED_CRCNS_HC1::paired_crcns::d11222_d11222.002,PAIRED_CRCNS_HC1,0.039337474120082816,0.08801011,0.04867263584095005
main,fpos,source_reweighted_fullctx_xgboost,source_reweighted_stack,xgboost,PAIRED_CRCNS_HC1::paired_crcns::d11222_d11222.002::KiloSort2::10,PAIRED_CRCNS_HC1::paired_crcns::d11222_d11222.002,PAIRED_CRCNS_HC1,0.550417469492614,0.088985704,0.4614317656070588
main,fpos,source_reweighted_fullctx_xgboost,source_reweighted_stack,xgboost,PAIRED_CRCNS_HC1::paired_crcns::d11222_d11222.002::KiloSort::1,PAIRED_CRCNS_HC1::paired_crcns::d11222_d11222.002,PAIRED_CRCNS_HC1,0.03337783711615487,0.1194689,0.08609106046494559
main,fpos,source_reweighted_fullctx_xgboost,source_reweighted_stack,xgboost,PAIRED_CRCNS_HC1::paired_crcns::d11222_d11222.002::Klusta::2,PAIRED_CRCNS_HC1::paired_crcns::d11222_d11222.002,PAIRED_CRCNS_HC1,0.008777852802160702,0.0934859,0.08470804646742014
main,fpos,source_reweighted_fullctx_xgboost,source_reweighted_stack,xgboost,PAIRED_CRCNS_HC1::paired_crcns::d11222_d11222.002::MountainSort4::4,PAIRED_CRCNS_HC1::paired_crcns::d11222_d11222.002,PAIRED_CRCNS_HC1,0.360427807486631,0.24872068,0.1117071317797676
main,fpos,source_reweighted_fullctx_xgboost,source_reweighted_stack,xgboost,PAIRED_CRCNS_HC1::paired_crcns::d11222_d11222.002::SpykingCircus::4,PAIRED_CRCNS_HC1::paired_crcns::d11222_d11222.002,PAIRED_CRCNS_HC1,0.11986754966887417,0.08678621,0.03308133913191738
main,fpos,source_reweighted_fullctx_xgboost,source_reweighted_stack,xgboost,PAIRED_CRCNS_HC1::paired_crcns::d11222_d11222.002::Tridesclous::0,PAIRED_CRCNS_HC1::paired_crcns::d11222_d11222.002,PAIRED_CRCNS_HC1,0.021164021164021163,0.09763947,0.07647545012847456
main,fpos,source_reweighted_fullctx_xgboost,source_reweighted_stack,xgboost,PAIRED_ENGLISH::paired_english::m139_200114_191955::KiloSort2::25,PAIRED_ENGLISH::paired_english::m139_200114_191955,PAIRED_ENGLISH,0.7302739726027397,0.24217547,0.4880984978398232
main,fpos,source_reweighted_fullctx_xgboost,source_reweighted_stack,xgboost,PAIRED_ENGLISH::paired_english::m139_200114_191955::MountainSort4::36,PAIRED_ENGLISH::paired_english::m139_200114_191955,PAIRED_ENGLISH,0.8735255086994986,0.5202316,0.3532939041233878
main,fpos,source_reweighted_fullctx_xgboost,source_reweighted_stack,xgboost,PAIRED_ENGLISH::paired_english::m139_200114_191955::SpykingCircus::42,PAIRED_ENGLISH::paired_english::m139_200114_191955,PAIRED_ENGLISH,0.5584045584045584,0.31783536,0.24056919763910123
main,fpos,source_reweighted_fullctx_xgboost,source_reweighted_stack,xgboost,PAIRED_ENGLISH::paired_english::m139_200114_222743::HerdingSpikes2::5,PAIRED_ENGLISH::paired_english::m139_200114_222743,PAIRED_ENGLISH,0.03257707969749855,0.32663822,0.2940611420432241
main,fpos,source_reweighted_fullctx_xgboost,source_reweighted_stack,xgboost,PAIRED_ENGLISH::paired_english::m139_200114_222743::IronClust::17,PAIRED_ENGLISH::paired_english::m139_200114_222743,PAIRED_ENGLISH,0.02675196277987787,0.24547654,0.21872458112347296
main,fpos,source_reweighted_fullctx_xgboost,source_reweighted_stack,xgboost,PAIRED_ENGLISH::paired_english::m139_200114_222743::KiloSort2::26,PAIRED_ENGLISH::paired_english::m139_200114_222743,PAIRED_ENGLISH,0.028645087367516472,0.2522213,0.223576198929328
main,fpos,source_reweighted_fullctx_xgboost,source_reweighted_stack,xgboost,PAIRED_ENGLISH::paired_english::m139_200114_222743::KiloSort::88,PAIRED_ENGLISH::paired_english::m139_200114_222743,PAIRED_ENGLISH,0.015151515151515152,0.28049016,0.2653386448368882
main,fpos,source_reweighted_fullctx_xgboost,source_reweighted_stack,xgboost,PAIRED_ENGLISH::paired_english::m139_200114_222743::MountainSort4::46,PAIRED_ENGLISH::paired_english::m139_200114_222743,PAIRED_ENGLISH,0.039886039886039885,0.4098851,0.36999906858487686
main,fpos,source_reweighted_fullctx_xgboost,source_reweighted_stack,xgboost,PAIRED_ENGLISH::paired_english::m139_200114_222743::SpykingCircus::44,PAIRED_ENGLISH::paired_english::m139_200114_222743,PAIRED_ENGLISH,0.028064146620847653,0.22420134,0.1961371898821812
main,fpos,source_reweighted_fullctx_xgboost,source_reweighted_stack,xgboost,PAIRED_ENGLISH::paired_english::m139_200114_222743::Tridesclous::1,PAIRED_ENGLISH::paired_english::m139_200114_222743,PAIRED_ENGLISH,0.3089646722483153,0.3256655,0.01670083149199536
main,fpos,source_reweighted_fullctx_xgboost,source_reweighted_stack,xgboost,PAIRED_ENGLISH::paired_english::m14_190326_155432::IronClust::22,PAIRED_ENGLISH::paired_english::m14_190326_155432,PAIRED_ENGLISH,0.0481651376146789,0.06701491,0.018849772666025597
main,fpos,source_reweighted_fullctx_xgboost,source_reweighted_stack,xgboost,PAIRED_ENGLISH::paired_english::m14_190326_155432::MountainSort4::33,PAIRED_ENGLISH::paired_english::m14_190326_155432,PAIRED_ENGLISH,0.1981651376146789,0.3633746,0.16520945325903935
main,fpos,source_reweighted_fullctx_xgboost,source_reweighted_stack,xgboost,PAIRED_ENGLISH::paired_english::m14_190326_155432::SpykingCircus::38,PAIRED_ENGLISH::paired_english::m14_190326_155432,PAIRED_ENGLISH,0.013363028953229399,0.054522507,0.041159477939451725
main,fpos,source_reweighted_fullctx_xgboost,source_reweighted_stack,xgboost,PAIRED_ENGLISH::paired_english::m15_190315_142052_cell1::IronClust::40,PAIRED_ENGLISH::paired_english::m15_190315_142052_cell1,PAIRED_ENGLISH,0.2679960401640503,0.382089,0.1140929488553436
main,fpos,source_reweighted_fullctx_xgboost,source_reweighted_stack,xgboost,PAIRED_ENGLISH::paired_english::m15_190315_142052_cell1::KiloSort2::48,PAIRED_ENGLISH::paired_english::m15_190315_142052_cell1,PAIRED_ENGLISH,0.8627861694595232,0.44715813,0.41562804143637566
main,fpos,source_reweighted_fullctx_xgboost,source_reweighted_stack,xgboost,PAIRED_ENGLISH::paired_english::m15_190315_142052_cell1::MountainSort4::62,PAIRED_ENGLISH::paired_english::m15_190315_142052_cell1,PAIRED_ENGLISH,0.8769885383524361,0.4574449,0.41954363211769485
main,fpos,source_reweighted_fullctx_xgboost,source_reweighted_stack,xgboost,PAIRED_ENGLISH::paired_english::m15_190315_142052_cell1::MountainSort4::64,PAIRED_ENGLISH::paired_english::m15_190315_142052_cell1,PAIRED_ENGLISH,0.14704761904761904,0.28709814,0.1400505204768408
main,fpos,source_reweighted_fullctx_xgboost,source_reweighted_stack,xgboost,PAIRED_ENGLISH::paired_english::m15_190315_142052_cell1::SpykingCircus::22,PAIRED_ENGLISH::paired_english::m15_190315_142052_cell1,PAIRED_ENGLISH,0.23500526131182042,0.689091,0.4540857654711691
main,fpos,source_reweighted_fullctx_xgboost,source_reweighted_stack,xgboost,PAIRED_ENGLISH::paired_english::m15_190315_142052_cell1::SpykingCircus::57,PAIRED_ENGLISH::paired_english::m15_190315_142052_cell1,PAIRED_ENGLISH,0.6499202551834131,0.3886877,0.26123255515022525
main,fpos,source_reweighted_fullctx_xgboost,source_reweighted_stack,xgboost,PAIRED_ENGLISH::paired_english::m15_190315_152315_cell1::IronClust::35,PAIRED_ENGLISH::paired_english::m15_190315_152315_cell1,PAIRED_ENGLISH,0.002592440987856461,0.043267876,0.04067543492194884
main,fpos,source_reweighted_fullctx_xgboost,source_reweighted_stack,xgboost,PAIRED_ENGLISH::paired_english::m15_190315_152315_cell1::KiloSort2::37,PAIRED_ENGLISH::paired_english::m15_190315_152315_cell1,PAIRED_ENGLISH,0.00039059957034047265,0.045130774,0.044740174808436076
main,fpos,source_reweighted_fullctx_xgboost,source_reweighted_stack,xgboost,PAIRED_ENGLISH::paired_english::m15_190315_152315_cell1::KiloSort::1,PAIRED_ENGLISH::paired_english::m15_190315_152315_cell1,PAIRED_ENGLISH,6.528267397832615e-05,0.036920417,0.03685513442621279
main,fpos,source_reweighted_fullctx_xgboost,source_reweighted_stack,xgboost,PAIRED_ENGLISH::paired_english::m15_190315_152315_cell1::MountainSort4::72,PAIRED_ENGLISH::paired_english::m15_190315_152315_cell1,PAIRED_ENGLISH,0.052174468356855484,0.09636898,0.0441945150310916
main,fpos,source_reweighted_fullctx_xgboost,source_reweighted_stack,xgboost,PAIRED_ENGLISH::paired_english::m15_190315_152315_cell1::SpykingCircus::46,PAIRED_ENGLISH::paired_english::m15_190315_152315_cell1,PAIRED_ENGLISH,0.010891280531030483,0.04576175,0.03487046861733835
main,fpos,source_reweighted_fullctx_xgboost,source_reweighted_stack,xgboost,PAIRED_ENGLISH::paired_english::m15_190315_152315_cell1::Tridesclous::0,PAIRED_ENGLISH::paired_english::m15_190315_152315_cell1,PAIRED_ENGLISH,0.8482136225209834,0.38144168,0.46677193994385024
main,fpos,source_reweighted_fullctx_xgboost,source_reweighted_stack,xgboost,PAIRED_ENGLISH::paired_english::m26_190524_100859_cell1::KiloSort2::0,PAIRED_ENGLISH::paired_english::m26_190524_100859_cell1,PAIRED_ENGLISH,0.38315988647114474,0.3229912,0.06016869413029391
main,fpos,source_reweighted_fullctx_xgboost,source_reweighted_stack,xgboost,PAIRED_ENGLISH::paired_english::m26_190524_100859_cell1::KiloSort::19,PAIRED_ENGLISH::paired_english::m26_190524_100859_cell1,PAIRED_ENGLISH,0.2440677966101695,0.18997857,0.054089226864152046
main,fpos,source_reweighted_fullctx_xgboost,source_reweighted_stack,xgboost,PAIRED_ENGLISH::paired_english::m26_190524_100859_cell1::KiloSort::8,PAIRED_ENGLISH::paired_english::m26_190524_100859_cell1,PAIRED_ENGLISH,0.6505139500734214,0.37873816,0.271775785171688
main,fpos,source_reweighted_fullctx_xgboost,source_reweighted_stack,xgboost,PAIRED_ENGLISH::paired_english::m57_191105_141906::IronClust::6,PAIRED_ENGLISH::paired_english::m57_191105_141906,PAIRED_ENGLISH,0.31826625386996904,0.4394,0.1211337335892137
main,fpos,source_reweighted_fullctx_xgboost,source_reweighted_stack,xgboost,PAIRED_ENGLISH::paired_english::m57_191105_141906::KiloSort::47,PAIRED_ENGLISH::paired_english::m57_191105_141906,PAIRED_ENGLISH,0.35376344086021505,0.353037,0.0007264411577614371
main,fpos,source_reweighted_fullctx_xgboost,source_reweighted_stack,xgboost,PAIRED_ENGLISH::paired_english::m57_191105_141906::MountainSort4::21,PAIRED_ENGLISH::paired_english::m57_191105_141906,PAIRED_ENGLISH,0.3323335332933413,0.49845353,0.1661199943956388
main,fpos,source_reweighted_fullctx_xgboost,source_reweighted_stack,xgboost,PAIRED_ENGLISH::paired_english::m57_191105_141906::MountainSort4::57,PAIRED_ENGLISH::paired_english::m57_191105_141906,PAIRED_ENGLISH,0.23853211009174313,0.34301353,0.10448141491741214
main,fpos,source_reweighted_fullctx_xgboost,source_reweighted_stack,xgboost,PAIRED_ENGLISH::paired_english::m57_191105_141906::SpykingCircus::12,PAIRED_ENGLISH::paired_english::m57_191105_141906,PAIRED_ENGLISH,0.3535228677379481,0.30753502,0.045987845240770986
main,fpos,source_reweighted_fullctx_xgboost,source_reweighted_stack,xgboost,PAIRED_ENGLISH::paired_english::m57_191105_141906::SpykingCircus::30,PAIRED_ENGLISH::paired_english::m57_191105_141906,PAIRED_ENGLISH,0.2040332147093713,0.24606743,0.04203421983996036
main,fpos,source_reweighted_fullctx_xgboost,source_reweighted_stack,xgboost,PAIRED_ENGLISH::paired_english::m57_191105_160026::HerdingSpikes2::1,PAIRED_ENGLISH::paired_english::m57_191105_160026,PAIRED_ENGLISH,0.13630229419703105,0.34372154,0.2074192445850887
main,fpos,source_reweighted_fullctx_xgboost,source_reweighted_stack,xgboost,PAIRED_ENGLISH::paired_english::m57_191105_160026::IronClust::2,PAIRED_ENGLISH::paired_english::m57_191105_160026,PAIRED_ENGLISH,0.5044008124576845,0.23781106,0.2665897536979952
main,fpos,source_reweighted_fullctx_xgboost,source_reweighted_stack,xgboost,PAIRED_ENGLISH::paired_english::m57_191105_160026::IronClust::3,PAIRED_ENGLISH::paired_english::m57_191105_160026,PAIRED_ENGLISH,0.05838815789473684,0.37903774,0.3206495799516377
main,fpos,source_reweighted_fullctx_xgboost,source_reweighted_stack,xgboost,PAIRED_ENGLISH::paired_english::m57_191105_160026::KiloSort::127,PAIRED_ENGLISH::paired_english::m57_191105_160026,PAIRED_ENGLISH,0.5003422313483915,0.19623972,0.30410250659310434
main,fpos,source_reweighted_fullctx_xgboost,source_reweighted_stack,xgboost,PAIRED_ENGLISH::paired_english::m57_191105_160026::KiloSort::6,PAIRED_ENGLISH::paired_english::m57_191105_160026,PAIRED_ENGLISH,0.02531645569620253,0.25042796,0.22511150565328478
main,fpos,source_reweighted_fullctx_xgboost,source_reweighted_stack,xgboost,PAIRED_ENGLISH::paired_english::m57_191105_160026::MountainSort4::23,PAIRED_ENGLISH::paired_english::m57_191105_160026,PAIRED_ENGLISH,0.6737967914438503,0.20716232,0.4666344708299892
main,fpos,source_reweighted_fullctx_xgboost,source_reweighted_stack,xgboost,PAIRED_ENGLISH::paired_english::m57_191105_160026::MountainSort4::25,PAIRED_ENGLISH::paired_english::m57_191105_160026,PAIRED_ENGLISH,0.14568081991215226,0.30350175,0.1578209350870085
main,fpos,source_reweighted_fullctx_xgboost,source_reweighted_stack,xgboost,PAIRED_ENGLISH::paired_english::m57_191105_160026::SpykingCircus::2,PAIRED_ENGLISH::paired_english::m57_191105_160026,PAIRED_ENGLISH,0.6860282574568289,0.47277486,0.2132533942137259
main,fpos,source_reweighted_fullctx_xgboost,source_reweighted_stack,xgboost,PAIRED_ENGLISH::paired_english::m57_191105_160026::SpykingCircus::4,PAIRED_ENGLISH::paired_english::m57_191105_160026,PAIRED_ENGLISH,0.056790123456790124,0.3736932,0.3169030745088318
main,fpos,source_reweighted_fullctx_xgboost,source_reweighted_stack,xgboost,PAIRED_ENGLISH::paired_english::m57_191105_160026::Tridesclous::0,PAIRED_ENGLISH::paired_english::m57_191105_160026,PAIRED_ENGLISH,0.8589226823012093,0.54604393,0.31287874986331254
main,fpos,source_reweighted_fullctx_xgboost,source_reweighted_stack,xgboost,PAIRED_KAMPFF::paired_kampff::c14::HerdingSpikes2::6,PAIRED_KAMPFF::paired_kampff::c14,PAIRED_KAMPFF,0.25090444775484144,0.13842261,0.11248183937929213
main,fpos,source_reweighted_fullctx_xgboost,source_reweighted_stack,xgboost,PAIRED_KAMPFF::paired_kampff::c14::IronClust::22,PAIRED_KAMPFF::paired_kampff::c14,PAIRED_KAMPFF,0.2240655987795576,0.1466716,0.07739400559031809
main,fpos,source_reweighted_fullctx_xgboost,source_reweighted_stack,xgboost,PAIRED_KAMPFF::paired_kampff::c14::KiloSort2::37,PAIRED_KAMPFF::paired_kampff::c14,PAIRED_KAMPFF,0.23899885489939474,0.13790636,0.10109249725340627
main,fpos,source_reweighted_fullctx_xgboost,source_reweighted_stack,xgboost,PAIRED_KAMPFF::paired_kampff::c14::MountainSort4::42,PAIRED_KAMPFF::paired_kampff::c14,PAIRED_KAMPFF,0.031842105263157894,0.05012049,0.018278386271313618
main,fpos,source_reweighted_fullctx_xgboost,source_reweighted_stack,xgboost,PAIRED_KAMPFF::paired_kampff::c14::SpykingCircus::14,PAIRED_KAMPFF::paired_kampff::c14,PAIRED_KAMPFF,0.0993841579953281,0.09099681,0.00838734869156757
main,fpos,source_reweighted_fullctx_xgboost,source_reweighted_stack,xgboost,PAIRED_KAMPFF::paired_kampff::c14::Tridesclous::8,PAIRED_KAMPFF::paired_kampff::c14,PAIRED_KAMPFF,0.7298130782302221,0.54182976,0.18798331338723506
main,fpos,source_reweighted_fullctx_xgboost,source_reweighted_stack,xgboost,PAIRED_MEA64C_YGER::paired_mea64c::20170622_patch1::HerdingSpikes2::19,PAIRED_MEA64C_YGER::paired_mea64c::20170622_patch1,PAIRED_MEA64C_YGER,0.3048016701461378,0.38790855,0.08310687797054617
main,fpos,source_reweighted_fullctx_xgboost,source_reweighted_stack,xgboost,PAIRED_MEA64C_YGER::paired_mea64c::20170622_patch1::HerdingSpikes2::7,PAIRED_MEA64C_YGER::paired_mea64c::20170622_patch1,PAIRED_MEA64C_YGER,0.006430868167202572,0.019260695,0.012829827036936184
main,fpos,source_reweighted_fullctx_xgboost,source_reweighted_stack,xgboost,PAIRED_MEA64C_YGER::paired_mea64c::20170622_patch1::IronClust::8,PAIRED_MEA64C_YGER::paired_mea64c::20170622_patch1,PAIRED_MEA64C_YGER,0.32512992968511156,0.14449094,0.18063898732614092
main,fpos,source_reweighted_fullctx_xgboost,source_reweighted_stack,xgboost,PAIRED_MEA64C_YGER::paired_mea64c::20170622_patch1::KiloSort2::23,PAIRED_MEA64C_YGER::paired_mea64c::20170622_patch1,PAIRED_MEA64C_YGER,0.0,0.011968478,0.011968477629125118
main,fpos,source_reweighted_fullctx_xgboost,source_reweighted_stack,xgboost,PAIRED_MEA64C_YGER::paired_mea64c::20170622_patch1::KiloSort::64,PAIRED_MEA64C_YGER::paired_mea64c::20170622_patch1,PAIRED_MEA64C_YGER,0.00022805017103762827,0.01009374,0.009865690016547725
main,fpos,source_reweighted_fullctx_xgboost,source_reweighted_stack,xgboost,PAIRED_MEA64C_YGER::paired_mea64c::20170622_patch1::Klusta::4,PAIRED_MEA64C_YGER::paired_mea64c::20170622_patch1,PAIRED_MEA64C_YGER,0.0050424628450106155,0.018195199,0.01315273600383296
main,fpos,source_reweighted_fullctx_xgboost,source_reweighted_stack,xgboost,PAIRED_MEA64C_YGER::paired_mea64c::20170622_patch1::MountainSort4::43,PAIRED_MEA64C_YGER::paired_mea64c::20170622_patch1,PAIRED_MEA64C_YGER,0.0040494938132733405,0.020806117,0.016756623170021148
main,fpos,source_reweighted_fullctx_xgboost,source_reweighted_stack,xgboost,PAIRED_MEA64C_YGER::paired_mea64c::20170622_patch1::SpykingCircus::18,PAIRED_MEA64C_YGER::paired_mea64c::20170622_patch1,PAIRED_MEA64C_YGER,0.00022079929344226098,0.007613417,0.007392617933378923
main,fpos,source_reweighted_fullctx_xgboost,source_reweighted_stack,xgboost,PAIRED_MEA64C_YGER::paired_mea64c::20170622_patch1::Tridesclous::12,PAIRED_MEA64C_YGER::paired_mea64c::20170622_patch1,PAIRED_MEA64C_YGER,0.013830024537140308,0.015766045,0.001936020541494908
main,fpos,source_reweighted_fullctx_xgboost,source_reweighted_stack,xgboost,PAIRED_MEA64C_YGER::paired_mea64c::20170622_patch2::HerdingSpikes2::16,PAIRED_MEA64C_YGER::paired_mea64c::20170622_patch2,PAIRED_MEA64C_YGER,0.18683274021352314,0.18006518,0.006767555381903878
main,fpos,source_reweighted_fullctx_xgboost,source_reweighted_stack,xgboost,PAIRED_MEA64C_YGER::paired_mea64c::20170622_patch2::HerdingSpikes2::44,PAIRED_MEA64C_YGER::paired_mea64c::20170622_patch2,PAIRED_MEA64C_YGER,0.4028520499108734,0.08084985,0.32200220122322465
main,fpos,source_reweighted_fullctx_xgboost,source_reweighted_stack,xgboost,PAIRED_MEA64C_YGER::paired_mea64c::20170622_patch2::HerdingSpikes2::5,PAIRED_MEA64C_YGER::paired_mea64c::20170622_patch2,PAIRED_MEA64C_YGER,0.06115992970123023,0.0017285098,0.05943141991562277
main,fpos,source_reweighted_fullctx_xgboost,source_reweighted_stack,xgboost,PAIRED_MEA64C_YGER::paired_mea64c::20170622_patch2::IronClust::11,PAIRED_MEA64C_YGER::paired_mea64c::20170622_patch2,PAIRED_MEA64C_YGER,0.061366806136680614,0.0018164356,0.059550370536049675
main,fpos,source_reweighted_fullctx_xgboost,source_reweighted_stack,xgboost,PAIRED_MEA64C_YGER::paired_mea64c::20170622_patch2::JRClust::31,PAIRED_MEA64C_YGER::paired_mea64c::20170622_patch2,PAIRED_MEA64C_YGER,0.06118881118881119,0.0020432896,0.059145521590733656
main,fpos,source_reweighted_fullctx_xgboost,source_reweighted_stack,xgboost,PAIRED_MEA64C_YGER::paired_mea64c::20170622_patch2::KiloSort2::33,PAIRED_MEA64C_YGER::paired_mea64c::20170622_patch2,PAIRED_MEA64C_YGER,0.061409630146545706,0.00397905,0.057430580057871876
main,fpos,source_reweighted_fullctx_xgboost,source_reweighted_stack,xgboost,PAIRED_MEA64C_YGER::paired_mea64c::20170622_patch2::KiloSort::5,PAIRED_MEA64C_YGER::paired_mea64c::20170622_patch2,PAIRED_MEA64C_YGER,0.06143106457242583,0.0039029596,0.057528104935081946
main,fpos,source_reweighted_fullctx_xgboost,source_reweighted_stack,xgboost,PAIRED_MEA64C_YGER::paired_mea64c::20170622_patch2::Klusta::14,PAIRED_MEA64C_YGER::paired_mea64c::20170622_patch2,PAIRED_MEA64C_YGER,0.05860349127182045,0.003629363,0.05497412836269715
main,fpos,source_reweighted_fullctx_xgboost,source_reweighted_stack,xgboost,PAIRED_MEA64C_YGER::paired_mea64c::20170622_patch2::MountainSort4::31,PAIRED_MEA64C_YGER::paired_mea64c::20170622_patch2,PAIRED_MEA64C_YGER,0.07713404182379156,0.009856927,0.06727711461518913
main,fpos,source_reweighted_fullctx_xgboost,source_reweighted_stack,xgboost,PAIRED_MEA64C_YGER::paired_mea64c::20170622_patch2::SpykingCircus::17,PAIRED_MEA64C_YGER::paired_mea64c::20170622_patch2,PAIRED_MEA64C_YGER,0.061366806136680614,0.0020592187,0.0593075874301175
main,fpos,source_reweighted_fullctx_xgboost,source_reweighted_stack,xgboost,PAIRED_MEA64C_YGER::paired_mea64c::20170622_patch2::Tridesclous::0,PAIRED_MEA64C_YGER::paired_mea64c::20170622_patch2,PAIRED_MEA64C_YGER,0.061366806136680614,0.0017787741,0.05958803205681391
