protocol,target,variant_id,family,backend,row_uid,recording_key,study_set,true,pred,abs_error
main,fpos,source_reweighted_cluster_trust_pseudo_lightgbm_default,backend_sweep,lightgbm_default,PAIRED_BOYDEN::paired_boyden32c::1103_1_1::IronClust::4,PAIRED_BOYDEN::paired_boyden32c::1103_1_1,PAIRED_BOYDEN,0.11363636363636363,0.12767328,0.01403691958297383
main,fpos,source_reweighted_cluster_trust_pseudo_lightgbm_default,backend_sweep,lightgbm_default,PAIRED_BOYDEN::paired_boyden32c::1103_1_1::JRClust::18,PAIRED_BOYDEN::paired_boyden32c::1103_1_1,PAIRED_BOYDEN,0.26138147566718994,0.40537804,0.14399656798439087
main,fpos,source_reweighted_cluster_trust_pseudo_lightgbm_default,backend_sweep,lightgbm_default,PAIRED_BOYDEN::paired_boyden32c::1103_1_1::KiloSort::111,PAIRED_BOYDEN::paired_boyden32c::1103_1_1,PAIRED_BOYDEN,0.11241007194244604,0.16153102,0.04912094428813715
main,fpos,source_reweighted_cluster_trust_pseudo_lightgbm_default,backend_sweep,lightgbm_default,PAIRED_BOYDEN::paired_boyden32c::1103_1_1::KiloSort2::33,PAIRED_BOYDEN::paired_boyden32c::1103_1_1,PAIRED_BOYDEN,0.17066290550070523,0.21372844,0.043065537287418854
main,fpos,source_reweighted_cluster_trust_pseudo_lightgbm_default,backend_sweep,lightgbm_default,PAIRED_BOYDEN::paired_boyden32c::1103_1_1::KiloSort2::55,PAIRED_BOYDEN::paired_boyden32c::1103_1_1,PAIRED_BOYDEN,0.3333333333333333,0.21274294,0.12059039374192554
main,fpos,source_reweighted_cluster_trust_pseudo_lightgbm_default,backend_sweep,lightgbm_default,PAIRED_BOYDEN::paired_boyden32c::1103_1_1::KiloSort2::60,PAIRED_BOYDEN::paired_boyden32c::1103_1_1,PAIRED_BOYDEN,0.15878378378378377,0.0885259,0.07025788502918706
main,fpos,source_reweighted_cluster_trust_pseudo_lightgbm_default,backend_sweep,lightgbm_default,PAIRED_BOYDEN::paired_boyden32c::1103_1_1::Klusta::12,PAIRED_BOYDEN::paired_boyden32c::1103_1_1,PAIRED_BOYDEN,0.156686626746507,0.20672072,0.05003409795537442
main,fpos,source_reweighted_cluster_trust_pseudo_lightgbm_default,backend_sweep,lightgbm_default,PAIRED_BOYDEN::paired_boyden32c::1103_1_1::MountainSort4::26,PAIRED_BOYDEN::paired_boyden32c::1103_1_1,PAIRED_BOYDEN,0.30532212885154064,0.3853321,0.08000997869240467
main,fpos,source_reweighted_cluster_trust_pseudo_lightgbm_default,backend_sweep,lightgbm_default,PAIRED_BOYDEN::paired_boyden32c::1103_1_1::SpykingCircus::27,PAIRED_BOYDEN::paired_boyden32c::1103_1_1,PAIRED_BOYDEN,0.12258064516129032,0.19471557,0.07213492922244534
main,fpos,source_reweighted_cluster_trust_pseudo_lightgbm_default,backend_sweep,lightgbm_default,PAIRED_BOYDEN::paired_boyden32c::1103_1_1::Tridesclous::3,PAIRED_BOYDEN::paired_boyden32c::1103_1_1,PAIRED_BOYDEN,0.2613268608414239,0.29724243,0.03591557199129397
main,fpos,source_reweighted_cluster_trust_pseudo_lightgbm_default,backend_sweep,lightgbm_default,PAIRED_BOYDEN::paired_boyden32c::419_1_8::IronClust::14,PAIRED_BOYDEN::paired_boyden32c::419_1_8,PAIRED_BOYDEN,0.0663265306122449,0.057041444,0.009285086727872191
main,fpos,source_reweighted_cluster_trust_pseudo_lightgbm_default,backend_sweep,lightgbm_default,PAIRED_BOYDEN::paired_boyden32c::419_1_8::IronClust::4,PAIRED_BOYDEN::paired_boyden32c::419_1_8,PAIRED_BOYDEN,0.05829903978052126,0.06900894,0.010709899187660347
main,fpos,source_reweighted_cluster_trust_pseudo_lightgbm_default,backend_sweep,lightgbm_default,PAIRED_BOYDEN::paired_boyden32c::419_1_8::JRClust::24,PAIRED_BOYDEN::paired_boyden32c::419_1_8,PAIRED_BOYDEN,0.08062093139709564,0.06316121,0.01745972217144104
main,fpos,source_reweighted_cluster_trust_pseudo_lightgbm_default,backend_sweep,lightgbm_default,PAIRED_BOYDEN::paired_boyden32c::419_1_8::JRClust::8,PAIRED_BOYDEN::paired_boyden32c::419_1_8,PAIRED_BOYDEN,0.03907637655417407,0.043558765,0.004482388648586626
main,fpos,source_reweighted_cluster_trust_pseudo_lightgbm_default,backend_sweep,lightgbm_default,PAIRED_BOYDEN::paired_boyden32c::419_1_8::KiloSort::17,PAIRED_BOYDEN::paired_boyden32c::419_1_8,PAIRED_BOYDEN,0.06424161521775405,0.020951511,0.043290103879400896
main,fpos,source_reweighted_cluster_trust_pseudo_lightgbm_default,backend_sweep,lightgbm_default,PAIRED_BOYDEN::paired_boyden32c::419_1_8::KiloSort2::27,PAIRED_BOYDEN::paired_boyden32c::419_1_8,PAIRED_BOYDEN,0.1342059838895282,0.04931209,0.08489389525098412
main,fpos,source_reweighted_cluster_trust_pseudo_lightgbm_default,backend_sweep,lightgbm_default,PAIRED_BOYDEN::paired_boyden32c::419_1_8::KiloSort2::46,PAIRED_BOYDEN::paired_boyden32c::419_1_8,PAIRED_BOYDEN,0.02341480088873697,0.020037754,0.0033770473812420425
main,fpos,source_reweighted_cluster_trust_pseudo_lightgbm_default,backend_sweep,lightgbm_default,PAIRED_BOYDEN::paired_boyden32c::419_1_8::MountainSort4::42,PAIRED_BOYDEN::paired_boyden32c::419_1_8,PAIRED_BOYDEN,0.16482219271063892,0.14877348,0.016048716229201232
main,fpos,source_reweighted_cluster_trust_pseudo_lightgbm_default,backend_sweep,lightgbm_default,PAIRED_BOYDEN::paired_boyden32c::419_1_8::SpykingCircus::24,PAIRED_BOYDEN::paired_boyden32c::419_1_8,PAIRED_BOYDEN,0.24721080446271285,0.121254675,0.1259561293723999
main,fpos,source_reweighted_cluster_trust_pseudo_lightgbm_default,backend_sweep,lightgbm_default,PAIRED_BOYDEN::paired_boyden32c::419_1_8::SpykingCircus::28,PAIRED_BOYDEN::paired_boyden32c::419_1_8,PAIRED_BOYDEN,0.029543112332531776,0.03837272,0.008829609190514717
main,fpos,source_reweighted_cluster_trust_pseudo_lightgbm_default,backend_sweep,lightgbm_default,PAIRED_BOYDEN::paired_boyden32c::419_1_8::Tridesclous::0,PAIRED_BOYDEN::paired_boyden32c::419_1_8,PAIRED_BOYDEN,0.15585806056898133,0.12963189,0.026226168722324528
main,fpos,source_reweighted_cluster_trust_pseudo_lightgbm_default,backend_sweep,lightgbm_default,PAIRED_CRCNS_HC1::paired_crcns::d11221_d11221.001::SpykingCircus::6,PAIRED_CRCNS_HC1::paired_crcns::d11221_d11221.001,PAIRED_CRCNS_HC1,0.8835978835978836,0.5218551,0.3617427677073807
main,fpos,source_reweighted_cluster_trust_pseudo_lightgbm_default,backend_sweep,lightgbm_default,PAIRED_CRCNS_HC1::paired_crcns::d11222_d11222.002::IronClust::2,PAIRED_CRCNS_HC1::paired_crcns::d11222_d11222.002,PAIRED_CRCNS_HC1,0.04466019417475728,0.13699181,0.09233161960411998
main,fpos,source_reweighted_cluster_trust_pseudo_lightgbm_default,backend_sweep,lightgbm_default,PAIRED_CRCNS_HC1::paired_crcns::d11222_d11222.002::JRClust::3,PAIRED_CRCNS_HC1::paired_crcns::d11222_d11222.002,PAIRED_CRCNS_HC1,0.039337474120082816,0.057791136,0.018453662085113565
main,fpos,source_reweighted_cluster_trust_pseudo_lightgbm_default,backend_sweep,lightgbm_default,PAIRED_CRCNS_HC1::paired_crcns::d11222_d11222.002::KiloSort::1,PAIRED_CRCNS_HC1::paired_crcns::d11222_d11222.002,PAIRED_CRCNS_HC1,0.03337783711615487,0.060913544,0.02753570703205184
main,fpos,source_reweighted_cluster_trust_pseudo_lightgbm_default,backend_sweep,lightgbm_default,PAIRED_CRCNS_HC1::paired_crcns::d11222_d11222.002::KiloSort2::10,PAIRED_CRCNS_HC1::paired_crcns::d11222_d11222.002,PAIRED_CRCNS_HC1,0.550417469492614,0.06847463,0.48194284146136024
main,fpos,source_reweighted_cluster_trust_pseudo_lightgbm_default,backend_sweep,lightgbm_default,PAIRED_CRCNS_HC1::paired_crcns::d11222_d11222.002::Klusta::2,PAIRED_CRCNS_HC1::paired_crcns::d11222_d11222.002,PAIRED_CRCNS_HC1,0.008777852802160702,0.05333491,0.04455705762040285
main,fpos,source_reweighted_cluster_trust_pseudo_lightgbm_default,backend_sweep,lightgbm_default,PAIRED_CRCNS_HC1::paired_crcns::d11222_d11222.002::MountainSort4::4,PAIRED_CRCNS_HC1::paired_crcns::d11222_d11222.002,PAIRED_CRCNS_HC1,0.360427807486631,0.24354745,0.1168803530102745
main,fpos,source_reweighted_cluster_trust_pseudo_lightgbm_default,backend_sweep,lightgbm_default,PAIRED_CRCNS_HC1::paired_crcns::d11222_d11222.002::SpykingCircus::4,PAIRED_CRCNS_HC1::paired_crcns::d11222_d11222.002,PAIRED_CRCNS_HC1,0.11986754966887417,0.060592003,0.0592755465021986
main,fpos,source_reweighted_cluster_trust_pseudo_lightgbm_default,backend_sweep,lightgbm_default,PAIRED_CRCNS_HC1::paired_crcns::d11222_d11222.002::Tridesclous::0,PAIRED_CRCNS_HC1::paired_crcns::d11222_d11222.002,PAIRED_CRCNS_HC1,0.021164021164021163,0.061891597,0.04072757560030493
main,fpos,source_reweighted_cluster_trust_pseudo_lightgbm_default,backend_sweep,lightgbm_default,PAIRED_ENGLISH::paired_english::m139_200114_191955::KiloSort2::25,PAIRED_ENGLISH::paired_english::m139_200114_191955,PAIRED_ENGLISH,0.7302739726027397,0.31727555,0.41299841866101306
main,fpos,source_reweighted_cluster_trust_pseudo_lightgbm_default,backend_sweep,lightgbm_default,PAIRED_ENGLISH::paired_english::m139_200114_191955::MountainSort4::36,PAIRED_ENGLISH::paired_english::m139_200114_191955,PAIRED_ENGLISH,0.8735255086994986,0.6599437,0.21358180886276767
main,fpos,source_reweighted_cluster_trust_pseudo_lightgbm_default,backend_sweep,lightgbm_default,PAIRED_ENGLISH::paired_english::m139_200114_191955::SpykingCircus::42,PAIRED_ENGLISH::paired_english::m139_200114_191955,PAIRED_ENGLISH,0.5584045584045584,0.30489329,0.25351127336847135
main,fpos,source_reweighted_cluster_trust_pseudo_lightgbm_default,backend_sweep,lightgbm_default,PAIRED_ENGLISH::paired_english::m139_200114_222743::HerdingSpikes2::5,PAIRED_ENGLISH::paired_english::m139_200114_222743,PAIRED_ENGLISH,0.03257707969749855,0.15825093,0.12567384822761132
main,fpos,source_reweighted_cluster_trust_pseudo_lightgbm_default,backend_sweep,lightgbm_default,PAIRED_ENGLISH::paired_english::m139_200114_222743::IronClust::17,PAIRED_ENGLISH::paired_english::m139_200114_222743,PAIRED_ENGLISH,0.02675196277987787,0.117523335,0.09077137214052847
main,fpos,source_reweighted_cluster_trust_pseudo_lightgbm_default,backend_sweep,lightgbm_default,PAIRED_ENGLISH::paired_english::m139_200114_222743::KiloSort::88,PAIRED_ENGLISH::paired_english::m139_200114_222743,PAIRED_ENGLISH,0.015151515151515152,0.18148868,0.1663371627077912
main,fpos,source_reweighted_cluster_trust_pseudo_lightgbm_default,backend_sweep,lightgbm_default,PAIRED_ENGLISH::paired_english::m139_200114_222743::KiloSort2::26,PAIRED_ENGLISH::paired_english::m139_200114_222743,PAIRED_ENGLISH,0.028645087367516472,0.11849712,0.08985203098632721
main,fpos,source_reweighted_cluster_trust_pseudo_lightgbm_default,backend_sweep,lightgbm_default,PAIRED_ENGLISH::paired_english::m139_200114_222743::MountainSort4::46,PAIRED_ENGLISH::paired_english::m139_200114_222743,PAIRED_ENGLISH,0.039886039886039885,0.27256107,0.23267503341718276
main,fpos,source_reweighted_cluster_trust_pseudo_lightgbm_default,backend_sweep,lightgbm_default,PAIRED_ENGLISH::paired_english::m139_200114_222743::SpykingCircus::44,PAIRED_ENGLISH::paired_english::m139_200114_222743,PAIRED_ENGLISH,0.028064146620847653,0.119876176,0.09181202949800306
main,fpos,source_reweighted_cluster_trust_pseudo_lightgbm_default,backend_sweep,lightgbm_default,PAIRED_ENGLISH::paired_english::m139_200114_222743::Tridesclous::1,PAIRED_ENGLISH::paired_english::m139_200114_222743,PAIRED_ENGLISH,0.3089646722483153,0.28980008,0.019164594571542237
main,fpos,source_reweighted_cluster_trust_pseudo_lightgbm_default,backend_sweep,lightgbm_default,PAIRED_ENGLISH::paired_english::m14_190326_155432::IronClust::22,PAIRED_ENGLISH::paired_english::m14_190326_155432,PAIRED_ENGLISH,0.0481651376146789,0.035073068,0.013092069621753258
main,fpos,source_reweighted_cluster_trust_pseudo_lightgbm_default,backend_sweep,lightgbm_default,PAIRED_ENGLISH::paired_english::m14_190326_155432::MountainSort4::33,PAIRED_ENGLISH::paired_english::m14_190326_155432,PAIRED_ENGLISH,0.1981651376146789,0.34526142,0.14709628716521306
main,fpos,source_reweighted_cluster_trust_pseudo_lightgbm_default,backend_sweep,lightgbm_default,PAIRED_ENGLISH::paired_english::m14_190326_155432::SpykingCircus::38,PAIRED_ENGLISH::paired_english::m14_190326_155432,PAIRED_ENGLISH,0.013363028953229399,0.042551935,0.029188905765856296
main,fpos,source_reweighted_cluster_trust_pseudo_lightgbm_default,backend_sweep,lightgbm_default,PAIRED_ENGLISH::paired_english::m15_190315_142052_cell1::IronClust::40,PAIRED_ENGLISH::paired_english::m15_190315_142052_cell1,PAIRED_ENGLISH,0.2679960401640503,0.44699535,0.17899930757421567
main,fpos,source_reweighted_cluster_trust_pseudo_lightgbm_default,backend_sweep,lightgbm_default,PAIRED_ENGLISH::paired_english::m15_190315_142052_cell1::KiloSort2::48,PAIRED_ENGLISH::paired_english::m15_190315_142052_cell1,PAIRED_ENGLISH,0.8627861694595232,0.43249148,0.43029468815535454
main,fpos,source_reweighted_cluster_trust_pseudo_lightgbm_default,backend_sweep,lightgbm_default,PAIRED_ENGLISH::paired_english::m15_190315_142052_cell1::MountainSort4::62,PAIRED_ENGLISH::paired_english::m15_190315_142052_cell1,PAIRED_ENGLISH,0.8769885383524361,0.5244888,0.3524997316278877
main,fpos,source_reweighted_cluster_trust_pseudo_lightgbm_default,backend_sweep,lightgbm_default,PAIRED_ENGLISH::paired_english::m15_190315_142052_cell1::MountainSort4::64,PAIRED_ENGLISH::paired_english::m15_190315_142052_cell1,PAIRED_ENGLISH,0.14704761904761904,0.12202986,0.025017755749679738
main,fpos,source_reweighted_cluster_trust_pseudo_lightgbm_default,backend_sweep,lightgbm_default,PAIRED_ENGLISH::paired_english::m15_190315_142052_cell1::SpykingCircus::22,PAIRED_ENGLISH::paired_english::m15_190315_142052_cell1,PAIRED_ENGLISH,0.23500526131182042,0.69863904,0.4636337739130941
main,fpos,source_reweighted_cluster_trust_pseudo_lightgbm_default,backend_sweep,lightgbm_default,PAIRED_ENGLISH::paired_english::m15_190315_142052_cell1::SpykingCircus::57,PAIRED_ENGLISH::paired_english::m15_190315_142052_cell1,PAIRED_ENGLISH,0.6499202551834131,0.3479443,0.30197596573753605
main,fpos,source_reweighted_cluster_trust_pseudo_lightgbm_default,backend_sweep,lightgbm_default,PAIRED_ENGLISH::paired_english::m15_190315_152315_cell1::IronClust::35,PAIRED_ENGLISH::paired_english::m15_190315_152315_cell1,PAIRED_ENGLISH,0.002592440987856461,0.068987235,0.0663947944390463
main,fpos,source_reweighted_cluster_trust_pseudo_lightgbm_default,backend_sweep,lightgbm_default,PAIRED_ENGLISH::paired_english::m15_190315_152315_cell1::KiloSort::1,PAIRED_ENGLISH::paired_english::m15_190315_152315_cell1,PAIRED_ENGLISH,6.528267397832615e-05,0.071765676,0.07170039346680689
main,fpos,source_reweighted_cluster_trust_pseudo_lightgbm_default,backend_sweep,lightgbm_default,PAIRED_ENGLISH::paired_english::m15_190315_152315_cell1::KiloSort2::37,PAIRED_ENGLISH::paired_english::m15_190315_152315_cell1,PAIRED_ENGLISH,0.00039059957034047265,0.114262626,0.11387202600472514
main,fpos,source_reweighted_cluster_trust_pseudo_lightgbm_default,backend_sweep,lightgbm_default,PAIRED_ENGLISH::paired_english::m15_190315_152315_cell1::MountainSort4::72,PAIRED_ENGLISH::paired_english::m15_190315_152315_cell1,PAIRED_ENGLISH,0.052174468356855484,0.21399222,0.16181775478672208
main,fpos,source_reweighted_cluster_trust_pseudo_lightgbm_default,backend_sweep,lightgbm_default,PAIRED_ENGLISH::paired_english::m15_190315_152315_cell1::SpykingCircus::46,PAIRED_ENGLISH::paired_english::m15_190315_152315_cell1,PAIRED_ENGLISH,0.010891280531030483,0.07774275,0.06685146743144434
main,fpos,source_reweighted_cluster_trust_pseudo_lightgbm_default,backend_sweep,lightgbm_default,PAIRED_ENGLISH::paired_english::m15_190315_152315_cell1::Tridesclous::0,PAIRED_ENGLISH::paired_english::m15_190315_152315_cell1,PAIRED_ENGLISH,0.8482136225209834,0.53381807,0.3143955564008357
main,fpos,source_reweighted_cluster_trust_pseudo_lightgbm_default,backend_sweep,lightgbm_default,PAIRED_ENGLISH::paired_english::m26_190524_100859_cell1::KiloSort::19,PAIRED_ENGLISH::paired_english::m26_190524_100859_cell1,PAIRED_ENGLISH,0.2440677966101695,0.14445233,0.09961546315985212
main,fpos,source_reweighted_cluster_trust_pseudo_lightgbm_default,backend_sweep,lightgbm_default,PAIRED_ENGLISH::paired_english::m26_190524_100859_cell1::KiloSort::8,PAIRED_ENGLISH::paired_english::m26_190524_100859_cell1,PAIRED_ENGLISH,0.6505139500734214,0.28227365,0.36824029990404883
main,fpos,source_reweighted_cluster_trust_pseudo_lightgbm_default,backend_sweep,lightgbm_default,PAIRED_ENGLISH::paired_english::m26_190524_100859_cell1::KiloSort2::0,PAIRED_ENGLISH::paired_english::m26_190524_100859_cell1,PAIRED_ENGLISH,0.38315988647114474,0.2928685,0.09029139148365695
main,fpos,source_reweighted_cluster_trust_pseudo_lightgbm_default,backend_sweep,lightgbm_default,PAIRED_ENGLISH::paired_english::m57_191105_141906::IronClust::6,PAIRED_ENGLISH::paired_english::m57_191105_141906,PAIRED_ENGLISH,0.31826625386996904,0.20153815,0.11672810832782426
main,fpos,source_reweighted_cluster_trust_pseudo_lightgbm_default,backend_sweep,lightgbm_default,PAIRED_ENGLISH::paired_english::m57_191105_141906::KiloSort::47,PAIRED_ENGLISH::paired_english::m57_191105_141906,PAIRED_ENGLISH,0.35376344086021505,0.20397061,0.14979282976478658
main,fpos,source_reweighted_cluster_trust_pseudo_lightgbm_default,backend_sweep,lightgbm_default,PAIRED_ENGLISH::paired_english::m57_191105_141906::MountainSort4::21,PAIRED_ENGLISH::paired_english::m57_191105_141906,PAIRED_ENGLISH,0.3323335332933413,0.40163746,0.0693039314683927
main,fpos,source_reweighted_cluster_trust_pseudo_lightgbm_default,backend_sweep,lightgbm_default,PAIRED_ENGLISH::paired_english::m57_191105_141906::MountainSort4::57,PAIRED_ENGLISH::paired_english::m57_191105_141906,PAIRED_ENGLISH,0.23853211009174313,0.22472614,0.013805969592628142
main,fpos,source_reweighted_cluster_trust_pseudo_lightgbm_default,backend_sweep,lightgbm_default,PAIRED_ENGLISH::paired_english::m57_191105_141906::SpykingCircus::12,PAIRED_ENGLISH::paired_english::m57_191105_141906,PAIRED_ENGLISH,0.3535228677379481,0.2716602,0.08186265903586071
main,fpos,source_reweighted_cluster_trust_pseudo_lightgbm_default,backend_sweep,lightgbm_default,PAIRED_ENGLISH::paired_english::m57_191105_141906::SpykingCircus::30,PAIRED_ENGLISH::paired_english::m57_191105_141906,PAIRED_ENGLISH,0.2040332147093713,0.16528074,0.03875247027596829
main,fpos,source_reweighted_cluster_trust_pseudo_lightgbm_default,backend_sweep,lightgbm_default,PAIRED_ENGLISH::paired_english::m57_191105_160026::HerdingSpikes2::1,PAIRED_ENGLISH::paired_english::m57_191105_160026,PAIRED_ENGLISH,0.13630229419703105,0.24012648,0.1038241814947643
main,fpos,source_reweighted_cluster_trust_pseudo_lightgbm_default,backend_sweep,lightgbm_default,PAIRED_ENGLISH::paired_english::m57_191105_160026::IronClust::2,PAIRED_ENGLISH::paired_english::m57_191105_160026,PAIRED_ENGLISH,0.5044008124576845,0.24818708,0.2562137324320116
main,fpos,source_reweighted_cluster_trust_pseudo_lightgbm_default,backend_sweep,lightgbm_default,PAIRED_ENGLISH::paired_english::m57_191105_160026::IronClust::3,PAIRED_ENGLISH::paired_english::m57_191105_160026,PAIRED_ENGLISH,0.05838815789473684,0.27877644,0.22038827914940684
main,fpos,source_reweighted_cluster_trust_pseudo_lightgbm_default,backend_sweep,lightgbm_default,PAIRED_ENGLISH::paired_english::m57_191105_160026::KiloSort::127,PAIRED_ENGLISH::paired_english::m57_191105_160026,PAIRED_ENGLISH,0.5003422313483915,0.26058912,0.2397531085761747
main,fpos,source_reweighted_cluster_trust_pseudo_lightgbm_default,backend_sweep,lightgbm_default,PAIRED_ENGLISH::paired_english::m57_191105_160026::KiloSort::6,PAIRED_ENGLISH::paired_english::m57_191105_160026,PAIRED_ENGLISH,0.02531645569620253,0.22959906,0.20428260293187975
main,fpos,source_reweighted_cluster_trust_pseudo_lightgbm_default,backend_sweep,lightgbm_default,PAIRED_ENGLISH::paired_english::m57_191105_160026::MountainSort4::23,PAIRED_ENGLISH::paired_english::m57_191105_160026,PAIRED_ENGLISH,0.6737967914438503,0.26057416,0.4132226294374721
main,fpos,source_reweighted_cluster_trust_pseudo_lightgbm_default,backend_sweep,lightgbm_default,PAIRED_ENGLISH::paired_english::m57_191105_160026::MountainSort4::25,PAIRED_ENGLISH::paired_english::m57_191105_160026,PAIRED_ENGLISH,0.14568081991215226,0.37656978,0.23088895781497482
main,fpos,source_reweighted_cluster_trust_pseudo_lightgbm_default,backend_sweep,lightgbm_default,PAIRED_ENGLISH::paired_english::m57_191105_160026::SpykingCircus::2,PAIRED_ENGLISH::paired_english::m57_191105_160026,PAIRED_ENGLISH,0.6860282574568289,0.51450807,0.17152018889527498
main,fpos,source_reweighted_cluster_trust_pseudo_lightgbm_default,backend_sweep,lightgbm_default,PAIRED_ENGLISH::paired_english::m57_191105_160026::SpykingCircus::4,PAIRED_ENGLISH::paired_english::m57_191105_160026,PAIRED_ENGLISH,0.056790123456790124,0.29313934,0.23634921503655704
main,fpos,source_reweighted_cluster_trust_pseudo_lightgbm_default,backend_sweep,lightgbm_default,PAIRED_ENGLISH::paired_english::m57_191105_160026::Tridesclous::0,PAIRED_ENGLISH::paired_english::m57_191105_160026,PAIRED_ENGLISH,0.8589226823012093,0.5607485,0.2981741647879341
main,fpos,source_reweighted_cluster_trust_pseudo_lightgbm_default,backend_sweep,lightgbm_default,PAIRED_KAMPFF::paired_kampff::c14::HerdingSpikes2::6,PAIRED_KAMPFF::paired_kampff::c14,PAIRED_KAMPFF,0.25090444775484144,0.0908729,0.16003154905698835
main,fpos,source_reweighted_cluster_trust_pseudo_lightgbm_default,backend_sweep,lightgbm_default,PAIRED_KAMPFF::paired_kampff::c14::IronClust::22,PAIRED_KAMPFF::paired_kampff::c14,PAIRED_KAMPFF,0.2240655987795576,0.09039804,0.13366755538546884
main,fpos,source_reweighted_cluster_trust_pseudo_lightgbm_default,backend_sweep,lightgbm_default,PAIRED_KAMPFF::paired_kampff::c14::KiloSort2::37,PAIRED_KAMPFF::paired_kampff::c14,PAIRED_KAMPFF,0.23899885489939474,0.1353305,0.10366835668085836
main,fpos,source_reweighted_cluster_trust_pseudo_lightgbm_default,backend_sweep,lightgbm_default,PAIRED_KAMPFF::paired_kampff::c14::MountainSort4::42,PAIRED_KAMPFF::paired_kampff::c14,PAIRED_KAMPFF,0.031842105263157894,0.056349285,0.024507179683760594
main,fpos,source_reweighted_cluster_trust_pseudo_lightgbm_default,backend_sweep,lightgbm_default,PAIRED_KAMPFF::paired_kampff::c14::SpykingCircus::14,PAIRED_KAMPFF::paired_kampff::c14,PAIRED_KAMPFF,0.0993841579953281,0.061922688,0.03746146995817104
main,fpos,source_reweighted_cluster_trust_pseudo_lightgbm_default,backend_sweep,lightgbm_default,PAIRED_KAMPFF::paired_kampff::c14::Tridesclous::8,PAIRED_KAMPFF::paired_kampff::c14,PAIRED_KAMPFF,0.7298130782302221,0.51183206,0.2179810198005041
main,fpos,source_reweighted_cluster_trust_pseudo_lightgbm_default,backend_sweep,lightgbm_default,PAIRED_MEA64C_YGER::paired_mea64c::20170622_patch1::HerdingSpikes2::19,PAIRED_MEA64C_YGER::paired_mea64c::20170622_patch1,PAIRED_MEA64C_YGER,0.3048016701461378,0.334334,0.02953231589779226
main,fpos,source_reweighted_cluster_trust_pseudo_lightgbm_default,backend_sweep,lightgbm_default,PAIRED_MEA64C_YGER::paired_mea64c::20170622_patch1::HerdingSpikes2::7,PAIRED_MEA64C_YGER::paired_mea64c::20170622_patch1,PAIRED_MEA64C_YGER,0.006430868167202572,0.02260662,0.01617575239785423
main,fpos,source_reweighted_cluster_trust_pseudo_lightgbm_default,backend_sweep,lightgbm_default,PAIRED_MEA64C_YGER::paired_mea64c::20170622_patch1::IronClust::8,PAIRED_MEA64C_YGER::paired_mea64c::20170622_patch1,PAIRED_MEA64C_YGER,0.32512992968511156,0.24804488,0.07708505144071154
main,fpos,source_reweighted_cluster_trust_pseudo_lightgbm_default,backend_sweep,lightgbm_default,PAIRED_MEA64C_YGER::paired_mea64c::20170622_patch1::KiloSort::64,PAIRED_MEA64C_YGER::paired_mea64c::20170622_patch1,PAIRED_MEA64C_YGER,0.00022805017103762827,0.01409043,0.01386237982044606
main,fpos,source_reweighted_cluster_trust_pseudo_lightgbm_default,backend_sweep,lightgbm_default,PAIRED_MEA64C_YGER::paired_mea64c::20170622_patch1::KiloSort2::23,PAIRED_MEA64C_YGER::paired_mea64c::20170622_patch1,PAIRED_MEA64C_YGER,0.0,0.015095624,0.015095624141395092
main,fpos,source_reweighted_cluster_trust_pseudo_lightgbm_default,backend_sweep,lightgbm_default,PAIRED_MEA64C_YGER::paired_mea64c::20170622_patch1::Klusta::4,PAIRED_MEA64C_YGER::paired_mea64c::20170622_patch1,PAIRED_MEA64C_YGER,0.0050424628450106155,0.021735003,0.016692540373044157
main,fpos,source_reweighted_cluster_trust_pseudo_lightgbm_default,backend_sweep,lightgbm_default,PAIRED_MEA64C_YGER::paired_mea64c::20170622_patch1::MountainSort4::43,PAIRED_MEA64C_YGER::paired_mea64c::20170622_patch1,PAIRED_MEA64C_YGER,0.0040494938132733405,0.017506465,0.013456971502545446
main,fpos,source_reweighted_cluster_trust_pseudo_lightgbm_default,backend_sweep,lightgbm_default,PAIRED_MEA64C_YGER::paired_mea64c::20170622_patch1::SpykingCircus::18,PAIRED_MEA64C_YGER::paired_mea64c::20170622_patch1,PAIRED_MEA64C_YGER,0.00022079929344226098,0.013778397,0.013557597588674534
main,fpos,source_reweighted_cluster_trust_pseudo_lightgbm_default,backend_sweep,lightgbm_default,PAIRED_MEA64C_YGER::paired_mea64c::20170622_patch1::Tridesclous::12,PAIRED_MEA64C_YGER::paired_mea64c::20170622_patch1,PAIRED_MEA64C_YGER,0.013830024537140308,0.02371024,0.009880215141480984
main,fpos,source_reweighted_cluster_trust_pseudo_lightgbm_default,backend_sweep,lightgbm_default,PAIRED_MEA64C_YGER::paired_mea64c::20170622_patch2::HerdingSpikes2::16,PAIRED_MEA64C_YGER::paired_mea64c::20170622_patch2,PAIRED_MEA64C_YGER,0.18683274021352314,0.1836081,0.0032246403952934655
main,fpos,source_reweighted_cluster_trust_pseudo_lightgbm_default,backend_sweep,lightgbm_default,PAIRED_MEA64C_YGER::paired_mea64c::20170622_patch2::HerdingSpikes2::44,PAIRED_MEA64C_YGER::paired_mea64c::20170622_patch2,PAIRED_MEA64C_YGER,0.4028520499108734,0.14852469,0.2543273632167282
main,fpos,source_reweighted_cluster_trust_pseudo_lightgbm_default,backend_sweep,lightgbm_default,PAIRED_MEA64C_YGER::paired_mea64c::20170622_patch2::HerdingSpikes2::5,PAIRED_MEA64C_YGER::paired_mea64c::20170622_patch2,PAIRED_MEA64C_YGER,0.06115992970123023,0.0037348843,0.05742504538326591
main,fpos,source_reweighted_cluster_trust_pseudo_lightgbm_default,backend_sweep,lightgbm_default,PAIRED_MEA64C_YGER::paired_mea64c::20170622_patch2::IronClust::11,PAIRED_MEA64C_YGER::paired_mea64c::20170622_patch2,PAIRED_MEA64C_YGER,0.061366806136680614,0.003047018,0.058319788057593476
main,fpos,source_reweighted_cluster_trust_pseudo_lightgbm_default,backend_sweep,lightgbm_default,PAIRED_MEA64C_YGER::paired_mea64c::20170622_patch2::JRClust::31,PAIRED_MEA64C_YGER::paired_mea64c::20170622_patch2,PAIRED_MEA64C_YGER,0.06118881118881119,0.0043441863,0.05684462490888847
main,fpos,source_reweighted_cluster_trust_pseudo_lightgbm_default,backend_sweep,lightgbm_default,PAIRED_MEA64C_YGER::paired_mea64c::20170622_patch2::KiloSort::5,PAIRED_MEA64C_YGER::paired_mea64c::20170622_patch2,PAIRED_MEA64C_YGER,0.06143106457242583,0.005854338,0.05557672663057064
main,fpos,source_reweighted_cluster_trust_pseudo_lightgbm_default,backend_sweep,lightgbm_default,PAIRED_MEA64C_YGER::paired_mea64c::20170622_patch2::KiloSort2::33,PAIRED_MEA64C_YGER::paired_mea64c::20170622_patch2,PAIRED_MEA64C_YGER,0.061409630146545706,0.0039237984,0.057485831700933514
main,fpos,source_reweighted_cluster_trust_pseudo_lightgbm_default,backend_sweep,lightgbm_default,PAIRED_MEA64C_YGER::paired_mea64c::20170622_patch2::Klusta::14,PAIRED_MEA64C_YGER::paired_mea64c::20170622_patch2,PAIRED_MEA64C_YGER,0.05860349127182045,0.0032393397,0.05536415158861556
main,fpos,source_reweighted_cluster_trust_pseudo_lightgbm_default,backend_sweep,lightgbm_default,PAIRED_MEA64C_YGER::paired_mea64c::20170622_patch2::MountainSort4::31,PAIRED_MEA64C_YGER::paired_mea64c::20170622_patch2,PAIRED_MEA64C_YGER,0.07713404182379156,0.020670893,0.056463149153040945
main,fpos,source_reweighted_cluster_trust_pseudo_lightgbm_default,backend_sweep,lightgbm_default,PAIRED_MEA64C_YGER::paired_mea64c::20170622_patch2::SpykingCircus::17,PAIRED_MEA64C_YGER::paired_mea64c::20170622_patch2,PAIRED_MEA64C_YGER,0.061366806136680614,0.0034934096,0.05787339653284646
main,fpos,source_reweighted_cluster_trust_pseudo_lightgbm_default,backend_sweep,lightgbm_default,PAIRED_MEA64C_YGER::paired_mea64c::20170622_patch2::Tridesclous::0,PAIRED_MEA64C_YGER::paired_mea64c::20170622_patch2,PAIRED_MEA64C_YGER,0.061366806136680614,0.0030999107,0.05826689545461334
main,fpos,source_reweighted_cluster_trust_pseudo_xgboost_default,backend_sweep,xgboost_default,PAIRED_BOYDEN::paired_boyden32c::1103_1_1::IronClust::4,PAIRED_BOYDEN::paired_boyden32c::1103_1_1,PAIRED_BOYDEN,0.11363636363636363,0.14285314,0.02921677719463002
main,fpos,source_reweighted_cluster_trust_pseudo_xgboost_default,backend_sweep,xgboost_default,PAIRED_BOYDEN::paired_boyden32c::1103_1_1::JRClust::18,PAIRED_BOYDEN::paired_boyden32c::1103_1_1,PAIRED_BOYDEN,0.26138147566718994,0.31805474,0.056673259993363034
main,fpos,source_reweighted_cluster_trust_pseudo_xgboost_default,backend_sweep,xgboost_default,PAIRED_BOYDEN::paired_boyden32c::1103_1_1::KiloSort::111,PAIRED_BOYDEN::paired_boyden32c::1103_1_1,PAIRED_BOYDEN,0.11241007194244604,0.16761652,0.05520644440925379
main,fpos,source_reweighted_cluster_trust_pseudo_xgboost_default,backend_sweep,xgboost_default,PAIRED_BOYDEN::paired_boyden32c::1103_1_1::KiloSort2::33,PAIRED_BOYDEN::paired_boyden32c::1103_1_1,PAIRED_BOYDEN,0.17066290550070523,0.16984802,0.0008148806555819399
main,fpos,source_reweighted_cluster_trust_pseudo_xgboost_default,backend_sweep,xgboost_default,PAIRED_BOYDEN::paired_boyden32c::1103_1_1::KiloSort2::55,PAIRED_BOYDEN::paired_boyden32c::1103_1_1,PAIRED_BOYDEN,0.3333333333333333,0.18596926,0.1473640700181325
main,fpos,source_reweighted_cluster_trust_pseudo_xgboost_default,backend_sweep,xgboost_default,PAIRED_BOYDEN::paired_boyden32c::1103_1_1::KiloSort2::60,PAIRED_BOYDEN::paired_boyden32c::1103_1_1,PAIRED_BOYDEN,0.15878378378378377,0.08628479,0.07249899732099996
main,fpos,source_reweighted_cluster_trust_pseudo_xgboost_default,backend_sweep,xgboost_default,PAIRED_BOYDEN::paired_boyden32c::1103_1_1::Klusta::12,PAIRED_BOYDEN::paired_boyden32c::1103_1_1,PAIRED_BOYDEN,0.156686626746507,0.18552057,0.028833947703985868
main,fpos,source_reweighted_cluster_trust_pseudo_xgboost_default,backend_sweep,xgboost_default,PAIRED_BOYDEN::paired_boyden32c::1103_1_1::MountainSort4::26,PAIRED_BOYDEN::paired_boyden32c::1103_1_1,PAIRED_BOYDEN,0.30532212885154064,0.28011352,0.025208610613473015
main,fpos,source_reweighted_cluster_trust_pseudo_xgboost_default,backend_sweep,xgboost_default,PAIRED_BOYDEN::paired_boyden32c::1103_1_1::SpykingCircus::27,PAIRED_BOYDEN::paired_boyden32c::1103_1_1,PAIRED_BOYDEN,0.12258064516129032,0.16919596,0.046615319771151395
main,fpos,source_reweighted_cluster_trust_pseudo_xgboost_default,backend_sweep,xgboost_default,PAIRED_BOYDEN::paired_boyden32c::1103_1_1::Tridesclous::3,PAIRED_BOYDEN::paired_boyden32c::1103_1_1,PAIRED_BOYDEN,0.2613268608414239,0.3327567,0.07142983729013735
main,fpos,source_reweighted_cluster_trust_pseudo_xgboost_default,backend_sweep,xgboost_default,PAIRED_BOYDEN::paired_boyden32c::419_1_8::IronClust::14,PAIRED_BOYDEN::paired_boyden32c::419_1_8,PAIRED_BOYDEN,0.0663265306122449,0.04146632,0.024860208816066084
main,fpos,source_reweighted_cluster_trust_pseudo_xgboost_default,backend_sweep,xgboost_default,PAIRED_BOYDEN::paired_boyden32c::419_1_8::IronClust::4,PAIRED_BOYDEN::paired_boyden32c::419_1_8,PAIRED_BOYDEN,0.05829903978052126,0.046042707,0.012256332963132728
main,fpos,source_reweighted_cluster_trust_pseudo_xgboost_default,backend_sweep,xgboost_default,PAIRED_BOYDEN::paired_boyden32c::419_1_8::JRClust::24,PAIRED_BOYDEN::paired_boyden32c::419_1_8,PAIRED_BOYDEN,0.08062093139709564,0.03253032,0.048090612451449355
main,fpos,source_reweighted_cluster_trust_pseudo_xgboost_default,backend_sweep,xgboost_default,PAIRED_BOYDEN::paired_boyden32c::419_1_8::JRClust::8,PAIRED_BOYDEN::paired_boyden32c::419_1_8,PAIRED_BOYDEN,0.03907637655417407,0.041906938,0.002830561402635927
main,fpos,source_reweighted_cluster_trust_pseudo_xgboost_default,backend_sweep,xgboost_default,PAIRED_BOYDEN::paired_boyden32c::419_1_8::KiloSort::17,PAIRED_BOYDEN::paired_boyden32c::419_1_8,PAIRED_BOYDEN,0.06424161521775405,0.025759567,0.03848204864246528
main,fpos,source_reweighted_cluster_trust_pseudo_xgboost_default,backend_sweep,xgboost_default,PAIRED_BOYDEN::paired_boyden32c::419_1_8::KiloSort2::27,PAIRED_BOYDEN::paired_boyden32c::419_1_8,PAIRED_BOYDEN,0.1342059838895282,0.03281374,0.10139224485797493
main,fpos,source_reweighted_cluster_trust_pseudo_xgboost_default,backend_sweep,xgboost_default,PAIRED_BOYDEN::paired_boyden32c::419_1_8::KiloSort2::46,PAIRED_BOYDEN::paired_boyden32c::419_1_8,PAIRED_BOYDEN,0.02341480088873697,0.016647818,0.006766983321746117
main,fpos,source_reweighted_cluster_trust_pseudo_xgboost_default,backend_sweep,xgboost_default,PAIRED_BOYDEN::paired_boyden32c::419_1_8::MountainSort4::42,PAIRED_BOYDEN::paired_boyden32c::419_1_8,PAIRED_BOYDEN,0.16482219271063892,0.077912286,0.08690990678668109
main,fpos,source_reweighted_cluster_trust_pseudo_xgboost_default,backend_sweep,xgboost_default,PAIRED_BOYDEN::paired_boyden32c::419_1_8::SpykingCircus::24,PAIRED_BOYDEN::paired_boyden32c::419_1_8,PAIRED_BOYDEN,0.24721080446271285,0.11759064,0.1296201609971939
main,fpos,source_reweighted_cluster_trust_pseudo_xgboost_default,backend_sweep,xgboost_default,PAIRED_BOYDEN::paired_boyden32c::419_1_8::SpykingCircus::28,PAIRED_BOYDEN::paired_boyden32c::419_1_8,PAIRED_BOYDEN,0.029543112332531776,0.015200957,0.014342155607947674
main,fpos,source_reweighted_cluster_trust_pseudo_xgboost_default,backend_sweep,xgboost_default,PAIRED_BOYDEN::paired_boyden32c::419_1_8::Tridesclous::0,PAIRED_BOYDEN::paired_boyden32c::419_1_8,PAIRED_BOYDEN,0.15585806056898133,0.11770532,0.038152737766914524
main,fpos,source_reweighted_cluster_trust_pseudo_xgboost_default,backend_sweep,xgboost_default,PAIRED_CRCNS_HC1::paired_crcns::d11221_d11221.001::SpykingCircus::6,PAIRED_CRCNS_HC1::paired_crcns::d11221_d11221.001,PAIRED_CRCNS_HC1,0.8835978835978836,0.41142723,0.47217065395501556
main,fpos,source_reweighted_cluster_trust_pseudo_xgboost_default,backend_sweep,xgboost_default,PAIRED_CRCNS_HC1::paired_crcns::d11222_d11222.002::IronClust::2,PAIRED_CRCNS_HC1::paired_crcns::d11222_d11222.002,PAIRED_CRCNS_HC1,0.04466019417475728,0.19479251,0.1501323149042222
main,fpos,source_reweighted_cluster_trust_pseudo_xgboost_default,backend_sweep,xgboost_default,PAIRED_CRCNS_HC1::paired_crcns::d11222_d11222.002::JRClust::3,PAIRED_CRCNS_HC1::paired_crcns::d11222_d11222.002,PAIRED_CRCNS_HC1,0.039337474120082816,0.057711083,0.018373609321889917
main,fpos,source_reweighted_cluster_trust_pseudo_xgboost_default,backend_sweep,xgboost_default,PAIRED_CRCNS_HC1::paired_crcns::d11222_d11222.002::KiloSort::1,PAIRED_CRCNS_HC1::paired_crcns::d11222_d11222.002,PAIRED_CRCNS_HC1,0.03337783711615487,0.075339206,0.04196136844691352
main,fpos,source_reweighted_cluster_trust_pseudo_xgboost_default,backend_sweep,xgboost_default,PAIRED_CRCNS_HC1::paired_crcns::d11222_d11222.002::KiloSort2::10,PAIRED_CRCNS_HC1::paired_crcns::d11222_d11222.002,PAIRED_CRCNS_HC1,0.550417469492614,0.077117376,0.47330009346312263
main,fpos,source_reweighted_cluster_trust_pseudo_xgboost_default,backend_sweep,xgboost_default,PAIRED_CRCNS_HC1::paired_crcns::d11222_d11222.002::Klusta::2,PAIRED_CRCNS_HC1::paired_crcns::d11222_d11222.002,PAIRED_CRCNS_HC1,0.008777852802160702,0.06453969,0.055761840493794956
main,fpos,source_reweighted_cluster_trust_pseudo_xgboost_default,backend_sweep,xgboost_default,PAIRED_CRCNS_HC1::paired_crcns::d11222_d11222.002::MountainSort4::4,PAIRED_CRCNS_HC1::paired_crcns::d11222_d11222.002,PAIRED_CRCNS_HC1,0.360427807486631,0.244623,0.11580480209646377
main,fpos,source_reweighted_cluster_trust_pseudo_xgboost_default,backend_sweep,xgboost_default,PAIRED_CRCNS_HC1::paired_crcns::d11222_d11222.002::SpykingCircus::4,PAIRED_CRCNS_HC1::paired_crcns::d11222_d11222.002,PAIRED_CRCNS_HC1,0.11986754966887417,0.06447843,0.055389122497167015
main,fpos,source_reweighted_cluster_trust_pseudo_xgboost_default,backend_sweep,xgboost_default,PAIRED_CRCNS_HC1::paired_crcns::d11222_d11222.002::Tridesclous::0,PAIRED_CRCNS_HC1::paired_crcns::d11222_d11222.002,PAIRED_CRCNS_HC1,0.021164021164021163,0.07053263,0.04936860623971495
main,fpos,source_reweighted_cluster_trust_pseudo_xgboost_default,backend_sweep,xgboost_default,PAIRED_ENGLISH::paired_english::m139_200114_191955::KiloSort2::25,PAIRED_ENGLISH::paired_english::m139_200114_191955,PAIRED_ENGLISH,0.7302739726027397,0.3906764,0.33959756359662097
main,fpos,source_reweighted_cluster_trust_pseudo_xgboost_default,backend_sweep,xgboost_default,PAIRED_ENGLISH::paired_english::m139_200114_191955::MountainSort4::36,PAIRED_ENGLISH::paired_english::m139_200114_191955,PAIRED_ENGLISH,0.8735255086994986,0.6536313,0.21989417916306064
main,fpos,source_reweighted_cluster_trust_pseudo_xgboost_default,backend_sweep,xgboost_default,PAIRED_ENGLISH::paired_english::m139_200114_191955::SpykingCircus::42,PAIRED_ENGLISH::paired_english::m139_200114_191955,PAIRED_ENGLISH,0.5584045584045584,0.354613,0.20379155228959867
main,fpos,source_reweighted_cluster_trust_pseudo_xgboost_default,backend_sweep,xgboost_default,PAIRED_ENGLISH::paired_english::m139_200114_222743::HerdingSpikes2::5,PAIRED_ENGLISH::paired_english::m139_200114_222743,PAIRED_ENGLISH,0.03257707969749855,0.16370165,0.13112457378303125
main,fpos,source_reweighted_cluster_trust_pseudo_xgboost_default,backend_sweep,xgboost_default,PAIRED_ENGLISH::paired_english::m139_200114_222743::IronClust::17,PAIRED_ENGLISH::paired_english::m139_200114_222743,PAIRED_ENGLISH,0.02675196277987787,0.13096295,0.10421099019158056
main,fpos,source_reweighted_cluster_trust_pseudo_xgboost_default,backend_sweep,xgboost_default,PAIRED_ENGLISH::paired_english::m139_200114_222743::KiloSort::88,PAIRED_ENGLISH::paired_english::m139_200114_222743,PAIRED_ENGLISH,0.015151515151515152,0.14601226,0.1308607463583802
main,fpos,source_reweighted_cluster_trust_pseudo_xgboost_default,backend_sweep,xgboost_default,PAIRED_ENGLISH::paired_english::m139_200114_222743::KiloSort2::26,PAIRED_ENGLISH::paired_english::m139_200114_222743,PAIRED_ENGLISH,0.028645087367516472,0.14279622,0.11415113102771668
main,fpos,source_reweighted_cluster_trust_pseudo_xgboost_default,backend_sweep,xgboost_default,PAIRED_ENGLISH::paired_english::m139_200114_222743::MountainSort4::46,PAIRED_ENGLISH::paired_english::m139_200114_222743,PAIRED_ENGLISH,0.039886039886039885,0.3291187,0.28923265894933303
main,fpos,source_reweighted_cluster_trust_pseudo_xgboost_default,backend_sweep,xgboost_default,PAIRED_ENGLISH::paired_english::m139_200114_222743::SpykingCircus::44,PAIRED_ENGLISH::paired_english::m139_200114_222743,PAIRED_ENGLISH,0.028064146620847653,0.10720682,0.07914267482080274
main,fpos,source_reweighted_cluster_trust_pseudo_xgboost_default,backend_sweep,xgboost_default,PAIRED_ENGLISH::paired_english::m139_200114_222743::Tridesclous::1,PAIRED_ENGLISH::paired_english::m139_200114_222743,PAIRED_ENGLISH,0.3089646722483153,0.3421539,0.03318923457388928
main,fpos,source_reweighted_cluster_trust_pseudo_xgboost_default,backend_sweep,xgboost_default,PAIRED_ENGLISH::paired_english::m14_190326_155432::IronClust::22,PAIRED_ENGLISH::paired_english::m14_190326_155432,PAIRED_ENGLISH,0.0481651376146789,0.047233604,0.000931533719968361
main,fpos,source_reweighted_cluster_trust_pseudo_xgboost_default,backend_sweep,xgboost_default,PAIRED_ENGLISH::paired_english::m14_190326_155432::MountainSort4::33,PAIRED_ENGLISH::paired_english::m14_190326_155432,PAIRED_ENGLISH,0.1981651376146789,0.34511435,0.14694921270422978
main,fpos,source_reweighted_cluster_trust_pseudo_xgboost_default,backend_sweep,xgboost_default,PAIRED_ENGLISH::paired_english::m14_190326_155432::SpykingCircus::38,PAIRED_ENGLISH::paired_english::m14_190326_155432,PAIRED_ENGLISH,0.013363028953229399,0.03238062,0.019017589201773197
main,fpos,source_reweighted_cluster_trust_pseudo_xgboost_default,backend_sweep,xgboost_default,PAIRED_ENGLISH::paired_english::m15_190315_142052_cell1::IronClust::40,PAIRED_ENGLISH::paired_english::m15_190315_142052_cell1,PAIRED_ENGLISH,0.2679960401640503,0.38888335,0.12088731211561277
main,fpos,source_reweighted_cluster_trust_pseudo_xgboost_default,backend_sweep,xgboost_default,PAIRED_ENGLISH::paired_english::m15_190315_142052_cell1::KiloSort2::48,PAIRED_ENGLISH::paired_english::m15_190315_142052_cell1,PAIRED_ENGLISH,0.8627861694595232,0.42546546,0.43732070486754326
main,fpos,source_reweighted_cluster_trust_pseudo_xgboost_default,backend_sweep,xgboost_default,PAIRED_ENGLISH::paired_english::m15_190315_142052_cell1::MountainSort4::62,PAIRED_ENGLISH::paired_english::m15_190315_142052_cell1,PAIRED_ENGLISH,0.8769885383524361,0.5585038,0.31848473176140213
main,fpos,source_reweighted_cluster_trust_pseudo_xgboost_default,backend_sweep,xgboost_default,PAIRED_ENGLISH::paired_english::m15_190315_142052_cell1::MountainSort4::64,PAIRED_ENGLISH::paired_english::m15_190315_142052_cell1,PAIRED_ENGLISH,0.14704761904761904,0.15670837,0.00966075557186491
main,fpos,source_reweighted_cluster_trust_pseudo_xgboost_default,backend_sweep,xgboost_default,PAIRED_ENGLISH::paired_english::m15_190315_142052_cell1::SpykingCircus::22,PAIRED_ENGLISH::paired_english::m15_190315_142052_cell1,PAIRED_ENGLISH,0.23500526131182042,0.5607776,0.3257723432681051
main,fpos,source_reweighted_cluster_trust_pseudo_xgboost_default,backend_sweep,xgboost_default,PAIRED_ENGLISH::paired_english::m15_190315_142052_cell1::SpykingCircus::57,PAIRED_ENGLISH::paired_english::m15_190315_142052_cell1,PAIRED_ENGLISH,0.6499202551834131,0.23641235,0.4135079088203455
main,fpos,source_reweighted_cluster_trust_pseudo_xgboost_default,backend_sweep,xgboost_default,PAIRED_ENGLISH::paired_english::m15_190315_152315_cell1::IronClust::35,PAIRED_ENGLISH::paired_english::m15_190315_152315_cell1,PAIRED_ENGLISH,0.002592440987856461,0.055303056,0.052710614805190494
main,fpos,source_reweighted_cluster_trust_pseudo_xgboost_default,backend_sweep,xgboost_default,PAIRED_ENGLISH::paired_english::m15_190315_152315_cell1::KiloSort::1,PAIRED_ENGLISH::paired_english::m15_190315_152315_cell1,PAIRED_ENGLISH,6.528267397832615e-05,0.06362715,0.0635618709610467
main,fpos,source_reweighted_cluster_trust_pseudo_xgboost_default,backend_sweep,xgboost_default,PAIRED_ENGLISH::paired_english::m15_190315_152315_cell1::KiloSort2::37,PAIRED_ENGLISH::paired_english::m15_190315_152315_cell1,PAIRED_ENGLISH,0.00039059957034047265,0.07643905,0.07604845324986521
main,fpos,source_reweighted_cluster_trust_pseudo_xgboost_default,backend_sweep,xgboost_default,PAIRED_ENGLISH::paired_english::m15_190315_152315_cell1::MountainSort4::72,PAIRED_ENGLISH::paired_english::m15_190315_152315_cell1,PAIRED_ENGLISH,0.052174468356855484,0.20606327,0.15388880221199217
main,fpos,source_reweighted_cluster_trust_pseudo_xgboost_default,backend_sweep,xgboost_default,PAIRED_ENGLISH::paired_english::m15_190315_152315_cell1::SpykingCircus::46,PAIRED_ENGLISH::paired_english::m15_190315_152315_cell1,PAIRED_ENGLISH,0.010891280531030483,0.050421957,0.03953067639555376
main,fpos,source_reweighted_cluster_trust_pseudo_xgboost_default,backend_sweep,xgboost_default,PAIRED_ENGLISH::paired_english::m15_190315_152315_cell1::Tridesclous::0,PAIRED_ENGLISH::paired_english::m15_190315_152315_cell1,PAIRED_ENGLISH,0.8482136225209834,0.44472846,0.4034851586328151
main,fpos,source_reweighted_cluster_trust_pseudo_xgboost_default,backend_sweep,xgboost_default,PAIRED_ENGLISH::paired_english::m26_190524_100859_cell1::KiloSort::19,PAIRED_ENGLISH::paired_english::m26_190524_100859_cell1,PAIRED_ENGLISH,0.2440677966101695,0.16091357,0.08315422489481458
main,fpos,source_reweighted_cluster_trust_pseudo_xgboost_default,backend_sweep,xgboost_default,PAIRED_ENGLISH::paired_english::m26_190524_100859_cell1::KiloSort::8,PAIRED_ENGLISH::paired_english::m26_190524_100859_cell1,PAIRED_ENGLISH,0.6505139500734214,0.21436654,0.43614740976065436
main,fpos,source_reweighted_cluster_trust_pseudo_xgboost_default,backend_sweep,xgboost_default,PAIRED_ENGLISH::paired_english::m26_190524_100859_cell1::KiloSort2::0,PAIRED_ENGLISH::paired_english::m26_190524_100859_cell1,PAIRED_ENGLISH,0.38315988647114474,0.32632792,0.05683196651112277
main,fpos,source_reweighted_cluster_trust_pseudo_xgboost_default,backend_sweep,xgboost_default,PAIRED_ENGLISH::paired_english::m57_191105_141906::IronClust::6,PAIRED_ENGLISH::paired_english::m57_191105_141906,PAIRED_ENGLISH,0.31826625386996904,0.24578544,0.07248080889506975
main,fpos,source_reweighted_cluster_trust_pseudo_xgboost_default,backend_sweep,xgboost_default,PAIRED_ENGLISH::paired_english::m57_191105_141906::KiloSort::47,PAIRED_ENGLISH::paired_english::m57_191105_141906,PAIRED_ENGLISH,0.35376344086021505,0.27970585,0.07405758859008871
main,fpos,source_reweighted_cluster_trust_pseudo_xgboost_default,backend_sweep,xgboost_default,PAIRED_ENGLISH::paired_english::m57_191105_141906::MountainSort4::21,PAIRED_ENGLISH::paired_english::m57_191105_141906,PAIRED_ENGLISH,0.3323335332933413,0.5146904,0.18235686587658057
main,fpos,source_reweighted_cluster_trust_pseudo_xgboost_default,backend_sweep,xgboost_default,PAIRED_ENGLISH::paired_english::m57_191105_141906::MountainSort4::57,PAIRED_ENGLISH::paired_english::m57_191105_141906,PAIRED_ENGLISH,0.23853211009174313,0.33605066,0.09751854932636295
main,fpos,source_reweighted_cluster_trust_pseudo_xgboost_default,backend_sweep,xgboost_default,PAIRED_ENGLISH::paired_english::m57_191105_141906::SpykingCircus::12,PAIRED_ENGLISH::paired_english::m57_191105_141906,PAIRED_ENGLISH,0.3535228677379481,0.24430293,0.10921993929022472
main,fpos,source_reweighted_cluster_trust_pseudo_xgboost_default,backend_sweep,xgboost_default,PAIRED_ENGLISH::paired_english::m57_191105_141906::SpykingCircus::30,PAIRED_ENGLISH::paired_english::m57_191105_141906,PAIRED_ENGLISH,0.2040332147093713,0.2043625,0.0003292820242941641
main,fpos,source_reweighted_cluster_trust_pseudo_xgboost_default,backend_sweep,xgboost_default,PAIRED_ENGLISH::paired_english::m57_191105_160026::HerdingSpikes2::1,PAIRED_ENGLISH::paired_english::m57_191105_160026,PAIRED_ENGLISH,0.13630229419703105,0.19105366,0.05475136452680013
main,fpos,source_reweighted_cluster_trust_pseudo_xgboost_default,backend_sweep,xgboost_default,PAIRED_ENGLISH::paired_english::m57_191105_160026::IronClust::2,PAIRED_ENGLISH::paired_english::m57_191105_160026,PAIRED_ENGLISH,0.5044008124576845,0.18633127,0.3180695403324404
main,fpos,source_reweighted_cluster_trust_pseudo_xgboost_default,backend_sweep,xgboost_default,PAIRED_ENGLISH::paired_english::m57_191105_160026::IronClust::3,PAIRED_ENGLISH::paired_english::m57_191105_160026,PAIRED_ENGLISH,0.05838815789473684,0.18293889,0.12455073077427714
main,fpos,source_reweighted_cluster_trust_pseudo_xgboost_default,backend_sweep,xgboost_default,PAIRED_ENGLISH::paired_english::m57_191105_160026::KiloSort::127,PAIRED_ENGLISH::paired_english::m57_191105_160026,PAIRED_ENGLISH,0.5003422313483915,0.27575737,0.22458485896908853
main,fpos,source_reweighted_cluster_trust_pseudo_xgboost_default,backend_sweep,xgboost_default,PAIRED_ENGLISH::paired_english::m57_191105_160026::KiloSort::6,PAIRED_ENGLISH::paired_english::m57_191105_160026,PAIRED_ENGLISH,0.02531645569620253,0.16531381,0.13999735441388964
main,fpos,source_reweighted_cluster_trust_pseudo_xgboost_default,backend_sweep,xgboost_default,PAIRED_ENGLISH::paired_english::m57_191105_160026::MountainSort4::23,PAIRED_ENGLISH::paired_english::m57_191105_160026,PAIRED_ENGLISH,0.6737967914438503,0.14354597,0.5302508211231487
main,fpos,source_reweighted_cluster_trust_pseudo_xgboost_default,backend_sweep,xgboost_default,PAIRED_ENGLISH::paired_english::m57_191105_160026::MountainSort4::25,PAIRED_ENGLISH::paired_english::m57_191105_160026,PAIRED_ENGLISH,0.14568081991215226,0.25757134,0.11189051969508651
main,fpos,source_reweighted_cluster_trust_pseudo_xgboost_default,backend_sweep,xgboost_default,PAIRED_ENGLISH::paired_english::m57_191105_160026::SpykingCircus::2,PAIRED_ENGLISH::paired_english::m57_191105_160026,PAIRED_ENGLISH,0.6860282574568289,0.49800137,0.18802689060311495
main,fpos,source_reweighted_cluster_trust_pseudo_xgboost_default,backend_sweep,xgboost_default,PAIRED_ENGLISH::paired_english::m57_191105_160026::SpykingCircus::4,PAIRED_ENGLISH::paired_english::m57_191105_160026,PAIRED_ENGLISH,0.056790123456790124,0.18565397,0.12886384618871005
main,fpos,source_reweighted_cluster_trust_pseudo_xgboost_default,backend_sweep,xgboost_default,PAIRED_ENGLISH::paired_english::m57_191105_160026::Tridesclous::0,PAIRED_ENGLISH::paired_english::m57_191105_160026,PAIRED_ENGLISH,0.8589226823012093,0.5171201,0.3418025593916634
main,fpos,source_reweighted_cluster_trust_pseudo_xgboost_default,backend_sweep,xgboost_default,PAIRED_KAMPFF::paired_kampff::c14::HerdingSpikes2::6,PAIRED_KAMPFF::paired_kampff::c14,PAIRED_KAMPFF,0.25090444775484144,0.069030374,0.18187407346628248
main,fpos,source_reweighted_cluster_trust_pseudo_xgboost_default,backend_sweep,xgboost_default,PAIRED_KAMPFF::paired_kampff::c14::IronClust::22,PAIRED_KAMPFF::paired_kampff::c14,PAIRED_KAMPFF,0.2240655987795576,0.06855173,0.1555138721402868
main,fpos,source_reweighted_cluster_trust_pseudo_xgboost_default,backend_sweep,xgboost_default,PAIRED_KAMPFF::paired_kampff::c14::KiloSort2::37,PAIRED_KAMPFF::paired_kampff::c14,PAIRED_KAMPFF,0.23899885489939474,0.12981698,0.10918187572954915
main,fpos,source_reweighted_cluster_trust_pseudo_xgboost_default,backend_sweep,xgboost_default,PAIRED_KAMPFF::paired_kampff::c14::MountainSort4::42,PAIRED_KAMPFF::paired_kampff::c14,PAIRED_KAMPFF,0.031842105263157894,0.032429628,0.0005875228110112651
main,fpos,source_reweighted_cluster_trust_pseudo_xgboost_default,backend_sweep,xgboost_default,PAIRED_KAMPFF::paired_kampff::c14::SpykingCircus::14,PAIRED_KAMPFF::paired_kampff::c14,PAIRED_KAMPFF,0.0993841579953281,0.03603538,0.06334877673779407
main,fpos,source_reweighted_cluster_trust_pseudo_xgboost_default,backend_sweep,xgboost_default,PAIRED_KAMPFF::paired_kampff::c14::Tridesclous::8,PAIRED_KAMPFF::paired_kampff::c14,PAIRED_KAMPFF,0.7298130782302221,0.44127613,0.2885369451697668
main,fpos,source_reweighted_cluster_trust_pseudo_xgboost_default,backend_sweep,xgboost_default,PAIRED_MEA64C_YGER::paired_mea64c::20170622_patch1::HerdingSpikes2::19,PAIRED_MEA64C_YGER::paired_mea64c::20170622_patch1,PAIRED_MEA64C_YGER,0.3048016701461378,0.29435658,0.010445085597187598
main,fpos,source_reweighted_cluster_trust_pseudo_xgboost_default,backend_sweep,xgboost_default,PAIRED_MEA64C_YGER::paired_mea64c::20170622_patch1::HerdingSpikes2::7,PAIRED_MEA64C_YGER::paired_mea64c::20170622_patch1,PAIRED_MEA64C_YGER,0.006430868167202572,0.017231792,0.01080092404433002
main,fpos,source_reweighted_cluster_trust_pseudo_xgboost_default,backend_sweep,xgboost_default,PAIRED_MEA64C_YGER::paired_mea64c::20170622_patch1::IronClust::8,PAIRED_MEA64C_YGER::paired_mea64c::20170622_patch1,PAIRED_MEA64C_YGER,0.32512992968511156,0.15651266,0.1686172669167476
main,fpos,source_reweighted_cluster_trust_pseudo_xgboost_default,backend_sweep,xgboost_default,PAIRED_MEA64C_YGER::paired_mea64c::20170622_patch1::KiloSort::64,PAIRED_MEA64C_YGER::paired_mea64c::20170622_patch1,PAIRED_MEA64C_YGER,0.00022805017103762827,0.012841387,0.01261333654950051
main,fpos,source_reweighted_cluster_trust_pseudo_xgboost_default,backend_sweep,xgboost_default,PAIRED_MEA64C_YGER::paired_mea64c::20170622_patch1::KiloSort2::23,PAIRED_MEA64C_YGER::paired_mea64c::20170622_patch1,PAIRED_MEA64C_YGER,0.0,0.010952447,0.010952446609735489
main,fpos,source_reweighted_cluster_trust_pseudo_xgboost_default,backend_sweep,xgboost_default,PAIRED_MEA64C_YGER::paired_mea64c::20170622_patch1::Klusta::4,PAIRED_MEA64C_YGER::paired_mea64c::20170622_patch1,PAIRED_MEA64C_YGER,0.0050424628450106155,0.0246055,0.019563036735491895
main,fpos,source_reweighted_cluster_trust_pseudo_xgboost_default,backend_sweep,xgboost_default,PAIRED_MEA64C_YGER::paired_mea64c::20170622_patch1::MountainSort4::43,PAIRED_MEA64C_YGER::paired_mea64c::20170622_patch1,PAIRED_MEA64C_YGER,0.0040494938132733405,0.017238254,0.013188759914281934
main,fpos,source_reweighted_cluster_trust_pseudo_xgboost_default,backend_sweep,xgboost_default,PAIRED_MEA64C_YGER::paired_mea64c::20170622_patch1::SpykingCircus::18,PAIRED_MEA64C_YGER::paired_mea64c::20170622_patch1,PAIRED_MEA64C_YGER,0.00022079929344226098,0.013994998,0.013774199005143154
main,fpos,source_reweighted_cluster_trust_pseudo_xgboost_default,backend_sweep,xgboost_default,PAIRED_MEA64C_YGER::paired_mea64c::20170622_patch1::Tridesclous::12,PAIRED_MEA64C_YGER::paired_mea64c::20170622_patch1,PAIRED_MEA64C_YGER,0.013830024537140308,0.024776224,0.010946199509805264
main,fpos,source_reweighted_cluster_trust_pseudo_xgboost_default,backend_sweep,xgboost_default,PAIRED_MEA64C_YGER::paired_mea64c::20170622_patch2::HerdingSpikes2::16,PAIRED_MEA64C_YGER::paired_mea64c::20170622_patch2,PAIRED_MEA64C_YGER,0.18683274021352314,0.08141898,0.10541375657523655
main,fpos,source_reweighted_cluster_trust_pseudo_xgboost_default,backend_sweep,xgboost_default,PAIRED_MEA64C_YGER::paired_mea64c::20170622_patch2::HerdingSpikes2::44,PAIRED_MEA64C_YGER::paired_mea64c::20170622_patch2,PAIRED_MEA64C_YGER,0.4028520499108734,0.11537211,0.2874799434779587
main,fpos,source_reweighted_cluster_trust_pseudo_xgboost_default,backend_sweep,xgboost_default,PAIRED_MEA64C_YGER::paired_mea64c::20170622_patch2::HerdingSpikes2::5,PAIRED_MEA64C_YGER::paired_mea64c::20170622_patch2,PAIRED_MEA64C_YGER,0.06115992970123023,0.0026620089,0.058497920840150416
main,fpos,source_reweighted_cluster_trust_pseudo_xgboost_default,backend_sweep,xgboost_default,PAIRED_MEA64C_YGER::paired_mea64c::20170622_patch2::IronClust::11,PAIRED_MEA64C_YGER::paired_mea64c::20170622_patch2,PAIRED_MEA64C_YGER,0.061366806136680614,0.0016159996,0.05975080652092941
main,fpos,source_reweighted_cluster_trust_pseudo_xgboost_default,backend_sweep,xgboost_default,PAIRED_MEA64C_YGER::paired_mea64c::20170622_patch2::JRClust::31,PAIRED_MEA64C_YGER::paired_mea64c::20170622_patch2,PAIRED_MEA64C_YGER,0.06118881118881119,0.002227794,0.058961017275476583
main,fpos,source_reweighted_cluster_trust_pseudo_xgboost_default,backend_sweep,xgboost_default,PAIRED_MEA64C_YGER::paired_mea64c::20170622_patch2::KiloSort::5,PAIRED_MEA64C_YGER::paired_mea64c::20170622_patch2,PAIRED_MEA64C_YGER,0.06143106457242583,0.0026518623,0.05877920223796581
main,fpos,source_reweighted_cluster_trust_pseudo_xgboost_default,backend_sweep,xgboost_default,PAIRED_MEA64C_YGER::paired_mea64c::20170622_patch2::KiloSort2::33,PAIRED_MEA64C_YGER::paired_mea64c::20170622_patch2,PAIRED_MEA64C_YGER,0.061409630146545706,0.0031875824,0.0582220477841025
main,fpos,source_reweighted_cluster_trust_pseudo_xgboost_default,backend_sweep,xgboost_default,PAIRED_MEA64C_YGER::paired_mea64c::20170622_patch2::Klusta::14,PAIRED_MEA64C_YGER::paired_mea64c::20170622_patch2,PAIRED_MEA64C_YGER,0.05860349127182045,0.0025240772,0.05607941407800891
main,fpos,source_reweighted_cluster_trust_pseudo_xgboost_default,backend_sweep,xgboost_default,PAIRED_MEA64C_YGER::paired_mea64c::20170622_patch2::MountainSort4::31,PAIRED_MEA64C_YGER::paired_mea64c::20170622_patch2,PAIRED_MEA64C_YGER,0.07713404182379156,0.006389722,0.07074431959574133
main,fpos,source_reweighted_cluster_trust_pseudo_xgboost_default,backend_sweep,xgboost_default,PAIRED_MEA64C_YGER::paired_mea64c::20170622_patch2::SpykingCircus::17,PAIRED_MEA64C_YGER::paired_mea64c::20170622_patch2,PAIRED_MEA64C_YGER,0.061366806136680614,0.0033550488,0.05801175730699099
main,fpos,source_reweighted_cluster_trust_pseudo_xgboost_default,backend_sweep,xgboost_default,PAIRED_MEA64C_YGER::paired_mea64c::20170622_patch2::Tridesclous::0,PAIRED_MEA64C_YGER::paired_mea64c::20170622_patch2,PAIRED_MEA64C_YGER,0.061366806136680614,0.0015766324,0.05979017375898905
main,fpos,source_reweighted_anchor_stack_cluster_trust_pseudo_lightgbm_default,backend_sweep,lightgbm_default,PAIRED_BOYDEN::paired_boyden32c::1103_1_1::IronClust::4,PAIRED_BOYDEN::paired_boyden32c::1103_1_1,PAIRED_BOYDEN,0.11363636363636363,0.13462701,0.020990650762211197
main,fpos,source_reweighted_anchor_stack_cluster_trust_pseudo_lightgbm_default,backend_sweep,lightgbm_default,PAIRED_BOYDEN::paired_boyden32c::1103_1_1::JRClust::18,PAIRED_BOYDEN::paired_boyden32c::1103_1_1,PAIRED_BOYDEN,0.26138147566718994,0.3523065,0.09092500950889648
main,fpos,source_reweighted_anchor_stack_cluster_trust_pseudo_lightgbm_default,backend_sweep,lightgbm_default,PAIRED_BOYDEN::paired_boyden32c::1103_1_1::KiloSort::111,PAIRED_BOYDEN::paired_boyden32c::1103_1_1,PAIRED_BOYDEN,0.11241007194244604,0.16864991,0.056239839938047126
main,fpos,source_reweighted_anchor_stack_cluster_trust_pseudo_lightgbm_default,backend_sweep,lightgbm_default,PAIRED_BOYDEN::paired_boyden32c::1103_1_1::KiloSort2::33,PAIRED_BOYDEN::paired_boyden32c::1103_1_1,PAIRED_BOYDEN,0.17066290550070523,0.18614693,0.01548402435940982
main,fpos,source_reweighted_anchor_stack_cluster_trust_pseudo_lightgbm_default,backend_sweep,lightgbm_default,PAIRED_BOYDEN::paired_boyden32c::1103_1_1::KiloSort2::55,PAIRED_BOYDEN::paired_boyden32c::1103_1_1,PAIRED_BOYDEN,0.3333333333333333,0.22405939,0.10927394529183704
main,fpos,source_reweighted_anchor_stack_cluster_trust_pseudo_lightgbm_default,backend_sweep,lightgbm_default,PAIRED_BOYDEN::paired_boyden32c::1103_1_1::KiloSort2::60,PAIRED_BOYDEN::paired_boyden32c::1103_1_1,PAIRED_BOYDEN,0.15878378378378377,0.10075475,0.05802903102861867
main,fpos,source_reweighted_anchor_stack_cluster_trust_pseudo_lightgbm_default,backend_sweep,lightgbm_default,PAIRED_BOYDEN::paired_boyden32c::1103_1_1::Klusta::12,PAIRED_BOYDEN::paired_boyden32c::1103_1_1,PAIRED_BOYDEN,0.156686626746507,0.21327429,0.056587658450751005
main,fpos,source_reweighted_anchor_stack_cluster_trust_pseudo_lightgbm_default,backend_sweep,lightgbm_default,PAIRED_BOYDEN::paired_boyden32c::1103_1_1::MountainSort4::26,PAIRED_BOYDEN::paired_boyden32c::1103_1_1,PAIRED_BOYDEN,0.30532212885154064,0.3565133,0.05119116274582569
main,fpos,source_reweighted_anchor_stack_cluster_trust_pseudo_lightgbm_default,backend_sweep,lightgbm_default,PAIRED_BOYDEN::paired_boyden32c::1103_1_1::SpykingCircus::27,PAIRED_BOYDEN::paired_boyden32c::1103_1_1,PAIRED_BOYDEN,0.12258064516129032,0.19147281,0.0688921683257626
main,fpos,source_reweighted_anchor_stack_cluster_trust_pseudo_lightgbm_default,backend_sweep,lightgbm_default,PAIRED_BOYDEN::paired_boyden32c::1103_1_1::Tridesclous::3,PAIRED_BOYDEN::paired_boyden32c::1103_1_1,PAIRED_BOYDEN,0.2613268608414239,0.29309458,0.031767714563696925
main,fpos,source_reweighted_anchor_stack_cluster_trust_pseudo_lightgbm_default,backend_sweep,lightgbm_default,PAIRED_BOYDEN::paired_boyden32c::419_1_8::IronClust::14,PAIRED_BOYDEN::paired_boyden32c::419_1_8,PAIRED_BOYDEN,0.0663265306122449,0.047155503,0.019171027428641615
main,fpos,source_reweighted_anchor_stack_cluster_trust_pseudo_lightgbm_default,backend_sweep,lightgbm_default,PAIRED_BOYDEN::paired_boyden32c::419_1_8::IronClust::4,PAIRED_BOYDEN::paired_boyden32c::419_1_8,PAIRED_BOYDEN,0.05829903978052126,0.05392503,0.004374009847068656
main,fpos,source_reweighted_anchor_stack_cluster_trust_pseudo_lightgbm_default,backend_sweep,lightgbm_default,PAIRED_BOYDEN::paired_boyden32c::419_1_8::JRClust::24,PAIRED_BOYDEN::paired_boyden32c::419_1_8,PAIRED_BOYDEN,0.08062093139709564,0.050986875,0.02963405654849144
main,fpos,source_reweighted_anchor_stack_cluster_trust_pseudo_lightgbm_default,backend_sweep,lightgbm_default,PAIRED_BOYDEN::paired_boyden32c::419_1_8::JRClust::8,PAIRED_BOYDEN::paired_boyden32c::419_1_8,PAIRED_BOYDEN,0.03907637655417407,0.033313744,0.005762632784051543
main,fpos,source_reweighted_anchor_stack_cluster_trust_pseudo_lightgbm_default,backend_sweep,lightgbm_default,PAIRED_BOYDEN::paired_boyden32c::419_1_8::KiloSort::17,PAIRED_BOYDEN::paired_boyden32c::419_1_8,PAIRED_BOYDEN,0.06424161521775405,0.020972522,0.04326909324211757
main,fpos,source_reweighted_anchor_stack_cluster_trust_pseudo_lightgbm_default,backend_sweep,lightgbm_default,PAIRED_BOYDEN::paired_boyden32c::419_1_8::KiloSort2::27,PAIRED_BOYDEN::paired_boyden32c::419_1_8,PAIRED_BOYDEN,0.1342059838895282,0.039721925,0.09448405907792656
main,fpos,source_reweighted_anchor_stack_cluster_trust_pseudo_lightgbm_default,backend_sweep,lightgbm_default,PAIRED_BOYDEN::paired_boyden32c::419_1_8::KiloSort2::46,PAIRED_BOYDEN::paired_boyden32c::419_1_8,PAIRED_BOYDEN,0.02341480088873697,0.017210308,0.006204492426355606
main,fpos,source_reweighted_anchor_stack_cluster_trust_pseudo_lightgbm_default,backend_sweep,lightgbm_default,PAIRED_BOYDEN::paired_boyden32c::419_1_8::MountainSort4::42,PAIRED_BOYDEN::paired_boyden32c::419_1_8,PAIRED_BOYDEN,0.16482219271063892,0.12433087,0.04049132190346805
main,fpos,source_reweighted_anchor_stack_cluster_trust_pseudo_lightgbm_default,backend_sweep,lightgbm_default,PAIRED_BOYDEN::paired_boyden32c::419_1_8::SpykingCircus::24,PAIRED_BOYDEN::paired_boyden32c::419_1_8,PAIRED_BOYDEN,0.24721080446271285,0.15042147,0.09678933405904158
main,fpos,source_reweighted_anchor_stack_cluster_trust_pseudo_lightgbm_default,backend_sweep,lightgbm_default,PAIRED_BOYDEN::paired_boyden32c::419_1_8::SpykingCircus::28,PAIRED_BOYDEN::paired_boyden32c::419_1_8,PAIRED_BOYDEN,0.029543112332531776,0.037393905,0.007850792889884148
main,fpos,source_reweighted_anchor_stack_cluster_trust_pseudo_lightgbm_default,backend_sweep,lightgbm_default,PAIRED_BOYDEN::paired_boyden32c::419_1_8::Tridesclous::0,PAIRED_BOYDEN::paired_boyden32c::419_1_8,PAIRED_BOYDEN,0.15585806056898133,0.12480498,0.031053079516105808
main,fpos,source_reweighted_anchor_stack_cluster_trust_pseudo_lightgbm_default,backend_sweep,lightgbm_default,PAIRED_CRCNS_HC1::paired_crcns::d11221_d11221.001::SpykingCircus::6,PAIRED_CRCNS_HC1::paired_crcns::d11221_d11221.001,PAIRED_CRCNS_HC1,0.8835978835978836,0.5001169,0.38348099888947906
main,fpos,source_reweighted_anchor_stack_cluster_trust_pseudo_lightgbm_default,backend_sweep,lightgbm_default,PAIRED_CRCNS_HC1::paired_crcns::d11222_d11222.002::IronClust::2,PAIRED_CRCNS_HC1::paired_crcns::d11222_d11222.002,PAIRED_CRCNS_HC1,0.04466019417475728,0.14675684,0.10209664855767223
main,fpos,source_reweighted_anchor_stack_cluster_trust_pseudo_lightgbm_default,backend_sweep,lightgbm_default,PAIRED_CRCNS_HC1::paired_crcns::d11222_d11222.002::JRClust::3,PAIRED_CRCNS_HC1::paired_crcns::d11222_d11222.002,PAIRED_CRCNS_HC1,0.039337474120082816,0.04727841,0.007940937566337625
main,fpos,source_reweighted_anchor_stack_cluster_trust_pseudo_lightgbm_default,backend_sweep,lightgbm_default,PAIRED_CRCNS_HC1::paired_crcns::d11222_d11222.002::KiloSort::1,PAIRED_CRCNS_HC1::paired_crcns::d11222_d11222.002,PAIRED_CRCNS_HC1,0.03337783711615487,0.07197521,0.038597371702757635
main,fpos,source_reweighted_anchor_stack_cluster_trust_pseudo_lightgbm_default,backend_sweep,lightgbm_default,PAIRED_CRCNS_HC1::paired_crcns::d11222_d11222.002::KiloSort2::10,PAIRED_CRCNS_HC1::paired_crcns::d11222_d11222.002,PAIRED_CRCNS_HC1,0.550417469492614,0.053603005,0.4968144648284314
main,fpos,source_reweighted_anchor_stack_cluster_trust_pseudo_lightgbm_default,backend_sweep,lightgbm_default,PAIRED_CRCNS_HC1::paired_crcns::d11222_d11222.002::Klusta::2,PAIRED_CRCNS_HC1::paired_crcns::d11222_d11222.002,PAIRED_CRCNS_HC1,0.008777852802160702,0.061793115,0.053015262187835255
main,fpos,source_reweighted_anchor_stack_cluster_trust_pseudo_lightgbm_default,backend_sweep,lightgbm_default,PAIRED_CRCNS_HC1::paired_crcns::d11222_d11222.002::MountainSort4::4,PAIRED_CRCNS_HC1::paired_crcns::d11222_d11222.002,PAIRED_CRCNS_HC1,0.360427807486631,0.25878334,0.10164446703252944
main,fpos,source_reweighted_anchor_stack_cluster_trust_pseudo_lightgbm_default,backend_sweep,lightgbm_default,PAIRED_CRCNS_HC1::paired_crcns::d11222_d11222.002::SpykingCircus::4,PAIRED_CRCNS_HC1::paired_crcns::d11222_d11222.002,PAIRED_CRCNS_HC1,0.11986754966887417,0.06322115,0.056646400522317314
main,fpos,source_reweighted_anchor_stack_cluster_trust_pseudo_lightgbm_default,backend_sweep,lightgbm_default,PAIRED_CRCNS_HC1::paired_crcns::d11222_d11222.002::Tridesclous::0,PAIRED_CRCNS_HC1::paired_crcns::d11222_d11222.002,PAIRED_CRCNS_HC1,0.021164021164021163,0.061804887,0.04064086574331793
main,fpos,source_reweighted_anchor_stack_cluster_trust_pseudo_lightgbm_default,backend_sweep,lightgbm_default,PAIRED_ENGLISH::paired_english::m139_200114_191955::KiloSort2::25,PAIRED_ENGLISH::paired_english::m139_200114_191955,PAIRED_ENGLISH,0.7302739726027397,0.30799726,0.42227671608532946
main,fpos,source_reweighted_anchor_stack_cluster_trust_pseudo_lightgbm_default,backend_sweep,lightgbm_default,PAIRED_ENGLISH::paired_english::m139_200114_191955::MountainSort4::36,PAIRED_ENGLISH::paired_english::m139_200114_191955,PAIRED_ENGLISH,0.8735255086994986,0.6623391,0.21118641739853428
main,fpos,source_reweighted_anchor_stack_cluster_trust_pseudo_lightgbm_default,backend_sweep,lightgbm_default,PAIRED_ENGLISH::paired_english::m139_200114_191955::SpykingCircus::42,PAIRED_ENGLISH::paired_english::m139_200114_191955,PAIRED_ENGLISH,0.5584045584045584,0.35104543,0.2073591286979849
main,fpos,source_reweighted_anchor_stack_cluster_trust_pseudo_lightgbm_default,backend_sweep,lightgbm_default,PAIRED_ENGLISH::paired_english::m139_200114_222743::HerdingSpikes2::5,PAIRED_ENGLISH::paired_english::m139_200114_222743,PAIRED_ENGLISH,0.03257707969749855,0.18410683,0.15152974708472802
main,fpos,source_reweighted_anchor_stack_cluster_trust_pseudo_lightgbm_default,backend_sweep,lightgbm_default,PAIRED_ENGLISH::paired_english::m139_200114_222743::IronClust::17,PAIRED_ENGLISH::paired_english::m139_200114_222743,PAIRED_ENGLISH,0.02675196277987787,0.15781707,0.13106510293591192
main,fpos,source_reweighted_anchor_stack_cluster_trust_pseudo_lightgbm_default,backend_sweep,lightgbm_default,PAIRED_ENGLISH::paired_english::m139_200114_222743::KiloSort::88,PAIRED_ENGLISH::paired_english::m139_200114_222743,PAIRED_ENGLISH,0.015151515151515152,0.22049347,0.20534195051048743
main,fpos,source_reweighted_anchor_stack_cluster_trust_pseudo_lightgbm_default,backend_sweep,lightgbm_default,PAIRED_ENGLISH::paired_english::m139_200114_222743::KiloSort2::26,PAIRED_ENGLISH::paired_english::m139_200114_222743,PAIRED_ENGLISH,0.028645087367516472,0.1514677,0.12282260846473603
main,fpos,source_reweighted_anchor_stack_cluster_trust_pseudo_lightgbm_default,backend_sweep,lightgbm_default,PAIRED_ENGLISH::paired_english::m139_200114_222743::MountainSort4::46,PAIRED_ENGLISH::paired_english::m139_200114_222743,PAIRED_ENGLISH,0.039886039886039885,0.3083173,0.26843126377149185
main,fpos,source_reweighted_anchor_stack_cluster_trust_pseudo_lightgbm_default,backend_sweep,lightgbm_default,PAIRED_ENGLISH::paired_english::m139_200114_222743::SpykingCircus::44,PAIRED_ENGLISH::paired_english::m139_200114_222743,PAIRED_ENGLISH,0.028064146620847653,0.13329116,0.10522700847902113
main,fpos,source_reweighted_anchor_stack_cluster_trust_pseudo_lightgbm_default,backend_sweep,lightgbm_default,PAIRED_ENGLISH::paired_english::m139_200114_222743::Tridesclous::1,PAIRED_ENGLISH::paired_english::m139_200114_222743,PAIRED_ENGLISH,0.3089646722483153,0.28565386,0.02331081287140796
main,fpos,source_reweighted_anchor_stack_cluster_trust_pseudo_lightgbm_default,backend_sweep,lightgbm_default,PAIRED_ENGLISH::paired_english::m14_190326_155432::IronClust::22,PAIRED_ENGLISH::paired_english::m14_190326_155432,PAIRED_ENGLISH,0.0481651376146789,0.03717299,0.010992145832252068
main,fpos,source_reweighted_anchor_stack_cluster_trust_pseudo_lightgbm_default,backend_sweep,lightgbm_default,PAIRED_ENGLISH::paired_english::m14_190326_155432::MountainSort4::33,PAIRED_ENGLISH::paired_english::m14_190326_155432,PAIRED_ENGLISH,0.1981651376146789,0.31004086,0.11187572375350041
main,fpos,source_reweighted_anchor_stack_cluster_trust_pseudo_lightgbm_default,backend_sweep,lightgbm_default,PAIRED_ENGLISH::paired_english::m14_190326_155432::SpykingCircus::38,PAIRED_ENGLISH::paired_english::m14_190326_155432,PAIRED_ENGLISH,0.013363028953229399,0.040604003,0.027240973820532352
main,fpos,source_reweighted_anchor_stack_cluster_trust_pseudo_lightgbm_default,backend_sweep,lightgbm_default,PAIRED_ENGLISH::paired_english::m15_190315_142052_cell1::IronClust::40,PAIRED_ENGLISH::paired_english::m15_190315_142052_cell1,PAIRED_ENGLISH,0.2679960401640503,0.37547538,0.10747933668035581
main,fpos,source_reweighted_anchor_stack_cluster_trust_pseudo_lightgbm_default,backend_sweep,lightgbm_default,PAIRED_ENGLISH::paired_english::m15_190315_142052_cell1::KiloSort2::48,PAIRED_ENGLISH::paired_english::m15_190315_142052_cell1,PAIRED_ENGLISH,0.8627861694595232,0.41156897,0.4512171999713793
main,fpos,source_reweighted_anchor_stack_cluster_trust_pseudo_lightgbm_default,backend_sweep,lightgbm_default,PAIRED_ENGLISH::paired_english::m15_190315_142052_cell1::MountainSort4::62,PAIRED_ENGLISH::paired_english::m15_190315_142052_cell1,PAIRED_ENGLISH,0.8769885383524361,0.44352555,0.4334629856028023
main,fpos,source_reweighted_anchor_stack_cluster_trust_pseudo_lightgbm_default,backend_sweep,lightgbm_default,PAIRED_ENGLISH::paired_english::m15_190315_142052_cell1::MountainSort4::64,PAIRED_ENGLISH::paired_english::m15_190315_142052_cell1,PAIRED_ENGLISH,0.14704761904761904,0.105359435,0.041688183966137105
main,fpos,source_reweighted_anchor_stack_cluster_trust_pseudo_lightgbm_default,backend_sweep,lightgbm_default,PAIRED_ENGLISH::paired_english::m15_190315_142052_cell1::SpykingCircus::22,PAIRED_ENGLISH::paired_english::m15_190315_142052_cell1,PAIRED_ENGLISH,0.23500526131182042,0.59048617,0.35548090754956874
main,fpos,source_reweighted_anchor_stack_cluster_trust_pseudo_lightgbm_default,backend_sweep,lightgbm_default,PAIRED_ENGLISH::paired_english::m15_190315_142052_cell1::SpykingCircus::57,PAIRED_ENGLISH::paired_english::m15_190315_142052_cell1,PAIRED_ENGLISH,0.6499202551834131,0.31477803,0.33514222526474247
main,fpos,source_reweighted_anchor_stack_cluster_trust_pseudo_lightgbm_default,backend_sweep,lightgbm_default,PAIRED_ENGLISH::paired_english::m15_190315_152315_cell1::IronClust::35,PAIRED_ENGLISH::paired_english::m15_190315_152315_cell1,PAIRED_ENGLISH,0.002592440987856461,0.06465979,0.062067348216741015
main,fpos,source_reweighted_anchor_stack_cluster_trust_pseudo_lightgbm_default,backend_sweep,lightgbm_default,PAIRED_ENGLISH::paired_english::m15_190315_152315_cell1::KiloSort::1,PAIRED_ENGLISH::paired_english::m15_190315_152315_cell1,PAIRED_ENGLISH,6.528267397832615e-05,0.06344823,0.06338294526801157
main,fpos,source_reweighted_anchor_stack_cluster_trust_pseudo_lightgbm_default,backend_sweep,lightgbm_default,PAIRED_ENGLISH::paired_english::m15_190315_152315_cell1::KiloSort2::37,PAIRED_ENGLISH::paired_english::m15_190315_152315_cell1,PAIRED_ENGLISH,0.00039059957034047265,0.13536865,0.13497804562085217
main,fpos,source_reweighted_anchor_stack_cluster_trust_pseudo_lightgbm_default,backend_sweep,lightgbm_default,PAIRED_ENGLISH::paired_english::m15_190315_152315_cell1::MountainSort4::72,PAIRED_ENGLISH::paired_english::m15_190315_152315_cell1,PAIRED_ENGLISH,0.052174468356855484,0.21849602,0.16632155625175657
main,fpos,source_reweighted_anchor_stack_cluster_trust_pseudo_lightgbm_default,backend_sweep,lightgbm_default,PAIRED_ENGLISH::paired_english::m15_190315_152315_cell1::SpykingCircus::46,PAIRED_ENGLISH::paired_english::m15_190315_152315_cell1,PAIRED_ENGLISH,0.010891280531030483,0.07132917,0.060437888444322754
main,fpos,source_reweighted_anchor_stack_cluster_trust_pseudo_lightgbm_default,backend_sweep,lightgbm_default,PAIRED_ENGLISH::paired_english::m15_190315_152315_cell1::Tridesclous::0,PAIRED_ENGLISH::paired_english::m15_190315_152315_cell1,PAIRED_ENGLISH,0.8482136225209834,0.5775782,0.27063543553215286
main,fpos,source_reweighted_anchor_stack_cluster_trust_pseudo_lightgbm_default,backend_sweep,lightgbm_default,PAIRED_ENGLISH::paired_english::m26_190524_100859_cell1::KiloSort::19,PAIRED_ENGLISH::paired_english::m26_190524_100859_cell1,PAIRED_ENGLISH,0.2440677966101695,0.13580112,0.10826667501764783
main,fpos,source_reweighted_anchor_stack_cluster_trust_pseudo_lightgbm_default,backend_sweep,lightgbm_default,PAIRED_ENGLISH::paired_english::m26_190524_100859_cell1::KiloSort::8,PAIRED_ENGLISH::paired_english::m26_190524_100859_cell1,PAIRED_ENGLISH,0.6505139500734214,0.26331225,0.3872016996976737
main,fpos,source_reweighted_anchor_stack_cluster_trust_pseudo_lightgbm_default,backend_sweep,lightgbm_default,PAIRED_ENGLISH::paired_english::m26_190524_100859_cell1::KiloSort2::0,PAIRED_ENGLISH::paired_english::m26_190524_100859_cell1,PAIRED_ENGLISH,0.38315988647114474,0.29969472,0.08346516954075534
main,fpos,source_reweighted_anchor_stack_cluster_trust_pseudo_lightgbm_default,backend_sweep,lightgbm_default,PAIRED_ENGLISH::paired_english::m57_191105_141906::IronClust::6,PAIRED_ENGLISH::paired_english::m57_191105_141906,PAIRED_ENGLISH,0.31826625386996904,0.18427634,0.13398991147800127
main,fpos,source_reweighted_anchor_stack_cluster_trust_pseudo_lightgbm_default,backend_sweep,lightgbm_default,PAIRED_ENGLISH::paired_english::m57_191105_141906::KiloSort::47,PAIRED_ENGLISH::paired_english::m57_191105_141906,PAIRED_ENGLISH,0.35376344086021505,0.18942991,0.16433353186935507
main,fpos,source_reweighted_anchor_stack_cluster_trust_pseudo_lightgbm_default,backend_sweep,lightgbm_default,PAIRED_ENGLISH::paired_english::m57_191105_141906::MountainSort4::21,PAIRED_ENGLISH::paired_english::m57_191105_141906,PAIRED_ENGLISH,0.3323335332933413,0.4006776,0.06834405826892981
main,fpos,source_reweighted_anchor_stack_cluster_trust_pseudo_lightgbm_default,backend_sweep,lightgbm_default,PAIRED_ENGLISH::paired_english::m57_191105_141906::MountainSort4::57,PAIRED_ENGLISH::paired_english::m57_191105_141906,PAIRED_ENGLISH,0.23853211009174313,0.18251881,0.056013300057944915
main,fpos,source_reweighted_anchor_stack_cluster_trust_pseudo_lightgbm_default,backend_sweep,lightgbm_default,PAIRED_ENGLISH::paired_english::m57_191105_141906::SpykingCircus::12,PAIRED_ENGLISH::paired_english::m57_191105_141906,PAIRED_ENGLISH,0.3535228677379481,0.20849226,0.14503060358637493
main,fpos,source_reweighted_anchor_stack_cluster_trust_pseudo_lightgbm_default,backend_sweep,lightgbm_default,PAIRED_ENGLISH::paired_english::m57_191105_141906::SpykingCircus::30,PAIRED_ENGLISH::paired_english::m57_191105_141906,PAIRED_ENGLISH,0.2040332147093713,0.15610233,0.04793088521680233
main,fpos,source_reweighted_anchor_stack_cluster_trust_pseudo_lightgbm_default,backend_sweep,lightgbm_default,PAIRED_ENGLISH::paired_english::m57_191105_160026::HerdingSpikes2::1,PAIRED_ENGLISH::paired_english::m57_191105_160026,PAIRED_ENGLISH,0.13630229419703105,0.28864956,0.15234726482396505
main,fpos,source_reweighted_anchor_stack_cluster_trust_pseudo_lightgbm_default,backend_sweep,lightgbm_default,PAIRED_ENGLISH::paired_english::m57_191105_160026::IronClust::2,PAIRED_ENGLISH::paired_english::m57_191105_160026,PAIRED_ENGLISH,0.5044008124576845,0.2722759,0.23212491757738973
main,fpos,source_reweighted_anchor_stack_cluster_trust_pseudo_lightgbm_default,backend_sweep,lightgbm_default,PAIRED_ENGLISH::paired_english::m57_191105_160026::IronClust::3,PAIRED_ENGLISH::paired_english::m57_191105_160026,PAIRED_ENGLISH,0.05838815789473684,0.31358212,0.2551939644311604
main,fpos,source_reweighted_anchor_stack_cluster_trust_pseudo_lightgbm_default,backend_sweep,lightgbm_default,PAIRED_ENGLISH::paired_english::m57_191105_160026::KiloSort::127,PAIRED_ENGLISH::paired_english::m57_191105_160026,PAIRED_ENGLISH,0.5003422313483915,0.26821348,0.23212875063740823
main,fpos,source_reweighted_anchor_stack_cluster_trust_pseudo_lightgbm_default,backend_sweep,lightgbm_default,PAIRED_ENGLISH::paired_english::m57_191105_160026::KiloSort::6,PAIRED_ENGLISH::paired_english::m57_191105_160026,PAIRED_ENGLISH,0.02531645569620253,0.23627475,0.2109582933444011
main,fpos,source_reweighted_anchor_stack_cluster_trust_pseudo_lightgbm_default,backend_sweep,lightgbm_default,PAIRED_ENGLISH::paired_english::m57_191105_160026::MountainSort4::23,PAIRED_ENGLISH::paired_english::m57_191105_160026,PAIRED_ENGLISH,0.6737967914438503,0.251997,0.4217997974252956
main,fpos,source_reweighted_anchor_stack_cluster_trust_pseudo_lightgbm_default,backend_sweep,lightgbm_default,PAIRED_ENGLISH::paired_english::m57_191105_160026::MountainSort4::25,PAIRED_ENGLISH::paired_english::m57_191105_160026,PAIRED_ENGLISH,0.14568081991215226,0.41513714,0.26945632203082565
main,fpos,source_reweighted_anchor_stack_cluster_trust_pseudo_lightgbm_default,backend_sweep,lightgbm_default,PAIRED_ENGLISH::paired_english::m57_191105_160026::SpykingCircus::2,PAIRED_ENGLISH::paired_english::m57_191105_160026,PAIRED_ENGLISH,0.6860282574568289,0.49387807,0.19215019091706453
main,fpos,source_reweighted_anchor_stack_cluster_trust_pseudo_lightgbm_default,backend_sweep,lightgbm_default,PAIRED_ENGLISH::paired_english::m57_191105_160026::SpykingCircus::4,PAIRED_ENGLISH::paired_english::m57_191105_160026,PAIRED_ENGLISH,0.056790123456790124,0.3553573,0.2985671658574799
main,fpos,source_reweighted_anchor_stack_cluster_trust_pseudo_lightgbm_default,backend_sweep,lightgbm_default,PAIRED_ENGLISH::paired_english::m57_191105_160026::Tridesclous::0,PAIRED_ENGLISH::paired_english::m57_191105_160026,PAIRED_ENGLISH,0.8589226823012093,0.58776814,0.2711545448462227
main,fpos,source_reweighted_anchor_stack_cluster_trust_pseudo_lightgbm_default,backend_sweep,lightgbm_default,PAIRED_KAMPFF::paired_kampff::c14::HerdingSpikes2::6,PAIRED_KAMPFF::paired_kampff::c14,PAIRED_KAMPFF,0.25090444775484144,0.10451046,0.14639399143121778
main,fpos,source_reweighted_anchor_stack_cluster_trust_pseudo_lightgbm_default,backend_sweep,lightgbm_default,PAIRED_KAMPFF::paired_kampff::c14::IronClust::22,PAIRED_KAMPFF::paired_kampff::c14,PAIRED_KAMPFF,0.2240655987795576,0.09468459,0.12938100540006006
main,fpos,source_reweighted_anchor_stack_cluster_trust_pseudo_lightgbm_default,backend_sweep,lightgbm_default,PAIRED_KAMPFF::paired_kampff::c14::KiloSort2::37,PAIRED_KAMPFF::paired_kampff::c14,PAIRED_KAMPFF,0.23899885489939474,0.15261692,0.08638193681238912
main,fpos,source_reweighted_anchor_stack_cluster_trust_pseudo_lightgbm_default,backend_sweep,lightgbm_default,PAIRED_KAMPFF::paired_kampff::c14::MountainSort4::42,PAIRED_KAMPFF::paired_kampff::c14,PAIRED_KAMPFF,0.031842105263157894,0.052833777,0.020991671657875965
main,fpos,source_reweighted_anchor_stack_cluster_trust_pseudo_lightgbm_default,backend_sweep,lightgbm_default,PAIRED_KAMPFF::paired_kampff::c14::SpykingCircus::14,PAIRED_KAMPFF::paired_kampff::c14,PAIRED_KAMPFF,0.0993841579953281,0.05371412,0.04567003909741321
main,fpos,source_reweighted_anchor_stack_cluster_trust_pseudo_lightgbm_default,backend_sweep,lightgbm_default,PAIRED_KAMPFF::paired_kampff::c14::Tridesclous::8,PAIRED_KAMPFF::paired_kampff::c14,PAIRED_KAMPFF,0.7298130782302221,0.50126624,0.22854683715661372
main,fpos,source_reweighted_anchor_stack_cluster_trust_pseudo_lightgbm_default,backend_sweep,lightgbm_default,PAIRED_MEA64C_YGER::paired_mea64c::20170622_patch1::HerdingSpikes2::19,PAIRED_MEA64C_YGER::paired_mea64c::20170622_patch1,PAIRED_MEA64C_YGER,0.3048016701461378,0.3024032,0.0023984585525098634
main,fpos,source_reweighted_anchor_stack_cluster_trust_pseudo_lightgbm_default,backend_sweep,lightgbm_default,PAIRED_MEA64C_YGER::paired_mea64c::20170622_patch1::HerdingSpikes2::7,PAIRED_MEA64C_YGER::paired_mea64c::20170622_patch1,PAIRED_MEA64C_YGER,0.006430868167202572,0.028061416,0.021630547832925222
main,fpos,source_reweighted_anchor_stack_cluster_trust_pseudo_lightgbm_default,backend_sweep,lightgbm_default,PAIRED_MEA64C_YGER::paired_mea64c::20170622_patch1::IronClust::8,PAIRED_MEA64C_YGER::paired_mea64c::20170622_patch1,PAIRED_MEA64C_YGER,0.32512992968511156,0.25629497,0.06883496394109301
main,fpos,source_reweighted_anchor_stack_cluster_trust_pseudo_lightgbm_default,backend_sweep,lightgbm_default,PAIRED_MEA64C_YGER::paired_mea64c::20170622_patch1::KiloSort::64,PAIRED_MEA64C_YGER::paired_mea64c::20170622_patch1,PAIRED_MEA64C_YGER,0.00022805017103762827,0.013805508,0.013577457511226222
main,fpos,source_reweighted_anchor_stack_cluster_trust_pseudo_lightgbm_default,backend_sweep,lightgbm_default,PAIRED_MEA64C_YGER::paired_mea64c::20170622_patch1::KiloSort2::23,PAIRED_MEA64C_YGER::paired_mea64c::20170622_patch1,PAIRED_MEA64C_YGER,0.0,0.018102976,0.01810297556221485
main,fpos,source_reweighted_anchor_stack_cluster_trust_pseudo_lightgbm_default,backend_sweep,lightgbm_default,PAIRED_MEA64C_YGER::paired_mea64c::20170622_patch1::Klusta::4,PAIRED_MEA64C_YGER::paired_mea64c::20170622_patch1,PAIRED_MEA64C_YGER,0.0050424628450106155,0.02213871,0.017096246357398176
main,fpos,source_reweighted_anchor_stack_cluster_trust_pseudo_lightgbm_default,backend_sweep,lightgbm_default,PAIRED_MEA64C_YGER::paired_mea64c::20170622_patch1::MountainSort4::43,PAIRED_MEA64C_YGER::paired_mea64c::20170622_patch1,PAIRED_MEA64C_YGER,0.0040494938132733405,0.019571956,0.015522462433817953
main,fpos,source_reweighted_anchor_stack_cluster_trust_pseudo_lightgbm_default,backend_sweep,lightgbm_default,PAIRED_MEA64C_YGER::paired_mea64c::20170622_patch1::SpykingCircus::18,PAIRED_MEA64C_YGER::paired_mea64c::20170622_patch1,PAIRED_MEA64C_YGER,0.00022079929344226098,0.015719313,0.0154985138810439
main,fpos,source_reweighted_anchor_stack_cluster_trust_pseudo_lightgbm_default,backend_sweep,lightgbm_default,PAIRED_MEA64C_YGER::paired_mea64c::20170622_patch1::Tridesclous::12,PAIRED_MEA64C_YGER::paired_mea64c::20170622_patch1,PAIRED_MEA64C_YGER,0.013830024537140308,0.023505736,0.00967571160525662
main,fpos,source_reweighted_anchor_stack_cluster_trust_pseudo_lightgbm_default,backend_sweep,lightgbm_default,PAIRED_MEA64C_YGER::paired_mea64c::20170622_patch2::HerdingSpikes2::16,PAIRED_MEA64C_YGER::paired_mea64c::20170622_patch2,PAIRED_MEA64C_YGER,0.18683274021352314,0.12322614,0.06360659679378056
main,fpos,source_reweighted_anchor_stack_cluster_trust_pseudo_lightgbm_default,backend_sweep,lightgbm_default,PAIRED_MEA64C_YGER::paired_mea64c::20170622_patch2::HerdingSpikes2::44,PAIRED_MEA64C_YGER::paired_mea64c::20170622_patch2,PAIRED_MEA64C_YGER,0.4028520499108734,0.1281147,0.2747373495934906
main,fpos,source_reweighted_anchor_stack_cluster_trust_pseudo_lightgbm_default,backend_sweep,lightgbm_default,PAIRED_MEA64C_YGER::paired_mea64c::20170622_patch2::HerdingSpikes2::5,PAIRED_MEA64C_YGER::paired_mea64c::20170622_patch2,PAIRED_MEA64C_YGER,0.06115992970123023,0.0036140175,0.057545912194168866
main,fpos,source_reweighted_anchor_stack_cluster_trust_pseudo_lightgbm_default,backend_sweep,lightgbm_default,PAIRED_MEA64C_YGER::paired_mea64c::20170622_patch2::IronClust::11,PAIRED_MEA64C_YGER::paired_mea64c::20170622_patch2,PAIRED_MEA64C_YGER,0.061366806136680614,0.0027129527,0.05865385346510805
main,fpos,source_reweighted_anchor_stack_cluster_trust_pseudo_lightgbm_default,backend_sweep,lightgbm_default,PAIRED_MEA64C_YGER::paired_mea64c::20170622_patch2::JRClust::31,PAIRED_MEA64C_YGER::paired_mea64c::20170622_patch2,PAIRED_MEA64C_YGER,0.06118881118881119,0.0040035853,0.057185225872570404
main,fpos,source_reweighted_anchor_stack_cluster_trust_pseudo_lightgbm_default,backend_sweep,lightgbm_default,PAIRED_MEA64C_YGER::paired_mea64c::20170622_patch2::KiloSort::5,PAIRED_MEA64C_YGER::paired_mea64c::20170622_patch2,PAIRED_MEA64C_YGER,0.06143106457242583,0.004906495,0.05652456947067593
main,fpos,source_reweighted_anchor_stack_cluster_trust_pseudo_lightgbm_default,backend_sweep,lightgbm_default,PAIRED_MEA64C_YGER::paired_mea64c::20170622_patch2::KiloSort2::33,PAIRED_MEA64C_YGER::paired_mea64c::20170622_patch2,PAIRED_MEA64C_YGER,0.061409630146545706,0.0034183057,0.05799132449060434
main,fpos,source_reweighted_anchor_stack_cluster_trust_pseudo_lightgbm_default,backend_sweep,lightgbm_default,PAIRED_MEA64C_YGER::paired_mea64c::20170622_patch2::Klusta::14,PAIRED_MEA64C_YGER::paired_mea64c::20170622_patch2,PAIRED_MEA64C_YGER,0.05860349127182045,0.0030653907,0.055538100526642584
main,fpos,source_reweighted_anchor_stack_cluster_trust_pseudo_lightgbm_default,backend_sweep,lightgbm_default,PAIRED_MEA64C_YGER::paired_mea64c::20170622_patch2::MountainSort4::31,PAIRED_MEA64C_YGER::paired_mea64c::20170622_patch2,PAIRED_MEA64C_YGER,0.07713404182379156,0.019741355,0.05739268731360346
main,fpos,source_reweighted_anchor_stack_cluster_trust_pseudo_lightgbm_default,backend_sweep,lightgbm_default,PAIRED_MEA64C_YGER::paired_mea64c::20170622_patch2::SpykingCircus::17,PAIRED_MEA64C_YGER::paired_mea64c::20170622_patch2,PAIRED_MEA64C_YGER,0.061366806136680614,0.0031073152,0.05825949097448386
main,fpos,source_reweighted_anchor_stack_cluster_trust_pseudo_lightgbm_default,backend_sweep,lightgbm_default,PAIRED_MEA64C_YGER::paired_mea64c::20170622_patch2::Tridesclous::0,PAIRED_MEA64C_YGER::paired_mea64c::20170622_patch2,PAIRED_MEA64C_YGER,0.061366806136680614,0.0029756958,0.058391110370172035
main,fpos,source_reweighted_anchor_stack_cluster_trust_pseudo_xgboost_default,backend_sweep,xgboost_default,PAIRED_BOYDEN::paired_boyden32c::1103_1_1::IronClust::4,PAIRED_BOYDEN::paired_boyden32c::1103_1_1,PAIRED_BOYDEN,0.11363636363636363,0.14808051,0.03444414924491536
main,fpos,source_reweighted_anchor_stack_cluster_trust_pseudo_xgboost_default,backend_sweep,xgboost_default,PAIRED_BOYDEN::paired_boyden32c::1103_1_1::JRClust::18,PAIRED_BOYDEN::paired_boyden32c::1103_1_1,PAIRED_BOYDEN,0.26138147566718994,0.28984985,0.02846837188797058
main,fpos,source_reweighted_anchor_stack_cluster_trust_pseudo_xgboost_default,backend_sweep,xgboost_default,PAIRED_BOYDEN::paired_boyden32c::1103_1_1::KiloSort::111,PAIRED_BOYDEN::paired_boyden32c::1103_1_1,PAIRED_BOYDEN,0.11241007194244604,0.16672145,0.054311376359822944
main,fpos,source_reweighted_anchor_stack_cluster_trust_pseudo_xgboost_default,backend_sweep,xgboost_default,PAIRED_BOYDEN::paired_boyden32c::1103_1_1::KiloSort2::33,PAIRED_BOYDEN::paired_boyden32c::1103_1_1,PAIRED_BOYDEN,0.17066290550070523,0.17648984,0.005826939417545807
main,fpos,source_reweighted_anchor_stack_cluster_trust_pseudo_xgboost_default,backend_sweep,xgboost_default,PAIRED_BOYDEN::paired_boyden32c::1103_1_1::KiloSort2::55,PAIRED_BOYDEN::paired_boyden32c::1103_1_1,PAIRED_BOYDEN,0.3333333333333333,0.18341137,0.14992195864518482
main,fpos,source_reweighted_anchor_stack_cluster_trust_pseudo_xgboost_default,backend_sweep,xgboost_default,PAIRED_BOYDEN::paired_boyden32c::1103_1_1::KiloSort2::60,PAIRED_BOYDEN::paired_boyden32c::1103_1_1,PAIRED_BOYDEN,0.15878378378378377,0.088495836,0.07028794812189565
main,fpos,source_reweighted_anchor_stack_cluster_trust_pseudo_xgboost_default,backend_sweep,xgboost_default,PAIRED_BOYDEN::paired_boyden32c::1103_1_1::Klusta::12,PAIRED_BOYDEN::paired_boyden32c::1103_1_1,PAIRED_BOYDEN,0.156686626746507,0.19647342,0.03978679291978329
main,fpos,source_reweighted_anchor_stack_cluster_trust_pseudo_xgboost_default,backend_sweep,xgboost_default,PAIRED_BOYDEN::paired_boyden32c::1103_1_1::MountainSort4::26,PAIRED_BOYDEN::paired_boyden32c::1103_1_1,PAIRED_BOYDEN,0.30532212885154064,0.29142419,0.013897943813927727
main,fpos,source_reweighted_anchor_stack_cluster_trust_pseudo_xgboost_default,backend_sweep,xgboost_default,PAIRED_BOYDEN::paired_boyden32c::1103_1_1::SpykingCircus::27,PAIRED_BOYDEN::paired_boyden32c::1103_1_1,PAIRED_BOYDEN,0.12258064516129032,0.17297739,0.05039674274383053
main,fpos,source_reweighted_anchor_stack_cluster_trust_pseudo_xgboost_default,backend_sweep,xgboost_default,PAIRED_BOYDEN::paired_boyden32c::1103_1_1::Tridesclous::3,PAIRED_BOYDEN::paired_boyden32c::1103_1_1,PAIRED_BOYDEN,0.2613268608414239,0.2771568,0.015829939190238063
main,fpos,source_reweighted_anchor_stack_cluster_trust_pseudo_xgboost_default,backend_sweep,xgboost_default,PAIRED_BOYDEN::paired_boyden32c::419_1_8::IronClust::14,PAIRED_BOYDEN::paired_boyden32c::419_1_8,PAIRED_BOYDEN,0.0663265306122449,0.042041395,0.02428513575269252
main,fpos,source_reweighted_anchor_stack_cluster_trust_pseudo_xgboost_default,backend_sweep,xgboost_default,PAIRED_BOYDEN::paired_boyden32c::419_1_8::IronClust::4,PAIRED_BOYDEN::paired_boyden32c::419_1_8,PAIRED_BOYDEN,0.05829903978052126,0.0641467,0.005847657740688454
main,fpos,source_reweighted_anchor_stack_cluster_trust_pseudo_xgboost_default,backend_sweep,xgboost_default,PAIRED_BOYDEN::paired_boyden32c::419_1_8::JRClust::24,PAIRED_BOYDEN::paired_boyden32c::419_1_8,PAIRED_BOYDEN,0.08062093139709564,0.030282483,0.050338448892250975
main,fpos,source_reweighted_anchor_stack_cluster_trust_pseudo_xgboost_default,backend_sweep,xgboost_default,PAIRED_BOYDEN::paired_boyden32c::419_1_8::JRClust::8,PAIRED_BOYDEN::paired_boyden32c::419_1_8,PAIRED_BOYDEN,0.03907637655417407,0.0376794,0.001396976259154921
main,fpos,source_reweighted_anchor_stack_cluster_trust_pseudo_xgboost_default,backend_sweep,xgboost_default,PAIRED_BOYDEN::paired_boyden32c::419_1_8::KiloSort::17,PAIRED_BOYDEN::paired_boyden32c::419_1_8,PAIRED_BOYDEN,0.06424161521775405,0.023574013,0.040667601954766916
main,fpos,source_reweighted_anchor_stack_cluster_trust_pseudo_xgboost_default,backend_sweep,xgboost_default,PAIRED_BOYDEN::paired_boyden32c::419_1_8::KiloSort2::27,PAIRED_BOYDEN::paired_boyden32c::419_1_8,PAIRED_BOYDEN,0.1342059838895282,0.04751765,0.08668833406014054
main,fpos,source_reweighted_anchor_stack_cluster_trust_pseudo_xgboost_default,backend_sweep,xgboost_default,PAIRED_BOYDEN::paired_boyden32c::419_1_8::KiloSort2::46,PAIRED_BOYDEN::paired_boyden32c::419_1_8,PAIRED_BOYDEN,0.02341480088873697,0.02163752,0.0017772810672123489
main,fpos,source_reweighted_anchor_stack_cluster_trust_pseudo_xgboost_default,backend_sweep,xgboost_default,PAIRED_BOYDEN::paired_boyden32c::419_1_8::MountainSort4::42,PAIRED_BOYDEN::paired_boyden32c::419_1_8,PAIRED_BOYDEN,0.16482219271063892,0.09226336,0.07255882940888492
main,fpos,source_reweighted_anchor_stack_cluster_trust_pseudo_xgboost_default,backend_sweep,xgboost_default,PAIRED_BOYDEN::paired_boyden32c::419_1_8::SpykingCircus::24,PAIRED_BOYDEN::paired_boyden32c::419_1_8,PAIRED_BOYDEN,0.24721080446271285,0.12135195,0.12585885459212645
main,fpos,source_reweighted_anchor_stack_cluster_trust_pseudo_xgboost_default,backend_sweep,xgboost_default,PAIRED_BOYDEN::paired_boyden32c::419_1_8::SpykingCircus::28,PAIRED_BOYDEN::paired_boyden32c::419_1_8,PAIRED_BOYDEN,0.029543112332531776,0.01873116,0.010811952243158188
main,fpos,source_reweighted_anchor_stack_cluster_trust_pseudo_xgboost_default,backend_sweep,xgboost_default,PAIRED_BOYDEN::paired_boyden32c::419_1_8::Tridesclous::0,PAIRED_BOYDEN::paired_boyden32c::419_1_8,PAIRED_BOYDEN,0.15585806056898133,0.10507054,0.050787521750145115
main,fpos,source_reweighted_anchor_stack_cluster_trust_pseudo_xgboost_default,backend_sweep,xgboost_default,PAIRED_CRCNS_HC1::paired_crcns::d11221_d11221.001::SpykingCircus::6,PAIRED_CRCNS_HC1::paired_crcns::d11221_d11221.001,PAIRED_CRCNS_HC1,0.8835978835978836,0.38485393,0.49874395431664886
main,fpos,source_reweighted_anchor_stack_cluster_trust_pseudo_xgboost_default,backend_sweep,xgboost_default,PAIRED_CRCNS_HC1::paired_crcns::d11222_d11222.002::IronClust::2,PAIRED_CRCNS_HC1::paired_crcns::d11222_d11222.002,PAIRED_CRCNS_HC1,0.04466019417475728,0.1860929,0.14143270407486888
main,fpos,source_reweighted_anchor_stack_cluster_trust_pseudo_xgboost_default,backend_sweep,xgboost_default,PAIRED_CRCNS_HC1::paired_crcns::d11222_d11222.002::JRClust::3,PAIRED_CRCNS_HC1::paired_crcns::d11222_d11222.002,PAIRED_CRCNS_HC1,0.039337474120082816,0.062413998,0.023076523828086892
main,fpos,source_reweighted_anchor_stack_cluster_trust_pseudo_xgboost_default,backend_sweep,xgboost_default,PAIRED_CRCNS_HC1::paired_crcns::d11222_d11222.002::KiloSort::1,PAIRED_CRCNS_HC1::paired_crcns::d11222_d11222.002,PAIRED_CRCNS_HC1,0.03337783711615487,0.08904519,0.055667352204886236
main,fpos,source_reweighted_anchor_stack_cluster_trust_pseudo_xgboost_default,backend_sweep,xgboost_default,PAIRED_CRCNS_HC1::paired_crcns::d11222_d11222.002::KiloSort2::10,PAIRED_CRCNS_HC1::paired_crcns::d11222_d11222.002,PAIRED_CRCNS_HC1,0.550417469492614,0.07145449,0.47896298175162055
main,fpos,source_reweighted_anchor_stack_cluster_trust_pseudo_xgboost_default,backend_sweep,xgboost_default,PAIRED_CRCNS_HC1::paired_crcns::d11222_d11222.002::Klusta::2,PAIRED_CRCNS_HC1::paired_crcns::d11222_d11222.002,PAIRED_CRCNS_HC1,0.008777852802160702,0.06709184,0.058313984723207035
main,fpos,source_reweighted_anchor_stack_cluster_trust_pseudo_xgboost_default,backend_sweep,xgboost_default,PAIRED_CRCNS_HC1::paired_crcns::d11222_d11222.002::MountainSort4::4,PAIRED_CRCNS_HC1::paired_crcns::d11222_d11222.002,PAIRED_CRCNS_HC1,0.360427807486631,0.23685864,0.12356917134580764
main,fpos,source_reweighted_anchor_stack_cluster_trust_pseudo_xgboost_default,backend_sweep,xgboost_default,PAIRED_CRCNS_HC1::paired_crcns::d11222_d11222.002::SpykingCircus::4,PAIRED_CRCNS_HC1::paired_crcns::d11222_d11222.002,PAIRED_CRCNS_HC1,0.11986754966887417,0.08087344,0.038994112443055534
main,fpos,source_reweighted_anchor_stack_cluster_trust_pseudo_xgboost_default,backend_sweep,xgboost_default,PAIRED_CRCNS_HC1::paired_crcns::d11222_d11222.002::Tridesclous::0,PAIRED_CRCNS_HC1::paired_crcns::d11222_d11222.002,PAIRED_CRCNS_HC1,0.021164021164021163,0.08937263,0.06820860627309355
main,fpos,source_reweighted_anchor_stack_cluster_trust_pseudo_xgboost_default,backend_sweep,xgboost_default,PAIRED_ENGLISH::paired_english::m139_200114_191955::KiloSort2::25,PAIRED_ENGLISH::paired_english::m139_200114_191955,PAIRED_ENGLISH,0.7302739726027397,0.37793428,0.35233969554509204
main,fpos,source_reweighted_anchor_stack_cluster_trust_pseudo_xgboost_default,backend_sweep,xgboost_default,PAIRED_ENGLISH::paired_english::m139_200114_191955::MountainSort4::36,PAIRED_ENGLISH::paired_english::m139_200114_191955,PAIRED_ENGLISH,0.8735255086994986,0.58462375,0.288901754674993
main,fpos,source_reweighted_anchor_stack_cluster_trust_pseudo_xgboost_default,backend_sweep,xgboost_default,PAIRED_ENGLISH::paired_english::m139_200114_191955::SpykingCircus::42,PAIRED_ENGLISH::paired_english::m139_200114_191955,PAIRED_ENGLISH,0.5584045584045584,0.38526848,0.1731360788189108
main,fpos,source_reweighted_anchor_stack_cluster_trust_pseudo_xgboost_default,backend_sweep,xgboost_default,PAIRED_ENGLISH::paired_english::m139_200114_222743::HerdingSpikes2::5,PAIRED_ENGLISH::paired_english::m139_200114_222743,PAIRED_ENGLISH,0.03257707969749855,0.13482948,0.1022523967782171
main,fpos,source_reweighted_anchor_stack_cluster_trust_pseudo_xgboost_default,backend_sweep,xgboost_default,PAIRED_ENGLISH::paired_english::m139_200114_222743::IronClust::17,PAIRED_ENGLISH::paired_english::m139_200114_222743,PAIRED_ENGLISH,0.02675196277987787,0.09689235,0.07014038664210012
main,fpos,source_reweighted_anchor_stack_cluster_trust_pseudo_xgboost_default,backend_sweep,xgboost_default,PAIRED_ENGLISH::paired_english::m139_200114_222743::KiloSort::88,PAIRED_ENGLISH::paired_english::m139_200114_222743,PAIRED_ENGLISH,0.015151515151515152,0.11226981,0.09711829618071065
main,fpos,source_reweighted_anchor_stack_cluster_trust_pseudo_xgboost_default,backend_sweep,xgboost_default,PAIRED_ENGLISH::paired_english::m139_200114_222743::KiloSort2::26,PAIRED_ENGLISH::paired_english::m139_200114_222743,PAIRED_ENGLISH,0.028645087367516472,0.119112454,0.09046736698724656
main,fpos,source_reweighted_anchor_stack_cluster_trust_pseudo_xgboost_default,backend_sweep,xgboost_default,PAIRED_ENGLISH::paired_english::m139_200114_222743::MountainSort4::46,PAIRED_ENGLISH::paired_english::m139_200114_222743,PAIRED_ENGLISH,0.039886039886039885,0.3269259,0.2870398636726912
main,fpos,source_reweighted_anchor_stack_cluster_trust_pseudo_xgboost_default,backend_sweep,xgboost_default,PAIRED_ENGLISH::paired_english::m139_200114_222743::SpykingCircus::44,PAIRED_ENGLISH::paired_english::m139_200114_222743,PAIRED_ENGLISH,0.028064146620847653,0.08672986,0.0586657151750546
main,fpos,source_reweighted_anchor_stack_cluster_trust_pseudo_xgboost_default,backend_sweep,xgboost_default,PAIRED_ENGLISH::paired_english::m139_200114_222743::Tridesclous::1,PAIRED_ENGLISH::paired_english::m139_200114_222743,PAIRED_ENGLISH,0.3089646722483153,0.26941225,0.039552422921609376
main,fpos,source_reweighted_anchor_stack_cluster_trust_pseudo_xgboost_default,backend_sweep,xgboost_default,PAIRED_ENGLISH::paired_english::m14_190326_155432::IronClust::22,PAIRED_ENGLISH::paired_english::m14_190326_155432,PAIRED_ENGLISH,0.0481651376146789,0.04009225,0.008072889145087761
main,fpos,source_reweighted_anchor_stack_cluster_trust_pseudo_xgboost_default,backend_sweep,xgboost_default,PAIRED_ENGLISH::paired_english::m14_190326_155432::MountainSort4::33,PAIRED_ENGLISH::paired_english::m14_190326_155432,PAIRED_ENGLISH,0.1981651376146789,0.26959714,0.07143200532012028
main,fpos,source_reweighted_anchor_stack_cluster_trust_pseudo_xgboost_default,backend_sweep,xgboost_default,PAIRED_ENGLISH::paired_english::m14_190326_155432::SpykingCircus::38,PAIRED_ENGLISH::paired_english::m14_190326_155432,PAIRED_ENGLISH,0.013363028953229399,0.037804917,0.02444188754781583
main,fpos,source_reweighted_anchor_stack_cluster_trust_pseudo_xgboost_default,backend_sweep,xgboost_default,PAIRED_ENGLISH::paired_english::m15_190315_142052_cell1::IronClust::40,PAIRED_ENGLISH::paired_english::m15_190315_142052_cell1,PAIRED_ENGLISH,0.2679960401640503,0.2744927,0.006496670664730808
main,fpos,source_reweighted_anchor_stack_cluster_trust_pseudo_xgboost_default,backend_sweep,xgboost_default,PAIRED_ENGLISH::paired_english::m15_190315_142052_cell1::KiloSort2::48,PAIRED_ENGLISH::paired_english::m15_190315_142052_cell1,PAIRED_ENGLISH,0.8627861694595232,0.43409553,0.4286906377574816
main,fpos,source_reweighted_anchor_stack_cluster_trust_pseudo_xgboost_default,backend_sweep,xgboost_default,PAIRED_ENGLISH::paired_english::m15_190315_142052_cell1::MountainSort4::62,PAIRED_ENGLISH::paired_english::m15_190315_142052_cell1,PAIRED_ENGLISH,0.8769885383524361,0.56024903,0.3167395077623787
main,fpos,source_reweighted_anchor_stack_cluster_trust_pseudo_xgboost_default,backend_sweep,xgboost_default,PAIRED_ENGLISH::paired_english::m15_190315_142052_cell1::MountainSort4::64,PAIRED_ENGLISH::paired_english::m15_190315_142052_cell1,PAIRED_ENGLISH,0.14704761904761904,0.1691148,0.022067179259799785
main,fpos,source_reweighted_anchor_stack_cluster_trust_pseudo_xgboost_default,backend_sweep,xgboost_default,PAIRED_ENGLISH::paired_english::m15_190315_142052_cell1::SpykingCircus::22,PAIRED_ENGLISH::paired_english::m15_190315_142052_cell1,PAIRED_ENGLISH,0.23500526131182042,0.45393157,0.21892630874128016
main,fpos,source_reweighted_anchor_stack_cluster_trust_pseudo_xgboost_default,backend_sweep,xgboost_default,PAIRED_ENGLISH::paired_english::m15_190315_142052_cell1::SpykingCircus::57,PAIRED_ENGLISH::paired_english::m15_190315_142052_cell1,PAIRED_ENGLISH,0.6499202551834131,0.25433385,0.39558640146179447
main,fpos,source_reweighted_anchor_stack_cluster_trust_pseudo_xgboost_default,backend_sweep,xgboost_default,PAIRED_ENGLISH::paired_english::m15_190315_152315_cell1::IronClust::35,PAIRED_ENGLISH::paired_english::m15_190315_152315_cell1,PAIRED_ENGLISH,0.002592440987856461,0.045213647,0.042621206198899676
main,fpos,source_reweighted_anchor_stack_cluster_trust_pseudo_xgboost_default,backend_sweep,xgboost_default,PAIRED_ENGLISH::paired_english::m15_190315_152315_cell1::KiloSort::1,PAIRED_ENGLISH::paired_english::m15_190315_152315_cell1,PAIRED_ENGLISH,6.528267397832615e-05,0.056623932,0.05655864930019427
main,fpos,source_reweighted_anchor_stack_cluster_trust_pseudo_xgboost_default,backend_sweep,xgboost_default,PAIRED_ENGLISH::paired_english::m15_190315_152315_cell1::KiloSort2::37,PAIRED_ENGLISH::paired_english::m15_190315_152315_cell1,PAIRED_ENGLISH,0.00039059957034047265,0.05280782,0.0524172195278937
main,fpos,source_reweighted_anchor_stack_cluster_trust_pseudo_xgboost_default,backend_sweep,xgboost_default,PAIRED_ENGLISH::paired_english::m15_190315_152315_cell1::MountainSort4::72,PAIRED_ENGLISH::paired_english::m15_190315_152315_cell1,PAIRED_ENGLISH,0.052174468356855484,0.23478225,0.18260778037857237
main,fpos,source_reweighted_anchor_stack_cluster_trust_pseudo_xgboost_default,backend_sweep,xgboost_default,PAIRED_ENGLISH::paired_english::m15_190315_152315_cell1::SpykingCircus::46,PAIRED_ENGLISH::paired_english::m15_190315_152315_cell1,PAIRED_ENGLISH,0.010891280531030483,0.047376342,0.03648506158675592
main,fpos,source_reweighted_anchor_stack_cluster_trust_pseudo_xgboost_default,backend_sweep,xgboost_default,PAIRED_ENGLISH::paired_english::m15_190315_152315_cell1::Tridesclous::0,PAIRED_ENGLISH::paired_english::m15_190315_152315_cell1,PAIRED_ENGLISH,0.8482136225209834,0.35663825,0.4915753697858455
main,fpos,source_reweighted_anchor_stack_cluster_trust_pseudo_xgboost_default,backend_sweep,xgboost_default,PAIRED_ENGLISH::paired_english::m26_190524_100859_cell1::KiloSort::19,PAIRED_ENGLISH::paired_english::m26_190524_100859_cell1,PAIRED_ENGLISH,0.2440677966101695,0.12953818,0.11452961816626081
main,fpos,source_reweighted_anchor_stack_cluster_trust_pseudo_xgboost_default,backend_sweep,xgboost_default,PAIRED_ENGLISH::paired_english::m26_190524_100859_cell1::KiloSort::8,PAIRED_ENGLISH::paired_english::m26_190524_100859_cell1,PAIRED_ENGLISH,0.6505139500734214,0.16632365,0.48419030317038336
main,fpos,source_reweighted_anchor_stack_cluster_trust_pseudo_xgboost_default,backend_sweep,xgboost_default,PAIRED_ENGLISH::paired_english::m26_190524_100859_cell1::KiloSort2::0,PAIRED_ENGLISH::paired_english::m26_190524_100859_cell1,PAIRED_ENGLISH,0.38315988647114474,0.262356,0.12080387341152865
main,fpos,source_reweighted_anchor_stack_cluster_trust_pseudo_xgboost_default,backend_sweep,xgboost_default,PAIRED_ENGLISH::paired_english::m57_191105_141906::IronClust::6,PAIRED_ENGLISH::paired_english::m57_191105_141906,PAIRED_ENGLISH,0.31826625386996904,0.24182011,0.07644614199920335
main,fpos,source_reweighted_anchor_stack_cluster_trust_pseudo_xgboost_default,backend_sweep,xgboost_default,PAIRED_ENGLISH::paired_english::m57_191105_141906::KiloSort::47,PAIRED_ENGLISH::paired_english::m57_191105_141906,PAIRED_ENGLISH,0.35376344086021505,0.25187436,0.10188908339828573
main,fpos,source_reweighted_anchor_stack_cluster_trust_pseudo_xgboost_default,backend_sweep,xgboost_default,PAIRED_ENGLISH::paired_english::m57_191105_141906::MountainSort4::21,PAIRED_ENGLISH::paired_english::m57_191105_141906,PAIRED_ENGLISH,0.3323335332933413,0.4536491,0.1213155703481687
main,fpos,source_reweighted_anchor_stack_cluster_trust_pseudo_xgboost_default,backend_sweep,xgboost_default,PAIRED_ENGLISH::paired_english::m57_191105_141906::MountainSort4::57,PAIRED_ENGLISH::paired_english::m57_191105_141906,PAIRED_ENGLISH,0.23853211009174313,0.27203977,0.03350766098827396
main,fpos,source_reweighted_anchor_stack_cluster_trust_pseudo_xgboost_default,backend_sweep,xgboost_default,PAIRED_ENGLISH::paired_english::m57_191105_141906::SpykingCircus::12,PAIRED_ENGLISH::paired_english::m57_191105_141906,PAIRED_ENGLISH,0.3535228677379481,0.25700712,0.09651574569815319
main,fpos,source_reweighted_anchor_stack_cluster_trust_pseudo_xgboost_default,backend_sweep,xgboost_default,PAIRED_ENGLISH::paired_english::m57_191105_141906::SpykingCircus::30,PAIRED_ENGLISH::paired_english::m57_191105_141906,PAIRED_ENGLISH,0.2040332147093713,0.15454383,0.049489382764905665
main,fpos,source_reweighted_anchor_stack_cluster_trust_pseudo_xgboost_default,backend_sweep,xgboost_default,PAIRED_ENGLISH::paired_english::m57_191105_160026::HerdingSpikes2::1,PAIRED_ENGLISH::paired_english::m57_191105_160026,PAIRED_ENGLISH,0.13630229419703105,0.20644285,0.07014055365090749
main,fpos,source_reweighted_anchor_stack_cluster_trust_pseudo_xgboost_default,backend_sweep,xgboost_default,PAIRED_ENGLISH::paired_english::m57_191105_160026::IronClust::2,PAIRED_ENGLISH::paired_english::m57_191105_160026,PAIRED_ENGLISH,0.5044008124576845,0.23313151,0.2712692994581499
main,fpos,source_reweighted_anchor_stack_cluster_trust_pseudo_xgboost_default,backend_sweep,xgboost_default,PAIRED_ENGLISH::paired_english::m57_191105_160026::IronClust::3,PAIRED_ENGLISH::paired_english::m57_191105_160026,PAIRED_ENGLISH,0.05838815789473684,0.21031925,0.15193109292733042
main,fpos,source_reweighted_anchor_stack_cluster_trust_pseudo_xgboost_default,backend_sweep,xgboost_default,PAIRED_ENGLISH::paired_english::m57_191105_160026::KiloSort::127,PAIRED_ENGLISH::paired_english::m57_191105_160026,PAIRED_ENGLISH,0.5003422313483915,0.28442764,0.21591458852612588
main,fpos,source_reweighted_anchor_stack_cluster_trust_pseudo_xgboost_default,backend_sweep,xgboost_default,PAIRED_ENGLISH::paired_english::m57_191105_160026::KiloSort::6,PAIRED_ENGLISH::paired_english::m57_191105_160026,PAIRED_ENGLISH,0.02531645569620253,0.18841644,0.1630999806183803
main,fpos,source_reweighted_anchor_stack_cluster_trust_pseudo_xgboost_default,backend_sweep,xgboost_default,PAIRED_ENGLISH::paired_english::m57_191105_160026::MountainSort4::23,PAIRED_ENGLISH::paired_english::m57_191105_160026,PAIRED_ENGLISH,0.6737967914438503,0.15801029,0.5157865023708599
main,fpos,source_reweighted_anchor_stack_cluster_trust_pseudo_xgboost_default,backend_sweep,xgboost_default,PAIRED_ENGLISH::paired_english::m57_191105_160026::MountainSort4::25,PAIRED_ENGLISH::paired_english::m57_191105_160026,PAIRED_ENGLISH,0.14568081991215226,0.24367632,0.09799549980620864
main,fpos,source_reweighted_anchor_stack_cluster_trust_pseudo_xgboost_default,backend_sweep,xgboost_default,PAIRED_ENGLISH::paired_english::m57_191105_160026::SpykingCircus::2,PAIRED_ENGLISH::paired_english::m57_191105_160026,PAIRED_ENGLISH,0.6860282574568289,0.47558463,0.210443631259014
main,fpos,source_reweighted_anchor_stack_cluster_trust_pseudo_xgboost_default,backend_sweep,xgboost_default,PAIRED_ENGLISH::paired_english::m57_191105_160026::SpykingCircus::4,PAIRED_ENGLISH::paired_english::m57_191105_160026,PAIRED_ENGLISH,0.056790123456790124,0.22477663,0.16798650217644961
main,fpos,source_reweighted_anchor_stack_cluster_trust_pseudo_xgboost_default,backend_sweep,xgboost_default,PAIRED_ENGLISH::paired_english::m57_191105_160026::Tridesclous::0,PAIRED_ENGLISH::paired_english::m57_191105_160026,PAIRED_ENGLISH,0.8589226823012093,0.43486926,0.4240534227053383
main,fpos,source_reweighted_anchor_stack_cluster_trust_pseudo_xgboost_default,backend_sweep,xgboost_default,PAIRED_KAMPFF::paired_kampff::c14::HerdingSpikes2::6,PAIRED_KAMPFF::paired_kampff::c14,PAIRED_KAMPFF,0.25090444775484144,0.09025865,0.16064579727314054
main,fpos,source_reweighted_anchor_stack_cluster_trust_pseudo_xgboost_default,backend_sweep,xgboost_default,PAIRED_KAMPFF::paired_kampff::c14::IronClust::22,PAIRED_KAMPFF::paired_kampff::c14,PAIRED_KAMPFF,0.2240655987795576,0.10503553,0.11903007023894632
main,fpos,source_reweighted_anchor_stack_cluster_trust_pseudo_xgboost_default,backend_sweep,xgboost_default,PAIRED_KAMPFF::paired_kampff::c14::KiloSort2::37,PAIRED_KAMPFF::paired_kampff::c14,PAIRED_KAMPFF,0.23899885489939474,0.14342113,0.09557772650717519
main,fpos,source_reweighted_anchor_stack_cluster_trust_pseudo_xgboost_default,backend_sweep,xgboost_default,PAIRED_KAMPFF::paired_kampff::c14::MountainSort4::42,PAIRED_KAMPFF::paired_kampff::c14,PAIRED_KAMPFF,0.031842105263157894,0.028472448,0.003369657495304157
main,fpos,source_reweighted_anchor_stack_cluster_trust_pseudo_xgboost_default,backend_sweep,xgboost_default,PAIRED_KAMPFF::paired_kampff::c14::SpykingCircus::14,PAIRED_KAMPFF::paired_kampff::c14,PAIRED_KAMPFF,0.0993841579953281,0.051181883,0.04820227537547031
main,fpos,source_reweighted_anchor_stack_cluster_trust_pseudo_xgboost_default,backend_sweep,xgboost_default,PAIRED_KAMPFF::paired_kampff::c14::Tridesclous::8,PAIRED_KAMPFF::paired_kampff::c14,PAIRED_KAMPFF,0.7298130782302221,0.5268655,0.20294759589989986
main,fpos,source_reweighted_anchor_stack_cluster_trust_pseudo_xgboost_default,backend_sweep,xgboost_default,PAIRED_MEA64C_YGER::paired_mea64c::20170622_patch1::HerdingSpikes2::19,PAIRED_MEA64C_YGER::paired_mea64c::20170622_patch1,PAIRED_MEA64C_YGER,0.3048016701461378,0.23239261,0.07240906102672251
main,fpos,source_reweighted_anchor_stack_cluster_trust_pseudo_xgboost_default,backend_sweep,xgboost_default,PAIRED_MEA64C_YGER::paired_mea64c::20170622_patch1::HerdingSpikes2::7,PAIRED_MEA64C_YGER::paired_mea64c::20170622_patch1,PAIRED_MEA64C_YGER,0.006430868167202572,0.016481047,0.010050179328997036
main,fpos,source_reweighted_anchor_stack_cluster_trust_pseudo_xgboost_default,backend_sweep,xgboost_default,PAIRED_MEA64C_YGER::paired_mea64c::20170622_patch1::IronClust::8,PAIRED_MEA64C_YGER::paired_mea64c::20170622_patch1,PAIRED_MEA64C_YGER,0.32512992968511156,0.12892087,0.1962090616459804
main,fpos,source_reweighted_anchor_stack_cluster_trust_pseudo_xgboost_default,backend_sweep,xgboost_default,PAIRED_MEA64C_YGER::paired_mea64c::20170622_patch1::KiloSort::64,PAIRED_MEA64C_YGER::paired_mea64c::20170622_patch1,PAIRED_MEA64C_YGER,0.00022805017103762827,0.013376918,0.013148867519001052
main,fpos,source_reweighted_anchor_stack_cluster_trust_pseudo_xgboost_default,backend_sweep,xgboost_default,PAIRED_MEA64C_YGER::paired_mea64c::20170622_patch1::KiloSort2::23,PAIRED_MEA64C_YGER::paired_mea64c::20170622_patch1,PAIRED_MEA64C_YGER,0.0,0.013204903,0.013204903341829777
main,fpos,source_reweighted_anchor_stack_cluster_trust_pseudo_xgboost_default,backend_sweep,xgboost_default,PAIRED_MEA64C_YGER::paired_mea64c::20170622_patch1::Klusta::4,PAIRED_MEA64C_YGER::paired_mea64c::20170622_patch1,PAIRED_MEA64C_YGER,0.0050424628450106155,0.021246098,0.016203635136919164
main,fpos,source_reweighted_anchor_stack_cluster_trust_pseudo_xgboost_default,backend_sweep,xgboost_default,PAIRED_MEA64C_YGER::paired_mea64c::20170622_patch1::MountainSort4::43,PAIRED_MEA64C_YGER::paired_mea64c::20170622_patch1,PAIRED_MEA64C_YGER,0.0040494938132733405,0.015514037,0.011464542827251524
main,fpos,source_reweighted_anchor_stack_cluster_trust_pseudo_xgboost_default,backend_sweep,xgboost_default,PAIRED_MEA64C_YGER::paired_mea64c::20170622_patch1::SpykingCircus::18,PAIRED_MEA64C_YGER::paired_mea64c::20170622_patch1,PAIRED_MEA64C_YGER,0.00022079929344226098,0.014882883,0.014662083763555992
main,fpos,source_reweighted_anchor_stack_cluster_trust_pseudo_xgboost_default,backend_sweep,xgboost_default,PAIRED_MEA64C_YGER::paired_mea64c::20170622_patch1::Tridesclous::12,PAIRED_MEA64C_YGER::paired_mea64c::20170622_patch1,PAIRED_MEA64C_YGER,0.013830024537140308,0.023129234,0.009299209553307118
main,fpos,source_reweighted_anchor_stack_cluster_trust_pseudo_xgboost_default,backend_sweep,xgboost_default,PAIRED_MEA64C_YGER::paired_mea64c::20170622_patch2::HerdingSpikes2::16,PAIRED_MEA64C_YGER::paired_mea64c::20170622_patch2,PAIRED_MEA64C_YGER,0.18683274021352314,0.06042379,0.12640894880498432
main,fpos,source_reweighted_anchor_stack_cluster_trust_pseudo_xgboost_default,backend_sweep,xgboost_default,PAIRED_MEA64C_YGER::paired_mea64c::20170622_patch2::HerdingSpikes2::44,PAIRED_MEA64C_YGER::paired_mea64c::20170622_patch2,PAIRED_MEA64C_YGER,0.4028520499108734,0.09326109,0.30959095700964356
main,fpos,source_reweighted_anchor_stack_cluster_trust_pseudo_xgboost_default,backend_sweep,xgboost_default,PAIRED_MEA64C_YGER::paired_mea64c::20170622_patch2::HerdingSpikes2::5,PAIRED_MEA64C_YGER::paired_mea64c::20170622_patch2,PAIRED_MEA64C_YGER,0.06115992970123023,0.0016256094,0.059534320349908174
main,fpos,source_reweighted_anchor_stack_cluster_trust_pseudo_xgboost_default,backend_sweep,xgboost_default,PAIRED_MEA64C_YGER::paired_mea64c::20170622_patch2::IronClust::11,PAIRED_MEA64C_YGER::paired_mea64c::20170622_patch2,PAIRED_MEA64C_YGER,0.061366806136680614,0.0015178121,0.05984899399732597
main,fpos,source_reweighted_anchor_stack_cluster_trust_pseudo_xgboost_default,backend_sweep,xgboost_default,PAIRED_MEA64C_YGER::paired_mea64c::20170622_patch2::JRClust::31,PAIRED_MEA64C_YGER::paired_mea64c::20170622_patch2,PAIRED_MEA64C_YGER,0.06118881118881119,0.0020941494,0.05909466183210326
main,fpos,source_reweighted_anchor_stack_cluster_trust_pseudo_xgboost_default,backend_sweep,xgboost_default,PAIRED_MEA64C_YGER::paired_mea64c::20170622_patch2::KiloSort::5,PAIRED_MEA64C_YGER::paired_mea64c::20170622_patch2,PAIRED_MEA64C_YGER,0.06143106457242583,0.0026216055,0.05880945904576992
main,fpos,source_reweighted_anchor_stack_cluster_trust_pseudo_xgboost_default,backend_sweep,xgboost_default,PAIRED_MEA64C_YGER::paired_mea64c::20170622_patch2::KiloSort2::33,PAIRED_MEA64C_YGER::paired_mea64c::20170622_patch2,PAIRED_MEA64C_YGER,0.061409630146545706,0.0025321154,0.058877514707592664
main,fpos,source_reweighted_anchor_stack_cluster_trust_pseudo_xgboost_default,backend_sweep,xgboost_default,PAIRED_MEA64C_YGER::paired_mea64c::20170622_patch2::Klusta::14,PAIRED_MEA64C_YGER::paired_mea64c::20170622_patch2,PAIRED_MEA64C_YGER,0.05860349127182045,0.0020469967,0.056556494544234656
main,fpos,source_reweighted_anchor_stack_cluster_trust_pseudo_xgboost_default,backend_sweep,xgboost_default,PAIRED_MEA64C_YGER::paired_mea64c::20170622_patch2::MountainSort4::31,PAIRED_MEA64C_YGER::paired_mea64c::20170622_patch2,PAIRED_MEA64C_YGER,0.07713404182379156,0.0070825624,0.07005147939582378
main,fpos,source_reweighted_anchor_stack_cluster_trust_pseudo_xgboost_default,backend_sweep,xgboost_default,PAIRED_MEA64C_YGER::paired_mea64c::20170622_patch2::SpykingCircus::17,PAIRED_MEA64C_YGER::paired_mea64c::20170622_patch2,PAIRED_MEA64C_YGER,0.061366806136680614,0.0028501372,0.05851666895137526
main,fpos,source_reweighted_anchor_stack_cluster_trust_pseudo_xgboost_default,backend_sweep,xgboost_default,PAIRED_MEA64C_YGER::paired_mea64c::20170622_patch2::Tridesclous::0,PAIRED_MEA64C_YGER::paired_mea64c::20170622_patch2,PAIRED_MEA64C_YGER,0.061366806136680614,0.0013125507,0.06005425539729543
