protocol,target,variant_id,family,backend,row_uid,recording_key,study_set,true,pred,abs_error
main,fpos,reference_anchor_stack_xgboost,signal_embedding_stack,xgboost_default,PAIRED_BOYDEN::paired_boyden32c::1103_1_1::IronClust::4,PAIRED_BOYDEN::paired_boyden32c::1103_1_1,PAIRED_BOYDEN,0.11363636363636363,0.16702977,0.05339340459216725
main,fpos,reference_anchor_stack_xgboost,signal_embedding_stack,xgboost_default,PAIRED_BOYDEN::paired_boyden32c::1103_1_1::JRClust::18,PAIRED_BOYDEN::paired_boyden32c::1103_1_1,PAIRED_BOYDEN,0.26138147566718994,0.32020882,0.058827342053223264
main,fpos,reference_anchor_stack_xgboost,signal_embedding_stack,xgboost_default,PAIRED_BOYDEN::paired_boyden32c::1103_1_1::KiloSort::111,PAIRED_BOYDEN::paired_boyden32c::1103_1_1,PAIRED_BOYDEN,0.11241007194244604,0.18246497,0.07005490019595881
main,fpos,reference_anchor_stack_xgboost,signal_embedding_stack,xgboost_default,PAIRED_BOYDEN::paired_boyden32c::1103_1_1::KiloSort2::33,PAIRED_BOYDEN::paired_boyden32c::1103_1_1,PAIRED_BOYDEN,0.17066290550070523,0.19572799,0.025065083576862823
main,fpos,reference_anchor_stack_xgboost,signal_embedding_stack,xgboost_default,PAIRED_BOYDEN::paired_boyden32c::1103_1_1::KiloSort2::55,PAIRED_BOYDEN::paired_boyden32c::1103_1_1,PAIRED_BOYDEN,0.3333333333333333,0.20233226,0.131001075108846
main,fpos,reference_anchor_stack_xgboost,signal_embedding_stack,xgboost_default,PAIRED_BOYDEN::paired_boyden32c::1103_1_1::KiloSort2::60,PAIRED_BOYDEN::paired_boyden32c::1103_1_1,PAIRED_BOYDEN,0.15878378378378377,0.08032467,0.07845911162125097
main,fpos,reference_anchor_stack_xgboost,signal_embedding_stack,xgboost_default,PAIRED_BOYDEN::paired_boyden32c::1103_1_1::Klusta::12,PAIRED_BOYDEN::paired_boyden32c::1103_1_1,PAIRED_BOYDEN,0.156686626746507,0.19902568,0.042339048907904325
main,fpos,reference_anchor_stack_xgboost,signal_embedding_stack,xgboost_default,PAIRED_BOYDEN::paired_boyden32c::1103_1_1::MountainSort4::26,PAIRED_BOYDEN::paired_boyden32c::1103_1_1,PAIRED_BOYDEN,0.30532212885154064,0.30998462,0.0046624955342930985
main,fpos,reference_anchor_stack_xgboost,signal_embedding_stack,xgboost_default,PAIRED_BOYDEN::paired_boyden32c::1103_1_1::SpykingCircus::27,PAIRED_BOYDEN::paired_boyden32c::1103_1_1,PAIRED_BOYDEN,0.12258064516129032,0.2026167,0.08003606132922635
main,fpos,reference_anchor_stack_xgboost,signal_embedding_stack,xgboost_default,PAIRED_BOYDEN::paired_boyden32c::1103_1_1::Tridesclous::3,PAIRED_BOYDEN::paired_boyden32c::1103_1_1,PAIRED_BOYDEN,0.2613268608414239,0.2854662,0.024139333311408107
main,fpos,reference_anchor_stack_xgboost,signal_embedding_stack,xgboost_default,PAIRED_BOYDEN::paired_boyden32c::419_1_8::IronClust::14,PAIRED_BOYDEN::paired_boyden32c::419_1_8,PAIRED_BOYDEN,0.0663265306122449,0.02551871,0.040807820818558035
main,fpos,reference_anchor_stack_xgboost,signal_embedding_stack,xgboost_default,PAIRED_BOYDEN::paired_boyden32c::419_1_8::IronClust::4,PAIRED_BOYDEN::paired_boyden32c::419_1_8,PAIRED_BOYDEN,0.05829903978052126,0.056355294,0.001943745940351356
main,fpos,reference_anchor_stack_xgboost,signal_embedding_stack,xgboost_default,PAIRED_BOYDEN::paired_boyden32c::419_1_8::JRClust::24,PAIRED_BOYDEN::paired_boyden32c::419_1_8,PAIRED_BOYDEN,0.08062093139709564,0.030128436,0.05049249523402782
main,fpos,reference_anchor_stack_xgboost,signal_embedding_stack,xgboost_default,PAIRED_BOYDEN::paired_boyden32c::419_1_8::JRClust::8,PAIRED_BOYDEN::paired_boyden32c::419_1_8,PAIRED_BOYDEN,0.03907637655417407,0.045978054,0.006901677850084657
main,fpos,reference_anchor_stack_xgboost,signal_embedding_stack,xgboost_default,PAIRED_BOYDEN::paired_boyden32c::419_1_8::KiloSort::17,PAIRED_BOYDEN::paired_boyden32c::419_1_8,PAIRED_BOYDEN,0.06424161521775405,0.020721577,0.04352003810984771
main,fpos,reference_anchor_stack_xgboost,signal_embedding_stack,xgboost_default,PAIRED_BOYDEN::paired_boyden32c::419_1_8::KiloSort2::27,PAIRED_BOYDEN::paired_boyden32c::419_1_8,PAIRED_BOYDEN,0.1342059838895282,0.037711054,0.09649492980284302
main,fpos,reference_anchor_stack_xgboost,signal_embedding_stack,xgboost_default,PAIRED_BOYDEN::paired_boyden32c::419_1_8::KiloSort2::46,PAIRED_BOYDEN::paired_boyden32c::419_1_8,PAIRED_BOYDEN,0.02341480088873697,0.019986922,0.0034278789673645553
main,fpos,reference_anchor_stack_xgboost,signal_embedding_stack,xgboost_default,PAIRED_BOYDEN::paired_boyden32c::419_1_8::MountainSort4::42,PAIRED_BOYDEN::paired_boyden32c::419_1_8,PAIRED_BOYDEN,0.16482219271063892,0.08485941,0.0799627842724332
main,fpos,reference_anchor_stack_xgboost,signal_embedding_stack,xgboost_default,PAIRED_BOYDEN::paired_boyden32c::419_1_8::SpykingCircus::24,PAIRED_BOYDEN::paired_boyden32c::419_1_8,PAIRED_BOYDEN,0.24721080446271285,0.15125376,0.09595704460172041
main,fpos,reference_anchor_stack_xgboost,signal_embedding_stack,xgboost_default,PAIRED_BOYDEN::paired_boyden32c::419_1_8::SpykingCircus::28,PAIRED_BOYDEN::paired_boyden32c::419_1_8,PAIRED_BOYDEN,0.029543112332531776,0.01641029,0.013132823000261154
main,fpos,reference_anchor_stack_xgboost,signal_embedding_stack,xgboost_default,PAIRED_BOYDEN::paired_boyden32c::419_1_8::Tridesclous::0,PAIRED_BOYDEN::paired_boyden32c::419_1_8,PAIRED_BOYDEN,0.15585806056898133,0.11061389,0.045244170576744236
main,fpos,reference_anchor_stack_xgboost,signal_embedding_stack,xgboost_default,PAIRED_CRCNS_HC1::paired_crcns::d11221_d11221.001::SpykingCircus::6,PAIRED_CRCNS_HC1::paired_crcns::d11221_d11221.001,PAIRED_CRCNS_HC1,0.8835978835978836,0.42650324,0.4570946425357193
main,fpos,reference_anchor_stack_xgboost,signal_embedding_stack,xgboost_default,PAIRED_CRCNS_HC1::paired_crcns::d11222_d11222.002::IronClust::2,PAIRED_CRCNS_HC1::paired_crcns::d11222_d11222.002,PAIRED_CRCNS_HC1,0.04466019417475728,0.24049908,0.19583888505269023
main,fpos,reference_anchor_stack_xgboost,signal_embedding_stack,xgboost_default,PAIRED_CRCNS_HC1::paired_crcns::d11222_d11222.002::JRClust::3,PAIRED_CRCNS_HC1::paired_crcns::d11222_d11222.002,PAIRED_CRCNS_HC1,0.039337474120082816,0.067301735,0.02796426116186146
main,fpos,reference_anchor_stack_xgboost,signal_embedding_stack,xgboost_default,PAIRED_CRCNS_HC1::paired_crcns::d11222_d11222.002::KiloSort::1,PAIRED_CRCNS_HC1::paired_crcns::d11222_d11222.002,PAIRED_CRCNS_HC1,0.03337783711615487,0.10716865,0.07379081500109748
main,fpos,reference_anchor_stack_xgboost,signal_embedding_stack,xgboost_default,PAIRED_CRCNS_HC1::paired_crcns::d11222_d11222.002::KiloSort2::10,PAIRED_CRCNS_HC1::paired_crcns::d11222_d11222.002,PAIRED_CRCNS_HC1,0.550417469492614,0.075007915,0.4754095539957879
main,fpos,reference_anchor_stack_xgboost,signal_embedding_stack,xgboost_default,PAIRED_CRCNS_HC1::paired_crcns::d11222_d11222.002::Klusta::2,PAIRED_CRCNS_HC1::paired_crcns::d11222_d11222.002,PAIRED_CRCNS_HC1,0.008777852802160702,0.07910214,0.07032429084312586
main,fpos,reference_anchor_stack_xgboost,signal_embedding_stack,xgboost_default,PAIRED_CRCNS_HC1::paired_crcns::d11222_d11222.002::MountainSort4::4,PAIRED_CRCNS_HC1::paired_crcns::d11222_d11222.002,PAIRED_CRCNS_HC1,0.360427807486631,0.25892416,0.10150365105924758
main,fpos,reference_anchor_stack_xgboost,signal_embedding_stack,xgboost_default,PAIRED_CRCNS_HC1::paired_crcns::d11222_d11222.002::SpykingCircus::4,PAIRED_CRCNS_HC1::paired_crcns::d11222_d11222.002,PAIRED_CRCNS_HC1,0.11986754966887417,0.09167011,0.02819743884715023
main,fpos,reference_anchor_stack_xgboost,signal_embedding_stack,xgboost_default,PAIRED_CRCNS_HC1::paired_crcns::d11222_d11222.002::Tridesclous::0,PAIRED_CRCNS_HC1::paired_crcns::d11222_d11222.002,PAIRED_CRCNS_HC1,0.021164021164021163,0.09315923,0.07199520739928755
main,fpos,reference_anchor_stack_xgboost,signal_embedding_stack,xgboost_default,PAIRED_ENGLISH::paired_english::m139_200114_191955::KiloSort2::25,PAIRED_ENGLISH::paired_english::m139_200114_191955,PAIRED_ENGLISH,0.7302739726027397,0.33566338,0.39461059436406176
main,fpos,reference_anchor_stack_xgboost,signal_embedding_stack,xgboost_default,PAIRED_ENGLISH::paired_english::m139_200114_191955::MountainSort4::36,PAIRED_ENGLISH::paired_english::m139_200114_191955,PAIRED_ENGLISH,0.8735255086994986,0.5749023,0.29862321263321445
main,fpos,reference_anchor_stack_xgboost,signal_embedding_stack,xgboost_default,PAIRED_ENGLISH::paired_english::m139_200114_191955::SpykingCircus::42,PAIRED_ENGLISH::paired_english::m139_200114_191955,PAIRED_ENGLISH,0.5584045584045584,0.29108962,0.26731493423806973
main,fpos,reference_anchor_stack_xgboost,signal_embedding_stack,xgboost_default,PAIRED_ENGLISH::paired_english::m139_200114_222743::HerdingSpikes2::5,PAIRED_ENGLISH::paired_english::m139_200114_222743,PAIRED_ENGLISH,0.03257707969749855,0.17018943,0.137612345651737
main,fpos,reference_anchor_stack_xgboost,signal_embedding_stack,xgboost_default,PAIRED_ENGLISH::paired_english::m139_200114_222743::IronClust::17,PAIRED_ENGLISH::paired_english::m139_200114_222743,PAIRED_ENGLISH,0.02675196277987787,0.1417865,0.11503453803169897
main,fpos,reference_anchor_stack_xgboost,signal_embedding_stack,xgboost_default,PAIRED_ENGLISH::paired_english::m139_200114_222743::KiloSort::88,PAIRED_ENGLISH::paired_english::m139_200114_222743,PAIRED_ENGLISH,0.015151515151515152,0.15355448,0.13840296909664618
main,fpos,reference_anchor_stack_xgboost,signal_embedding_stack,xgboost_default,PAIRED_ENGLISH::paired_english::m139_200114_222743::KiloSort2::26,PAIRED_ENGLISH::paired_english::m139_200114_222743,PAIRED_ENGLISH,0.028645087367516472,0.13886489,0.11021980237342743
main,fpos,reference_anchor_stack_xgboost,signal_embedding_stack,xgboost_default,PAIRED_ENGLISH::paired_english::m139_200114_222743::MountainSort4::46,PAIRED_ENGLISH::paired_english::m139_200114_222743,PAIRED_ENGLISH,0.039886039886039885,0.31360993,0.27372388800664504
main,fpos,reference_anchor_stack_xgboost,signal_embedding_stack,xgboost_default,PAIRED_ENGLISH::paired_english::m139_200114_222743::SpykingCircus::44,PAIRED_ENGLISH::paired_english::m139_200114_222743,PAIRED_ENGLISH,0.028064146620847653,0.115487635,0.08742348851480299
main,fpos,reference_anchor_stack_xgboost,signal_embedding_stack,xgboost_default,PAIRED_ENGLISH::paired_english::m139_200114_222743::Tridesclous::1,PAIRED_ENGLISH::paired_english::m139_200114_222743,PAIRED_ENGLISH,0.3089646722483153,0.34495604,0.035991368134069945
main,fpos,reference_anchor_stack_xgboost,signal_embedding_stack,xgboost_default,PAIRED_ENGLISH::paired_english::m14_190326_155432::IronClust::22,PAIRED_ENGLISH::paired_english::m14_190326_155432,PAIRED_ENGLISH,0.0481651376146789,0.042917196,0.005247941907119316
main,fpos,reference_anchor_stack_xgboost,signal_embedding_stack,xgboost_default,PAIRED_ENGLISH::paired_english::m14_190326_155432::MountainSort4::33,PAIRED_ENGLISH::paired_english::m14_190326_155432,PAIRED_ENGLISH,0.1981651376146789,0.28166702,0.08350188628249211
main,fpos,reference_anchor_stack_xgboost,signal_embedding_stack,xgboost_default,PAIRED_ENGLISH::paired_english::m14_190326_155432::SpykingCircus::38,PAIRED_ENGLISH::paired_english::m14_190326_155432,PAIRED_ENGLISH,0.013363028953229399,0.035979155,0.022616126497829944
main,fpos,reference_anchor_stack_xgboost,signal_embedding_stack,xgboost_default,PAIRED_ENGLISH::paired_english::m15_190315_142052_cell1::IronClust::40,PAIRED_ENGLISH::paired_english::m15_190315_142052_cell1,PAIRED_ENGLISH,0.2679960401640503,0.26470467,0.0032913656817047388
main,fpos,reference_anchor_stack_xgboost,signal_embedding_stack,xgboost_default,PAIRED_ENGLISH::paired_english::m15_190315_142052_cell1::KiloSort2::48,PAIRED_ENGLISH::paired_english::m15_190315_142052_cell1,PAIRED_ENGLISH,0.8627861694595232,0.31940255,0.5433836237689867
main,fpos,reference_anchor_stack_xgboost,signal_embedding_stack,xgboost_default,PAIRED_ENGLISH::paired_english::m15_190315_142052_cell1::MountainSort4::62,PAIRED_ENGLISH::paired_english::m15_190315_142052_cell1,PAIRED_ENGLISH,0.8769885383524361,0.520889,0.35609955414909744
main,fpos,reference_anchor_stack_xgboost,signal_embedding_stack,xgboost_default,PAIRED_ENGLISH::paired_english::m15_190315_142052_cell1::MountainSort4::64,PAIRED_ENGLISH::paired_english::m15_190315_142052_cell1,PAIRED_ENGLISH,0.14704761904761904,0.12103653,0.026011089506603413
main,fpos,reference_anchor_stack_xgboost,signal_embedding_stack,xgboost_default,PAIRED_ENGLISH::paired_english::m15_190315_142052_cell1::SpykingCircus::22,PAIRED_ENGLISH::paired_english::m15_190315_142052_cell1,PAIRED_ENGLISH,0.23500526131182042,0.40610945,0.1711041909357992
main,fpos,reference_anchor_stack_xgboost,signal_embedding_stack,xgboost_default,PAIRED_ENGLISH::paired_english::m15_190315_142052_cell1::SpykingCircus::57,PAIRED_ENGLISH::paired_english::m15_190315_142052_cell1,PAIRED_ENGLISH,0.6499202551834131,0.2195302,0.43039006018562564
main,fpos,reference_anchor_stack_xgboost,signal_embedding_stack,xgboost_default,PAIRED_ENGLISH::paired_english::m15_190315_152315_cell1::IronClust::35,PAIRED_ENGLISH::paired_english::m15_190315_152315_cell1,PAIRED_ENGLISH,0.002592440987856461,0.04633036,0.04373791784521811
main,fpos,reference_anchor_stack_xgboost,signal_embedding_stack,xgboost_default,PAIRED_ENGLISH::paired_english::m15_190315_152315_cell1::KiloSort::1,PAIRED_ENGLISH::paired_english::m15_190315_152315_cell1,PAIRED_ENGLISH,6.528267397832615e-05,0.045278266,0.04521298339829493
main,fpos,reference_anchor_stack_xgboost,signal_embedding_stack,xgboost_default,PAIRED_ENGLISH::paired_english::m15_190315_152315_cell1::KiloSort2::37,PAIRED_ENGLISH::paired_english::m15_190315_152315_cell1,PAIRED_ENGLISH,0.00039059957034047265,0.069980145,0.06958954493039195
main,fpos,reference_anchor_stack_xgboost,signal_embedding_stack,xgboost_default,PAIRED_ENGLISH::paired_english::m15_190315_152315_cell1::MountainSort4::72,PAIRED_ENGLISH::paired_english::m15_190315_152315_cell1,PAIRED_ENGLISH,0.052174468356855484,0.15693802,0.10476354805778684
main,fpos,reference_anchor_stack_xgboost,signal_embedding_stack,xgboost_default,PAIRED_ENGLISH::paired_english::m15_190315_152315_cell1::SpykingCircus::46,PAIRED_ENGLISH::paired_english::m15_190315_152315_cell1,PAIRED_ENGLISH,0.010891280531030483,0.04586955,0.03497827106799524
main,fpos,reference_anchor_stack_xgboost,signal_embedding_stack,xgboost_default,PAIRED_ENGLISH::paired_english::m15_190315_152315_cell1::Tridesclous::0,PAIRED_ENGLISH::paired_english::m15_190315_152315_cell1,PAIRED_ENGLISH,0.8482136225209834,0.34783807,0.5003755485520961
main,fpos,reference_anchor_stack_xgboost,signal_embedding_stack,xgboost_default,PAIRED_ENGLISH::paired_english::m26_190524_100859_cell1::KiloSort::19,PAIRED_ENGLISH::paired_english::m26_190524_100859_cell1,PAIRED_ENGLISH,0.2440677966101695,0.12641717,0.11765062167482862
main,fpos,reference_anchor_stack_xgboost,signal_embedding_stack,xgboost_default,PAIRED_ENGLISH::paired_english::m26_190524_100859_cell1::KiloSort::8,PAIRED_ENGLISH::paired_english::m26_190524_100859_cell1,PAIRED_ENGLISH,0.6505139500734214,0.18823898,0.4622749716874961
main,fpos,reference_anchor_stack_xgboost,signal_embedding_stack,xgboost_default,PAIRED_ENGLISH::paired_english::m26_190524_100859_cell1::KiloSort2::0,PAIRED_ENGLISH::paired_english::m26_190524_100859_cell1,PAIRED_ENGLISH,0.38315988647114474,0.27593142,0.10722846852909762
main,fpos,reference_anchor_stack_xgboost,signal_embedding_stack,xgboost_default,PAIRED_ENGLISH::paired_english::m57_191105_141906::IronClust::6,PAIRED_ENGLISH::paired_english::m57_191105_141906,PAIRED_ENGLISH,0.31826625386996904,0.2390114,0.0792548469714705
main,fpos,reference_anchor_stack_xgboost,signal_embedding_stack,xgboost_default,PAIRED_ENGLISH::paired_english::m57_191105_141906::KiloSort::47,PAIRED_ENGLISH::paired_english::m57_191105_141906,PAIRED_ENGLISH,0.35376344086021505,0.24148594,0.11227750243038259
main,fpos,reference_anchor_stack_xgboost,signal_embedding_stack,xgboost_default,PAIRED_ENGLISH::paired_english::m57_191105_141906::MountainSort4::21,PAIRED_ENGLISH::paired_english::m57_191105_141906,PAIRED_ENGLISH,0.3323335332933413,0.45862952,0.1262959854539884
main,fpos,reference_anchor_stack_xgboost,signal_embedding_stack,xgboost_default,PAIRED_ENGLISH::paired_english::m57_191105_141906::MountainSort4::57,PAIRED_ENGLISH::paired_english::m57_191105_141906,PAIRED_ENGLISH,0.23853211009174313,0.26768708,0.02915497219890628
main,fpos,reference_anchor_stack_xgboost,signal_embedding_stack,xgboost_default,PAIRED_ENGLISH::paired_english::m57_191105_141906::SpykingCircus::12,PAIRED_ENGLISH::paired_english::m57_191105_141906,PAIRED_ENGLISH,0.3535228677379481,0.262325,0.09119787889593761
main,fpos,reference_anchor_stack_xgboost,signal_embedding_stack,xgboost_default,PAIRED_ENGLISH::paired_english::m57_191105_141906::SpykingCircus::30,PAIRED_ENGLISH::paired_english::m57_191105_141906,PAIRED_ENGLISH,0.2040332147093713,0.19246998,0.011563230416387293
main,fpos,reference_anchor_stack_xgboost,signal_embedding_stack,xgboost_default,PAIRED_ENGLISH::paired_english::m57_191105_160026::HerdingSpikes2::1,PAIRED_ENGLISH::paired_english::m57_191105_160026,PAIRED_ENGLISH,0.13630229419703105,0.1923908,0.056088505325368854
main,fpos,reference_anchor_stack_xgboost,signal_embedding_stack,xgboost_default,PAIRED_ENGLISH::paired_english::m57_191105_160026::IronClust::2,PAIRED_ENGLISH::paired_english::m57_191105_160026,PAIRED_ENGLISH,0.5044008124576845,0.17956276,0.32483805007803823
main,fpos,reference_anchor_stack_xgboost,signal_embedding_stack,xgboost_default,PAIRED_ENGLISH::paired_english::m57_191105_160026::IronClust::3,PAIRED_ENGLISH::paired_english::m57_191105_160026,PAIRED_ENGLISH,0.05838815789473684,0.21725902,0.15887086171852915
main,fpos,reference_anchor_stack_xgboost,signal_embedding_stack,xgboost_default,PAIRED_ENGLISH::paired_english::m57_191105_160026::KiloSort::127,PAIRED_ENGLISH::paired_english::m57_191105_160026,PAIRED_ENGLISH,0.5003422313483915,0.25516242,0.24517981345975015
main,fpos,reference_anchor_stack_xgboost,signal_embedding_stack,xgboost_default,PAIRED_ENGLISH::paired_english::m57_191105_160026::KiloSort::6,PAIRED_ENGLISH::paired_english::m57_191105_160026,PAIRED_ENGLISH,0.02531645569620253,0.18223384,0.15691738453092455
main,fpos,reference_anchor_stack_xgboost,signal_embedding_stack,xgboost_default,PAIRED_ENGLISH::paired_english::m57_191105_160026::MountainSort4::23,PAIRED_ENGLISH::paired_english::m57_191105_160026,PAIRED_ENGLISH,0.6737967914438503,0.13616422,0.5376325732565181
main,fpos,reference_anchor_stack_xgboost,signal_embedding_stack,xgboost_default,PAIRED_ENGLISH::paired_english::m57_191105_160026::MountainSort4::25,PAIRED_ENGLISH::paired_english::m57_191105_160026,PAIRED_ENGLISH,0.14568081991215226,0.26402795,0.11834713323573592
main,fpos,reference_anchor_stack_xgboost,signal_embedding_stack,xgboost_default,PAIRED_ENGLISH::paired_english::m57_191105_160026::SpykingCircus::2,PAIRED_ENGLISH::paired_english::m57_191105_160026,PAIRED_ENGLISH,0.6860282574568289,0.43839163,0.24763663157563387
main,fpos,reference_anchor_stack_xgboost,signal_embedding_stack,xgboost_default,PAIRED_ENGLISH::paired_english::m57_191105_160026::SpykingCircus::4,PAIRED_ENGLISH::paired_english::m57_191105_160026,PAIRED_ENGLISH,0.056790123456790124,0.21788436,0.16109423828713687
main,fpos,reference_anchor_stack_xgboost,signal_embedding_stack,xgboost_default,PAIRED_ENGLISH::paired_english::m57_191105_160026::Tridesclous::0,PAIRED_ENGLISH::paired_english::m57_191105_160026,PAIRED_ENGLISH,0.8589226823012093,0.5263138,0.332608900562928
main,fpos,reference_anchor_stack_xgboost,signal_embedding_stack,xgboost_default,PAIRED_KAMPFF::paired_kampff::c14::HerdingSpikes2::6,PAIRED_KAMPFF::paired_kampff::c14,PAIRED_KAMPFF,0.25090444775484144,0.067133605,0.18377084227464735
main,fpos,reference_anchor_stack_xgboost,signal_embedding_stack,xgboost_default,PAIRED_KAMPFF::paired_kampff::c14::IronClust::22,PAIRED_KAMPFF::paired_kampff::c14,PAIRED_KAMPFF,0.2240655987795576,0.106384106,0.11768149279916132
main,fpos,reference_anchor_stack_xgboost,signal_embedding_stack,xgboost_default,PAIRED_KAMPFF::paired_kampff::c14::KiloSort2::37,PAIRED_KAMPFF::paired_kampff::c14,PAIRED_KAMPFF,0.23899885489939474,0.13162214,0.10737671926020406
main,fpos,reference_anchor_stack_xgboost,signal_embedding_stack,xgboost_default,PAIRED_KAMPFF::paired_kampff::c14::MountainSort4::42,PAIRED_KAMPFF::paired_kampff::c14,PAIRED_KAMPFF,0.031842105263157894,0.034282044,0.0024399383130826457
main,fpos,reference_anchor_stack_xgboost,signal_embedding_stack,xgboost_default,PAIRED_KAMPFF::paired_kampff::c14::SpykingCircus::14,PAIRED_KAMPFF::paired_kampff::c14,PAIRED_KAMPFF,0.0993841579953281,0.04438666,0.05499749917779842
main,fpos,reference_anchor_stack_xgboost,signal_embedding_stack,xgboost_default,PAIRED_KAMPFF::paired_kampff::c14::Tridesclous::8,PAIRED_KAMPFF::paired_kampff::c14,PAIRED_KAMPFF,0.7298130782302221,0.5403066,0.1895064504798254
main,fpos,reference_anchor_stack_xgboost,signal_embedding_stack,xgboost_default,PAIRED_MEA64C_YGER::paired_mea64c::20170622_patch1::HerdingSpikes2::19,PAIRED_MEA64C_YGER::paired_mea64c::20170622_patch1,PAIRED_MEA64C_YGER,0.3048016701461378,0.19846188,0.1063397948266569
main,fpos,reference_anchor_stack_xgboost,signal_embedding_stack,xgboost_default,PAIRED_MEA64C_YGER::paired_mea64c::20170622_patch1::HerdingSpikes2::7,PAIRED_MEA64C_YGER::paired_mea64c::20170622_patch1,PAIRED_MEA64C_YGER,0.006430868167202572,0.019428112,0.012997243445594211
main,fpos,reference_anchor_stack_xgboost,signal_embedding_stack,xgboost_default,PAIRED_MEA64C_YGER::paired_mea64c::20170622_patch1::IronClust::8,PAIRED_MEA64C_YGER::paired_mea64c::20170622_patch1,PAIRED_MEA64C_YGER,0.32512992968511156,0.14644307,0.1786868607039409
main,fpos,reference_anchor_stack_xgboost,signal_embedding_stack,xgboost_default,PAIRED_MEA64C_YGER::paired_mea64c::20170622_patch1::KiloSort::64,PAIRED_MEA64C_YGER::paired_mea64c::20170622_patch1,PAIRED_MEA64C_YGER,0.00022805017103762827,0.012568587,0.012340537266234443
main,fpos,reference_anchor_stack_xgboost,signal_embedding_stack,xgboost_default,PAIRED_MEA64C_YGER::paired_mea64c::20170622_patch1::KiloSort2::23,PAIRED_MEA64C_YGER::paired_mea64c::20170622_patch1,PAIRED_MEA64C_YGER,0.0,0.01297483,0.012974830344319344
main,fpos,reference_anchor_stack_xgboost,signal_embedding_stack,xgboost_default,PAIRED_MEA64C_YGER::paired_mea64c::20170622_patch1::Klusta::4,PAIRED_MEA64C_YGER::paired_mea64c::20170622_patch1,PAIRED_MEA64C_YGER,0.0050424628450106155,0.016854275,0.011811812172966146
main,fpos,reference_anchor_stack_xgboost,signal_embedding_stack,xgboost_default,PAIRED_MEA64C_YGER::paired_mea64c::20170622_patch1::MountainSort4::43,PAIRED_MEA64C_YGER::paired_mea64c::20170622_patch1,PAIRED_MEA64C_YGER,0.0040494938132733405,0.018179582,0.014130088618639082
main,fpos,reference_anchor_stack_xgboost,signal_embedding_stack,xgboost_default,PAIRED_MEA64C_YGER::paired_mea64c::20170622_patch1::SpykingCircus::18,PAIRED_MEA64C_YGER::paired_mea64c::20170622_patch1,PAIRED_MEA64C_YGER,0.00022079929344226098,0.01160156,0.011380760524348724
main,fpos,reference_anchor_stack_xgboost,signal_embedding_stack,xgboost_default,PAIRED_MEA64C_YGER::paired_mea64c::20170622_patch1::Tridesclous::12,PAIRED_MEA64C_YGER::paired_mea64c::20170622_patch1,PAIRED_MEA64C_YGER,0.013830024537140308,0.01790453,0.0040745048108754775
main,fpos,reference_anchor_stack_xgboost,signal_embedding_stack,xgboost_default,PAIRED_MEA64C_YGER::paired_mea64c::20170622_patch2::HerdingSpikes2::16,PAIRED_MEA64C_YGER::paired_mea64c::20170622_patch2,PAIRED_MEA64C_YGER,0.18683274021352314,0.05119207,0.13564066892469906
main,fpos,reference_anchor_stack_xgboost,signal_embedding_stack,xgboost_default,PAIRED_MEA64C_YGER::paired_mea64c::20170622_patch2::HerdingSpikes2::44,PAIRED_MEA64C_YGER::paired_mea64c::20170622_patch2,PAIRED_MEA64C_YGER,0.4028520499108734,0.070101306,0.3327507440684738
main,fpos,reference_anchor_stack_xgboost,signal_embedding_stack,xgboost_default,PAIRED_MEA64C_YGER::paired_mea64c::20170622_patch2::HerdingSpikes2::5,PAIRED_MEA64C_YGER::paired_mea64c::20170622_patch2,PAIRED_MEA64C_YGER,0.06115992970123023,0.0019997994,0.059160130306250155
main,fpos,reference_anchor_stack_xgboost,signal_embedding_stack,xgboost_default,PAIRED_MEA64C_YGER::paired_mea64c::20170622_patch2::IronClust::11,PAIRED_MEA64C_YGER::paired_mea64c::20170622_patch2,PAIRED_MEA64C_YGER,0.061366806136680614,0.0016598619,0.059706944254463386
main,fpos,reference_anchor_stack_xgboost,signal_embedding_stack,xgboost_default,PAIRED_MEA64C_YGER::paired_mea64c::20170622_patch2::JRClust::31,PAIRED_MEA64C_YGER::paired_mea64c::20170622_patch2,PAIRED_MEA64C_YGER,0.06118881118881119,0.002883382,0.05830542928005172
main,fpos,reference_anchor_stack_xgboost,signal_embedding_stack,xgboost_default,PAIRED_MEA64C_YGER::paired_mea64c::20170622_patch2::KiloSort::5,PAIRED_MEA64C_YGER::paired_mea64c::20170622_patch2,PAIRED_MEA64C_YGER,0.06143106457242583,0.0034122518,0.05801881274605011
main,fpos,reference_anchor_stack_xgboost,signal_embedding_stack,xgboost_default,PAIRED_MEA64C_YGER::paired_mea64c::20170622_patch2::KiloSort2::33,PAIRED_MEA64C_YGER::paired_mea64c::20170622_patch2,PAIRED_MEA64C_YGER,0.061409630146545706,0.002731533,0.058678097123948274
main,fpos,reference_anchor_stack_xgboost,signal_embedding_stack,xgboost_default,PAIRED_MEA64C_YGER::paired_mea64c::20170622_patch2::Klusta::14,PAIRED_MEA64C_YGER::paired_mea64c::20170622_patch2,PAIRED_MEA64C_YGER,0.05860349127182045,0.003417068,0.055186423343580746
main,fpos,reference_anchor_stack_xgboost,signal_embedding_stack,xgboost_default,PAIRED_MEA64C_YGER::paired_mea64c::20170622_patch2::MountainSort4::31,PAIRED_MEA64C_YGER::paired_mea64c::20170622_patch2,PAIRED_MEA64C_YGER,0.07713404182379156,0.007209638,0.0699244036901465
main,fpos,reference_anchor_stack_xgboost,signal_embedding_stack,xgboost_default,PAIRED_MEA64C_YGER::paired_mea64c::20170622_patch2::SpykingCircus::17,PAIRED_MEA64C_YGER::paired_mea64c::20170622_patch2,PAIRED_MEA64C_YGER,0.061366806136680614,0.00361801,0.057748796049741875
main,fpos,reference_anchor_stack_xgboost,signal_embedding_stack,xgboost_default,PAIRED_MEA64C_YGER::paired_mea64c::20170622_patch2::Tridesclous::0,PAIRED_MEA64C_YGER::paired_mea64c::20170622_patch2,PAIRED_MEA64C_YGER,0.061366806136680614,0.0015360228,0.059830783381363224
main,fpos,wf_embed_anchor_stack_xgboost,signal_embedding_stack,xgboost_default,PAIRED_BOYDEN::paired_boyden32c::1103_1_1::IronClust::4,PAIRED_BOYDEN::paired_boyden32c::1103_1_1,PAIRED_BOYDEN,0.11363636363636363,0.13421036,0.020573999394070022
main,fpos,wf_embed_anchor_stack_xgboost,signal_embedding_stack,xgboost_default,PAIRED_BOYDEN::paired_boyden32c::1103_1_1::JRClust::18,PAIRED_BOYDEN::paired_boyden32c::1103_1_1,PAIRED_BOYDEN,0.26138147566718994,0.29571673,0.03433525707321228
main,fpos,wf_embed_anchor_stack_xgboost,signal_embedding_stack,xgboost_default,PAIRED_BOYDEN::paired_boyden32c::1103_1_1::KiloSort::111,PAIRED_BOYDEN::paired_boyden32c::1103_1_1,PAIRED_BOYDEN,0.11241007194244604,0.14768831,0.03527824237621088
main,fpos,wf_embed_anchor_stack_xgboost,signal_embedding_stack,xgboost_default,PAIRED_BOYDEN::paired_boyden32c::1103_1_1::KiloSort2::33,PAIRED_BOYDEN::paired_boyden32c::1103_1_1,PAIRED_BOYDEN,0.17066290550070523,0.18778776,0.01712485082310916
main,fpos,wf_embed_anchor_stack_xgboost,signal_embedding_stack,xgboost_default,PAIRED_BOYDEN::paired_boyden32c::1103_1_1::KiloSort2::55,PAIRED_BOYDEN::paired_boyden32c::1103_1_1,PAIRED_BOYDEN,0.3333333333333333,0.22096111,0.11237222452958423
main,fpos,wf_embed_anchor_stack_xgboost,signal_embedding_stack,xgboost_default,PAIRED_BOYDEN::paired_boyden32c::1103_1_1::KiloSort2::60,PAIRED_BOYDEN::paired_boyden32c::1103_1_1,PAIRED_BOYDEN,0.15878378378378377,0.09577384,0.06300994532333837
main,fpos,wf_embed_anchor_stack_xgboost,signal_embedding_stack,xgboost_default,PAIRED_BOYDEN::paired_boyden32c::1103_1_1::Klusta::12,PAIRED_BOYDEN::paired_boyden32c::1103_1_1,PAIRED_BOYDEN,0.156686626746507,0.18025178,0.023565150425581632
main,fpos,wf_embed_anchor_stack_xgboost,signal_embedding_stack,xgboost_default,PAIRED_BOYDEN::paired_boyden32c::1103_1_1::MountainSort4::26,PAIRED_BOYDEN::paired_boyden32c::1103_1_1,PAIRED_BOYDEN,0.30532212885154064,0.29448783,0.010834294874795036
main,fpos,wf_embed_anchor_stack_xgboost,signal_embedding_stack,xgboost_default,PAIRED_BOYDEN::paired_boyden32c::1103_1_1::SpykingCircus::27,PAIRED_BOYDEN::paired_boyden32c::1103_1_1,PAIRED_BOYDEN,0.12258064516129032,0.18355538,0.060974734348635526
main,fpos,wf_embed_anchor_stack_xgboost,signal_embedding_stack,xgboost_default,PAIRED_BOYDEN::paired_boyden32c::1103_1_1::Tridesclous::3,PAIRED_BOYDEN::paired_boyden32c::1103_1_1,PAIRED_BOYDEN,0.2613268608414239,0.28591084,0.02458398396143252
main,fpos,wf_embed_anchor_stack_xgboost,signal_embedding_stack,xgboost_default,PAIRED_BOYDEN::paired_boyden32c::419_1_8::IronClust::14,PAIRED_BOYDEN::paired_boyden32c::419_1_8,PAIRED_BOYDEN,0.0663265306122449,0.031245109,0.03508142191840678
main,fpos,wf_embed_anchor_stack_xgboost,signal_embedding_stack,xgboost_default,PAIRED_BOYDEN::paired_boyden32c::419_1_8::IronClust::4,PAIRED_BOYDEN::paired_boyden32c::419_1_8,PAIRED_BOYDEN,0.05829903978052126,0.06442238,0.006123336673355233
main,fpos,wf_embed_anchor_stack_xgboost,signal_embedding_stack,xgboost_default,PAIRED_BOYDEN::paired_boyden32c::419_1_8::JRClust::24,PAIRED_BOYDEN::paired_boyden32c::419_1_8,PAIRED_BOYDEN,0.08062093139709564,0.02641139,0.05420954146505924
main,fpos,wf_embed_anchor_stack_xgboost,signal_embedding_stack,xgboost_default,PAIRED_BOYDEN::paired_boyden32c::419_1_8::JRClust::8,PAIRED_BOYDEN::paired_boyden32c::419_1_8,PAIRED_BOYDEN,0.03907637655417407,0.038787544,0.00028883278052294764
main,fpos,wf_embed_anchor_stack_xgboost,signal_embedding_stack,xgboost_default,PAIRED_BOYDEN::paired_boyden32c::419_1_8::KiloSort::17,PAIRED_BOYDEN::paired_boyden32c::419_1_8,PAIRED_BOYDEN,0.06424161521775405,0.02931012,0.03493149494809787
main,fpos,wf_embed_anchor_stack_xgboost,signal_embedding_stack,xgboost_default,PAIRED_BOYDEN::paired_boyden32c::419_1_8::KiloSort2::27,PAIRED_BOYDEN::paired_boyden32c::419_1_8,PAIRED_BOYDEN,0.1342059838895282,0.046521664,0.08768432022375672
main,fpos,wf_embed_anchor_stack_xgboost,signal_embedding_stack,xgboost_default,PAIRED_BOYDEN::paired_boyden32c::419_1_8::KiloSort2::46,PAIRED_BOYDEN::paired_boyden32c::419_1_8,PAIRED_BOYDEN,0.02341480088873697,0.020275552,0.003139249062975174
main,fpos,wf_embed_anchor_stack_xgboost,signal_embedding_stack,xgboost_default,PAIRED_BOYDEN::paired_boyden32c::419_1_8::MountainSort4::42,PAIRED_BOYDEN::paired_boyden32c::419_1_8,PAIRED_BOYDEN,0.16482219271063892,0.09012793,0.07469426266551105
main,fpos,wf_embed_anchor_stack_xgboost,signal_embedding_stack,xgboost_default,PAIRED_BOYDEN::paired_boyden32c::419_1_8::SpykingCircus::24,PAIRED_BOYDEN::paired_boyden32c::419_1_8,PAIRED_BOYDEN,0.24721080446271285,0.14113064,0.10608016335992201
main,fpos,wf_embed_anchor_stack_xgboost,signal_embedding_stack,xgboost_default,PAIRED_BOYDEN::paired_boyden32c::419_1_8::SpykingCircus::28,PAIRED_BOYDEN::paired_boyden32c::419_1_8,PAIRED_BOYDEN,0.029543112332531776,0.015142522,0.014400590511569347
main,fpos,wf_embed_anchor_stack_xgboost,signal_embedding_stack,xgboost_default,PAIRED_BOYDEN::paired_boyden32c::419_1_8::Tridesclous::0,PAIRED_BOYDEN::paired_boyden32c::419_1_8,PAIRED_BOYDEN,0.15585806056898133,0.14335121,0.012506848425083317
main,fpos,wf_embed_anchor_stack_xgboost,signal_embedding_stack,xgboost_default,PAIRED_CRCNS_HC1::paired_crcns::d11221_d11221.001::SpykingCircus::6,PAIRED_CRCNS_HC1::paired_crcns::d11221_d11221.001,PAIRED_CRCNS_HC1,0.8835978835978836,0.41746655,0.46613133253243866
main,fpos,wf_embed_anchor_stack_xgboost,signal_embedding_stack,xgboost_default,PAIRED_CRCNS_HC1::paired_crcns::d11222_d11222.002::IronClust::2,PAIRED_CRCNS_HC1::paired_crcns::d11222_d11222.002,PAIRED_CRCNS_HC1,0.04466019417475728,0.19126473,0.14660453949738475
main,fpos,wf_embed_anchor_stack_xgboost,signal_embedding_stack,xgboost_default,PAIRED_CRCNS_HC1::paired_crcns::d11222_d11222.002::JRClust::3,PAIRED_CRCNS_HC1::paired_crcns::d11222_d11222.002,PAIRED_CRCNS_HC1,0.039337474120082816,0.049661357,0.010323882835683862
main,fpos,wf_embed_anchor_stack_xgboost,signal_embedding_stack,xgboost_default,PAIRED_CRCNS_HC1::paired_crcns::d11222_d11222.002::KiloSort::1,PAIRED_CRCNS_HC1::paired_crcns::d11222_d11222.002,PAIRED_CRCNS_HC1,0.03337783711615487,0.05512697,0.021749131655064383
main,fpos,wf_embed_anchor_stack_xgboost,signal_embedding_stack,xgboost_default,PAIRED_CRCNS_HC1::paired_crcns::d11222_d11222.002::KiloSort2::10,PAIRED_CRCNS_HC1::paired_crcns::d11222_d11222.002,PAIRED_CRCNS_HC1,0.550417469492614,0.061691232,0.48872623746699073
main,fpos,wf_embed_anchor_stack_xgboost,signal_embedding_stack,xgboost_default,PAIRED_CRCNS_HC1::paired_crcns::d11222_d11222.002::Klusta::2,PAIRED_CRCNS_HC1::paired_crcns::d11222_d11222.002,PAIRED_CRCNS_HC1,0.008777852802160702,0.04861841,0.039840556980487385
main,fpos,wf_embed_anchor_stack_xgboost,signal_embedding_stack,xgboost_default,PAIRED_CRCNS_HC1::paired_crcns::d11222_d11222.002::MountainSort4::4,PAIRED_CRCNS_HC1::paired_crcns::d11222_d11222.002,PAIRED_CRCNS_HC1,0.360427807486631,0.27962255,0.08080525270757827
main,fpos,wf_embed_anchor_stack_xgboost,signal_embedding_stack,xgboost_default,PAIRED_CRCNS_HC1::paired_crcns::d11222_d11222.002::SpykingCircus::4,PAIRED_CRCNS_HC1::paired_crcns::d11222_d11222.002,PAIRED_CRCNS_HC1,0.11986754966887417,0.05769241,0.062175141107167625
main,fpos,wf_embed_anchor_stack_xgboost,signal_embedding_stack,xgboost_default,PAIRED_CRCNS_HC1::paired_crcns::d11222_d11222.002::Tridesclous::0,PAIRED_CRCNS_HC1::paired_crcns::d11222_d11222.002,PAIRED_CRCNS_HC1,0.021164021164021163,0.05571304,0.034549017727532716
main,fpos,wf_embed_anchor_stack_xgboost,signal_embedding_stack,xgboost_default,PAIRED_ENGLISH::paired_english::m139_200114_191955::KiloSort2::25,PAIRED_ENGLISH::paired_english::m139_200114_191955,PAIRED_ENGLISH,0.7302739726027397,0.3731683,0.35710568294133227
main,fpos,wf_embed_anchor_stack_xgboost,signal_embedding_stack,xgboost_default,PAIRED_ENGLISH::paired_english::m139_200114_191955::MountainSort4::36,PAIRED_ENGLISH::paired_english::m139_200114_191955,PAIRED_ENGLISH,0.8735255086994986,0.679409,0.19411648159988926
main,fpos,wf_embed_anchor_stack_xgboost,signal_embedding_stack,xgboost_default,PAIRED_ENGLISH::paired_english::m139_200114_191955::SpykingCircus::42,PAIRED_ENGLISH::paired_english::m139_200114_191955,PAIRED_ENGLISH,0.5584045584045584,0.3815409,0.17686366389619657
main,fpos,wf_embed_anchor_stack_xgboost,signal_embedding_stack,xgboost_default,PAIRED_ENGLISH::paired_english::m139_200114_222743::HerdingSpikes2::5,PAIRED_ENGLISH::paired_english::m139_200114_222743,PAIRED_ENGLISH,0.03257707969749855,0.17216064,0.13958356066142633
main,fpos,wf_embed_anchor_stack_xgboost,signal_embedding_stack,xgboost_default,PAIRED_ENGLISH::paired_english::m139_200114_222743::IronClust::17,PAIRED_ENGLISH::paired_english::m139_200114_222743,PAIRED_ENGLISH,0.02675196277987787,0.109612346,0.08286038291561773
main,fpos,wf_embed_anchor_stack_xgboost,signal_embedding_stack,xgboost_default,PAIRED_ENGLISH::paired_english::m139_200114_222743::KiloSort::88,PAIRED_ENGLISH::paired_english::m139_200114_222743,PAIRED_ENGLISH,0.015151515151515152,0.11913217,0.10398065343950734
main,fpos,wf_embed_anchor_stack_xgboost,signal_embedding_stack,xgboost_default,PAIRED_ENGLISH::paired_english::m139_200114_222743::KiloSort2::26,PAIRED_ENGLISH::paired_english::m139_200114_222743,PAIRED_ENGLISH,0.028645087367516472,0.11410301,0.08545792441942124
main,fpos,wf_embed_anchor_stack_xgboost,signal_embedding_stack,xgboost_default,PAIRED_ENGLISH::paired_english::m139_200114_222743::MountainSort4::46,PAIRED_ENGLISH::paired_english::m139_200114_222743,PAIRED_ENGLISH,0.039886039886039885,0.32951745,0.2896314140228804
main,fpos,wf_embed_anchor_stack_xgboost,signal_embedding_stack,xgboost_default,PAIRED_ENGLISH::paired_english::m139_200114_222743::SpykingCircus::44,PAIRED_ENGLISH::paired_english::m139_200114_222743,PAIRED_ENGLISH,0.028064146620847653,0.097312585,0.06924843789853864
main,fpos,wf_embed_anchor_stack_xgboost,signal_embedding_stack,xgboost_default,PAIRED_ENGLISH::paired_english::m139_200114_222743::Tridesclous::1,PAIRED_ENGLISH::paired_english::m139_200114_222743,PAIRED_ENGLISH,0.3089646722483153,0.3341774,0.025212732393789794
main,fpos,wf_embed_anchor_stack_xgboost,signal_embedding_stack,xgboost_default,PAIRED_ENGLISH::paired_english::m14_190326_155432::IronClust::22,PAIRED_ENGLISH::paired_english::m14_190326_155432,PAIRED_ENGLISH,0.0481651376146789,0.046443827,0.0017213101644034806
main,fpos,wf_embed_anchor_stack_xgboost,signal_embedding_stack,xgboost_default,PAIRED_ENGLISH::paired_english::m14_190326_155432::MountainSort4::33,PAIRED_ENGLISH::paired_english::m14_190326_155432,PAIRED_ENGLISH,0.1981651376146789,0.32645115,0.12828601494841618
main,fpos,wf_embed_anchor_stack_xgboost,signal_embedding_stack,xgboost_default,PAIRED_ENGLISH::paired_english::m14_190326_155432::SpykingCircus::38,PAIRED_ENGLISH::paired_english::m14_190326_155432,PAIRED_ENGLISH,0.013363028953229399,0.04411493,0.030751899739349872
main,fpos,wf_embed_anchor_stack_xgboost,signal_embedding_stack,xgboost_default,PAIRED_ENGLISH::paired_english::m15_190315_142052_cell1::IronClust::40,PAIRED_ENGLISH::paired_english::m15_190315_142052_cell1,PAIRED_ENGLISH,0.2679960401640503,0.37079474,0.10279870313543393
main,fpos,wf_embed_anchor_stack_xgboost,signal_embedding_stack,xgboost_default,PAIRED_ENGLISH::paired_english::m15_190315_142052_cell1::KiloSort2::48,PAIRED_ENGLISH::paired_english::m15_190315_142052_cell1,PAIRED_ENGLISH,0.8627861694595232,0.51193327,0.3508529023429766
main,fpos,wf_embed_anchor_stack_xgboost,signal_embedding_stack,xgboost_default,PAIRED_ENGLISH::paired_english::m15_190315_142052_cell1::MountainSort4::62,PAIRED_ENGLISH::paired_english::m15_190315_142052_cell1,PAIRED_ENGLISH,0.8769885383524361,0.6198458,0.2571427308000984
main,fpos,wf_embed_anchor_stack_xgboost,signal_embedding_stack,xgboost_default,PAIRED_ENGLISH::paired_english::m15_190315_142052_cell1::MountainSort4::64,PAIRED_ENGLISH::paired_english::m15_190315_142052_cell1,PAIRED_ENGLISH,0.14704761904761904,0.1694553,0.022407685694240398
main,fpos,wf_embed_anchor_stack_xgboost,signal_embedding_stack,xgboost_default,PAIRED_ENGLISH::paired_english::m15_190315_142052_cell1::SpykingCircus::22,PAIRED_ENGLISH::paired_english::m15_190315_142052_cell1,PAIRED_ENGLISH,0.23500526131182042,0.55190367,0.31689840375394496
main,fpos,wf_embed_anchor_stack_xgboost,signal_embedding_stack,xgboost_default,PAIRED_ENGLISH::paired_english::m15_190315_142052_cell1::SpykingCircus::57,PAIRED_ENGLISH::paired_english::m15_190315_142052_cell1,PAIRED_ENGLISH,0.6499202551834131,0.26707947,0.38284078264160404
main,fpos,wf_embed_anchor_stack_xgboost,signal_embedding_stack,xgboost_default,PAIRED_ENGLISH::paired_english::m15_190315_152315_cell1::IronClust::35,PAIRED_ENGLISH::paired_english::m15_190315_152315_cell1,PAIRED_ENGLISH,0.002592440987856461,0.05539097,0.052798527930943896
main,fpos,wf_embed_anchor_stack_xgboost,signal_embedding_stack,xgboost_default,PAIRED_ENGLISH::paired_english::m15_190315_152315_cell1::KiloSort::1,PAIRED_ENGLISH::paired_english::m15_190315_152315_cell1,PAIRED_ENGLISH,6.528267397832615e-05,0.061075974,0.06101069158182192
main,fpos,wf_embed_anchor_stack_xgboost,signal_embedding_stack,xgboost_default,PAIRED_ENGLISH::paired_english::m15_190315_152315_cell1::KiloSort2::37,PAIRED_ENGLISH::paired_english::m15_190315_152315_cell1,PAIRED_ENGLISH,0.00039059957034047265,0.07438266,0.07399206320279185
main,fpos,wf_embed_anchor_stack_xgboost,signal_embedding_stack,xgboost_default,PAIRED_ENGLISH::paired_english::m15_190315_152315_cell1::MountainSort4::72,PAIRED_ENGLISH::paired_english::m15_190315_152315_cell1,PAIRED_ENGLISH,0.052174468356855484,0.18666422,0.13448975531410398
main,fpos,wf_embed_anchor_stack_xgboost,signal_embedding_stack,xgboost_default,PAIRED_ENGLISH::paired_english::m15_190315_152315_cell1::SpykingCircus::46,PAIRED_ENGLISH::paired_english::m15_190315_152315_cell1,PAIRED_ENGLISH,0.010891280531030483,0.056059342,0.04516806134666841
main,fpos,wf_embed_anchor_stack_xgboost,signal_embedding_stack,xgboost_default,PAIRED_ENGLISH::paired_english::m15_190315_152315_cell1::Tridesclous::0,PAIRED_ENGLISH::paired_english::m15_190315_152315_cell1,PAIRED_ENGLISH,0.8482136225209834,0.47797433,0.37023929710251113
main,fpos,wf_embed_anchor_stack_xgboost,signal_embedding_stack,xgboost_default,PAIRED_ENGLISH::paired_english::m26_190524_100859_cell1::KiloSort::19,PAIRED_ENGLISH::paired_english::m26_190524_100859_cell1,PAIRED_ENGLISH,0.2440677966101695,0.16012232,0.08394547655420789
main,fpos,wf_embed_anchor_stack_xgboost,signal_embedding_stack,xgboost_default,PAIRED_ENGLISH::paired_english::m26_190524_100859_cell1::KiloSort::8,PAIRED_ENGLISH::paired_english::m26_190524_100859_cell1,PAIRED_ENGLISH,0.6505139500734214,0.2342297,0.4162842512962226
main,fpos,wf_embed_anchor_stack_xgboost,signal_embedding_stack,xgboost_default,PAIRED_ENGLISH::paired_english::m26_190524_100859_cell1::KiloSort2::0,PAIRED_ENGLISH::paired_english::m26_190524_100859_cell1,PAIRED_ENGLISH,0.38315988647114474,0.29598823,0.08717165457379061
main,fpos,wf_embed_anchor_stack_xgboost,signal_embedding_stack,xgboost_default,PAIRED_ENGLISH::paired_english::m57_191105_141906::IronClust::6,PAIRED_ENGLISH::paired_english::m57_191105_141906,PAIRED_ENGLISH,0.31826625386996904,0.22156349,0.09670276562495866
main,fpos,wf_embed_anchor_stack_xgboost,signal_embedding_stack,xgboost_default,PAIRED_ENGLISH::paired_english::m57_191105_141906::KiloSort::47,PAIRED_ENGLISH::paired_english::m57_191105_141906,PAIRED_ENGLISH,0.35376344086021505,0.24161701,0.11214643181652151
main,fpos,wf_embed_anchor_stack_xgboost,signal_embedding_stack,xgboost_default,PAIRED_ENGLISH::paired_english::m57_191105_141906::MountainSort4::21,PAIRED_ENGLISH::paired_english::m57_191105_141906,PAIRED_ENGLISH,0.3323335332933413,0.45546526,0.12313172387447485
main,fpos,wf_embed_anchor_stack_xgboost,signal_embedding_stack,xgboost_default,PAIRED_ENGLISH::paired_english::m57_191105_141906::MountainSort4::57,PAIRED_ENGLISH::paired_english::m57_191105_141906,PAIRED_ENGLISH,0.23853211009174313,0.29898813,0.060456023577156404
main,fpos,wf_embed_anchor_stack_xgboost,signal_embedding_stack,xgboost_default,PAIRED_ENGLISH::paired_english::m57_191105_141906::SpykingCircus::12,PAIRED_ENGLISH::paired_english::m57_191105_141906,PAIRED_ENGLISH,0.3535228677379481,0.2710363,0.08248657065504711
main,fpos,wf_embed_anchor_stack_xgboost,signal_embedding_stack,xgboost_default,PAIRED_ENGLISH::paired_english::m57_191105_141906::SpykingCircus::30,PAIRED_ENGLISH::paired_english::m57_191105_141906,PAIRED_ENGLISH,0.2040332147093713,0.16391368,0.04011953260621426
main,fpos,wf_embed_anchor_stack_xgboost,signal_embedding_stack,xgboost_default,PAIRED_ENGLISH::paired_english::m57_191105_160026::HerdingSpikes2::1,PAIRED_ENGLISH::paired_english::m57_191105_160026,PAIRED_ENGLISH,0.13630229419703105,0.191672,0.05536970311170003
main,fpos,wf_embed_anchor_stack_xgboost,signal_embedding_stack,xgboost_default,PAIRED_ENGLISH::paired_english::m57_191105_160026::IronClust::2,PAIRED_ENGLISH::paired_english::m57_191105_160026,PAIRED_ENGLISH,0.5044008124576845,0.20749587,0.29690494425166036
main,fpos,wf_embed_anchor_stack_xgboost,signal_embedding_stack,xgboost_default,PAIRED_ENGLISH::paired_english::m57_191105_160026::IronClust::3,PAIRED_ENGLISH::paired_english::m57_191105_160026,PAIRED_ENGLISH,0.05838815789473684,0.19262384,0.13423568088757365
main,fpos,wf_embed_anchor_stack_xgboost,signal_embedding_stack,xgboost_default,PAIRED_ENGLISH::paired_english::m57_191105_160026::KiloSort::127,PAIRED_ENGLISH::paired_english::m57_191105_160026,PAIRED_ENGLISH,0.5003422313483915,0.2655434,0.23479883010708902
main,fpos,wf_embed_anchor_stack_xgboost,signal_embedding_stack,xgboost_default,PAIRED_ENGLISH::paired_english::m57_191105_160026::KiloSort::6,PAIRED_ENGLISH::paired_english::m57_191105_160026,PAIRED_ENGLISH,0.02531645569620253,0.17328608,0.14796962466421007
main,fpos,wf_embed_anchor_stack_xgboost,signal_embedding_stack,xgboost_default,PAIRED_ENGLISH::paired_english::m57_191105_160026::MountainSort4::23,PAIRED_ENGLISH::paired_english::m57_191105_160026,PAIRED_ENGLISH,0.6737967914438503,0.15566988,0.518126908550288
main,fpos,wf_embed_anchor_stack_xgboost,signal_embedding_stack,xgboost_default,PAIRED_ENGLISH::paired_english::m57_191105_160026::MountainSort4::25,PAIRED_ENGLISH::paired_english::m57_191105_160026,PAIRED_ENGLISH,0.14568081991215226,0.23609307,0.09041225417117599
main,fpos,wf_embed_anchor_stack_xgboost,signal_embedding_stack,xgboost_default,PAIRED_ENGLISH::paired_english::m57_191105_160026::SpykingCircus::2,PAIRED_ENGLISH::paired_english::m57_191105_160026,PAIRED_ENGLISH,0.6860282574568289,0.48304224,0.20298601731400667
main,fpos,wf_embed_anchor_stack_xgboost,signal_embedding_stack,xgboost_default,PAIRED_ENGLISH::paired_english::m57_191105_160026::SpykingCircus::4,PAIRED_ENGLISH::paired_english::m57_191105_160026,PAIRED_ENGLISH,0.056790123456790124,0.2078334,0.15104327095143588
main,fpos,wf_embed_anchor_stack_xgboost,signal_embedding_stack,xgboost_default,PAIRED_ENGLISH::paired_english::m57_191105_160026::Tridesclous::0,PAIRED_ENGLISH::paired_english::m57_191105_160026,PAIRED_ENGLISH,0.8589226823012093,0.49103233,0.36789035011927873
main,fpos,wf_embed_anchor_stack_xgboost,signal_embedding_stack,xgboost_default,PAIRED_KAMPFF::paired_kampff::c14::HerdingSpikes2::6,PAIRED_KAMPFF::paired_kampff::c14,PAIRED_KAMPFF,0.25090444775484144,0.07458526,0.17631918879411757
main,fpos,wf_embed_anchor_stack_xgboost,signal_embedding_stack,xgboost_default,PAIRED_KAMPFF::paired_kampff::c14::IronClust::22,PAIRED_KAMPFF::paired_kampff::c14,PAIRED_KAMPFF,0.2240655987795576,0.08716187,0.1369037299689039
main,fpos,wf_embed_anchor_stack_xgboost,signal_embedding_stack,xgboost_default,PAIRED_KAMPFF::paired_kampff::c14::KiloSort2::37,PAIRED_KAMPFF::paired_kampff::c14,PAIRED_KAMPFF,0.23899885489939474,0.13377763,0.10522122159003042
main,fpos,wf_embed_anchor_stack_xgboost,signal_embedding_stack,xgboost_default,PAIRED_KAMPFF::paired_kampff::c14::MountainSort4::42,PAIRED_KAMPFF::paired_kampff::c14,PAIRED_KAMPFF,0.031842105263157894,0.03292626,0.0010841561618604167
main,fpos,wf_embed_anchor_stack_xgboost,signal_embedding_stack,xgboost_default,PAIRED_KAMPFF::paired_kampff::c14::SpykingCircus::14,PAIRED_KAMPFF::paired_kampff::c14,PAIRED_KAMPFF,0.0993841579953281,0.045914773,0.05346938509736934
main,fpos,wf_embed_anchor_stack_xgboost,signal_embedding_stack,xgboost_default,PAIRED_KAMPFF::paired_kampff::c14::Tridesclous::8,PAIRED_KAMPFF::paired_kampff::c14,PAIRED_KAMPFF,0.7298130782302221,0.45455307,0.27526001054604854
main,fpos,wf_embed_anchor_stack_xgboost,signal_embedding_stack,xgboost_default,PAIRED_MEA64C_YGER::paired_mea64c::20170622_patch1::HerdingSpikes2::19,PAIRED_MEA64C_YGER::paired_mea64c::20170622_patch1,PAIRED_MEA64C_YGER,0.3048016701461378,0.25085768,0.05394398911014231
main,fpos,wf_embed_anchor_stack_xgboost,signal_embedding_stack,xgboost_default,PAIRED_MEA64C_YGER::paired_mea64c::20170622_patch1::HerdingSpikes2::7,PAIRED_MEA64C_YGER::paired_mea64c::20170622_patch1,PAIRED_MEA64C_YGER,0.006430868167202572,0.025011836,0.018580967452604673
main,fpos,wf_embed_anchor_stack_xgboost,signal_embedding_stack,xgboost_default,PAIRED_MEA64C_YGER::paired_mea64c::20170622_patch1::IronClust::8,PAIRED_MEA64C_YGER::paired_mea64c::20170622_patch1,PAIRED_MEA64C_YGER,0.32512992968511156,0.15029222,0.17483771195363573
main,fpos,wf_embed_anchor_stack_xgboost,signal_embedding_stack,xgboost_default,PAIRED_MEA64C_YGER::paired_mea64c::20170622_patch1::KiloSort::64,PAIRED_MEA64C_YGER::paired_mea64c::20170622_patch1,PAIRED_MEA64C_YGER,0.00022805017103762827,0.015896818,0.015668767498234794
main,fpos,wf_embed_anchor_stack_xgboost,signal_embedding_stack,xgboost_default,PAIRED_MEA64C_YGER::paired_mea64c::20170622_patch1::KiloSort2::23,PAIRED_MEA64C_YGER::paired_mea64c::20170622_patch1,PAIRED_MEA64C_YGER,0.0,0.014870753,0.014870752580463886
main,fpos,wf_embed_anchor_stack_xgboost,signal_embedding_stack,xgboost_default,PAIRED_MEA64C_YGER::paired_mea64c::20170622_patch1::Klusta::4,PAIRED_MEA64C_YGER::paired_mea64c::20170622_patch1,PAIRED_MEA64C_YGER,0.0050424628450106155,0.021594942,0.016552478771047735
main,fpos,wf_embed_anchor_stack_xgboost,signal_embedding_stack,xgboost_default,PAIRED_MEA64C_YGER::paired_mea64c::20170622_patch1::MountainSort4::43,PAIRED_MEA64C_YGER::paired_mea64c::20170622_patch1,PAIRED_MEA64C_YGER,0.0040494938132733405,0.019905007,0.015855512699726196
main,fpos,wf_embed_anchor_stack_xgboost,signal_embedding_stack,xgboost_default,PAIRED_MEA64C_YGER::paired_mea64c::20170622_patch1::SpykingCircus::18,PAIRED_MEA64C_YGER::paired_mea64c::20170622_patch1,PAIRED_MEA64C_YGER,0.00022079929344226098,0.016414737,0.016193938035444725
main,fpos,wf_embed_anchor_stack_xgboost,signal_embedding_stack,xgboost_default,PAIRED_MEA64C_YGER::paired_mea64c::20170622_patch1::Tridesclous::12,PAIRED_MEA64C_YGER::paired_mea64c::20170622_patch1,PAIRED_MEA64C_YGER,0.013830024537140308,0.020641366,0.006811341482704701
main,fpos,wf_embed_anchor_stack_xgboost,signal_embedding_stack,xgboost_default,PAIRED_MEA64C_YGER::paired_mea64c::20170622_patch2::HerdingSpikes2::16,PAIRED_MEA64C_YGER::paired_mea64c::20170622_patch2,PAIRED_MEA64C_YGER,0.18683274021352314,0.09545776,0.09137497773374104
main,fpos,wf_embed_anchor_stack_xgboost,signal_embedding_stack,xgboost_default,PAIRED_MEA64C_YGER::paired_mea64c::20170622_patch2::HerdingSpikes2::44,PAIRED_MEA64C_YGER::paired_mea64c::20170622_patch2,PAIRED_MEA64C_YGER,0.4028520499108734,0.117586896,0.2852651540873947
main,fpos,wf_embed_anchor_stack_xgboost,signal_embedding_stack,xgboost_default,PAIRED_MEA64C_YGER::paired_mea64c::20170622_patch2::HerdingSpikes2::5,PAIRED_MEA64C_YGER::paired_mea64c::20170622_patch2,PAIRED_MEA64C_YGER,0.06115992970123023,0.0015093941,0.05965053555379689
main,fpos,wf_embed_anchor_stack_xgboost,signal_embedding_stack,xgboost_default,PAIRED_MEA64C_YGER::paired_mea64c::20170622_patch2::IronClust::11,PAIRED_MEA64C_YGER::paired_mea64c::20170622_patch2,PAIRED_MEA64C_YGER,0.061366806136680614,0.0011894851,0.06017732106079705
main,fpos,wf_embed_anchor_stack_xgboost,signal_embedding_stack,xgboost_default,PAIRED_MEA64C_YGER::paired_mea64c::20170622_patch2::JRClust::31,PAIRED_MEA64C_YGER::paired_mea64c::20170622_patch2,PAIRED_MEA64C_YGER,0.06118881118881119,0.0020947172,0.05909409395816339
main,fpos,wf_embed_anchor_stack_xgboost,signal_embedding_stack,xgboost_default,PAIRED_MEA64C_YGER::paired_mea64c::20170622_patch2::KiloSort::5,PAIRED_MEA64C_YGER::paired_mea64c::20170622_patch2,PAIRED_MEA64C_YGER,0.06143106457242583,0.0024785132,0.05895255140425478
main,fpos,wf_embed_anchor_stack_xgboost,signal_embedding_stack,xgboost_default,PAIRED_MEA64C_YGER::paired_mea64c::20170622_patch2::KiloSort2::33,PAIRED_MEA64C_YGER::paired_mea64c::20170622_patch2,PAIRED_MEA64C_YGER,0.061409630146545706,0.0030157908,0.058393839313385425
main,fpos,wf_embed_anchor_stack_xgboost,signal_embedding_stack,xgboost_default,PAIRED_MEA64C_YGER::paired_mea64c::20170622_patch2::Klusta::14,PAIRED_MEA64C_YGER::paired_mea64c::20170622_patch2,PAIRED_MEA64C_YGER,0.05860349127182045,0.00236607,0.0562374213346956
main,fpos,wf_embed_anchor_stack_xgboost,signal_embedding_stack,xgboost_default,PAIRED_MEA64C_YGER::paired_mea64c::20170622_patch2::MountainSort4::31,PAIRED_MEA64C_YGER::paired_mea64c::20170622_patch2,PAIRED_MEA64C_YGER,0.07713404182379156,0.0063726166,0.0707614251974693
main,fpos,wf_embed_anchor_stack_xgboost,signal_embedding_stack,xgboost_default,PAIRED_MEA64C_YGER::paired_mea64c::20170622_patch2::SpykingCircus::17,PAIRED_MEA64C_YGER::paired_mea64c::20170622_patch2,PAIRED_MEA64C_YGER,0.061366806136680614,0.002964903,0.05840190323465861
main,fpos,wf_embed_anchor_stack_xgboost,signal_embedding_stack,xgboost_default,PAIRED_MEA64C_YGER::paired_mea64c::20170622_patch2::Tridesclous::0,PAIRED_MEA64C_YGER::paired_mea64c::20170622_patch2,PAIRED_MEA64C_YGER,0.061366806136680614,0.0012134417,0.06015336441737957
main,fpos,acg_embed_anchor_stack_xgboost,signal_embedding_stack,xgboost_default,PAIRED_BOYDEN::paired_boyden32c::1103_1_1::IronClust::4,PAIRED_BOYDEN::paired_boyden32c::1103_1_1,PAIRED_BOYDEN,0.11363636363636363,0.16698384,0.05334747921336781
main,fpos,acg_embed_anchor_stack_xgboost,signal_embedding_stack,xgboost_default,PAIRED_BOYDEN::paired_boyden32c::1103_1_1::JRClust::18,PAIRED_BOYDEN::paired_boyden32c::1103_1_1,PAIRED_BOYDEN,0.26138147566718994,0.32534042,0.06395894434051574
main,fpos,acg_embed_anchor_stack_xgboost,signal_embedding_stack,xgboost_default,PAIRED_BOYDEN::paired_boyden32c::1103_1_1::KiloSort::111,PAIRED_BOYDEN::paired_boyden32c::1103_1_1,PAIRED_BOYDEN,0.11241007194244604,0.16912155,0.0567114765909936
main,fpos,acg_embed_anchor_stack_xgboost,signal_embedding_stack,xgboost_default,PAIRED_BOYDEN::paired_boyden32c::1103_1_1::KiloSort2::33,PAIRED_BOYDEN::paired_boyden32c::1103_1_1,PAIRED_BOYDEN,0.17066290550070523,0.21007498,0.039412070585911285
main,fpos,acg_embed_anchor_stack_xgboost,signal_embedding_stack,xgboost_default,PAIRED_BOYDEN::paired_boyden32c::1103_1_1::KiloSort2::55,PAIRED_BOYDEN::paired_boyden32c::1103_1_1,PAIRED_BOYDEN,0.3333333333333333,0.21720922,0.11612411340077716
main,fpos,acg_embed_anchor_stack_xgboost,signal_embedding_stack,xgboost_default,PAIRED_BOYDEN::paired_boyden32c::1103_1_1::KiloSort2::60,PAIRED_BOYDEN::paired_boyden32c::1103_1_1,PAIRED_BOYDEN,0.15878378378378377,0.11254366,0.04624012636171804
main,fpos,acg_embed_anchor_stack_xgboost,signal_embedding_stack,xgboost_default,PAIRED_BOYDEN::paired_boyden32c::1103_1_1::Klusta::12,PAIRED_BOYDEN::paired_boyden32c::1103_1_1,PAIRED_BOYDEN,0.156686626746507,0.2300295,0.07334286682382077
main,fpos,acg_embed_anchor_stack_xgboost,signal_embedding_stack,xgboost_default,PAIRED_BOYDEN::paired_boyden32c::1103_1_1::MountainSort4::26,PAIRED_BOYDEN::paired_boyden32c::1103_1_1,PAIRED_BOYDEN,0.30532212885154064,0.33229652,0.026974391620032234
main,fpos,acg_embed_anchor_stack_xgboost,signal_embedding_stack,xgboost_default,PAIRED_BOYDEN::paired_boyden32c::1103_1_1::SpykingCircus::27,PAIRED_BOYDEN::paired_boyden32c::1103_1_1,PAIRED_BOYDEN,0.12258064516129032,0.19091032,0.06832967929301724
main,fpos,acg_embed_anchor_stack_xgboost,signal_embedding_stack,xgboost_default,PAIRED_BOYDEN::paired_boyden32c::1103_1_1::Tridesclous::3,PAIRED_BOYDEN::paired_boyden32c::1103_1_1,PAIRED_BOYDEN,0.2613268608414239,0.31447503,0.05314816886553103
main,fpos,acg_embed_anchor_stack_xgboost,signal_embedding_stack,xgboost_default,PAIRED_BOYDEN::paired_boyden32c::419_1_8::IronClust::14,PAIRED_BOYDEN::paired_boyden32c::419_1_8,PAIRED_BOYDEN,0.0663265306122449,0.042583555,0.023742975629105864
main,fpos,acg_embed_anchor_stack_xgboost,signal_embedding_stack,xgboost_default,PAIRED_BOYDEN::paired_boyden32c::419_1_8::IronClust::4,PAIRED_BOYDEN::paired_boyden32c::419_1_8,PAIRED_BOYDEN,0.05829903978052126,0.06949101,0.011191966653442513
main,fpos,acg_embed_anchor_stack_xgboost,signal_embedding_stack,xgboost_default,PAIRED_BOYDEN::paired_boyden32c::419_1_8::JRClust::24,PAIRED_BOYDEN::paired_boyden32c::419_1_8,PAIRED_BOYDEN,0.08062093139709564,0.030274697,0.05034623474897476
main,fpos,acg_embed_anchor_stack_xgboost,signal_embedding_stack,xgboost_default,PAIRED_BOYDEN::paired_boyden32c::419_1_8::JRClust::8,PAIRED_BOYDEN::paired_boyden32c::419_1_8,PAIRED_BOYDEN,0.03907637655417407,0.04501662,0.005940243753986711
main,fpos,acg_embed_anchor_stack_xgboost,signal_embedding_stack,xgboost_default,PAIRED_BOYDEN::paired_boyden32c::419_1_8::KiloSort::17,PAIRED_BOYDEN::paired_boyden32c::419_1_8,PAIRED_BOYDEN,0.06424161521775405,0.023362245,0.04087936980707328
main,fpos,acg_embed_anchor_stack_xgboost,signal_embedding_stack,xgboost_default,PAIRED_BOYDEN::paired_boyden32c::419_1_8::KiloSort2::27,PAIRED_BOYDEN::paired_boyden32c::419_1_8,PAIRED_BOYDEN,0.1342059838895282,0.057324283,0.07688170106453507
main,fpos,acg_embed_anchor_stack_xgboost,signal_embedding_stack,xgboost_default,PAIRED_BOYDEN::paired_boyden32c::419_1_8::KiloSort2::46,PAIRED_BOYDEN::paired_boyden32c::419_1_8,PAIRED_BOYDEN,0.02341480088873697,0.017837632,0.0055771684412558135
main,fpos,acg_embed_anchor_stack_xgboost,signal_embedding_stack,xgboost_default,PAIRED_BOYDEN::paired_boyden32c::419_1_8::MountainSort4::42,PAIRED_BOYDEN::paired_boyden32c::419_1_8,PAIRED_BOYDEN,0.16482219271063892,0.111665726,0.0531564670026311
main,fpos,acg_embed_anchor_stack_xgboost,signal_embedding_stack,xgboost_default,PAIRED_BOYDEN::paired_boyden32c::419_1_8::SpykingCircus::24,PAIRED_BOYDEN::paired_boyden32c::419_1_8,PAIRED_BOYDEN,0.24721080446271285,0.14649929,0.1007115134003578
main,fpos,acg_embed_anchor_stack_xgboost,signal_embedding_stack,xgboost_default,PAIRED_BOYDEN::paired_boyden32c::419_1_8::SpykingCircus::28,PAIRED_BOYDEN::paired_boyden32c::419_1_8,PAIRED_BOYDEN,0.029543112332531776,0.013688313,0.015854799489089813
main,fpos,acg_embed_anchor_stack_xgboost,signal_embedding_stack,xgboost_default,PAIRED_BOYDEN::paired_boyden32c::419_1_8::Tridesclous::0,PAIRED_BOYDEN::paired_boyden32c::419_1_8,PAIRED_BOYDEN,0.15585806056898133,0.13286652,0.02299154385965363
main,fpos,acg_embed_anchor_stack_xgboost,signal_embedding_stack,xgboost_default,PAIRED_CRCNS_HC1::paired_crcns::d11221_d11221.001::SpykingCircus::6,PAIRED_CRCNS_HC1::paired_crcns::d11221_d11221.001,PAIRED_CRCNS_HC1,0.8835978835978836,0.3532676,0.530330273524794
main,fpos,acg_embed_anchor_stack_xgboost,signal_embedding_stack,xgboost_default,PAIRED_CRCNS_HC1::paired_crcns::d11222_d11222.002::IronClust::2,PAIRED_CRCNS_HC1::paired_crcns::d11222_d11222.002,PAIRED_CRCNS_HC1,0.04466019417475728,0.20355453,0.15889433179665538
main,fpos,acg_embed_anchor_stack_xgboost,signal_embedding_stack,xgboost_default,PAIRED_CRCNS_HC1::paired_crcns::d11222_d11222.002::JRClust::3,PAIRED_CRCNS_HC1::paired_crcns::d11222_d11222.002,PAIRED_CRCNS_HC1,0.039337474120082816,0.06233633,0.02299885525065426
main,fpos,acg_embed_anchor_stack_xgboost,signal_embedding_stack,xgboost_default,PAIRED_CRCNS_HC1::paired_crcns::d11222_d11222.002::KiloSort::1,PAIRED_CRCNS_HC1::paired_crcns::d11222_d11222.002,PAIRED_CRCNS_HC1,0.03337783711615487,0.08936964,0.05599180263814048
main,fpos,acg_embed_anchor_stack_xgboost,signal_embedding_stack,xgboost_default,PAIRED_CRCNS_HC1::paired_crcns::d11222_d11222.002::KiloSort2::10,PAIRED_CRCNS_HC1::paired_crcns::d11222_d11222.002,PAIRED_CRCNS_HC1,0.550417469492614,0.06757144,0.48284603064364173
main,fpos,acg_embed_anchor_stack_xgboost,signal_embedding_stack,xgboost_default,PAIRED_CRCNS_HC1::paired_crcns::d11222_d11222.002::Klusta::2,PAIRED_CRCNS_HC1::paired_crcns::d11222_d11222.002,PAIRED_CRCNS_HC1,0.008777852802160702,0.06873416,0.05995630875360636
main,fpos,acg_embed_anchor_stack_xgboost,signal_embedding_stack,xgboost_default,PAIRED_CRCNS_HC1::paired_crcns::d11222_d11222.002::MountainSort4::4,PAIRED_CRCNS_HC1::paired_crcns::d11222_d11222.002,PAIRED_CRCNS_HC1,0.360427807486631,0.29722297,0.06320483557043227
main,fpos,acg_embed_anchor_stack_xgboost,signal_embedding_stack,xgboost_default,PAIRED_CRCNS_HC1::paired_crcns::d11222_d11222.002::SpykingCircus::4,PAIRED_CRCNS_HC1::paired_crcns::d11222_d11222.002,PAIRED_CRCNS_HC1,0.11986754966887417,0.07811745,0.04175009710701885
main,fpos,acg_embed_anchor_stack_xgboost,signal_embedding_stack,xgboost_default,PAIRED_CRCNS_HC1::paired_crcns::d11222_d11222.002::Tridesclous::0,PAIRED_CRCNS_HC1::paired_crcns::d11222_d11222.002,PAIRED_CRCNS_HC1,0.021164021164021163,0.08616018,0.0649961617888597
main,fpos,acg_embed_anchor_stack_xgboost,signal_embedding_stack,xgboost_default,PAIRED_ENGLISH::paired_english::m139_200114_191955::KiloSort2::25,PAIRED_ENGLISH::paired_english::m139_200114_191955,PAIRED_ENGLISH,0.7302739726027397,0.35862747,0.3716465042551903
main,fpos,acg_embed_anchor_stack_xgboost,signal_embedding_stack,xgboost_default,PAIRED_ENGLISH::paired_english::m139_200114_191955::MountainSort4::36,PAIRED_ENGLISH::paired_english::m139_200114_191955,PAIRED_ENGLISH,0.8735255086994986,0.65594697,0.21757853871353672
main,fpos,acg_embed_anchor_stack_xgboost,signal_embedding_stack,xgboost_default,PAIRED_ENGLISH::paired_english::m139_200114_191955::SpykingCircus::42,PAIRED_ENGLISH::paired_english::m139_200114_191955,PAIRED_ENGLISH,0.5584045584045584,0.33940655,0.21899800847398587
main,fpos,acg_embed_anchor_stack_xgboost,signal_embedding_stack,xgboost_default,PAIRED_ENGLISH::paired_english::m139_200114_222743::HerdingSpikes2::5,PAIRED_ENGLISH::paired_english::m139_200114_222743,PAIRED_ENGLISH,0.03257707969749855,0.13648537,0.10390828831588342
main,fpos,acg_embed_anchor_stack_xgboost,signal_embedding_stack,xgboost_default,PAIRED_ENGLISH::paired_english::m139_200114_222743::IronClust::17,PAIRED_ENGLISH::paired_english::m139_200114_222743,PAIRED_ENGLISH,0.02675196277987787,0.10714171,0.080389748037936
main,fpos,acg_embed_anchor_stack_xgboost,signal_embedding_stack,xgboost_default,PAIRED_ENGLISH::paired_english::m139_200114_222743::KiloSort::88,PAIRED_ENGLISH::paired_english::m139_200114_222743,PAIRED_ENGLISH,0.015151515151515152,0.11796456,0.10281304315184102
main,fpos,acg_embed_anchor_stack_xgboost,signal_embedding_stack,xgboost_default,PAIRED_ENGLISH::paired_english::m139_200114_222743::KiloSort2::26,PAIRED_ENGLISH::paired_english::m139_200114_222743,PAIRED_ENGLISH,0.028645087367516472,0.12907451,0.10042942654468445
main,fpos,acg_embed_anchor_stack_xgboost,signal_embedding_stack,xgboost_default,PAIRED_ENGLISH::paired_english::m139_200114_222743::MountainSort4::46,PAIRED_ENGLISH::paired_english::m139_200114_222743,PAIRED_ENGLISH,0.039886039886039885,0.3273038,0.28741775712056716
main,fpos,acg_embed_anchor_stack_xgboost,signal_embedding_stack,xgboost_default,PAIRED_ENGLISH::paired_english::m139_200114_222743::SpykingCircus::44,PAIRED_ENGLISH::paired_english::m139_200114_222743,PAIRED_ENGLISH,0.028064146620847653,0.09462634,0.06656219066896253
main,fpos,acg_embed_anchor_stack_xgboost,signal_embedding_stack,xgboost_default,PAIRED_ENGLISH::paired_english::m139_200114_222743::Tridesclous::1,PAIRED_ENGLISH::paired_english::m139_200114_222743,PAIRED_ENGLISH,0.3089646722483153,0.280249,0.02871567265267322
main,fpos,acg_embed_anchor_stack_xgboost,signal_embedding_stack,xgboost_default,PAIRED_ENGLISH::paired_english::m14_190326_155432::IronClust::22,PAIRED_ENGLISH::paired_english::m14_190326_155432,PAIRED_ENGLISH,0.0481651376146789,0.053906485,0.005741347823667961
main,fpos,acg_embed_anchor_stack_xgboost,signal_embedding_stack,xgboost_default,PAIRED_ENGLISH::paired_english::m14_190326_155432::MountainSort4::33,PAIRED_ENGLISH::paired_english::m14_190326_155432,PAIRED_ENGLISH,0.1981651376146789,0.29722,0.09905485406928105
main,fpos,acg_embed_anchor_stack_xgboost,signal_embedding_stack,xgboost_default,PAIRED_ENGLISH::paired_english::m14_190326_155432::SpykingCircus::38,PAIRED_ENGLISH::paired_english::m14_190326_155432,PAIRED_ENGLISH,0.013363028953229399,0.04702791,0.03366487931236127
main,fpos,acg_embed_anchor_stack_xgboost,signal_embedding_stack,xgboost_default,PAIRED_ENGLISH::paired_english::m15_190315_142052_cell1::IronClust::40,PAIRED_ENGLISH::paired_english::m15_190315_142052_cell1,PAIRED_ENGLISH,0.2679960401640503,0.27571025,0.007714214743557712
main,fpos,acg_embed_anchor_stack_xgboost,signal_embedding_stack,xgboost_default,PAIRED_ENGLISH::paired_english::m15_190315_142052_cell1::KiloSort2::48,PAIRED_ENGLISH::paired_english::m15_190315_142052_cell1,PAIRED_ENGLISH,0.8627861694595232,0.4473471,0.4154390649101153
main,fpos,acg_embed_anchor_stack_xgboost,signal_embedding_stack,xgboost_default,PAIRED_ENGLISH::paired_english::m15_190315_142052_cell1::MountainSort4::62,PAIRED_ENGLISH::paired_english::m15_190315_142052_cell1,PAIRED_ENGLISH,0.8769885383524361,0.549546,0.32744253501076126
main,fpos,acg_embed_anchor_stack_xgboost,signal_embedding_stack,xgboost_default,PAIRED_ENGLISH::paired_english::m15_190315_142052_cell1::MountainSort4::64,PAIRED_ENGLISH::paired_english::m15_190315_142052_cell1,PAIRED_ENGLISH,0.14704761904761904,0.18618062,0.0391330023379553
main,fpos,acg_embed_anchor_stack_xgboost,signal_embedding_stack,xgboost_default,PAIRED_ENGLISH::paired_english::m15_190315_142052_cell1::SpykingCircus::22,PAIRED_ENGLISH::paired_english::m15_190315_142052_cell1,PAIRED_ENGLISH,0.23500526131182042,0.47646174,0.24145647703618678
main,fpos,acg_embed_anchor_stack_xgboost,signal_embedding_stack,xgboost_default,PAIRED_ENGLISH::paired_english::m15_190315_142052_cell1::SpykingCircus::57,PAIRED_ENGLISH::paired_english::m15_190315_142052_cell1,PAIRED_ENGLISH,0.6499202551834131,0.23123519,0.41868506395740757
main,fpos,acg_embed_anchor_stack_xgboost,signal_embedding_stack,xgboost_default,PAIRED_ENGLISH::paired_english::m15_190315_152315_cell1::IronClust::35,PAIRED_ENGLISH::paired_english::m15_190315_152315_cell1,PAIRED_ENGLISH,0.002592440987856461,0.05110432,0.048511877362697055
main,fpos,acg_embed_anchor_stack_xgboost,signal_embedding_stack,xgboost_default,PAIRED_ENGLISH::paired_english::m15_190315_152315_cell1::KiloSort::1,PAIRED_ENGLISH::paired_english::m15_190315_152315_cell1,PAIRED_ENGLISH,6.528267397832615e-05,0.061000492,0.06093520974979449
main,fpos,acg_embed_anchor_stack_xgboost,signal_embedding_stack,xgboost_default,PAIRED_ENGLISH::paired_english::m15_190315_152315_cell1::KiloSort2::37,PAIRED_ENGLISH::paired_english::m15_190315_152315_cell1,PAIRED_ENGLISH,0.00039059957034047265,0.06429483,0.06390423039429728
main,fpos,acg_embed_anchor_stack_xgboost,signal_embedding_stack,xgboost_default,PAIRED_ENGLISH::paired_english::m15_190315_152315_cell1::MountainSort4::72,PAIRED_ENGLISH::paired_english::m15_190315_152315_cell1,PAIRED_ENGLISH,0.052174468356855484,0.21616003,0.16398556081604185
main,fpos,acg_embed_anchor_stack_xgboost,signal_embedding_stack,xgboost_default,PAIRED_ENGLISH::paired_english::m15_190315_152315_cell1::SpykingCircus::46,PAIRED_ENGLISH::paired_english::m15_190315_152315_cell1,PAIRED_ENGLISH,0.010891280531030483,0.066528596,0.0556373154529516
main,fpos,acg_embed_anchor_stack_xgboost,signal_embedding_stack,xgboost_default,PAIRED_ENGLISH::paired_english::m15_190315_152315_cell1::Tridesclous::0,PAIRED_ENGLISH::paired_english::m15_190315_152315_cell1,PAIRED_ENGLISH,0.8482136225209834,0.35019192,0.49802170152527114
main,fpos,acg_embed_anchor_stack_xgboost,signal_embedding_stack,xgboost_default,PAIRED_ENGLISH::paired_english::m26_190524_100859_cell1::KiloSort::19,PAIRED_ENGLISH::paired_english::m26_190524_100859_cell1,PAIRED_ENGLISH,0.2440677966101695,0.14606866,0.09799913420515546
main,fpos,acg_embed_anchor_stack_xgboost,signal_embedding_stack,xgboost_default,PAIRED_ENGLISH::paired_english::m26_190524_100859_cell1::KiloSort::8,PAIRED_ENGLISH::paired_english::m26_190524_100859_cell1,PAIRED_ENGLISH,0.6505139500734214,0.20457457,0.4459393800136451
main,fpos,acg_embed_anchor_stack_xgboost,signal_embedding_stack,xgboost_default,PAIRED_ENGLISH::paired_english::m26_190524_100859_cell1::KiloSort2::0,PAIRED_ENGLISH::paired_english::m26_190524_100859_cell1,PAIRED_ENGLISH,0.38315988647114474,0.28584978,0.09731010662686068
main,fpos,acg_embed_anchor_stack_xgboost,signal_embedding_stack,xgboost_default,PAIRED_ENGLISH::paired_english::m57_191105_141906::IronClust::6,PAIRED_ENGLISH::paired_english::m57_191105_141906,PAIRED_ENGLISH,0.31826625386996904,0.32008845,0.0018221922703202664
main,fpos,acg_embed_anchor_stack_xgboost,signal_embedding_stack,xgboost_default,PAIRED_ENGLISH::paired_english::m57_191105_141906::KiloSort::47,PAIRED_ENGLISH::paired_english::m57_191105_141906,PAIRED_ENGLISH,0.35376344086021505,0.30412447,0.04963896633476339
main,fpos,acg_embed_anchor_stack_xgboost,signal_embedding_stack,xgboost_default,PAIRED_ENGLISH::paired_english::m57_191105_141906::MountainSort4::21,PAIRED_ENGLISH::paired_english::m57_191105_141906,PAIRED_ENGLISH,0.3323335332933413,0.525876,0.1935424523290647
main,fpos,acg_embed_anchor_stack_xgboost,signal_embedding_stack,xgboost_default,PAIRED_ENGLISH::paired_english::m57_191105_141906::MountainSort4::57,PAIRED_ENGLISH::paired_english::m57_191105_141906,PAIRED_ENGLISH,0.23853211009174313,0.3335283,0.09499619996875797
main,fpos,acg_embed_anchor_stack_xgboost,signal_embedding_stack,xgboost_default,PAIRED_ENGLISH::paired_english::m57_191105_141906::SpykingCircus::12,PAIRED_ENGLISH::paired_english::m57_191105_141906,PAIRED_ENGLISH,0.3535228677379481,0.29851362,0.05500924664610546
main,fpos,acg_embed_anchor_stack_xgboost,signal_embedding_stack,xgboost_default,PAIRED_ENGLISH::paired_english::m57_191105_141906::SpykingCircus::30,PAIRED_ENGLISH::paired_english::m57_191105_141906,PAIRED_ENGLISH,0.2040332147093713,0.19278714,0.01124607410153744
main,fpos,acg_embed_anchor_stack_xgboost,signal_embedding_stack,xgboost_default,PAIRED_ENGLISH::paired_english::m57_191105_160026::HerdingSpikes2::1,PAIRED_ENGLISH::paired_english::m57_191105_160026,PAIRED_ENGLISH,0.13630229419703105,0.22787179,0.09156949633126638
main,fpos,acg_embed_anchor_stack_xgboost,signal_embedding_stack,xgboost_default,PAIRED_ENGLISH::paired_english::m57_191105_160026::IronClust::2,PAIRED_ENGLISH::paired_english::m57_191105_160026,PAIRED_ENGLISH,0.5044008124576845,0.20824334,0.2961574722038546
main,fpos,acg_embed_anchor_stack_xgboost,signal_embedding_stack,xgboost_default,PAIRED_ENGLISH::paired_english::m57_191105_160026::IronClust::3,PAIRED_ENGLISH::paired_english::m57_191105_160026,PAIRED_ENGLISH,0.05838815789473684,0.24747656,0.18908840496289103
main,fpos,acg_embed_anchor_stack_xgboost,signal_embedding_stack,xgboost_default,PAIRED_ENGLISH::paired_english::m57_191105_160026::KiloSort::127,PAIRED_ENGLISH::paired_english::m57_191105_160026,PAIRED_ENGLISH,0.5003422313483915,0.29131427,0.2090279572757444
main,fpos,acg_embed_anchor_stack_xgboost,signal_embedding_stack,xgboost_default,PAIRED_ENGLISH::paired_english::m57_191105_160026::KiloSort::6,PAIRED_ENGLISH::paired_english::m57_191105_160026,PAIRED_ENGLISH,0.02531645569620253,0.21046318,0.1851467254418361
main,fpos,acg_embed_anchor_stack_xgboost,signal_embedding_stack,xgboost_default,PAIRED_ENGLISH::paired_english::m57_191105_160026::MountainSort4::23,PAIRED_ENGLISH::paired_english::m57_191105_160026,PAIRED_ENGLISH,0.6737967914438503,0.17567416,0.4981226360893505
main,fpos,acg_embed_anchor_stack_xgboost,signal_embedding_stack,xgboost_default,PAIRED_ENGLISH::paired_english::m57_191105_160026::MountainSort4::25,PAIRED_ENGLISH::paired_english::m57_191105_160026,PAIRED_ENGLISH,0.14568081991215226,0.30273038,0.1570495615766478
main,fpos,acg_embed_anchor_stack_xgboost,signal_embedding_stack,xgboost_default,PAIRED_ENGLISH::paired_english::m57_191105_160026::SpykingCircus::2,PAIRED_ENGLISH::paired_english::m57_191105_160026,PAIRED_ENGLISH,0.6860282574568289,0.45147648,0.2345517729197043
main,fpos,acg_embed_anchor_stack_xgboost,signal_embedding_stack,xgboost_default,PAIRED_ENGLISH::paired_english::m57_191105_160026::SpykingCircus::4,PAIRED_ENGLISH::paired_english::m57_191105_160026,PAIRED_ENGLISH,0.056790123456790124,0.25050065,0.19371052575700076
main,fpos,acg_embed_anchor_stack_xgboost,signal_embedding_stack,xgboost_default,PAIRED_ENGLISH::paired_english::m57_191105_160026::Tridesclous::0,PAIRED_ENGLISH::paired_english::m57_191105_160026,PAIRED_ENGLISH,0.8589226823012093,0.4905761,0.36834659387271196
main,fpos,acg_embed_anchor_stack_xgboost,signal_embedding_stack,xgboost_default,PAIRED_KAMPFF::paired_kampff::c14::HerdingSpikes2::6,PAIRED_KAMPFF::paired_kampff::c14,PAIRED_KAMPFF,0.25090444775484144,0.094346225,0.1565582224931532
main,fpos,acg_embed_anchor_stack_xgboost,signal_embedding_stack,xgboost_default,PAIRED_KAMPFF::paired_kampff::c14::IronClust::22,PAIRED_KAMPFF::paired_kampff::c14,PAIRED_KAMPFF,0.2240655987795576,0.07435243,0.14971317046248758
main,fpos,acg_embed_anchor_stack_xgboost,signal_embedding_stack,xgboost_default,PAIRED_KAMPFF::paired_kampff::c14::KiloSort2::37,PAIRED_KAMPFF::paired_kampff::c14,PAIRED_KAMPFF,0.23899885489939474,0.123518884,0.11547997071741842
main,fpos,acg_embed_anchor_stack_xgboost,signal_embedding_stack,xgboost_default,PAIRED_KAMPFF::paired_kampff::c14::MountainSort4::42,PAIRED_KAMPFF::paired_kampff::c14,PAIRED_KAMPFF,0.031842105263157894,0.0315812,0.00026090460388283887
main,fpos,acg_embed_anchor_stack_xgboost,signal_embedding_stack,xgboost_default,PAIRED_KAMPFF::paired_kampff::c14::SpykingCircus::14,PAIRED_KAMPFF::paired_kampff::c14,PAIRED_KAMPFF,0.0993841579953281,0.06111865,0.03826550681386867
main,fpos,acg_embed_anchor_stack_xgboost,signal_embedding_stack,xgboost_default,PAIRED_KAMPFF::paired_kampff::c14::Tridesclous::8,PAIRED_KAMPFF::paired_kampff::c14,PAIRED_KAMPFF,0.7298130782302221,0.50805503,0.22175804693063106
main,fpos,acg_embed_anchor_stack_xgboost,signal_embedding_stack,xgboost_default,PAIRED_MEA64C_YGER::paired_mea64c::20170622_patch1::HerdingSpikes2::19,PAIRED_MEA64C_YGER::paired_mea64c::20170622_patch1,PAIRED_MEA64C_YGER,0.3048016701461378,0.20903383,0.09576783819213541
main,fpos,acg_embed_anchor_stack_xgboost,signal_embedding_stack,xgboost_default,PAIRED_MEA64C_YGER::paired_mea64c::20170622_patch1::HerdingSpikes2::7,PAIRED_MEA64C_YGER::paired_mea64c::20170622_patch1,PAIRED_MEA64C_YGER,0.006430868167202572,0.021275457,0.014844588827569385
main,fpos,acg_embed_anchor_stack_xgboost,signal_embedding_stack,xgboost_default,PAIRED_MEA64C_YGER::paired_mea64c::20170622_patch1::IronClust::8,PAIRED_MEA64C_YGER::paired_mea64c::20170622_patch1,PAIRED_MEA64C_YGER,0.32512992968511156,0.12172387,0.20340606173228792
main,fpos,acg_embed_anchor_stack_xgboost,signal_embedding_stack,xgboost_default,PAIRED_MEA64C_YGER::paired_mea64c::20170622_patch1::KiloSort::64,PAIRED_MEA64C_YGER::paired_mea64c::20170622_patch1,PAIRED_MEA64C_YGER,0.00022805017103762827,0.014095379,0.013867328868607566
main,fpos,acg_embed_anchor_stack_xgboost,signal_embedding_stack,xgboost_default,PAIRED_MEA64C_YGER::paired_mea64c::20170622_patch1::KiloSort2::23,PAIRED_MEA64C_YGER::paired_mea64c::20170622_patch1,PAIRED_MEA64C_YGER,0.0,0.014653345,0.014653344638645649
main,fpos,acg_embed_anchor_stack_xgboost,signal_embedding_stack,xgboost_default,PAIRED_MEA64C_YGER::paired_mea64c::20170622_patch1::Klusta::4,PAIRED_MEA64C_YGER::paired_mea64c::20170622_patch1,PAIRED_MEA64C_YGER,0.0050424628450106155,0.021507438,0.016464975427227163
main,fpos,acg_embed_anchor_stack_xgboost,signal_embedding_stack,xgboost_default,PAIRED_MEA64C_YGER::paired_mea64c::20170622_patch1::MountainSort4::43,PAIRED_MEA64C_YGER::paired_mea64c::20170622_patch1,PAIRED_MEA64C_YGER,0.0040494938132733405,0.019495917,0.015446423670890897
main,fpos,acg_embed_anchor_stack_xgboost,signal_embedding_stack,xgboost_default,PAIRED_MEA64C_YGER::paired_mea64c::20170622_patch1::SpykingCircus::18,PAIRED_MEA64C_YGER::paired_mea64c::20170622_patch1,PAIRED_MEA64C_YGER,0.00022079929344226098,0.012691397,0.012470597926454056
main,fpos,acg_embed_anchor_stack_xgboost,signal_embedding_stack,xgboost_default,PAIRED_MEA64C_YGER::paired_mea64c::20170622_patch1::Tridesclous::12,PAIRED_MEA64C_YGER::paired_mea64c::20170622_patch1,PAIRED_MEA64C_YGER,0.013830024537140308,0.024127739,0.010297714013165059
main,fpos,acg_embed_anchor_stack_xgboost,signal_embedding_stack,xgboost_default,PAIRED_MEA64C_YGER::paired_mea64c::20170622_patch2::HerdingSpikes2::16,PAIRED_MEA64C_YGER::paired_mea64c::20170622_patch2,PAIRED_MEA64C_YGER,0.18683274021352314,0.05213599,0.13469675114358448
main,fpos,acg_embed_anchor_stack_xgboost,signal_embedding_stack,xgboost_default,PAIRED_MEA64C_YGER::paired_mea64c::20170622_patch2::HerdingSpikes2::44,PAIRED_MEA64C_YGER::paired_mea64c::20170622_patch2,PAIRED_MEA64C_YGER,0.4028520499108734,0.081916645,0.3209354047416153
main,fpos,acg_embed_anchor_stack_xgboost,signal_embedding_stack,xgboost_default,PAIRED_MEA64C_YGER::paired_mea64c::20170622_patch2::HerdingSpikes2::5,PAIRED_MEA64C_YGER::paired_mea64c::20170622_patch2,PAIRED_MEA64C_YGER,0.06115992970123023,0.0017727552,0.05938717452633262
main,fpos,acg_embed_anchor_stack_xgboost,signal_embedding_stack,xgboost_default,PAIRED_MEA64C_YGER::paired_mea64c::20170622_patch2::IronClust::11,PAIRED_MEA64C_YGER::paired_mea64c::20170622_patch2,PAIRED_MEA64C_YGER,0.061366806136680614,0.0015368338,0.059829972315816056
main,fpos,acg_embed_anchor_stack_xgboost,signal_embedding_stack,xgboost_default,PAIRED_MEA64C_YGER::paired_mea64c::20170622_patch2::JRClust::31,PAIRED_MEA64C_YGER::paired_mea64c::20170622_patch2,PAIRED_MEA64C_YGER,0.06118881118881119,0.0022394655,0.05894934570814086
main,fpos,acg_embed_anchor_stack_xgboost,signal_embedding_stack,xgboost_default,PAIRED_MEA64C_YGER::paired_mea64c::20170622_patch2::KiloSort::5,PAIRED_MEA64C_YGER::paired_mea64c::20170622_patch2,PAIRED_MEA64C_YGER,0.06143106457242583,0.0029815019,0.058449562708156454
main,fpos,acg_embed_anchor_stack_xgboost,signal_embedding_stack,xgboost_default,PAIRED_MEA64C_YGER::paired_mea64c::20170622_patch2::KiloSort2::33,PAIRED_MEA64C_YGER::paired_mea64c::20170622_patch2,PAIRED_MEA64C_YGER,0.061409630146545706,0.00254603,0.05886360004983598
main,fpos,acg_embed_anchor_stack_xgboost,signal_embedding_stack,xgboost_default,PAIRED_MEA64C_YGER::paired_mea64c::20170622_patch2::Klusta::14,PAIRED_MEA64C_YGER::paired_mea64c::20170622_patch2,PAIRED_MEA64C_YGER,0.05860349127182045,0.0025893939,0.05601409739905276
main,fpos,acg_embed_anchor_stack_xgboost,signal_embedding_stack,xgboost_default,PAIRED_MEA64C_YGER::paired_mea64c::20170622_patch2::MountainSort4::31,PAIRED_MEA64C_YGER::paired_mea64c::20170622_patch2,PAIRED_MEA64C_YGER,0.07713404182379156,0.0075449627,0.06958907913451105
main,fpos,acg_embed_anchor_stack_xgboost,signal_embedding_stack,xgboost_default,PAIRED_MEA64C_YGER::paired_mea64c::20170622_patch2::SpykingCircus::17,PAIRED_MEA64C_YGER::paired_mea64c::20170622_patch2,PAIRED_MEA64C_YGER,0.061366806136680614,0.0028811658,0.05848564030998744
main,fpos,acg_embed_anchor_stack_xgboost,signal_embedding_stack,xgboost_default,PAIRED_MEA64C_YGER::paired_mea64c::20170622_patch2::Tridesclous::0,PAIRED_MEA64C_YGER::paired_mea64c::20170622_patch2,PAIRED_MEA64C_YGER,0.061366806136680614,0.0015892152,0.05977759089251406
main,fpos,wf_acg_embed_anchor_stack_xgboost,signal_embedding_stack,xgboost_default,PAIRED_BOYDEN::paired_boyden32c::1103_1_1::IronClust::4,PAIRED_BOYDEN::paired_boyden32c::1103_1_1,PAIRED_BOYDEN,0.11363636363636363,0.13491859,0.021282221783291214
main,fpos,wf_acg_embed_anchor_stack_xgboost,signal_embedding_stack,xgboost_default,PAIRED_BOYDEN::paired_boyden32c::1103_1_1::JRClust::18,PAIRED_BOYDEN::paired_boyden32c::1103_1_1,PAIRED_BOYDEN,0.26138147566718994,0.30640605,0.045024575253296506
main,fpos,wf_acg_embed_anchor_stack_xgboost,signal_embedding_stack,xgboost_default,PAIRED_BOYDEN::paired_boyden32c::1103_1_1::KiloSort::111,PAIRED_BOYDEN::paired_boyden32c::1103_1_1,PAIRED_BOYDEN,0.11241007194244604,0.1510701,0.03866003110683222
main,fpos,wf_acg_embed_anchor_stack_xgboost,signal_embedding_stack,xgboost_default,PAIRED_BOYDEN::paired_boyden32c::1103_1_1::KiloSort2::33,PAIRED_BOYDEN::paired_boyden32c::1103_1_1,PAIRED_BOYDEN,0.17066290550070523,0.17961465,0.008951742722218048
main,fpos,wf_acg_embed_anchor_stack_xgboost,signal_embedding_stack,xgboost_default,PAIRED_BOYDEN::paired_boyden32c::1103_1_1::KiloSort2::55,PAIRED_BOYDEN::paired_boyden32c::1103_1_1,PAIRED_BOYDEN,0.3333333333333333,0.19791056,0.1354227711757024
main,fpos,wf_acg_embed_anchor_stack_xgboost,signal_embedding_stack,xgboost_default,PAIRED_BOYDEN::paired_boyden32c::1103_1_1::KiloSort2::60,PAIRED_BOYDEN::paired_boyden32c::1103_1_1,PAIRED_BOYDEN,0.15878378378378377,0.10204042,0.05674336629139409
main,fpos,wf_acg_embed_anchor_stack_xgboost,signal_embedding_stack,xgboost_default,PAIRED_BOYDEN::paired_boyden32c::1103_1_1::Klusta::12,PAIRED_BOYDEN::paired_boyden32c::1103_1_1,PAIRED_BOYDEN,0.156686626746507,0.19766827,0.04098164253011197
main,fpos,wf_acg_embed_anchor_stack_xgboost,signal_embedding_stack,xgboost_default,PAIRED_BOYDEN::paired_boyden32c::1103_1_1::MountainSort4::26,PAIRED_BOYDEN::paired_boyden32c::1103_1_1,PAIRED_BOYDEN,0.30532212885154064,0.3210877,0.0157655593560857
main,fpos,wf_acg_embed_anchor_stack_xgboost,signal_embedding_stack,xgboost_default,PAIRED_BOYDEN::paired_boyden32c::1103_1_1::SpykingCircus::27,PAIRED_BOYDEN::paired_boyden32c::1103_1_1,PAIRED_BOYDEN,0.12258064516129032,0.1676066,0.045025961918215604
main,fpos,wf_acg_embed_anchor_stack_xgboost,signal_embedding_stack,xgboost_default,PAIRED_BOYDEN::paired_boyden32c::1103_1_1::Tridesclous::3,PAIRED_BOYDEN::paired_boyden32c::1103_1_1,PAIRED_BOYDEN,0.2613268608414239,0.3476887,0.08636184388765628
main,fpos,wf_acg_embed_anchor_stack_xgboost,signal_embedding_stack,xgboost_default,PAIRED_BOYDEN::paired_boyden32c::419_1_8::IronClust::14,PAIRED_BOYDEN::paired_boyden32c::419_1_8,PAIRED_BOYDEN,0.0663265306122449,0.0474758,0.01885073069407016
main,fpos,wf_acg_embed_anchor_stack_xgboost,signal_embedding_stack,xgboost_default,PAIRED_BOYDEN::paired_boyden32c::419_1_8::IronClust::4,PAIRED_BOYDEN::paired_boyden32c::419_1_8,PAIRED_BOYDEN,0.05829903978052126,0.054524884,0.003774156152629722
main,fpos,wf_acg_embed_anchor_stack_xgboost,signal_embedding_stack,xgboost_default,PAIRED_BOYDEN::paired_boyden32c::419_1_8::JRClust::24,PAIRED_BOYDEN::paired_boyden32c::419_1_8,PAIRED_BOYDEN,0.08062093139709564,0.026958032,0.05366289981724354
main,fpos,wf_acg_embed_anchor_stack_xgboost,signal_embedding_stack,xgboost_default,PAIRED_BOYDEN::paired_boyden32c::419_1_8::JRClust::8,PAIRED_BOYDEN::paired_boyden32c::419_1_8,PAIRED_BOYDEN,0.03907637655417407,0.04249733,0.003420952859716768
main,fpos,wf_acg_embed_anchor_stack_xgboost,signal_embedding_stack,xgboost_default,PAIRED_BOYDEN::paired_boyden32c::419_1_8::KiloSort::17,PAIRED_BOYDEN::paired_boyden32c::419_1_8,PAIRED_BOYDEN,0.06424161521775405,0.025564717,0.03867689808888118
main,fpos,wf_acg_embed_anchor_stack_xgboost,signal_embedding_stack,xgboost_default,PAIRED_BOYDEN::paired_boyden32c::419_1_8::KiloSort2::27,PAIRED_BOYDEN::paired_boyden32c::419_1_8,PAIRED_BOYDEN,0.1342059838895282,0.048998915,0.08520706923050492
main,fpos,wf_acg_embed_anchor_stack_xgboost,signal_embedding_stack,xgboost_default,PAIRED_BOYDEN::paired_boyden32c::419_1_8::KiloSort2::46,PAIRED_BOYDEN::paired_boyden32c::419_1_8,PAIRED_BOYDEN,0.02341480088873697,0.02042246,0.002992340377410179
main,fpos,wf_acg_embed_anchor_stack_xgboost,signal_embedding_stack,xgboost_default,PAIRED_BOYDEN::paired_boyden32c::419_1_8::MountainSort4::42,PAIRED_BOYDEN::paired_boyden32c::419_1_8,PAIRED_BOYDEN,0.16482219271063892,0.11027738,0.054544815641642486
main,fpos,wf_acg_embed_anchor_stack_xgboost,signal_embedding_stack,xgboost_default,PAIRED_BOYDEN::paired_boyden32c::419_1_8::SpykingCircus::24,PAIRED_BOYDEN::paired_boyden32c::419_1_8,PAIRED_BOYDEN,0.24721080446271285,0.14588122,0.10132958376435622
main,fpos,wf_acg_embed_anchor_stack_xgboost,signal_embedding_stack,xgboost_default,PAIRED_BOYDEN::paired_boyden32c::419_1_8::SpykingCircus::28,PAIRED_BOYDEN::paired_boyden32c::419_1_8,PAIRED_BOYDEN,0.029543112332531776,0.016159164,0.01338394854457077
main,fpos,wf_acg_embed_anchor_stack_xgboost,signal_embedding_stack,xgboost_default,PAIRED_BOYDEN::paired_boyden32c::419_1_8::Tridesclous::0,PAIRED_BOYDEN::paired_boyden32c::419_1_8,PAIRED_BOYDEN,0.15585806056898133,0.141277,0.014581060260944523
main,fpos,wf_acg_embed_anchor_stack_xgboost,signal_embedding_stack,xgboost_default,PAIRED_CRCNS_HC1::paired_crcns::d11221_d11221.001::SpykingCircus::6,PAIRED_CRCNS_HC1::paired_crcns::d11221_d11221.001,PAIRED_CRCNS_HC1,0.8835978835978836,0.39740968,0.48618820609239044
main,fpos,wf_acg_embed_anchor_stack_xgboost,signal_embedding_stack,xgboost_default,PAIRED_CRCNS_HC1::paired_crcns::d11222_d11222.002::IronClust::2,PAIRED_CRCNS_HC1::paired_crcns::d11222_d11222.002,PAIRED_CRCNS_HC1,0.04466019417475728,0.18687151,0.1422113195495698
main,fpos,wf_acg_embed_anchor_stack_xgboost,signal_embedding_stack,xgboost_default,PAIRED_CRCNS_HC1::paired_crcns::d11222_d11222.002::JRClust::3,PAIRED_CRCNS_HC1::paired_crcns::d11222_d11222.002,PAIRED_CRCNS_HC1,0.039337474120082816,0.05930794,0.01997046618419651
main,fpos,wf_acg_embed_anchor_stack_xgboost,signal_embedding_stack,xgboost_default,PAIRED_CRCNS_HC1::paired_crcns::d11222_d11222.002::KiloSort::1,PAIRED_CRCNS_HC1::paired_crcns::d11222_d11222.002,PAIRED_CRCNS_HC1,0.03337783711615487,0.08091857,0.04754073572691993
main,fpos,wf_acg_embed_anchor_stack_xgboost,signal_embedding_stack,xgboost_default,PAIRED_CRCNS_HC1::paired_crcns::d11222_d11222.002::KiloSort2::10,PAIRED_CRCNS_HC1::paired_crcns::d11222_d11222.002,PAIRED_CRCNS_HC1,0.550417469492614,0.08162651,0.46879095738238075
main,fpos,wf_acg_embed_anchor_stack_xgboost,signal_embedding_stack,xgboost_default,PAIRED_CRCNS_HC1::paired_crcns::d11222_d11222.002::Klusta::2,PAIRED_CRCNS_HC1::paired_crcns::d11222_d11222.002,PAIRED_CRCNS_HC1,0.008777852802160702,0.054661658,0.04588380485903887
main,fpos,wf_acg_embed_anchor_stack_xgboost,signal_embedding_stack,xgboost_default,PAIRED_CRCNS_HC1::paired_crcns::d11222_d11222.002::MountainSort4::4,PAIRED_CRCNS_HC1::paired_crcns::d11222_d11222.002,PAIRED_CRCNS_HC1,0.360427807486631,0.26885426,0.09157354704198989
main,fpos,wf_acg_embed_anchor_stack_xgboost,signal_embedding_stack,xgboost_default,PAIRED_CRCNS_HC1::paired_crcns::d11222_d11222.002::SpykingCircus::4,PAIRED_CRCNS_HC1::paired_crcns::d11222_d11222.002,PAIRED_CRCNS_HC1,0.11986754966887417,0.06005322,0.05981433151277485
main,fpos,wf_acg_embed_anchor_stack_xgboost,signal_embedding_stack,xgboost_default,PAIRED_CRCNS_HC1::paired_crcns::d11222_d11222.002::Tridesclous::0,PAIRED_CRCNS_HC1::paired_crcns::d11222_d11222.002,PAIRED_CRCNS_HC1,0.021164021164021163,0.09598616,0.07482213649169478
main,fpos,wf_acg_embed_anchor_stack_xgboost,signal_embedding_stack,xgboost_default,PAIRED_ENGLISH::paired_english::m139_200114_191955::KiloSort2::25,PAIRED_ENGLISH::paired_english::m139_200114_191955,PAIRED_ENGLISH,0.7302739726027397,0.39152277,0.3387512074431328
main,fpos,wf_acg_embed_anchor_stack_xgboost,signal_embedding_stack,xgboost_default,PAIRED_ENGLISH::paired_english::m139_200114_191955::MountainSort4::36,PAIRED_ENGLISH::paired_english::m139_200114_191955,PAIRED_ENGLISH,0.8735255086994986,0.5408908,0.3326346958256583
main,fpos,wf_acg_embed_anchor_stack_xgboost,signal_embedding_stack,xgboost_default,PAIRED_ENGLISH::paired_english::m139_200114_191955::SpykingCircus::42,PAIRED_ENGLISH::paired_english::m139_200114_191955,PAIRED_ENGLISH,0.5584045584045584,0.32629544,0.232109122975939
main,fpos,wf_acg_embed_anchor_stack_xgboost,signal_embedding_stack,xgboost_default,PAIRED_ENGLISH::paired_english::m139_200114_222743::HerdingSpikes2::5,PAIRED_ENGLISH::paired_english::m139_200114_222743,PAIRED_ENGLISH,0.03257707969749855,0.15969357,0.1271164892474325
main,fpos,wf_acg_embed_anchor_stack_xgboost,signal_embedding_stack,xgboost_default,PAIRED_ENGLISH::paired_english::m139_200114_222743::IronClust::17,PAIRED_ENGLISH::paired_english::m139_200114_222743,PAIRED_ENGLISH,0.02675196277987787,0.10720077,0.08044880879032781
main,fpos,wf_acg_embed_anchor_stack_xgboost,signal_embedding_stack,xgboost_default,PAIRED_ENGLISH::paired_english::m139_200114_222743::KiloSort::88,PAIRED_ENGLISH::paired_english::m139_200114_222743,PAIRED_ENGLISH,0.015151515151515152,0.13163678,0.11648526832912907
main,fpos,wf_acg_embed_anchor_stack_xgboost,signal_embedding_stack,xgboost_default,PAIRED_ENGLISH::paired_english::m139_200114_222743::KiloSort2::26,PAIRED_ENGLISH::paired_english::m139_200114_222743,PAIRED_ENGLISH,0.028645087367516472,0.118969984,0.09032489698507218
main,fpos,wf_acg_embed_anchor_stack_xgboost,signal_embedding_stack,xgboost_default,PAIRED_ENGLISH::paired_english::m139_200114_222743::MountainSort4::46,PAIRED_ENGLISH::paired_english::m139_200114_222743,PAIRED_ENGLISH,0.039886039886039885,0.3241316,0.2842455681232985
main,fpos,wf_acg_embed_anchor_stack_xgboost,signal_embedding_stack,xgboost_default,PAIRED_ENGLISH::paired_english::m139_200114_222743::SpykingCircus::44,PAIRED_ENGLISH::paired_english::m139_200114_222743,PAIRED_ENGLISH,0.028064146620847653,0.09024886,0.06218471379794889
main,fpos,wf_acg_embed_anchor_stack_xgboost,signal_embedding_stack,xgboost_default,PAIRED_ENGLISH::paired_english::m139_200114_222743::Tridesclous::1,PAIRED_ENGLISH::paired_english::m139_200114_222743,PAIRED_ENGLISH,0.3089646722483153,0.3280083,0.019043621857214477
main,fpos,wf_acg_embed_anchor_stack_xgboost,signal_embedding_stack,xgboost_default,PAIRED_ENGLISH::paired_english::m14_190326_155432::IronClust::22,PAIRED_ENGLISH::paired_english::m14_190326_155432,PAIRED_ENGLISH,0.0481651376146789,0.034003373,0.014161764379214806
main,fpos,wf_acg_embed_anchor_stack_xgboost,signal_embedding_stack,xgboost_default,PAIRED_ENGLISH::paired_english::m14_190326_155432::MountainSort4::33,PAIRED_ENGLISH::paired_english::m14_190326_155432,PAIRED_ENGLISH,0.1981651376146789,0.38564724,0.1874820996861939
main,fpos,wf_acg_embed_anchor_stack_xgboost,signal_embedding_stack,xgboost_default,PAIRED_ENGLISH::paired_english::m14_190326_155432::SpykingCircus::38,PAIRED_ENGLISH::paired_english::m14_190326_155432,PAIRED_ENGLISH,0.013363028953229399,0.03848466,0.02512163009270528
main,fpos,wf_acg_embed_anchor_stack_xgboost,signal_embedding_stack,xgboost_default,PAIRED_ENGLISH::paired_english::m15_190315_142052_cell1::IronClust::40,PAIRED_ENGLISH::paired_english::m15_190315_142052_cell1,PAIRED_ENGLISH,0.2679960401640503,0.3017981,0.033802065075817844
main,fpos,wf_acg_embed_anchor_stack_xgboost,signal_embedding_stack,xgboost_default,PAIRED_ENGLISH::paired_english::m15_190315_142052_cell1::KiloSort2::48,PAIRED_ENGLISH::paired_english::m15_190315_142052_cell1,PAIRED_ENGLISH,0.8627861694595232,0.35994288,0.5028432862064257
main,fpos,wf_acg_embed_anchor_stack_xgboost,signal_embedding_stack,xgboost_default,PAIRED_ENGLISH::paired_english::m15_190315_142052_cell1::MountainSort4::62,PAIRED_ENGLISH::paired_english::m15_190315_142052_cell1,PAIRED_ENGLISH,0.8769885383524361,0.47986826,0.39712027534622574
main,fpos,wf_acg_embed_anchor_stack_xgboost,signal_embedding_stack,xgboost_default,PAIRED_ENGLISH::paired_english::m15_190315_142052_cell1::MountainSort4::64,PAIRED_ENGLISH::paired_english::m15_190315_142052_cell1,PAIRED_ENGLISH,0.14704761904761904,0.15856197,0.011514355716251201
main,fpos,wf_acg_embed_anchor_stack_xgboost,signal_embedding_stack,xgboost_default,PAIRED_ENGLISH::paired_english::m15_190315_142052_cell1::SpykingCircus::22,PAIRED_ENGLISH::paired_english::m15_190315_142052_cell1,PAIRED_ENGLISH,0.23500526131182042,0.4701991,0.23519384681195887
main,fpos,wf_acg_embed_anchor_stack_xgboost,signal_embedding_stack,xgboost_default,PAIRED_ENGLISH::paired_english::m15_190315_142052_cell1::SpykingCircus::57,PAIRED_ENGLISH::paired_english::m15_190315_142052_cell1,PAIRED_ENGLISH,0.6499202551834131,0.27648333,0.37343692803306827
main,fpos,wf_acg_embed_anchor_stack_xgboost,signal_embedding_stack,xgboost_default,PAIRED_ENGLISH::paired_english::m15_190315_152315_cell1::IronClust::35,PAIRED_ENGLISH::paired_english::m15_190315_152315_cell1,PAIRED_ENGLISH,0.002592440987856461,0.0545217,0.0519292575168299
main,fpos,wf_acg_embed_anchor_stack_xgboost,signal_embedding_stack,xgboost_default,PAIRED_ENGLISH::paired_english::m15_190315_152315_cell1::KiloSort::1,PAIRED_ENGLISH::paired_english::m15_190315_152315_cell1,PAIRED_ENGLISH,6.528267397832615e-05,0.061433595,0.06136831199989367
main,fpos,wf_acg_embed_anchor_stack_xgboost,signal_embedding_stack,xgboost_default,PAIRED_ENGLISH::paired_english::m15_190315_152315_cell1::KiloSort2::37,PAIRED_ENGLISH::paired_english::m15_190315_152315_cell1,PAIRED_ENGLISH,0.00039059957034047265,0.061025612,0.060635012485914866
main,fpos,wf_acg_embed_anchor_stack_xgboost,signal_embedding_stack,xgboost_default,PAIRED_ENGLISH::paired_english::m15_190315_152315_cell1::MountainSort4::72,PAIRED_ENGLISH::paired_english::m15_190315_152315_cell1,PAIRED_ENGLISH,0.052174468356855484,0.23419473,0.18202025739502134
main,fpos,wf_acg_embed_anchor_stack_xgboost,signal_embedding_stack,xgboost_default,PAIRED_ENGLISH::paired_english::m15_190315_152315_cell1::SpykingCircus::46,PAIRED_ENGLISH::paired_english::m15_190315_152315_cell1,PAIRED_ENGLISH,0.010891280531030483,0.046674147,0.03578286671723764
main,fpos,wf_acg_embed_anchor_stack_xgboost,signal_embedding_stack,xgboost_default,PAIRED_ENGLISH::paired_english::m15_190315_152315_cell1::Tridesclous::0,PAIRED_ENGLISH::paired_english::m15_190315_152315_cell1,PAIRED_ENGLISH,0.8482136225209834,0.4064954,0.44171823019844314
main,fpos,wf_acg_embed_anchor_stack_xgboost,signal_embedding_stack,xgboost_default,PAIRED_ENGLISH::paired_english::m26_190524_100859_cell1::KiloSort::19,PAIRED_ENGLISH::paired_english::m26_190524_100859_cell1,PAIRED_ENGLISH,0.2440677966101695,0.13050823,0.11355956747370252
main,fpos,wf_acg_embed_anchor_stack_xgboost,signal_embedding_stack,xgboost_default,PAIRED_ENGLISH::paired_english::m26_190524_100859_cell1::KiloSort::8,PAIRED_ENGLISH::paired_english::m26_190524_100859_cell1,PAIRED_ENGLISH,0.6505139500734214,0.1731068,0.47740714558333197
main,fpos,wf_acg_embed_anchor_stack_xgboost,signal_embedding_stack,xgboost_default,PAIRED_ENGLISH::paired_english::m26_190524_100859_cell1::KiloSort2::0,PAIRED_ENGLISH::paired_english::m26_190524_100859_cell1,PAIRED_ENGLISH,0.38315988647114474,0.29508474,0.08807514177929598
main,fpos,wf_acg_embed_anchor_stack_xgboost,signal_embedding_stack,xgboost_default,PAIRED_ENGLISH::paired_english::m57_191105_141906::IronClust::6,PAIRED_ENGLISH::paired_english::m57_191105_141906,PAIRED_ENGLISH,0.31826625386996904,0.287551,0.03071526805682817
main,fpos,wf_acg_embed_anchor_stack_xgboost,signal_embedding_stack,xgboost_default,PAIRED_ENGLISH::paired_english::m57_191105_141906::KiloSort::47,PAIRED_ENGLISH::paired_english::m57_191105_141906,PAIRED_ENGLISH,0.35376344086021505,0.36708283,0.013319393383559364
main,fpos,wf_acg_embed_anchor_stack_xgboost,signal_embedding_stack,xgboost_default,PAIRED_ENGLISH::paired_english::m57_191105_141906::MountainSort4::21,PAIRED_ENGLISH::paired_english::m57_191105_141906,PAIRED_ENGLISH,0.3323335332933413,0.49636146,0.16402793096866736
main,fpos,wf_acg_embed_anchor_stack_xgboost,signal_embedding_stack,xgboost_default,PAIRED_ENGLISH::paired_english::m57_191105_141906::MountainSort4::57,PAIRED_ENGLISH::paired_english::m57_191105_141906,PAIRED_ENGLISH,0.23853211009174313,0.33304942,0.09451730645031009
main,fpos,wf_acg_embed_anchor_stack_xgboost,signal_embedding_stack,xgboost_default,PAIRED_ENGLISH::paired_english::m57_191105_141906::SpykingCircus::12,PAIRED_ENGLISH::paired_english::m57_191105_141906,PAIRED_ENGLISH,0.3535228677379481,0.30458185,0.04894101697081249
main,fpos,wf_acg_embed_anchor_stack_xgboost,signal_embedding_stack,xgboost_default,PAIRED_ENGLISH::paired_english::m57_191105_141906::SpykingCircus::30,PAIRED_ENGLISH::paired_english::m57_191105_141906,PAIRED_ENGLISH,0.2040332147093713,0.14922561,0.054807607194989894
main,fpos,wf_acg_embed_anchor_stack_xgboost,signal_embedding_stack,xgboost_default,PAIRED_ENGLISH::paired_english::m57_191105_160026::HerdingSpikes2::1,PAIRED_ENGLISH::paired_english::m57_191105_160026,PAIRED_ENGLISH,0.13630229419703105,0.20589116,0.06958886796002767
main,fpos,wf_acg_embed_anchor_stack_xgboost,signal_embedding_stack,xgboost_default,PAIRED_ENGLISH::paired_english::m57_191105_160026::IronClust::2,PAIRED_ENGLISH::paired_english::m57_191105_160026,PAIRED_ENGLISH,0.5044008124576845,0.19631161,0.30808920450079824
main,fpos,wf_acg_embed_anchor_stack_xgboost,signal_embedding_stack,xgboost_default,PAIRED_ENGLISH::paired_english::m57_191105_160026::IronClust::3,PAIRED_ENGLISH::paired_english::m57_191105_160026,PAIRED_ENGLISH,0.05838815789473684,0.20086408,0.14247591871964305
main,fpos,wf_acg_embed_anchor_stack_xgboost,signal_embedding_stack,xgboost_default,PAIRED_ENGLISH::paired_english::m57_191105_160026::KiloSort::127,PAIRED_ENGLISH::paired_english::m57_191105_160026,PAIRED_ENGLISH,0.5003422313483915,0.30492362,0.1954186075481138
main,fpos,wf_acg_embed_anchor_stack_xgboost,signal_embedding_stack,xgboost_default,PAIRED_ENGLISH::paired_english::m57_191105_160026::KiloSort::6,PAIRED_ENGLISH::paired_english::m57_191105_160026,PAIRED_ENGLISH,0.02531645569620253,0.19442546,0.1691090079802501
main,fpos,wf_acg_embed_anchor_stack_xgboost,signal_embedding_stack,xgboost_default,PAIRED_ENGLISH::paired_english::m57_191105_160026::MountainSort4::23,PAIRED_ENGLISH::paired_english::m57_191105_160026,PAIRED_ENGLISH,0.6737967914438503,0.17557059,0.4982261991596477
main,fpos,wf_acg_embed_anchor_stack_xgboost,signal_embedding_stack,xgboost_default,PAIRED_ENGLISH::paired_english::m57_191105_160026::MountainSort4::25,PAIRED_ENGLISH::paired_english::m57_191105_160026,PAIRED_ENGLISH,0.14568081991215226,0.27649638,0.1308155606553984
main,fpos,wf_acg_embed_anchor_stack_xgboost,signal_embedding_stack,xgboost_default,PAIRED_ENGLISH::paired_english::m57_191105_160026::SpykingCircus::2,PAIRED_ENGLISH::paired_english::m57_191105_160026,PAIRED_ENGLISH,0.6860282574568289,0.41803497,0.2679932866964835
main,fpos,wf_acg_embed_anchor_stack_xgboost,signal_embedding_stack,xgboost_default,PAIRED_ENGLISH::paired_english::m57_191105_160026::SpykingCircus::4,PAIRED_ENGLISH::paired_english::m57_191105_160026,PAIRED_ENGLISH,0.056790123456790124,0.2130654,0.1562752772628525
main,fpos,wf_acg_embed_anchor_stack_xgboost,signal_embedding_stack,xgboost_default,PAIRED_ENGLISH::paired_english::m57_191105_160026::Tridesclous::0,PAIRED_ENGLISH::paired_english::m57_191105_160026,PAIRED_ENGLISH,0.8589226823012093,0.4790899,0.37983279635112077
main,fpos,wf_acg_embed_anchor_stack_xgboost,signal_embedding_stack,xgboost_default,PAIRED_KAMPFF::paired_kampff::c14::HerdingSpikes2::6,PAIRED_KAMPFF::paired_kampff::c14,PAIRED_KAMPFF,0.25090444775484144,0.09809767,0.1528067806567961
main,fpos,wf_acg_embed_anchor_stack_xgboost,signal_embedding_stack,xgboost_default,PAIRED_KAMPFF::paired_kampff::c14::IronClust::22,PAIRED_KAMPFF::paired_kampff::c14,PAIRED_KAMPFF,0.2240655987795576,0.10737115,0.11669444733226145
main,fpos,wf_acg_embed_anchor_stack_xgboost,signal_embedding_stack,xgboost_default,PAIRED_KAMPFF::paired_kampff::c14::KiloSort2::37,PAIRED_KAMPFF::paired_kampff::c14,PAIRED_KAMPFF,0.23899885489939474,0.11563703,0.12336182817219518
main,fpos,wf_acg_embed_anchor_stack_xgboost,signal_embedding_stack,xgboost_default,PAIRED_KAMPFF::paired_kampff::c14::MountainSort4::42,PAIRED_KAMPFF::paired_kampff::c14,PAIRED_KAMPFF,0.031842105263157894,0.035014205,0.0031720994177617534
main,fpos,wf_acg_embed_anchor_stack_xgboost,signal_embedding_stack,xgboost_default,PAIRED_KAMPFF::paired_kampff::c14::SpykingCircus::14,PAIRED_KAMPFF::paired_kampff::c14,PAIRED_KAMPFF,0.0993841579953281,0.06295862,0.03642553750668445
main,fpos,wf_acg_embed_anchor_stack_xgboost,signal_embedding_stack,xgboost_default,PAIRED_KAMPFF::paired_kampff::c14::Tridesclous::8,PAIRED_KAMPFF::paired_kampff::c14,PAIRED_KAMPFF,0.7298130782302221,0.5342388,0.19557426292260494
main,fpos,wf_acg_embed_anchor_stack_xgboost,signal_embedding_stack,xgboost_default,PAIRED_MEA64C_YGER::paired_mea64c::20170622_patch1::HerdingSpikes2::19,PAIRED_MEA64C_YGER::paired_mea64c::20170622_patch1,PAIRED_MEA64C_YGER,0.3048016701461378,0.24585001,0.05895165843978556
main,fpos,wf_acg_embed_anchor_stack_xgboost,signal_embedding_stack,xgboost_default,PAIRED_MEA64C_YGER::paired_mea64c::20170622_patch1::HerdingSpikes2::7,PAIRED_MEA64C_YGER::paired_mea64c::20170622_patch1,PAIRED_MEA64C_YGER,0.006430868167202572,0.01759771,0.011166842546541591
main,fpos,wf_acg_embed_anchor_stack_xgboost,signal_embedding_stack,xgboost_default,PAIRED_MEA64C_YGER::paired_mea64c::20170622_patch1::IronClust::8,PAIRED_MEA64C_YGER::paired_mea64c::20170622_patch1,PAIRED_MEA64C_YGER,0.32512992968511156,0.116679706,0.2084502240056949
main,fpos,wf_acg_embed_anchor_stack_xgboost,signal_embedding_stack,xgboost_default,PAIRED_MEA64C_YGER::paired_mea64c::20170622_patch1::KiloSort::64,PAIRED_MEA64C_YGER::paired_mea64c::20170622_patch1,PAIRED_MEA64C_YGER,0.00022805017103762827,0.01401769,0.013789639802078292
main,fpos,wf_acg_embed_anchor_stack_xgboost,signal_embedding_stack,xgboost_default,PAIRED_MEA64C_YGER::paired_mea64c::20170622_patch1::KiloSort2::23,PAIRED_MEA64C_YGER::paired_mea64c::20170622_patch1,PAIRED_MEA64C_YGER,0.0,0.014070213,0.014070212841033936
main,fpos,wf_acg_embed_anchor_stack_xgboost,signal_embedding_stack,xgboost_default,PAIRED_MEA64C_YGER::paired_mea64c::20170622_patch1::Klusta::4,PAIRED_MEA64C_YGER::paired_mea64c::20170622_patch1,PAIRED_MEA64C_YGER,0.0050424628450106155,0.02287542,0.017832957904176855
main,fpos,wf_acg_embed_anchor_stack_xgboost,signal_embedding_stack,xgboost_default,PAIRED_MEA64C_YGER::paired_mea64c::20170622_patch1::MountainSort4::43,PAIRED_MEA64C_YGER::paired_mea64c::20170622_patch1,PAIRED_MEA64C_YGER,0.0040494938132733405,0.016523078,0.012473584270718664
main,fpos,wf_acg_embed_anchor_stack_xgboost,signal_embedding_stack,xgboost_default,PAIRED_MEA64C_YGER::paired_mea64c::20170622_patch1::SpykingCircus::18,PAIRED_MEA64C_YGER::paired_mea64c::20170622_patch1,PAIRED_MEA64C_YGER,0.00022079929344226098,0.010849354,0.010628554563896168
main,fpos,wf_acg_embed_anchor_stack_xgboost,signal_embedding_stack,xgboost_default,PAIRED_MEA64C_YGER::paired_mea64c::20170622_patch1::Tridesclous::12,PAIRED_MEA64C_YGER::paired_mea64c::20170622_patch1,PAIRED_MEA64C_YGER,0.013830024537140308,0.02192859,0.008098565253919186
main,fpos,wf_acg_embed_anchor_stack_xgboost,signal_embedding_stack,xgboost_default,PAIRED_MEA64C_YGER::paired_mea64c::20170622_patch2::HerdingSpikes2::16,PAIRED_MEA64C_YGER::paired_mea64c::20170622_patch2,PAIRED_MEA64C_YGER,0.18683274021352314,0.07033972,0.11649302324260258
main,fpos,wf_acg_embed_anchor_stack_xgboost,signal_embedding_stack,xgboost_default,PAIRED_MEA64C_YGER::paired_mea64c::20170622_patch2::HerdingSpikes2::44,PAIRED_MEA64C_YGER::paired_mea64c::20170622_patch2,PAIRED_MEA64C_YGER,0.4028520499108734,0.08748765,0.31536439701303864
main,fpos,wf_acg_embed_anchor_stack_xgboost,signal_embedding_stack,xgboost_default,PAIRED_MEA64C_YGER::paired_mea64c::20170622_patch2::HerdingSpikes2::5,PAIRED_MEA64C_YGER::paired_mea64c::20170622_patch2,PAIRED_MEA64C_YGER,0.06115992970123023,0.0021783402,0.05898158948226899
main,fpos,wf_acg_embed_anchor_stack_xgboost,signal_embedding_stack,xgboost_default,PAIRED_MEA64C_YGER::paired_mea64c::20170622_patch2::IronClust::11,PAIRED_MEA64C_YGER::paired_mea64c::20170622_patch2,PAIRED_MEA64C_YGER,0.061366806136680614,0.0013974973,0.05996930888318814
main,fpos,wf_acg_embed_anchor_stack_xgboost,signal_embedding_stack,xgboost_default,PAIRED_MEA64C_YGER::paired_mea64c::20170622_patch2::JRClust::31,PAIRED_MEA64C_YGER::paired_mea64c::20170622_patch2,PAIRED_MEA64C_YGER,0.06118881118881119,0.0019460133,0.05924279788440628
main,fpos,wf_acg_embed_anchor_stack_xgboost,signal_embedding_stack,xgboost_default,PAIRED_MEA64C_YGER::paired_mea64c::20170622_patch2::KiloSort::5,PAIRED_MEA64C_YGER::paired_mea64c::20170622_patch2,PAIRED_MEA64C_YGER,0.06143106457242583,0.0027686383,0.058662426261471855
main,fpos,wf_acg_embed_anchor_stack_xgboost,signal_embedding_stack,xgboost_default,PAIRED_MEA64C_YGER::paired_mea64c::20170622_patch2::KiloSort2::33,PAIRED_MEA64C_YGER::paired_mea64c::20170622_patch2,PAIRED_MEA64C_YGER,0.061409630146545706,0.002705474,0.058704156228077946
main,fpos,wf_acg_embed_anchor_stack_xgboost,signal_embedding_stack,xgboost_default,PAIRED_MEA64C_YGER::paired_mea64c::20170622_patch2::Klusta::14,PAIRED_MEA64C_YGER::paired_mea64c::20170622_patch2,PAIRED_MEA64C_YGER,0.05860349127182045,0.0020594746,0.05654401668437996
main,fpos,wf_acg_embed_anchor_stack_xgboost,signal_embedding_stack,xgboost_default,PAIRED_MEA64C_YGER::paired_mea64c::20170622_patch2::MountainSort4::31,PAIRED_MEA64C_YGER::paired_mea64c::20170622_patch2,PAIRED_MEA64C_YGER,0.07713404182379156,0.0061456193,0.07098842250217706
main,fpos,wf_acg_embed_anchor_stack_xgboost,signal_embedding_stack,xgboost_default,PAIRED_MEA64C_YGER::paired_mea64c::20170622_patch2::SpykingCircus::17,PAIRED_MEA64C_YGER::paired_mea64c::20170622_patch2,PAIRED_MEA64C_YGER,0.061366806136680614,0.0025542122,0.0588125939054916
main,fpos,wf_acg_embed_anchor_stack_xgboost,signal_embedding_stack,xgboost_default,PAIRED_MEA64C_YGER::paired_mea64c::20170622_patch2::Tridesclous::0,PAIRED_MEA64C_YGER::paired_mea64c::20170622_patch2,PAIRED_MEA64C_YGER,0.061366806136680614,0.0014269338,0.059939872337741625
